     shots,    errors,  discards, seconds,decoder,strong_id,json_metadata,custom_counts
         1,         1,         0,   0.014,exact_mw,14059eecea5f7bdc562c01e7682d53b775a747f80d40379178915ac673e3b6bb,"{""distance"":5,""physical_error_rate"":0.5}","{""detection_events"":114,""detectors_checked"":224,""obs_mistake_mask=E"":1}"
         1,         0,         0,   0.013,exact_mw,bb90ec3459e353008cf9a5bb9142bf1e8515517a9e167021b225104594e48e8a,"{""distance"":5,""physical_error_rate"":0.001}","{""detection_events"":2,""detectors_checked"":224}"
      1296,         0,         0,   0.021,exact_mw,bb90ec3459e353008cf9a5bb9142bf1e8515517a9e167021b225104594e48e8a,"{""distance"":5,""physical_error_rate"":0.001}","{""detection_events"":1271,""detectors_checked"":290304}"
        16,        11,         0,   0.136,exact_mw,14059eecea5f7bdc562c01e7682d53b775a747f80d40379178915ac673e3b6bb,"{""distance"":5,""physical_error_rate"":0.5}","{""detection_events"":1787,""detectors_checked"":3584,""obs_mistake_mask=E"":11}"
      2048,         0,         0,   0.028,exact_mw,bb90ec3459e353008cf9a5bb9142bf1e8515517a9e167021b225104594e48e8a,"{""distance"":5,""physical_error_rate"":0.001}","{""detection_events"":2027,""detectors_checked"":458752}"
         1,         0,         0,   0.014,exact_mw,70a969f5042aec17ac076c6379f4170fb7c69b8e925756ef3b7334e28a33338b,"{""distance"":5,""physical_error_rate"":0.0001}","{""detectors_checked"":224}"
      2320,         0,         0,   0.008,exact_mw,70a969f5042aec17ac076c6379f4170fb7c69b8e925756ef3b7334e28a33338b,"{""distance"":5,""physical_error_rate"":0.0001}","{""detection_events"":229,""detectors_checked"":519680}"
      1024,         0,         0,   0.024,exact_mw,bb90ec3459e353008cf9a5bb9142bf1e8515517a9e167021b225104594e48e8a,"{""distance"":5,""physical_error_rate"":0.001}","{""detection_events"":1022,""detectors_checked"":229376}"
      3345,         0,         0,   0.011,exact_mw,f32ebecd8e105e50ec838d33c5ed9b45444b6b44a3c6ac541111079f2b14e893,"{""distance"":5,""physical_error_rate"":5e-05}","{""detection_events"":154,""detectors_checked"":749280}"
      5120,         0,         0,   0.029,exact_mw,70a969f5042aec17ac076c6379f4170fb7c69b8e925756ef3b7334e28a33338b,"{""distance"":5,""physical_error_rate"":0.0001}","{""detection_events"":481,""detectors_checked"":1146880}"
      2048,         0,         0,   0.006,exact_mw,f32ebecd8e105e50ec838d33c5ed9b45444b6b44a3c6ac541111079f2b14e893,"{""distance"":5,""physical_error_rate"":5e-05}","{""detection_events"":101,""detectors_checked"":458752}"
      2048,         0,         0,   0.019,exact_mw,f32ebecd8e105e50ec838d33c5ed9b45444b6b44a3c6ac541111079f2b14e893,"{""distance"":5,""physical_error_rate"":5e-05}","{""detection_events"":122,""detectors_checked"":458752}"
      6144,         0,         0,   0.033,exact_mw,70a969f5042aec17ac076c6379f4170fb7c69b8e925756ef3b7334e28a33338b,"{""distance"":5,""physical_error_rate"":0.0001}","{""detection_events"":637,""detectors_checked"":1376256}"
      3072,         0,         0,   0.059,exact_mw,bb90ec3459e353008cf9a5bb9142bf1e8515517a9e167021b225104594e48e8a,"{""distance"":5,""physical_error_rate"":0.001}","{""detection_events"":2908,""detectors_checked"":688128}"
      5120,         0,         0,   0.029,exact_mw,f32ebecd8e105e50ec838d33c5ed9b45444b6b44a3c6ac541111079f2b14e893,"{""distance"":5,""physical_error_rate"":5e-05}","{""detection_events"":305,""detectors_checked"":1146880}"
      8192,         0,         0,   0.051,exact_mw,70a969f5042aec17ac076c6379f4170fb7c69b8e925756ef3b7334e28a33338b,"{""distance"":5,""physical_error_rate"":0.0001}","{""detection_events"":773,""detectors_checked"":1835008}"
      8192,         0,         0,   0.038,exact_mw,f32ebecd8e105e50ec838d33c5ed9b45444b6b44a3c6ac541111079f2b14e893,"{""distance"":5,""physical_error_rate"":5e-05}","{""detection_events"":342,""detectors_checked"":1835008}"
      3072,         0,         0,   0.080,exact_mw,bb90ec3459e353008cf9a5bb9142bf1e8515517a9e167021b225104594e48e8a,"{""distance"":5,""physical_error_rate"":0.001}","{""detection_events"":3064,""detectors_checked"":688128}"
      9216,         0,         0,   0.054,exact_mw,70a969f5042aec17ac076c6379f4170fb7c69b8e925756ef3b7334e28a33338b,"{""distance"":5,""physical_error_rate"":0.0001}","{""detection_events"":915,""detectors_checked"":2064384}"
      8192,         0,         0,   0.052,exact_mw,f32ebecd8e105e50ec838d33c5ed9b45444b6b44a3c6ac541111079f2b14e893,"{""distance"":5,""physical_error_rate"":5e-05}","{""detection_events"":406,""detectors_checked"":1835008}"
      4096,         0,         0,   0.081,exact_mw,bb90ec3459e353008cf9a5bb9142bf1e8515517a9e167021b225104594e48e8a,"{""distance"":5,""physical_error_rate"":0.001}","{""detection_events"":3919,""detectors_checked"":917504}"
     12288,         0,         0,   0.076,exact_mw,70a969f5042aec17ac076c6379f4170fb7c69b8e925756ef3b7334e28a33338b,"{""distance"":5,""physical_error_rate"":0.0001}","{""detection_events"":1265,""detectors_checked"":2752512}"
     13312,         0,         0,   0.080,exact_mw,f32ebecd8e105e50ec838d33c5ed9b45444b6b44a3c6ac541111079f2b14e893,"{""distance"":5,""physical_error_rate"":5e-05}","{""detection_events"":706,""detectors_checked"":2981888}"
        64,        32,         0,   0.321,exact_mw,14059eecea5f7bdc562c01e7682d53b775a747f80d40379178915ac673e3b6bb,"{""distance"":5,""physical_error_rate"":0.5}","{""detection_events"":7105,""detectors_checked"":14336,""obs_mistake_mask=E"":32}"
        17,        10,         0,   0.135,exact_mw,14059eecea5f7bdc562c01e7682d53b775a747f80d40379178915ac673e3b6bb,"{""distance"":5,""physical_error_rate"":0.5}","{""detection_events"":1910,""detectors_checked"":3808,""obs_mistake_mask=E"":10}"
      5120,         0,         0,   0.093,exact_mw,bb90ec3459e353008cf9a5bb9142bf1e8515517a9e167021b225104594e48e8a,"{""distance"":5,""physical_error_rate"":0.001}","{""detection_events"":4987,""detectors_checked"":1146880}"
     17408,         0,         0,   0.105,exact_mw,70a969f5042aec17ac076c6379f4170fb7c69b8e925756ef3b7334e28a33338b,"{""distance"":5,""physical_error_rate"":0.0001}","{""detection_events"":1606,""detectors_checked"":3899392}"
     17408,         0,         0,   0.096,exact_mw,f32ebecd8e105e50ec838d33c5ed9b45444b6b44a3c6ac541111079f2b14e893,"{""distance"":5,""physical_error_rate"":5e-05}","{""detection_events"":815,""detectors_checked"":3899392}"
      3345,         0,         0,   0.012,exact_mw,cdc4a450a40af8e24899239080e4c40992fb5baf91c5a31ab3a165eacb3a1ab3,"{""distance"":5,""physical_error_rate"":0.0002}","{""detection_events"":717,""detectors_checked"":749280}"
         1,         0,         0,   0.016,exact_mw,72230d8c06b5a71069df48ede6f7f3e6128cd83e8239dd1b2e5fe023578b6eb1,"{""distance"":5,""physical_error_rate"":0.01}","{""detection_events"":14,""detectors_checked"":224}"
      2048,         0,         0,   0.006,exact_mw,cdc4a450a40af8e24899239080e4c40992fb5baf91c5a31ab3a165eacb3a1ab3,"{""distance"":5,""physical_error_rate"":0.0002}","{""detection_events"":381,""detectors_checked"":458752}"
      2048,         0,         0,   0.020,exact_mw,cdc4a450a40af8e24899239080e4c40992fb5baf91c5a31ab3a165eacb3a1ab3,"{""distance"":5,""physical_error_rate"":0.0002}","{""detection_events"":387,""detectors_checked"":458752}"
        16,         0,         0,   0.023,exact_mw,72230d8c06b5a71069df48ede6f7f3e6128cd83e8239dd1b2e5fe023578b6eb1,"{""distance"":5,""physical_error_rate"":0.01}","{""detection_events"":185,""detectors_checked"":3584}"
       273,         0,         0,   0.020,exact_mw,3208f56225bbcac0e2804eb6f92d0a8b681652a702ca1ec920ccd7367f0e0899,"{""distance"":5,""physical_error_rate"":0.002}","{""detection_events"":506,""detectors_checked"":61152}"
      5120,         0,         0,   0.016,exact_mw,cdc4a450a40af8e24899239080e4c40992fb5baf91c5a31ab3a165eacb3a1ab3,"{""distance"":5,""physical_error_rate"":0.0002}","{""detection_events"":907,""detectors_checked"":1146880}"
      7168,         0,         0,   0.167,exact_mw,bb90ec3459e353008cf9a5bb9142bf1e8515517a9e167021b225104594e48e8a,"{""distance"":5,""physical_error_rate"":0.001}","{""detection_events"":6908,""detectors_checked"":1605632}"
     25600,         0,         0,   0.158,exact_mw,70a969f5042aec17ac076c6379f4170fb7c69b8e925756ef3b7334e28a33338b,"{""distance"":5,""physical_error_rate"":0.0001}","{""detection_events"":2467,""detectors_checked"":5734400}"
         1,         0,         0,   0.017,exact_mw,7fd11737ba5953e5998cf5d5ab7672462ce2ff07a9ab0f8628176a3f70e7a095,"{""distance"":5,""physical_error_rate"":0.05}","{""detection_events"":26,""detectors_checked"":224}"
     35840,         0,         0,   0.146,exact_mw,f32ebecd8e105e50ec838d33c5ed9b45444b6b44a3c6ac541111079f2b14e893,"{""distance"":5,""physical_error_rate"":5e-05}","{""detection_events"":1797,""detectors_checked"":8028160}"
         1,         0,         0,   0.017,exact_mw,7b4896c0e7f0a510554d89637fd747b157418067a95869d1f0661294d473d1dc,"{""distance"":5,""physical_error_rate"":0.02}","{""detection_events"":12,""detectors_checked"":224}"
         1,         0,         0,   0.001,exact_mw,bb90ec3459e353008cf9a5bb9142bf1e8515517a9e167021b225104594e48e8a,"{""distance"":5,""physical_error_rate"":0.001}","{""detection_events"":2,""detectors_checked"":224}"
      1024,         0,         0,   0.058,exact_mw,3208f56225bbcac0e2804eb6f92d0a8b681652a702ca1ec920ccd7367f0e0899,"{""distance"":5,""physical_error_rate"":0.002}","{""detection_events"":1987,""detectors_checked"":229376}"
      8192,         0,         0,   0.052,exact_mw,cdc4a450a40af8e24899239080e4c40992fb5baf91c5a31ab3a165eacb3a1ab3,"{""distance"":5,""physical_error_rate"":0.0002}","{""detection_events"":1525,""detectors_checked"":1835008}"
      1296,         0,         0,   0.027,exact_mw,bb90ec3459e353008cf9a5bb9142bf1e8515517a9e167021b225104594e48e8a,"{""distance"":5,""physical_error_rate"":0.001}","{""detection_events"":1236,""detectors_checked"":290304}"
         1,         0,         0,   0.013,exact_mw,f32ebecd8e105e50ec838d33c5ed9b45444b6b44a3c6ac541111079f2b14e893,"{""distance"":5,""physical_error_rate"":5e-05}","{""detectors_checked"":224}"
      1024,         0,         0,   0.048,exact_mw,3208f56225bbcac0e2804eb6f92d0a8b681652a702ca1ec920ccd7367f0e0899,"{""distance"":5,""physical_error_rate"":0.002}","{""detection_events"":2052,""detectors_checked"":229376}"
      4368,         0,         0,   0.014,exact_mw,f32ebecd8e105e50ec838d33c5ed9b45444b6b44a3c6ac541111079f2b14e893,"{""distance"":5,""physical_error_rate"":5e-05}","{""detection_events"":221,""detectors_checked"":978432}"
      9216,         0,         0,   0.042,exact_mw,cdc4a450a40af8e24899239080e4c40992fb5baf91c5a31ab3a165eacb3a1ab3,"{""distance"":5,""physical_error_rate"":0.0002}","{""detection_events"":1885,""detectors_checked"":2064384}"
      1024,         0,         0,   0.028,exact_mw,bb90ec3459e353008cf9a5bb9142bf1e8515517a9e167021b225104594e48e8a,"{""distance"":5,""physical_error_rate"":0.001}","{""detection_events"":1058,""detectors_checked"":229376}"
       273,         0,         0,   0.033,exact_mw,3208f56225bbcac0e2804eb6f92d0a8b681652a702ca1ec920ccd7367f0e0899,"{""distance"":5,""physical_error_rate"":0.002}","{""detection_events"":488,""detectors_checked"":61152}"
      4096,         0,         0,   0.025,exact_mw,f32ebecd8e105e50ec838d33c5ed9b45444b6b44a3c6ac541111079f2b14e893,"{""distance"":5,""physical_error_rate"":5e-05}","{""detection_events"":183,""detectors_checked"":917504}"
        16,         1,         0,   0.074,exact_mw,7b4896c0e7f0a510554d89637fd747b157418067a95869d1f0661294d473d1dc,"{""distance"":5,""physical_error_rate"":0.02}","{""detection_events"":289,""detectors_checked"":3584,""obs_mistake_mask=E"":1}"
      1024,         0,         0,   0.027,exact_mw,bb90ec3459e353008cf9a5bb9142bf1e8515517a9e167021b225104594e48e8a,"{""distance"":5,""physical_error_rate"":0.001}","{""detection_events"":1110,""detectors_checked"":229376}"
        16,         5,         0,   0.105,exact_mw,7fd11737ba5953e5998cf5d5ab7672462ce2ff07a9ab0f8628176a3f70e7a095,"{""distance"":5,""physical_error_rate"":0.05}","{""detection_events"":646,""detectors_checked"":3584,""obs_mistake_mask=E"":5}"
      1024,         0,         0,   0.057,exact_mw,3208f56225bbcac0e2804eb6f92d0a8b681652a702ca1ec920ccd7367f0e0899,"{""distance"":5,""physical_error_rate"":0.002}","{""detection_events"":1943,""detectors_checked"":229376}"
      5120,         0,         0,   0.028,exact_mw,f32ebecd8e105e50ec838d33c5ed9b45444b6b44a3c6ac541111079f2b14e893,"{""distance"":5,""physical_error_rate"":5e-05}","{""detection_events"":214,""detectors_checked"":1146880}"
        64,        31,         0,   0.343,exact_mw,14059eecea5f7bdc562c01e7682d53b775a747f80d40379178915ac673e3b6bb,"{""distance"":5,""physical_error_rate"":0.5}","{""detection_events"":7206,""detectors_checked"":14336,""obs_mistake_mask=E"":31}"
        64,        34,         0,   0.372,exact_mw,14059eecea5f7bdc562c01e7682d53b775a747f80d40379178915ac673e3b6bb,"{""distance"":5,""physical_error_rate"":0.5}","{""detection_events"":7151,""detectors_checked"":14336,""obs_mistake_mask=E"":34}"
     12288,         0,         0,   0.064,exact_mw,cdc4a450a40af8e24899239080e4c40992fb5baf91c5a31ab3a165eacb3a1ab3,"{""distance"":5,""physical_error_rate"":0.0002}","{""detection_events"":2417,""detectors_checked"":2752512}"
         1,         0,         0,   0.013,exact_mw,cdc4a450a40af8e24899239080e4c40992fb5baf91c5a31ab3a165eacb3a1ab3,"{""distance"":5,""physical_error_rate"":0.0002}","{""detectors_checked"":224}"
      5120,         0,         0,   0.029,exact_mw,f32ebecd8e105e50ec838d33c5ed9b45444b6b44a3c6ac541111079f2b14e893,"{""distance"":5,""physical_error_rate"":5e-05}","{""detection_events"":199,""detectors_checked"":1146880}"
         1,         1,         0,   0.018,exact_mw,7def73f725f8347dc4de7c57664b66d91778cc6018e33f45b3defe89c7a0cfc0,"{""distance"":5,""physical_error_rate"":0.1}","{""detection_events"":65,""detectors_checked"":224,""obs_mistake_mask=E"":1}"
      4368,         0,         0,   0.023,exact_mw,cdc4a450a40af8e24899239080e4c40992fb5baf91c5a31ab3a165eacb3a1ab3,"{""distance"":5,""physical_error_rate"":0.0002}","{""detection_events"":895,""detectors_checked"":978432}"
      4096,         0,         0,   0.078,exact_mw,bb90ec3459e353008cf9a5bb9142bf1e8515517a9e167021b225104594e48e8a,"{""distance"":5,""physical_error_rate"":0.001}","{""detection_events"":4122,""detectors_checked"":917504}"
      1024,         0,         0,   0.072,exact_mw,3208f56225bbcac0e2804eb6f92d0a8b681652a702ca1ec920ccd7367f0e0899,"{""distance"":5,""physical_error_rate"":0.002}","{""detection_events"":2023,""detectors_checked"":229376}"
         1,         0,         0,   0.013,exact_mw,cdc4a450a40af8e24899239080e4c40992fb5baf91c5a31ab3a165eacb3a1ab3,"{""distance"":5,""physical_error_rate"":0.0002}","{""detectors_checked"":224}"
     11264,         0,         0,   0.196,exact_mw,bb90ec3459e353008cf9a5bb9142bf1e8515517a9e167021b225104594e48e8a,"{""distance"":5,""physical_error_rate"":0.001}","{""detection_events"":11267,""detectors_checked"":2523136}"
     65536,         0,         0,   0.201,exact_mw,f32ebecd8e105e50ec838d33c5ed9b45444b6b44a3c6ac541111079f2b14e893,"{""distance"":5,""physical_error_rate"":5e-05}","{""detection_events"":3359,""detectors_checked"":14680064}"
     32768,         0,         0,   0.206,exact_mw,70a969f5042aec17ac076c6379f4170fb7c69b8e925756ef3b7334e28a33338b,"{""distance"":5,""physical_error_rate"":0.0001}","{""detection_events"":3400,""detectors_checked"":7340032}"
      9216,         0,         0,   0.041,exact_mw,f32ebecd8e105e50ec838d33c5ed9b45444b6b44a3c6ac541111079f2b14e893,"{""distance"":5,""physical_error_rate"":5e-05}","{""detection_events"":417,""detectors_checked"":2064384}"
      4096,         0,         0,   0.037,exact_mw,cdc4a450a40af8e24899239080e4c40992fb5baf91c5a31ab3a165eacb3a1ab3,"{""distance"":5,""physical_error_rate"":0.0002}","{""detection_events"":816,""detectors_checked"":917504}"
      4368,         0,         0,   0.023,exact_mw,cdc4a450a40af8e24899239080e4c40992fb5baf91c5a31ab3a165eacb3a1ab3,"{""distance"":5,""physical_error_rate"":0.0002}","{""detection_events"":852,""detectors_checked"":978432}"
      2048,         0,         0,   0.054,exact_mw,bb90ec3459e353008cf9a5bb9142bf1e8515517a9e167021b225104594e48e8a,"{""distance"":5,""physical_error_rate"":0.001}","{""detection_events"":2207,""detectors_checked"":458752}"
      3072,         0,         0,   0.023,exact_mw,cdc4a450a40af8e24899239080e4c40992fb5baf91c5a31ab3a165eacb3a1ab3,"{""distance"":5,""physical_error_rate"":0.0002}","{""detection_events"":615,""detectors_checked"":688128}"
         1,         0,         0,   0.001,exact_mw,cb12ae119b9b2ba18d0216e7235b403229e92fd0743ede48fe7f1a2c6f45d594,"{""distance"":5,""physical_error_rate"":0.0005}","{""detectors_checked"":224}"
      5120,         0,         0,   0.029,exact_mw,cdc4a450a40af8e24899239080e4c40992fb5baf91c5a31ab3a165eacb3a1ab3,"{""distance"":5,""physical_error_rate"":0.0002}","{""detection_events"":1001,""detectors_checked"":1146880}"
         1,         0,         0,   0.012,exact_mw,70a969f5042aec17ac076c6379f4170fb7c69b8e925756ef3b7334e28a33338b,"{""distance"":5,""physical_error_rate"":0.0001}","{""detectors_checked"":224}"
      4368,         0,         0,   0.017,exact_mw,cb12ae119b9b2ba18d0216e7235b403229e92fd0743ede48fe7f1a2c6f45d594,"{""distance"":5,""physical_error_rate"":0.0005}","{""detection_events"":2245,""detectors_checked"":978432}"
     17408,         0,         0,   0.118,exact_mw,cdc4a450a40af8e24899239080e4c40992fb5baf91c5a31ab3a165eacb3a1ab3,"{""distance"":5,""physical_error_rate"":0.0002}","{""detection_events"":3549,""detectors_checked"":3899392}"
      5120,         0,         0,   0.029,exact_mw,cdc4a450a40af8e24899239080e4c40992fb5baf91c5a31ab3a165eacb3a1ab3,"{""distance"":5,""physical_error_rate"":0.0002}","{""detection_events"":1023,""detectors_checked"":1146880}"
      4368,         0,         0,   0.021,exact_mw,70a969f5042aec17ac076c6379f4170fb7c69b8e925756ef3b7334e28a33338b,"{""distance"":5,""physical_error_rate"":0.0001}","{""detection_events"":501,""detectors_checked"":978432}"
         1,         0,         0,   0.001,exact_mw,72230d8c06b5a71069df48ede6f7f3e6128cd83e8239dd1b2e5fe023578b6eb1,"{""distance"":5,""physical_error_rate"":0.01}","{""detection_events"":5,""detectors_checked"":224}"
      1024,         0,         0,   0.004,exact_mw,cb12ae119b9b2ba18d0216e7235b403229e92fd0743ede48fe7f1a2c6f45d594,"{""distance"":5,""physical_error_rate"":0.0005}","{""detection_events"":521,""detectors_checked"":229376}"
     12288,         0,         0,   0.075,exact_mw,f32ebecd8e105e50ec838d33c5ed9b45444b6b44a3c6ac541111079f2b14e893,"{""distance"":5,""physical_error_rate"":5e-05}","{""detection_events"":523,""detectors_checked"":2752512}"
      6144,         0,         0,   0.046,exact_mw,cdc4a450a40af8e24899239080e4c40992fb5baf91c5a31ab3a165eacb3a1ab3,"{""distance"":5,""physical_error_rate"":0.0002}","{""detection_events"":1189,""detectors_checked"":1376256}"
        16,         6,         0,   0.130,exact_mw,7def73f725f8347dc4de7c57664b66d91778cc6018e33f45b3defe89c7a0cfc0,"{""distance"":5,""physical_error_rate"":0.1}","{""detection_events"":1008,""detectors_checked"":3584,""obs_mistake_mask=E"":6}"
      4096,         0,         0,   0.031,exact_mw,70a969f5042aec17ac076c6379f4170fb7c69b8e925756ef3b7334e28a33338b,"{""distance"":5,""physical_error_rate"":0.0001}","{""detection_events"":426,""detectors_checked"":917504}"
      7168,         0,         0,   0.035,exact_mw,cdc4a450a40af8e24899239080e4c40992fb5baf91c5a31ab3a165eacb3a1ab3,"{""distance"":5,""physical_error_rate"":0.0002}","{""detection_events"":1258,""detectors_checked"":1605632}"
       273,         0,         0,   0.006,exact_mw,bb90ec3459e353008cf9a5bb9142bf1e8515517a9e167021b225104594e48e8a,"{""distance"":5,""physical_error_rate"":0.001}","{""detection_events"":250,""detectors_checked"":61152}"
      4096,         0,         0,   0.036,exact_mw,cb12ae119b9b2ba18d0216e7235b403229e92fd0743ede48fe7f1a2c6f45d594,"{""distance"":5,""physical_error_rate"":0.0005}","{""detection_events"":2147,""detectors_checked"":917504}"
      2048,         0,         0,   0.122,exact_mw,3208f56225bbcac0e2804eb6f92d0a8b681652a702ca1ec920ccd7367f0e0899,"{""distance"":5,""physical_error_rate"":0.002}","{""detection_events"":4012,""detectors_checked"":458752}"
      3072,         0,         0,   0.087,exact_mw,bb90ec3459e353008cf9a5bb9142bf1e8515517a9e167021b225104594e48e8a,"{""distance"":5,""physical_error_rate"":0.001}","{""detection_events"":2940,""detectors_checked"":688128}"
         1,         0,         0,   0.005,exact_mw,7fd11737ba5953e5998cf5d5ab7672462ce2ff07a9ab0f8628176a3f70e7a095,"{""distance"":5,""physical_error_rate"":0.05}","{""detection_events"":43,""detectors_checked"":224}"
        16,         0,         0,   0.035,exact_mw,72230d8c06b5a71069df48ede6f7f3e6128cd83e8239dd1b2e5fe023578b6eb1,"{""distance"":5,""physical_error_rate"":0.01}","{""detection_events"":131,""detectors_checked"":3584}"
         1,         0,         0,   0.005,exact_mw,7b4896c0e7f0a510554d89637fd747b157418067a95869d1f0661294d473d1dc,"{""distance"":5,""physical_error_rate"":0.02}","{""detection_events"":22,""detectors_checked"":224}"
         1,         0,         0,   0.001,exact_mw,cb12ae119b9b2ba18d0216e7235b403229e92fd0743ede48fe7f1a2c6f45d594,"{""distance"":5,""physical_error_rate"":0.0005}","{""detectors_checked"":224}"
        17,         0,         0,   0.007,exact_mw,38b7ae1c4e8407fc325e0d9e43e9f92ff26dcb3f5cf7b98d24ea74c9e5188d39,"{""distance"":5,""physical_error_rate"":0.005}","{""detection_events"":89,""detectors_checked"":3808}"
      1024,         0,         0,   0.017,exact_mw,bb90ec3459e353008cf9a5bb9142bf1e8515517a9e167021b225104594e48e8a,"{""distance"":5,""physical_error_rate"":0.001}","{""detection_events"":951,""detectors_checked"":229376}"
       256,         1,         0,   0.410,exact_mw,72230d8c06b5a71069df48ede6f7f3e6128cd83e8239dd1b2e5fe023578b6eb1,"{""distance"":5,""physical_error_rate"":0.01}","{""detection_events"":2467,""detectors_checked"":57344,""obs_mistake_mask=E"":1}"
      6144,         0,         0,   0.035,exact_mw,70a969f5042aec17ac076c6379f4170fb7c69b8e925756ef3b7334e28a33338b,"{""distance"":5,""physical_error_rate"":0.0001}","{""detection_events"":565,""detectors_checked"":1376256}"
      1024,         0,         0,   0.263,exact_mw,3208f56225bbcac0e2804eb6f92d0a8b681652a702ca1ec920ccd7367f0e0899,"{""distance"":5,""physical_error_rate"":0.002}","{""detection_events"":2060,""detectors_checked"":229376}"
     10240,         0,         0,   0.059,exact_mw,cdc4a450a40af8e24899239080e4c40992fb5baf91c5a31ab3a165eacb3a1ab3,"{""distance"":5,""physical_error_rate"":0.0002}","{""detection_events"":1889,""detectors_checked"":2293760}"
      3344,         0,         0,   0.024,exact_mw,cb12ae119b9b2ba18d0216e7235b403229e92fd0743ede48fe7f1a2c6f45d594,"{""distance"":5,""physical_error_rate"":0.0005}","{""detection_events"":1731,""detectors_checked"":749056}"
      4096,         0,         0,   0.037,exact_mw,cb12ae119b9b2ba18d0216e7235b403229e92fd0743ede48fe7f1a2c6f45d594,"{""distance"":5,""physical_error_rate"":0.0005}","{""detection_events"":2062,""detectors_checked"":917504}"
         1,         0,         0,   0.001,exact_mw,38b7ae1c4e8407fc325e0d9e43e9f92ff26dcb3f5cf7b98d24ea74c9e5188d39,"{""distance"":5,""physical_error_rate"":0.005}","{""detection_events"":2,""detectors_checked"":224}"
         1,         0,         0,   0.001,exact_mw,cb12ae119b9b2ba18d0216e7235b403229e92fd0743ede48fe7f1a2c6f45d594,"{""distance"":5,""physical_error_rate"":0.0005}","{""detectors_checked"":224}"
         1,         0,         0,   0.001,exact_mw,3208f56225bbcac0e2804eb6f92d0a8b681652a702ca1ec920ccd7367f0e0899,"{""distance"":5,""physical_error_rate"":0.002}","{""detection_events"":2,""detectors_checked"":224}"
      8192,         0,         0,   0.055,exact_mw,cdc4a450a40af8e24899239080e4c40992fb5baf91c5a31ab3a165eacb3a1ab3,"{""distance"":5,""physical_error_rate"":0.0002}","{""detection_events"":1599,""detectors_checked"":1835008}"
         1,         0,         0,   0.010,exact_mw,14059eecea5f7bdc562c01e7682d53b775a747f80d40379178915ac673e3b6bb,"{""distance"":5,""physical_error_rate"":0.5}","{""detection_events"":103,""detectors_checked"":224}"
         1,         0,         0,   0.014,exact_mw,f32ebecd8e105e50ec838d33c5ed9b45444b6b44a3c6ac541111079f2b14e893,"{""distance"":5,""physical_error_rate"":5e-05}","{""detectors_checked"":224}"
      8192,         0,         0,   0.051,exact_mw,70a969f5042aec17ac076c6379f4170fb7c69b8e925756ef3b7334e28a33338b,"{""distance"":5,""physical_error_rate"":0.0001}","{""detection_events"":790,""detectors_checked"":1835008}"
      4096,         0,         0,   0.036,exact_mw,cb12ae119b9b2ba18d0216e7235b403229e92fd0743ede48fe7f1a2c6f45d594,"{""distance"":5,""physical_error_rate"":0.0005}","{""detection_events"":1928,""detectors_checked"":917504}"
         1,         0,         0,   0.018,exact_mw,7b4896c0e7f0a510554d89637fd747b157418067a95869d1f0661294d473d1dc,"{""distance"":5,""physical_error_rate"":0.02}","{""detection_events"":12,""detectors_checked"":224}"
     28672,         0,         0,   0.104,exact_mw,f32ebecd8e105e50ec838d33c5ed9b45444b6b44a3c6ac541111079f2b14e893,"{""distance"":5,""physical_error_rate"":5e-05}","{""detection_events"":1381,""detectors_checked"":6422528}"
      4368,         0,         0,   0.025,exact_mw,cb12ae119b9b2ba18d0216e7235b403229e92fd0743ede48fe7f1a2c6f45d594,"{""distance"":5,""physical_error_rate"":0.0005}","{""detection_events"":2308,""detectors_checked"":978432}"
      1024,         0,         0,   0.055,exact_mw,bb90ec3459e353008cf9a5bb9142bf1e8515517a9e167021b225104594e48e8a,"{""distance"":5,""physical_error_rate"":0.001}","{""detection_events"":1097,""detectors_checked"":229376}"
       272,         0,         0,   0.029,exact_mw,3208f56225bbcac0e2804eb6f92d0a8b681652a702ca1ec920ccd7367f0e0899,"{""distance"":5,""physical_error_rate"":0.002}","{""detection_events"":502,""detectors_checked"":60928}"
      2320,         0,         0,   0.025,exact_mw,f32ebecd8e105e50ec838d33c5ed9b45444b6b44a3c6ac541111079f2b14e893,"{""distance"":5,""physical_error_rate"":5e-05}","{""detection_events"":135,""detectors_checked"":519680}"
     23552,         0,         0,   0.135,exact_mw,cdc4a450a40af8e24899239080e4c40992fb5baf91c5a31ab3a165eacb3a1ab3,"{""distance"":5,""physical_error_rate"":0.0002}","{""detection_events"":4733,""detectors_checked"":5275648}"
        64,        12,         0,   0.297,exact_mw,7fd11737ba5953e5998cf5d5ab7672462ce2ff07a9ab0f8628176a3f70e7a095,"{""distance"":5,""physical_error_rate"":0.05}","{""detection_events"":2384,""detectors_checked"":14336,""obs_mistake_mask=E"":12}"
        17,         8,         0,   0.143,exact_mw,d68317bf2f4c69d73359111c5597779a07d8ed85f1f94573f1c8a2f6c683850d,"{""distance"":5,""physical_error_rate"":0.2}","{""detection_events"":1546,""detectors_checked"":3808,""obs_mistake_mask=E"":8}"
         1,         0,         0,   0.001,exact_mw,70a969f5042aec17ac076c6379f4170fb7c69b8e925756ef3b7334e28a33338b,"{""distance"":5,""physical_error_rate"":0.0001}","{""detectors_checked"":224}"
      3072,         0,         0,   0.023,exact_mw,cb12ae119b9b2ba18d0216e7235b403229e92fd0743ede48fe7f1a2c6f45d594,"{""distance"":5,""physical_error_rate"":0.0005}","{""detection_events"":1497,""detectors_checked"":688128}"
         1,         0,         0,   0.005,exact_mw,7fd11737ba5953e5998cf5d5ab7672462ce2ff07a9ab0f8628176a3f70e7a095,"{""distance"":5,""physical_error_rate"":0.05}","{""detection_events"":34,""detectors_checked"":224}"
      4096,         0,         0,   0.031,exact_mw,cb12ae119b9b2ba18d0216e7235b403229e92fd0743ede48fe7f1a2c6f45d594,"{""distance"":5,""physical_error_rate"":0.0005}","{""detection_events"":2043,""detectors_checked"":917504}"
      6144,         0,         0,   0.054,exact_mw,cb12ae119b9b2ba18d0216e7235b403229e92fd0743ede48fe7f1a2c6f45d594,"{""distance"":5,""physical_error_rate"":0.0005}","{""detection_events"":2903,""detectors_checked"":1376256}"
     12288,         0,         0,   0.071,exact_mw,cdc4a450a40af8e24899239080e4c40992fb5baf91c5a31ab3a165eacb3a1ab3,"{""distance"":5,""physical_error_rate"":0.0002}","{""detection_events"":2503,""detectors_checked"":2752512}"
      1024,         0,         0,   0.109,exact_mw,3208f56225bbcac0e2804eb6f92d0a8b681652a702ca1ec920ccd7367f0e0899,"{""distance"":5,""physical_error_rate"":0.002}","{""detection_events"":2104,""detectors_checked"":229376}"
      1024,         0,         0,   0.030,exact_mw,bb90ec3459e353008cf9a5bb9142bf1e8515517a9e167021b225104594e48e8a,"{""distance"":5,""physical_error_rate"":0.001}","{""detection_events"":934,""detectors_checked"":229376}"
        16,         0,         0,   0.112,exact_mw,7b4896c0e7f0a510554d89637fd747b157418067a95869d1f0661294d473d1dc,"{""distance"":5,""physical_error_rate"":0.02}","{""detection_events"":286,""detectors_checked"":3584}"
      4368,         0,         0,   0.017,exact_mw,70a969f5042aec17ac076c6379f4170fb7c69b8e925756ef3b7334e28a33338b,"{""distance"":5,""physical_error_rate"":0.0001}","{""detection_events"":466,""detectors_checked"":978432}"
         1,         0,         0,   0.018,exact_mw,d68317bf2f4c69d73359111c5597779a07d8ed85f1f94573f1c8a2f6c683850d,"{""distance"":5,""physical_error_rate"":0.2}","{""detection_events"":78,""detectors_checked"":224}"
      3072,         0,         0,   0.028,exact_mw,f32ebecd8e105e50ec838d33c5ed9b45444b6b44a3c6ac541111079f2b14e893,"{""distance"":5,""physical_error_rate"":5e-05}","{""detection_events"":145,""detectors_checked"":688128}"
        17,         2,         0,   0.095,exact_mw,7b4896c0e7f0a510554d89637fd747b157418067a95869d1f0661294d473d1dc,"{""distance"":5,""physical_error_rate"":0.02}","{""detection_events"":336,""detectors_checked"":3808,""obs_mistake_mask=E"":2}"
      9216,         0,         0,   0.054,exact_mw,70a969f5042aec17ac076c6379f4170fb7c69b8e925756ef3b7334e28a33338b,"{""distance"":5,""physical_error_rate"":0.0001}","{""detection_events"":914,""detectors_checked"":2064384}"
        16,         4,         0,   0.127,exact_mw,7fd11737ba5953e5998cf5d5ab7672462ce2ff07a9ab0f8628176a3f70e7a095,"{""distance"":5,""physical_error_rate"":0.05}","{""detection_events"":614,""detectors_checked"":3584,""obs_mistake_mask=E"":4}"
         1,         0,         0,   0.013,exact_mw,38b7ae1c4e8407fc325e0d9e43e9f92ff26dcb3f5cf7b98d24ea74c9e5188d39,"{""distance"":5,""physical_error_rate"":0.005}","{""detectors_checked"":224}"
     15360,         0,         0,   0.087,exact_mw,cdc4a450a40af8e24899239080e4c40992fb5baf91c5a31ab3a165eacb3a1ab3,"{""distance"":5,""physical_error_rate"":0.0002}","{""detection_events"":3110,""detectors_checked"":3440640}"
      5120,         0,         0,   0.128,exact_mw,bb90ec3459e353008cf9a5bb9142bf1e8515517a9e167021b225104594e48e8a,"{""distance"":5,""physical_error_rate"":0.001}","{""detection_events"":5095,""detectors_checked"":1146880}"
      4096,         0,         0,   0.043,exact_mw,cb12ae119b9b2ba18d0216e7235b403229e92fd0743ede48fe7f1a2c6f45d594,"{""distance"":5,""physical_error_rate"":0.0005}","{""detection_events"":1996,""detectors_checked"":917504}"
      2048,         0,         0,   0.020,exact_mw,70a969f5042aec17ac076c6379f4170fb7c69b8e925756ef3b7334e28a33338b,"{""distance"":5,""physical_error_rate"":0.0001}","{""detection_events"":198,""detectors_checked"":458752}"
      5120,         0,         0,   0.042,exact_mw,cb12ae119b9b2ba18d0216e7235b403229e92fd0743ede48fe7f1a2c6f45d594,"{""distance"":5,""physical_error_rate"":0.0005}","{""detection_events"":2744,""detectors_checked"":1146880}"
        17,         0,         0,   0.013,exact_mw,38b7ae1c4e8407fc325e0d9e43e9f92ff26dcb3f5cf7b98d24ea74c9e5188d39,"{""distance"":5,""physical_error_rate"":0.005}","{""detection_events"":60,""detectors_checked"":3808}"
      3072,         0,         0,   0.028,exact_mw,f32ebecd8e105e50ec838d33c5ed9b45444b6b44a3c6ac541111079f2b14e893,"{""distance"":5,""physical_error_rate"":5e-05}","{""detection_events"":146,""detectors_checked"":688128}"
      1024,         0,         0,   0.120,exact_mw,3208f56225bbcac0e2804eb6f92d0a8b681652a702ca1ec920ccd7367f0e0899,"{""distance"":5,""physical_error_rate"":0.002}","{""detection_events"":1979,""detectors_checked"":229376}"
         1,         1,         0,   0.016,exact_mw,7def73f725f8347dc4de7c57664b66d91778cc6018e33f45b3defe89c7a0cfc0,"{""distance"":5,""physical_error_rate"":0.1}","{""detection_events"":87,""detectors_checked"":224,""obs_mistake_mask=E"":1}"
        64,        41,         0,   0.360,exact_mw,14059eecea5f7bdc562c01e7682d53b775a747f80d40379178915ac673e3b6bb,"{""distance"":5,""physical_error_rate"":0.5}","{""detection_events"":7199,""detectors_checked"":14336,""obs_mistake_mask=E"":41}"
      4096,         0,         0,   0.026,exact_mw,70a969f5042aec17ac076c6379f4170fb7c69b8e925756ef3b7334e28a33338b,"{""distance"":5,""physical_error_rate"":0.0001}","{""detection_events"":424,""detectors_checked"":917504}"
        16,         1,         0,   0.100,exact_mw,7b4896c0e7f0a510554d89637fd747b157418067a95869d1f0661294d473d1dc,"{""distance"":5,""physical_error_rate"":0.02}","{""detection_events"":277,""detectors_checked"":3584,""obs_mistake_mask=E"":1}"
         1,         0,         0,   0.005,exact_mw,d68317bf2f4c69d73359111c5597779a07d8ed85f1f94573f1c8a2f6c683850d,"{""distance"":5,""physical_error_rate"":0.2}","{""detection_events"":91,""detectors_checked"":224}"
         1,         0,         0,   0.006,exact_mw,7def73f725f8347dc4de7c57664b66d91778cc6018e33f45b3defe89c7a0cfc0,"{""distance"":5,""physical_error_rate"":0.1}","{""detection_events"":57,""detectors_checked"":224}"
     90112,         0,         0,   0.286,exact_mw,f32ebecd8e105e50ec838d33c5ed9b45444b6b44a3c6ac541111079f2b14e893,"{""distance"":5,""physical_error_rate"":5e-05}","{""detection_events"":4439,""detectors_checked"":20185088}"
      2048,         0,         0,   0.059,exact_mw,bb90ec3459e353008cf9a5bb9142bf1e8515517a9e167021b225104594e48e8a,"{""distance"":5,""physical_error_rate"":0.001}","{""detection_events"":1932,""detectors_checked"":458752}"
     10240,         0,         0,   0.078,exact_mw,cb12ae119b9b2ba18d0216e7235b403229e92fd0743ede48fe7f1a2c6f45d594,"{""distance"":5,""physical_error_rate"":0.0005}","{""detection_events"":5044,""detectors_checked"":2293760}"
      6144,         0,         0,   0.037,exact_mw,cb12ae119b9b2ba18d0216e7235b403229e92fd0743ede48fe7f1a2c6f45d594,"{""distance"":5,""physical_error_rate"":0.0005}","{""detection_events"":3125,""detectors_checked"":1376256}"
     44032,         0,         0,   0.297,exact_mw,70a969f5042aec17ac076c6379f4170fb7c69b8e925756ef3b7334e28a33338b,"{""distance"":5,""physical_error_rate"":0.0001}","{""detection_events"":4459,""detectors_checked"":9863168}"
      1024,         0,         0,   0.108,exact_mw,3208f56225bbcac0e2804eb6f92d0a8b681652a702ca1ec920ccd7367f0e0899,"{""distance"":5,""physical_error_rate"":0.002}","{""detection_events"":2057,""detectors_checked"":229376}"
     14336,         0,         0,   0.312,exact_mw,bb90ec3459e353008cf9a5bb9142bf1e8515517a9e167021b225104594e48e8a,"{""distance"":5,""physical_error_rate"":0.001}","{""detection_events"":14364,""detectors_checked"":3211264}"
         1,         1,         0,   0.006,exact_mw,d68317bf2f4c69d73359111c5597779a07d8ed85f1f94573f1c8a2f6c683850d,"{""distance"":5,""physical_error_rate"":0.2}","{""detection_events"":98,""detectors_checked"":224,""obs_mistake_mask=E"":1}"
     12288,         0,         0,   0.077,exact_mw,70a969f5042aec17ac076c6379f4170fb7c69b8e925756ef3b7334e28a33338b,"{""distance"":5,""physical_error_rate"":0.0001}","{""detection_events"":1086,""detectors_checked"":2752512}"
      7168,         0,         0,   0.040,exact_mw,f32ebecd8e105e50ec838d33c5ed9b45444b6b44a3c6ac541111079f2b14e893,"{""distance"":5,""physical_error_rate"":5e-05}","{""detection_events"":390,""detectors_checked"":1605632}"
        16,         5,         0,   0.107,exact_mw,7fd11737ba5953e5998cf5d5ab7672462ce2ff07a9ab0f8628176a3f70e7a095,"{""distance"":5,""physical_error_rate"":0.05}","{""detection_events"":613,""detectors_checked"":3584,""obs_mistake_mask=E"":5}"
        64,        35,         0,   0.387,exact_mw,14059eecea5f7bdc562c01e7682d53b775a747f80d40379178915ac673e3b6bb,"{""distance"":5,""physical_error_rate"":0.5}","{""detection_events"":7096,""detectors_checked"":14336,""obs_mistake_mask=E"":35}"
      6144,         0,         0,   0.067,exact_mw,cb12ae119b9b2ba18d0216e7235b403229e92fd0743ede48fe7f1a2c6f45d594,"{""distance"":5,""physical_error_rate"":0.0005}","{""detection_events"":3005,""detectors_checked"":1376256}"
      8192,         0,         0,   0.040,exact_mw,70a969f5042aec17ac076c6379f4170fb7c69b8e925756ef3b7334e28a33338b,"{""distance"":5,""physical_error_rate"":0.0001}","{""detection_events"":745,""detectors_checked"":1835008}"
     14336,         0,         0,   0.106,exact_mw,cdc4a450a40af8e24899239080e4c40992fb5baf91c5a31ab3a165eacb3a1ab3,"{""distance"":5,""physical_error_rate"":0.0002}","{""detection_events"":2814,""detectors_checked"":3211264}"
        16,         4,         0,   0.160,exact_mw,14059eecea5f7bdc562c01e7682d53b775a747f80d40379178915ac673e3b6bb,"{""distance"":5,""physical_error_rate"":0.5}","{""detection_events"":1762,""detectors_checked"":3584,""obs_mistake_mask=E"":4}"
       272,         0,         0,   0.171,exact_mw,38b7ae1c4e8407fc325e0d9e43e9f92ff26dcb3f5cf7b98d24ea74c9e5188d39,"{""distance"":5,""physical_error_rate"":0.005}","{""detection_events"":1190,""detectors_checked"":60928}"
     25600,         0,         0,   0.156,exact_mw,f32ebecd8e105e50ec838d33c5ed9b45444b6b44a3c6ac541111079f2b14e893,"{""distance"":5,""physical_error_rate"":5e-05}","{""detection_events"":1209,""detectors_checked"":5734400}"
      2048,         0,         0,   0.056,exact_mw,bb90ec3459e353008cf9a5bb9142bf1e8515517a9e167021b225104594e48e8a,"{""distance"":5,""physical_error_rate"":0.001}","{""detection_events"":1987,""detectors_checked"":458752}"
       128,         4,         0,   0.468,exact_mw,7b4896c0e7f0a510554d89637fd747b157418067a95869d1f0661294d473d1dc,"{""distance"":5,""physical_error_rate"":0.02}","{""detection_events"":2270,""detectors_checked"":28672,""obs_mistake_mask=E"":4}"
         1,         0,         0,   0.011,exact_mw,3208f56225bbcac0e2804eb6f92d0a8b681652a702ca1ec920ccd7367f0e0899,"{""distance"":5,""physical_error_rate"":0.002}","{""detectors_checked"":224}"
        16,        11,         0,   0.116,exact_mw,d68317bf2f4c69d73359111c5597779a07d8ed85f1f94573f1c8a2f6c683850d,"{""distance"":5,""physical_error_rate"":0.2}","{""detection_events"":1389,""detectors_checked"":3584,""obs_mistake_mask=E"":11}"
      1024,         0,         0,   0.093,exact_mw,3208f56225bbcac0e2804eb6f92d0a8b681652a702ca1ec920ccd7367f0e0899,"{""distance"":5,""physical_error_rate"":0.002}","{""detection_events"":2091,""detectors_checked"":229376}"
      7168,         0,         0,   0.053,exact_mw,cb12ae119b9b2ba18d0216e7235b403229e92fd0743ede48fe7f1a2c6f45d594,"{""distance"":5,""physical_error_rate"":0.0005}","{""detection_events"":3555,""detectors_checked"":1605632}"
     15360,         0,         0,   0.105,exact_mw,cdc4a450a40af8e24899239080e4c40992fb5baf91c5a31ab3a165eacb3a1ab3,"{""distance"":5,""physical_error_rate"":0.0002}","{""detection_events"":3084,""detectors_checked"":3440640}"
       272,         0,         0,   0.012,exact_mw,3208f56225bbcac0e2804eb6f92d0a8b681652a702ca1ec920ccd7367f0e0899,"{""distance"":5,""physical_error_rate"":0.002}","{""detection_events"":511,""detectors_checked"":60928}"
      9216,         0,         0,   0.055,exact_mw,f32ebecd8e105e50ec838d33c5ed9b45444b6b44a3c6ac541111079f2b14e893,"{""distance"":5,""physical_error_rate"":5e-05}","{""detection_events"":406,""detectors_checked"":2064384}"
      2048,         0,         0,   0.158,exact_mw,3208f56225bbcac0e2804eb6f92d0a8b681652a702ca1ec920ccd7367f0e0899,"{""distance"":5,""physical_error_rate"":0.002}","{""detection_events"":3878,""detectors_checked"":458752}"
      9216,         0,         0,   0.055,exact_mw,70a969f5042aec17ac076c6379f4170fb7c69b8e925756ef3b7334e28a33338b,"{""distance"":5,""physical_error_rate"":0.0001}","{""detection_events"":941,""detectors_checked"":2064384}"
       256,         0,         0,   0.261,exact_mw,38b7ae1c4e8407fc325e0d9e43e9f92ff26dcb3f5cf7b98d24ea74c9e5188d39,"{""distance"":5,""physical_error_rate"":0.005}","{""detection_events"":1284,""detectors_checked"":57344}"
        17,         6,         0,   0.134,exact_mw,7def73f725f8347dc4de7c57664b66d91778cc6018e33f45b3defe89c7a0cfc0,"{""distance"":5,""physical_error_rate"":0.1}","{""detection_events"":1004,""detectors_checked"":3808,""obs_mistake_mask=E"":6}"
        16,         9,         0,   0.120,exact_mw,7def73f725f8347dc4de7c57664b66d91778cc6018e33f45b3defe89c7a0cfc0,"{""distance"":5,""physical_error_rate"":0.1}","{""detection_events"":975,""detectors_checked"":3584,""obs_mistake_mask=E"":9}"
     12288,         0,         0,   0.109,exact_mw,cb12ae119b9b2ba18d0216e7235b403229e92fd0743ede48fe7f1a2c6f45d594,"{""distance"":5,""physical_error_rate"":0.0005}","{""detection_events"":5936,""detectors_checked"":2752512}"
        16,         9,         0,   0.118,exact_mw,7def73f725f8347dc4de7c57664b66d91778cc6018e33f45b3defe89c7a0cfc0,"{""distance"":5,""physical_error_rate"":0.1}","{""detection_events"":967,""detectors_checked"":3584,""obs_mistake_mask=E"":9}"
        16,         8,         0,   0.121,exact_mw,d68317bf2f4c69d73359111c5597779a07d8ed85f1f94573f1c8a2f6c683850d,"{""distance"":5,""physical_error_rate"":0.2}","{""detection_events"":1429,""detectors_checked"":3584,""obs_mistake_mask=E"":8}"
     10240,         0,         0,   0.086,exact_mw,cb12ae119b9b2ba18d0216e7235b403229e92fd0743ede48fe7f1a2c6f45d594,"{""distance"":5,""physical_error_rate"":0.0005}","{""detection_events"":5040,""detectors_checked"":2293760}"
        17,         1,         0,   0.114,exact_mw,7fd11737ba5953e5998cf5d5ab7672462ce2ff07a9ab0f8628176a3f70e7a095,"{""distance"":5,""physical_error_rate"":0.05}","{""detection_events"":627,""detectors_checked"":3808,""obs_mistake_mask=E"":1}"
     32768,         0,         0,   0.207,exact_mw,cdc4a450a40af8e24899239080e4c40992fb5baf91c5a31ab3a165eacb3a1ab3,"{""distance"":5,""physical_error_rate"":0.0002}","{""detection_events"":6437,""detectors_checked"":7340032}"
      7168,         0,         0,   0.161,exact_mw,bb90ec3459e353008cf9a5bb9142bf1e8515517a9e167021b225104594e48e8a,"{""distance"":5,""physical_error_rate"":0.001}","{""detection_events"":7157,""detectors_checked"":1605632}"
     18432,         0,         0,   0.107,exact_mw,70a969f5042aec17ac076c6379f4170fb7c69b8e925756ef3b7334e28a33338b,"{""distance"":5,""physical_error_rate"":0.0001}","{""detection_events"":1835,""detectors_checked"":4128768}"
      1024,         0,         0,   0.116,exact_mw,3208f56225bbcac0e2804eb6f92d0a8b681652a702ca1ec920ccd7367f0e0899,"{""distance"":5,""physical_error_rate"":0.002}","{""detection_events"":2067,""detectors_checked"":229376}"
      1024,         0,         0,   0.080,exact_mw,3208f56225bbcac0e2804eb6f92d0a8b681652a702ca1ec920ccd7367f0e0899,"{""distance"":5,""physical_error_rate"":0.002}","{""detection_events"":2012,""detectors_checked"":229376}"
        16,         7,         0,   0.127,exact_mw,d68317bf2f4c69d73359111c5597779a07d8ed85f1f94573f1c8a2f6c683850d,"{""distance"":5,""physical_error_rate"":0.2}","{""detection_events"":1422,""detectors_checked"":3584,""obs_mistake_mask=E"":7}"
     11264,         0,         0,   0.080,exact_mw,cb12ae119b9b2ba18d0216e7235b403229e92fd0743ede48fe7f1a2c6f45d594,"{""distance"":5,""physical_error_rate"":0.0005}","{""detection_events"":5670,""detectors_checked"":2523136}"
      2048,         0,         0,   0.082,exact_mw,bb90ec3459e353008cf9a5bb9142bf1e8515517a9e167021b225104594e48e8a,"{""distance"":5,""physical_error_rate"":0.001}","{""detection_events"":2007,""detectors_checked"":458752}"
     12288,         0,         0,   0.077,exact_mw,f32ebecd8e105e50ec838d33c5ed9b45444b6b44a3c6ac541111079f2b14e893,"{""distance"":5,""physical_error_rate"":5e-05}","{""detection_events"":590,""detectors_checked"":2752512}"
      1024,         1,         0,   0.086,exact_mw,3208f56225bbcac0e2804eb6f92d0a8b681652a702ca1ec920ccd7367f0e0899,"{""distance"":5,""physical_error_rate"":0.002}","{""detection_events"":1970,""detectors_checked"":229376,""obs_mistake_mask=E"":1}"
     13312,         0,         0,   0.063,exact_mw,70a969f5042aec17ac076c6379f4170fb7c69b8e925756ef3b7334e28a33338b,"{""distance"":5,""physical_error_rate"":0.0001}","{""detection_events"":1286,""detectors_checked"":2981888}"
     25600,         0,         0,   0.155,exact_mw,cdc4a450a40af8e24899239080e4c40992fb5baf91c5a31ab3a165eacb3a1ab3,"{""distance"":5,""physical_error_rate"":0.0002}","{""detection_events"":5129,""detectors_checked"":5734400}"
       256,         0,         0,   0.241,exact_mw,38b7ae1c4e8407fc325e0d9e43e9f92ff26dcb3f5cf7b98d24ea74c9e5188d39,"{""distance"":5,""physical_error_rate"":0.005}","{""detection_events"":1307,""detectors_checked"":57344}"
     12288,         0,         0,   0.105,exact_mw,cb12ae119b9b2ba18d0216e7235b403229e92fd0743ede48fe7f1a2c6f45d594,"{""distance"":5,""physical_error_rate"":0.0005}","{""detection_events"":6115,""detectors_checked"":2752512}"
     24576,         0,         0,   0.141,exact_mw,cdc4a450a40af8e24899239080e4c40992fb5baf91c5a31ab3a165eacb3a1ab3,"{""distance"":5,""physical_error_rate"":0.0002}","{""detection_events"":4821,""detectors_checked"":5505024}"
       272,         0,         0,   0.269,exact_mw,38b7ae1c4e8407fc325e0d9e43e9f92ff26dcb3f5cf7b98d24ea74c9e5188d39,"{""distance"":5,""physical_error_rate"":0.005}","{""detection_events"":1279,""detectors_checked"":60928}"
      1024,         0,         0,   0.089,exact_mw,3208f56225bbcac0e2804eb6f92d0a8b681652a702ca1ec920ccd7367f0e0899,"{""distance"":5,""physical_error_rate"":0.002}","{""detection_events"":1935,""detectors_checked"":229376}"
      1024,         0,         0,   0.108,exact_mw,3208f56225bbcac0e2804eb6f92d0a8b681652a702ca1ec920ccd7367f0e0899,"{""distance"":5,""physical_error_rate"":0.002}","{""detection_events"":2106,""detectors_checked"":229376}"
     34816,         0,         0,   0.209,exact_mw,f32ebecd8e105e50ec838d33c5ed9b45444b6b44a3c6ac541111079f2b14e893,"{""distance"":5,""physical_error_rate"":5e-05}","{""detection_events"":1732,""detectors_checked"":7798784}"
      3072,         0,         0,   0.101,exact_mw,bb90ec3459e353008cf9a5bb9142bf1e8515517a9e167021b225104594e48e8a,"{""distance"":5,""physical_error_rate"":0.001}","{""detection_events"":3036,""detectors_checked"":688128}"
     17408,         0,         0,   0.105,exact_mw,f32ebecd8e105e50ec838d33c5ed9b45444b6b44a3c6ac541111079f2b14e893,"{""distance"":5,""physical_error_rate"":5e-05}","{""detection_events"":867,""detectors_checked"":3899392}"
     17408,         0,         0,   0.156,exact_mw,cb12ae119b9b2ba18d0216e7235b403229e92fd0743ede48fe7f1a2c6f45d594,"{""distance"":5,""physical_error_rate"":0.0005}","{""detection_events"":8690,""detectors_checked"":3899392}"
     11264,         0,         0,   0.095,exact_mw,cb12ae119b9b2ba18d0216e7235b403229e92fd0743ede48fe7f1a2c6f45d594,"{""distance"":5,""physical_error_rate"":0.0005}","{""detection_events"":5560,""detectors_checked"":2523136}"
        64,         3,         0,   0.334,exact_mw,7b4896c0e7f0a510554d89637fd747b157418067a95869d1f0661294d473d1dc,"{""distance"":5,""physical_error_rate"":0.02}","{""detection_events"":1178,""detectors_checked"":14336,""obs_mistake_mask=E"":3}"
      2048,         0,         0,   0.182,exact_mw,3208f56225bbcac0e2804eb6f92d0a8b681652a702ca1ec920ccd7367f0e0899,"{""distance"":5,""physical_error_rate"":0.002}","{""detection_events"":3823,""detectors_checked"":458752}"
     22528,         0,         0,   0.136,exact_mw,70a969f5042aec17ac076c6379f4170fb7c69b8e925756ef3b7334e28a33338b,"{""distance"":5,""physical_error_rate"":0.0001}","{""detection_events"":2257,""detectors_checked"":5046272}"
     16384,         0,         0,   0.106,exact_mw,70a969f5042aec17ac076c6379f4170fb7c69b8e925756ef3b7334e28a33338b,"{""distance"":5,""physical_error_rate"":0.0001}","{""detection_events"":1666,""detectors_checked"":3670016}"
      1024,         0,         0,   0.127,exact_mw,3208f56225bbcac0e2804eb6f92d0a8b681652a702ca1ec920ccd7367f0e0899,"{""distance"":5,""physical_error_rate"":0.002}","{""detection_events"":2096,""detectors_checked"":229376}"
        64,        35,         0,   0.498,exact_mw,7def73f725f8347dc4de7c57664b66d91778cc6018e33f45b3defe89c7a0cfc0,"{""distance"":5,""physical_error_rate"":0.1}","{""detection_events"":3927,""detectors_checked"":14336,""obs_mistake_mask=E"":35}"
        64,         2,         0,   0.374,exact_mw,7b4896c0e7f0a510554d89637fd747b157418067a95869d1f0661294d473d1dc,"{""distance"":5,""physical_error_rate"":0.02}","{""detection_events"":1070,""detectors_checked"":14336,""obs_mistake_mask=E"":2}"
        64,        31,         0,   0.262,exact_mw,d68317bf2f4c69d73359111c5597779a07d8ed85f1f94573f1c8a2f6c683850d,"{""distance"":5,""physical_error_rate"":0.2}","{""detection_events"":5722,""detectors_checked"":14336,""obs_mistake_mask=E"":31}"
      1024,         0,         0,   0.085,exact_mw,3208f56225bbcac0e2804eb6f92d0a8b681652a702ca1ec920ccd7367f0e0899,"{""distance"":5,""physical_error_rate"":0.002}","{""detection_events"":2055,""detectors_checked"":229376}"
     11264,         0,         0,   0.217,exact_mw,bb90ec3459e353008cf9a5bb9142bf1e8515517a9e167021b225104594e48e8a,"{""distance"":5,""physical_error_rate"":0.001}","{""detection_events"":11051,""detectors_checked"":2523136}"
        32,        15,         0,   0.310,exact_mw,14059eecea5f7bdc562c01e7682d53b775a747f80d40379178915ac673e3b6bb,"{""distance"":5,""physical_error_rate"":0.5}","{""detection_events"":3533,""detectors_checked"":7168,""obs_mistake_mask=E"":15}"
        64,         2,         0,   0.369,exact_mw,7b4896c0e7f0a510554d89637fd747b157418067a95869d1f0661294d473d1dc,"{""distance"":5,""physical_error_rate"":0.02}","{""detection_events"":1171,""detectors_checked"":14336,""obs_mistake_mask=E"":2}"
         1,         1,         0,   0.015,exact_mw,14059eecea5f7bdc562c01e7682d53b775a747f80d40379178915ac673e3b6bb,"{""distance"":5,""physical_error_rate"":0.5}","{""detection_events"":110,""detectors_checked"":224,""obs_mistake_mask=E"":1}"
       128,        28,         0,   0.470,exact_mw,7fd11737ba5953e5998cf5d5ab7672462ce2ff07a9ab0f8628176a3f70e7a095,"{""distance"":5,""physical_error_rate"":0.05}","{""detection_events"":5002,""detectors_checked"":28672,""obs_mistake_mask=E"":28}"
     19456,         0,         0,   0.160,exact_mw,cb12ae119b9b2ba18d0216e7235b403229e92fd0743ede48fe7f1a2c6f45d594,"{""distance"":5,""physical_error_rate"":0.0005}","{""detection_events"":9854,""detectors_checked"":4358144}"
      1024,         0,         0,   0.140,exact_mw,3208f56225bbcac0e2804eb6f92d0a8b681652a702ca1ec920ccd7367f0e0899,"{""distance"":5,""physical_error_rate"":0.002}","{""detection_events"":2142,""detectors_checked"":229376}"
     35840,         0,         0,   0.207,exact_mw,cdc4a450a40af8e24899239080e4c40992fb5baf91c5a31ab3a165eacb3a1ab3,"{""distance"":5,""physical_error_rate"":0.0002}","{""detection_events"":7122,""detectors_checked"":8028160}"
     67584,         0,         0,   0.381,exact_mw,f32ebecd8e105e50ec838d33c5ed9b45444b6b44a3c6ac541111079f2b14e893,"{""distance"":5,""physical_error_rate"":5e-05}","{""detection_events"":3306,""detectors_checked"":15138816}"
     18432,         0,         0,   0.134,exact_mw,cb12ae119b9b2ba18d0216e7235b403229e92fd0743ede48fe7f1a2c6f45d594,"{""distance"":5,""physical_error_rate"":0.0005}","{""detection_events"":9076,""detectors_checked"":4128768}"
    112640,         0,         0,   0.392,exact_mw,70a969f5042aec17ac076c6379f4170fb7c69b8e925756ef3b7334e28a33338b,"{""distance"":5,""physical_error_rate"":0.0001}","{""detection_events"":10893,""detectors_checked"":25231360}"
     23552,         0,         0,   0.396,exact_mw,bb90ec3459e353008cf9a5bb9142bf1e8515517a9e167021b225104594e48e8a,"{""distance"":5,""physical_error_rate"":0.001}","{""detection_events"":23034,""detectors_checked"":5275648}"
     48128,         0,         0,   0.291,exact_mw,cdc4a450a40af8e24899239080e4c40992fb5baf91c5a31ab3a165eacb3a1ab3,"{""distance"":5,""physical_error_rate"":0.0002}","{""detection_events"":9315,""detectors_checked"":10780672}"
      5120,         0,         0,   0.164,exact_mw,bb90ec3459e353008cf9a5bb9142bf1e8515517a9e167021b225104594e48e8a,"{""distance"":5,""physical_error_rate"":0.001}","{""detection_events"":5044,""detectors_checked"":1146880}"
     22528,         0,         0,   0.134,exact_mw,70a969f5042aec17ac076c6379f4170fb7c69b8e925756ef3b7334e28a33338b,"{""distance"":5,""physical_error_rate"":0.0001}","{""detection_events"":2296,""detectors_checked"":5046272}"
     27648,         0,         0,   0.166,exact_mw,f32ebecd8e105e50ec838d33c5ed9b45444b6b44a3c6ac541111079f2b14e893,"{""distance"":5,""physical_error_rate"":5e-05}","{""detection_events"":1448,""detectors_checked"":6193152}"
        64,        21,         0,   0.484,exact_mw,7fd11737ba5953e5998cf5d5ab7672462ce2ff07a9ab0f8628176a3f70e7a095,"{""distance"":5,""physical_error_rate"":0.05}","{""detection_events"":2346,""detectors_checked"":14336,""obs_mistake_mask=E"":21}"
     34816,         0,         0,   0.210,exact_mw,cdc4a450a40af8e24899239080e4c40992fb5baf91c5a31ab3a165eacb3a1ab3,"{""distance"":5,""physical_error_rate"":0.0002}","{""detection_events"":7027,""detectors_checked"":7798784}"
      1024,         0,         0,   0.099,exact_mw,3208f56225bbcac0e2804eb6f92d0a8b681652a702ca1ec920ccd7367f0e0899,"{""distance"":5,""physical_error_rate"":0.002}","{""detection_events"":1999,""detectors_checked"":229376}"
        64,        37,         0,   0.465,exact_mw,14059eecea5f7bdc562c01e7682d53b775a747f80d40379178915ac673e3b6bb,"{""distance"":5,""physical_error_rate"":0.5}","{""detection_events"":7236,""detectors_checked"":14336,""obs_mistake_mask=E"":37}"
      1024,         0,         0,   0.141,exact_mw,3208f56225bbcac0e2804eb6f92d0a8b681652a702ca1ec920ccd7367f0e0899,"{""distance"":5,""physical_error_rate"":0.002}","{""detection_events"":2060,""detectors_checked"":229376}"
        64,        21,         0,   0.538,exact_mw,d68317bf2f4c69d73359111c5597779a07d8ed85f1f94573f1c8a2f6c683850d,"{""distance"":5,""physical_error_rate"":0.2}","{""detection_events"":5785,""detectors_checked"":14336,""obs_mistake_mask=E"":21}"
      1024,         0,         0,   0.083,exact_mw,3208f56225bbcac0e2804eb6f92d0a8b681652a702ca1ec920ccd7367f0e0899,"{""distance"":5,""physical_error_rate"":0.002}","{""detection_events"":2021,""detectors_checked"":229376}"
     27648,         0,         0,   0.206,exact_mw,cb12ae119b9b2ba18d0216e7235b403229e92fd0743ede48fe7f1a2c6f45d594,"{""distance"":5,""physical_error_rate"":0.0005}","{""detection_events"":13653,""detectors_checked"":6193152}"
     24576,         0,         0,   0.208,exact_mw,70a969f5042aec17ac076c6379f4170fb7c69b8e925756ef3b7334e28a33338b,"{""distance"":5,""physical_error_rate"":0.0001}","{""detection_events"":2478,""detectors_checked"":5505024}"
        64,        14,         0,   0.475,exact_mw,7fd11737ba5953e5998cf5d5ab7672462ce2ff07a9ab0f8628176a3f70e7a095,"{""distance"":5,""physical_error_rate"":0.05}","{""detection_events"":2349,""detectors_checked"":14336,""obs_mistake_mask=E"":14}"
       512,         0,         0,   0.465,exact_mw,38b7ae1c4e8407fc325e0d9e43e9f92ff26dcb3f5cf7b98d24ea74c9e5188d39,"{""distance"":5,""physical_error_rate"":0.005}","{""detection_events"":2322,""detectors_checked"":114688}"
        16,         7,         0,   0.156,exact_mw,14059eecea5f7bdc562c01e7682d53b775a747f80d40379178915ac673e3b6bb,"{""distance"":5,""physical_error_rate"":0.5}","{""detection_events"":1779,""detectors_checked"":3584,""obs_mistake_mask=E"":7}"
       256,         0,         0,   0.712,exact_mw,72230d8c06b5a71069df48ede6f7f3e6128cd83e8239dd1b2e5fe023578b6eb1,"{""distance"":5,""physical_error_rate"":0.01}","{""detection_events"":2325,""detectors_checked"":57344}"
        17,         0,         0,   0.029,exact_mw,72230d8c06b5a71069df48ede6f7f3e6128cd83e8239dd1b2e5fe023578b6eb1,"{""distance"":5,""physical_error_rate"":0.01}","{""detection_events"":96,""detectors_checked"":3808}"
     47104,         0,         0,   0.293,exact_mw,f32ebecd8e105e50ec838d33c5ed9b45444b6b44a3c6ac541111079f2b14e893,"{""distance"":5,""physical_error_rate"":5e-05}","{""detection_events"":2412,""detectors_checked"":10551296}"
      1024,         0,         0,   0.100,exact_mw,3208f56225bbcac0e2804eb6f92d0a8b681652a702ca1ec920ccd7367f0e0899,"{""distance"":5,""physical_error_rate"":0.002}","{""detection_events"":1960,""detectors_checked"":229376}"
      3072,         0,         0,   0.285,exact_mw,3208f56225bbcac0e2804eb6f92d0a8b681652a702ca1ec920ccd7367f0e0899,"{""distance"":5,""physical_error_rate"":0.002}","{""detection_events"":5904,""detectors_checked"":688128}"
        64,        35,         0,   0.533,exact_mw,14059eecea5f7bdc562c01e7682d53b775a747f80d40379178915ac673e3b6bb,"{""distance"":5,""physical_error_rate"":0.5}","{""detection_events"":7006,""detectors_checked"":14336,""obs_mistake_mask=E"":35}"
         1,         0,         0,   0.001,exact_mw,72230d8c06b5a71069df48ede6f7f3e6128cd83e8239dd1b2e5fe023578b6eb1,"{""distance"":5,""physical_error_rate"":0.01}","{""detection_events"":2,""detectors_checked"":224}"
      1024,         0,         0,   0.109,exact_mw,3208f56225bbcac0e2804eb6f92d0a8b681652a702ca1ec920ccd7367f0e0899,"{""distance"":5,""physical_error_rate"":0.002}","{""detection_events"":1965,""detectors_checked"":229376}"
     25600,         0,         0,   0.193,exact_mw,cb12ae119b9b2ba18d0216e7235b403229e92fd0743ede48fe7f1a2c6f45d594,"{""distance"":5,""physical_error_rate"":0.0005}","{""detection_events"":12801,""detectors_checked"":5734400}"
        32,        17,         0,   0.249,exact_mw,14059eecea5f7bdc562c01e7682d53b775a747f80d40379178915ac673e3b6bb,"{""distance"":5,""physical_error_rate"":0.5}","{""detection_events"":3545,""detectors_checked"":7168,""obs_mistake_mask=E"":17}"
        16,         1,         0,   0.033,exact_mw,72230d8c06b5a71069df48ede6f7f3e6128cd83e8239dd1b2e5fe023578b6eb1,"{""distance"":5,""physical_error_rate"":0.01}","{""detection_events"":163,""detectors_checked"":3584,""obs_mistake_mask=E"":1}"
        64,        26,         0,   0.496,exact_mw,7def73f725f8347dc4de7c57664b66d91778cc6018e33f45b3defe89c7a0cfc0,"{""distance"":5,""physical_error_rate"":0.1}","{""detection_events"":3964,""detectors_checked"":14336,""obs_mistake_mask=E"":26}"
        64,        30,         0,   0.505,exact_mw,7def73f725f8347dc4de7c57664b66d91778cc6018e33f45b3defe89c7a0cfc0,"{""distance"":5,""physical_error_rate"":0.1}","{""detection_events"":3896,""detectors_checked"":14336,""obs_mistake_mask=E"":30}"
        64,        34,         0,   0.512,exact_mw,7def73f725f8347dc4de7c57664b66d91778cc6018e33f45b3defe89c7a0cfc0,"{""distance"":5,""physical_error_rate"":0.1}","{""detection_events"":4021,""detectors_checked"":14336,""obs_mistake_mask=E"":34}"
         1,         0,         0,   0.007,exact_mw,bb90ec3459e353008cf9a5bb9142bf1e8515517a9e167021b225104594e48e8a,"{""distance"":5,""physical_error_rate"":0.001}","{""detection_events"":1,""detectors_checked"":224}"
        64,        23,         0,   0.512,exact_mw,7fd11737ba5953e5998cf5d5ab7672462ce2ff07a9ab0f8628176a3f70e7a095,"{""distance"":5,""physical_error_rate"":0.05}","{""detection_events"":2578,""detectors_checked"":14336,""obs_mistake_mask=E"":23}"
       512,         0,         0,   0.528,exact_mw,38b7ae1c4e8407fc325e0d9e43e9f92ff26dcb3f5cf7b98d24ea74c9e5188d39,"{""distance"":5,""physical_error_rate"":0.005}","{""detection_events"":2411,""detectors_checked"":114688}"
     10240,         0,         0,   0.213,exact_mw,bb90ec3459e353008cf9a5bb9142bf1e8515517a9e167021b225104594e48e8a,"{""distance"":5,""physical_error_rate"":0.001}","{""detection_events"":10044,""detectors_checked"":2293760}"
     33792,         0,         0,   0.207,exact_mw,70a969f5042aec17ac076c6379f4170fb7c69b8e925756ef3b7334e28a33338b,"{""distance"":5,""physical_error_rate"":0.0001}","{""detection_events"":3227,""detectors_checked"":7569408}"
      1024,         0,         0,   0.081,exact_mw,3208f56225bbcac0e2804eb6f92d0a8b681652a702ca1ec920ccd7367f0e0899,"{""distance"":5,""physical_error_rate"":0.002}","{""detection_events"":1951,""detectors_checked"":229376}"
       512,         0,         0,   0.436,exact_mw,38b7ae1c4e8407fc325e0d9e43e9f92ff26dcb3f5cf7b98d24ea74c9e5188d39,"{""distance"":5,""physical_error_rate"":0.005}","{""detection_events"":2389,""detectors_checked"":114688}"
        64,         3,         0,   0.330,exact_mw,7b4896c0e7f0a510554d89637fd747b157418067a95869d1f0661294d473d1dc,"{""distance"":5,""physical_error_rate"":0.02}","{""detection_events"":1111,""detectors_checked"":14336,""obs_mistake_mask=E"":3}"
     26624,         0,         0,   0.224,exact_mw,cb12ae119b9b2ba18d0216e7235b403229e92fd0743ede48fe7f1a2c6f45d594,"{""distance"":5,""physical_error_rate"":0.0005}","{""detection_events"":13067,""detectors_checked"":5963776}"
     29696,         0,         0,   0.214,exact_mw,f32ebecd8e105e50ec838d33c5ed9b45444b6b44a3c6ac541111079f2b14e893,"{""distance"":5,""physical_error_rate"":5e-05}","{""detection_events"":1511,""detectors_checked"":6651904}"
     14336,         0,         0,   0.303,exact_mw,bb90ec3459e353008cf9a5bb9142bf1e8515517a9e167021b225104594e48e8a,"{""distance"":5,""physical_error_rate"":0.001}","{""detection_events"":13959,""detectors_checked"":3211264}"
        64,        30,         0,   0.539,exact_mw,d68317bf2f4c69d73359111c5597779a07d8ed85f1f94573f1c8a2f6c683850d,"{""distance"":5,""physical_error_rate"":0.2}","{""detection_events"":5650,""detectors_checked"":14336,""obs_mistake_mask=E"":30}"
      1296,         0,         0,   0.030,exact_mw,bb90ec3459e353008cf9a5bb9142bf1e8515517a9e167021b225104594e48e8a,"{""distance"":5,""physical_error_rate"":0.001}","{""detection_events"":1256,""detectors_checked"":290304}"
      2048,         0,         0,   0.213,exact_mw,3208f56225bbcac0e2804eb6f92d0a8b681652a702ca1ec920ccd7367f0e0899,"{""distance"":5,""physical_error_rate"":0.002}","{""detection_events"":3955,""detectors_checked"":458752}"
        64,         6,         0,   0.387,exact_mw,7b4896c0e7f0a510554d89637fd747b157418067a95869d1f0661294d473d1dc,"{""distance"":5,""physical_error_rate"":0.02}","{""detection_events"":1236,""detectors_checked"":14336,""obs_mistake_mask=E"":6}"
        64,         2,         0,   0.292,exact_mw,7b4896c0e7f0a510554d89637fd747b157418067a95869d1f0661294d473d1dc,"{""distance"":5,""physical_error_rate"":0.02}","{""detection_events"":1050,""detectors_checked"":14336,""obs_mistake_mask=E"":2}"
        64,        28,         0,   0.529,exact_mw,d68317bf2f4c69d73359111c5597779a07d8ed85f1f94573f1c8a2f6c683850d,"{""distance"":5,""physical_error_rate"":0.2}","{""detection_events"":5698,""detectors_checked"":14336,""obs_mistake_mask=E"":28}"
     49152,         0,         0,   0.286,exact_mw,cdc4a450a40af8e24899239080e4c40992fb5baf91c5a31ab3a165eacb3a1ab3,"{""distance"":5,""physical_error_rate"":0.0002}","{""detection_events"":9525,""detectors_checked"":11010048}"
      1024,         0,         0,   0.045,exact_mw,bb90ec3459e353008cf9a5bb9142bf1e8515517a9e167021b225104594e48e8a,"{""distance"":5,""physical_error_rate"":0.001}","{""detection_events"":1096,""detectors_checked"":229376}"
        64,        31,         0,   0.267,exact_mw,14059eecea5f7bdc562c01e7682d53b775a747f80d40379178915ac673e3b6bb,"{""distance"":5,""physical_error_rate"":0.5}","{""detection_events"":7147,""detectors_checked"":14336,""obs_mistake_mask=E"":31}"
     47104,         0,         0,   0.288,exact_mw,cdc4a450a40af8e24899239080e4c40992fb5baf91c5a31ab3a165eacb3a1ab3,"{""distance"":5,""physical_error_rate"":0.0002}","{""detection_events"":9273,""detectors_checked"":10551296}"
       512,         0,         0,   0.530,exact_mw,38b7ae1c4e8407fc325e0d9e43e9f92ff26dcb3f5cf7b98d24ea74c9e5188d39,"{""distance"":5,""physical_error_rate"":0.005}","{""detection_events"":2547,""detectors_checked"":114688}"
      2048,         0,         0,   0.055,exact_mw,bb90ec3459e353008cf9a5bb9142bf1e8515517a9e167021b225104594e48e8a,"{""distance"":5,""physical_error_rate"":0.001}","{""detection_events"":1934,""detectors_checked"":458752}"
       256,         2,         0,   0.934,exact_mw,72230d8c06b5a71069df48ede6f7f3e6128cd83e8239dd1b2e5fe023578b6eb1,"{""distance"":5,""physical_error_rate"":0.01}","{""detection_events"":2345,""detectors_checked"":57344,""obs_mistake_mask=E"":2}"
       128,         7,         0,   0.673,exact_mw,7b4896c0e7f0a510554d89637fd747b157418067a95869d1f0661294d473d1dc,"{""distance"":5,""physical_error_rate"":0.02}","{""detection_events"":2349,""detectors_checked"":28672,""obs_mistake_mask=E"":7}"
     30720,         0,         0,   0.290,exact_mw,cb12ae119b9b2ba18d0216e7235b403229e92fd0743ede48fe7f1a2c6f45d594,"{""distance"":5,""physical_error_rate"":0.0005}","{""detection_events"":14927,""detectors_checked"":6881280}"
     46080,         0,         0,   0.289,exact_mw,70a969f5042aec17ac076c6379f4170fb7c69b8e925756ef3b7334e28a33338b,"{""distance"":5,""physical_error_rate"":0.0001}","{""detection_events"":4500,""detectors_checked"":10321920}"
      2048,         0,         0,   0.209,exact_mw,3208f56225bbcac0e2804eb6f92d0a8b681652a702ca1ec920ccd7367f0e0899,"{""distance"":5,""physical_error_rate"":0.002}","{""detection_events"":4040,""detectors_checked"":458752}"
        64,        27,         0,   0.504,exact_mw,7def73f725f8347dc4de7c57664b66d91778cc6018e33f45b3defe89c7a0cfc0,"{""distance"":5,""physical_error_rate"":0.1}","{""detection_events"":4048,""detectors_checked"":14336,""obs_mistake_mask=E"":27}"
     65536,         0,         0,   0.390,exact_mw,cdc4a450a40af8e24899239080e4c40992fb5baf91c5a31ab3a165eacb3a1ab3,"{""distance"":5,""physical_error_rate"":0.0002}","{""detection_events"":13188,""detectors_checked"":14680064}"
      2048,         0,         0,   0.182,exact_mw,3208f56225bbcac0e2804eb6f92d0a8b681652a702ca1ec920ccd7367f0e0899,"{""distance"":5,""physical_error_rate"":0.002}","{""detection_events"":3954,""detectors_checked"":458752}"
      2048,         0,         0,   0.090,exact_mw,bb90ec3459e353008cf9a5bb9142bf1e8515517a9e167021b225104594e48e8a,"{""distance"":5,""physical_error_rate"":0.001}","{""detection_events"":1985,""detectors_checked"":458752}"
       512,         0,         0,   0.211,exact_mw,38b7ae1c4e8407fc325e0d9e43e9f92ff26dcb3f5cf7b98d24ea74c9e5188d39,"{""distance"":5,""physical_error_rate"":0.005}","{""detection_events"":2489,""detectors_checked"":114688}"
     29696,         0,         0,   0.278,exact_mw,cb12ae119b9b2ba18d0216e7235b403229e92fd0743ede48fe7f1a2c6f45d594,"{""distance"":5,""physical_error_rate"":0.0005}","{""detection_events"":14969,""detectors_checked"":6651904}"
        64,        10,         0,   0.454,exact_mw,7fd11737ba5953e5998cf5d5ab7672462ce2ff07a9ab0f8628176a3f70e7a095,"{""distance"":5,""physical_error_rate"":0.05}","{""detection_events"":2480,""detectors_checked"":14336,""obs_mistake_mask=E"":10}"
      3072,         0,         0,   0.343,exact_mw,3208f56225bbcac0e2804eb6f92d0a8b681652a702ca1ec920ccd7367f0e0899,"{""distance"":5,""physical_error_rate"":0.002}","{""detection_events"":6121,""detectors_checked"":688128}"
      2048,         0,         0,   0.061,exact_mw,bb90ec3459e353008cf9a5bb9142bf1e8515517a9e167021b225104594e48e8a,"{""distance"":5,""physical_error_rate"":0.001}","{""detection_events"":2021,""detectors_checked"":458752}"
      3072,         0,         0,   0.267,exact_mw,3208f56225bbcac0e2804eb6f92d0a8b681652a702ca1ec920ccd7367f0e0899,"{""distance"":5,""physical_error_rate"":0.002}","{""detection_events"":5847,""detectors_checked"":688128}"
       128,        55,         0,   0.591,exact_mw,d68317bf2f4c69d73359111c5597779a07d8ed85f1f94573f1c8a2f6c683850d,"{""distance"":5,""physical_error_rate"":0.2}","{""detection_events"":11420,""detectors_checked"":28672,""obs_mistake_mask=E"":55}"
        32,        17,         0,   0.377,exact_mw,14059eecea5f7bdc562c01e7682d53b775a747f80d40379178915ac673e3b6bb,"{""distance"":5,""physical_error_rate"":0.5}","{""detection_events"":3518,""detectors_checked"":7168,""obs_mistake_mask=E"":17}"
     49152,         0,         0,   0.289,exact_mw,70a969f5042aec17ac076c6379f4170fb7c69b8e925756ef3b7334e28a33338b,"{""distance"":5,""physical_error_rate"":0.0001}","{""detection_events"":4868,""detectors_checked"":11010048}"
     33792,         0,         0,   0.288,exact_mw,cb12ae119b9b2ba18d0216e7235b403229e92fd0743ede48fe7f1a2c6f45d594,"{""distance"":5,""physical_error_rate"":0.0005}","{""detection_events"":16728,""detectors_checked"":7569408}"
     43008,         0,         0,   0.276,exact_mw,f32ebecd8e105e50ec838d33c5ed9b45444b6b44a3c6ac541111079f2b14e893,"{""distance"":5,""physical_error_rate"":5e-05}","{""detection_events"":2191,""detectors_checked"":9633792}"
       512,         0,         0,   0.425,exact_mw,38b7ae1c4e8407fc325e0d9e43e9f92ff26dcb3f5cf7b98d24ea74c9e5188d39,"{""distance"":5,""physical_error_rate"":0.005}","{""detection_events"":2529,""detectors_checked"":114688}"
       128,        32,         0,   0.566,exact_mw,7fd11737ba5953e5998cf5d5ab7672462ce2ff07a9ab0f8628176a3f70e7a095,"{""distance"":5,""physical_error_rate"":0.05}","{""detection_events"":4873,""detectors_checked"":28672,""obs_mistake_mask=E"":32}"
     12288,         0,         0,   0.317,exact_mw,bb90ec3459e353008cf9a5bb9142bf1e8515517a9e167021b225104594e48e8a,"{""distance"":5,""physical_error_rate"":0.001}","{""detection_events"":12207,""detectors_checked"":2752512}"
        64,        33,         0,   0.348,exact_mw,7def73f725f8347dc4de7c57664b66d91778cc6018e33f45b3defe89c7a0cfc0,"{""distance"":5,""physical_error_rate"":0.1}","{""detection_events"":3960,""detectors_checked"":14336,""obs_mistake_mask=E"":33}"
     61440,         0,         0,   0.407,exact_mw,f32ebecd8e105e50ec838d33c5ed9b45444b6b44a3c6ac541111079f2b14e893,"{""distance"":5,""physical_error_rate"":5e-05}","{""detection_events"":3003,""detectors_checked"":13762560}"
     94208,         0,         0,   0.554,exact_mw,70a969f5042aec17ac076c6379f4170fb7c69b8e925756ef3b7334e28a33338b,"{""distance"":5,""physical_error_rate"":0.0001}","{""detection_events"":9587,""detectors_checked"":21102592}"
     84992,         0,         0,   0.569,exact_mw,f32ebecd8e105e50ec838d33c5ed9b45444b6b44a3c6ac541111079f2b14e893,"{""distance"":5,""physical_error_rate"":5e-05}","{""detection_events"":4267,""detectors_checked"":19038208}"
        64,        33,         0,   0.521,exact_mw,d68317bf2f4c69d73359111c5597779a07d8ed85f1f94573f1c8a2f6c683850d,"{""distance"":5,""physical_error_rate"":0.2}","{""detection_events"":5737,""detectors_checked"":14336,""obs_mistake_mask=E"":33}"
     61440,         0,         0,   0.573,exact_mw,bb90ec3459e353008cf9a5bb9142bf1e8515517a9e167021b225104594e48e8a,"{""distance"":5,""physical_error_rate"":0.001}","{""detection_events"":60483,""detectors_checked"":13762560}"
      3072,         0,         0,   0.086,exact_mw,bb90ec3459e353008cf9a5bb9142bf1e8515517a9e167021b225104594e48e8a,"{""distance"":5,""physical_error_rate"":0.001}","{""detection_events"":2854,""detectors_checked"":688128}"
      2048,         0,         0,   0.188,exact_mw,3208f56225bbcac0e2804eb6f92d0a8b681652a702ca1ec920ccd7367f0e0899,"{""distance"":5,""physical_error_rate"":0.002}","{""detection_events"":3990,""detectors_checked"":458752}"
        64,         7,         0,   0.504,exact_mw,7fd11737ba5953e5998cf5d5ab7672462ce2ff07a9ab0f8628176a3f70e7a095,"{""distance"":5,""physical_error_rate"":0.05}","{""detection_events"":2433,""detectors_checked"":14336,""obs_mistake_mask=E"":7}"
        64,         4,         0,   0.357,exact_mw,7b4896c0e7f0a510554d89637fd747b157418067a95869d1f0661294d473d1dc,"{""distance"":5,""physical_error_rate"":0.02}","{""detection_events"":1001,""detectors_checked"":14336,""obs_mistake_mask=E"":4}"
      2048,         0,         0,   0.234,exact_mw,3208f56225bbcac0e2804eb6f92d0a8b681652a702ca1ec920ccd7367f0e0899,"{""distance"":5,""physical_error_rate"":0.002}","{""detection_events"":3941,""detectors_checked"":458752}"
        64,         1,         0,   0.385,exact_mw,7b4896c0e7f0a510554d89637fd747b157418067a95869d1f0661294d473d1dc,"{""distance"":5,""physical_error_rate"":0.02}","{""detection_events"":1186,""detectors_checked"":14336,""obs_mistake_mask=E"":1}"
     20480,         0,         0,   0.405,exact_mw,bb90ec3459e353008cf9a5bb9142bf1e8515517a9e167021b225104594e48e8a,"{""distance"":5,""physical_error_rate"":0.001}","{""detection_events"":20299,""detectors_checked"":4587520}"
        64,        39,         0,   0.522,exact_mw,14059eecea5f7bdc562c01e7682d53b775a747f80d40379178915ac673e3b6bb,"{""distance"":5,""physical_error_rate"":0.5}","{""detection_events"":7159,""detectors_checked"":14336,""obs_mistake_mask=E"":39}"
       512,         0,         0,   0.468,exact_mw,38b7ae1c4e8407fc325e0d9e43e9f92ff26dcb3f5cf7b98d24ea74c9e5188d39,"{""distance"":5,""physical_error_rate"":0.005}","{""detection_events"":2445,""detectors_checked"":114688}"
      2048,         0,         0,   0.106,exact_mw,bb90ec3459e353008cf9a5bb9142bf1e8515517a9e167021b225104594e48e8a,"{""distance"":5,""physical_error_rate"":0.001}","{""detection_events"":1992,""detectors_checked"":458752}"
     69632,         0,         0,   0.414,exact_mw,cdc4a450a40af8e24899239080e4c40992fb5baf91c5a31ab3a165eacb3a1ab3,"{""distance"":5,""physical_error_rate"":0.0002}","{""detection_events"":13829,""detectors_checked"":15597568}"
        64,        30,         0,   0.495,exact_mw,7def73f725f8347dc4de7c57664b66d91778cc6018e33f45b3defe89c7a0cfc0,"{""distance"":5,""physical_error_rate"":0.1}","{""detection_events"":4091,""detectors_checked"":14336,""obs_mistake_mask=E"":30}"
        64,        29,         0,   0.512,exact_mw,7def73f725f8347dc4de7c57664b66d91778cc6018e33f45b3defe89c7a0cfc0,"{""distance"":5,""physical_error_rate"":0.1}","{""detection_events"":4041,""detectors_checked"":14336,""obs_mistake_mask=E"":29}"
     68608,         0,         0,   0.390,exact_mw,cdc4a450a40af8e24899239080e4c40992fb5baf91c5a31ab3a165eacb3a1ab3,"{""distance"":5,""physical_error_rate"":0.0002}","{""detection_events"":13512,""detectors_checked"":15368192}"
        64,        12,         0,   0.511,exact_mw,7fd11737ba5953e5998cf5d5ab7672462ce2ff07a9ab0f8628176a3f70e7a095,"{""distance"":5,""physical_error_rate"":0.05}","{""detection_events"":2469,""detectors_checked"":14336,""obs_mistake_mask=E"":12}"
        64,        22,         0,   0.504,exact_mw,d68317bf2f4c69d73359111c5597779a07d8ed85f1f94573f1c8a2f6c683850d,"{""distance"":5,""physical_error_rate"":0.2}","{""detection_events"":5766,""detectors_checked"":14336,""obs_mistake_mask=E"":22}"
     52224,         0,         0,   0.414,exact_mw,cb12ae119b9b2ba18d0216e7235b403229e92fd0743ede48fe7f1a2c6f45d594,"{""distance"":5,""physical_error_rate"":0.0005}","{""detection_events"":26029,""detectors_checked"":11698176}"
     66560,         0,         0,   0.405,exact_mw,70a969f5042aec17ac076c6379f4170fb7c69b8e925756ef3b7334e28a33338b,"{""distance"":5,""physical_error_rate"":0.0001}","{""detection_events"":6343,""detectors_checked"":14909440}"
        64,        30,         0,   0.512,exact_mw,d68317bf2f4c69d73359111c5597779a07d8ed85f1f94573f1c8a2f6c683850d,"{""distance"":5,""physical_error_rate"":0.2}","{""detection_events"":5867,""detectors_checked"":14336,""obs_mistake_mask=E"":30}"
        32,        14,         0,   0.252,exact_mw,14059eecea5f7bdc562c01e7682d53b775a747f80d40379178915ac673e3b6bb,"{""distance"":5,""physical_error_rate"":0.5}","{""detection_events"":3575,""detectors_checked"":7168,""obs_mistake_mask=E"":14}"
        64,        33,         0,   0.593,exact_mw,14059eecea5f7bdc562c01e7682d53b775a747f80d40379178915ac673e3b6bb,"{""distance"":5,""physical_error_rate"":0.5}","{""detection_events"":7196,""detectors_checked"":14336,""obs_mistake_mask=E"":33}"
      2048,         0,         0,   0.231,exact_mw,3208f56225bbcac0e2804eb6f92d0a8b681652a702ca1ec920ccd7367f0e0899,"{""distance"":5,""physical_error_rate"":0.002}","{""detection_events"":3898,""detectors_checked"":458752}"
        64,        28,         0,   0.282,exact_mw,7def73f725f8347dc4de7c57664b66d91778cc6018e33f45b3defe89c7a0cfc0,"{""distance"":5,""physical_error_rate"":0.1}","{""detection_events"":4026,""detectors_checked"":14336,""obs_mistake_mask=E"":28}"
      3072,         0,         0,   0.161,exact_mw,bb90ec3459e353008cf9a5bb9142bf1e8515517a9e167021b225104594e48e8a,"{""distance"":5,""physical_error_rate"":0.001}","{""detection_events"":3095,""detectors_checked"":688128}"
        64,         2,         0,   0.230,exact_mw,7b4896c0e7f0a510554d89637fd747b157418067a95869d1f0661294d473d1dc,"{""distance"":5,""physical_error_rate"":0.02}","{""detection_events"":1087,""detectors_checked"":14336,""obs_mistake_mask=E"":2}"
       512,         1,         0,   0.522,exact_mw,38b7ae1c4e8407fc325e0d9e43e9f92ff26dcb3f5cf7b98d24ea74c9e5188d39,"{""distance"":5,""physical_error_rate"":0.005}","{""detection_events"":2502,""detectors_checked"":114688,""obs_mistake_mask=E"":1}"
     48128,         0,         0,   0.392,exact_mw,cb12ae119b9b2ba18d0216e7235b403229e92fd0743ede48fe7f1a2c6f45d594,"{""distance"":5,""physical_error_rate"":0.0005}","{""detection_events"":23566,""detectors_checked"":10780672}"
       256,         4,         0,   0.735,exact_mw,72230d8c06b5a71069df48ede6f7f3e6128cd83e8239dd1b2e5fe023578b6eb1,"{""distance"":5,""physical_error_rate"":0.01}","{""detection_events"":2496,""detectors_checked"":57344,""obs_mistake_mask=E"":4}"
       256,         0,         0,   0.761,exact_mw,72230d8c06b5a71069df48ede6f7f3e6128cd83e8239dd1b2e5fe023578b6eb1,"{""distance"":5,""physical_error_rate"":0.01}","{""detection_events"":2350,""detectors_checked"":57344}"
      4096,         0,         0,   0.407,exact_mw,3208f56225bbcac0e2804eb6f92d0a8b681652a702ca1ec920ccd7367f0e0899,"{""distance"":5,""physical_error_rate"":0.002}","{""detection_events"":7788,""detectors_checked"":917504}"
        64,         4,         0,   0.317,exact_mw,7b4896c0e7f0a510554d89637fd747b157418067a95869d1f0661294d473d1dc,"{""distance"":5,""physical_error_rate"":0.02}","{""detection_events"":1113,""detectors_checked"":14336,""obs_mistake_mask=E"":4}"
     66560,         0,         0,   0.383,exact_mw,70a969f5042aec17ac076c6379f4170fb7c69b8e925756ef3b7334e28a33338b,"{""distance"":5,""physical_error_rate"":0.0001}","{""detection_events"":6628,""detectors_checked"":14909440}"
        64,        32,         0,   0.525,exact_mw,7def73f725f8347dc4de7c57664b66d91778cc6018e33f45b3defe89c7a0cfc0,"{""distance"":5,""physical_error_rate"":0.1}","{""detection_events"":3943,""detectors_checked"":14336,""obs_mistake_mask=E"":32}"
     51200,         0,         0,   0.400,exact_mw,cb12ae119b9b2ba18d0216e7235b403229e92fd0743ede48fe7f1a2c6f45d594,"{""distance"":5,""physical_error_rate"":0.0005}","{""detection_events"":25259,""detectors_checked"":11468800}"
        64,         7,         0,   0.445,exact_mw,7fd11737ba5953e5998cf5d5ab7672462ce2ff07a9ab0f8628176a3f70e7a095,"{""distance"":5,""physical_error_rate"":0.05}","{""detection_events"":2394,""detectors_checked"":14336,""obs_mistake_mask=E"":7}"
     61440,         0,         0,   0.416,exact_mw,f32ebecd8e105e50ec838d33c5ed9b45444b6b44a3c6ac541111079f2b14e893,"{""distance"":5,""physical_error_rate"":5e-05}","{""detection_events"":3100,""detectors_checked"":13762560}"
      3072,         0,         0,   0.343,exact_mw,3208f56225bbcac0e2804eb6f92d0a8b681652a702ca1ec920ccd7367f0e0899,"{""distance"":5,""physical_error_rate"":0.002}","{""detection_events"":6077,""detectors_checked"":688128}"
      3072,         0,         0,   0.434,exact_mw,3208f56225bbcac0e2804eb6f92d0a8b681652a702ca1ec920ccd7367f0e0899,"{""distance"":5,""physical_error_rate"":0.002}","{""detection_events"":6117,""detectors_checked"":688128}"
     21504,         1,         0,   0.419,exact_mw,bb90ec3459e353008cf9a5bb9142bf1e8515517a9e167021b225104594e48e8a,"{""distance"":5,""physical_error_rate"":0.001}","{""detection_events"":21359,""detectors_checked"":4816896,""obs_mistake_mask=E"":1}"
        64,        37,         0,   0.297,exact_mw,14059eecea5f7bdc562c01e7682d53b775a747f80d40379178915ac673e3b6bb,"{""distance"":5,""physical_error_rate"":0.5}","{""detection_events"":7220,""detectors_checked"":14336,""obs_mistake_mask=E"":37}"
       512,         1,         0,   0.440,exact_mw,38b7ae1c4e8407fc325e0d9e43e9f92ff26dcb3f5cf7b98d24ea74c9e5188d39,"{""distance"":5,""physical_error_rate"":0.005}","{""detection_events"":2265,""detectors_checked"":114688,""obs_mistake_mask=E"":1}"
     94208,         0,         0,   0.570,exact_mw,cdc4a450a40af8e24899239080e4c40992fb5baf91c5a31ab3a165eacb3a1ab3,"{""distance"":5,""physical_error_rate"":0.0002}","{""detection_events"":18440,""detectors_checked"":21102592}"
       128,         6,         0,   0.724,exact_mw,7b4896c0e7f0a510554d89637fd747b157418067a95869d1f0661294d473d1dc,"{""distance"":5,""physical_error_rate"":0.02}","{""detection_events"":2329,""detectors_checked"":28672,""obs_mistake_mask=E"":6}"
       256,         1,         0,   0.802,exact_mw,72230d8c06b5a71069df48ede6f7f3e6128cd83e8239dd1b2e5fe023578b6eb1,"{""distance"":5,""physical_error_rate"":0.01}","{""detection_events"":2507,""detectors_checked"":57344,""obs_mistake_mask=E"":1}"
       128,         3,         0,   0.663,exact_mw,7b4896c0e7f0a510554d89637fd747b157418067a95869d1f0661294d473d1dc,"{""distance"":5,""physical_error_rate"":0.02}","{""detection_events"":2150,""detectors_checked"":28672,""obs_mistake_mask=E"":3}"
        64,        32,         0,   0.495,exact_mw,d68317bf2f4c69d73359111c5597779a07d8ed85f1f94573f1c8a2f6c683850d,"{""distance"":5,""physical_error_rate"":0.2}","{""detection_events"":5709,""detectors_checked"":14336,""obs_mistake_mask=E"":32}"
        64,        13,         0,   0.467,exact_mw,7fd11737ba5953e5998cf5d5ab7672462ce2ff07a9ab0f8628176a3f70e7a095,"{""distance"":5,""physical_error_rate"":0.05}","{""detection_events"":2460,""detectors_checked"":14336,""obs_mistake_mask=E"":13}"
       128,        28,         0,   0.554,exact_mw,7fd11737ba5953e5998cf5d5ab7672462ce2ff07a9ab0f8628176a3f70e7a095,"{""distance"":5,""physical_error_rate"":0.05}","{""detection_events"":4799,""detectors_checked"":28672,""obs_mistake_mask=E"":28}"
      6144,         0,         0,   0.229,exact_mw,bb90ec3459e353008cf9a5bb9142bf1e8515517a9e167021b225104594e48e8a,"{""distance"":5,""physical_error_rate"":0.001}","{""detection_events"":6038,""detectors_checked"":1376256}"
       256,         2,         0,   0.761,exact_mw,72230d8c06b5a71069df48ede6f7f3e6128cd83e8239dd1b2e5fe023578b6eb1,"{""distance"":5,""physical_error_rate"":0.01}","{""detection_events"":2458,""detectors_checked"":57344,""obs_mistake_mask=E"":2}"
       512,         1,         0,   0.416,exact_mw,38b7ae1c4e8407fc325e0d9e43e9f92ff26dcb3f5cf7b98d24ea74c9e5188d39,"{""distance"":5,""physical_error_rate"":0.005}","{""detection_events"":2371,""detectors_checked"":114688,""obs_mistake_mask=E"":1}"
     97280,         0,         0,   0.576,exact_mw,f32ebecd8e105e50ec838d33c5ed9b45444b6b44a3c6ac541111079f2b14e893,"{""distance"":5,""physical_error_rate"":5e-05}","{""detection_events"":4898,""detectors_checked"":21790720}"
        64,        32,         0,   0.492,exact_mw,7def73f725f8347dc4de7c57664b66d91778cc6018e33f45b3defe89c7a0cfc0,"{""distance"":5,""physical_error_rate"":0.1}","{""detection_events"":4006,""detectors_checked"":14336,""obs_mistake_mask=E"":32}"
        64,        33,         0,   0.494,exact_mw,7def73f725f8347dc4de7c57664b66d91778cc6018e33f45b3defe89c7a0cfc0,"{""distance"":5,""physical_error_rate"":0.1}","{""detection_events"":3974,""detectors_checked"":14336,""obs_mistake_mask=E"":33}"
       128,         3,         0,   0.346,exact_mw,7b4896c0e7f0a510554d89637fd747b157418067a95869d1f0661294d473d1dc,"{""distance"":5,""physical_error_rate"":0.02}","{""detection_events"":2155,""detectors_checked"":28672,""obs_mistake_mask=E"":3}"
      4096,         0,         0,   0.383,exact_mw,3208f56225bbcac0e2804eb6f92d0a8b681652a702ca1ec920ccd7367f0e0899,"{""distance"":5,""physical_error_rate"":0.002}","{""detection_events"":8138,""detectors_checked"":917504}"
     38912,         0,         0,   0.574,exact_mw,bb90ec3459e353008cf9a5bb9142bf1e8515517a9e167021b225104594e48e8a,"{""distance"":5,""physical_error_rate"":0.001}","{""detection_events"":37573,""detectors_checked"":8716288}"
        64,        12,         0,   0.478,exact_mw,7fd11737ba5953e5998cf5d5ab7672462ce2ff07a9ab0f8628176a3f70e7a095,"{""distance"":5,""physical_error_rate"":0.05}","{""detection_events"":2458,""detectors_checked"":14336,""obs_mistake_mask=E"":12}"
       128,        68,         0,   0.940,exact_mw,14059eecea5f7bdc562c01e7682d53b775a747f80d40379178915ac673e3b6bb,"{""distance"":5,""physical_error_rate"":0.5}","{""detection_events"":14451,""detectors_checked"":28672,""obs_mistake_mask=E"":68}"
        64,         4,         0,   0.337,exact_mw,7b4896c0e7f0a510554d89637fd747b157418067a95869d1f0661294d473d1dc,"{""distance"":5,""physical_error_rate"":0.02}","{""detection_events"":1121,""detectors_checked"":14336,""obs_mistake_mask=E"":4}"
        64,        30,         0,   0.504,exact_mw,d68317bf2f4c69d73359111c5597779a07d8ed85f1f94573f1c8a2f6c683850d,"{""distance"":5,""physical_error_rate"":0.2}","{""detection_events"":5684,""detectors_checked"":14336,""obs_mistake_mask=E"":30}"
     96256,         0,         0,   0.552,exact_mw,cdc4a450a40af8e24899239080e4c40992fb5baf91c5a31ab3a165eacb3a1ab3,"{""distance"":5,""physical_error_rate"":0.0002}","{""detection_events"":18638,""detectors_checked"":21561344}"
     90112,         0,         0,   0.555,exact_mw,cdc4a450a40af8e24899239080e4c40992fb5baf91c5a31ab3a165eacb3a1ab3,"{""distance"":5,""physical_error_rate"":0.0002}","{""detection_events"":17924,""detectors_checked"":20185088}"
        64,        23,         0,   0.513,exact_mw,d68317bf2f4c69d73359111c5597779a07d8ed85f1f94573f1c8a2f6c683850d,"{""distance"":5,""physical_error_rate"":0.2}","{""detection_events"":5702,""detectors_checked"":14336,""obs_mistake_mask=E"":23}"
    100352,         0,         0,   0.551,exact_mw,70a969f5042aec17ac076c6379f4170fb7c69b8e925756ef3b7334e28a33338b,"{""distance"":5,""physical_error_rate"":0.0001}","{""detection_events"":10000,""detectors_checked"":22478848}"
     60416,         0,         0,   0.573,exact_mw,cb12ae119b9b2ba18d0216e7235b403229e92fd0743ede48fe7f1a2c6f45d594,"{""distance"":5,""physical_error_rate"":0.0005}","{""detection_events"":29804,""detectors_checked"":13533184}"
        64,        30,         0,   0.552,exact_mw,14059eecea5f7bdc562c01e7682d53b775a747f80d40379178915ac673e3b6bb,"{""distance"":5,""physical_error_rate"":0.5}","{""detection_events"":7298,""detectors_checked"":14336,""obs_mistake_mask=E"":30}"
    135168,         0,         0,   0.794,exact_mw,70a969f5042aec17ac076c6379f4170fb7c69b8e925756ef3b7334e28a33338b,"{""distance"":5,""physical_error_rate"":0.0001}","{""detection_events"":13367,""detectors_checked"":30277632}"
    165888,         0,         0,   0.801,exact_mw,f32ebecd8e105e50ec838d33c5ed9b45444b6b44a3c6ac541111079f2b14e893,"{""distance"":5,""physical_error_rate"":5e-05}","{""detection_events"":8033,""detectors_checked"":37158912}"
       128,        63,         0,   0.841,exact_mw,d68317bf2f4c69d73359111c5597779a07d8ed85f1f94573f1c8a2f6c683850d,"{""distance"":5,""physical_error_rate"":0.2}","{""detection_events"":11491,""detectors_checked"":28672,""obs_mistake_mask=E"":63}"
     54272,         0,         0,   0.813,exact_mw,bb90ec3459e353008cf9a5bb9142bf1e8515517a9e167021b225104594e48e8a,"{""distance"":5,""physical_error_rate"":0.001}","{""detection_events"":53470,""detectors_checked"":12156928}"
     11264,         0,         0,   0.273,exact_mw,bb90ec3459e353008cf9a5bb9142bf1e8515517a9e167021b225104594e48e8a,"{""distance"":5,""physical_error_rate"":0.001}","{""detection_events"":10958,""detectors_checked"":2523136}"
        64,        23,         0,   0.467,exact_mw,7fd11737ba5953e5998cf5d5ab7672462ce2ff07a9ab0f8628176a3f70e7a095,"{""distance"":5,""physical_error_rate"":0.05}","{""detection_events"":2570,""detectors_checked"":14336,""obs_mistake_mask=E"":23}"
        64,        34,         0,   0.474,exact_mw,7def73f725f8347dc4de7c57664b66d91778cc6018e33f45b3defe89c7a0cfc0,"{""distance"":5,""physical_error_rate"":0.1}","{""detection_events"":3968,""detectors_checked"":14336,""obs_mistake_mask=E"":34}"
       512,         1,         0,   0.552,exact_mw,38b7ae1c4e8407fc325e0d9e43e9f92ff26dcb3f5cf7b98d24ea74c9e5188d39,"{""distance"":5,""physical_error_rate"":0.005}","{""detection_events"":2639,""detectors_checked"":114688,""obs_mistake_mask=E"":1}"
       512,         1,         0,   0.471,exact_mw,38b7ae1c4e8407fc325e0d9e43e9f92ff26dcb3f5cf7b98d24ea74c9e5188d39,"{""distance"":5,""physical_error_rate"":0.005}","{""detection_events"":2431,""detectors_checked"":114688,""obs_mistake_mask=E"":1}"
     66560,         0,         0,   0.570,exact_mw,cb12ae119b9b2ba18d0216e7235b403229e92fd0743ede48fe7f1a2c6f45d594,"{""distance"":5,""physical_error_rate"":0.0005}","{""detection_events"":32546,""detectors_checked"":14909440}"
      5120,         0,         0,   0.500,exact_mw,3208f56225bbcac0e2804eb6f92d0a8b681652a702ca1ec920ccd7367f0e0899,"{""distance"":5,""physical_error_rate"":0.002}","{""detection_events"":10302,""detectors_checked"":1146880}"
       128,        66,         0,   0.527,exact_mw,14059eecea5f7bdc562c01e7682d53b775a747f80d40379178915ac673e3b6bb,"{""distance"":5,""physical_error_rate"":0.5}","{""detection_events"":14355,""detectors_checked"":28672,""obs_mistake_mask=E"":66}"
     95232,         0,         0,   0.569,exact_mw,70a969f5042aec17ac076c6379f4170fb7c69b8e925756ef3b7334e28a33338b,"{""distance"":5,""physical_error_rate"":0.0001}","{""detection_events"":9505,""detectors_checked"":21331968}"
        64,        27,         0,   0.686,exact_mw,14059eecea5f7bdc562c01e7682d53b775a747f80d40379178915ac673e3b6bb,"{""distance"":5,""physical_error_rate"":0.5}","{""detection_events"":7092,""detectors_checked"":14336,""obs_mistake_mask=E"":27}"
     69632,         0,         0,   0.569,exact_mw,cb12ae119b9b2ba18d0216e7235b403229e92fd0743ede48fe7f1a2c6f45d594,"{""distance"":5,""physical_error_rate"":0.0005}","{""detection_events"":34399,""detectors_checked"":15597568}"
      4096,         0,         0,   0.548,exact_mw,3208f56225bbcac0e2804eb6f92d0a8b681652a702ca1ec920ccd7367f0e0899,"{""distance"":5,""physical_error_rate"":0.002}","{""detection_events"":7771,""detectors_checked"":917504}"
     92160,         0,         0,   0.565,exact_mw,f32ebecd8e105e50ec838d33c5ed9b45444b6b44a3c6ac541111079f2b14e893,"{""distance"":5,""physical_error_rate"":5e-05}","{""detection_events"":4558,""detectors_checked"":20643840}"
        64,        11,         0,   0.450,exact_mw,7fd11737ba5953e5998cf5d5ab7672462ce2ff07a9ab0f8628176a3f70e7a095,"{""distance"":5,""physical_error_rate"":0.05}","{""detection_events"":2464,""detectors_checked"":14336,""obs_mistake_mask=E"":11}"
      1024,         3,         0,    1.08,exact_mw,38b7ae1c4e8407fc325e0d9e43e9f92ff26dcb3f5cf7b98d24ea74c9e5188d39,"{""distance"":5,""physical_error_rate"":0.005}","{""detection_events"":4985,""detectors_checked"":229376,""obs_mistake_mask=E"":3}"
     31744,         0,         0,   0.582,exact_mw,bb90ec3459e353008cf9a5bb9142bf1e8515517a9e167021b225104594e48e8a,"{""distance"":5,""physical_error_rate"":0.001}","{""detection_events"":30911,""detectors_checked"":7110656}"
      6144,         0,         0,   0.662,exact_mw,3208f56225bbcac0e2804eb6f92d0a8b681652a702ca1ec920ccd7367f0e0899,"{""distance"":5,""physical_error_rate"":0.002}","{""detection_events"":12119,""detectors_checked"":1376256}"
       256,         1,         0,   0.704,exact_mw,72230d8c06b5a71069df48ede6f7f3e6128cd83e8239dd1b2e5fe023578b6eb1,"{""distance"":5,""physical_error_rate"":0.01}","{""detection_events"":2309,""detectors_checked"":57344,""obs_mistake_mask=E"":1}"
        64,        28,         0,   0.518,exact_mw,d68317bf2f4c69d73359111c5597779a07d8ed85f1f94573f1c8a2f6c683850d,"{""distance"":5,""physical_error_rate"":0.2}","{""detection_events"":5736,""detectors_checked"":14336,""obs_mistake_mask=E"":28}"
        64,         0,         0,   0.342,exact_mw,7b4896c0e7f0a510554d89637fd747b157418067a95869d1f0661294d473d1dc,"{""distance"":5,""physical_error_rate"":0.02}","{""detection_events"":1033,""detectors_checked"":14336}"
       512,         0,         0,   0.502,exact_mw,38b7ae1c4e8407fc325e0d9e43e9f92ff26dcb3f5cf7b98d24ea74c9e5188d39,"{""distance"":5,""physical_error_rate"":0.005}","{""detection_events"":2495,""detectors_checked"":114688}"
      4096,         0,         0,   0.415,exact_mw,3208f56225bbcac0e2804eb6f92d0a8b681652a702ca1ec920ccd7367f0e0899,"{""distance"":5,""physical_error_rate"":0.002}","{""detection_events"":8044,""detectors_checked"":917504}"
       128,        70,         0,   0.821,exact_mw,7def73f725f8347dc4de7c57664b66d91778cc6018e33f45b3defe89c7a0cfc0,"{""distance"":5,""physical_error_rate"":0.1}","{""detection_events"":7853,""detectors_checked"":28672,""obs_mistake_mask=E"":70}"
       256,         2,         0,   0.765,exact_mw,72230d8c06b5a71069df48ede6f7f3e6128cd83e8239dd1b2e5fe023578b6eb1,"{""distance"":5,""physical_error_rate"":0.01}","{""detection_events"":2462,""detectors_checked"":57344,""obs_mistake_mask=E"":2}"
        64,        25,         0,   0.484,exact_mw,7def73f725f8347dc4de7c57664b66d91778cc6018e33f45b3defe89c7a0cfc0,"{""distance"":5,""physical_error_rate"":0.1}","{""detection_events"":4017,""detectors_checked"":14336,""obs_mistake_mask=E"":25}"
        64,        26,         0,   0.484,exact_mw,7def73f725f8347dc4de7c57664b66d91778cc6018e33f45b3defe89c7a0cfc0,"{""distance"":5,""physical_error_rate"":0.1}","{""detection_events"":3957,""detectors_checked"":14336,""obs_mistake_mask=E"":26}"
       128,         4,         0,   0.696,exact_mw,7b4896c0e7f0a510554d89637fd747b157418067a95869d1f0661294d473d1dc,"{""distance"":5,""physical_error_rate"":0.02}","{""detection_events"":2245,""detectors_checked"":28672,""obs_mistake_mask=E"":4}"
        64,        32,         0,   0.505,exact_mw,d68317bf2f4c69d73359111c5597779a07d8ed85f1f94573f1c8a2f6c683850d,"{""distance"":5,""physical_error_rate"":0.2}","{""detection_events"":5824,""detectors_checked"":14336,""obs_mistake_mask=E"":32}"
    129024,         0,         0,   0.792,exact_mw,cdc4a450a40af8e24899239080e4c40992fb5baf91c5a31ab3a165eacb3a1ab3,"{""distance"":5,""physical_error_rate"":0.0002}","{""detection_events"":26009,""detectors_checked"":28901376}"
       128,         3,         0,   0.798,exact_mw,7b4896c0e7f0a510554d89637fd747b157418067a95869d1f0661294d473d1dc,"{""distance"":5,""physical_error_rate"":0.02}","{""detection_events"":2215,""detectors_checked"":28672,""obs_mistake_mask=E"":3}"
       256,         2,         0,   0.690,exact_mw,72230d8c06b5a71069df48ede6f7f3e6128cd83e8239dd1b2e5fe023578b6eb1,"{""distance"":5,""physical_error_rate"":0.01}","{""detection_events"":2301,""detectors_checked"":57344,""obs_mistake_mask=E"":2}"
     17408,         0,         0,   0.406,exact_mw,bb90ec3459e353008cf9a5bb9142bf1e8515517a9e167021b225104594e48e8a,"{""distance"":5,""physical_error_rate"":0.001}","{""detection_events"":17371,""detectors_checked"":3899392}"
       128,        64,         0,   0.583,exact_mw,14059eecea5f7bdc562c01e7682d53b775a747f80d40379178915ac673e3b6bb,"{""distance"":5,""physical_error_rate"":0.5}","{""detection_events"":14384,""detectors_checked"":28672,""obs_mistake_mask=E"":64}"
        64,        37,         0,   0.517,exact_mw,d68317bf2f4c69d73359111c5597779a07d8ed85f1f94573f1c8a2f6c683850d,"{""distance"":5,""physical_error_rate"":0.2}","{""detection_events"":5576,""detectors_checked"":14336,""obs_mistake_mask=E"":37}"
        64,        15,         0,   0.456,exact_mw,7fd11737ba5953e5998cf5d5ab7672462ce2ff07a9ab0f8628176a3f70e7a095,"{""distance"":5,""physical_error_rate"":0.05}","{""detection_events"":2430,""detectors_checked"":14336,""obs_mistake_mask=E"":15}"
       128,         3,         0,   0.674,exact_mw,7b4896c0e7f0a510554d89637fd747b157418067a95869d1f0661294d473d1dc,"{""distance"":5,""physical_error_rate"":0.02}","{""detection_events"":2333,""detectors_checked"":28672,""obs_mistake_mask=E"":3}"
       512,         1,         0,   0.445,exact_mw,38b7ae1c4e8407fc325e0d9e43e9f92ff26dcb3f5cf7b98d24ea74c9e5188d39,"{""distance"":5,""physical_error_rate"":0.005}","{""detection_events"":2459,""detectors_checked"":114688,""obs_mistake_mask=E"":1}"
        64,        39,         0,   0.496,exact_mw,7def73f725f8347dc4de7c57664b66d91778cc6018e33f45b3defe89c7a0cfc0,"{""distance"":5,""physical_error_rate"":0.1}","{""detection_events"":4000,""detectors_checked"":14336,""obs_mistake_mask=E"":39}"
       512,         0,         0,   0.493,exact_mw,38b7ae1c4e8407fc325e0d9e43e9f92ff26dcb3f5cf7b98d24ea74c9e5188d39,"{""distance"":5,""physical_error_rate"":0.005}","{""detection_events"":2520,""detectors_checked"":114688}"
    169984,         0,         0,   0.792,exact_mw,f32ebecd8e105e50ec838d33c5ed9b45444b6b44a3c6ac541111079f2b14e893,"{""distance"":5,""physical_error_rate"":5e-05}","{""detection_events"":8490,""detectors_checked"":38076416}"
       128,        71,         0,   0.544,exact_mw,d68317bf2f4c69d73359111c5597779a07d8ed85f1f94573f1c8a2f6c683850d,"{""distance"":5,""physical_error_rate"":0.2}","{""detection_events"":11304,""detectors_checked"":28672,""obs_mistake_mask=E"":71}"
        64,         3,         0,   0.347,exact_mw,7b4896c0e7f0a510554d89637fd747b157418067a95869d1f0661294d473d1dc,"{""distance"":5,""physical_error_rate"":0.02}","{""detection_events"":1135,""detectors_checked"":14336,""obs_mistake_mask=E"":3}"
        64,        18,         0,   0.737,exact_mw,7fd11737ba5953e5998cf5d5ab7672462ce2ff07a9ab0f8628176a3f70e7a095,"{""distance"":5,""physical_error_rate"":0.05}","{""detection_events"":2401,""detectors_checked"":14336,""obs_mistake_mask=E"":18}"
        64,        11,         0,   0.456,exact_mw,7fd11737ba5953e5998cf5d5ab7672462ce2ff07a9ab0f8628176a3f70e7a095,"{""distance"":5,""physical_error_rate"":0.05}","{""detection_events"":2434,""detectors_checked"":14336,""obs_mistake_mask=E"":11}"
        64,        24,         0,   0.323,exact_mw,7def73f725f8347dc4de7c57664b66d91778cc6018e33f45b3defe89c7a0cfc0,"{""distance"":5,""physical_error_rate"":0.1}","{""detection_events"":4028,""detectors_checked"":14336,""obs_mistake_mask=E"":24}"
       128,        26,         0,   0.927,exact_mw,7fd11737ba5953e5998cf5d5ab7672462ce2ff07a9ab0f8628176a3f70e7a095,"{""distance"":5,""physical_error_rate"":0.05}","{""detection_events"":4960,""detectors_checked"":28672,""obs_mistake_mask=E"":26}"
        64,        36,         0,   0.522,exact_mw,14059eecea5f7bdc562c01e7682d53b775a747f80d40379178915ac673e3b6bb,"{""distance"":5,""physical_error_rate"":0.5}","{""detection_events"":7154,""detectors_checked"":14336,""obs_mistake_mask=E"":36}"
       256,         2,         0,    1.03,exact_mw,72230d8c06b5a71069df48ede6f7f3e6128cd83e8239dd1b2e5fe023578b6eb1,"{""distance"":5,""physical_error_rate"":0.01}","{""detection_events"":2405,""detectors_checked"":57344,""obs_mistake_mask=E"":2}"
     76800,         0,         0,   0.804,exact_mw,bb90ec3459e353008cf9a5bb9142bf1e8515517a9e167021b225104594e48e8a,"{""distance"":5,""physical_error_rate"":0.001}","{""detection_events"":74769,""detectors_checked"":17203200}"
    136192,         0,         0,   0.791,exact_mw,cdc4a450a40af8e24899239080e4c40992fb5baf91c5a31ab3a165eacb3a1ab3,"{""distance"":5,""physical_error_rate"":0.0002}","{""detection_events"":26817,""detectors_checked"":30507008}"
    126976,         0,         0,   0.798,exact_mw,cdc4a450a40af8e24899239080e4c40992fb5baf91c5a31ab3a165eacb3a1ab3,"{""distance"":5,""physical_error_rate"":0.0002}","{""detection_events"":24711,""detectors_checked"":28442624}"
        64,        33,         0,   0.520,exact_mw,d68317bf2f4c69d73359111c5597779a07d8ed85f1f94573f1c8a2f6c683850d,"{""distance"":5,""physical_error_rate"":0.2}","{""detection_events"":5752,""detectors_checked"":14336,""obs_mistake_mask=E"":33}"
    182272,         0,         0,   0.790,exact_mw,70a969f5042aec17ac076c6379f4170fb7c69b8e925756ef3b7334e28a33338b,"{""distance"":5,""physical_error_rate"":0.0001}","{""detection_events"":17883,""detectors_checked"":40828928}"
     98304,         0,         0,   0.800,exact_mw,cb12ae119b9b2ba18d0216e7235b403229e92fd0743ede48fe7f1a2c6f45d594,"{""distance"":5,""physical_error_rate"":0.0005}","{""detection_events"":48844,""detectors_checked"":22020096}"
       128,        61,         0,   0.499,exact_mw,7def73f725f8347dc4de7c57664b66d91778cc6018e33f45b3defe89c7a0cfc0,"{""distance"":5,""physical_error_rate"":0.1}","{""detection_events"":7997,""detectors_checked"":28672,""obs_mistake_mask=E"":61}"
       512,         1,         0,   0.540,exact_mw,38b7ae1c4e8407fc325e0d9e43e9f92ff26dcb3f5cf7b98d24ea74c9e5188d39,"{""distance"":5,""physical_error_rate"":0.005}","{""detection_events"":2613,""detectors_checked"":114688,""obs_mistake_mask=E"":1}"
       128,        53,         0,   0.664,exact_mw,14059eecea5f7bdc562c01e7682d53b775a747f80d40379178915ac673e3b6bb,"{""distance"":5,""physical_error_rate"":0.5}","{""detection_events"":14286,""detectors_checked"":28672,""obs_mistake_mask=E"":53}"
      4096,         0,         0,   0.661,exact_mw,3208f56225bbcac0e2804eb6f92d0a8b681652a702ca1ec920ccd7367f0e0899,"{""distance"":5,""physical_error_rate"":0.002}","{""detection_events"":7837,""detectors_checked"":917504}"
        64,        31,         0,   0.513,exact_mw,7def73f725f8347dc4de7c57664b66d91778cc6018e33f45b3defe89c7a0cfc0,"{""distance"":5,""physical_error_rate"":0.1}","{""detection_events"":3911,""detectors_checked"":14336,""obs_mistake_mask=E"":31}"
      5120,         0,         0,   0.739,exact_mw,3208f56225bbcac0e2804eb6f92d0a8b681652a702ca1ec920ccd7367f0e0899,"{""distance"":5,""physical_error_rate"":0.002}","{""detection_events"":9875,""detectors_checked"":1146880}"
      7168,         0,         0,   0.631,exact_mw,3208f56225bbcac0e2804eb6f92d0a8b681652a702ca1ec920ccd7367f0e0899,"{""distance"":5,""physical_error_rate"":0.002}","{""detection_events"":13626,""detectors_checked"":1605632}"
     65536,         0,         0,   0.812,exact_mw,cb12ae119b9b2ba18d0216e7235b403229e92fd0743ede48fe7f1a2c6f45d594,"{""distance"":5,""physical_error_rate"":0.0005}","{""detection_events"":32382,""detectors_checked"":14680064}"
       512,         1,         0,   0.364,exact_mw,38b7ae1c4e8407fc325e0d9e43e9f92ff26dcb3f5cf7b98d24ea74c9e5188d39,"{""distance"":5,""physical_error_rate"":0.005}","{""detection_events"":2265,""detectors_checked"":114688,""obs_mistake_mask=E"":1}"
        64,         1,         0,   0.321,exact_mw,7b4896c0e7f0a510554d89637fd747b157418067a95869d1f0661294d473d1dc,"{""distance"":5,""physical_error_rate"":0.02}","{""detection_events"":1057,""detectors_checked"":14336,""obs_mistake_mask=E"":1}"
        64,        35,         0,   0.519,exact_mw,d68317bf2f4c69d73359111c5597779a07d8ed85f1f94573f1c8a2f6c683850d,"{""distance"":5,""physical_error_rate"":0.2}","{""detection_events"":5603,""detectors_checked"":14336,""obs_mistake_mask=E"":35}"
        64,        37,         0,   0.945,exact_mw,14059eecea5f7bdc562c01e7682d53b775a747f80d40379178915ac673e3b6bb,"{""distance"":5,""physical_error_rate"":0.5}","{""detection_events"":7032,""detectors_checked"":14336,""obs_mistake_mask=E"":37}"
    133120,         0,         0,   0.800,exact_mw,70a969f5042aec17ac076c6379f4170fb7c69b8e925756ef3b7334e28a33338b,"{""distance"":5,""physical_error_rate"":0.0001}","{""detection_events"":12692,""detectors_checked"":29818880}"
     68608,         1,         0,   0.802,exact_mw,cb12ae119b9b2ba18d0216e7235b403229e92fd0743ede48fe7f1a2c6f45d594,"{""distance"":5,""physical_error_rate"":0.0005}","{""detection_events"":33496,""detectors_checked"":15368192,""obs_mistake_mask=E"":1}"
       256,         1,         0,   0.710,exact_mw,72230d8c06b5a71069df48ede6f7f3e6128cd83e8239dd1b2e5fe023578b6eb1,"{""distance"":5,""physical_error_rate"":0.01}","{""detection_events"":2513,""detectors_checked"":57344,""obs_mistake_mask=E"":1}"
        64,        28,         0,   0.297,exact_mw,7def73f725f8347dc4de7c57664b66d91778cc6018e33f45b3defe89c7a0cfc0,"{""distance"":5,""physical_error_rate"":0.1}","{""detection_events"":3951,""detectors_checked"":14336,""obs_mistake_mask=E"":28}"
    132096,         0,         0,   0.797,exact_mw,f32ebecd8e105e50ec838d33c5ed9b45444b6b44a3c6ac541111079f2b14e893,"{""distance"":5,""physical_error_rate"":5e-05}","{""detection_events"":6237,""detectors_checked"":29589504}"
        64,        14,         0,   0.453,exact_mw,7fd11737ba5953e5998cf5d5ab7672462ce2ff07a9ab0f8628176a3f70e7a095,"{""distance"":5,""physical_error_rate"":0.05}","{""detection_events"":2549,""detectors_checked"":14336,""obs_mistake_mask=E"":14}"
     39936,         0,         0,   0.784,exact_mw,bb90ec3459e353008cf9a5bb9142bf1e8515517a9e167021b225104594e48e8a,"{""distance"":5,""physical_error_rate"":0.001}","{""detection_events"":39040,""detectors_checked"":8945664}"
        64,        38,         0,   0.516,exact_mw,d68317bf2f4c69d73359111c5597779a07d8ed85f1f94573f1c8a2f6c683850d,"{""distance"":5,""physical_error_rate"":0.2}","{""detection_events"":5660,""detectors_checked"":14336,""obs_mistake_mask=E"":38}"
       512,         0,         0,   0.459,exact_mw,38b7ae1c4e8407fc325e0d9e43e9f92ff26dcb3f5cf7b98d24ea74c9e5188d39,"{""distance"":5,""physical_error_rate"":0.005}","{""detection_events"":2379,""detectors_checked"":114688}"
     22528,         0,         0,   0.570,exact_mw,bb90ec3459e353008cf9a5bb9142bf1e8515517a9e167021b225104594e48e8a,"{""distance"":5,""physical_error_rate"":0.001}","{""detection_events"":22027,""detectors_checked"":5046272}"
       128,         4,         0,   0.676,exact_mw,7b4896c0e7f0a510554d89637fd747b157418067a95869d1f0661294d473d1dc,"{""distance"":5,""physical_error_rate"":0.02}","{""detection_events"":2219,""detectors_checked"":28672,""obs_mistake_mask=E"":4}"
        64,        35,         0,   0.483,exact_mw,7def73f725f8347dc4de7c57664b66d91778cc6018e33f45b3defe89c7a0cfc0,"{""distance"":5,""physical_error_rate"":0.1}","{""detection_events"":4094,""detectors_checked"":14336,""obs_mistake_mask=E"":35}"
      1024,         0,         0,   0.901,exact_mw,38b7ae1c4e8407fc325e0d9e43e9f92ff26dcb3f5cf7b98d24ea74c9e5188d39,"{""distance"":5,""physical_error_rate"":0.005}","{""detection_events"":4931,""detectors_checked"":229376}"
        64,        15,         0,   0.452,exact_mw,7fd11737ba5953e5998cf5d5ab7672462ce2ff07a9ab0f8628176a3f70e7a095,"{""distance"":5,""physical_error_rate"":0.05}","{""detection_events"":2482,""detectors_checked"":14336,""obs_mistake_mask=E"":15}"
       256,         3,         0,   0.767,exact_mw,72230d8c06b5a71069df48ede6f7f3e6128cd83e8239dd1b2e5fe023578b6eb1,"{""distance"":5,""physical_error_rate"":0.01}","{""detection_events"":2417,""detectors_checked"":57344,""obs_mistake_mask=E"":3}"
      9216,         0,         0,   0.888,exact_mw,3208f56225bbcac0e2804eb6f92d0a8b681652a702ca1ec920ccd7367f0e0899,"{""distance"":5,""physical_error_rate"":0.002}","{""detection_events"":18096,""detectors_checked"":2064384}"
        64,        11,         0,   0.495,exact_mw,7fd11737ba5953e5998cf5d5ab7672462ce2ff07a9ab0f8628176a3f70e7a095,"{""distance"":5,""physical_error_rate"":0.05}","{""detection_events"":2558,""detectors_checked"":14336,""obs_mistake_mask=E"":11}"
    186368,         0,         0,    1.10,exact_mw,f32ebecd8e105e50ec838d33c5ed9b45444b6b44a3c6ac541111079f2b14e893,"{""distance"":5,""physical_error_rate"":5e-05}","{""detection_events"":9277,""detectors_checked"":41746432}"
    186368,         0,         0,    1.12,exact_mw,70a969f5042aec17ac076c6379f4170fb7c69b8e925756ef3b7334e28a33338b,"{""distance"":5,""physical_error_rate"":0.0001}","{""detection_events"":18259,""detectors_checked"":41746432}"
     55296,         0,         0,    1.11,exact_mw,bb90ec3459e353008cf9a5bb9142bf1e8515517a9e167021b225104594e48e8a,"{""distance"":5,""physical_error_rate"":0.001}","{""detection_events"":53643,""detectors_checked"":12386304}"
       256,         1,         0,   0.732,exact_mw,72230d8c06b5a71069df48ede6f7f3e6128cd83e8239dd1b2e5fe023578b6eb1,"{""distance"":5,""physical_error_rate"":0.01}","{""detection_events"":2341,""detectors_checked"":57344,""obs_mistake_mask=E"":1}"
       128,        67,         0,   0.706,exact_mw,14059eecea5f7bdc562c01e7682d53b775a747f80d40379178915ac673e3b6bb,"{""distance"":5,""physical_error_rate"":0.5}","{""detection_events"":14363,""detectors_checked"":28672,""obs_mistake_mask=E"":67}"
        64,        37,         0,   0.522,exact_mw,14059eecea5f7bdc562c01e7682d53b775a747f80d40379178915ac673e3b6bb,"{""distance"":5,""physical_error_rate"":0.5}","{""detection_events"":7139,""detectors_checked"":14336,""obs_mistake_mask=E"":37}"
       128,         1,         0,   0.683,exact_mw,7b4896c0e7f0a510554d89637fd747b157418067a95869d1f0661294d473d1dc,"{""distance"":5,""physical_error_rate"":0.02}","{""detection_events"":2239,""detectors_checked"":28672,""obs_mistake_mask=E"":1}"
       512,         0,         0,   0.426,exact_mw,38b7ae1c4e8407fc325e0d9e43e9f92ff26dcb3f5cf7b98d24ea74c9e5188d39,"{""distance"":5,""physical_error_rate"":0.005}","{""detection_events"":2430,""detectors_checked"":114688}"
        64,         0,         0,   0.335,exact_mw,7b4896c0e7f0a510554d89637fd747b157418067a95869d1f0661294d473d1dc,"{""distance"":5,""physical_error_rate"":0.02}","{""detection_events"":1190,""detectors_checked"":14336}"
        64,        28,         0,   0.488,exact_mw,7def73f725f8347dc4de7c57664b66d91778cc6018e33f45b3defe89c7a0cfc0,"{""distance"":5,""physical_error_rate"":0.1}","{""detection_events"":3977,""detectors_checked"":14336,""obs_mistake_mask=E"":28}"
       512,         0,         0,   0.443,exact_mw,38b7ae1c4e8407fc325e0d9e43e9f92ff26dcb3f5cf7b98d24ea74c9e5188d39,"{""distance"":5,""physical_error_rate"":0.005}","{""detection_events"":2422,""detectors_checked"":114688}"
       128,        55,         0,   0.566,exact_mw,7def73f725f8347dc4de7c57664b66d91778cc6018e33f45b3defe89c7a0cfc0,"{""distance"":5,""physical_error_rate"":0.1}","{""detection_events"":8039,""detectors_checked"":28672,""obs_mistake_mask=E"":55}"
        64,        32,         0,   0.388,exact_mw,d68317bf2f4c69d73359111c5597779a07d8ed85f1f94573f1c8a2f6c683850d,"{""distance"":5,""physical_error_rate"":0.2}","{""detection_events"":5621,""detectors_checked"":14336,""obs_mistake_mask=E"":32}"
       128,        61,         0,   0.588,exact_mw,14059eecea5f7bdc562c01e7682d53b775a747f80d40379178915ac673e3b6bb,"{""distance"":5,""physical_error_rate"":0.5}","{""detection_events"":14470,""detectors_checked"":28672,""obs_mistake_mask=E"":61}"
       256,         3,         0,   0.759,exact_mw,72230d8c06b5a71069df48ede6f7f3e6128cd83e8239dd1b2e5fe023578b6eb1,"{""distance"":5,""physical_error_rate"":0.01}","{""detection_events"":2428,""detectors_checked"":57344,""obs_mistake_mask=E"":3}"
       512,         0,         0,   0.419,exact_mw,38b7ae1c4e8407fc325e0d9e43e9f92ff26dcb3f5cf7b98d24ea74c9e5188d39,"{""distance"":5,""physical_error_rate"":0.005}","{""detection_events"":2399,""detectors_checked"":114688}"
        64,        39,         0,   0.673,exact_mw,d68317bf2f4c69d73359111c5597779a07d8ed85f1f94573f1c8a2f6c683850d,"{""distance"":5,""physical_error_rate"":0.2}","{""detection_events"":5686,""detectors_checked"":14336,""obs_mistake_mask=E"":39}"
        64,        28,         0,   0.523,exact_mw,d68317bf2f4c69d73359111c5597779a07d8ed85f1f94573f1c8a2f6c683850d,"{""distance"":5,""physical_error_rate"":0.2}","{""detection_events"":5667,""detectors_checked"":14336,""obs_mistake_mask=E"":28}"
       128,        57,         0,   0.514,exact_mw,7def73f725f8347dc4de7c57664b66d91778cc6018e33f45b3defe89c7a0cfc0,"{""distance"":5,""physical_error_rate"":0.1}","{""detection_events"":8021,""detectors_checked"":28672,""obs_mistake_mask=E"":57}"
       128,         5,         0,    1.09,exact_mw,7b4896c0e7f0a510554d89637fd747b157418067a95869d1f0661294d473d1dc,"{""distance"":5,""physical_error_rate"":0.02}","{""detection_events"":2280,""detectors_checked"":28672,""obs_mistake_mask=E"":5}"
        64,        27,         0,   0.468,exact_mw,7def73f725f8347dc4de7c57664b66d91778cc6018e33f45b3defe89c7a0cfc0,"{""distance"":5,""physical_error_rate"":0.1}","{""detection_events"":4038,""detectors_checked"":14336,""obs_mistake_mask=E"":27}"
        64,         9,         0,   0.442,exact_mw,7fd11737ba5953e5998cf5d5ab7672462ce2ff07a9ab0f8628176a3f70e7a095,"{""distance"":5,""physical_error_rate"":0.05}","{""detection_events"":2359,""detectors_checked"":14336,""obs_mistake_mask=E"":9}"
    185344,         0,         0,    1.12,exact_mw,cdc4a450a40af8e24899239080e4c40992fb5baf91c5a31ab3a165eacb3a1ab3,"{""distance"":5,""physical_error_rate"":0.0002}","{""detection_events"":36546,""detectors_checked"":41517056}"
       128,        28,         0,   0.925,exact_mw,7fd11737ba5953e5998cf5d5ab7672462ce2ff07a9ab0f8628176a3f70e7a095,"{""distance"":5,""physical_error_rate"":0.05}","{""detection_events"":4961,""detectors_checked"":28672,""obs_mistake_mask=E"":28}"
       512,         0,         0,   0.370,exact_mw,38b7ae1c4e8407fc325e0d9e43e9f92ff26dcb3f5cf7b98d24ea74c9e5188d39,"{""distance"":5,""physical_error_rate"":0.005}","{""detection_events"":2355,""detectors_checked"":114688}"
       128,        74,         0,    1.03,exact_mw,d68317bf2f4c69d73359111c5597779a07d8ed85f1f94573f1c8a2f6c683850d,"{""distance"":5,""physical_error_rate"":0.2}","{""detection_events"":11360,""detectors_checked"":28672,""obs_mistake_mask=E"":74}"
        64,        33,         0,   0.698,exact_mw,14059eecea5f7bdc562c01e7682d53b775a747f80d40379178915ac673e3b6bb,"{""distance"":5,""physical_error_rate"":0.5}","{""detection_events"":7213,""detectors_checked"":14336,""obs_mistake_mask=E"":33}"
       128,         0,         0,   0.426,exact_mw,7b4896c0e7f0a510554d89637fd747b157418067a95869d1f0661294d473d1dc,"{""distance"":5,""physical_error_rate"":0.02}","{""detection_events"":2299,""detectors_checked"":28672}"
       256,         5,         0,   0.698,exact_mw,72230d8c06b5a71069df48ede6f7f3e6128cd83e8239dd1b2e5fe023578b6eb1,"{""distance"":5,""physical_error_rate"":0.01}","{""detection_events"":2421,""detectors_checked"":57344,""obs_mistake_mask=E"":5}"
        64,         1,         0,   0.405,exact_mw,7b4896c0e7f0a510554d89637fd747b157418067a95869d1f0661294d473d1dc,"{""distance"":5,""physical_error_rate"":0.02}","{""detection_events"":1192,""detectors_checked"":14336,""obs_mistake_mask=E"":1}"
    192512,         0,         0,    1.08,exact_mw,f32ebecd8e105e50ec838d33c5ed9b45444b6b44a3c6ac541111079f2b14e893,"{""distance"":5,""physical_error_rate"":5e-05}","{""detection_events"":9680,""detectors_checked"":43122688}"
        64,        14,         0,   0.721,exact_mw,7fd11737ba5953e5998cf5d5ab7672462ce2ff07a9ab0f8628176a3f70e7a095,"{""distance"":5,""physical_error_rate"":0.05}","{""detection_events"":2330,""detectors_checked"":14336,""obs_mistake_mask=E"":14}"
      4096,         0,         0,   0.853,exact_mw,3208f56225bbcac0e2804eb6f92d0a8b681652a702ca1ec920ccd7367f0e0899,"{""distance"":5,""physical_error_rate"":0.002}","{""detection_events"":7989,""detectors_checked"":917504}"
        64,        27,         0,   0.514,exact_mw,14059eecea5f7bdc562c01e7682d53b775a747f80d40379178915ac673e3b6bb,"{""distance"":5,""physical_error_rate"":0.5}","{""detection_events"":7192,""detectors_checked"":14336,""obs_mistake_mask=E"":27}"
        64,        16,         0,   0.586,exact_mw,7fd11737ba5953e5998cf5d5ab7672462ce2ff07a9ab0f8628176a3f70e7a095,"{""distance"":5,""physical_error_rate"":0.05}","{""detection_events"":2399,""detectors_checked"":14336,""obs_mistake_mask=E"":16}"
        64,        33,         0,   0.334,exact_mw,d68317bf2f4c69d73359111c5597779a07d8ed85f1f94573f1c8a2f6c683850d,"{""distance"":5,""physical_error_rate"":0.2}","{""detection_events"":5737,""detectors_checked"":14336,""obs_mistake_mask=E"":33}"
       128,        62,         0,   0.541,exact_mw,14059eecea5f7bdc562c01e7682d53b775a747f80d40379178915ac673e3b6bb,"{""distance"":5,""physical_error_rate"":0.5}","{""detection_events"":14336,""detectors_checked"":28672,""obs_mistake_mask=E"":62}"
       128,         2,         0,   0.717,exact_mw,7b4896c0e7f0a510554d89637fd747b157418067a95869d1f0661294d473d1dc,"{""distance"":5,""physical_error_rate"":0.02}","{""detection_events"":2405,""detectors_checked"":28672,""obs_mistake_mask=E"":2}"
       512,         1,         0,   0.416,exact_mw,38b7ae1c4e8407fc325e0d9e43e9f92ff26dcb3f5cf7b98d24ea74c9e5188d39,"{""distance"":5,""physical_error_rate"":0.005}","{""detection_events"":2426,""detectors_checked"":114688,""obs_mistake_mask=E"":1}"
      9216,         0,         0,   0.864,exact_mw,3208f56225bbcac0e2804eb6f92d0a8b681652a702ca1ec920ccd7367f0e0899,"{""distance"":5,""physical_error_rate"":0.002}","{""detection_events"":17986,""detectors_checked"":2064384}"
    110592,         0,         0,    1.11,exact_mw,bb90ec3459e353008cf9a5bb9142bf1e8515517a9e167021b225104594e48e8a,"{""distance"":5,""physical_error_rate"":0.001}","{""detection_events"":107547,""detectors_checked"":24772608}"
       256,         2,         0,   0.722,exact_mw,72230d8c06b5a71069df48ede6f7f3e6128cd83e8239dd1b2e5fe023578b6eb1,"{""distance"":5,""physical_error_rate"":0.01}","{""detection_events"":2336,""detectors_checked"":57344,""obs_mistake_mask=E"":2}"
    201728,         0,         0,    1.11,exact_mw,cdc4a450a40af8e24899239080e4c40992fb5baf91c5a31ab3a165eacb3a1ab3,"{""distance"":5,""physical_error_rate"":0.0002}","{""detection_events"":40274,""detectors_checked"":45187072}"
     37888,         0,         0,   0.800,exact_mw,bb90ec3459e353008cf9a5bb9142bf1e8515517a9e167021b225104594e48e8a,"{""distance"":5,""physical_error_rate"":0.001}","{""detection_events"":37743,""detectors_checked"":8486912}"
        64,        28,         0,   0.510,exact_mw,7def73f725f8347dc4de7c57664b66d91778cc6018e33f45b3defe89c7a0cfc0,"{""distance"":5,""physical_error_rate"":0.1}","{""detection_events"":4075,""detectors_checked"":14336,""obs_mistake_mask=E"":28}"
      6144,         0,         0,    1.03,exact_mw,3208f56225bbcac0e2804eb6f92d0a8b681652a702ca1ec920ccd7367f0e0899,"{""distance"":5,""physical_error_rate"":0.002}","{""detection_events"":12092,""detectors_checked"":1376256}"
       128,        54,         0,   0.488,exact_mw,7def73f725f8347dc4de7c57664b66d91778cc6018e33f45b3defe89c7a0cfc0,"{""distance"":5,""physical_error_rate"":0.1}","{""detection_events"":8077,""detectors_checked"":28672,""obs_mistake_mask=E"":54}"
    178176,         0,         0,    1.11,exact_mw,cdc4a450a40af8e24899239080e4c40992fb5baf91c5a31ab3a165eacb3a1ab3,"{""distance"":5,""physical_error_rate"":0.0002}","{""detection_events"":34776,""detectors_checked"":39911424}"
    167936,         0,         0,    1.13,exact_mw,70a969f5042aec17ac076c6379f4170fb7c69b8e925756ef3b7334e28a33338b,"{""distance"":5,""physical_error_rate"":0.0001}","{""detection_events"":16410,""detectors_checked"":37617664}"
    132096,         0,         0,    1.12,exact_mw,cb12ae119b9b2ba18d0216e7235b403229e92fd0743ede48fe7f1a2c6f45d594,"{""distance"":5,""physical_error_rate"":0.0005}","{""detection_events"":65099,""detectors_checked"":29589504}"
       256,         3,         0,   0.750,exact_mw,72230d8c06b5a71069df48ede6f7f3e6128cd83e8239dd1b2e5fe023578b6eb1,"{""distance"":5,""physical_error_rate"":0.01}","{""detection_events"":2459,""detectors_checked"":57344,""obs_mistake_mask=E"":3}"
       128,        59,         0,   0.483,exact_mw,7def73f725f8347dc4de7c57664b66d91778cc6018e33f45b3defe89c7a0cfc0,"{""distance"":5,""physical_error_rate"":0.1}","{""detection_events"":8132,""detectors_checked"":28672,""obs_mistake_mask=E"":59}"
       128,        56,         0,   0.562,exact_mw,14059eecea5f7bdc562c01e7682d53b775a747f80d40379178915ac673e3b6bb,"{""distance"":5,""physical_error_rate"":0.5}","{""detection_events"":14316,""detectors_checked"":28672,""obs_mistake_mask=E"":56}"
       512,         1,         0,   0.527,exact_mw,38b7ae1c4e8407fc325e0d9e43e9f92ff26dcb3f5cf7b98d24ea74c9e5188d39,"{""distance"":5,""physical_error_rate"":0.005}","{""detection_events"":2520,""detectors_checked"":114688,""obs_mistake_mask=E"":1}"
        64,        33,         0,   0.506,exact_mw,d68317bf2f4c69d73359111c5597779a07d8ed85f1f94573f1c8a2f6c683850d,"{""distance"":5,""physical_error_rate"":0.2}","{""detection_events"":5639,""detectors_checked"":14336,""obs_mistake_mask=E"":33}"
        64,        29,         0,   0.486,exact_mw,7def73f725f8347dc4de7c57664b66d91778cc6018e33f45b3defe89c7a0cfc0,"{""distance"":5,""physical_error_rate"":0.1}","{""detection_events"":4015,""detectors_checked"":14336,""obs_mistake_mask=E"":29}"
        64,        14,         0,   0.457,exact_mw,7fd11737ba5953e5998cf5d5ab7672462ce2ff07a9ab0f8628176a3f70e7a095,"{""distance"":5,""physical_error_rate"":0.05}","{""detection_events"":2398,""detectors_checked"":14336,""obs_mistake_mask=E"":14}"
      1024,         1,         0,   0.936,exact_mw,38b7ae1c4e8407fc325e0d9e43e9f92ff26dcb3f5cf7b98d24ea74c9e5188d39,"{""distance"":5,""physical_error_rate"":0.005}","{""detection_events"":5081,""detectors_checked"":229376,""obs_mistake_mask=E"":1}"
        64,        26,         0,   0.321,exact_mw,d68317bf2f4c69d73359111c5597779a07d8ed85f1f94573f1c8a2f6c683850d,"{""distance"":5,""physical_error_rate"":0.2}","{""detection_events"":5908,""detectors_checked"":14336,""obs_mistake_mask=E"":26}"
     79872,         0,         0,    1.12,exact_mw,cb12ae119b9b2ba18d0216e7235b403229e92fd0743ede48fe7f1a2c6f45d594,"{""distance"":5,""physical_error_rate"":0.0005}","{""detection_events"":39027,""detectors_checked"":17891328}"
    204800,         0,         0,    1.10,exact_mw,70a969f5042aec17ac076c6379f4170fb7c69b8e925756ef3b7334e28a33338b,"{""distance"":5,""physical_error_rate"":0.0001}","{""detection_events"":19836,""detectors_checked"":45875200}"
     91136,         0,         0,    1.08,exact_mw,cb12ae119b9b2ba18d0216e7235b403229e92fd0743ede48fe7f1a2c6f45d594,"{""distance"":5,""physical_error_rate"":0.0005}","{""detection_events"":45111,""detectors_checked"":20414464}"
    184320,         0,         0,    1.10,exact_mw,f32ebecd8e105e50ec838d33c5ed9b45444b6b44a3c6ac541111079f2b14e893,"{""distance"":5,""physical_error_rate"":5e-05}","{""detection_events"":9052,""detectors_checked"":41287680}"
     47104,         1,         0,    1.13,exact_mw,bb90ec3459e353008cf9a5bb9142bf1e8515517a9e167021b225104594e48e8a,"{""distance"":5,""physical_error_rate"":0.001}","{""detection_events"":45840,""detectors_checked"":10551296,""obs_mistake_mask=E"":1}"
       256,         5,         0,   0.725,exact_mw,72230d8c06b5a71069df48ede6f7f3e6128cd83e8239dd1b2e5fe023578b6eb1,"{""distance"":5,""physical_error_rate"":0.01}","{""detection_events"":2349,""detectors_checked"":57344,""obs_mistake_mask=E"":5}"
       128,         4,         0,   0.563,exact_mw,7b4896c0e7f0a510554d89637fd747b157418067a95869d1f0661294d473d1dc,"{""distance"":5,""physical_error_rate"":0.02}","{""detection_events"":2274,""detectors_checked"":28672,""obs_mistake_mask=E"":4}"
       512,         0,         0,   0.592,exact_mw,38b7ae1c4e8407fc325e0d9e43e9f92ff26dcb3f5cf7b98d24ea74c9e5188d39,"{""distance"":5,""physical_error_rate"":0.005}","{""detection_events"":2396,""detectors_checked"":114688}"
        64,        27,         0,   0.789,exact_mw,d68317bf2f4c69d73359111c5597779a07d8ed85f1f94573f1c8a2f6c683850d,"{""distance"":5,""physical_error_rate"":0.2}","{""detection_events"":5703,""detectors_checked"":14336,""obs_mistake_mask=E"":27}"
        64,        12,         0,   0.600,exact_mw,7fd11737ba5953e5998cf5d5ab7672462ce2ff07a9ab0f8628176a3f70e7a095,"{""distance"":5,""physical_error_rate"":0.05}","{""detection_events"":2292,""detectors_checked"":14336,""obs_mistake_mask=E"":12}"
       128,        72,         0,   0.668,exact_mw,d68317bf2f4c69d73359111c5597779a07d8ed85f1f94573f1c8a2f6c683850d,"{""distance"":5,""physical_error_rate"":0.2}","{""detection_events"":11335,""detectors_checked"":28672,""obs_mistake_mask=E"":72}"
     22528,         1,         0,    1.18,exact_mw,3208f56225bbcac0e2804eb6f92d0a8b681652a702ca1ec920ccd7367f0e0899,"{""distance"":5,""physical_error_rate"":0.002}","{""detection_events"":43356,""detectors_checked"":5046272,""obs_mistake_mask=E"":1}"
       128,         3,         0,   0.672,exact_mw,7b4896c0e7f0a510554d89637fd747b157418067a95869d1f0661294d473d1dc,"{""distance"":5,""physical_error_rate"":0.02}","{""detection_events"":2178,""detectors_checked"":28672,""obs_mistake_mask=E"":3}"
        64,        26,         0,   0.496,exact_mw,7def73f725f8347dc4de7c57664b66d91778cc6018e33f45b3defe89c7a0cfc0,"{""distance"":5,""physical_error_rate"":0.1}","{""detection_events"":3949,""detectors_checked"":14336,""obs_mistake_mask=E"":26}"
       256,         1,         0,   0.691,exact_mw,72230d8c06b5a71069df48ede6f7f3e6128cd83e8239dd1b2e5fe023578b6eb1,"{""distance"":5,""physical_error_rate"":0.01}","{""detection_events"":2392,""detectors_checked"":57344,""obs_mistake_mask=E"":1}"
        64,         9,         0,   0.669,exact_mw,7fd11737ba5953e5998cf5d5ab7672462ce2ff07a9ab0f8628176a3f70e7a095,"{""distance"":5,""physical_error_rate"":0.05}","{""detection_events"":2365,""detectors_checked"":14336,""obs_mistake_mask=E"":9}"
       512,         0,         0,   0.423,exact_mw,38b7ae1c4e8407fc325e0d9e43e9f92ff26dcb3f5cf7b98d24ea74c9e5188d39,"{""distance"":5,""physical_error_rate"":0.005}","{""detection_events"":2453,""detectors_checked"":114688}"
       128,         6,         0,   0.703,exact_mw,7b4896c0e7f0a510554d89637fd747b157418067a95869d1f0661294d473d1dc,"{""distance"":5,""physical_error_rate"":0.02}","{""detection_events"":2257,""detectors_checked"":28672,""obs_mistake_mask=E"":6}"
       128,        71,         0,   0.621,exact_mw,7def73f725f8347dc4de7c57664b66d91778cc6018e33f45b3defe89c7a0cfc0,"{""distance"":5,""physical_error_rate"":0.1}","{""detection_events"":8028,""detectors_checked"":28672,""obs_mistake_mask=E"":71}"
        64,        30,         0,   0.519,exact_mw,d68317bf2f4c69d73359111c5597779a07d8ed85f1f94573f1c8a2f6c683850d,"{""distance"":5,""physical_error_rate"":0.2}","{""detection_events"":5625,""detectors_checked"":14336,""obs_mistake_mask=E"":30}"
       256,         4,         0,   0.571,exact_mw,72230d8c06b5a71069df48ede6f7f3e6128cd83e8239dd1b2e5fe023578b6eb1,"{""distance"":5,""physical_error_rate"":0.01}","{""detection_events"":2176,""detectors_checked"":57344,""obs_mistake_mask=E"":4}"
       128,        30,         0,   0.895,exact_mw,7fd11737ba5953e5998cf5d5ab7672462ce2ff07a9ab0f8628176a3f70e7a095,"{""distance"":5,""physical_error_rate"":0.05}","{""detection_events"":5010,""detectors_checked"":28672,""obs_mistake_mask=E"":30}"
       256,         1,         0,   0.714,exact_mw,72230d8c06b5a71069df48ede6f7f3e6128cd83e8239dd1b2e5fe023578b6eb1,"{""distance"":5,""physical_error_rate"":0.01}","{""detection_events"":2466,""detectors_checked"":57344,""obs_mistake_mask=E"":1}"
       128,         4,         0,    1.06,exact_mw,7b4896c0e7f0a510554d89637fd747b157418067a95869d1f0661294d473d1dc,"{""distance"":5,""physical_error_rate"":0.02}","{""detection_events"":2352,""detectors_checked"":28672,""obs_mistake_mask=E"":4}"
       128,         6,         0,   0.371,exact_mw,7b4896c0e7f0a510554d89637fd747b157418067a95869d1f0661294d473d1dc,"{""distance"":5,""physical_error_rate"":0.02}","{""detection_events"":2318,""detectors_checked"":28672,""obs_mistake_mask=E"":6}"
      1024,         2,         0,   0.647,exact_mw,38b7ae1c4e8407fc325e0d9e43e9f92ff26dcb3f5cf7b98d24ea74c9e5188d39,"{""distance"":5,""physical_error_rate"":0.005}","{""detection_events"":5038,""detectors_checked"":229376,""obs_mistake_mask=E"":2}"
    304128,         0,         0,    1.54,exact_mw,70a969f5042aec17ac076c6379f4170fb7c69b8e925756ef3b7334e28a33338b,"{""distance"":5,""physical_error_rate"":0.0001}","{""detection_events"":29747,""detectors_checked"":68124672}"
    248832,         0,         0,    1.52,exact_mw,f32ebecd8e105e50ec838d33c5ed9b45444b6b44a3c6ac541111079f2b14e893,"{""distance"":5,""physical_error_rate"":5e-05}","{""detection_events"":12478,""detectors_checked"":55738368}"
     77824,         1,         0,    1.55,exact_mw,bb90ec3459e353008cf9a5bb9142bf1e8515517a9e167021b225104594e48e8a,"{""distance"":5,""physical_error_rate"":0.001}","{""detection_events"":75708,""detectors_checked"":17432576,""obs_mistake_mask=E"":1}"
       128,        66,         0,   0.544,exact_mw,d68317bf2f4c69d73359111c5597779a07d8ed85f1f94573f1c8a2f6c683850d,"{""distance"":5,""physical_error_rate"":0.2}","{""detection_events"":11424,""detectors_checked"":28672,""obs_mistake_mask=E"":66}"
       512,         1,         0,   0.495,exact_mw,38b7ae1c4e8407fc325e0d9e43e9f92ff26dcb3f5cf7b98d24ea74c9e5188d39,"{""distance"":5,""physical_error_rate"":0.005}","{""detection_events"":2612,""detectors_checked"":114688,""obs_mistake_mask=E"":1}"
       192,        42,         0,   0.894,exact_mw,7fd11737ba5953e5998cf5d5ab7672462ce2ff07a9ab0f8628176a3f70e7a095,"{""distance"":5,""physical_error_rate"":0.05}","{""detection_events"":7315,""detectors_checked"":43008,""obs_mistake_mask=E"":42}"
       512,         1,         0,   0.692,exact_mw,38b7ae1c4e8407fc325e0d9e43e9f92ff26dcb3f5cf7b98d24ea74c9e5188d39,"{""distance"":5,""physical_error_rate"":0.005}","{""detection_events"":2423,""detectors_checked"":114688,""obs_mistake_mask=E"":1}"
       256,         0,         0,   0.382,exact_mw,72230d8c06b5a71069df48ede6f7f3e6128cd83e8239dd1b2e5fe023578b6eb1,"{""distance"":5,""physical_error_rate"":0.01}","{""detection_events"":2333,""detectors_checked"":57344}"
        64,        15,         0,   0.634,exact_mw,7fd11737ba5953e5998cf5d5ab7672462ce2ff07a9ab0f8628176a3f70e7a095,"{""distance"":5,""physical_error_rate"":0.05}","{""detection_events"":2428,""detectors_checked"":14336,""obs_mistake_mask=E"":15}"
     52224,         0,         0,    1.08,exact_mw,bb90ec3459e353008cf9a5bb9142bf1e8515517a9e167021b225104594e48e8a,"{""distance"":5,""physical_error_rate"":0.001}","{""detection_events"":50696,""detectors_checked"":11698176}"
       256,         1,         0,   0.786,exact_mw,72230d8c06b5a71069df48ede6f7f3e6128cd83e8239dd1b2e5fe023578b6eb1,"{""distance"":5,""physical_error_rate"":0.01}","{""detection_events"":2311,""detectors_checked"":57344,""obs_mistake_mask=E"":1}"
        64,        37,         0,   0.722,exact_mw,d68317bf2f4c69d73359111c5597779a07d8ed85f1f94573f1c8a2f6c683850d,"{""distance"":5,""physical_error_rate"":0.2}","{""detection_events"":5776,""detectors_checked"":14336,""obs_mistake_mask=E"":37}"
        64,        11,         0,   0.561,exact_mw,7fd11737ba5953e5998cf5d5ab7672462ce2ff07a9ab0f8628176a3f70e7a095,"{""distance"":5,""physical_error_rate"":0.05}","{""detection_events"":2433,""detectors_checked"":14336,""obs_mistake_mask=E"":11}"
     12288,         0,         0,    1.17,exact_mw,3208f56225bbcac0e2804eb6f92d0a8b681652a702ca1ec920ccd7367f0e0899,"{""distance"":5,""physical_error_rate"":0.002}","{""detection_events"":23752,""detectors_checked"":2752512}"
      1536,         1,         0,    1.22,exact_mw,38b7ae1c4e8407fc325e0d9e43e9f92ff26dcb3f5cf7b98d24ea74c9e5188d39,"{""distance"":5,""physical_error_rate"":0.005}","{""detection_events"":7487,""detectors_checked"":344064,""obs_mistake_mask=E"":1}"
       256,         1,         0,   0.635,exact_mw,72230d8c06b5a71069df48ede6f7f3e6128cd83e8239dd1b2e5fe023578b6eb1,"{""distance"":5,""physical_error_rate"":0.01}","{""detection_events"":2412,""detectors_checked"":57344,""obs_mistake_mask=E"":1}"
      8192,         1,         0,    1.31,exact_mw,3208f56225bbcac0e2804eb6f92d0a8b681652a702ca1ec920ccd7367f0e0899,"{""distance"":5,""physical_error_rate"":0.002}","{""detection_events"":15880,""detectors_checked"":1835008,""obs_mistake_mask=E"":1}"
    249856,         0,         0,    1.54,exact_mw,cdc4a450a40af8e24899239080e4c40992fb5baf91c5a31ab3a165eacb3a1ab3,"{""distance"":5,""physical_error_rate"":0.0002}","{""detection_events"":49766,""detectors_checked"":55967744}"
      3345,         0,         0,   0.011,exact_mw,cdc4a450a40af8e24899239080e4c40992fb5baf91c5a31ab3a165eacb3a1ab3,"{""distance"":5,""physical_error_rate"":0.0002}","{""detection_events"":636,""detectors_checked"":749280}"
      9216,         3,         0,    1.31,exact_mw,3208f56225bbcac0e2804eb6f92d0a8b681652a702ca1ec920ccd7367f0e0899,"{""distance"":5,""physical_error_rate"":0.002}","{""detection_events"":17766,""detectors_checked"":2064384,""obs_mistake_mask=E"":3}"
      4096,         0,         0,   0.014,exact_mw,cdc4a450a40af8e24899239080e4c40992fb5baf91c5a31ab3a165eacb3a1ab3,"{""distance"":5,""physical_error_rate"":0.0002}","{""detection_events"":808,""detectors_checked"":917504}"
       128,         3,         0,   0.723,exact_mw,7b4896c0e7f0a510554d89637fd747b157418067a95869d1f0661294d473d1dc,"{""distance"":5,""physical_error_rate"":0.02}","{""detection_events"":2268,""detectors_checked"":28672,""obs_mistake_mask=E"":3}"
       192,        94,         0,    1.14,exact_mw,d68317bf2f4c69d73359111c5597779a07d8ed85f1f94573f1c8a2f6c683850d,"{""distance"":5,""physical_error_rate"":0.2}","{""detection_events"":17017,""detectors_checked"":43008,""obs_mistake_mask=E"":94}"
      7168,         0,         0,   0.023,exact_mw,cdc4a450a40af8e24899239080e4c40992fb5baf91c5a31ab3a165eacb3a1ab3,"{""distance"":5,""physical_error_rate"":0.0002}","{""detection_events"":1393,""detectors_checked"":1605632}"
       256,         0,         0,   0.705,exact_mw,72230d8c06b5a71069df48ede6f7f3e6128cd83e8239dd1b2e5fe023578b6eb1,"{""distance"":5,""physical_error_rate"":0.01}","{""detection_events"":2483,""detectors_checked"":57344}"
      5120,         0,         0,   0.029,exact_mw,cdc4a450a40af8e24899239080e4c40992fb5baf91c5a31ab3a165eacb3a1ab3,"{""distance"":5,""physical_error_rate"":0.0002}","{""detection_events"":949,""detectors_checked"":1146880}"
      1024,         0,         0,   0.564,exact_mw,38b7ae1c4e8407fc325e0d9e43e9f92ff26dcb3f5cf7b98d24ea74c9e5188d39,"{""distance"":5,""physical_error_rate"":0.005}","{""detection_events"":4965,""detectors_checked"":229376}"
    335872,         0,         0,    1.54,exact_mw,f32ebecd8e105e50ec838d33c5ed9b45444b6b44a3c6ac541111079f2b14e893,"{""distance"":5,""physical_error_rate"":5e-05}","{""detection_events"":16177,""detectors_checked"":75235328}"
      6144,         0,         0,   0.032,exact_mw,cdc4a450a40af8e24899239080e4c40992fb5baf91c5a31ab3a165eacb3a1ab3,"{""distance"":5,""physical_error_rate"":0.0002}","{""detection_events"":1097,""detectors_checked"":1376256}"
      9216,         0,         0,   0.042,exact_mw,cdc4a450a40af8e24899239080e4c40992fb5baf91c5a31ab3a165eacb3a1ab3,"{""distance"":5,""physical_error_rate"":0.0002}","{""detection_events"":1849,""detectors_checked"":2064384}"
       256,         0,         0,   0.407,exact_mw,72230d8c06b5a71069df48ede6f7f3e6128cd83e8239dd1b2e5fe023578b6eb1,"{""distance"":5,""physical_error_rate"":0.01}","{""detection_events"":2248,""detectors_checked"":57344}"
    146432,         0,         0,    1.56,exact_mw,bb90ec3459e353008cf9a5bb9142bf1e8515517a9e167021b225104594e48e8a,"{""distance"":5,""physical_error_rate"":0.001}","{""detection_events"":144412,""detectors_checked"":32800768}"
       512,         0,         0,   0.494,exact_mw,38b7ae1c4e8407fc325e0d9e43e9f92ff26dcb3f5cf7b98d24ea74c9e5188d39,"{""distance"":5,""physical_error_rate"":0.005}","{""detection_events"":2570,""detectors_checked"":114688}"
    283648,         0,         0,    1.54,exact_mw,cdc4a450a40af8e24899239080e4c40992fb5baf91c5a31ab3a165eacb3a1ab3,"{""distance"":5,""physical_error_rate"":0.0002}","{""detection_events"":55603,""detectors_checked"":63537152}"
     12288,         0,         0,   0.064,exact_mw,cdc4a450a40af8e24899239080e4c40992fb5baf91c5a31ab3a165eacb3a1ab3,"{""distance"":5,""physical_error_rate"":0.0002}","{""detection_events"":2346,""detectors_checked"":2752512}"
        64,         9,         0,   0.469,exact_mw,7fd11737ba5953e5998cf5d5ab7672462ce2ff07a9ab0f8628176a3f70e7a095,"{""distance"":5,""physical_error_rate"":0.05}","{""detection_events"":2371,""detectors_checked"":14336,""obs_mistake_mask=E"":9}"
       128,        27,         0,   0.924,exact_mw,7fd11737ba5953e5998cf5d5ab7672462ce2ff07a9ab0f8628176a3f70e7a095,"{""distance"":5,""physical_error_rate"":0.05}","{""detection_events"":4908,""detectors_checked"":28672,""obs_mistake_mask=E"":27}"
       256,        11,         0,   0.852,exact_mw,7b4896c0e7f0a510554d89637fd747b157418067a95869d1f0661294d473d1dc,"{""distance"":5,""physical_error_rate"":0.02}","{""detection_events"":4482,""detectors_checked"":57344,""obs_mistake_mask=E"":11}"
    241664,         0,         0,    1.51,exact_mw,cdc4a450a40af8e24899239080e4c40992fb5baf91c5a31ab3a165eacb3a1ab3,"{""distance"":5,""physical_error_rate"":0.0002}","{""detection_events"":47690,""detectors_checked"":54132736}"
       256,        12,         0,    1.10,exact_mw,7b4896c0e7f0a510554d89637fd747b157418067a95869d1f0661294d473d1dc,"{""distance"":5,""physical_error_rate"":0.02}","{""detection_events"":4617,""detectors_checked"":57344,""obs_mistake_mask=E"":12}"
       512,         0,         0,   0.549,exact_mw,38b7ae1c4e8407fc325e0d9e43e9f92ff26dcb3f5cf7b98d24ea74c9e5188d39,"{""distance"":5,""physical_error_rate"":0.005}","{""detection_events"":2462,""detectors_checked"":114688}"
       128,         5,         0,   0.898,exact_mw,7b4896c0e7f0a510554d89637fd747b157418067a95869d1f0661294d473d1dc,"{""distance"":5,""physical_error_rate"":0.02}","{""detection_events"":2133,""detectors_checked"":28672,""obs_mistake_mask=E"":5}"
    158720,         0,         0,    1.54,exact_mw,cb12ae119b9b2ba18d0216e7235b403229e92fd0743ede48fe7f1a2c6f45d594,"{""distance"":5,""physical_error_rate"":0.0005}","{""detection_events"":77660,""detectors_checked"":35553280}"
    306176,         0,         0,    1.55,exact_mw,70a969f5042aec17ac076c6379f4170fb7c69b8e925756ef3b7334e28a33338b,"{""distance"":5,""physical_error_rate"":0.0001}","{""detection_events"":30324,""detectors_checked"":68583424}"
     21504,         0,         0,   0.093,exact_mw,cdc4a450a40af8e24899239080e4c40992fb5baf91c5a31ab3a165eacb3a1ab3,"{""distance"":5,""physical_error_rate"":0.0002}","{""detection_events"":4400,""detectors_checked"":4816896}"
    122880,         0,         0,    1.53,exact_mw,cb12ae119b9b2ba18d0216e7235b403229e92fd0743ede48fe7f1a2c6f45d594,"{""distance"":5,""physical_error_rate"":0.0005}","{""detection_events"":60167,""detectors_checked"":27525120}"
    321536,         0,         0,    1.56,exact_mw,70a969f5042aec17ac076c6379f4170fb7c69b8e925756ef3b7334e28a33338b,"{""distance"":5,""physical_error_rate"":0.0001}","{""detection_events"":32047,""detectors_checked"":72024064}"
    143360,         0,         0,    1.55,exact_mw,cb12ae119b9b2ba18d0216e7235b403229e92fd0743ede48fe7f1a2c6f45d594,"{""distance"":5,""physical_error_rate"":0.0005}","{""detection_events"":70824,""detectors_checked"":32112640}"
    243712,         0,         0,    1.55,exact_mw,f32ebecd8e105e50ec838d33c5ed9b45444b6b44a3c6ac541111079f2b14e893,"{""distance"":5,""physical_error_rate"":5e-05}","{""detection_events"":12373,""detectors_checked"":54591488}"
     33792,         0,         0,   0.148,exact_mw,cdc4a450a40af8e24899239080e4c40992fb5baf91c5a31ab3a165eacb3a1ab3,"{""distance"":5,""physical_error_rate"":0.0002}","{""detection_events"":6435,""detectors_checked"":7569408}"
     68608,         1,         0,    1.58,exact_mw,bb90ec3459e353008cf9a5bb9142bf1e8515517a9e167021b225104594e48e8a,"{""distance"":5,""physical_error_rate"":0.001}","{""detection_events"":68105,""detectors_checked"":15368192,""obs_mistake_mask=E"":1}"
       256,         2,         0,   0.718,exact_mw,72230d8c06b5a71069df48ede6f7f3e6128cd83e8239dd1b2e5fe023578b6eb1,"{""distance"":5,""physical_error_rate"":0.01}","{""detection_events"":2398,""detectors_checked"":57344,""obs_mistake_mask=E"":2}"
      3345,         0,         0,   0.012,exact_mw,cdc4a450a40af8e24899239080e4c40992fb5baf91c5a31ab3a165eacb3a1ab3,"{""distance"":5,""physical_error_rate"":0.0002}","{""detection_events"":737,""detectors_checked"":749280}"
       256,         3,         0,   0.788,exact_mw,72230d8c06b5a71069df48ede6f7f3e6128cd83e8239dd1b2e5fe023578b6eb1,"{""distance"":5,""physical_error_rate"":0.01}","{""detection_events"":2397,""detectors_checked"":57344,""obs_mistake_mask=E"":3}"
      5120,         0,         0,   0.016,exact_mw,cdc4a450a40af8e24899239080e4c40992fb5baf91c5a31ab3a165eacb3a1ab3,"{""distance"":5,""physical_error_rate"":0.0002}","{""detection_events"":1048,""detectors_checked"":1146880}"
      7168,         0,         0,   0.023,exact_mw,cdc4a450a40af8e24899239080e4c40992fb5baf91c5a31ab3a165eacb3a1ab3,"{""distance"":5,""physical_error_rate"":0.0002}","{""detection_events"":1463,""detectors_checked"":1605632}"
      9216,         0,         0,   0.028,exact_mw,cdc4a450a40af8e24899239080e4c40992fb5baf91c5a31ab3a165eacb3a1ab3,"{""distance"":5,""physical_error_rate"":0.0002}","{""detection_events"":1930,""detectors_checked"":2064384}"
      1024,         0,         0,   0.573,exact_mw,38b7ae1c4e8407fc325e0d9e43e9f92ff26dcb3f5cf7b98d24ea74c9e5188d39,"{""distance"":5,""physical_error_rate"":0.005}","{""detection_events"":5063,""detectors_checked"":229376}"
        64,        10,         0,   0.889,exact_mw,7fd11737ba5953e5998cf5d5ab7672462ce2ff07a9ab0f8628176a3f70e7a095,"{""distance"":5,""physical_error_rate"":0.05}","{""detection_events"":2345,""detectors_checked"":14336,""obs_mistake_mask=E"":10}"
       128,        28,         0,   0.927,exact_mw,7fd11737ba5953e5998cf5d5ab7672462ce2ff07a9ab0f8628176a3f70e7a095,"{""distance"":5,""physical_error_rate"":0.05}","{""detection_events"":4820,""detectors_checked"":28672,""obs_mistake_mask=E"":28}"
      4096,         0,         0,   0.026,exact_mw,cdc4a450a40af8e24899239080e4c40992fb5baf91c5a31ab3a165eacb3a1ab3,"{""distance"":5,""physical_error_rate"":0.0002}","{""detection_events"":747,""detectors_checked"":917504}"
      1024,         2,         0,   0.852,exact_mw,38b7ae1c4e8407fc325e0d9e43e9f92ff26dcb3f5cf7b98d24ea74c9e5188d39,"{""distance"":5,""physical_error_rate"":0.005}","{""detection_events"":4847,""detectors_checked"":229376,""obs_mistake_mask=E"":2}"
     64512,         0,         0,   0.204,exact_mw,cdc4a450a40af8e24899239080e4c40992fb5baf91c5a31ab3a165eacb3a1ab3,"{""distance"":5,""physical_error_rate"":0.0002}","{""detection_events"":12508,""detectors_checked"":14450688}"
       128,         6,         0,   0.696,exact_mw,7b4896c0e7f0a510554d89637fd747b157418067a95869d1f0661294d473d1dc,"{""distance"":5,""physical_error_rate"":0.02}","{""detection_events"":2307,""detectors_checked"":28672,""obs_mistake_mask=E"":6}"
     16384,         1,         0,    1.57,exact_mw,3208f56225bbcac0e2804eb6f92d0a8b681652a702ca1ec920ccd7367f0e0899,"{""distance"":5,""physical_error_rate"":0.002}","{""detection_events"":32110,""detectors_checked"":3670016,""obs_mistake_mask=E"":1}"
     13312,         0,         0,   0.055,exact_mw,cdc4a450a40af8e24899239080e4c40992fb5baf91c5a31ab3a165eacb3a1ab3,"{""distance"":5,""physical_error_rate"":0.0002}","{""detection_events"":2687,""detectors_checked"":2981888}"
        64,        19,         0,   0.481,exact_mw,7fd11737ba5953e5998cf5d5ab7672462ce2ff07a9ab0f8628176a3f70e7a095,"{""distance"":5,""physical_error_rate"":0.05}","{""detection_events"":2416,""detectors_checked"":14336,""obs_mistake_mask=E"":19}"
     25600,         0,         0,   0.077,exact_mw,cdc4a450a40af8e24899239080e4c40992fb5baf91c5a31ab3a165eacb3a1ab3,"{""distance"":5,""physical_error_rate"":0.0002}","{""detection_events"":5112,""detectors_checked"":5734400}"
       256,         2,         0,   0.762,exact_mw,72230d8c06b5a71069df48ede6f7f3e6128cd83e8239dd1b2e5fe023578b6eb1,"{""distance"":5,""physical_error_rate"":0.01}","{""detection_events"":2469,""detectors_checked"":57344,""obs_mistake_mask=E"":2}"
      2321,         0,         0,   0.011,exact_mw,cb12ae119b9b2ba18d0216e7235b403229e92fd0743ede48fe7f1a2c6f45d594,"{""distance"":5,""physical_error_rate"":0.0005}","{""detection_events"":1110,""detectors_checked"":519904}"
      1024,         0,         0,   0.005,exact_mw,cb12ae119b9b2ba18d0216e7235b403229e92fd0743ede48fe7f1a2c6f45d594,"{""distance"":5,""physical_error_rate"":0.0005}","{""detection_events"":505,""detectors_checked"":229376}"
       512,         0,         0,   0.587,exact_mw,38b7ae1c4e8407fc325e0d9e43e9f92ff26dcb3f5cf7b98d24ea74c9e5188d39,"{""distance"":5,""physical_error_rate"":0.005}","{""detection_events"":2616,""detectors_checked"":114688}"
      2048,         0,         0,   0.009,exact_mw,cb12ae119b9b2ba18d0216e7235b403229e92fd0743ede48fe7f1a2c6f45d594,"{""distance"":5,""physical_error_rate"":0.0005}","{""detection_events"":972,""detectors_checked"":458752}"
     17408,         0,         0,   0.106,exact_mw,cdc4a450a40af8e24899239080e4c40992fb5baf91c5a31ab3a165eacb3a1ab3,"{""distance"":5,""physical_error_rate"":0.0002}","{""detection_events"":3348,""detectors_checked"":3899392}"
       256,         3,         0,   0.748,exact_mw,72230d8c06b5a71069df48ede6f7f3e6128cd83e8239dd1b2e5fe023578b6eb1,"{""distance"":5,""physical_error_rate"":0.01}","{""detection_events"":2306,""detectors_checked"":57344,""obs_mistake_mask=E"":3}"
      4096,         0,         0,   0.035,exact_mw,cb12ae119b9b2ba18d0216e7235b403229e92fd0743ede48fe7f1a2c6f45d594,"{""distance"":5,""physical_error_rate"":0.0005}","{""detection_events"":1830,""detectors_checked"":917504}"
      7168,         0,         0,   0.040,exact_mw,cb12ae119b9b2ba18d0216e7235b403229e92fd0743ede48fe7f1a2c6f45d594,"{""distance"":5,""physical_error_rate"":0.0005}","{""detection_events"":3562,""detectors_checked"":1605632}"
     77824,         0,         0,   0.289,exact_mw,cdc4a450a40af8e24899239080e4c40992fb5baf91c5a31ab3a165eacb3a1ab3,"{""distance"":5,""physical_error_rate"":0.0002}","{""detection_events"":15538,""detectors_checked"":17432576}"
         1,         0,         0,   0.000,exact_mw,f32ebecd8e105e50ec838d33c5ed9b45444b6b44a3c6ac541111079f2b14e893,"{""distance"":5,""physical_error_rate"":5e-05}","{""detectors_checked"":224}"
      6144,         0,         0,   0.046,exact_mw,cb12ae119b9b2ba18d0216e7235b403229e92fd0743ede48fe7f1a2c6f45d594,"{""distance"":5,""physical_error_rate"":0.0005}","{""detection_events"":2937,""detectors_checked"":1376256}"
      4368,         0,         0,   0.027,exact_mw,f32ebecd8e105e50ec838d33c5ed9b45444b6b44a3c6ac541111079f2b14e893,"{""distance"":5,""physical_error_rate"":5e-05}","{""detection_events"":197,""detectors_checked"":978432}"
     39936,         0,         0,   0.148,exact_mw,cdc4a450a40af8e24899239080e4c40992fb5baf91c5a31ab3a165eacb3a1ab3,"{""distance"":5,""physical_error_rate"":0.0002}","{""detection_events"":7702,""detectors_checked"":8945664}"
       256,         4,         0,   0.780,exact_mw,7b4896c0e7f0a510554d89637fd747b157418067a95869d1f0661294d473d1dc,"{""distance"":5,""physical_error_rate"":0.02}","{""detection_events"":4460,""detectors_checked"":57344,""obs_mistake_mask=E"":4}"
      4096,         0,         0,   0.025,exact_mw,f32ebecd8e105e50ec838d33c5ed9b45444b6b44a3c6ac541111079f2b14e893,"{""distance"":5,""physical_error_rate"":5e-05}","{""detection_events"":189,""detectors_checked"":917504}"
      1024,         1,         0,   0.861,exact_mw,38b7ae1c4e8407fc325e0d9e43e9f92ff26dcb3f5cf7b98d24ea74c9e5188d39,"{""distance"":5,""physical_error_rate"":0.005}","{""detection_events"":4775,""detectors_checked"":229376,""obs_mistake_mask=E"":1}"
      5120,         0,         0,   0.029,exact_mw,f32ebecd8e105e50ec838d33c5ed9b45444b6b44a3c6ac541111079f2b14e893,"{""distance"":5,""physical_error_rate"":5e-05}","{""detection_events"":225,""detectors_checked"":1146880}"
     10240,         0,         0,   0.080,exact_mw,cb12ae119b9b2ba18d0216e7235b403229e92fd0743ede48fe7f1a2c6f45d594,"{""distance"":5,""physical_error_rate"":0.0005}","{""detection_events"":5087,""detectors_checked"":2293760}"
        17,         1,         0,   0.011,exact_mw,38b7ae1c4e8407fc325e0d9e43e9f92ff26dcb3f5cf7b98d24ea74c9e5188d39,"{""distance"":5,""physical_error_rate"":0.005}","{""detection_events"":85,""detectors_checked"":3808,""obs_mistake_mask=E"":1}"
      8192,         0,         0,   0.041,exact_mw,f32ebecd8e105e50ec838d33c5ed9b45444b6b44a3c6ac541111079f2b14e893,"{""distance"":5,""physical_error_rate"":5e-05}","{""detection_events"":389,""detectors_checked"":1835008}"
       128,        26,         0,   0.918,exact_mw,7fd11737ba5953e5998cf5d5ab7672462ce2ff07a9ab0f8628176a3f70e7a095,"{""distance"":5,""physical_error_rate"":0.05}","{""detection_events"":4791,""detectors_checked"":28672,""obs_mistake_mask=E"":26}"
        64,         8,         0,   0.464,exact_mw,7fd11737ba5953e5998cf5d5ab7672462ce2ff07a9ab0f8628176a3f70e7a095,"{""distance"":5,""physical_error_rate"":0.05}","{""detection_events"":2537,""detectors_checked"":14336,""obs_mistake_mask=E"":8}"
      1024,         1,         0,   0.566,exact_mw,38b7ae1c4e8407fc325e0d9e43e9f92ff26dcb3f5cf7b98d24ea74c9e5188d39,"{""distance"":5,""physical_error_rate"":0.005}","{""detection_events"":4813,""detectors_checked"":229376,""obs_mistake_mask=E"":1}"
      4096,         0,         0,   0.074,exact_mw,f32ebecd8e105e50ec838d33c5ed9b45444b6b44a3c6ac541111079f2b14e893,"{""distance"":5,""physical_error_rate"":5e-05}","{""detection_events"":180,""detectors_checked"":917504}"
     12288,         0,         0,   0.106,exact_mw,cb12ae119b9b2ba18d0216e7235b403229e92fd0743ede48fe7f1a2c6f45d594,"{""distance"":5,""physical_error_rate"":0.0005}","{""detection_events"":6100,""detectors_checked"":2752512}"
     66560,         0,         0,   0.207,exact_mw,cdc4a450a40af8e24899239080e4c40992fb5baf91c5a31ab3a165eacb3a1ab3,"{""distance"":5,""physical_error_rate"":0.0002}","{""detection_events"":12887,""detectors_checked"":14909440}"
      3345,         0,         0,   0.024,exact_mw,70a969f5042aec17ac076c6379f4170fb7c69b8e925756ef3b7334e28a33338b,"{""distance"":5,""physical_error_rate"":0.0001}","{""detection_events"":295,""detectors_checked"":749280}"
       256,         1,         0,   0.167,exact_mw,38b7ae1c4e8407fc325e0d9e43e9f92ff26dcb3f5cf7b98d24ea74c9e5188d39,"{""distance"":5,""physical_error_rate"":0.005}","{""detection_events"":1181,""detectors_checked"":57344,""obs_mistake_mask=E"":1}"
       256,         0,         0,   0.747,exact_mw,72230d8c06b5a71069df48ede6f7f3e6128cd83e8239dd1b2e5fe023578b6eb1,"{""distance"":5,""physical_error_rate"":0.01}","{""detection_events"":2484,""detectors_checked"":57344}"
      6144,         0,         0,   0.075,exact_mw,f32ebecd8e105e50ec838d33c5ed9b45444b6b44a3c6ac541111079f2b14e893,"{""distance"":5,""physical_error_rate"":5e-05}","{""detection_events"":254,""detectors_checked"":1376256}"
      4096,         0,         0,   0.025,exact_mw,70a969f5042aec17ac076c6379f4170fb7c69b8e925756ef3b7334e28a33338b,"{""distance"":5,""physical_error_rate"":0.0001}","{""detection_events"":433,""detectors_checked"":917504}"
       128,         5,         0,    1.02,exact_mw,7b4896c0e7f0a510554d89637fd747b157418067a95869d1f0661294d473d1dc,"{""distance"":5,""physical_error_rate"":0.02}","{""detection_events"":2155,""detectors_checked"":28672,""obs_mistake_mask=E"":5}"
      3345,         0,         0,   0.027,exact_mw,70a969f5042aec17ac076c6379f4170fb7c69b8e925756ef3b7334e28a33338b,"{""distance"":5,""physical_error_rate"":0.0001}","{""detection_events"":336,""detectors_checked"":749280}"
      2048,         0,         0,   0.006,exact_mw,70a969f5042aec17ac076c6379f4170fb7c69b8e925756ef3b7334e28a33338b,"{""distance"":5,""physical_error_rate"":0.0001}","{""detection_events"":230,""detectors_checked"":458752}"
      4096,         0,         0,   0.026,exact_mw,70a969f5042aec17ac076c6379f4170fb7c69b8e925756ef3b7334e28a33338b,"{""distance"":5,""physical_error_rate"":0.0001}","{""detection_events"":383,""detectors_checked"":917504}"
     68608,         0,         0,    1.54,exact_mw,bb90ec3459e353008cf9a5bb9142bf1e8515517a9e167021b225104594e48e8a,"{""distance"":5,""physical_error_rate"":0.001}","{""detection_events"":68097,""detectors_checked"":15368192}"
         1,         0,         0,   0.000,exact_mw,f32ebecd8e105e50ec838d33c5ed9b45444b6b44a3c6ac541111079f2b14e893,"{""distance"":5,""physical_error_rate"":5e-05}","{""detectors_checked"":224}"
      3072,         0,         0,   0.022,exact_mw,70a969f5042aec17ac076c6379f4170fb7c69b8e925756ef3b7334e28a33338b,"{""distance"":5,""physical_error_rate"":0.0001}","{""detection_events"":293,""detectors_checked"":688128}"
      4096,         0,         0,   0.027,exact_mw,70a969f5042aec17ac076c6379f4170fb7c69b8e925756ef3b7334e28a33338b,"{""distance"":5,""physical_error_rate"":0.0001}","{""detection_events"":392,""detectors_checked"":917504}"
      4368,         0,         0,   0.015,exact_mw,f32ebecd8e105e50ec838d33c5ed9b45444b6b44a3c6ac541111079f2b14e893,"{""distance"":5,""physical_error_rate"":5e-05}","{""detection_events"":242,""detectors_checked"":978432}"
       128,         3,         0,   0.671,exact_mw,7b4896c0e7f0a510554d89637fd747b157418067a95869d1f0661294d473d1dc,"{""distance"":5,""physical_error_rate"":0.02}","{""detection_events"":2356,""detectors_checked"":28672,""obs_mistake_mask=E"":3}"
      5120,         0,         0,   0.028,exact_mw,70a969f5042aec17ac076c6379f4170fb7c69b8e925756ef3b7334e28a33338b,"{""distance"":5,""physical_error_rate"":0.0001}","{""detection_events"":471,""detectors_checked"":1146880}"
     17408,         0,         0,   0.154,exact_mw,cb12ae119b9b2ba18d0216e7235b403229e92fd0743ede48fe7f1a2c6f45d594,"{""distance"":5,""physical_error_rate"":0.0005}","{""detection_events"":8895,""detectors_checked"":3899392}"
      2048,         0,         0,   0.007,exact_mw,f32ebecd8e105e50ec838d33c5ed9b45444b6b44a3c6ac541111079f2b14e893,"{""distance"":5,""physical_error_rate"":5e-05}","{""detection_events"":143,""detectors_checked"":458752}"
     14336,         2,         0,    1.58,exact_mw,3208f56225bbcac0e2804eb6f92d0a8b681652a702ca1ec920ccd7367f0e0899,"{""distance"":5,""physical_error_rate"":0.002}","{""detection_events"":28190,""detectors_checked"":3211264,""obs_mistake_mask=E"":2}"
     99328,         0,         0,   0.411,exact_mw,cdc4a450a40af8e24899239080e4c40992fb5baf91c5a31ab3a165eacb3a1ab3,"{""distance"":5,""physical_error_rate"":0.0002}","{""detection_events"":19960,""detectors_checked"":22249472}"
      8192,         0,         0,   0.038,exact_mw,70a969f5042aec17ac076c6379f4170fb7c69b8e925756ef3b7334e28a33338b,"{""distance"":5,""physical_error_rate"":0.0001}","{""detection_events"":761,""detectors_checked"":1835008}"
       256,         5,         0,   0.842,exact_mw,72230d8c06b5a71069df48ede6f7f3e6128cd83e8239dd1b2e5fe023578b6eb1,"{""distance"":5,""physical_error_rate"":0.01}","{""detection_events"":2489,""detectors_checked"":57344,""obs_mistake_mask=E"":5}"
     10240,         0,         0,   0.126,exact_mw,f32ebecd8e105e50ec838d33c5ed9b45444b6b44a3c6ac541111079f2b14e893,"{""distance"":5,""physical_error_rate"":5e-05}","{""detection_events"":459,""detectors_checked"":2293760}"
      5120,         0,         0,   0.030,exact_mw,f32ebecd8e105e50ec838d33c5ed9b45444b6b44a3c6ac541111079f2b14e893,"{""distance"":5,""physical_error_rate"":5e-05}","{""detection_events"":280,""detectors_checked"":1146880}"
      2321,         0,         0,   0.025,exact_mw,cb12ae119b9b2ba18d0216e7235b403229e92fd0743ede48fe7f1a2c6f45d594,"{""distance"":5,""physical_error_rate"":0.0005}","{""detection_events"":1094,""detectors_checked"":519904}"
      7168,         0,         0,   0.039,exact_mw,70a969f5042aec17ac076c6379f4170fb7c69b8e925756ef3b7334e28a33338b,"{""distance"":5,""physical_error_rate"":0.0001}","{""detection_events"":709,""detectors_checked"":1605632}"
      3072,         0,         0,   0.026,exact_mw,cb12ae119b9b2ba18d0216e7235b403229e92fd0743ede48fe7f1a2c6f45d594,"{""distance"":5,""physical_error_rate"":0.0005}","{""detection_events"":1549,""detectors_checked"":688128}"
      9216,         0,         0,   0.054,exact_mw,70a969f5042aec17ac076c6379f4170fb7c69b8e925756ef3b7334e28a33338b,"{""distance"":5,""physical_error_rate"":0.0001}","{""detection_events"":988,""detectors_checked"":2064384}"
      7168,         0,         0,    1.61,exact_mw,3208f56225bbcac0e2804eb6f92d0a8b681652a702ca1ec920ccd7367f0e0899,"{""distance"":5,""physical_error_rate"":0.002}","{""detection_events"":14284,""detectors_checked"":1605632}"
       256,         1,         0,   0.633,exact_mw,72230d8c06b5a71069df48ede6f7f3e6128cd83e8239dd1b2e5fe023578b6eb1,"{""distance"":5,""physical_error_rate"":0.01}","{""detection_events"":2239,""detectors_checked"":57344,""obs_mistake_mask=E"":1}"
      8192,         0,         0,   0.049,exact_mw,f32ebecd8e105e50ec838d33c5ed9b45444b6b44a3c6ac541111079f2b14e893,"{""distance"":5,""physical_error_rate"":5e-05}","{""detection_events"":358,""detectors_checked"":1835008}"
      1024,         0,         0,   0.801,exact_mw,38b7ae1c4e8407fc325e0d9e43e9f92ff26dcb3f5cf7b98d24ea74c9e5188d39,"{""distance"":5,""physical_error_rate"":0.005}","{""detection_events"":4581,""detectors_checked"":229376}"
      3072,         0,         0,   0.026,exact_mw,cb12ae119b9b2ba18d0216e7235b403229e92fd0743ede48fe7f1a2c6f45d594,"{""distance"":5,""physical_error_rate"":0.0005}","{""detection_events"":1511,""detectors_checked"":688128}"
      9216,         0,         0,   0.053,exact_mw,70a969f5042aec17ac076c6379f4170fb7c69b8e925756ef3b7334e28a33338b,"{""distance"":5,""physical_error_rate"":0.0001}","{""detection_events"":854,""detectors_checked"":2064384}"
       512,         0,         0,   0.209,exact_mw,38b7ae1c4e8407fc325e0d9e43e9f92ff26dcb3f5cf7b98d24ea74c9e5188d39,"{""distance"":5,""physical_error_rate"":0.005}","{""detection_events"":2320,""detectors_checked"":114688}"
      4096,         0,         0,   0.029,exact_mw,cb12ae119b9b2ba18d0216e7235b403229e92fd0743ede48fe7f1a2c6f45d594,"{""distance"":5,""physical_error_rate"":0.0005}","{""detection_events"":2125,""detectors_checked"":917504}"
      9216,         0,         0,   0.054,exact_mw,f32ebecd8e105e50ec838d33c5ed9b45444b6b44a3c6ac541111079f2b14e893,"{""distance"":5,""physical_error_rate"":5e-05}","{""detection_events"":403,""detectors_checked"":2064384}"
     12288,         0,         0,   0.076,exact_mw,70a969f5042aec17ac076c6379f4170fb7c69b8e925756ef3b7334e28a33338b,"{""distance"":5,""physical_error_rate"":0.0001}","{""detection_events"":1252,""detectors_checked"":2752512}"
     78848,         0,         0,   0.289,exact_mw,cdc4a450a40af8e24899239080e4c40992fb5baf91c5a31ab3a165eacb3a1ab3,"{""distance"":5,""physical_error_rate"":0.0002}","{""detection_events"":15530,""detectors_checked"":17661952}"
      6144,         0,         0,   0.052,exact_mw,cb12ae119b9b2ba18d0216e7235b403229e92fd0743ede48fe7f1a2c6f45d594,"{""distance"":5,""physical_error_rate"":0.0005}","{""detection_events"":2985,""detectors_checked"":1376256}"
     12288,         0,         0,   0.063,exact_mw,70a969f5042aec17ac076c6379f4170fb7c69b8e925756ef3b7334e28a33338b,"{""distance"":5,""physical_error_rate"":0.0001}","{""detection_events"":1343,""detectors_checked"":2752512}"
     23552,         0,         0,   0.156,exact_mw,f32ebecd8e105e50ec838d33c5ed9b45444b6b44a3c6ac541111079f2b14e893,"{""distance"":5,""physical_error_rate"":5e-05}","{""detection_events"":1126,""detectors_checked"":5275648}"
     24576,         0,         0,   0.207,exact_mw,cb12ae119b9b2ba18d0216e7235b403229e92fd0743ede48fe7f1a2c6f45d594,"{""distance"":5,""physical_error_rate"":0.0005}","{""detection_events"":11809,""detectors_checked"":5505024}"
        64,        18,         0,   0.953,exact_mw,7fd11737ba5953e5998cf5d5ab7672462ce2ff07a9ab0f8628176a3f70e7a095,"{""distance"":5,""physical_error_rate"":0.05}","{""detection_events"":2530,""detectors_checked"":14336,""obs_mistake_mask=E"":18}"
     13312,         0,         0,   0.065,exact_mw,f32ebecd8e105e50ec838d33c5ed9b45444b6b44a3c6ac541111079f2b14e893,"{""distance"":5,""physical_error_rate"":5e-05}","{""detection_events"":615,""detectors_checked"":2981888}"
       128,        27,         0,   0.956,exact_mw,7fd11737ba5953e5998cf5d5ab7672462ce2ff07a9ab0f8628176a3f70e7a095,"{""distance"":5,""physical_error_rate"":0.05}","{""detection_events"":4903,""detectors_checked"":28672,""obs_mistake_mask=E"":27}"
      7168,         0,         0,   0.055,exact_mw,cb12ae119b9b2ba18d0216e7235b403229e92fd0743ede48fe7f1a2c6f45d594,"{""distance"":5,""physical_error_rate"":0.0005}","{""detection_events"":3549,""detectors_checked"":1605632}"
     12288,         0,         0,   0.103,exact_mw,70a969f5042aec17ac076c6379f4170fb7c69b8e925756ef3b7334e28a33338b,"{""distance"":5,""physical_error_rate"":0.0001}","{""detection_events"":1246,""detectors_checked"":2752512}"
     13312,         0,         0,   0.095,exact_mw,70a969f5042aec17ac076c6379f4170fb7c69b8e925756ef3b7334e28a33338b,"{""distance"":5,""physical_error_rate"":0.0001}","{""detection_events"":1298,""detectors_checked"":2981888}"
       256,         2,         0,   0.772,exact_mw,72230d8c06b5a71069df48ede6f7f3e6128cd83e8239dd1b2e5fe023578b6eb1,"{""distance"":5,""physical_error_rate"":0.01}","{""detection_events"":2415,""detectors_checked"":57344,""obs_mistake_mask=E"":2}"
     10240,         0,         0,   0.076,exact_mw,cb12ae119b9b2ba18d0216e7235b403229e92fd0743ede48fe7f1a2c6f45d594,"{""distance"":5,""physical_error_rate"":0.0005}","{""detection_events"":5003,""detectors_checked"":2293760}"
    359424,         0,         0,    2.18,exact_mw,70a969f5042aec17ac076c6379f4170fb7c69b8e925756ef3b7334e28a33338b,"{""distance"":5,""physical_error_rate"":0.0001}","{""detection_events"":34926,""detectors_checked"":80510976}"
    360448,         0,         0,    2.14,exact_mw,f32ebecd8e105e50ec838d33c5ed9b45444b6b44a3c6ac541111079f2b14e893,"{""distance"":5,""physical_error_rate"":5e-05}","{""detection_events"":17759,""detectors_checked"":80740352}"
      9216,         0,         0,    1.71,exact_mw,3208f56225bbcac0e2804eb6f92d0a8b681652a702ca1ec920ccd7367f0e0899,"{""distance"":5,""physical_error_rate"":0.002}","{""detection_events"":17705,""detectors_checked"":2064384}"
     18432,         0,         0,   0.106,exact_mw,f32ebecd8e105e50ec838d33c5ed9b45444b6b44a3c6ac541111079f2b14e893,"{""distance"":5,""physical_error_rate"":5e-05}","{""detection_events"":893,""detectors_checked"":4128768}"
    114688,         0,         0,    2.18,exact_mw,bb90ec3459e353008cf9a5bb9142bf1e8515517a9e167021b225104594e48e8a,"{""distance"":5,""physical_error_rate"":0.001}","{""detection_events"":112606,""detectors_checked"":25690112}"
       256,         8,         0,    1.48,exact_mw,7b4896c0e7f0a510554d89637fd747b157418067a95869d1f0661294d473d1dc,"{""distance"":5,""physical_error_rate"":0.02}","{""detection_events"":4610,""detectors_checked"":57344,""obs_mistake_mask=E"":8}"
     35840,         0,         0,   0.209,exact_mw,f32ebecd8e105e50ec838d33c5ed9b45444b6b44a3c6ac541111079f2b14e893,"{""distance"":5,""physical_error_rate"":5e-05}","{""detection_events"":1723,""detectors_checked"":8028160}"
     24576,         0,         0,   0.139,exact_mw,70a969f5042aec17ac076c6379f4170fb7c69b8e925756ef3b7334e28a33338b,"{""distance"":5,""physical_error_rate"":0.0001}","{""detection_events"":2194,""detectors_checked"":5505024}"
      1024,         0,         0,   0.920,exact_mw,38b7ae1c4e8407fc325e0d9e43e9f92ff26dcb3f5cf7b98d24ea74c9e5188d39,"{""distance"":5,""physical_error_rate"":0.005}","{""detection_events"":4816,""detectors_checked"":229376}"
     14336,         0,         0,   0.105,exact_mw,cb12ae119b9b2ba18d0216e7235b403229e92fd0743ede48fe7f1a2c6f45d594,"{""distance"":5,""physical_error_rate"":0.0005}","{""detection_events"":6966,""detectors_checked"":3211264}"
     17408,         0,         0,   0.159,exact_mw,70a969f5042aec17ac076c6379f4170fb7c69b8e925756ef3b7334e28a33338b,"{""distance"":5,""physical_error_rate"":0.0001}","{""detection_events"":1753,""detectors_checked"":3899392}"
     25600,         0,         0,   0.142,exact_mw,f32ebecd8e105e50ec838d33c5ed9b45444b6b44a3c6ac541111079f2b14e893,"{""distance"":5,""physical_error_rate"":5e-05}","{""detection_events"":1281,""detectors_checked"":5734400}"
     35840,         0,         0,   0.290,exact_mw,cb12ae119b9b2ba18d0216e7235b403229e92fd0743ede48fe7f1a2c6f45d594,"{""distance"":5,""physical_error_rate"":0.0005}","{""detection_events"":17746,""detectors_checked"":8028160}"
      1024,         1,         0,   0.843,exact_mw,38b7ae1c4e8407fc325e0d9e43e9f92ff26dcb3f5cf7b98d24ea74c9e5188d39,"{""distance"":5,""physical_error_rate"":0.005}","{""detection_events"":4720,""detectors_checked"":229376,""obs_mistake_mask=E"":1}"
       256,        10,         0,   0.863,exact_mw,7b4896c0e7f0a510554d89637fd747b157418067a95869d1f0661294d473d1dc,"{""distance"":5,""physical_error_rate"":0.02}","{""detection_events"":4526,""detectors_checked"":57344,""obs_mistake_mask=E"":10}"
     81920,         0,         0,   0.407,exact_mw,cdc4a450a40af8e24899239080e4c40992fb5baf91c5a31ab3a165eacb3a1ab3,"{""distance"":5,""physical_error_rate"":0.0002}","{""detection_events"":16449,""detectors_checked"":18350080}"
    140288,         0,         0,   0.564,exact_mw,cdc4a450a40af8e24899239080e4c40992fb5baf91c5a31ab3a165eacb3a1ab3,"{""distance"":5,""physical_error_rate"":0.0002}","{""detection_events"":27118,""detectors_checked"":31424512}"
     19456,         0,         0,   0.147,exact_mw,cb12ae119b9b2ba18d0216e7235b403229e92fd0743ede48fe7f1a2c6f45d594,"{""distance"":5,""physical_error_rate"":0.0005}","{""detection_events"":9699,""detectors_checked"":4358144}"
     33792,         0,         0,   0.206,exact_mw,70a969f5042aec17ac076c6379f4170fb7c69b8e925756ef3b7334e28a33338b,"{""distance"":5,""physical_error_rate"":0.0001}","{""detection_events"":3249,""detectors_checked"":7569408}"
     24576,         0,         0,   0.215,exact_mw,70a969f5042aec17ac076c6379f4170fb7c69b8e925756ef3b7334e28a33338b,"{""distance"":5,""physical_error_rate"":0.0001}","{""detection_events"":2439,""detectors_checked"":5505024}"
       273,         0,         0,   0.025,exact_mw,3208f56225bbcac0e2804eb6f92d0a8b681652a702ca1ec920ccd7367f0e0899,"{""distance"":5,""physical_error_rate"":0.002}","{""detection_events"":437,""detectors_checked"":61152}"
        17,         0,         0,   0.050,exact_mw,72230d8c06b5a71069df48ede6f7f3e6128cd83e8239dd1b2e5fe023578b6eb1,"{""distance"":5,""physical_error_rate"":0.01}","{""detection_events"":136,""detectors_checked"":3808}"
     49152,         0,         0,   0.289,exact_mw,f32ebecd8e105e50ec838d33c5ed9b45444b6b44a3c6ac541111079f2b14e893,"{""distance"":5,""physical_error_rate"":5e-05}","{""detection_events"":2401,""detectors_checked"":11010048}"
     34816,         0,         0,   0.207,exact_mw,f32ebecd8e105e50ec838d33c5ed9b45444b6b44a3c6ac541111079f2b14e893,"{""distance"":5,""physical_error_rate"":5e-05}","{""detection_events"":1748,""detectors_checked"":7798784}"
      1024,         1,         0,   0.909,exact_mw,38b7ae1c4e8407fc325e0d9e43e9f92ff26dcb3f5cf7b98d24ea74c9e5188d39,"{""distance"":5,""physical_error_rate"":0.005}","{""detection_events"":4923,""detectors_checked"":229376,""obs_mistake_mask=E"":1}"
       256,         2,         0,   0.831,exact_mw,72230d8c06b5a71069df48ede6f7f3e6128cd83e8239dd1b2e5fe023578b6eb1,"{""distance"":5,""physical_error_rate"":0.01}","{""detection_events"":2429,""detectors_checked"":57344,""obs_mistake_mask=E"":2}"
       128,        24,         0,   0.921,exact_mw,7fd11737ba5953e5998cf5d5ab7672462ce2ff07a9ab0f8628176a3f70e7a095,"{""distance"":5,""physical_error_rate"":0.05}","{""detection_events"":4867,""detectors_checked"":28672,""obs_mistake_mask=E"":24}"
       128,        25,         0,   0.926,exact_mw,7fd11737ba5953e5998cf5d5ab7672462ce2ff07a9ab0f8628176a3f70e7a095,"{""distance"":5,""physical_error_rate"":0.05}","{""detection_events"":4850,""detectors_checked"":28672,""obs_mistake_mask=E"":25}"
    354304,         0,         0,    2.18,exact_mw,cdc4a450a40af8e24899239080e4c40992fb5baf91c5a31ab3a165eacb3a1ab3,"{""distance"":5,""physical_error_rate"":0.0002}","{""detection_events"":69850,""detectors_checked"":79364096}"
      1024,         0,         0,   0.093,exact_mw,3208f56225bbcac0e2804eb6f92d0a8b681652a702ca1ec920ccd7367f0e0899,"{""distance"":5,""physical_error_rate"":0.002}","{""detection_events"":1854,""detectors_checked"":229376}"
     25600,         0,         0,   0.207,exact_mw,cb12ae119b9b2ba18d0216e7235b403229e92fd0743ede48fe7f1a2c6f45d594,"{""distance"":5,""physical_error_rate"":0.0005}","{""detection_events"":12196,""detectors_checked"":5734400}"
       256,         0,         0,   0.773,exact_mw,72230d8c06b5a71069df48ede6f7f3e6128cd83e8239dd1b2e5fe023578b6eb1,"{""distance"":5,""physical_error_rate"":0.01}","{""detection_events"":2466,""detectors_checked"":57344}"
      1024,         0,         0,   0.090,exact_mw,3208f56225bbcac0e2804eb6f92d0a8b681652a702ca1ec920ccd7367f0e0899,"{""distance"":5,""physical_error_rate"":0.002}","{""detection_events"":1970,""detectors_checked"":229376}"
    660480,         0,         0,    2.16,exact_mw,f32ebecd8e105e50ec838d33c5ed9b45444b6b44a3c6ac541111079f2b14e893,"{""distance"":5,""physical_error_rate"":5e-05}","{""detection_events"":32563,""detectors_checked"":147947520}"
     69632,         0,         0,   0.391,exact_mw,cb12ae119b9b2ba18d0216e7235b403229e92fd0743ede48fe7f1a2c6f45d594,"{""distance"":5,""physical_error_rate"":0.0005}","{""detection_events"":33940,""detectors_checked"":15597568}"
     48128,         0,         0,   0.288,exact_mw,70a969f5042aec17ac076c6379f4170fb7c69b8e925756ef3b7334e28a33338b,"{""distance"":5,""physical_error_rate"":0.0001}","{""detection_events"":4781,""detectors_checked"":10780672}"
       256,         1,         0,   0.845,exact_mw,72230d8c06b5a71069df48ede6f7f3e6128cd83e8239dd1b2e5fe023578b6eb1,"{""distance"":5,""physical_error_rate"":0.01}","{""detection_events"":2476,""detectors_checked"":57344,""obs_mistake_mask=E"":1}"
      1024,         0,         0,   0.092,exact_mw,3208f56225bbcac0e2804eb6f92d0a8b681652a702ca1ec920ccd7367f0e0899,"{""distance"":5,""physical_error_rate"":0.002}","{""detection_events"":1878,""detectors_checked"":229376}"
     33792,         0,         0,   0.296,exact_mw,70a969f5042aec17ac076c6379f4170fb7c69b8e925756ef3b7334e28a33338b,"{""distance"":5,""physical_error_rate"":0.0001}","{""detection_events"":3198,""detectors_checked"":7569408}"
    182272,         2,         0,    2.17,exact_mw,bb90ec3459e353008cf9a5bb9142bf1e8515517a9e167021b225104594e48e8a,"{""distance"":5,""physical_error_rate"":0.001}","{""detection_events"":178041,""detectors_checked"":40828928,""obs_mistake_mask=E"":2}"
     49152,         0,         0,   0.289,exact_mw,f32ebecd8e105e50ec838d33c5ed9b45444b6b44a3c6ac541111079f2b14e893,"{""distance"":5,""physical_error_rate"":5e-05}","{""detection_events"":2561,""detectors_checked"":11010048}"
       128,         7,         0,    1.08,exact_mw,7b4896c0e7f0a510554d89637fd747b157418067a95869d1f0661294d473d1dc,"{""distance"":5,""physical_error_rate"":0.02}","{""detection_events"":2295,""detectors_checked"":28672,""obs_mistake_mask=E"":7}"
    316416,         0,         0,    2.18,exact_mw,cdc4a450a40af8e24899239080e4c40992fb5baf91c5a31ab3a165eacb3a1ab3,"{""distance"":5,""physical_error_rate"":0.0002}","{""detection_events"":62855,""detectors_checked"":70877184}"
      1024,         0,         0,   0.929,exact_mw,38b7ae1c4e8407fc325e0d9e43e9f92ff26dcb3f5cf7b98d24ea74c9e5188d39,"{""distance"":5,""physical_error_rate"":0.005}","{""detection_events"":4837,""detectors_checked"":229376}"
      1024,         0,         0,   0.097,exact_mw,3208f56225bbcac0e2804eb6f92d0a8b681652a702ca1ec920ccd7367f0e0899,"{""distance"":5,""physical_error_rate"":0.002}","{""detection_events"":1900,""detectors_checked"":229376}"
       128,         1,         0,   0.393,exact_mw,72230d8c06b5a71069df48ede6f7f3e6128cd83e8239dd1b2e5fe023578b6eb1,"{""distance"":5,""physical_error_rate"":0.01}","{""detection_events"":1247,""detectors_checked"":28672,""obs_mistake_mask=E"":1}"
     56320,         0,         0,   0.288,exact_mw,cb12ae119b9b2ba18d0216e7235b403229e92fd0743ede48fe7f1a2c6f45d594,"{""distance"":5,""physical_error_rate"":0.0005}","{""detection_events"":27695,""detectors_checked"":12615680}"
    353280,         0,         0,    2.16,exact_mw,cdc4a450a40af8e24899239080e4c40992fb5baf91c5a31ab3a165eacb3a1ab3,"{""distance"":5,""physical_error_rate"":0.0002}","{""detection_events"":69326,""detectors_checked"":79134720}"
       128,        33,         0,   0.870,exact_mw,7fd11737ba5953e5998cf5d5ab7672462ce2ff07a9ab0f8628176a3f70e7a095,"{""distance"":5,""physical_error_rate"":0.05}","{""detection_events"":5022,""detectors_checked"":28672,""obs_mistake_mask=E"":33}"
     65536,         0,         0,   0.394,exact_mw,f32ebecd8e105e50ec838d33c5ed9b45444b6b44a3c6ac541111079f2b14e893,"{""distance"":5,""physical_error_rate"":5e-05}","{""detection_events"":3328,""detectors_checked"":14680064}"
    464896,         0,         0,    2.17,exact_mw,70a969f5042aec17ac076c6379f4170fb7c69b8e925756ef3b7334e28a33338b,"{""distance"":5,""physical_error_rate"":0.0001}","{""detection_events"":45700,""detectors_checked"":104136704}"
    335872,         0,         0,    2.18,exact_mw,cb12ae119b9b2ba18d0216e7235b403229e92fd0743ede48fe7f1a2c6f45d594,"{""distance"":5,""physical_error_rate"":0.0005}","{""detection_events"":164183,""detectors_checked"":75235328}"
     89088,         0,         0,   0.570,exact_mw,cdc4a450a40af8e24899239080e4c40992fb5baf91c5a31ab3a165eacb3a1ab3,"{""distance"":5,""physical_error_rate"":0.0002}","{""detection_events"":17736,""detectors_checked"":19955712}"
      1024,         0,         0,   0.106,exact_mw,3208f56225bbcac0e2804eb6f92d0a8b681652a702ca1ec920ccd7367f0e0899,"{""distance"":5,""physical_error_rate"":0.002}","{""detection_events"":2155,""detectors_checked"":229376}"
       256,        11,         0,    1.21,exact_mw,7b4896c0e7f0a510554d89637fd747b157418067a95869d1f0661294d473d1dc,"{""distance"":5,""physical_error_rate"":0.02}","{""detection_events"":4553,""detectors_checked"":57344,""obs_mistake_mask=E"":11}"
    134144,         0,         0,    2.16,exact_mw,cb12ae119b9b2ba18d0216e7235b403229e92fd0743ede48fe7f1a2c6f45d594,"{""distance"":5,""physical_error_rate"":0.0005}","{""detection_events"":65278,""detectors_checked"":30048256}"
    357376,         0,         0,    2.15,exact_mw,70a969f5042aec17ac076c6379f4170fb7c69b8e925756ef3b7334e28a33338b,"{""distance"":5,""physical_error_rate"":0.0001}","{""detection_events"":35351,""detectors_checked"":80052224}"
      1024,         0,         0,   0.108,exact_mw,3208f56225bbcac0e2804eb6f92d0a8b681652a702ca1ec920ccd7367f0e0899,"{""distance"":5,""physical_error_rate"":0.002}","{""detection_events"":1998,""detectors_checked"":229376}"
    182272,         0,         0,    2.17,exact_mw,cb12ae119b9b2ba18d0216e7235b403229e92fd0743ede48fe7f1a2c6f45d594,"{""distance"":5,""physical_error_rate"":0.0005}","{""detection_events"":89953,""detectors_checked"":40828928}"
       128,        25,         0,    1.06,exact_mw,7fd11737ba5953e5998cf5d5ab7672462ce2ff07a9ab0f8628176a3f70e7a095,"{""distance"":5,""physical_error_rate"":0.05}","{""detection_events"":4791,""detectors_checked"":28672,""obs_mistake_mask=E"":25}"
    360448,         0,         0,    2.17,exact_mw,f32ebecd8e105e50ec838d33c5ed9b45444b6b44a3c6ac541111079f2b14e893,"{""distance"":5,""physical_error_rate"":5e-05}","{""detection_events"":17686,""detectors_checked"":80740352}"
     60416,         0,         0,   0.420,exact_mw,70a969f5042aec17ac076c6379f4170fb7c69b8e925756ef3b7334e28a33338b,"{""distance"":5,""physical_error_rate"":0.0001}","{""detection_events"":5900,""detectors_checked"":13533184}"
      1024,         2,         0,    1.26,exact_mw,38b7ae1c4e8407fc325e0d9e43e9f92ff26dcb3f5cf7b98d24ea74c9e5188d39,"{""distance"":5,""physical_error_rate"":0.005}","{""detection_events"":4932,""detectors_checked"":229376,""obs_mistake_mask=E"":2}"
    104448,         1,         0,    2.18,exact_mw,bb90ec3459e353008cf9a5bb9142bf1e8515517a9e167021b225104594e48e8a,"{""distance"":5,""physical_error_rate"":0.001}","{""detection_events"":102292,""detectors_checked"":23396352,""obs_mistake_mask=E"":1}"
     45056,         0,         0,   0.404,exact_mw,70a969f5042aec17ac076c6379f4170fb7c69b8e925756ef3b7334e28a33338b,"{""distance"":5,""physical_error_rate"":0.0001}","{""detection_events"":4408,""detectors_checked"":10092544}"
    178176,         0,         0,   0.791,exact_mw,cdc4a450a40af8e24899239080e4c40992fb5baf91c5a31ab3a165eacb3a1ab3,"{""distance"":5,""physical_error_rate"":0.0002}","{""detection_events"":35054,""detectors_checked"":39911424}"
     66560,         0,         0,   0.405,exact_mw,f32ebecd8e105e50ec838d33c5ed9b45444b6b44a3c6ac541111079f2b14e893,"{""distance"":5,""physical_error_rate"":5e-05}","{""detection_events"":2862,""detectors_checked"":14909440}"
       256,         5,         0,   0.687,exact_mw,72230d8c06b5a71069df48ede6f7f3e6128cd83e8239dd1b2e5fe023578b6eb1,"{""distance"":5,""physical_error_rate"":0.01}","{""detection_events"":2350,""detectors_checked"":57344,""obs_mistake_mask=E"":5}"
      2048,         0,         0,   0.177,exact_mw,3208f56225bbcac0e2804eb6f92d0a8b681652a702ca1ec920ccd7367f0e0899,"{""distance"":5,""physical_error_rate"":0.002}","{""detection_events"":3895,""detectors_checked"":458752}"
       128,         0,         0,   0.369,exact_mw,72230d8c06b5a71069df48ede6f7f3e6128cd83e8239dd1b2e5fe023578b6eb1,"{""distance"":5,""physical_error_rate"":0.01}","{""detection_events"":1236,""detectors_checked"":28672}"
    101376,         0,         0,   0.402,exact_mw,cb12ae119b9b2ba18d0216e7235b403229e92fd0743ede48fe7f1a2c6f45d594,"{""distance"":5,""physical_error_rate"":0.0005}","{""detection_events"":50035,""detectors_checked"":22708224}"
    129024,         0,         0,   0.580,exact_mw,cb12ae119b9b2ba18d0216e7235b403229e92fd0743ede48fe7f1a2c6f45d594,"{""distance"":5,""physical_error_rate"":0.0005}","{""detection_events"":63177,""detectors_checked"":28901376}"
       256,         2,         0,   0.709,exact_mw,72230d8c06b5a71069df48ede6f7f3e6128cd83e8239dd1b2e5fe023578b6eb1,"{""distance"":5,""physical_error_rate"":0.01}","{""detection_events"":2439,""detectors_checked"":57344,""obs_mistake_mask=E"":2}"
     31744,         4,         0,    2.21,exact_mw,3208f56225bbcac0e2804eb6f92d0a8b681652a702ca1ec920ccd7367f0e0899,"{""distance"":5,""physical_error_rate"":0.002}","{""detection_events"":62281,""detectors_checked"":7110656,""obs_mistake_mask=E"":4}"
       256,         2,         0,   0.681,exact_mw,72230d8c06b5a71069df48ede6f7f3e6128cd83e8239dd1b2e5fe023578b6eb1,"{""distance"":5,""physical_error_rate"":0.01}","{""detection_events"":2313,""detectors_checked"":57344,""obs_mistake_mask=E"":2}"
      2048,         0,         0,   0.191,exact_mw,3208f56225bbcac0e2804eb6f92d0a8b681652a702ca1ec920ccd7367f0e0899,"{""distance"":5,""physical_error_rate"":0.002}","{""detection_events"":3994,""detectors_checked"":458752}"
       128,        25,         0,   0.915,exact_mw,7fd11737ba5953e5998cf5d5ab7672462ce2ff07a9ab0f8628176a3f70e7a095,"{""distance"":5,""physical_error_rate"":0.05}","{""detection_events"":4882,""detectors_checked"":28672,""obs_mistake_mask=E"":25}"
       128,        24,         0,   0.939,exact_mw,7fd11737ba5953e5998cf5d5ab7672462ce2ff07a9ab0f8628176a3f70e7a095,"{""distance"":5,""physical_error_rate"":0.05}","{""detection_events"":5002,""detectors_checked"":28672,""obs_mistake_mask=E"":24}"
      1536,         0,         0,    1.26,exact_mw,38b7ae1c4e8407fc325e0d9e43e9f92ff26dcb3f5cf7b98d24ea74c9e5188d39,"{""distance"":5,""physical_error_rate"":0.005}","{""detection_events"":7062,""detectors_checked"":344064}"
     89088,         0,         0,   0.567,exact_mw,f32ebecd8e105e50ec838d33c5ed9b45444b6b44a3c6ac541111079f2b14e893,"{""distance"":5,""physical_error_rate"":5e-05}","{""detection_events"":4532,""detectors_checked"":19955712}"
       256,         4,         0,    1.21,exact_mw,7b4896c0e7f0a510554d89637fd747b157418067a95869d1f0661294d473d1dc,"{""distance"":5,""physical_error_rate"":0.02}","{""detection_events"":4482,""detectors_checked"":57344,""obs_mistake_mask=E"":4}"
       512,         3,         0,    1.41,exact_mw,72230d8c06b5a71069df48ede6f7f3e6128cd83e8239dd1b2e5fe023578b6eb1,"{""distance"":5,""physical_error_rate"":0.01}","{""detection_events"":4461,""detectors_checked"":114688,""obs_mistake_mask=E"":3}"
      2048,         2,         0,    1.07,exact_mw,38b7ae1c4e8407fc325e0d9e43e9f92ff26dcb3f5cf7b98d24ea74c9e5188d39,"{""distance"":5,""physical_error_rate"":0.005}","{""detection_events"":9792,""detectors_checked"":458752,""obs_mistake_mask=E"":2}"
       128,         2,         0,   0.402,exact_mw,72230d8c06b5a71069df48ede6f7f3e6128cd83e8239dd1b2e5fe023578b6eb1,"{""distance"":5,""physical_error_rate"":0.01}","{""detection_events"":1163,""detectors_checked"":28672,""obs_mistake_mask=E"":2}"
       128,         3,         0,   0.866,exact_mw,7b4896c0e7f0a510554d89637fd747b157418067a95869d1f0661294d473d1dc,"{""distance"":5,""physical_error_rate"":0.02}","{""detection_events"":2270,""detectors_checked"":28672,""obs_mistake_mask=E"":3}"
      1024,         4,         0,   0.854,exact_mw,38b7ae1c4e8407fc325e0d9e43e9f92ff26dcb3f5cf7b98d24ea74c9e5188d39,"{""distance"":5,""physical_error_rate"":0.005}","{""detection_events"":4711,""detectors_checked"":229376,""obs_mistake_mask=E"":4}"
      1536,         1,         0,    1.38,exact_mw,38b7ae1c4e8407fc325e0d9e43e9f92ff26dcb3f5cf7b98d24ea74c9e5188d39,"{""distance"":5,""physical_error_rate"":0.005}","{""detection_events"":7435,""detectors_checked"":344064,""obs_mistake_mask=E"":1}"
     68608,         0,         0,   0.548,exact_mw,70a969f5042aec17ac076c6379f4170fb7c69b8e925756ef3b7334e28a33338b,"{""distance"":5,""physical_error_rate"":0.0001}","{""detection_events"":7002,""detectors_checked"":15368192}"
      3072,         0,         0,   0.266,exact_mw,3208f56225bbcac0e2804eb6f92d0a8b681652a702ca1ec920ccd7367f0e0899,"{""distance"":5,""physical_error_rate"":0.002}","{""detection_events"":5952,""detectors_checked"":688128}"
     89088,         0,         0,   0.552,exact_mw,70a969f5042aec17ac076c6379f4170fb7c69b8e925756ef3b7334e28a33338b,"{""distance"":5,""physical_error_rate"":0.0001}","{""detection_events"":8758,""detectors_checked"":19955712}"
    202752,         0,         0,   0.790,exact_mw,cdc4a450a40af8e24899239080e4c40992fb5baf91c5a31ab3a165eacb3a1ab3,"{""distance"":5,""physical_error_rate"":0.0002}","{""detection_events"":40427,""detectors_checked"":45416448}"
     95232,         0,         0,   0.554,exact_mw,f32ebecd8e105e50ec838d33c5ed9b45444b6b44a3c6ac541111079f2b14e893,"{""distance"":5,""physical_error_rate"":5e-05}","{""detection_events"":4617,""detectors_checked"":21331968}"
    105472,         0,         0,   0.564,exact_mw,cb12ae119b9b2ba18d0216e7235b403229e92fd0743ede48fe7f1a2c6f45d594,"{""distance"":5,""physical_error_rate"":0.0005}","{""detection_events"":51703,""detectors_checked"":23625728}"
     68608,         0,         0,    2.14,exact_mw,bb90ec3459e353008cf9a5bb9142bf1e8515517a9e167021b225104594e48e8a,"{""distance"":5,""physical_error_rate"":0.001}","{""detection_events"":67244,""detectors_checked"":15368192}"
       256,         1,         0,   0.718,exact_mw,72230d8c06b5a71069df48ede6f7f3e6128cd83e8239dd1b2e5fe023578b6eb1,"{""distance"":5,""physical_error_rate"":0.01}","{""detection_events"":2378,""detectors_checked"":57344,""obs_mistake_mask=E"":1}"
     22528,         2,         0,    2.23,exact_mw,3208f56225bbcac0e2804eb6f92d0a8b681652a702ca1ec920ccd7367f0e0899,"{""distance"":5,""physical_error_rate"":0.002}","{""detection_events"":44116,""detectors_checked"":5046272,""obs_mistake_mask=E"":2}"
       128,        33,         0,    1.16,exact_mw,7fd11737ba5953e5998cf5d5ab7672462ce2ff07a9ab0f8628176a3f70e7a095,"{""distance"":5,""physical_error_rate"":0.05}","{""detection_events"":5000,""detectors_checked"":28672,""obs_mistake_mask=E"":33}"
       256,         0,         0,   0.756,exact_mw,72230d8c06b5a71069df48ede6f7f3e6128cd83e8239dd1b2e5fe023578b6eb1,"{""distance"":5,""physical_error_rate"":0.01}","{""detection_events"":2489,""detectors_checked"":57344}"
       128,         3,         0,   0.408,exact_mw,72230d8c06b5a71069df48ede6f7f3e6128cd83e8239dd1b2e5fe023578b6eb1,"{""distance"":5,""physical_error_rate"":0.01}","{""detection_events"":1199,""detectors_checked"":28672,""obs_mistake_mask=E"":3}"
    164864,         0,         0,   0.791,exact_mw,cb12ae119b9b2ba18d0216e7235b403229e92fd0743ede48fe7f1a2c6f45d594,"{""distance"":5,""physical_error_rate"":0.0005}","{""detection_events"":81668,""detectors_checked"":36929536}"
        17,         0,         0,   0.014,exact_mw,bb90ec3459e353008cf9a5bb9142bf1e8515517a9e167021b225104594e48e8a,"{""distance"":5,""physical_error_rate"":0.001}","{""detection_events"":36,""detectors_checked"":3808}"
       256,         0,         0,   0.007,exact_mw,bb90ec3459e353008cf9a5bb9142bf1e8515517a9e167021b225104594e48e8a,"{""distance"":5,""physical_error_rate"":0.001}","{""detection_events"":277,""detectors_checked"":57344}"
     17408,         1,         0,    2.24,exact_mw,3208f56225bbcac0e2804eb6f92d0a8b681652a702ca1ec920ccd7367f0e0899,"{""distance"":5,""physical_error_rate"":0.002}","{""detection_events"":33934,""detectors_checked"":3899392,""obs_mistake_mask=E"":1}"
      1024,         0,         0,   0.034,exact_mw,bb90ec3459e353008cf9a5bb9142bf1e8515517a9e167021b225104594e48e8a,"{""distance"":5,""physical_error_rate"":0.001}","{""detection_events"":1036,""detectors_checked"":229376}"
      3072,         1,         0,   0.430,exact_mw,3208f56225bbcac0e2804eb6f92d0a8b681652a702ca1ec920ccd7367f0e0899,"{""distance"":5,""physical_error_rate"":0.002}","{""detection_events"":6034,""detectors_checked"":688128,""obs_mistake_mask=E"":1}"
      2048,         0,         0,   0.051,exact_mw,bb90ec3459e353008cf9a5bb9142bf1e8515517a9e167021b225104594e48e8a,"{""distance"":5,""physical_error_rate"":0.001}","{""detection_events"":1949,""detectors_checked"":458752}"
       256,         3,         0,   0.798,exact_mw,72230d8c06b5a71069df48ede6f7f3e6128cd83e8239dd1b2e5fe023578b6eb1,"{""distance"":5,""physical_error_rate"":0.01}","{""detection_events"":2456,""detectors_checked"":57344,""obs_mistake_mask=E"":3}"
      2048,         0,         0,   0.069,exact_mw,bb90ec3459e353008cf9a5bb9142bf1e8515517a9e167021b225104594e48e8a,"{""distance"":5,""physical_error_rate"":0.001}","{""detection_events"":2011,""detectors_checked"":458752}"
    130048,         0,         0,   0.779,exact_mw,f32ebecd8e105e50ec838d33c5ed9b45444b6b44a3c6ac541111079f2b14e893,"{""distance"":5,""physical_error_rate"":5e-05}","{""detection_events"":6515,""detectors_checked"":29130752}"
       384,        12,         0,    2.09,exact_mw,7b4896c0e7f0a510554d89637fd747b157418067a95869d1f0661294d473d1dc,"{""distance"":5,""physical_error_rate"":0.02}","{""detection_events"":6955,""detectors_checked"":86016,""obs_mistake_mask=E"":12}"
    181248,         0,         0,    1.08,exact_mw,cdc4a450a40af8e24899239080e4c40992fb5baf91c5a31ab3a165eacb3a1ab3,"{""distance"":5,""physical_error_rate"":0.0002}","{""detection_events"":35490,""detectors_checked"":40599552}"
      2048,         0,         0,   0.057,exact_mw,bb90ec3459e353008cf9a5bb9142bf1e8515517a9e167021b225104594e48e8a,"{""distance"":5,""physical_error_rate"":0.001}","{""detection_events"":1883,""detectors_checked"":458752}"
     16384,         2,         0,    2.18,exact_mw,3208f56225bbcac0e2804eb6f92d0a8b681652a702ca1ec920ccd7367f0e0899,"{""distance"":5,""physical_error_rate"":0.002}","{""detection_events"":32153,""detectors_checked"":3670016,""obs_mistake_mask=E"":2}"
      1024,         0,         0,    1.18,exact_mw,38b7ae1c4e8407fc325e0d9e43e9f92ff26dcb3f5cf7b98d24ea74c9e5188d39,"{""distance"":5,""physical_error_rate"":0.005}","{""detection_events"":4731,""detectors_checked"":229376}"
       128,        34,         0,   0.911,exact_mw,7fd11737ba5953e5998cf5d5ab7672462ce2ff07a9ab0f8628176a3f70e7a095,"{""distance"":5,""physical_error_rate"":0.05}","{""detection_events"":4772,""detectors_checked"":28672,""obs_mistake_mask=E"":34}"
      1024,         0,         0,   0.081,exact_mw,bb90ec3459e353008cf9a5bb9142bf1e8515517a9e167021b225104594e48e8a,"{""distance"":5,""physical_error_rate"":0.001}","{""detection_events"":1064,""detectors_checked"":229376}"
       128,         0,         0,   0.394,exact_mw,72230d8c06b5a71069df48ede6f7f3e6128cd83e8239dd1b2e5fe023578b6eb1,"{""distance"":5,""physical_error_rate"":0.01}","{""detection_events"":1172,""detectors_checked"":28672}"
    128000,         0,         0,   0.800,exact_mw,70a969f5042aec17ac076c6379f4170fb7c69b8e925756ef3b7334e28a33338b,"{""distance"":5,""physical_error_rate"":0.0001}","{""detection_events"":12635,""detectors_checked"":28672000}"
       128,         3,         0,   0.841,exact_mw,7b4896c0e7f0a510554d89637fd747b157418067a95869d1f0661294d473d1dc,"{""distance"":5,""physical_error_rate"":0.02}","{""detection_events"":2298,""detectors_checked"":28672,""obs_mistake_mask=E"":3}"
    138240,         0,         0,   0.784,exact_mw,70a969f5042aec17ac076c6379f4170fb7c69b8e925756ef3b7334e28a33338b,"{""distance"":5,""physical_error_rate"":0.0001}","{""detection_events"":13636,""detectors_checked"":30965760}"
    133120,         0,         0,   0.792,exact_mw,f32ebecd8e105e50ec838d33c5ed9b45444b6b44a3c6ac541111079f2b14e893,"{""distance"":5,""physical_error_rate"":5e-05}","{""detection_events"":6756,""detectors_checked"":29818880}"
      3072,         0,         0,   0.176,exact_mw,bb90ec3459e353008cf9a5bb9142bf1e8515517a9e167021b225104594e48e8a,"{""distance"":5,""physical_error_rate"":0.001}","{""detection_events"":3070,""detectors_checked"":688128}"
       256,         2,         0,   0.684,exact_mw,72230d8c06b5a71069df48ede6f7f3e6128cd83e8239dd1b2e5fe023578b6eb1,"{""distance"":5,""physical_error_rate"":0.01}","{""detection_events"":2283,""detectors_checked"":57344,""obs_mistake_mask=E"":2}"
       256,         9,         0,    1.63,exact_mw,7b4896c0e7f0a510554d89637fd747b157418067a95869d1f0661294d473d1dc,"{""distance"":5,""physical_error_rate"":0.02}","{""detection_events"":4550,""detectors_checked"":57344,""obs_mistake_mask=E"":9}"
    172032,         0,         0,   0.792,exact_mw,cb12ae119b9b2ba18d0216e7235b403229e92fd0743ede48fe7f1a2c6f45d594,"{""distance"":5,""physical_error_rate"":0.0005}","{""detection_events"":84225,""detectors_checked"":38535168}"
      2048,         2,         0,    1.05,exact_mw,38b7ae1c4e8407fc325e0d9e43e9f92ff26dcb3f5cf7b98d24ea74c9e5188d39,"{""distance"":5,""physical_error_rate"":0.005}","{""detection_events"":9726,""detectors_checked"":458752,""obs_mistake_mask=E"":2}"
      1024,         2,         0,   0.973,exact_mw,38b7ae1c4e8407fc325e0d9e43e9f92ff26dcb3f5cf7b98d24ea74c9e5188d39,"{""distance"":5,""physical_error_rate"":0.005}","{""detection_events"":5035,""detectors_checked"":229376,""obs_mistake_mask=E"":2}"
      4096,         0,         0,   0.560,exact_mw,3208f56225bbcac0e2804eb6f92d0a8b681652a702ca1ec920ccd7367f0e0899,"{""distance"":5,""physical_error_rate"":0.002}","{""detection_events"":7899,""detectors_checked"":917504}"
      3072,         0,         0,   0.162,exact_mw,bb90ec3459e353008cf9a5bb9142bf1e8515517a9e167021b225104594e48e8a,"{""distance"":5,""physical_error_rate"":0.001}","{""detection_events"":2873,""detectors_checked"":688128}"
       192,        41,         0,    1.68,exact_mw,7fd11737ba5953e5998cf5d5ab7672462ce2ff07a9ab0f8628176a3f70e7a095,"{""distance"":5,""physical_error_rate"":0.05}","{""detection_events"":7632,""detectors_checked"":43008,""obs_mistake_mask=E"":41}"
       256,         2,         0,   0.699,exact_mw,72230d8c06b5a71069df48ede6f7f3e6128cd83e8239dd1b2e5fe023578b6eb1,"{""distance"":5,""physical_error_rate"":0.01}","{""detection_events"":2374,""detectors_checked"":57344,""obs_mistake_mask=E"":2}"
       512,         2,         0,    1.24,exact_mw,72230d8c06b5a71069df48ede6f7f3e6128cd83e8239dd1b2e5fe023578b6eb1,"{""distance"":5,""physical_error_rate"":0.01}","{""detection_events"":4779,""detectors_checked"":114688,""obs_mistake_mask=E"":2}"
       192,        41,         0,    1.37,exact_mw,7fd11737ba5953e5998cf5d5ab7672462ce2ff07a9ab0f8628176a3f70e7a095,"{""distance"":5,""physical_error_rate"":0.05}","{""detection_events"":7261,""detectors_checked"":43008,""obs_mistake_mask=E"":41}"
    277504,         0,         0,    1.09,exact_mw,cdc4a450a40af8e24899239080e4c40992fb5baf91c5a31ab3a165eacb3a1ab3,"{""distance"":5,""physical_error_rate"":0.0002}","{""detection_events"":54501,""detectors_checked"":62160896}"
       128,        29,         0,   0.859,exact_mw,7fd11737ba5953e5998cf5d5ab7672462ce2ff07a9ab0f8628176a3f70e7a095,"{""distance"":5,""physical_error_rate"":0.05}","{""detection_events"":4786,""detectors_checked"":28672,""obs_mistake_mask=E"":29}"
       128,         1,         0,   0.456,exact_mw,72230d8c06b5a71069df48ede6f7f3e6128cd83e8239dd1b2e5fe023578b6eb1,"{""distance"":5,""physical_error_rate"":0.01}","{""detection_events"":1256,""detectors_checked"":28672,""obs_mistake_mask=E"":1}"
      5120,         0,         0,   0.217,exact_mw,bb90ec3459e353008cf9a5bb9142bf1e8515517a9e167021b225104594e48e8a,"{""distance"":5,""physical_error_rate"":0.001}","{""detection_events"":4965,""detectors_checked"":1146880}"
    616448,         0,         0,    3.00,exact_mw,f32ebecd8e105e50ec838d33c5ed9b45444b6b44a3c6ac541111079f2b14e893,"{""distance"":5,""physical_error_rate"":5e-05}","{""detection_events"":30463,""detectors_checked"":138084352}"
    590848,         0,         0,    3.01,exact_mw,70a969f5042aec17ac076c6379f4170fb7c69b8e925756ef3b7334e28a33338b,"{""distance"":5,""physical_error_rate"":0.0001}","{""detection_events"":58409,""detectors_checked"":132349952}"
    247808,         0,         0,    1.11,exact_mw,cb12ae119b9b2ba18d0216e7235b403229e92fd0743ede48fe7f1a2c6f45d594,"{""distance"":5,""physical_error_rate"":0.0005}","{""detection_events"":120464,""detectors_checked"":55508992}"
    196608,         0,         0,    3.06,exact_mw,bb90ec3459e353008cf9a5bb9142bf1e8515517a9e167021b225104594e48e8a,"{""distance"":5,""physical_error_rate"":0.001}","{""detection_events"":191771,""detectors_checked"":44040192}"
      2048,         2,         0,    1.76,exact_mw,38b7ae1c4e8407fc325e0d9e43e9f92ff26dcb3f5cf7b98d24ea74c9e5188d39,"{""distance"":5,""physical_error_rate"":0.005}","{""detection_events"":9777,""detectors_checked"":458752,""obs_mistake_mask=E"":2}"
      1024,         2,         0,   0.560,exact_mw,38b7ae1c4e8407fc325e0d9e43e9f92ff26dcb3f5cf7b98d24ea74c9e5188d39,"{""distance"":5,""physical_error_rate"":0.005}","{""detection_events"":4846,""detectors_checked"":229376,""obs_mistake_mask=E"":2}"
     10240,         0,         0,   0.310,exact_mw,bb90ec3459e353008cf9a5bb9142bf1e8515517a9e167021b225104594e48e8a,"{""distance"":5,""physical_error_rate"":0.001}","{""detection_events"":10055,""detectors_checked"":2293760}"
       128,         0,         0,   0.344,exact_mw,72230d8c06b5a71069df48ede6f7f3e6128cd83e8239dd1b2e5fe023578b6eb1,"{""distance"":5,""physical_error_rate"":0.01}","{""detection_events"":1182,""detectors_checked"":28672}"
       128,        36,         0,   0.913,exact_mw,7fd11737ba5953e5998cf5d5ab7672462ce2ff07a9ab0f8628176a3f70e7a095,"{""distance"":5,""physical_error_rate"":0.05}","{""detection_events"":4868,""detectors_checked"":28672,""obs_mistake_mask=E"":36}"
      4096,         0,         0,   0.575,exact_mw,3208f56225bbcac0e2804eb6f92d0a8b681652a702ca1ec920ccd7367f0e0899,"{""distance"":5,""physical_error_rate"":0.002}","{""detection_events"":8076,""detectors_checked"":917504}"
        64,        19,         0,   0.604,exact_mw,7fd11737ba5953e5998cf5d5ab7672462ce2ff07a9ab0f8628176a3f70e7a095,"{""distance"":5,""physical_error_rate"":0.05}","{""detection_events"":2534,""detectors_checked"":14336,""obs_mistake_mask=E"":19}"
    186368,         0,         0,    1.11,exact_mw,f32ebecd8e105e50ec838d33c5ed9b45444b6b44a3c6ac541111079f2b14e893,"{""distance"":5,""physical_error_rate"":5e-05}","{""detection_events"":9601,""detectors_checked"":41746432}"
       384,        14,         0,    1.93,exact_mw,7b4896c0e7f0a510554d89637fd747b157418067a95869d1f0661294d473d1dc,"{""distance"":5,""physical_error_rate"":0.02}","{""detection_events"":6707,""detectors_checked"":86016,""obs_mistake_mask=E"":14}"
      2048,         1,         0,    1.88,exact_mw,38b7ae1c4e8407fc325e0d9e43e9f92ff26dcb3f5cf7b98d24ea74c9e5188d39,"{""distance"":5,""physical_error_rate"":0.005}","{""detection_events"":10055,""detectors_checked"":458752,""obs_mistake_mask=E"":1}"
       256,         2,         0,   0.959,exact_mw,72230d8c06b5a71069df48ede6f7f3e6128cd83e8239dd1b2e5fe023578b6eb1,"{""distance"":5,""physical_error_rate"":0.01}","{""detection_events"":2387,""detectors_checked"":57344,""obs_mistake_mask=E"":2}"
    555008,         0,         0,    3.04,exact_mw,cdc4a450a40af8e24899239080e4c40992fb5baf91c5a31ab3a165eacb3a1ab3,"{""distance"":5,""physical_error_rate"":0.0002}","{""detection_events"":109245,""detectors_checked"":124321792}"
    182272,         0,         0,    1.07,exact_mw,70a969f5042aec17ac076c6379f4170fb7c69b8e925756ef3b7334e28a33338b,"{""distance"":5,""physical_error_rate"":0.0001}","{""detection_events"":17889,""detectors_checked"":40828928}"
    190464,         0,         0,    1.09,exact_mw,70a969f5042aec17ac076c6379f4170fb7c69b8e925756ef3b7334e28a33338b,"{""distance"":5,""physical_error_rate"":0.0001}","{""detection_events"":18723,""detectors_checked"":42663936}"
       128,         0,         0,   0.379,exact_mw,72230d8c06b5a71069df48ede6f7f3e6128cd83e8239dd1b2e5fe023578b6eb1,"{""distance"":5,""physical_error_rate"":0.01}","{""detection_events"":1260,""detectors_checked"":28672}"
       512,         5,         0,    1.46,exact_mw,72230d8c06b5a71069df48ede6f7f3e6128cd83e8239dd1b2e5fe023578b6eb1,"{""distance"":5,""physical_error_rate"":0.01}","{""detection_events"":4790,""detectors_checked"":114688,""obs_mistake_mask=E"":5}"
    187392,         0,         0,    1.09,exact_mw,f32ebecd8e105e50ec838d33c5ed9b45444b6b44a3c6ac541111079f2b14e893,"{""distance"":5,""physical_error_rate"":5e-05}","{""detection_events"":9341,""detectors_checked"":41975808}"
     15360,         1,         0,   0.429,exact_mw,bb90ec3459e353008cf9a5bb9142bf1e8515517a9e167021b225104594e48e8a,"{""distance"":5,""physical_error_rate"":0.001}","{""detection_events"":15195,""detectors_checked"":3440640,""obs_mistake_mask=E"":1}"
    754688,         0,         0,    3.02,exact_mw,f32ebecd8e105e50ec838d33c5ed9b45444b6b44a3c6ac541111079f2b14e893,"{""distance"":5,""physical_error_rate"":5e-05}","{""detection_events"":36324,""detectors_checked"":169050112}"
    228352,         0,         0,    1.11,exact_mw,cb12ae119b9b2ba18d0216e7235b403229e92fd0743ede48fe7f1a2c6f45d594,"{""distance"":5,""physical_error_rate"":0.0005}","{""detection_events"":113088,""detectors_checked"":51150848}"
    157696,         3,         0,    3.03,exact_mw,bb90ec3459e353008cf9a5bb9142bf1e8515517a9e167021b225104594e48e8a,"{""distance"":5,""physical_error_rate"":0.001}","{""detection_events"":155230,""detectors_checked"":35323904,""obs_mistake_mask=E"":3}"
    256000,         0,         0,    1.55,exact_mw,cdc4a450a40af8e24899239080e4c40992fb5baf91c5a31ab3a165eacb3a1ab3,"{""distance"":5,""physical_error_rate"":0.0002}","{""detection_events"":49813,""detectors_checked"":57344000}"
    480256,         0,         0,    3.04,exact_mw,cdc4a450a40af8e24899239080e4c40992fb5baf91c5a31ab3a165eacb3a1ab3,"{""distance"":5,""physical_error_rate"":0.0002}","{""detection_events"":94594,""detectors_checked"":107577344}"
      1024,         2,         0,    1.61,exact_mw,38b7ae1c4e8407fc325e0d9e43e9f92ff26dcb3f5cf7b98d24ea74c9e5188d39,"{""distance"":5,""physical_error_rate"":0.005}","{""detection_events"":5105,""detectors_checked"":229376,""obs_mistake_mask=E"":2}"
    505856,         0,         0,    3.01,exact_mw,cdc4a450a40af8e24899239080e4c40992fb5baf91c5a31ab3a165eacb3a1ab3,"{""distance"":5,""physical_error_rate"":0.0002}","{""detection_events"":99175,""detectors_checked"":113311744}"
    546816,         0,         0,    3.02,exact_mw,70a969f5042aec17ac076c6379f4170fb7c69b8e925756ef3b7334e28a33338b,"{""distance"":5,""physical_error_rate"":0.0001}","{""detection_events"":53851,""detectors_checked"":122486784}"
    411648,         0,         0,    3.04,exact_mw,cb12ae119b9b2ba18d0216e7235b403229e92fd0743ede48fe7f1a2c6f45d594,"{""distance"":5,""physical_error_rate"":0.0005}","{""detection_events"":202650,""detectors_checked"":92209152}"
      1024,         1,         0,   0.800,exact_mw,38b7ae1c4e8407fc325e0d9e43e9f92ff26dcb3f5cf7b98d24ea74c9e5188d39,"{""distance"":5,""physical_error_rate"":0.005}","{""detection_events"":4891,""detectors_checked"":229376,""obs_mistake_mask=E"":1}"
       128,         1,         0,   0.389,exact_mw,72230d8c06b5a71069df48ede6f7f3e6128cd83e8239dd1b2e5fe023578b6eb1,"{""distance"":5,""physical_error_rate"":0.01}","{""detection_events"":1274,""detectors_checked"":28672,""obs_mistake_mask=E"":1}"
       256,        10,         0,    1.53,exact_mw,7b4896c0e7f0a510554d89637fd747b157418067a95869d1f0661294d473d1dc,"{""distance"":5,""physical_error_rate"":0.02}","{""detection_events"":4568,""detectors_checked"":57344,""obs_mistake_mask=E"":10}"
    360448,         0,         0,    3.04,exact_mw,cb12ae119b9b2ba18d0216e7235b403229e92fd0743ede48fe7f1a2c6f45d594,"{""distance"":5,""physical_error_rate"":0.0005}","{""detection_events"":178349,""detectors_checked"":80740352}"
      5120,         0,         0,   0.813,exact_mw,3208f56225bbcac0e2804eb6f92d0a8b681652a702ca1ec920ccd7367f0e0899,"{""distance"":5,""physical_error_rate"":0.002}","{""detection_events"":10188,""detectors_checked"":1146880}"
    505856,         0,         0,    3.01,exact_mw,70a969f5042aec17ac076c6379f4170fb7c69b8e925756ef3b7334e28a33338b,"{""distance"":5,""physical_error_rate"":0.0001}","{""detection_events"":49235,""detectors_checked"":113311744}"
    390144,         1,         0,    3.05,exact_mw,cb12ae119b9b2ba18d0216e7235b403229e92fd0743ede48fe7f1a2c6f45d594,"{""distance"":5,""physical_error_rate"":0.0005}","{""detection_events"":192928,""detectors_checked"":87392256,""obs_mistake_mask=E"":1}"
    442368,         0,         0,    3.00,exact_mw,f32ebecd8e105e50ec838d33c5ed9b45444b6b44a3c6ac541111079f2b14e893,"{""distance"":5,""physical_error_rate"":5e-05}","{""detection_events"":21639,""detectors_checked"":99090432}"
    151552,         0,         0,    3.06,exact_mw,bb90ec3459e353008cf9a5bb9142bf1e8515517a9e167021b225104594e48e8a,"{""distance"":5,""physical_error_rate"":0.001}","{""detection_events"":147106,""detectors_checked"":33947648}"
     22528,         0,         0,   0.581,exact_mw,bb90ec3459e353008cf9a5bb9142bf1e8515517a9e167021b225104594e48e8a,"{""distance"":5,""physical_error_rate"":0.001}","{""detection_events"":22467,""detectors_checked"":5046272}"
       512,         4,         0,    1.53,exact_mw,72230d8c06b5a71069df48ede6f7f3e6128cd83e8239dd1b2e5fe023578b6eb1,"{""distance"":5,""physical_error_rate"":0.01}","{""detection_events"":4658,""detectors_checked"":114688,""obs_mistake_mask=E"":4}"
      3072,         2,         0,    1.66,exact_mw,38b7ae1c4e8407fc325e0d9e43e9f92ff26dcb3f5cf7b98d24ea74c9e5188d39,"{""distance"":5,""physical_error_rate"":0.005}","{""detection_events"":14906,""detectors_checked"":688128,""obs_mistake_mask=E"":2}"
       128,         1,         0,   0.332,exact_mw,72230d8c06b5a71069df48ede6f7f3e6128cd83e8239dd1b2e5fe023578b6eb1,"{""distance"":5,""physical_error_rate"":0.01}","{""detection_events"":1188,""detectors_checked"":28672,""obs_mistake_mask=E"":1}"
    373760,         0,         0,    1.56,exact_mw,cdc4a450a40af8e24899239080e4c40992fb5baf91c5a31ab3a165eacb3a1ab3,"{""distance"":5,""physical_error_rate"":0.0002}","{""detection_events"":73475,""detectors_checked"":83722240}"
     33792,         0,         0,    3.17,exact_mw,3208f56225bbcac0e2804eb6f92d0a8b681652a702ca1ec920ccd7367f0e0899,"{""distance"":5,""physical_error_rate"":0.002}","{""detection_events"":65838,""detectors_checked"":7569408}"
       256,        10,         0,    1.99,exact_mw,7b4896c0e7f0a510554d89637fd747b157418067a95869d1f0661294d473d1dc,"{""distance"":5,""physical_error_rate"":0.02}","{""detection_events"":4544,""detectors_checked"":57344,""obs_mistake_mask=E"":10}"
    316416,         0,         0,    1.55,exact_mw,cb12ae119b9b2ba18d0216e7235b403229e92fd0743ede48fe7f1a2c6f45d594,"{""distance"":5,""physical_error_rate"":0.0005}","{""detection_events"":156588,""detectors_checked"":70877184}"
      1024,         0,         0,   0.815,exact_mw,38b7ae1c4e8407fc325e0d9e43e9f92ff26dcb3f5cf7b98d24ea74c9e5188d39,"{""distance"":5,""physical_error_rate"":0.005}","{""detection_events"":4863,""detectors_checked"":229376}"
    257024,         0,         0,    1.52,exact_mw,f32ebecd8e105e50ec838d33c5ed9b45444b6b44a3c6ac541111079f2b14e893,"{""distance"":5,""physical_error_rate"":5e-05}","{""detection_events"":12296,""detectors_checked"":57573376}"
     97280,         1,         0,    3.06,exact_mw,bb90ec3459e353008cf9a5bb9142bf1e8515517a9e167021b225104594e48e8a,"{""distance"":5,""physical_error_rate"":0.001}","{""detection_events"":95552,""detectors_checked"":21790720,""obs_mistake_mask=E"":1}"
      1280,        13,         0,    2.21,exact_mw,72230d8c06b5a71069df48ede6f7f3e6128cd83e8239dd1b2e5fe023578b6eb1,"{""distance"":5,""physical_error_rate"":0.01}","{""detection_events"":11707,""detectors_checked"":286720,""obs_mistake_mask=E"":13}"
     25600,         0,         0,   0.799,exact_mw,bb90ec3459e353008cf9a5bb9142bf1e8515517a9e167021b225104594e48e8a,"{""distance"":5,""physical_error_rate"":0.001}","{""detection_events"":24982,""detectors_checked"":5734400}"
       512,        19,         0,    2.83,exact_mw,7b4896c0e7f0a510554d89637fd747b157418067a95869d1f0661294d473d1dc,"{""distance"":5,""physical_error_rate"":0.02}","{""detection_events"":9084,""detectors_checked"":114688,""obs_mistake_mask=E"":19}"
     28672,         1,         0,    3.08,exact_mw,3208f56225bbcac0e2804eb6f92d0a8b681652a702ca1ec920ccd7367f0e0899,"{""distance"":5,""physical_error_rate"":0.002}","{""detection_events"":56157,""detectors_checked"":6422528,""obs_mistake_mask=E"":1}"
       256,         4,         0,   0.787,exact_mw,72230d8c06b5a71069df48ede6f7f3e6128cd83e8239dd1b2e5fe023578b6eb1,"{""distance"":5,""physical_error_rate"":0.01}","{""detection_events"":2402,""detectors_checked"":57344,""obs_mistake_mask=E"":4}"
    231424,         0,         0,    1.55,exact_mw,70a969f5042aec17ac076c6379f4170fb7c69b8e925756ef3b7334e28a33338b,"{""distance"":5,""physical_error_rate"":0.0001}","{""detection_events"":22799,""detectors_checked"":51838976}"
    216064,         0,         0,    1.57,exact_mw,70a969f5042aec17ac076c6379f4170fb7c69b8e925756ef3b7334e28a33338b,"{""distance"":5,""physical_error_rate"":0.0001}","{""detection_events"":21255,""detectors_checked"":48398336}"
    253952,         0,         0,    1.55,exact_mw,f32ebecd8e105e50ec838d33c5ed9b45444b6b44a3c6ac541111079f2b14e893,"{""distance"":5,""physical_error_rate"":5e-05}","{""detection_events"":12395,""detectors_checked"":56885248}"
     30720,         2,         0,    3.14,exact_mw,3208f56225bbcac0e2804eb6f92d0a8b681652a702ca1ec920ccd7367f0e0899,"{""distance"":5,""physical_error_rate"":0.002}","{""detection_events"":59667,""detectors_checked"":6881280,""obs_mistake_mask=E"":2}"
      2321,         0,         0,   0.021,exact_mw,f32ebecd8e105e50ec838d33c5ed9b45444b6b44a3c6ac541111079f2b14e893,"{""distance"":5,""physical_error_rate"":5e-05}","{""detection_events"":66,""detectors_checked"":519904}"
     11264,         0,         0,    1.22,exact_mw,3208f56225bbcac0e2804eb6f92d0a8b681652a702ca1ec920ccd7367f0e0899,"{""distance"":5,""physical_error_rate"":0.002}","{""detection_events"":22009,""detectors_checked"":2523136}"
    338944,         0,         0,    1.55,exact_mw,cb12ae119b9b2ba18d0216e7235b403229e92fd0743ede48fe7f1a2c6f45d594,"{""distance"":5,""physical_error_rate"":0.0005}","{""detection_events"":166571,""detectors_checked"":75923456}"
      4096,         0,         0,   0.026,exact_mw,f32ebecd8e105e50ec838d33c5ed9b45444b6b44a3c6ac541111079f2b14e893,"{""distance"":5,""physical_error_rate"":5e-05}","{""detection_events"":160,""detectors_checked"":917504}"
       512,         1,         0,    1.75,exact_mw,72230d8c06b5a71069df48ede6f7f3e6128cd83e8239dd1b2e5fe023578b6eb1,"{""distance"":5,""physical_error_rate"":0.01}","{""detection_events"":4827,""detectors_checked"":114688,""obs_mistake_mask=E"":1}"
      5120,         0,         0,   0.029,exact_mw,f32ebecd8e105e50ec838d33c5ed9b45444b6b44a3c6ac541111079f2b14e893,"{""distance"":5,""physical_error_rate"":5e-05}","{""detection_events"":224,""detectors_checked"":1146880}"
     23552,         2,         0,    3.08,exact_mw,3208f56225bbcac0e2804eb6f92d0a8b681652a702ca1ec920ccd7367f0e0899,"{""distance"":5,""physical_error_rate"":0.002}","{""detection_events"":45852,""detectors_checked"":5275648,""obs_mistake_mask=E"":2}"
      5120,         0,         0,   0.028,exact_mw,f32ebecd8e105e50ec838d33c5ed9b45444b6b44a3c6ac541111079f2b14e893,"{""distance"":5,""physical_error_rate"":5e-05}","{""detection_events"":238,""detectors_checked"":1146880}"
      7168,         0,         0,   0.048,exact_mw,f32ebecd8e105e50ec838d33c5ed9b45444b6b44a3c6ac541111079f2b14e893,"{""distance"":5,""physical_error_rate"":5e-05}","{""detection_events"":378,""detectors_checked"":1605632}"
      9216,         0,         0,   0.054,exact_mw,f32ebecd8e105e50ec838d33c5ed9b45444b6b44a3c6ac541111079f2b14e893,"{""distance"":5,""physical_error_rate"":5e-05}","{""detection_events"":458,""detectors_checked"":2064384}"
     12288,         0,         0,   0.078,exact_mw,f32ebecd8e105e50ec838d33c5ed9b45444b6b44a3c6ac541111079f2b14e893,"{""distance"":5,""physical_error_rate"":5e-05}","{""detection_events"":651,""detectors_checked"":2752512}"
      3345,         0,         0,   0.011,exact_mw,70a969f5042aec17ac076c6379f4170fb7c69b8e925756ef3b7334e28a33338b,"{""distance"":5,""physical_error_rate"":0.0001}","{""detection_events"":290,""detectors_checked"":749280}"
      1024,         0,         0,   0.003,exact_mw,70a969f5042aec17ac076c6379f4170fb7c69b8e925756ef3b7334e28a33338b,"{""distance"":5,""physical_error_rate"":0.0001}","{""detection_events"":53,""detectors_checked"":229376}"
      3072,         0,         0,   0.022,exact_mw,70a969f5042aec17ac076c6379f4170fb7c69b8e925756ef3b7334e28a33338b,"{""distance"":5,""physical_error_rate"":0.0001}","{""detection_events"":324,""detectors_checked"":688128}"
      2560,         0,         0,    2.46,exact_mw,38b7ae1c4e8407fc325e0d9e43e9f92ff26dcb3f5cf7b98d24ea74c9e5188d39,"{""distance"":5,""physical_error_rate"":0.005}","{""detection_events"":12198,""detectors_checked"":573440}"
     17408,         0,         0,   0.104,exact_mw,f32ebecd8e105e50ec838d33c5ed9b45444b6b44a3c6ac541111079f2b14e893,"{""distance"":5,""physical_error_rate"":5e-05}","{""detection_events"":907,""detectors_checked"":3899392}"
      5120,         0,         0,   0.028,exact_mw,70a969f5042aec17ac076c6379f4170fb7c69b8e925756ef3b7334e28a33338b,"{""distance"":5,""physical_error_rate"":0.0001}","{""detection_events"":476,""detectors_checked"":1146880}"
      5120,         0,         0,   0.028,exact_mw,70a969f5042aec17ac076c6379f4170fb7c69b8e925756ef3b7334e28a33338b,"{""distance"":5,""physical_error_rate"":0.0001}","{""detection_events"":615,""detectors_checked"":1146880}"
      1024,         2,         0,   0.902,exact_mw,38b7ae1c4e8407fc325e0d9e43e9f92ff26dcb3f5cf7b98d24ea74c9e5188d39,"{""distance"":5,""physical_error_rate"":0.005}","{""detection_events"":5014,""detectors_checked"":229376,""obs_mistake_mask=E"":2}"
       512,         9,         0,    1.50,exact_mw,72230d8c06b5a71069df48ede6f7f3e6128cd83e8239dd1b2e5fe023578b6eb1,"{""distance"":5,""physical_error_rate"":0.01}","{""detection_events"":4750,""detectors_checked"":114688,""obs_mistake_mask=E"":9}"
      9216,         0,         0,   0.057,exact_mw,70a969f5042aec17ac076c6379f4170fb7c69b8e925756ef3b7334e28a33338b,"{""distance"":5,""physical_error_rate"":0.0001}","{""detection_events"":880,""detectors_checked"":2064384}"
     40960,         0,         0,   0.149,exact_mw,f32ebecd8e105e50ec838d33c5ed9b45444b6b44a3c6ac541111079f2b14e893,"{""distance"":5,""physical_error_rate"":5e-05}","{""detection_events"":2151,""detectors_checked"":9175040}"
         1,         0,         0,   0.017,exact_mw,7b4896c0e7f0a510554d89637fd747b157418067a95869d1f0661294d473d1dc,"{""distance"":5,""physical_error_rate"":0.02}","{""detection_events"":23,""detectors_checked"":224}"
       768,         3,         0,    2.19,exact_mw,72230d8c06b5a71069df48ede6f7f3e6128cd83e8239dd1b2e5fe023578b6eb1,"{""distance"":5,""physical_error_rate"":0.01}","{""detection_events"":7097,""detectors_checked"":172032,""obs_mistake_mask=E"":3}"
       256,         0,         0,   0.688,exact_mw,72230d8c06b5a71069df48ede6f7f3e6128cd83e8239dd1b2e5fe023578b6eb1,"{""distance"":5,""physical_error_rate"":0.01}","{""detection_events"":2258,""detectors_checked"":57344}"
      2560,         0,         0,    2.29,exact_mw,38b7ae1c4e8407fc325e0d9e43e9f92ff26dcb3f5cf7b98d24ea74c9e5188d39,"{""distance"":5,""physical_error_rate"":0.005}","{""detection_events"":12440,""detectors_checked"":573440}"
     12288,         0,         0,   0.076,exact_mw,70a969f5042aec17ac076c6379f4170fb7c69b8e925756ef3b7334e28a33338b,"{""distance"":5,""physical_error_rate"":0.0001}","{""detection_events"":1322,""detectors_checked"":2752512}"
      3072,         5,         0,    1.59,exact_mw,38b7ae1c4e8407fc325e0d9e43e9f92ff26dcb3f5cf7b98d24ea74c9e5188d39,"{""distance"":5,""physical_error_rate"":0.005}","{""detection_events"":14869,""detectors_checked"":688128,""obs_mistake_mask=E"":5}"
        16,         1,         0,   0.063,exact_mw,7b4896c0e7f0a510554d89637fd747b157418067a95869d1f0661294d473d1dc,"{""distance"":5,""physical_error_rate"":0.02}","{""detection_events"":288,""detectors_checked"":3584,""obs_mistake_mask=E"":1}"
       256,         9,         0,    1.87,exact_mw,7b4896c0e7f0a510554d89637fd747b157418067a95869d1f0661294d473d1dc,"{""distance"":5,""physical_error_rate"":0.02}","{""detection_events"":4709,""detectors_checked"":57344,""obs_mistake_mask=E"":9}"
       768,        25,         0,    2.50,exact_mw,7b4896c0e7f0a510554d89637fd747b157418067a95869d1f0661294d473d1dc,"{""distance"":5,""physical_error_rate"":0.02}","{""detection_events"":13984,""detectors_checked"":172032,""obs_mistake_mask=E"":25}"
     18432,         0,         0,   0.107,exact_mw,70a969f5042aec17ac076c6379f4170fb7c69b8e925756ef3b7334e28a33338b,"{""distance"":5,""physical_error_rate"":0.0001}","{""detection_events"":1744,""detectors_checked"":4128768}"
    348160,         0,         0,    2.16,exact_mw,cdc4a450a40af8e24899239080e4c40992fb5baf91c5a31ab3a165eacb3a1ab3,"{""distance"":5,""physical_error_rate"":0.0002}","{""detection_events"":68898,""detectors_checked"":77987840}"
     47104,         0,         0,   0.210,exact_mw,f32ebecd8e105e50ec838d33c5ed9b45444b6b44a3c6ac541111079f2b14e893,"{""distance"":5,""physical_error_rate"":5e-05}","{""detection_events"":2268,""detectors_checked"":10551296}"
     24576,         0,         0,   0.152,exact_mw,70a969f5042aec17ac076c6379f4170fb7c69b8e925756ef3b7334e28a33338b,"{""distance"":5,""physical_error_rate"":0.0001}","{""detection_events"":2424,""detectors_checked"":5505024}"
      2048,         5,         0,    2.21,exact_mw,38b7ae1c4e8407fc325e0d9e43e9f92ff26dcb3f5cf7b98d24ea74c9e5188d39,"{""distance"":5,""physical_error_rate"":0.005}","{""detection_events"":10040,""detectors_checked"":458752,""obs_mistake_mask=E"":5}"
     41984,         0,         0,    1.13,exact_mw,bb90ec3459e353008cf9a5bb9142bf1e8515517a9e167021b225104594e48e8a,"{""distance"":5,""physical_error_rate"":0.001}","{""detection_events"":40523,""detectors_checked"":9404416}"
     69632,         0,         0,   0.288,exact_mw,f32ebecd8e105e50ec838d33c5ed9b45444b6b44a3c6ac541111079f2b14e893,"{""distance"":5,""physical_error_rate"":5e-05}","{""detection_events"":3468,""detectors_checked"":15597568}"
     34816,         0,         0,   0.209,exact_mw,70a969f5042aec17ac076c6379f4170fb7c69b8e925756ef3b7334e28a33338b,"{""distance"":5,""physical_error_rate"":0.0001}","{""detection_events"":3343,""detectors_checked"":7798784}"
        17,         0,         0,   0.086,exact_mw,7b4896c0e7f0a510554d89637fd747b157418067a95869d1f0661294d473d1dc,"{""distance"":5,""physical_error_rate"":0.02}","{""detection_events"":312,""detectors_checked"":3808}"
      1024,         3,         0,   0.749,exact_mw,38b7ae1c4e8407fc325e0d9e43e9f92ff26dcb3f5cf7b98d24ea74c9e5188d39,"{""distance"":5,""physical_error_rate"":0.005}","{""detection_events"":4930,""detectors_checked"":229376,""obs_mistake_mask=E"":3}"
    430080,         0,         0,    2.14,exact_mw,cdc4a450a40af8e24899239080e4c40992fb5baf91c5a31ab3a165eacb3a1ab3,"{""distance"":5,""physical_error_rate"":0.0002}","{""detection_events"":84696,""detectors_checked"":96337920}"
       128,         8,         0,   0.692,exact_mw,7b4896c0e7f0a510554d89637fd747b157418067a95869d1f0661294d473d1dc,"{""distance"":5,""physical_error_rate"":0.02}","{""detection_events"":2318,""detectors_checked"":28672,""obs_mistake_mask=E"":8}"
     49152,         0,         0,   0.289,exact_mw,70a969f5042aec17ac076c6379f4170fb7c69b8e925756ef3b7334e28a33338b,"{""distance"":5,""physical_error_rate"":0.0001}","{""detection_events"":4857,""detectors_checked"":11010048}"
    103424,         0,         0,   0.402,exact_mw,f32ebecd8e105e50ec838d33c5ed9b45444b6b44a3c6ac541111079f2b14e893,"{""distance"":5,""physical_error_rate"":5e-05}","{""detection_events"":5116,""detectors_checked"":23166976}"
        64,         3,         0,   0.379,exact_mw,7b4896c0e7f0a510554d89637fd747b157418067a95869d1f0661294d473d1dc,"{""distance"":5,""physical_error_rate"":0.02}","{""detection_events"":1123,""detectors_checked"":14336,""obs_mistake_mask=E"":3}"
       384,        21,         0,    2.14,exact_mw,7b4896c0e7f0a510554d89637fd747b157418067a95869d1f0661294d473d1dc,"{""distance"":5,""physical_error_rate"":0.02}","{""detection_events"":6973,""detectors_checked"":86016,""obs_mistake_mask=E"":21}"
     15360,         1,         0,    1.59,exact_mw,3208f56225bbcac0e2804eb6f92d0a8b681652a702ca1ec920ccd7367f0e0899,"{""distance"":5,""physical_error_rate"":0.002}","{""detection_events"":30221,""detectors_checked"":3440640,""obs_mistake_mask=E"":1}"
    271360,         1,         0,    2.17,exact_mw,cb12ae119b9b2ba18d0216e7235b403229e92fd0743ede48fe7f1a2c6f45d594,"{""distance"":5,""physical_error_rate"":0.0005}","{""detection_events"":133742,""detectors_checked"":60784640,""obs_mistake_mask=E"":1}"
       384,         2,         0,    1.16,exact_mw,72230d8c06b5a71069df48ede6f7f3e6128cd83e8239dd1b2e5fe023578b6eb1,"{""distance"":5,""physical_error_rate"":0.01}","{""detection_events"":3746,""detectors_checked"":86016,""obs_mistake_mask=E"":2}"
     70656,         0,         0,   0.416,exact_mw,70a969f5042aec17ac076c6379f4170fb7c69b8e925756ef3b7334e28a33338b,"{""distance"":5,""physical_error_rate"":0.0001}","{""detection_events"":7008,""detectors_checked"":15826944}"
    364544,         0,         0,    2.16,exact_mw,f32ebecd8e105e50ec838d33c5ed9b45444b6b44a3c6ac541111079f2b14e893,"{""distance"":5,""physical_error_rate"":5e-05}","{""detection_events"":18123,""detectors_checked"":81657856}"
        64,         2,         0,   0.360,exact_mw,7b4896c0e7f0a510554d89637fd747b157418067a95869d1f0661294d473d1dc,"{""distance"":5,""physical_error_rate"":0.02}","{""detection_events"":1046,""detectors_checked"":14336,""obs_mistake_mask=E"":2}"
       128,         2,         0,   0.654,exact_mw,7b4896c0e7f0a510554d89637fd747b157418067a95869d1f0661294d473d1dc,"{""distance"":5,""physical_error_rate"":0.02}","{""detection_events"":2252,""detectors_checked"":28672,""obs_mistake_mask=E"":2}"
    132096,         0,         0,   0.565,exact_mw,f32ebecd8e105e50ec838d33c5ed9b45444b6b44a3c6ac541111079f2b14e893,"{""distance"":5,""physical_error_rate"":5e-05}","{""detection_events"":6518,""detectors_checked"":29589504}"
    273408,         0,         0,    2.16,exact_mw,70a969f5042aec17ac076c6379f4170fb7c69b8e925756ef3b7334e28a33338b,"{""distance"":5,""physical_error_rate"":0.0001}","{""detection_events"":26536,""detectors_checked"":61243392}"
      1280,        15,         0,    2.39,exact_mw,72230d8c06b5a71069df48ede6f7f3e6128cd83e8239dd1b2e5fe023578b6eb1,"{""distance"":5,""physical_error_rate"":0.01}","{""detection_events"":12039,""detectors_checked"":286720,""obs_mistake_mask=E"":15}"
    360448,         0,         0,    2.16,exact_mw,70a969f5042aec17ac076c6379f4170fb7c69b8e925756ef3b7334e28a33338b,"{""distance"":5,""physical_error_rate"":0.0001}","{""detection_events"":35724,""detectors_checked"":80740352}"
    302080,         0,         0,    2.17,exact_mw,f32ebecd8e105e50ec838d33c5ed9b45444b6b44a3c6ac541111079f2b14e893,"{""distance"":5,""physical_error_rate"":5e-05}","{""detection_events"":14869,""detectors_checked"":67665920}"
       768,         4,         0,    2.07,exact_mw,72230d8c06b5a71069df48ede6f7f3e6128cd83e8239dd1b2e5fe023578b6eb1,"{""distance"":5,""physical_error_rate"":0.01}","{""detection_events"":6820,""detectors_checked"":172032,""obs_mistake_mask=E"":4}"
    765952,         0,         0,    4.24,exact_mw,f32ebecd8e105e50ec838d33c5ed9b45444b6b44a3c6ac541111079f2b14e893,"{""distance"":5,""physical_error_rate"":5e-05}","{""detection_events"":37878,""detectors_checked"":171573248}"
    706560,         0,         0,    4.24,exact_mw,70a969f5042aec17ac076c6379f4170fb7c69b8e925756ef3b7334e28a33338b,"{""distance"":5,""physical_error_rate"":0.0001}","{""detection_events"":69971,""detectors_checked"":158269440}"
      1024,         3,         0,   0.966,exact_mw,38b7ae1c4e8407fc325e0d9e43e9f92ff26dcb3f5cf7b98d24ea74c9e5188d39,"{""distance"":5,""physical_error_rate"":0.005}","{""detection_events"":5237,""detectors_checked"":229376,""obs_mistake_mask=E"":3}"
        64,         3,         0,   0.347,exact_mw,7b4896c0e7f0a510554d89637fd747b157418067a95869d1f0661294d473d1dc,"{""distance"":5,""physical_error_rate"":0.02}","{""detection_events"":1180,""detectors_checked"":14336,""obs_mistake_mask=E"":3}"
    267264,         2,         0,    4.26,exact_mw,bb90ec3459e353008cf9a5bb9142bf1e8515517a9e167021b225104594e48e8a,"{""distance"":5,""physical_error_rate"":0.001}","{""detection_events"":264251,""detectors_checked"":59867136,""obs_mistake_mask=E"":2}"
    328704,         0,         0,    2.17,exact_mw,cb12ae119b9b2ba18d0216e7235b403229e92fd0743ede48fe7f1a2c6f45d594,"{""distance"":5,""physical_error_rate"":0.0005}","{""detection_events"":161623,""detectors_checked"":73629696}"
       256,         8,         0,    1.64,exact_mw,7b4896c0e7f0a510554d89637fd747b157418067a95869d1f0661294d473d1dc,"{""distance"":5,""physical_error_rate"":0.02}","{""detection_events"":4690,""detectors_checked"":57344,""obs_mistake_mask=E"":8}"
     92160,         0,         0,   0.571,exact_mw,70a969f5042aec17ac076c6379f4170fb7c69b8e925756ef3b7334e28a33338b,"{""distance"":5,""physical_error_rate"":0.0001}","{""detection_events"":9309,""detectors_checked"":20643840}"
     62464,         2,         0,    1.57,exact_mw,bb90ec3459e353008cf9a5bb9142bf1e8515517a9e167021b225104594e48e8a,"{""distance"":5,""physical_error_rate"":0.001}","{""detection_events"":61792,""detectors_checked"":13991936,""obs_mistake_mask=E"":2}"
        64,         1,         0,   0.318,exact_mw,7b4896c0e7f0a510554d89637fd747b157418067a95869d1f0661294d473d1dc,"{""distance"":5,""physical_error_rate"":0.02}","{""detection_events"":1129,""detectors_checked"":14336,""obs_mistake_mask=E"":1}"
    709632,         0,         0,    4.25,exact_mw,cdc4a450a40af8e24899239080e4c40992fb5baf91c5a31ab3a165eacb3a1ab3,"{""distance"":5,""physical_error_rate"":0.0002}","{""detection_events"":139847,""detectors_checked"":158957568}"
       128,         6,         0,   0.706,exact_mw,7b4896c0e7f0a510554d89637fd747b157418067a95869d1f0661294d473d1dc,"{""distance"":5,""physical_error_rate"":0.02}","{""detection_events"":2266,""detectors_checked"":28672,""obs_mistake_mask=E"":6}"
    703488,         0,         0,    4.24,exact_mw,f32ebecd8e105e50ec838d33c5ed9b45444b6b44a3c6ac541111079f2b14e893,"{""distance"":5,""physical_error_rate"":5e-05}","{""detection_events"":34408,""detectors_checked"":157581312}"
       768,         6,         0,    2.24,exact_mw,72230d8c06b5a71069df48ede6f7f3e6128cd83e8239dd1b2e5fe023578b6eb1,"{""distance"":5,""physical_error_rate"":0.01}","{""detection_events"":7166,""detectors_checked"":172032,""obs_mistake_mask=E"":6}"
    287744,         1,         0,    4.24,exact_mw,bb90ec3459e353008cf9a5bb9142bf1e8515517a9e167021b225104594e48e8a,"{""distance"":5,""physical_error_rate"":0.001}","{""detection_events"":281896,""detectors_checked"":64454656,""obs_mistake_mask=E"":1}"
    238592,         0,         0,   0.789,exact_mw,f32ebecd8e105e50ec838d33c5ed9b45444b6b44a3c6ac541111079f2b14e893,"{""distance"":5,""physical_error_rate"":5e-05}","{""detection_events"":11414,""detectors_checked"":53444608}"
    736256,         0,         0,    4.22,exact_mw,cdc4a450a40af8e24899239080e4c40992fb5baf91c5a31ab3a165eacb3a1ab3,"{""distance"":5,""physical_error_rate"":0.0002}","{""detection_events"":145870,""detectors_checked"":164921344}"
        64,         2,         0,   0.364,exact_mw,7b4896c0e7f0a510554d89637fd747b157418067a95869d1f0661294d473d1dc,"{""distance"":5,""physical_error_rate"":0.02}","{""detection_events"":1125,""detectors_checked"":14336,""obs_mistake_mask=E"":2}"
    672768,         0,         0,    4.25,exact_mw,cdc4a450a40af8e24899239080e4c40992fb5baf91c5a31ab3a165eacb3a1ab3,"{""distance"":5,""physical_error_rate"":0.0002}","{""detection_events"":131534,""detectors_checked"":150700032}"
    719872,         0,         0,    4.19,exact_mw,70a969f5042aec17ac076c6379f4170fb7c69b8e925756ef3b7334e28a33338b,"{""distance"":5,""physical_error_rate"":0.0001}","{""detection_events"":71532,""detectors_checked"":161251328}"
    539648,         3,         0,    4.26,exact_mw,cb12ae119b9b2ba18d0216e7235b403229e92fd0743ede48fe7f1a2c6f45d594,"{""distance"":5,""physical_error_rate"":0.0005}","{""detection_events"":264893,""detectors_checked"":120881152,""obs_mistake_mask=E"":3}"
      3072,         1,         0,    2.37,exact_mw,38b7ae1c4e8407fc325e0d9e43e9f92ff26dcb3f5cf7b98d24ea74c9e5188d39,"{""distance"":5,""physical_error_rate"":0.005}","{""detection_events"":14736,""detectors_checked"":688128,""obs_mistake_mask=E"":1}"
       384,         3,         0,    1.27,exact_mw,72230d8c06b5a71069df48ede6f7f3e6128cd83e8239dd1b2e5fe023578b6eb1,"{""distance"":5,""physical_error_rate"":0.01}","{""detection_events"":3815,""detectors_checked"":86016,""obs_mistake_mask=E"":3}"
      1024,         1,         0,   0.855,exact_mw,38b7ae1c4e8407fc325e0d9e43e9f92ff26dcb3f5cf7b98d24ea74c9e5188d39,"{""distance"":5,""physical_error_rate"":0.005}","{""detection_events"":4828,""detectors_checked"":229376,""obs_mistake_mask=E"":1}"
    516096,         0,         0,    4.25,exact_mw,cb12ae119b9b2ba18d0216e7235b403229e92fd0743ede48fe7f1a2c6f45d594,"{""distance"":5,""physical_error_rate"":0.0005}","{""detection_events"":253753,""detectors_checked"":115605504}"
    706560,         0,         0,    4.25,exact_mw,70a969f5042aec17ac076c6379f4170fb7c69b8e925756ef3b7334e28a33338b,"{""distance"":5,""physical_error_rate"":0.0001}","{""detection_events"":69247,""detectors_checked"":158269440}"
    542720,         0,         0,    4.24,exact_mw,cb12ae119b9b2ba18d0216e7235b403229e92fd0743ede48fe7f1a2c6f45d594,"{""distance"":5,""physical_error_rate"":0.0005}","{""detection_events"":266928,""detectors_checked"":121569280}"
    703488,         0,         0,    4.25,exact_mw,f32ebecd8e105e50ec838d33c5ed9b45444b6b44a3c6ac541111079f2b14e893,"{""distance"":5,""physical_error_rate"":5e-05}","{""detection_events"":34765,""detectors_checked"":157581312}"
    152576,         0,         0,   0.791,exact_mw,70a969f5042aec17ac076c6379f4170fb7c69b8e925756ef3b7334e28a33338b,"{""distance"":5,""physical_error_rate"":0.0001}","{""detection_events"":14669,""detectors_checked"":34177024}"
    197632,         3,         0,    4.26,exact_mw,bb90ec3459e353008cf9a5bb9142bf1e8515517a9e167021b225104594e48e8a,"{""distance"":5,""physical_error_rate"":0.001}","{""detection_events"":194344,""detectors_checked"":44269568,""obs_mistake_mask=E"":3}"
        64,         5,         0,   0.360,exact_mw,7b4896c0e7f0a510554d89637fd747b157418067a95869d1f0661294d473d1dc,"{""distance"":5,""physical_error_rate"":0.02}","{""detection_events"":1124,""detectors_checked"":14336,""obs_mistake_mask=E"":5}"
       640,        21,         0,    3.43,exact_mw,7b4896c0e7f0a510554d89637fd747b157418067a95869d1f0661294d473d1dc,"{""distance"":5,""physical_error_rate"":0.02}","{""detection_events"":11175,""detectors_checked"":143360,""obs_mistake_mask=E"":21}"
       128,         3,         0,   0.695,exact_mw,7b4896c0e7f0a510554d89637fd747b157418067a95869d1f0661294d473d1dc,"{""distance"":5,""physical_error_rate"":0.02}","{""detection_events"":2171,""detectors_checked"":28672,""obs_mistake_mask=E"":3}"
      1024,        13,         0,    2.84,exact_mw,72230d8c06b5a71069df48ede6f7f3e6128cd83e8239dd1b2e5fe023578b6eb1,"{""distance"":5,""physical_error_rate"":0.01}","{""detection_events"":9573,""detectors_checked"":229376,""obs_mistake_mask=E"":13}"
      3072,         0,         0,    3.10,exact_mw,38b7ae1c4e8407fc325e0d9e43e9f92ff26dcb3f5cf7b98d24ea74c9e5188d39,"{""distance"":5,""physical_error_rate"":0.005}","{""detection_events"":14592,""detectors_checked"":688128}"
     51200,         1,         0,    4.33,exact_mw,3208f56225bbcac0e2804eb6f92d0a8b681652a702ca1ec920ccd7367f0e0899,"{""distance"":5,""physical_error_rate"":0.002}","{""detection_events"":100256,""detectors_checked"":11468800,""obs_mistake_mask=E"":1}"
        64,         2,         0,   0.357,exact_mw,7b4896c0e7f0a510554d89637fd747b157418067a95869d1f0661294d473d1dc,"{""distance"":5,""physical_error_rate"":0.02}","{""detection_events"":1105,""detectors_checked"":14336,""obs_mistake_mask=E"":2}"
    496640,         0,         0,    3.04,exact_mw,cdc4a450a40af8e24899239080e4c40992fb5baf91c5a31ab3a165eacb3a1ab3,"{""distance"":5,""physical_error_rate"":0.0002}","{""detection_events"":98012,""detectors_checked"":111247360}"
     23552,         1,         0,    2.19,exact_mw,3208f56225bbcac0e2804eb6f92d0a8b681652a702ca1ec920ccd7367f0e0899,"{""distance"":5,""physical_error_rate"":0.002}","{""detection_events"":45489,""detectors_checked"":5275648,""obs_mistake_mask=E"":1}"
    319488,         0,         0,    1.10,exact_mw,f32ebecd8e105e50ec838d33c5ed9b45444b6b44a3c6ac541111079f2b14e893,"{""distance"":5,""physical_error_rate"":5e-05}","{""detection_events"":15838,""detectors_checked"":71565312}"
      1024,         0,         0,   0.907,exact_mw,38b7ae1c4e8407fc325e0d9e43e9f92ff26dcb3f5cf7b98d24ea74c9e5188d39,"{""distance"":5,""physical_error_rate"":0.005}","{""detection_events"":4789,""detectors_checked"":229376}"
      3584,         2,         0,    3.39,exact_mw,38b7ae1c4e8407fc325e0d9e43e9f92ff26dcb3f5cf7b98d24ea74c9e5188d39,"{""distance"":5,""physical_error_rate"":0.005}","{""detection_events"":17233,""detectors_checked"":802816,""obs_mistake_mask=E"":2}"
    177152,         1,         0,    4.26,exact_mw,bb90ec3459e353008cf9a5bb9142bf1e8515517a9e167021b225104594e48e8a,"{""distance"":5,""physical_error_rate"":0.001}","{""detection_events"":173778,""detectors_checked"":39682048,""obs_mistake_mask=E"":1}"
        64,         3,         0,   0.402,exact_mw,7b4896c0e7f0a510554d89637fd747b157418067a95869d1f0661294d473d1dc,"{""distance"":5,""physical_error_rate"":0.02}","{""detection_events"":1136,""detectors_checked"":14336,""obs_mistake_mask=E"":3}"
      3584,         7,         0,    3.18,exact_mw,38b7ae1c4e8407fc325e0d9e43e9f92ff26dcb3f5cf7b98d24ea74c9e5188d39,"{""distance"":5,""physical_error_rate"":0.005}","{""detection_events"":17244,""detectors_checked"":802816,""obs_mistake_mask=E"":7}"
      1152,        38,         0,    3.38,exact_mw,7b4896c0e7f0a510554d89637fd747b157418067a95869d1f0661294d473d1dc,"{""distance"":5,""physical_error_rate"":0.02}","{""detection_events"":20260,""detectors_checked"":258048,""obs_mistake_mask=E"":38}"
     39936,         1,         0,    4.28,exact_mw,3208f56225bbcac0e2804eb6f92d0a8b681652a702ca1ec920ccd7367f0e0899,"{""distance"":5,""physical_error_rate"":0.002}","{""detection_events"":77793,""detectors_checked"":8945664,""obs_mistake_mask=E"":1}"
       128,         5,         0,   0.752,exact_mw,7b4896c0e7f0a510554d89637fd747b157418067a95869d1f0661294d473d1dc,"{""distance"":5,""physical_error_rate"":0.02}","{""detection_events"":2326,""detectors_checked"":28672,""obs_mistake_mask=E"":5}"
    350208,         0,         0,    1.10,exact_mw,70a969f5042aec17ac076c6379f4170fb7c69b8e925756ef3b7334e28a33338b,"{""distance"":5,""physical_error_rate"":0.0001}","{""detection_events"":35154,""detectors_checked"":78446592}"
     38912,         0,         0,    4.27,exact_mw,3208f56225bbcac0e2804eb6f92d0a8b681652a702ca1ec920ccd7367f0e0899,"{""distance"":5,""physical_error_rate"":0.002}","{""detection_events"":75306,""detectors_checked"":8716288}"
       512,        21,         0,    2.78,exact_mw,7b4896c0e7f0a510554d89637fd747b157418067a95869d1f0661294d473d1dc,"{""distance"":5,""physical_error_rate"":0.02}","{""detection_events"":9399,""detectors_checked"":114688,""obs_mistake_mask=E"":21}"
       768,         3,         0,    2.23,exact_mw,72230d8c06b5a71069df48ede6f7f3e6128cd83e8239dd1b2e5fe023578b6eb1,"{""distance"":5,""physical_error_rate"":0.01}","{""detection_events"":7351,""detectors_checked"":172032,""obs_mistake_mask=E"":3}"
        64,         3,         0,   0.352,exact_mw,7b4896c0e7f0a510554d89637fd747b157418067a95869d1f0661294d473d1dc,"{""distance"":5,""physical_error_rate"":0.02}","{""detection_events"":1080,""detectors_checked"":14336,""obs_mistake_mask=E"":3}"
    530432,         0,         0,    3.04,exact_mw,cdc4a450a40af8e24899239080e4c40992fb5baf91c5a31ab3a165eacb3a1ab3,"{""distance"":5,""physical_error_rate"":0.0002}","{""detection_events"":104751,""detectors_checked"":118816768}"
     35840,         0,         0,    4.31,exact_mw,3208f56225bbcac0e2804eb6f92d0a8b681652a702ca1ec920ccd7367f0e0899,"{""distance"":5,""physical_error_rate"":0.002}","{""detection_events"":68644,""detectors_checked"":8028160}"
       256,        11,         0,    2.31,exact_mw,7b4896c0e7f0a510554d89637fd747b157418067a95869d1f0661294d473d1dc,"{""distance"":5,""physical_error_rate"":0.02}","{""detection_events"":4643,""detectors_checked"":57344,""obs_mistake_mask=E"":11}"
        64,         0,         0,   0.312,exact_mw,7b4896c0e7f0a510554d89637fd747b157418067a95869d1f0661294d473d1dc,"{""distance"":5,""physical_error_rate"":0.02}","{""detection_events"":1099,""detectors_checked"":14336}"
    367616,         0,         0,    3.03,exact_mw,cb12ae119b9b2ba18d0216e7235b403229e92fd0743ede48fe7f1a2c6f45d594,"{""distance"":5,""physical_error_rate"":0.0005}","{""detection_events"":182516,""detectors_checked"":82345984}"
     98304,         0,         0,    2.22,exact_mw,bb90ec3459e353008cf9a5bb9142bf1e8515517a9e167021b225104594e48e8a,"{""distance"":5,""physical_error_rate"":0.001}","{""detection_events"":96383,""detectors_checked"":22020096}"
       128,         5,         0,   0.700,exact_mw,7b4896c0e7f0a510554d89637fd747b157418067a95869d1f0661294d473d1dc,"{""distance"":5,""physical_error_rate"":0.02}","{""detection_events"":2243,""detectors_checked"":28672,""obs_mistake_mask=E"":5}"
    413696,         0,         0,    3.01,exact_mw,f32ebecd8e105e50ec838d33c5ed9b45444b6b44a3c6ac541111079f2b14e893,"{""distance"":5,""physical_error_rate"":5e-05}","{""detection_events"":20400,""detectors_checked"":92667904}"
       640,         5,         0,    1.99,exact_mw,72230d8c06b5a71069df48ede6f7f3e6128cd83e8239dd1b2e5fe023578b6eb1,"{""distance"":5,""physical_error_rate"":0.01}","{""detection_events"":6223,""detectors_checked"":143360,""obs_mistake_mask=E"":5}"
    387072,         0,         0,    2.97,exact_mw,70a969f5042aec17ac076c6379f4170fb7c69b8e925756ef3b7334e28a33338b,"{""distance"":5,""physical_error_rate"":0.0001}","{""detection_events"":38374,""detectors_checked"":86704128}"
    400384,         0,         0,    3.04,exact_mw,f32ebecd8e105e50ec838d33c5ed9b45444b6b44a3c6ac541111079f2b14e893,"{""distance"":5,""physical_error_rate"":5e-05}","{""detection_events"":19396,""detectors_checked"":89686016}"
    512000,         0,         0,    3.04,exact_mw,70a969f5042aec17ac076c6379f4170fb7c69b8e925756ef3b7334e28a33338b,"{""distance"":5,""physical_error_rate"":0.0001}","{""detection_events"":50655,""detectors_checked"":114688000}"
    379904,         0,         0,    3.04,exact_mw,cb12ae119b9b2ba18d0216e7235b403229e92fd0743ede48fe7f1a2c6f45d594,"{""distance"":5,""physical_error_rate"":0.0005}","{""detection_events"":187886,""detectors_checked"":85098496}"
      1280,         6,         0,    3.20,exact_mw,72230d8c06b5a71069df48ede6f7f3e6128cd83e8239dd1b2e5fe023578b6eb1,"{""distance"":5,""physical_error_rate"":0.01}","{""detection_events"":11921,""detectors_checked"":286720,""obs_mistake_mask=E"":6}"
        64,         3,         0,   0.628,exact_mw,7b4896c0e7f0a510554d89637fd747b157418067a95869d1f0661294d473d1dc,"{""distance"":5,""physical_error_rate"":0.02}","{""detection_events"":1122,""detectors_checked"":14336,""obs_mistake_mask=E"":3}"
    493568,         0,         0,    1.54,exact_mw,f32ebecd8e105e50ec838d33c5ed9b45444b6b44a3c6ac541111079f2b14e893,"{""distance"":5,""physical_error_rate"":5e-05}","{""detection_events"":24283,""detectors_checked"":110559232}"
       128,         4,         0,   0.691,exact_mw,7b4896c0e7f0a510554d89637fd747b157418067a95869d1f0661294d473d1dc,"{""distance"":5,""physical_error_rate"":0.02}","{""detection_events"":2237,""detectors_checked"":28672,""obs_mistake_mask=E"":4}"
      1024,         7,         0,    2.89,exact_mw,72230d8c06b5a71069df48ede6f7f3e6128cd83e8239dd1b2e5fe023578b6eb1,"{""distance"":5,""physical_error_rate"":0.01}","{""detection_events"":9554,""detectors_checked"":229376,""obs_mistake_mask=E"":7}"
    360448,         0,         0,    1.55,exact_mw,70a969f5042aec17ac076c6379f4170fb7c69b8e925756ef3b7334e28a33338b,"{""distance"":5,""physical_error_rate"":0.0001}","{""detection_events"":35772,""detectors_checked"":80740352}"
      2048,         4,         0,    1.88,exact_mw,38b7ae1c4e8407fc325e0d9e43e9f92ff26dcb3f5cf7b98d24ea74c9e5188d39,"{""distance"":5,""physical_error_rate"":0.005}","{""detection_events"":9806,""detectors_checked"":458752,""obs_mistake_mask=E"":4}"
        64,         2,         0,   0.637,exact_mw,7b4896c0e7f0a510554d89637fd747b157418067a95869d1f0661294d473d1dc,"{""distance"":5,""physical_error_rate"":0.02}","{""detection_events"":1112,""detectors_checked"":14336,""obs_mistake_mask=E"":2}"
       128,         4,         0,   0.670,exact_mw,7b4896c0e7f0a510554d89637fd747b157418067a95869d1f0661294d473d1dc,"{""distance"":5,""physical_error_rate"":0.02}","{""detection_events"":2273,""detectors_checked"":28672,""obs_mistake_mask=E"":4}"
      7168,        10,         0,    3.27,exact_mw,38b7ae1c4e8407fc325e0d9e43e9f92ff26dcb3f5cf7b98d24ea74c9e5188d39,"{""distance"":5,""physical_error_rate"":0.005}","{""detection_events"":34757,""detectors_checked"":1605632,""obs_mistake_mask=E"":10}"
       128,         4,         0,   0.869,exact_mw,7b4896c0e7f0a510554d89637fd747b157418067a95869d1f0661294d473d1dc,"{""distance"":5,""physical_error_rate"":0.02}","{""detection_events"":2241,""detectors_checked"":28672,""obs_mistake_mask=E"":4}"
       128,         5,         0,   0.664,exact_mw,7b4896c0e7f0a510554d89637fd747b157418067a95869d1f0661294d473d1dc,"{""distance"":5,""physical_error_rate"":0.02}","{""detection_events"":2262,""detectors_checked"":28672,""obs_mistake_mask=E"":5}"
     32768,         1,         0,    3.08,exact_mw,3208f56225bbcac0e2804eb6f92d0a8b681652a702ca1ec920ccd7367f0e0899,"{""distance"":5,""physical_error_rate"":0.002}","{""detection_events"":64429,""detectors_checked"":7340032,""obs_mistake_mask=E"":1}"
      1280,         9,         0,    3.53,exact_mw,72230d8c06b5a71069df48ede6f7f3e6128cd83e8239dd1b2e5fe023578b6eb1,"{""distance"":5,""physical_error_rate"":0.01}","{""detection_events"":11903,""detectors_checked"":286720,""obs_mistake_mask=E"":9}"
       768,         5,         0,    3.09,exact_mw,72230d8c06b5a71069df48ede6f7f3e6128cd83e8239dd1b2e5fe023578b6eb1,"{""distance"":5,""physical_error_rate"":0.01}","{""detection_events"":7246,""detectors_checked"":172032,""obs_mistake_mask=E"":5}"
       896,        10,         0,    2.47,exact_mw,72230d8c06b5a71069df48ede6f7f3e6128cd83e8239dd1b2e5fe023578b6eb1,"{""distance"":5,""physical_error_rate"":0.01}","{""detection_events"":8418,""detectors_checked"":200704,""obs_mistake_mask=E"":10}"
      2048,         2,         0,    1.68,exact_mw,38b7ae1c4e8407fc325e0d9e43e9f92ff26dcb3f5cf7b98d24ea74c9e5188d39,"{""distance"":5,""physical_error_rate"":0.005}","{""detection_events"":9537,""detectors_checked"":458752,""obs_mistake_mask=E"":2}"
       768,        23,         0,    4.30,exact_mw,7b4896c0e7f0a510554d89637fd747b157418067a95869d1f0661294d473d1dc,"{""distance"":5,""physical_error_rate"":0.02}","{""detection_events"":13977,""detectors_checked"":172032,""obs_mistake_mask=E"":23}"
       640,        20,         0,    3.36,exact_mw,7b4896c0e7f0a510554d89637fd747b157418067a95869d1f0661294d473d1dc,"{""distance"":5,""physical_error_rate"":0.02}","{""detection_events"":11318,""detectors_checked"":143360,""obs_mistake_mask=E"":20}"
       128,         4,         0,   0.721,exact_mw,7b4896c0e7f0a510554d89637fd747b157418067a95869d1f0661294d473d1dc,"{""distance"":5,""physical_error_rate"":0.02}","{""detection_events"":2355,""detectors_checked"":28672,""obs_mistake_mask=E"":4}"
    688128,         0,         0,    2.16,exact_mw,f32ebecd8e105e50ec838d33c5ed9b45444b6b44a3c6ac541111079f2b14e893,"{""distance"":5,""physical_error_rate"":5e-05}","{""detection_events"":34120,""detectors_checked"":154140672}"
    133120,         0,         0,    3.05,exact_mw,bb90ec3459e353008cf9a5bb9142bf1e8515517a9e167021b225104594e48e8a,"{""distance"":5,""physical_error_rate"":0.001}","{""detection_events"":131828,""detectors_checked"":29818880}"
      4096,         3,         0,    4.29,exact_mw,38b7ae1c4e8407fc325e0d9e43e9f92ff26dcb3f5cf7b98d24ea74c9e5188d39,"{""distance"":5,""physical_error_rate"":0.005}","{""detection_events"":19511,""detectors_checked"":917504,""obs_mistake_mask=E"":3}"
       128,         7,         0,    1.15,exact_mw,7b4896c0e7f0a510554d89637fd747b157418067a95869d1f0661294d473d1dc,"{""distance"":5,""physical_error_rate"":0.02}","{""detection_events"":2377,""detectors_checked"":28672,""obs_mistake_mask=E"":7}"
    362496,         0,         0,    2.18,exact_mw,70a969f5042aec17ac076c6379f4170fb7c69b8e925756ef3b7334e28a33338b,"{""distance"":5,""physical_error_rate"":0.0001}","{""detection_events"":35959,""detectors_checked"":81199104}"
    692224,         0,         0,    4.25,exact_mw,cdc4a450a40af8e24899239080e4c40992fb5baf91c5a31ab3a165eacb3a1ab3,"{""distance"":5,""physical_error_rate"":0.0002}","{""detection_events"":137511,""detectors_checked"":155058176}"
   1044480,         0,         0,    5.94,exact_mw,f32ebecd8e105e50ec838d33c5ed9b45444b6b44a3c6ac541111079f2b14e893,"{""distance"":5,""physical_error_rate"":5e-05}","{""detection_events"":52024,""detectors_checked"":233963520}"
    959488,         0,         0,    5.93,exact_mw,70a969f5042aec17ac076c6379f4170fb7c69b8e925756ef3b7334e28a33338b,"{""distance"":5,""physical_error_rate"":0.0001}","{""detection_events"":94911,""detectors_checked"":214925312}"
    327680,         3,         0,    5.99,exact_mw,bb90ec3459e353008cf9a5bb9142bf1e8515517a9e167021b225104594e48e8a,"{""distance"":5,""physical_error_rate"":0.001}","{""detection_events"":322052,""detectors_checked"":73400320,""obs_mistake_mask=E"":3}"
       512,        16,         0,    3.66,exact_mw,7b4896c0e7f0a510554d89637fd747b157418067a95869d1f0661294d473d1dc,"{""distance"":5,""physical_error_rate"":0.02}","{""detection_events"":9070,""detectors_checked"":114688,""obs_mistake_mask=E"":16}"
      3584,         6,         0,    4.37,exact_mw,38b7ae1c4e8407fc325e0d9e43e9f92ff26dcb3f5cf7b98d24ea74c9e5188d39,"{""distance"":5,""physical_error_rate"":0.005}","{""detection_events"":17038,""detectors_checked"":802816,""obs_mistake_mask=E"":6}"
      5120,         5,         0,    4.40,exact_mw,38b7ae1c4e8407fc325e0d9e43e9f92ff26dcb3f5cf7b98d24ea74c9e5188d39,"{""distance"":5,""physical_error_rate"":0.005}","{""detection_events"":24555,""detectors_checked"":1146880,""obs_mistake_mask=E"":5}"
       128,         5,         0,   0.855,exact_mw,7b4896c0e7f0a510554d89637fd747b157418067a95869d1f0661294d473d1dc,"{""distance"":5,""physical_error_rate"":0.02}","{""detection_events"":2233,""detectors_checked"":28672,""obs_mistake_mask=E"":5}"
    969728,         0,         0,    5.90,exact_mw,cdc4a450a40af8e24899239080e4c40992fb5baf91c5a31ab3a165eacb3a1ab3,"{""distance"":5,""physical_error_rate"":0.0002}","{""detection_events"":192818,""detectors_checked"":217219072}"
    669696,         0,         0,    4.24,exact_mw,cdc4a450a40af8e24899239080e4c40992fb5baf91c5a31ab3a165eacb3a1ab3,"{""distance"":5,""physical_error_rate"":0.0002}","{""detection_events"":132378,""detectors_checked"":150011904}"
      1536,        49,         0,    4.57,exact_mw,7b4896c0e7f0a510554d89637fd747b157418067a95869d1f0661294d473d1dc,"{""distance"":5,""physical_error_rate"":0.02}","{""detection_events"":27271,""detectors_checked"":344064,""obs_mistake_mask=E"":49}"
   1018880,         0,         0,    5.94,exact_mw,f32ebecd8e105e50ec838d33c5ed9b45444b6b44a3c6ac541111079f2b14e893,"{""distance"":5,""physical_error_rate"":5e-05}","{""detection_events"":50392,""detectors_checked"":228229120}"
      1024,         3,         0,    3.10,exact_mw,72230d8c06b5a71069df48ede6f7f3e6128cd83e8239dd1b2e5fe023578b6eb1,"{""distance"":5,""physical_error_rate"":0.01}","{""detection_events"":9352,""detectors_checked"":229376,""obs_mistake_mask=E"":3}"
    521216,         5,         0,    5.97,exact_mw,bb90ec3459e353008cf9a5bb9142bf1e8515517a9e167021b225104594e48e8a,"{""distance"":5,""physical_error_rate"":0.001}","{""detection_events"":510957,""detectors_checked"":116752384,""obs_mistake_mask=E"":5}"
    837632,         0,         0,    5.96,exact_mw,cdc4a450a40af8e24899239080e4c40992fb5baf91c5a31ab3a165eacb3a1ab3,"{""distance"":5,""physical_error_rate"":0.0002}","{""detection_events"":165696,""detectors_checked"":187629568}"
   1106944,         0,         0,    5.92,exact_mw,70a969f5042aec17ac076c6379f4170fb7c69b8e925756ef3b7334e28a33338b,"{""distance"":5,""physical_error_rate"":0.0001}","{""detection_events"":109257,""detectors_checked"":247955456}"
    795648,         0,         0,    5.93,exact_mw,cdc4a450a40af8e24899239080e4c40992fb5baf91c5a31ab3a165eacb3a1ab3,"{""distance"":5,""physical_error_rate"":0.0002}","{""detection_events"":156778,""detectors_checked"":178225152}"
    718848,         0,         0,    5.95,exact_mw,cb12ae119b9b2ba18d0216e7235b403229e92fd0743ede48fe7f1a2c6f45d594,"{""distance"":5,""physical_error_rate"":0.0005}","{""detection_events"":352702,""detectors_checked"":161021952}"
    557056,         0,         0,    4.25,exact_mw,cb12ae119b9b2ba18d0216e7235b403229e92fd0743ede48fe7f1a2c6f45d594,"{""distance"":5,""physical_error_rate"":0.0005}","{""detection_events"":273890,""detectors_checked"":124780544}"
    678912,         0,         0,    5.96,exact_mw,cb12ae119b9b2ba18d0216e7235b403229e92fd0743ede48fe7f1a2c6f45d594,"{""distance"":5,""physical_error_rate"":0.0005}","{""detection_events"":333861,""detectors_checked"":152076288}"
    984064,         0,         0,    5.91,exact_mw,70a969f5042aec17ac076c6379f4170fb7c69b8e925756ef3b7334e28a33338b,"{""distance"":5,""physical_error_rate"":0.0001}","{""detection_events"":96693,""detectors_checked"":220430336}"
    694272,         0,         0,    5.94,exact_mw,cb12ae119b9b2ba18d0216e7235b403229e92fd0743ede48fe7f1a2c6f45d594,"{""distance"":5,""physical_error_rate"":0.0005}","{""detection_events"":341808,""detectors_checked"":155516928}"
    933888,         0,         0,    5.91,exact_mw,f32ebecd8e105e50ec838d33c5ed9b45444b6b44a3c6ac541111079f2b14e893,"{""distance"":5,""physical_error_rate"":5e-05}","{""detection_events"":46581,""detectors_checked"":209190912}"
    586752,         0,         0,    4.25,exact_mw,f32ebecd8e105e50ec838d33c5ed9b45444b6b44a3c6ac541111079f2b14e893,"{""distance"":5,""physical_error_rate"":5e-05}","{""detection_events"":29084,""detectors_checked"":131432448}"
    202752,         2,         0,    5.98,exact_mw,bb90ec3459e353008cf9a5bb9142bf1e8515517a9e167021b225104594e48e8a,"{""distance"":5,""physical_error_rate"":0.001}","{""detection_events"":197250,""detectors_checked"":45416448,""obs_mistake_mask=E"":2}"
    538624,         0,         0,    4.27,exact_mw,70a969f5042aec17ac076c6379f4170fb7c69b8e925756ef3b7334e28a33338b,"{""distance"":5,""physical_error_rate"":0.0001}","{""detection_events"":53455,""detectors_checked"":120651776}"
    606208,         0,         0,    4.21,exact_mw,f32ebecd8e105e50ec838d33c5ed9b45444b6b44a3c6ac541111079f2b14e893,"{""distance"":5,""physical_error_rate"":5e-05}","{""detection_events"":30112,""detectors_checked"":135790592}"
    657408,         0,         0,    4.20,exact_mw,70a969f5042aec17ac076c6379f4170fb7c69b8e925756ef3b7334e28a33338b,"{""distance"":5,""physical_error_rate"":0.0001}","{""detection_events"":64371,""detectors_checked"":147259392}"
     98304,         6,         0,    5.99,exact_mw,3208f56225bbcac0e2804eb6f92d0a8b681652a702ca1ec920ccd7367f0e0899,"{""distance"":5,""physical_error_rate"":0.002}","{""detection_events"":190103,""detectors_checked"":22020096,""obs_mistake_mask=E"":6}"
    505856,         1,         0,    4.27,exact_mw,cb12ae119b9b2ba18d0216e7235b403229e92fd0743ede48fe7f1a2c6f45d594,"{""distance"":5,""physical_error_rate"":0.0005}","{""detection_events"":250665,""detectors_checked"":113311744,""obs_mistake_mask=E"":1}"
       128,         3,         0,    1.07,exact_mw,7b4896c0e7f0a510554d89637fd747b157418067a95869d1f0661294d473d1dc,"{""distance"":5,""physical_error_rate"":0.02}","{""detection_events"":2255,""detectors_checked"":28672,""obs_mistake_mask=E"":3}"
       320,        12,         0,    1.77,exact_mw,7b4896c0e7f0a510554d89637fd747b157418067a95869d1f0661294d473d1dc,"{""distance"":5,""physical_error_rate"":0.02}","{""detection_events"":5554,""detectors_checked"":71680,""obs_mistake_mask=E"":12}"
      3072,        21,         0,    4.54,exact_mw,72230d8c06b5a71069df48ede6f7f3e6128cd83e8239dd1b2e5fe023578b6eb1,"{""distance"":5,""physical_error_rate"":0.01}","{""detection_events"":28602,""detectors_checked"":688128,""obs_mistake_mask=E"":21}"
    246784,         1,         0,    5.94,exact_mw,bb90ec3459e353008cf9a5bb9142bf1e8515517a9e167021b225104594e48e8a,"{""distance"":5,""physical_error_rate"":0.001}","{""detection_events"":241341,""detectors_checked"":55279616,""obs_mistake_mask=E"":1}"
     56320,         4,         0,    6.01,exact_mw,3208f56225bbcac0e2804eb6f92d0a8b681652a702ca1ec920ccd7367f0e0899,"{""distance"":5,""physical_error_rate"":0.002}","{""detection_events"":109883,""detectors_checked"":12615680,""obs_mistake_mask=E"":4}"
     53248,         3,         0,    6.00,exact_mw,3208f56225bbcac0e2804eb6f92d0a8b681652a702ca1ec920ccd7367f0e0899,"{""distance"":5,""physical_error_rate"":0.002}","{""detection_events"":103421,""detectors_checked"":11927552,""obs_mistake_mask=E"":3}"
      3072,         6,         0,    2.76,exact_mw,38b7ae1c4e8407fc325e0d9e43e9f92ff26dcb3f5cf7b98d24ea74c9e5188d39,"{""distance"":5,""physical_error_rate"":0.005}","{""detection_events"":15575,""detectors_checked"":688128,""obs_mistake_mask=E"":6}"
     45056,         2,         0,    6.10,exact_mw,3208f56225bbcac0e2804eb6f92d0a8b681652a702ca1ec920ccd7367f0e0899,"{""distance"":5,""physical_error_rate"":0.002}","{""detection_events"":87691,""detectors_checked"":10092544,""obs_mistake_mask=E"":2}"
      9216,         7,         0,    4.36,exact_mw,38b7ae1c4e8407fc325e0d9e43e9f92ff26dcb3f5cf7b98d24ea74c9e5188d39,"{""distance"":5,""physical_error_rate"":0.005}","{""detection_events"":44511,""detectors_checked"":2064384,""obs_mistake_mask=E"":7}"
      1024,        11,         0,    3.18,exact_mw,72230d8c06b5a71069df48ede6f7f3e6128cd83e8239dd1b2e5fe023578b6eb1,"{""distance"":5,""physical_error_rate"":0.01}","{""detection_events"":9841,""detectors_checked"":229376,""obs_mistake_mask=E"":11}"
    956416,         0,         0,    3.03,exact_mw,f32ebecd8e105e50ec838d33c5ed9b45444b6b44a3c6ac541111079f2b14e893,"{""distance"":5,""physical_error_rate"":5e-05}","{""detection_events"":47219,""detectors_checked"":214237184}"
    472064,         0,         0,    3.00,exact_mw,70a969f5042aec17ac076c6379f4170fb7c69b8e925756ef3b7334e28a33338b,"{""distance"":5,""physical_error_rate"":0.0001}","{""detection_events"":46375,""detectors_checked"":105742336}"
       256,         2,         0,    1.57,exact_mw,7b4896c0e7f0a510554d89637fd747b157418067a95869d1f0661294d473d1dc,"{""distance"":5,""physical_error_rate"":0.02}","{""detection_events"":4359,""detectors_checked"":57344,""obs_mistake_mask=E"":2}"
     44032,         3,         0,    4.33,exact_mw,3208f56225bbcac0e2804eb6f92d0a8b681652a702ca1ec920ccd7367f0e0899,"{""distance"":5,""physical_error_rate"":0.002}","{""detection_events"":85773,""detectors_checked"":9863168,""obs_mistake_mask=E"":3}"
      2304,        12,         0,    4.50,exact_mw,72230d8c06b5a71069df48ede6f7f3e6128cd83e8239dd1b2e5fe023578b6eb1,"{""distance"":5,""physical_error_rate"":0.01}","{""detection_events"":21201,""detectors_checked"":516096,""obs_mistake_mask=E"":12}"
      1408,        18,         0,    4.37,exact_mw,72230d8c06b5a71069df48ede6f7f3e6128cd83e8239dd1b2e5fe023578b6eb1,"{""distance"":5,""physical_error_rate"":0.01}","{""detection_events"":13086,""detectors_checked"":315392,""obs_mistake_mask=E"":18}"
       384,        21,         0,    2.28,exact_mw,7b4896c0e7f0a510554d89637fd747b157418067a95869d1f0661294d473d1dc,"{""distance"":5,""physical_error_rate"":0.02}","{""detection_events"":6644,""detectors_checked"":86016,""obs_mistake_mask=E"":21}"
    149504,         0,         0,    4.25,exact_mw,bb90ec3459e353008cf9a5bb9142bf1e8515517a9e167021b225104594e48e8a,"{""distance"":5,""physical_error_rate"":0.001}","{""detection_events"":146388,""detectors_checked"":33488896}"
       768,        38,         0,    4.47,exact_mw,7b4896c0e7f0a510554d89637fd747b157418067a95869d1f0661294d473d1dc,"{""distance"":5,""physical_error_rate"":0.02}","{""detection_events"":13564,""detectors_checked"":172032,""obs_mistake_mask=E"":38}"
       640,        20,         0,    4.37,exact_mw,7b4896c0e7f0a510554d89637fd747b157418067a95869d1f0661294d473d1dc,"{""distance"":5,""physical_error_rate"":0.02}","{""detection_events"":11151,""detectors_checked"":143360,""obs_mistake_mask=E"":20}"
       256,        13,         0,    1.56,exact_mw,7b4896c0e7f0a510554d89637fd747b157418067a95869d1f0661294d473d1dc,"{""distance"":5,""physical_error_rate"":0.02}","{""detection_events"":4596,""detectors_checked"":57344,""obs_mistake_mask=E"":13}"
      1536,        10,         0,    4.46,exact_mw,72230d8c06b5a71069df48ede6f7f3e6128cd83e8239dd1b2e5fe023578b6eb1,"{""distance"":5,""physical_error_rate"":0.01}","{""detection_events"":14619,""detectors_checked"":344064,""obs_mistake_mask=E"":10}"
      6656,         5,         0,    6.05,exact_mw,38b7ae1c4e8407fc325e0d9e43e9f92ff26dcb3f5cf7b98d24ea74c9e5188d39,"{""distance"":5,""physical_error_rate"":0.005}","{""detection_events"":31860,""detectors_checked"":1490944,""obs_mistake_mask=E"":5}"
      4096,         4,         0,    3.66,exact_mw,38b7ae1c4e8407fc325e0d9e43e9f92ff26dcb3f5cf7b98d24ea74c9e5188d39,"{""distance"":5,""physical_error_rate"":0.005}","{""detection_events"":19965,""detectors_checked"":917504,""obs_mistake_mask=E"":4}"
      1152,        36,         0,    6.49,exact_mw,7b4896c0e7f0a510554d89637fd747b157418067a95869d1f0661294d473d1dc,"{""distance"":5,""physical_error_rate"":0.02}","{""detection_events"":20617,""detectors_checked"":258048,""obs_mistake_mask=E"":36}"
    969728,         0,         0,    5.93,exact_mw,cdc4a450a40af8e24899239080e4c40992fb5baf91c5a31ab3a165eacb3a1ab3,"{""distance"":5,""physical_error_rate"":0.0002}","{""detection_events"":190523,""detectors_checked"":217219072}"
      6656,         9,         0,    5.97,exact_mw,38b7ae1c4e8407fc325e0d9e43e9f92ff26dcb3f5cf7b98d24ea74c9e5188d39,"{""distance"":5,""physical_error_rate"":0.005}","{""detection_events"":31730,""detectors_checked"":1490944,""obs_mistake_mask=E"":9}"
   1020928,         0,         0,    5.94,exact_mw,cdc4a450a40af8e24899239080e4c40992fb5baf91c5a31ab3a165eacb3a1ab3,"{""distance"":5,""physical_error_rate"":0.0002}","{""detection_events"":201727,""detectors_checked"":228687872}"
      1792,        48,         0,    6.07,exact_mw,7b4896c0e7f0a510554d89637fd747b157418067a95869d1f0661294d473d1dc,"{""distance"":5,""physical_error_rate"":0.02}","{""detection_events"":31587,""detectors_checked"":401408,""obs_mistake_mask=E"":48}"
      5632,         3,         0,    6.38,exact_mw,38b7ae1c4e8407fc325e0d9e43e9f92ff26dcb3f5cf7b98d24ea74c9e5188d39,"{""distance"":5,""physical_error_rate"":0.005}","{""detection_events"":27036,""detectors_checked"":1261568,""obs_mistake_mask=E"":3}"
    796672,         0,         0,    5.96,exact_mw,cb12ae119b9b2ba18d0216e7235b403229e92fd0743ede48fe7f1a2c6f45d594,"{""distance"":5,""physical_error_rate"":0.0005}","{""detection_events"":390649,""detectors_checked"":178454528}"
   1320960,         0,         0,    4.24,exact_mw,f32ebecd8e105e50ec838d33c5ed9b45444b6b44a3c6ac541111079f2b14e893,"{""distance"":5,""physical_error_rate"":5e-05}","{""detection_events"":64463,""detectors_checked"":295895040}"
      1536,        10,         0,    4.44,exact_mw,72230d8c06b5a71069df48ede6f7f3e6128cd83e8239dd1b2e5fe023578b6eb1,"{""distance"":5,""physical_error_rate"":0.01}","{""detection_events"":14092,""detectors_checked"":344064,""obs_mistake_mask=E"":10}"
    638976,         0,         0,    5.94,exact_mw,f32ebecd8e105e50ec838d33c5ed9b45444b6b44a3c6ac541111079f2b14e893,"{""distance"":5,""physical_error_rate"":5e-05}","{""detection_events"":31269,""detectors_checked"":143130624}"
       576,        15,         0,    3.10,exact_mw,7b4896c0e7f0a510554d89637fd747b157418067a95869d1f0661294d473d1dc,"{""distance"":5,""physical_error_rate"":0.02}","{""detection_events"":10249,""detectors_checked"":129024,""obs_mistake_mask=E"":15}"
       384,        14,         0,    2.49,exact_mw,7b4896c0e7f0a510554d89637fd747b157418067a95869d1f0661294d473d1dc,"{""distance"":5,""physical_error_rate"":0.02}","{""detection_events"":6737,""detectors_checked"":86016,""obs_mistake_mask=E"":14}"
    535552,         0,         0,    4.26,exact_mw,70a969f5042aec17ac076c6379f4170fb7c69b8e925756ef3b7334e28a33338b,"{""distance"":5,""physical_error_rate"":0.0001}","{""detection_events"":52676,""detectors_checked"":119963648}"
    849920,         0,         0,    5.96,exact_mw,70a969f5042aec17ac076c6379f4170fb7c69b8e925756ef3b7334e28a33338b,"{""distance"":5,""physical_error_rate"":0.0001}","{""detection_events"":83379,""detectors_checked"":190382080}"
    917504,         0,         0,    5.93,exact_mw,70a969f5042aec17ac076c6379f4170fb7c69b8e925756ef3b7334e28a33338b,"{""distance"":5,""physical_error_rate"":0.0001}","{""detection_events"":90205,""detectors_checked"":205520896}"
    988160,         0,         0,    5.97,exact_mw,f32ebecd8e105e50ec838d33c5ed9b45444b6b44a3c6ac541111079f2b14e893,"{""distance"":5,""physical_error_rate"":5e-05}","{""detection_events"":48963,""detectors_checked"":221347840}"
    743424,         0,         0,    5.94,exact_mw,cb12ae119b9b2ba18d0216e7235b403229e92fd0743ede48fe7f1a2c6f45d594,"{""distance"":5,""physical_error_rate"":0.0005}","{""detection_events"":366205,""detectors_checked"":166526976}"
      3840,        25,         0,    6.32,exact_mw,72230d8c06b5a71069df48ede6f7f3e6128cd83e8239dd1b2e5fe023578b6eb1,"{""distance"":5,""physical_error_rate"":0.01}","{""detection_events"":35976,""detectors_checked"":860160,""obs_mistake_mask=E"":25}"
   1651712,         0,         0,    8.30,exact_mw,70a969f5042aec17ac076c6379f4170fb7c69b8e925756ef3b7334e28a33338b,"{""distance"":5,""physical_error_rate"":0.0001}","{""detection_events"":162505,""detectors_checked"":369983488}"
   1626112,         0,         0,    8.31,exact_mw,f32ebecd8e105e50ec838d33c5ed9b45444b6b44a3c6ac541111079f2b14e893,"{""distance"":5,""physical_error_rate"":5e-05}","{""detection_events"":79804,""detectors_checked"":364249088}"
    401408,         0,         0,    8.34,exact_mw,bb90ec3459e353008cf9a5bb9142bf1e8515517a9e167021b225104594e48e8a,"{""distance"":5,""physical_error_rate"":0.001}","{""detection_events"":392808,""detectors_checked"":89915392}"
     12288,         5,         0,    6.17,exact_mw,38b7ae1c4e8407fc325e0d9e43e9f92ff26dcb3f5cf7b98d24ea74c9e5188d39,"{""distance"":5,""physical_error_rate"":0.005}","{""detection_events"":58949,""detectors_checked"":2752512,""obs_mistake_mask=E"":5}"
   1504256,         0,         0,    8.28,exact_mw,cdc4a450a40af8e24899239080e4c40992fb5baf91c5a31ab3a165eacb3a1ab3,"{""distance"":5,""physical_error_rate"":0.0002}","{""detection_events"":296076,""detectors_checked"":336953344}"
   1533952,         0,         0,    8.28,exact_mw,f32ebecd8e105e50ec838d33c5ed9b45444b6b44a3c6ac541111079f2b14e893,"{""distance"":5,""physical_error_rate"":5e-05}","{""detection_events"":76263,""detectors_checked"":343605248}"
    605184,         4,         0,    8.37,exact_mw,bb90ec3459e353008cf9a5bb9142bf1e8515517a9e167021b225104594e48e8a,"{""distance"":5,""physical_error_rate"":0.001}","{""detection_events"":593415,""detectors_checked"":135561216,""obs_mistake_mask=E"":4}"
   1111040,         0,         0,    8.27,exact_mw,cdc4a450a40af8e24899239080e4c40992fb5baf91c5a31ab3a165eacb3a1ab3,"{""distance"":5,""physical_error_rate"":0.0002}","{""detection_events"":218013,""detectors_checked"":248872960}"
   1691648,         0,         0,    8.31,exact_mw,70a969f5042aec17ac076c6379f4170fb7c69b8e925756ef3b7334e28a33338b,"{""distance"":5,""physical_error_rate"":0.0001}","{""detection_events"":167118,""detectors_checked"":378929152}"
   1352704,         0,         0,    8.31,exact_mw,cdc4a450a40af8e24899239080e4c40992fb5baf91c5a31ab3a165eacb3a1ab3,"{""distance"":5,""physical_error_rate"":0.0002}","{""detection_events"":268072,""detectors_checked"":303005696}"
     41984,         3,         0,    6.03,exact_mw,3208f56225bbcac0e2804eb6f92d0a8b681652a702ca1ec920ccd7367f0e0899,"{""distance"":5,""physical_error_rate"":0.002}","{""detection_events"":81788,""detectors_checked"":9404416,""obs_mistake_mask=E"":3}"
   1069056,         0,         0,    8.31,exact_mw,cb12ae119b9b2ba18d0216e7235b403229e92fd0743ede48fe7f1a2c6f45d594,"{""distance"":5,""physical_error_rate"":0.0005}","{""detection_events"":527190,""detectors_checked"":239468544}"
    960512,         1,         0,    8.32,exact_mw,cb12ae119b9b2ba18d0216e7235b403229e92fd0743ede48fe7f1a2c6f45d594,"{""distance"":5,""physical_error_rate"":0.0005}","{""detection_events"":470924,""detectors_checked"":215154688,""obs_mistake_mask=E"":1}"
   1283072,         0,         0,    8.29,exact_mw,70a969f5042aec17ac076c6379f4170fb7c69b8e925756ef3b7334e28a33338b,"{""distance"":5,""physical_error_rate"":0.0001}","{""detection_events"":126670,""detectors_checked"":287408128}"
   1149952,         0,         0,    8.28,exact_mw,f32ebecd8e105e50ec838d33c5ed9b45444b6b44a3c6ac541111079f2b14e893,"{""distance"":5,""physical_error_rate"":5e-05}","{""detection_events"":56850,""detectors_checked"":257589248}"
   1027072,         0,         0,    8.34,exact_mw,cb12ae119b9b2ba18d0216e7235b403229e92fd0743ede48fe7f1a2c6f45d594,"{""distance"":5,""physical_error_rate"":0.0005}","{""detection_events"":506671,""detectors_checked"":230064128}"
    311296,         3,         0,    8.28,exact_mw,bb90ec3459e353008cf9a5bb9142bf1e8515517a9e167021b225104594e48e8a,"{""distance"":5,""physical_error_rate"":0.001}","{""detection_events"":304150,""detectors_checked"":69730304,""obs_mistake_mask=E"":3}"
      2048,        15,         0,    6.16,exact_mw,72230d8c06b5a71069df48ede6f7f3e6128cd83e8239dd1b2e5fe023578b6eb1,"{""distance"":5,""physical_error_rate"":0.01}","{""detection_events"":19133,""detectors_checked"":458752,""obs_mistake_mask=E"":15}"
    155648,         7,         0,    8.38,exact_mw,3208f56225bbcac0e2804eb6f92d0a8b681652a702ca1ec920ccd7367f0e0899,"{""distance"":5,""physical_error_rate"":0.002}","{""detection_events"":304868,""detectors_checked"":34865152,""obs_mistake_mask=E"":7}"
    227328,         2,         0,    5.98,exact_mw,bb90ec3459e353008cf9a5bb9142bf1e8515517a9e167021b225104594e48e8a,"{""distance"":5,""physical_error_rate"":0.001}","{""detection_events"":224078,""detectors_checked"":50921472,""obs_mistake_mask=E"":2}"
      1536,        10,         0,    6.25,exact_mw,72230d8c06b5a71069df48ede6f7f3e6128cd83e8239dd1b2e5fe023578b6eb1,"{""distance"":5,""physical_error_rate"":0.01}","{""detection_events"":14512,""detectors_checked"":344064,""obs_mistake_mask=E"":10}"
       512,        13,         0,    3.04,exact_mw,7b4896c0e7f0a510554d89637fd747b157418067a95869d1f0661294d473d1dc,"{""distance"":5,""physical_error_rate"":0.02}","{""detection_events"":8939,""detectors_checked"":114688,""obs_mistake_mask=E"":13}"
    313344,         1,         0,    8.36,exact_mw,bb90ec3459e353008cf9a5bb9142bf1e8515517a9e167021b225104594e48e8a,"{""distance"":5,""physical_error_rate"":0.001}","{""detection_events"":307873,""detectors_checked"":70189056,""obs_mistake_mask=E"":1}"
     69632,         3,         0,    8.38,exact_mw,3208f56225bbcac0e2804eb6f92d0a8b681652a702ca1ec920ccd7367f0e0899,"{""distance"":5,""physical_error_rate"":0.002}","{""detection_events"":136149,""detectors_checked"":15597568,""obs_mistake_mask=E"":3}"
      7168,         7,         0,    4.65,exact_mw,38b7ae1c4e8407fc325e0d9e43e9f92ff26dcb3f5cf7b98d24ea74c9e5188d39,"{""distance"":5,""physical_error_rate"":0.005}","{""detection_events"":33491,""detectors_checked"":1605632,""obs_mistake_mask=E"":7}"
     77824,         8,         0,    8.43,exact_mw,3208f56225bbcac0e2804eb6f92d0a8b681652a702ca1ec920ccd7367f0e0899,"{""distance"":5,""physical_error_rate"":0.002}","{""detection_events"":151536,""detectors_checked"":17432576,""obs_mistake_mask=E"":8}"
       896,        24,         0,    6.64,exact_mw,7b4896c0e7f0a510554d89637fd747b157418067a95869d1f0661294d473d1dc,"{""distance"":5,""physical_error_rate"":0.02}","{""detection_events"":15846,""detectors_checked"":200704,""obs_mistake_mask=E"":24}"
       896,        32,         0,    6.15,exact_mw,7b4896c0e7f0a510554d89637fd747b157418067a95869d1f0661294d473d1dc,"{""distance"":5,""physical_error_rate"":0.02}","{""detection_events"":16014,""detectors_checked"":200704,""obs_mistake_mask=E"":32}"
     78848,         7,         0,    8.37,exact_mw,3208f56225bbcac0e2804eb6f92d0a8b681652a702ca1ec920ccd7367f0e0899,"{""distance"":5,""physical_error_rate"":0.002}","{""detection_events"":154112,""detectors_checked"":17661952,""obs_mistake_mask=E"":7}"
       768,        29,         0,    4.37,exact_mw,7b4896c0e7f0a510554d89637fd747b157418067a95869d1f0661294d473d1dc,"{""distance"":5,""physical_error_rate"":0.02}","{""detection_events"":13554,""detectors_checked"":172032,""obs_mistake_mask=E"":29}"
      2304,        16,         0,    6.64,exact_mw,72230d8c06b5a71069df48ede6f7f3e6128cd83e8239dd1b2e5fe023578b6eb1,"{""distance"":5,""physical_error_rate"":0.01}","{""detection_events"":21420,""detectors_checked"":516096,""obs_mistake_mask=E"":16}"
   1475584,         0,         0,    5.94,exact_mw,f32ebecd8e105e50ec838d33c5ed9b45444b6b44a3c6ac541111079f2b14e893,"{""distance"":5,""physical_error_rate"":5e-05}","{""detection_events"":73535,""detectors_checked"":330530816}"
    804864,         0,         0,    5.90,exact_mw,70a969f5042aec17ac076c6379f4170fb7c69b8e925756ef3b7334e28a33338b,"{""distance"":5,""physical_error_rate"":0.0001}","{""detection_events"":79318,""detectors_checked"":180289536}"
      3072,        19,         0,    6.27,exact_mw,72230d8c06b5a71069df48ede6f7f3e6128cd83e8239dd1b2e5fe023578b6eb1,"{""distance"":5,""physical_error_rate"":0.01}","{""detection_events"":28867,""detectors_checked"":688128,""obs_mistake_mask=E"":19}"
      8704,        11,         0,    8.52,exact_mw,38b7ae1c4e8407fc325e0d9e43e9f92ff26dcb3f5cf7b98d24ea74c9e5188d39,"{""distance"":5,""physical_error_rate"":0.005}","{""detection_events"":42069,""detectors_checked"":1949696,""obs_mistake_mask=E"":11}"
   1539072,         0,         0,    8.30,exact_mw,cdc4a450a40af8e24899239080e4c40992fb5baf91c5a31ab3a165eacb3a1ab3,"{""distance"":5,""physical_error_rate"":0.0002}","{""detection_events"":304218,""detectors_checked"":344752128}"
      9216,         8,         0,    8.54,exact_mw,38b7ae1c4e8407fc325e0d9e43e9f92ff26dcb3f5cf7b98d24ea74c9e5188d39,"{""distance"":5,""physical_error_rate"":0.005}","{""detection_events"":44215,""detectors_checked"":2064384,""obs_mistake_mask=E"":8}"
      1280,        48,         0,    8.86,exact_mw,7b4896c0e7f0a510554d89637fd747b157418067a95869d1f0661294d473d1dc,"{""distance"":5,""physical_error_rate"":0.02}","{""detection_events"":22513,""detectors_checked"":286720,""obs_mistake_mask=E"":48}"
       704,        17,         0,    4.08,exact_mw,7b4896c0e7f0a510554d89637fd747b157418067a95869d1f0661294d473d1dc,"{""distance"":5,""physical_error_rate"":0.02}","{""detection_events"":12297,""detectors_checked"":157696,""obs_mistake_mask=E"":17}"
   1570816,         0,         0,    8.29,exact_mw,cdc4a450a40af8e24899239080e4c40992fb5baf91c5a31ab3a165eacb3a1ab3,"{""distance"":5,""physical_error_rate"":0.0002}","{""detection_events"":309851,""detectors_checked"":351862784}"
       576,        16,         0,    3.47,exact_mw,7b4896c0e7f0a510554d89637fd747b157418067a95869d1f0661294d473d1dc,"{""distance"":5,""physical_error_rate"":0.02}","{""detection_events"":10021,""detectors_checked"":129024,""obs_mistake_mask=E"":16}"
      1920,        53,         0,    8.39,exact_mw,7b4896c0e7f0a510554d89637fd747b157418067a95869d1f0661294d473d1dc,"{""distance"":5,""physical_error_rate"":0.02}","{""detection_events"":34105,""detectors_checked"":430080,""obs_mistake_mask=E"":53}"
       896,        33,         0,    4.96,exact_mw,7b4896c0e7f0a510554d89637fd747b157418067a95869d1f0661294d473d1dc,"{""distance"":5,""physical_error_rate"":0.02}","{""detection_events"":15983,""detectors_checked"":200704,""obs_mistake_mask=E"":33}"
   1206272,         1,         0,    8.33,exact_mw,cb12ae119b9b2ba18d0216e7235b403229e92fd0743ede48fe7f1a2c6f45d594,"{""distance"":5,""physical_error_rate"":0.0005}","{""detection_events"":593119,""detectors_checked"":270204928,""obs_mistake_mask=E"":1}"
       768,        20,         0,    4.78,exact_mw,7b4896c0e7f0a510554d89637fd747b157418067a95869d1f0661294d473d1dc,"{""distance"":5,""physical_error_rate"":0.02}","{""detection_events"":13626,""detectors_checked"":172032,""obs_mistake_mask=E"":20}"
    968704,         0,         0,    8.33,exact_mw,f32ebecd8e105e50ec838d33c5ed9b45444b6b44a3c6ac541111079f2b14e893,"{""distance"":5,""physical_error_rate"":5e-05}","{""detection_events"":48092,""detectors_checked"":216989696}"
       128,         3,         0,   0.786,exact_mw,7b4896c0e7f0a510554d89637fd747b157418067a95869d1f0661294d473d1dc,"{""distance"":5,""physical_error_rate"":0.02}","{""detection_events"":2314,""detectors_checked"":28672,""obs_mistake_mask=E"":3}"
   1214464,         0,         0,    8.28,exact_mw,70a969f5042aec17ac076c6379f4170fb7c69b8e925756ef3b7334e28a33338b,"{""distance"":5,""physical_error_rate"":0.0001}","{""detection_events"":118790,""detectors_checked"":272039936}"
   1391616,         0,         0,    8.31,exact_mw,70a969f5042aec17ac076c6379f4170fb7c69b8e925756ef3b7334e28a33338b,"{""distance"":5,""physical_error_rate"":0.0001}","{""detection_events"":136695,""detectors_checked"":311721984}"
   1411072,         0,         0,    8.34,exact_mw,f32ebecd8e105e50ec838d33c5ed9b45444b6b44a3c6ac541111079f2b14e893,"{""distance"":5,""physical_error_rate"":5e-05}","{""detection_events"":70110,""detectors_checked"":316080128}"
   1474560,         2,         0,    8.28,exact_mw,cb12ae119b9b2ba18d0216e7235b403229e92fd0743ede48fe7f1a2c6f45d594,"{""distance"":5,""physical_error_rate"":0.0005}","{""detection_events"":724620,""detectors_checked"":330301440,""obs_mistake_mask=E"":2}"
      8192,        14,         0,    9.04,exact_mw,38b7ae1c4e8407fc325e0d9e43e9f92ff26dcb3f5cf7b98d24ea74c9e5188d39,"{""distance"":5,""physical_error_rate"":0.005}","{""detection_events"":39411,""detectors_checked"":1835008,""obs_mistake_mask=E"":14}"
      8192,         7,         0,    6.47,exact_mw,38b7ae1c4e8407fc325e0d9e43e9f92ff26dcb3f5cf7b98d24ea74c9e5188d39,"{""distance"":5,""physical_error_rate"":0.005}","{""detection_events"":39723,""detectors_checked"":1835008,""obs_mistake_mask=E"":7}"
      4096,        39,         0,    9.14,exact_mw,72230d8c06b5a71069df48ede6f7f3e6128cd83e8239dd1b2e5fe023578b6eb1,"{""distance"":5,""physical_error_rate"":0.01}","{""detection_events"":38778,""detectors_checked"":917504,""obs_mistake_mask=E"":39}"
     10240,         7,         0,    8.81,exact_mw,38b7ae1c4e8407fc325e0d9e43e9f92ff26dcb3f5cf7b98d24ea74c9e5188d39,"{""distance"":5,""physical_error_rate"":0.005}","{""detection_events"":48616,""detectors_checked"":2293760,""obs_mistake_mask=E"":7}"
         1,         0,         0,   0.004,exact_mw,72230d8c06b5a71069df48ede6f7f3e6128cd83e8239dd1b2e5fe023578b6eb1,"{""distance"":5,""physical_error_rate"":0.01}","{""detection_events"":8,""detectors_checked"":224}"
        16,         0,         0,   0.028,exact_mw,72230d8c06b5a71069df48ede6f7f3e6128cd83e8239dd1b2e5fe023578b6eb1,"{""distance"":5,""physical_error_rate"":0.01}","{""detection_events"":127,""detectors_checked"":3584}"
     83968,         5,         0,    8.35,exact_mw,3208f56225bbcac0e2804eb6f92d0a8b681652a702ca1ec920ccd7367f0e0899,"{""distance"":5,""physical_error_rate"":0.002}","{""detection_events"":163777,""detectors_checked"":18808832,""obs_mistake_mask=E"":5}"
         1,         0,         0,   0.000,exact_mw,38b7ae1c4e8407fc325e0d9e43e9f92ff26dcb3f5cf7b98d24ea74c9e5188d39,"{""distance"":5,""physical_error_rate"":0.005}","{""detection_events"":2,""detectors_checked"":224}"
      3345,         0,         0,   0.011,exact_mw,cdc4a450a40af8e24899239080e4c40992fb5baf91c5a31ab3a165eacb3a1ab3,"{""distance"":5,""physical_error_rate"":0.0002}","{""detection_events"":700,""detectors_checked"":749280}"
      2048,         0,         0,   0.006,exact_mw,cdc4a450a40af8e24899239080e4c40992fb5baf91c5a31ab3a165eacb3a1ab3,"{""distance"":5,""physical_error_rate"":0.0002}","{""detection_events"":401,""detectors_checked"":458752}"
      4096,         0,         0,   0.026,exact_mw,cdc4a450a40af8e24899239080e4c40992fb5baf91c5a31ab3a165eacb3a1ab3,"{""distance"":5,""physical_error_rate"":0.0002}","{""detection_events"":783,""detectors_checked"":917504}"
      5120,         0,         0,   0.031,exact_mw,cdc4a450a40af8e24899239080e4c40992fb5baf91c5a31ab3a165eacb3a1ab3,"{""distance"":5,""physical_error_rate"":0.0002}","{""detection_events"":1093,""detectors_checked"":1146880}"
      5120,         0,         0,   0.029,exact_mw,cdc4a450a40af8e24899239080e4c40992fb5baf91c5a31ab3a165eacb3a1ab3,"{""distance"":5,""physical_error_rate"":0.0002}","{""detection_events"":952,""detectors_checked"":1146880}"
      9216,         0,         0,   0.055,exact_mw,cdc4a450a40af8e24899239080e4c40992fb5baf91c5a31ab3a165eacb3a1ab3,"{""distance"":5,""physical_error_rate"":0.0002}","{""detection_events"":1840,""detectors_checked"":2064384}"
       272,         0,         0,   0.259,exact_mw,38b7ae1c4e8407fc325e0d9e43e9f92ff26dcb3f5cf7b98d24ea74c9e5188d39,"{""distance"":5,""physical_error_rate"":0.005}","{""detection_events"":1350,""detectors_checked"":60928}"
         1,         0,         0,   0.000,exact_mw,cb12ae119b9b2ba18d0216e7235b403229e92fd0743ede48fe7f1a2c6f45d594,"{""distance"":5,""physical_error_rate"":0.0005}","{""detectors_checked"":224}"
      2320,         0,         0,   0.019,exact_mw,cb12ae119b9b2ba18d0216e7235b403229e92fd0743ede48fe7f1a2c6f45d594,"{""distance"":5,""physical_error_rate"":0.0005}","{""detection_events"":1118,""detectors_checked"":519680}"
      1024,         0,         0,   0.024,exact_mw,cb12ae119b9b2ba18d0216e7235b403229e92fd0743ede48fe7f1a2c6f45d594,"{""distance"":5,""physical_error_rate"":0.0005}","{""detection_events"":459,""detectors_checked"":229376}"
     10240,         0,         0,   0.066,exact_mw,cdc4a450a40af8e24899239080e4c40992fb5baf91c5a31ab3a165eacb3a1ab3,"{""distance"":5,""physical_error_rate"":0.0002}","{""detection_events"":1980,""detectors_checked"":2293760}"
      2048,         0,         0,   0.029,exact_mw,cb12ae119b9b2ba18d0216e7235b403229e92fd0743ede48fe7f1a2c6f45d594,"{""distance"":5,""physical_error_rate"":0.0005}","{""detection_events"":941,""detectors_checked"":458752}"
      4096,         0,         0,   0.053,exact_mw,cb12ae119b9b2ba18d0216e7235b403229e92fd0743ede48fe7f1a2c6f45d594,"{""distance"":5,""physical_error_rate"":0.0005}","{""detection_events"":1960,""detectors_checked"":917504}"
     17408,         0,         0,   0.108,exact_mw,cdc4a450a40af8e24899239080e4c40992fb5baf91c5a31ab3a165eacb3a1ab3,"{""distance"":5,""physical_error_rate"":0.0002}","{""detection_events"":3512,""detectors_checked"":3899392}"
      5120,         0,         0,   0.057,exact_mw,cb12ae119b9b2ba18d0216e7235b403229e92fd0743ede48fe7f1a2c6f45d594,"{""distance"":5,""physical_error_rate"":0.0005}","{""detection_events"":2443,""detectors_checked"":1146880}"
      4096,         0,         0,   0.078,exact_mw,cb12ae119b9b2ba18d0216e7235b403229e92fd0743ede48fe7f1a2c6f45d594,"{""distance"":5,""physical_error_rate"":0.0005}","{""detection_events"":1984,""detectors_checked"":917504}"
      1297,         0,         0,   0.028,exact_mw,bb90ec3459e353008cf9a5bb9142bf1e8515517a9e167021b225104594e48e8a,"{""distance"":5,""physical_error_rate"":0.001}","{""detection_events"":1165,""detectors_checked"":290528}"
     25600,         0,         0,   0.149,exact_mw,cdc4a450a40af8e24899239080e4c40992fb5baf91c5a31ab3a165eacb3a1ab3,"{""distance"":5,""physical_error_rate"":0.0002}","{""detection_events"":4899,""detectors_checked"":5734400}"
      1024,         0,         0,   0.074,exact_mw,bb90ec3459e353008cf9a5bb9142bf1e8515517a9e167021b225104594e48e8a,"{""distance"":5,""physical_error_rate"":0.001}","{""detection_events"":1015,""detectors_checked"":229376}"
      8192,         0,         0,   0.105,exact_mw,cb12ae119b9b2ba18d0216e7235b403229e92fd0743ede48fe7f1a2c6f45d594,"{""distance"":5,""physical_error_rate"":0.0005}","{""detection_events"":4048,""detectors_checked"":1835008}"
       256,         0,         0,   0.765,exact_mw,72230d8c06b5a71069df48ede6f7f3e6128cd83e8239dd1b2e5fe023578b6eb1,"{""distance"":5,""physical_error_rate"":0.01}","{""detection_events"":2348,""detectors_checked"":57344}"
    295936,         2,         0,    8.32,exact_mw,bb90ec3459e353008cf9a5bb9142bf1e8515517a9e167021b225104594e48e8a,"{""distance"":5,""physical_error_rate"":0.001}","{""detection_events"":289572,""detectors_checked"":66289664,""obs_mistake_mask=E"":2}"
      1024,         0,         0,   0.070,exact_mw,bb90ec3459e353008cf9a5bb9142bf1e8515517a9e167021b225104594e48e8a,"{""distance"":5,""physical_error_rate"":0.001}","{""detection_events"":1054,""detectors_checked"":229376}"
       512,         0,         0,   0.415,exact_mw,38b7ae1c4e8407fc325e0d9e43e9f92ff26dcb3f5cf7b98d24ea74c9e5188d39,"{""distance"":5,""physical_error_rate"":0.005}","{""detection_events"":2282,""detectors_checked"":114688}"
      1024,         0,         0,   0.045,exact_mw,bb90ec3459e353008cf9a5bb9142bf1e8515517a9e167021b225104594e48e8a,"{""distance"":5,""physical_error_rate"":0.001}","{""detection_events"":1019,""detectors_checked"":229376}"
      2816,        14,         0,    8.88,exact_mw,72230d8c06b5a71069df48ede6f7f3e6128cd83e8239dd1b2e5fe023578b6eb1,"{""distance"":5,""physical_error_rate"":0.01}","{""detection_events"":25890,""detectors_checked"":630784,""obs_mistake_mask=E"":14}"
     32768,         0,         0,   0.206,exact_mw,cdc4a450a40af8e24899239080e4c40992fb5baf91c5a31ab3a165eacb3a1ab3,"{""distance"":5,""physical_error_rate"":0.0002}","{""detection_events"":6382,""detectors_checked"":7340032}"
     11264,         0,         0,   0.170,exact_mw,cb12ae119b9b2ba18d0216e7235b403229e92fd0743ede48fe7f1a2c6f45d594,"{""distance"":5,""physical_error_rate"":0.0005}","{""detection_events"":5753,""detectors_checked"":2523136}"
      2048,         0,         0,   0.092,exact_mw,bb90ec3459e353008cf9a5bb9142bf1e8515517a9e167021b225104594e48e8a,"{""distance"":5,""physical_error_rate"":0.001}","{""detection_events"":1897,""detectors_checked"":458752}"
      2816,        20,         0,    8.60,exact_mw,72230d8c06b5a71069df48ede6f7f3e6128cd83e8239dd1b2e5fe023578b6eb1,"{""distance"":5,""physical_error_rate"":0.01}","{""detection_events"":26187,""detectors_checked"":630784,""obs_mistake_mask=E"":20}"
      2048,         0,         0,   0.086,exact_mw,bb90ec3459e353008cf9a5bb9142bf1e8515517a9e167021b225104594e48e8a,"{""distance"":5,""physical_error_rate"":0.001}","{""detection_events"":1953,""detectors_checked"":458752}"
       256,         2,         0,   0.351,exact_mw,72230d8c06b5a71069df48ede6f7f3e6128cd83e8239dd1b2e5fe023578b6eb1,"{""distance"":5,""physical_error_rate"":0.01}","{""detection_events"":2173,""detectors_checked"":57344,""obs_mistake_mask=E"":2}"
     12288,         0,         0,   0.221,exact_mw,cb12ae119b9b2ba18d0216e7235b403229e92fd0743ede48fe7f1a2c6f45d594,"{""distance"":5,""physical_error_rate"":0.0005}","{""detection_events"":6146,""detectors_checked"":2752512}"
      2048,         0,         0,   0.109,exact_mw,bb90ec3459e353008cf9a5bb9142bf1e8515517a9e167021b225104594e48e8a,"{""distance"":5,""physical_error_rate"":0.001}","{""detection_events"":2085,""detectors_checked"":458752}"
     48128,         0,         0,   0.295,exact_mw,cdc4a450a40af8e24899239080e4c40992fb5baf91c5a31ab3a165eacb3a1ab3,"{""distance"":5,""physical_error_rate"":0.0002}","{""detection_events"":9455,""detectors_checked"":10780672}"
       512,         0,         0,   0.455,exact_mw,38b7ae1c4e8407fc325e0d9e43e9f92ff26dcb3f5cf7b98d24ea74c9e5188d39,"{""distance"":5,""physical_error_rate"":0.005}","{""detection_events"":2639,""detectors_checked"":114688}"
      3072,         0,         0,   0.152,exact_mw,bb90ec3459e353008cf9a5bb9142bf1e8515517a9e167021b225104594e48e8a,"{""distance"":5,""physical_error_rate"":0.001}","{""detection_events"":2981,""detectors_checked"":688128}"
      3072,         0,         0,   0.128,exact_mw,bb90ec3459e353008cf9a5bb9142bf1e8515517a9e167021b225104594e48e8a,"{""distance"":5,""physical_error_rate"":0.001}","{""detection_events"":2963,""detectors_checked"":688128}"
     17408,         0,         0,   0.309,exact_mw,cb12ae119b9b2ba18d0216e7235b403229e92fd0743ede48fe7f1a2c6f45d594,"{""distance"":5,""physical_error_rate"":0.0005}","{""detection_events"":8516,""detectors_checked"":3899392}"
       256,         4,         0,   0.371,exact_mw,72230d8c06b5a71069df48ede6f7f3e6128cd83e8239dd1b2e5fe023578b6eb1,"{""distance"":5,""physical_error_rate"":0.01}","{""detection_events"":2392,""detectors_checked"":57344,""obs_mistake_mask=E"":4}"
     66560,         0,         0,   0.401,exact_mw,cdc4a450a40af8e24899239080e4c40992fb5baf91c5a31ab3a165eacb3a1ab3,"{""distance"":5,""physical_error_rate"":0.0002}","{""detection_events"":12877,""detectors_checked"":14909440}"
      6144,         0,         0,   0.214,exact_mw,bb90ec3459e353008cf9a5bb9142bf1e8515517a9e167021b225104594e48e8a,"{""distance"":5,""physical_error_rate"":0.001}","{""detection_events"":6031,""detectors_checked"":1376256}"
       512,         0,         0,   0.417,exact_mw,38b7ae1c4e8407fc325e0d9e43e9f92ff26dcb3f5cf7b98d24ea74c9e5188d39,"{""distance"":5,""physical_error_rate"":0.005}","{""detection_events"":2463,""detectors_checked"":114688}"
       273,         0,         0,   0.011,exact_mw,3208f56225bbcac0e2804eb6f92d0a8b681652a702ca1ec920ccd7367f0e0899,"{""distance"":5,""physical_error_rate"":0.002}","{""detection_events"":514,""detectors_checked"":61152}"
     27648,         0,         0,   0.414,exact_mw,cb12ae119b9b2ba18d0216e7235b403229e92fd0743ede48fe7f1a2c6f45d594,"{""distance"":5,""physical_error_rate"":0.0005}","{""detection_events"":13975,""detectors_checked"":6193152}"
      1024,         0,         0,   0.111,exact_mw,3208f56225bbcac0e2804eb6f92d0a8b681652a702ca1ec920ccd7367f0e0899,"{""distance"":5,""physical_error_rate"":0.002}","{""detection_events"":2028,""detectors_checked"":229376}"
      9216,         0,         0,   0.307,exact_mw,bb90ec3459e353008cf9a5bb9142bf1e8515517a9e167021b225104594e48e8a,"{""distance"":5,""physical_error_rate"":0.001}","{""detection_events"":8973,""detectors_checked"":2064384}"
      1024,         0,         0,   0.082,exact_mw,3208f56225bbcac0e2804eb6f92d0a8b681652a702ca1ec920ccd7367f0e0899,"{""distance"":5,""physical_error_rate"":0.002}","{""detection_events"":1910,""detectors_checked"":229376}"
       256,         2,         0,   0.555,exact_mw,72230d8c06b5a71069df48ede6f7f3e6128cd83e8239dd1b2e5fe023578b6eb1,"{""distance"":5,""physical_error_rate"":0.01}","{""detection_events"":2302,""detectors_checked"":57344,""obs_mistake_mask=E"":2}"
       512,         0,         0,   0.423,exact_mw,38b7ae1c4e8407fc325e0d9e43e9f92ff26dcb3f5cf7b98d24ea74c9e5188d39,"{""distance"":5,""physical_error_rate"":0.005}","{""detection_events"":2293,""detectors_checked"":114688}"
      1024,         0,         0,   0.086,exact_mw,3208f56225bbcac0e2804eb6f92d0a8b681652a702ca1ec920ccd7367f0e0899,"{""distance"":5,""physical_error_rate"":0.002}","{""detection_events"":1970,""detectors_checked"":229376}"
     90112,         0,         0,   0.567,exact_mw,cdc4a450a40af8e24899239080e4c40992fb5baf91c5a31ab3a165eacb3a1ab3,"{""distance"":5,""physical_error_rate"":0.0002}","{""detection_events"":17798,""detectors_checked"":20185088}"
      1024,         0,         0,   0.123,exact_mw,3208f56225bbcac0e2804eb6f92d0a8b681652a702ca1ec920ccd7367f0e0899,"{""distance"":5,""physical_error_rate"":0.002}","{""detection_events"":1995,""detectors_checked"":229376}"
      1024,         0,         0,   0.085,exact_mw,3208f56225bbcac0e2804eb6f92d0a8b681652a702ca1ec920ccd7367f0e0899,"{""distance"":5,""physical_error_rate"":0.002}","{""detection_events"":1991,""detectors_checked"":229376}"
     12288,         0,         0,   0.408,exact_mw,bb90ec3459e353008cf9a5bb9142bf1e8515517a9e167021b225104594e48e8a,"{""distance"":5,""physical_error_rate"":0.001}","{""detection_events"":12260,""detectors_checked"":2752512}"
      1024,         0,         0,   0.078,exact_mw,3208f56225bbcac0e2804eb6f92d0a8b681652a702ca1ec920ccd7367f0e0899,"{""distance"":5,""physical_error_rate"":0.002}","{""detection_events"":1908,""detectors_checked"":229376}"
     44032,         0,         0,   0.581,exact_mw,cb12ae119b9b2ba18d0216e7235b403229e92fd0743ede48fe7f1a2c6f45d594,"{""distance"":5,""physical_error_rate"":0.0005}","{""detection_events"":21641,""detectors_checked"":9863168}"
       512,         0,         0,   0.370,exact_mw,38b7ae1c4e8407fc325e0d9e43e9f92ff26dcb3f5cf7b98d24ea74c9e5188d39,"{""distance"":5,""physical_error_rate"":0.005}","{""detection_events"":2424,""detectors_checked"":114688}"
   2316288,         0,         0,    11.6,exact_mw,70a969f5042aec17ac076c6379f4170fb7c69b8e925756ef3b7334e28a33338b,"{""distance"":5,""physical_error_rate"":0.0001}","{""detection_events"":228818,""detectors_checked"":518848512}"
   2660352,         0,         0,    11.6,exact_mw,f32ebecd8e105e50ec838d33c5ed9b45444b6b44a3c6ac541111079f2b14e893,"{""distance"":5,""physical_error_rate"":5e-05}","{""detection_events"":131837,""detectors_checked"":595918848}"
      2048,         0,         0,   0.182,exact_mw,3208f56225bbcac0e2804eb6f92d0a8b681652a702ca1ec920ccd7367f0e0899,"{""distance"":5,""physical_error_rate"":0.002}","{""detection_events"":3927,""detectors_checked"":458752}"
    621568,         1,         0,    11.6,exact_mw,bb90ec3459e353008cf9a5bb9142bf1e8515517a9e167021b225104594e48e8a,"{""distance"":5,""physical_error_rate"":0.001}","{""detection_events"":611730,""detectors_checked"":139231232,""obs_mistake_mask=E"":1}"
       256,         3,         0,   0.730,exact_mw,72230d8c06b5a71069df48ede6f7f3e6128cd83e8239dd1b2e5fe023578b6eb1,"{""distance"":5,""physical_error_rate"":0.01}","{""detection_events"":2458,""detectors_checked"":57344,""obs_mistake_mask=E"":3}"
      2048,         0,         0,   0.235,exact_mw,3208f56225bbcac0e2804eb6f92d0a8b681652a702ca1ec920ccd7367f0e0899,"{""distance"":5,""physical_error_rate"":0.002}","{""detection_events"":4056,""detectors_checked"":458752}"
       512,         2,         0,   0.431,exact_mw,38b7ae1c4e8407fc325e0d9e43e9f92ff26dcb3f5cf7b98d24ea74c9e5188d39,"{""distance"":5,""physical_error_rate"":0.005}","{""detection_events"":2330,""detectors_checked"":114688,""obs_mistake_mask=E"":2}"
     25600,         0,         0,   0.573,exact_mw,bb90ec3459e353008cf9a5bb9142bf1e8515517a9e167021b225104594e48e8a,"{""distance"":5,""physical_error_rate"":0.001}","{""detection_events"":25199,""detectors_checked"":5734400}"
    125952,         0,         0,   0.780,exact_mw,cdc4a450a40af8e24899239080e4c40992fb5baf91c5a31ab3a165eacb3a1ab3,"{""distance"":5,""physical_error_rate"":0.0002}","{""detection_events"":24699,""detectors_checked"":28213248}"
   1977344,         1,         0,    11.6,exact_mw,cdc4a450a40af8e24899239080e4c40992fb5baf91c5a31ab3a165eacb3a1ab3,"{""distance"":5,""physical_error_rate"":0.0002}","{""detection_events"":389867,""detectors_checked"":442925056,""obs_mistake_mask=E"":1}"
      3072,         0,         0,   0.252,exact_mw,3208f56225bbcac0e2804eb6f92d0a8b681652a702ca1ec920ccd7367f0e0899,"{""distance"":5,""physical_error_rate"":0.002}","{""detection_events"":5797,""detectors_checked"":688128}"
   2584576,         0,         0,    11.6,exact_mw,f32ebecd8e105e50ec838d33c5ed9b45444b6b44a3c6ac541111079f2b14e893,"{""distance"":5,""physical_error_rate"":5e-05}","{""detection_events"":128755,""detectors_checked"":578945024}"
     96256,         0,         0,   0.782,exact_mw,cb12ae119b9b2ba18d0216e7235b403229e92fd0743ede48fe7f1a2c6f45d594,"{""distance"":5,""physical_error_rate"":0.0005}","{""detection_events"":46847,""detectors_checked"":21561344}"
    680960,         1,         0,    11.7,exact_mw,bb90ec3459e353008cf9a5bb9142bf1e8515517a9e167021b225104594e48e8a,"{""distance"":5,""physical_error_rate"":0.001}","{""detection_events"":669195,""detectors_checked"":152535040,""obs_mistake_mask=E"":1}"
   1953792,         0,         0,    11.6,exact_mw,cdc4a450a40af8e24899239080e4c40992fb5baf91c5a31ab3a165eacb3a1ab3,"{""distance"":5,""physical_error_rate"":0.0002}","{""detection_events"":385568,""detectors_checked"":437649408}"
   2241536,         0,         0,    11.6,exact_mw,70a969f5042aec17ac076c6379f4170fb7c69b8e925756ef3b7334e28a33338b,"{""distance"":5,""physical_error_rate"":0.0001}","{""detection_events"":222275,""detectors_checked"":502104064}"
   1817600,         0,         0,    11.6,exact_mw,cdc4a450a40af8e24899239080e4c40992fb5baf91c5a31ab3a165eacb3a1ab3,"{""distance"":5,""physical_error_rate"":0.0002}","{""detection_events"":356878,""detectors_checked"":407142400}"
   1544192,         0,         0,    11.6,exact_mw,cb12ae119b9b2ba18d0216e7235b403229e92fd0743ede48fe7f1a2c6f45d594,"{""distance"":5,""physical_error_rate"":0.0005}","{""detection_events"":758319,""detectors_checked"":345899008}"
       512,         1,         0,   0.466,exact_mw,38b7ae1c4e8407fc325e0d9e43e9f92ff26dcb3f5cf7b98d24ea74c9e5188d39,"{""distance"":5,""physical_error_rate"":0.005}","{""detection_events"":2559,""detectors_checked"":114688,""obs_mistake_mask=E"":1}"
      2816,        20,         0,    9.21,exact_mw,72230d8c06b5a71069df48ede6f7f3e6128cd83e8239dd1b2e5fe023578b6eb1,"{""distance"":5,""physical_error_rate"":0.01}","{""detection_events"":26521,""detectors_checked"":630784,""obs_mistake_mask=E"":20}"
      4096,         1,         0,   0.352,exact_mw,3208f56225bbcac0e2804eb6f92d0a8b681652a702ca1ec920ccd7367f0e0899,"{""distance"":5,""physical_error_rate"":0.002}","{""detection_events"":7891,""detectors_checked"":917504,""obs_mistake_mask=E"":1}"
   1257472,         0,         0,    11.6,exact_mw,cb12ae119b9b2ba18d0216e7235b403229e92fd0743ede48fe7f1a2c6f45d594,"{""distance"":5,""physical_error_rate"":0.0005}","{""detection_events"":616552,""detectors_checked"":281673728}"
   1807360,         0,         0,    11.6,exact_mw,70a969f5042aec17ac076c6379f4170fb7c69b8e925756ef3b7334e28a33338b,"{""distance"":5,""physical_error_rate"":0.0001}","{""detection_events"":178477,""detectors_checked"":404848640}"
       256,         4,         0,   0.732,exact_mw,72230d8c06b5a71069df48ede6f7f3e6128cd83e8239dd1b2e5fe023578b6eb1,"{""distance"":5,""physical_error_rate"":0.01}","{""detection_events"":2362,""detectors_checked"":57344,""obs_mistake_mask=E"":4}"
   1265664,         2,         0,    11.6,exact_mw,cb12ae119b9b2ba18d0216e7235b403229e92fd0743ede48fe7f1a2c6f45d594,"{""distance"":5,""physical_error_rate"":0.0005}","{""detection_events"":621230,""detectors_checked"":283508736,""obs_mistake_mask=E"":2}"
   1925120,         0,         0,    11.6,exact_mw,f32ebecd8e105e50ec838d33c5ed9b45444b6b44a3c6ac541111079f2b14e893,"{""distance"":5,""physical_error_rate"":5e-05}","{""detection_events"":95507,""detectors_checked"":431226880}"
    515072,         1,         0,    11.6,exact_mw,bb90ec3459e353008cf9a5bb9142bf1e8515517a9e167021b225104594e48e8a,"{""distance"":5,""physical_error_rate"":0.001}","{""detection_events"":505213,""detectors_checked"":115376128,""obs_mistake_mask=E"":1}"
   1483776,         0,         0,    8.29,exact_mw,f32ebecd8e105e50ec838d33c5ed9b45444b6b44a3c6ac541111079f2b14e893,"{""distance"":5,""physical_error_rate"":5e-05}","{""detection_events"":73203,""detectors_checked"":332365824}"
     36864,         0,         0,   0.785,exact_mw,bb90ec3459e353008cf9a5bb9142bf1e8515517a9e167021b225104594e48e8a,"{""distance"":5,""physical_error_rate"":0.001}","{""detection_events"":36171,""detectors_checked"":8257536}"
       512,         0,         0,   0.468,exact_mw,38b7ae1c4e8407fc325e0d9e43e9f92ff26dcb3f5cf7b98d24ea74c9e5188d39,"{""distance"":5,""physical_error_rate"":0.005}","{""detection_events"":2369,""detectors_checked"":114688}"
      5120,         0,         0,   0.433,exact_mw,3208f56225bbcac0e2804eb6f92d0a8b681652a702ca1ec920ccd7367f0e0899,"{""distance"":5,""physical_error_rate"":0.002}","{""detection_events"":9885,""detectors_checked"":1146880}"
    132096,         4,         0,    11.7,exact_mw,3208f56225bbcac0e2804eb6f92d0a8b681652a702ca1ec920ccd7367f0e0899,"{""distance"":5,""physical_error_rate"":0.002}","{""detection_events"":258285,""detectors_checked"":29589504,""obs_mistake_mask=E"":4}"
   1203200,         0,         0,    8.28,exact_mw,70a969f5042aec17ac076c6379f4170fb7c69b8e925756ef3b7334e28a33338b,"{""distance"":5,""physical_error_rate"":0.0001}","{""detection_events"":119300,""detectors_checked"":269516800}"
    180224,         0,         0,    1.11,exact_mw,cdc4a450a40af8e24899239080e4c40992fb5baf91c5a31ab3a165eacb3a1ab3,"{""distance"":5,""physical_error_rate"":0.0002}","{""detection_events"":35618,""detectors_checked"":40370176}"
      4608,        33,         0,    8.43,exact_mw,72230d8c06b5a71069df48ede6f7f3e6128cd83e8239dd1b2e5fe023578b6eb1,"{""distance"":5,""physical_error_rate"":0.01}","{""detection_events"":43553,""detectors_checked"":1032192,""obs_mistake_mask=E"":33}"
       512,         0,         0,   0.453,exact_mw,38b7ae1c4e8407fc325e0d9e43e9f92ff26dcb3f5cf7b98d24ea74c9e5188d39,"{""distance"":5,""physical_error_rate"":0.005}","{""detection_events"":2459,""detectors_checked"":114688}"
       256,         2,         0,   0.794,exact_mw,72230d8c06b5a71069df48ede6f7f3e6128cd83e8239dd1b2e5fe023578b6eb1,"{""distance"":5,""physical_error_rate"":0.01}","{""detection_events"":2506,""detectors_checked"":57344,""obs_mistake_mask=E"":2}"
    116736,         0,         0,    1.12,exact_mw,cb12ae119b9b2ba18d0216e7235b403229e92fd0743ede48fe7f1a2c6f45d594,"{""distance"":5,""physical_error_rate"":0.0005}","{""detection_events"":57981,""detectors_checked"":26148864}"
    499712,         3,         0,    11.6,exact_mw,bb90ec3459e353008cf9a5bb9142bf1e8515517a9e167021b225104594e48e8a,"{""distance"":5,""physical_error_rate"":0.001}","{""detection_events"":490374,""detectors_checked"":111935488,""obs_mistake_mask=E"":3}"
      6144,         0,         0,   0.583,exact_mw,3208f56225bbcac0e2804eb6f92d0a8b681652a702ca1ec920ccd7367f0e0899,"{""distance"":5,""physical_error_rate"":0.002}","{""detection_events"":12125,""detectors_checked"":1376256}"
    105472,         5,         0,    11.7,exact_mw,3208f56225bbcac0e2804eb6f92d0a8b681652a702ca1ec920ccd7367f0e0899,"{""distance"":5,""physical_error_rate"":0.002}","{""detection_events"":205417,""detectors_checked"":23625728,""obs_mistake_mask=E"":5}"
    105472,         6,         0,    11.9,exact_mw,3208f56225bbcac0e2804eb6f92d0a8b681652a702ca1ec920ccd7367f0e0899,"{""distance"":5,""physical_error_rate"":0.002}","{""detection_events"":206925,""detectors_checked"":23625728,""obs_mistake_mask=E"":6}"
       512,         0,         0,   0.524,exact_mw,38b7ae1c4e8407fc325e0d9e43e9f92ff26dcb3f5cf7b98d24ea74c9e5188d39,"{""distance"":5,""physical_error_rate"":0.005}","{""detection_events"":2378,""detectors_checked"":114688}"
     37888,         1,         0,    1.10,exact_mw,bb90ec3459e353008cf9a5bb9142bf1e8515517a9e167021b225104594e48e8a,"{""distance"":5,""physical_error_rate"":0.001}","{""detection_events"":36998,""detectors_checked"":8486912,""obs_mistake_mask=E"":1}"
     97280,         6,         0,    11.7,exact_mw,3208f56225bbcac0e2804eb6f92d0a8b681652a702ca1ec920ccd7367f0e0899,"{""distance"":5,""physical_error_rate"":0.002}","{""detection_events"":190606,""detectors_checked"":21790720,""obs_mistake_mask=E"":6}"
       256,         2,         0,   0.692,exact_mw,72230d8c06b5a71069df48ede6f7f3e6128cd83e8239dd1b2e5fe023578b6eb1,"{""distance"":5,""physical_error_rate"":0.01}","{""detection_events"":2353,""detectors_checked"":57344,""obs_mistake_mask=E"":2}"
      9216,         0,         0,   0.825,exact_mw,3208f56225bbcac0e2804eb6f92d0a8b681652a702ca1ec920ccd7367f0e0899,"{""distance"":5,""physical_error_rate"":0.002}","{""detection_events"":18040,""detectors_checked"":2064384}"
      1024,         2,         0,   0.568,exact_mw,38b7ae1c4e8407fc325e0d9e43e9f92ff26dcb3f5cf7b98d24ea74c9e5188d39,"{""distance"":5,""physical_error_rate"":0.005}","{""detection_events"":5017,""detectors_checked"":229376,""obs_mistake_mask=E"":2}"
    249856,         0,         0,    1.52,exact_mw,cdc4a450a40af8e24899239080e4c40992fb5baf91c5a31ab3a165eacb3a1ab3,"{""distance"":5,""physical_error_rate"":0.0002}","{""detection_events"":49163,""detectors_checked"":55967744}"
       256,         1,         0,   0.878,exact_mw,72230d8c06b5a71069df48ede6f7f3e6128cd83e8239dd1b2e5fe023578b6eb1,"{""distance"":5,""physical_error_rate"":0.01}","{""detection_events"":2409,""detectors_checked"":57344,""obs_mistake_mask=E"":1}"
    182272,         0,         0,    1.56,exact_mw,cb12ae119b9b2ba18d0216e7235b403229e92fd0743ede48fe7f1a2c6f45d594,"{""distance"":5,""physical_error_rate"":0.0005}","{""detection_events"":88806,""detectors_checked"":40828928}"
     12288,         0,         0,    1.12,exact_mw,3208f56225bbcac0e2804eb6f92d0a8b681652a702ca1ec920ccd7367f0e0899,"{""distance"":5,""physical_error_rate"":0.002}","{""detection_events"":23748,""detectors_checked"":2752512}"
     64512,         1,         0,    1.55,exact_mw,bb90ec3459e353008cf9a5bb9142bf1e8515517a9e167021b225104594e48e8a,"{""distance"":5,""physical_error_rate"":0.001}","{""detection_events"":62867,""detectors_checked"":14450688,""obs_mistake_mask=E"":1}"
       256,         0,         0,   0.693,exact_mw,72230d8c06b5a71069df48ede6f7f3e6128cd83e8239dd1b2e5fe023578b6eb1,"{""distance"":5,""physical_error_rate"":0.01}","{""detection_events"":2256,""detectors_checked"":57344}"
      2048,         0,         0,    1.46,exact_mw,38b7ae1c4e8407fc325e0d9e43e9f92ff26dcb3f5cf7b98d24ea74c9e5188d39,"{""distance"":5,""physical_error_rate"":0.005}","{""detection_events"":10002,""detectors_checked"":458752}"
       256,         5,         0,   0.780,exact_mw,72230d8c06b5a71069df48ede6f7f3e6128cd83e8239dd1b2e5fe023578b6eb1,"{""distance"":5,""physical_error_rate"":0.01}","{""detection_events"":2421,""detectors_checked"":57344,""obs_mistake_mask=E"":5}"
    342016,         0,         0,    2.17,exact_mw,cdc4a450a40af8e24899239080e4c40992fb5baf91c5a31ab3a165eacb3a1ab3,"{""distance"":5,""physical_error_rate"":0.0002}","{""detection_events"":68363,""detectors_checked"":76611584}"
     17408,        11,         0,    8.41,exact_mw,38b7ae1c4e8407fc325e0d9e43e9f92ff26dcb3f5cf7b98d24ea74c9e5188d39,"{""distance"":5,""physical_error_rate"":0.005}","{""detection_events"":84590,""detectors_checked"":3899392,""obs_mistake_mask=E"":11}"
     11264,         1,         0,    1.62,exact_mw,3208f56225bbcac0e2804eb6f92d0a8b681652a702ca1ec920ccd7367f0e0899,"{""distance"":5,""physical_error_rate"":0.002}","{""detection_events"":22783,""detectors_checked"":2523136,""obs_mistake_mask=E"":1}"
    166912,         0,         0,    2.19,exact_mw,cb12ae119b9b2ba18d0216e7235b403229e92fd0743ede48fe7f1a2c6f45d594,"{""distance"":5,""physical_error_rate"":0.0005}","{""detection_events"":82147,""detectors_checked"":37388288}"
      2048,         2,         0,    1.49,exact_mw,38b7ae1c4e8407fc325e0d9e43e9f92ff26dcb3f5cf7b98d24ea74c9e5188d39,"{""distance"":5,""physical_error_rate"":0.005}","{""detection_events"":9950,""detectors_checked"":458752,""obs_mistake_mask=E"":2}"
     12288,        13,         0,    11.7,exact_mw,38b7ae1c4e8407fc325e0d9e43e9f92ff26dcb3f5cf7b98d24ea74c9e5188d39,"{""distance"":5,""physical_error_rate"":0.005}","{""detection_events"":58778,""detectors_checked"":2752512,""obs_mistake_mask=E"":13}"
   3328000,         0,         0,    11.6,exact_mw,cdc4a450a40af8e24899239080e4c40992fb5baf91c5a31ab3a165eacb3a1ab3,"{""distance"":5,""physical_error_rate"":0.0002}","{""detection_events"":656067,""detectors_checked"":745472000}"
     93184,         0,         0,    2.17,exact_mw,bb90ec3459e353008cf9a5bb9142bf1e8515517a9e167021b225104594e48e8a,"{""distance"":5,""physical_error_rate"":0.001}","{""detection_events"":91884,""detectors_checked"":20873216}"
       512,         8,         0,    1.63,exact_mw,72230d8c06b5a71069df48ede6f7f3e6128cd83e8239dd1b2e5fe023578b6eb1,"{""distance"":5,""physical_error_rate"":0.01}","{""detection_events"":4672,""detectors_checked"":114688,""obs_mistake_mask=E"":8}"
   3328000,         0,         0,    11.6,exact_mw,cdc4a450a40af8e24899239080e4c40992fb5baf91c5a31ab3a165eacb3a1ab3,"{""distance"":5,""physical_error_rate"":0.0002}","{""detection_events"":655031,""detectors_checked"":745472000}"
     12800,        20,         0,    11.8,exact_mw,38b7ae1c4e8407fc325e0d9e43e9f92ff26dcb3f5cf7b98d24ea74c9e5188d39,"{""distance"":5,""physical_error_rate"":0.005}","{""detection_events"":61735,""detectors_checked"":2867200,""obs_mistake_mask=E"":20}"
   2404352,         2,         0,    11.6,exact_mw,cb12ae119b9b2ba18d0216e7235b403229e92fd0743ede48fe7f1a2c6f45d594,"{""distance"":5,""physical_error_rate"":0.0005}","{""detection_events"":1182008,""detectors_checked"":538574848,""obs_mistake_mask=E"":2}"
   1785856,         0,         0,    11.6,exact_mw,f32ebecd8e105e50ec838d33c5ed9b45444b6b44a3c6ac541111079f2b14e893,"{""distance"":5,""physical_error_rate"":5e-05}","{""detection_events"":87822,""detectors_checked"":400031744}"
   1551360,         0,         0,    11.6,exact_mw,70a969f5042aec17ac076c6379f4170fb7c69b8e925756ef3b7334e28a33338b,"{""distance"":5,""physical_error_rate"":0.0001}","{""detection_events"":153291,""detectors_checked"":347504640}"
   1360896,         0,         0,    11.6,exact_mw,70a969f5042aec17ac076c6379f4170fb7c69b8e925756ef3b7334e28a33338b,"{""distance"":5,""physical_error_rate"":0.0001}","{""detection_events"":135090,""detectors_checked"":304840704}"
   1936384,         0,         0,    11.6,exact_mw,f32ebecd8e105e50ec838d33c5ed9b45444b6b44a3c6ac541111079f2b14e893,"{""distance"":5,""physical_error_rate"":5e-05}","{""detection_events"":95655,""detectors_checked"":433750016}"
   2725888,         0,         0,    11.6,exact_mw,cb12ae119b9b2ba18d0216e7235b403229e92fd0743ede48fe7f1a2c6f45d594,"{""distance"":5,""physical_error_rate"":0.0005}","{""detection_events"":1344539,""detectors_checked"":610598912}"
      2048,         3,         0,    1.69,exact_mw,38b7ae1c4e8407fc325e0d9e43e9f92ff26dcb3f5cf7b98d24ea74c9e5188d39,"{""distance"":5,""physical_error_rate"":0.005}","{""detection_events"":9969,""detectors_checked"":458752,""obs_mistake_mask=E"":3}"
       768,        10,         0,    1.20,exact_mw,72230d8c06b5a71069df48ede6f7f3e6128cd83e8239dd1b2e5fe023578b6eb1,"{""distance"":5,""physical_error_rate"":0.01}","{""detection_events"":6989,""detectors_checked"":172032,""obs_mistake_mask=E"":10}"
     10240,        11,         0,    12.0,exact_mw,38b7ae1c4e8407fc325e0d9e43e9f92ff26dcb3f5cf7b98d24ea74c9e5188d39,"{""distance"":5,""physical_error_rate"":0.005}","{""detection_events"":49564,""detectors_checked"":2293760,""obs_mistake_mask=E"":11}"
     21504,         2,         0,    2.31,exact_mw,3208f56225bbcac0e2804eb6f92d0a8b681652a702ca1ec920ccd7367f0e0899,"{""distance"":5,""physical_error_rate"":0.002}","{""detection_events"":42242,""detectors_checked"":4816896,""obs_mistake_mask=E"":2}"
    486400,         0,         0,    3.04,exact_mw,cdc4a450a40af8e24899239080e4c40992fb5baf91c5a31ab3a165eacb3a1ab3,"{""distance"":5,""physical_error_rate"":0.0002}","{""detection_events"":96175,""detectors_checked"":108953600}"
    223232,         0,         0,    3.00,exact_mw,cb12ae119b9b2ba18d0216e7235b403229e92fd0743ede48fe7f1a2c6f45d594,"{""distance"":5,""physical_error_rate"":0.0005}","{""detection_events"":109822,""detectors_checked"":50003968}"
      4608,        41,         0,    11.9,exact_mw,72230d8c06b5a71069df48ede6f7f3e6128cd83e8239dd1b2e5fe023578b6eb1,"{""distance"":5,""physical_error_rate"":0.01}","{""detection_events"":42997,""detectors_checked"":1032192,""obs_mistake_mask=E"":41}"
    152576,         0,         0,    3.05,exact_mw,bb90ec3459e353008cf9a5bb9142bf1e8515517a9e167021b225104594e48e8a,"{""distance"":5,""physical_error_rate"":0.001}","{""detection_events"":150969,""detectors_checked"":34177024}"
     97280,         3,         0,    11.7,exact_mw,3208f56225bbcac0e2804eb6f92d0a8b681652a702ca1ec920ccd7367f0e0899,"{""distance"":5,""physical_error_rate"":0.002}","{""detection_events"":190158,""detectors_checked"":21790720,""obs_mistake_mask=E"":3}"
       768,         6,         0,    1.60,exact_mw,72230d8c06b5a71069df48ede6f7f3e6128cd83e8239dd1b2e5fe023578b6eb1,"{""distance"":5,""physical_error_rate"":0.01}","{""detection_events"":7162,""detectors_checked"":172032,""obs_mistake_mask=E"":6}"
     15360,        15,         0,    11.9,exact_mw,38b7ae1c4e8407fc325e0d9e43e9f92ff26dcb3f5cf7b98d24ea74c9e5188d39,"{""distance"":5,""physical_error_rate"":0.005}","{""detection_events"":73224,""detectors_checked"":3440640,""obs_mistake_mask=E"":15}"
      3072,         5,         0,    2.36,exact_mw,38b7ae1c4e8407fc325e0d9e43e9f92ff26dcb3f5cf7b98d24ea74c9e5188d39,"{""distance"":5,""physical_error_rate"":0.005}","{""detection_events"":14431,""detectors_checked"":688128,""obs_mistake_mask=E"":5}"
    462848,         3,         0,    11.7,exact_mw,bb90ec3459e353008cf9a5bb9142bf1e8515517a9e167021b225104594e48e8a,"{""distance"":5,""physical_error_rate"":0.001}","{""detection_events"":453804,""detectors_checked"":103677952,""obs_mistake_mask=E"":3}"
      3584,        26,         0,    11.9,exact_mw,72230d8c06b5a71069df48ede6f7f3e6128cd83e8239dd1b2e5fe023578b6eb1,"{""distance"":5,""physical_error_rate"":0.01}","{""detection_events"":34004,""detectors_checked"":802816,""obs_mistake_mask=E"":26}"
      4096,        29,         0,    12.2,exact_mw,72230d8c06b5a71069df48ede6f7f3e6128cd83e8239dd1b2e5fe023578b6eb1,"{""distance"":5,""physical_error_rate"":0.01}","{""detection_events"":38171,""detectors_checked"":917504,""obs_mistake_mask=E"":29}"
     30720,         1,         0,    3.15,exact_mw,3208f56225bbcac0e2804eb6f92d0a8b681652a702ca1ec920ccd7367f0e0899,"{""distance"":5,""physical_error_rate"":0.002}","{""detection_events"":59621,""detectors_checked"":6881280,""obs_mistake_mask=E"":1}"
      1280,         5,         0,    2.42,exact_mw,72230d8c06b5a71069df48ede6f7f3e6128cd83e8239dd1b2e5fe023578b6eb1,"{""distance"":5,""physical_error_rate"":0.01}","{""detection_events"":12124,""detectors_checked"":286720,""obs_mistake_mask=E"":5}"
    688128,         0,         0,    4.24,exact_mw,cdc4a450a40af8e24899239080e4c40992fb5baf91c5a31ab3a165eacb3a1ab3,"{""distance"":5,""physical_error_rate"":0.0002}","{""detection_events"":135767,""detectors_checked"":154140672}"
      3584,        29,         0,    11.8,exact_mw,72230d8c06b5a71069df48ede6f7f3e6128cd83e8239dd1b2e5fe023578b6eb1,"{""distance"":5,""physical_error_rate"":0.01}","{""detection_events"":33253,""detectors_checked"":802816,""obs_mistake_mask=E"":29}"
   2058240,         0,         0,    11.6,exact_mw,f32ebecd8e105e50ec838d33c5ed9b45444b6b44a3c6ac541111079f2b14e893,"{""distance"":5,""physical_error_rate"":5e-05}","{""detection_events"":101774,""detectors_checked"":461045760}"
    527360,         0,         0,    4.24,exact_mw,cb12ae119b9b2ba18d0216e7235b403229e92fd0743ede48fe7f1a2c6f45d594,"{""distance"":5,""physical_error_rate"":0.0005}","{""detection_events"":260500,""detectors_checked"":118128640}"
   2109440,         0,         0,    11.5,exact_mw,70a969f5042aec17ac076c6379f4170fb7c69b8e925756ef3b7334e28a33338b,"{""distance"":5,""physical_error_rate"":0.0001}","{""detection_events"":208749,""detectors_checked"":472514560}"
    209920,         0,         0,    4.25,exact_mw,bb90ec3459e353008cf9a5bb9142bf1e8515517a9e167021b225104594e48e8a,"{""distance"":5,""physical_error_rate"":0.001}","{""detection_events"":207059,""detectors_checked"":47022080}"
      4096,         4,         0,    3.59,exact_mw,38b7ae1c4e8407fc325e0d9e43e9f92ff26dcb3f5cf7b98d24ea74c9e5188d39,"{""distance"":5,""physical_error_rate"":0.005}","{""detection_events"":19490,""detectors_checked"":917504,""obs_mistake_mask=E"":4}"
      7168,        43,         0,    11.9,exact_mw,72230d8c06b5a71069df48ede6f7f3e6128cd83e8239dd1b2e5fe023578b6eb1,"{""distance"":5,""physical_error_rate"":0.01}","{""detection_events"":67283,""detectors_checked"":1605632,""obs_mistake_mask=E"":43}"
      1280,         9,         0,    3.32,exact_mw,72230d8c06b5a71069df48ede6f7f3e6128cd83e8239dd1b2e5fe023578b6eb1,"{""distance"":5,""physical_error_rate"":0.01}","{""detection_events"":11735,""detectors_checked"":286720,""obs_mistake_mask=E"":9}"
     41984,         3,         0,    4.37,exact_mw,3208f56225bbcac0e2804eb6f92d0a8b681652a702ca1ec920ccd7367f0e0899,"{""distance"":5,""physical_error_rate"":0.002}","{""detection_events"":81796,""detectors_checked"":9404416,""obs_mistake_mask=E"":3}"
   2653184,         0,         0,    16.2,exact_mw,70a969f5042aec17ac076c6379f4170fb7c69b8e925756ef3b7334e28a33338b,"{""distance"":5,""physical_error_rate"":0.0001}","{""detection_events"":261686,""detectors_checked"":594313216}"
   2667520,         0,         0,    16.3,exact_mw,f32ebecd8e105e50ec838d33c5ed9b45444b6b44a3c6ac541111079f2b14e893,"{""distance"":5,""physical_error_rate"":5e-05}","{""detection_events"":131749,""detectors_checked"":597524480}"
    791552,         2,         0,    16.4,exact_mw,bb90ec3459e353008cf9a5bb9142bf1e8515517a9e167021b225104594e48e8a,"{""distance"":5,""physical_error_rate"":0.001}","{""detection_events"":774039,""detectors_checked"":177307648,""obs_mistake_mask=E"":2}"
   2638848,         0,         0,    16.2,exact_mw,cdc4a450a40af8e24899239080e4c40992fb5baf91c5a31ab3a165eacb3a1ab3,"{""distance"":5,""physical_error_rate"":0.0002}","{""detection_events"":520275,""detectors_checked"":591101952}"
   2813952,         0,         0,    16.3,exact_mw,f32ebecd8e105e50ec838d33c5ed9b45444b6b44a3c6ac541111079f2b14e893,"{""distance"":5,""physical_error_rate"":5e-05}","{""detection_events"":138125,""detectors_checked"":630325248}"
    829440,         6,         0,    16.3,exact_mw,bb90ec3459e353008cf9a5bb9142bf1e8515517a9e167021b225104594e48e8a,"{""distance"":5,""physical_error_rate"":0.001}","{""detection_events"":812355,""detectors_checked"":185794560,""obs_mistake_mask=E"":6}"
   2508800,         0,         0,    16.2,exact_mw,cdc4a450a40af8e24899239080e4c40992fb5baf91c5a31ab3a165eacb3a1ab3,"{""distance"":5,""physical_error_rate"":0.0002}","{""detection_events"":493179,""detectors_checked"":561971200}"
     25600,        19,         0,    11.8,exact_mw,38b7ae1c4e8407fc325e0d9e43e9f92ff26dcb3f5cf7b98d24ea74c9e5188d39,"{""distance"":5,""physical_error_rate"":0.005}","{""detection_events"":122034,""detectors_checked"":5734400,""obs_mistake_mask=E"":19}"
   2813952,         0,         0,    16.3,exact_mw,70a969f5042aec17ac076c6379f4170fb7c69b8e925756ef3b7334e28a33338b,"{""distance"":5,""physical_error_rate"":0.0001}","{""detection_events"":277593,""detectors_checked"":630325248}"
   2333696,         0,         0,    16.3,exact_mw,cdc4a450a40af8e24899239080e4c40992fb5baf91c5a31ab3a165eacb3a1ab3,"{""distance"":5,""physical_error_rate"":0.0002}","{""detection_events"":460823,""detectors_checked"":522747904}"
   1942528,         0,         0,    16.3,exact_mw,cb12ae119b9b2ba18d0216e7235b403229e92fd0743ede48fe7f1a2c6f45d594,"{""distance"":5,""physical_error_rate"":0.0005}","{""detection_events"":954135,""detectors_checked"":435126272}"
   1394688,         0,         0,    16.3,exact_mw,cb12ae119b9b2ba18d0216e7235b403229e92fd0743ede48fe7f1a2c6f45d594,"{""distance"":5,""physical_error_rate"":0.0005}","{""detection_events"":688028,""detectors_checked"":312410112}"
   2695168,         0,         0,    16.3,exact_mw,70a969f5042aec17ac076c6379f4170fb7c69b8e925756ef3b7334e28a33338b,"{""distance"":5,""physical_error_rate"":0.0001}","{""detection_events"":266590,""detectors_checked"":603717632}"
   1785856,         0,         0,    16.3,exact_mw,cb12ae119b9b2ba18d0216e7235b403229e92fd0743ede48fe7f1a2c6f45d594,"{""distance"":5,""physical_error_rate"":0.0005}","{""detection_events"":876686,""detectors_checked"":400031744}"
   2585600,         0,         0,    16.2,exact_mw,f32ebecd8e105e50ec838d33c5ed9b45444b6b44a3c6ac541111079f2b14e893,"{""distance"":5,""physical_error_rate"":5e-05}","{""detection_events"":128226,""detectors_checked"":579174400}"
    673792,         3,         0,    16.3,exact_mw,bb90ec3459e353008cf9a5bb9142bf1e8515517a9e167021b225104594e48e8a,"{""distance"":5,""physical_error_rate"":0.001}","{""detection_events"":659629,""detectors_checked"":150929408,""obs_mistake_mask=E"":3}"
    167936,         6,         0,    16.4,exact_mw,3208f56225bbcac0e2804eb6f92d0a8b681652a702ca1ec920ccd7367f0e0899,"{""distance"":5,""physical_error_rate"":0.002}","{""detection_events"":327321,""detectors_checked"":37617664,""obs_mistake_mask=E"":6}"
      5120,         6,         0,    4.48,exact_mw,38b7ae1c4e8407fc325e0d9e43e9f92ff26dcb3f5cf7b98d24ea74c9e5188d39,"{""distance"":5,""physical_error_rate"":0.005}","{""detection_events"":24498,""detectors_checked"":1146880,""obs_mistake_mask=E"":6}"
    711680,         6,         0,    16.4,exact_mw,bb90ec3459e353008cf9a5bb9142bf1e8515517a9e167021b225104594e48e8a,"{""distance"":5,""physical_error_rate"":0.001}","{""detection_events"":698740,""detectors_checked"":159416320,""obs_mistake_mask=E"":6}"
    948224,         0,         0,    5.95,exact_mw,cdc4a450a40af8e24899239080e4c40992fb5baf91c5a31ab3a165eacb3a1ab3,"{""distance"":5,""physical_error_rate"":0.0002}","{""detection_events"":186298,""detectors_checked"":212402176}"
    155648,        13,         0,    16.4,exact_mw,3208f56225bbcac0e2804eb6f92d0a8b681652a702ca1ec920ccd7367f0e0899,"{""distance"":5,""physical_error_rate"":0.002}","{""detection_events"":302834,""detectors_checked"":34865152,""obs_mistake_mask=E"":13}"
    146432,         6,         0,    16.4,exact_mw,3208f56225bbcac0e2804eb6f92d0a8b681652a702ca1ec920ccd7367f0e0899,"{""distance"":5,""physical_error_rate"":0.002}","{""detection_events"":285518,""detectors_checked"":32800768,""obs_mistake_mask=E"":6}"
    128000,         3,         0,    16.4,exact_mw,3208f56225bbcac0e2804eb6f92d0a8b681652a702ca1ec920ccd7367f0e0899,"{""distance"":5,""physical_error_rate"":0.002}","{""detection_events"":249872,""detectors_checked"":28672000,""obs_mistake_mask=E"":3}"
    704512,         0,         0,    5.90,exact_mw,cb12ae119b9b2ba18d0216e7235b403229e92fd0743ede48fe7f1a2c6f45d594,"{""distance"":5,""physical_error_rate"":0.0005}","{""detection_events"":345751,""detectors_checked"":157810688}"
    289792,         1,         0,    5.95,exact_mw,bb90ec3459e353008cf9a5bb9142bf1e8515517a9e167021b225104594e48e8a,"{""distance"":5,""physical_error_rate"":0.001}","{""detection_events"":285126,""detectors_checked"":64913408,""obs_mistake_mask=E"":1}"
      2048,        17,         0,    4.47,exact_mw,72230d8c06b5a71069df48ede6f7f3e6128cd83e8239dd1b2e5fe023578b6eb1,"{""distance"":5,""physical_error_rate"":0.01}","{""detection_events"":19132,""detectors_checked"":458752,""obs_mistake_mask=E"":17}"
     59392,         4,         0,    6.04,exact_mw,3208f56225bbcac0e2804eb6f92d0a8b681652a702ca1ec920ccd7367f0e0899,"{""distance"":5,""physical_error_rate"":0.002}","{""detection_events"":115064,""detectors_checked"":13303808,""obs_mistake_mask=E"":4}"
   3602432,         0,         0,    16.3,exact_mw,cdc4a450a40af8e24899239080e4c40992fb5baf91c5a31ab3a165eacb3a1ab3,"{""distance"":5,""physical_error_rate"":0.0002}","{""detection_events"":711922,""detectors_checked"":806944768}"
     17408,        18,         0,    16.6,exact_mw,38b7ae1c4e8407fc325e0d9e43e9f92ff26dcb3f5cf7b98d24ea74c9e5188d39,"{""distance"":5,""physical_error_rate"":0.005}","{""detection_events"":82325,""detectors_checked"":3899392,""obs_mistake_mask=E"":18}"
   3544064,         0,         0,    16.3,exact_mw,cdc4a450a40af8e24899239080e4c40992fb5baf91c5a31ab3a165eacb3a1ab3,"{""distance"":5,""physical_error_rate"":0.0002}","{""detection_events"":697988,""detectors_checked"":793870336}"
   3182592,         0,         0,    16.3,exact_mw,cb12ae119b9b2ba18d0216e7235b403229e92fd0743ede48fe7f1a2c6f45d594,"{""distance"":5,""physical_error_rate"":0.0005}","{""detection_events"":1566749,""detectors_checked"":712900608}"
     16896,        17,         0,    16.8,exact_mw,38b7ae1c4e8407fc325e0d9e43e9f92ff26dcb3f5cf7b98d24ea74c9e5188d39,"{""distance"":5,""physical_error_rate"":0.005}","{""detection_events"":81296,""detectors_checked"":3784704,""obs_mistake_mask=E"":17}"
   2585600,         0,         0,    16.3,exact_mw,f32ebecd8e105e50ec838d33c5ed9b45444b6b44a3c6ac541111079f2b14e893,"{""distance"":5,""physical_error_rate"":5e-05}","{""detection_events"":126460,""detectors_checked"":579174400}"
   2166784,         0,         0,    16.3,exact_mw,70a969f5042aec17ac076c6379f4170fb7c69b8e925756ef3b7334e28a33338b,"{""distance"":5,""physical_error_rate"":0.0001}","{""detection_events"":213356,""detectors_checked"":485359616}"
   2562048,         0,         0,    16.2,exact_mw,70a969f5042aec17ac076c6379f4170fb7c69b8e925756ef3b7334e28a33338b,"{""distance"":5,""physical_error_rate"":0.0001}","{""detection_events"":253545,""detectors_checked"":573898752}"
   2752512,         0,         0,    16.3,exact_mw,f32ebecd8e105e50ec838d33c5ed9b45444b6b44a3c6ac541111079f2b14e893,"{""distance"":5,""physical_error_rate"":5e-05}","{""detection_events"":134575,""detectors_checked"":616562688}"
   3124224,         3,         0,    16.3,exact_mw,cb12ae119b9b2ba18d0216e7235b403229e92fd0743ede48fe7f1a2c6f45d594,"{""distance"":5,""physical_error_rate"":0.0005}","{""detection_events"":1537108,""detectors_checked"":699826176,""obs_mistake_mask=E"":3}"
     15360,        18,         0,    16.6,exact_mw,38b7ae1c4e8407fc325e0d9e43e9f92ff26dcb3f5cf7b98d24ea74c9e5188d39,"{""distance"":5,""physical_error_rate"":0.005}","{""detection_events"":73480,""detectors_checked"":3440640,""obs_mistake_mask=E"":18}"
      7168,        15,         0,    6.51,exact_mw,38b7ae1c4e8407fc325e0d9e43e9f92ff26dcb3f5cf7b98d24ea74c9e5188d39,"{""distance"":5,""physical_error_rate"":0.005}","{""detection_events"":34484,""detectors_checked"":1605632,""obs_mistake_mask=E"":15}"
    155648,        10,         0,    16.5,exact_mw,3208f56225bbcac0e2804eb6f92d0a8b681652a702ca1ec920ccd7367f0e0899,"{""distance"":5,""physical_error_rate"":0.002}","{""detection_events"":304870,""detectors_checked"":34865152,""obs_mistake_mask=E"":10}"
      3328,        24,         0,    6.24,exact_mw,72230d8c06b5a71069df48ede6f7f3e6128cd83e8239dd1b2e5fe023578b6eb1,"{""distance"":5,""physical_error_rate"":0.01}","{""detection_events"":30806,""detectors_checked"":745472,""obs_mistake_mask=E"":24}"
      5888,        40,         0,    17.1,exact_mw,72230d8c06b5a71069df48ede6f7f3e6128cd83e8239dd1b2e5fe023578b6eb1,"{""distance"":5,""physical_error_rate"":0.01}","{""detection_events"":55015,""detectors_checked"":1318912,""obs_mistake_mask=E"":40}"
     19456,        24,         0,    17.0,exact_mw,38b7ae1c4e8407fc325e0d9e43e9f92ff26dcb3f5cf7b98d24ea74c9e5188d39,"{""distance"":5,""physical_error_rate"":0.005}","{""detection_events"":93095,""detectors_checked"":4358144,""obs_mistake_mask=E"":24}"
    709632,         3,         0,    16.3,exact_mw,bb90ec3459e353008cf9a5bb9142bf1e8515517a9e167021b225104594e48e8a,"{""distance"":5,""physical_error_rate"":0.001}","{""detection_events"":696405,""detectors_checked"":158957568,""obs_mistake_mask=E"":3}"
      5376,        32,         0,    16.5,exact_mw,72230d8c06b5a71069df48ede6f7f3e6128cd83e8239dd1b2e5fe023578b6eb1,"{""distance"":5,""physical_error_rate"":0.01}","{""detection_events"":50535,""detectors_checked"":1204224,""obs_mistake_mask=E"":32}"
   1341440,         0,         0,    8.30,exact_mw,cdc4a450a40af8e24899239080e4c40992fb5baf91c5a31ab3a165eacb3a1ab3,"{""distance"":5,""physical_error_rate"":0.0002}","{""detection_events"":264621,""detectors_checked"":300482560}"
   1051648,         0,         0,    8.27,exact_mw,cb12ae119b9b2ba18d0216e7235b403229e92fd0743ede48fe7f1a2c6f45d594,"{""distance"":5,""physical_error_rate"":0.0005}","{""detection_events"":517733,""detectors_checked"":235569152}"
      8704,        68,         0,    17.1,exact_mw,72230d8c06b5a71069df48ede6f7f3e6128cd83e8239dd1b2e5fe023578b6eb1,"{""distance"":5,""physical_error_rate"":0.01}","{""detection_events"":80627,""detectors_checked"":1949696,""obs_mistake_mask=E"":68}"
    403456,         3,         0,    8.33,exact_mw,bb90ec3459e353008cf9a5bb9142bf1e8515517a9e167021b225104594e48e8a,"{""distance"":5,""physical_error_rate"":0.001}","{""detection_events"":397014,""detectors_checked"":90374144,""obs_mistake_mask=E"":3}"
   3536896,         0,         0,    16.2,exact_mw,f32ebecd8e105e50ec838d33c5ed9b45444b6b44a3c6ac541111079f2b14e893,"{""distance"":5,""physical_error_rate"":5e-05}","{""detection_events"":175394,""detectors_checked"":792264704}"
      5632,        40,         0,    16.9,exact_mw,72230d8c06b5a71069df48ede6f7f3e6128cd83e8239dd1b2e5fe023578b6eb1,"{""distance"":5,""physical_error_rate"":0.01}","{""detection_events"":52039,""detectors_checked"":1261568,""obs_mistake_mask=E"":40}"
   3319808,         0,         0,    16.3,exact_mw,70a969f5042aec17ac076c6379f4170fb7c69b8e925756ef3b7334e28a33338b,"{""distance"":5,""physical_error_rate"":0.0001}","{""detection_events"":328688,""detectors_checked"":743636992}"
     78848,         4,         0,    8.46,exact_mw,3208f56225bbcac0e2804eb6f92d0a8b681652a702ca1ec920ccd7367f0e0899,"{""distance"":5,""physical_error_rate"":0.002}","{""detection_events"":154691,""detectors_checked"":17661952,""obs_mistake_mask=E"":4}"
      7424,        53,         0,    16.9,exact_mw,72230d8c06b5a71069df48ede6f7f3e6128cd83e8239dd1b2e5fe023578b6eb1,"{""distance"":5,""physical_error_rate"":0.01}","{""detection_events"":70136,""detectors_checked"":1662976,""obs_mistake_mask=E"":53}"
      1280,         6,         0,    3.90,exact_mw,72230d8c06b5a71069df48ede6f7f3e6128cd83e8239dd1b2e5fe023578b6eb1,"{""distance"":5,""physical_error_rate"":0.01}","{""detection_events"":12289,""detectors_checked"":286720,""obs_mistake_mask=E"":6}"
      1792,        14,         0,    3.22,exact_mw,72230d8c06b5a71069df48ede6f7f3e6128cd83e8239dd1b2e5fe023578b6eb1,"{""distance"":5,""physical_error_rate"":0.01}","{""detection_events"":16779,""detectors_checked"":401408,""obs_mistake_mask=E"":14}"
      2304,        14,         0,    4.89,exact_mw,72230d8c06b5a71069df48ede6f7f3e6128cd83e8239dd1b2e5fe023578b6eb1,"{""distance"":5,""physical_error_rate"":0.01}","{""detection_events"":21526,""detectors_checked"":516096,""obs_mistake_mask=E"":14}"
      2560,        23,         0,    5.34,exact_mw,72230d8c06b5a71069df48ede6f7f3e6128cd83e8239dd1b2e5fe023578b6eb1,"{""distance"":5,""physical_error_rate"":0.01}","{""detection_events"":23862,""detectors_checked"":573440,""obs_mistake_mask=E"":23}"
       512,         3,         0,    1.47,exact_mw,72230d8c06b5a71069df48ede6f7f3e6128cd83e8239dd1b2e5fe023578b6eb1,"{""distance"":5,""physical_error_rate"":0.01}","{""detection_events"":4754,""detectors_checked"":114688,""obs_mistake_mask=E"":3}"
      3345,         0,         0,   0.012,exact_mw,cdc4a450a40af8e24899239080e4c40992fb5baf91c5a31ab3a165eacb3a1ab3,"{""distance"":5,""physical_error_rate"":0.0002}","{""detection_events"":697,""detectors_checked"":749280}"
      4096,         0,         0,   0.026,exact_mw,cdc4a450a40af8e24899239080e4c40992fb5baf91c5a31ab3a165eacb3a1ab3,"{""distance"":5,""physical_error_rate"":0.0002}","{""detection_events"":857,""detectors_checked"":917504}"
      6144,         0,         0,   0.020,exact_mw,cdc4a450a40af8e24899239080e4c40992fb5baf91c5a31ab3a165eacb3a1ab3,"{""distance"":5,""physical_error_rate"":0.0002}","{""detection_events"":1285,""detectors_checked"":1376256}"
      9216,         0,         0,   0.029,exact_mw,cdc4a450a40af8e24899239080e4c40992fb5baf91c5a31ab3a165eacb3a1ab3,"{""distance"":5,""physical_error_rate"":0.0002}","{""detection_events"":1696,""detectors_checked"":2064384}"
     12288,         0,         0,   0.038,exact_mw,cdc4a450a40af8e24899239080e4c40992fb5baf91c5a31ab3a165eacb3a1ab3,"{""distance"":5,""physical_error_rate"":0.0002}","{""detection_events"":2423,""detectors_checked"":2752512}"
     17408,         0,         0,   0.054,exact_mw,cdc4a450a40af8e24899239080e4c40992fb5baf91c5a31ab3a165eacb3a1ab3,"{""distance"":5,""physical_error_rate"":0.0002}","{""detection_events"":3285,""detectors_checked"":3899392}"
     23552,         0,         0,   0.076,exact_mw,cdc4a450a40af8e24899239080e4c40992fb5baf91c5a31ab3a165eacb3a1ab3,"{""distance"":5,""physical_error_rate"":0.0002}","{""detection_events"":4605,""detectors_checked"":5275648}"
       273,         0,         0,   0.031,exact_mw,3208f56225bbcac0e2804eb6f92d0a8b681652a702ca1ec920ccd7367f0e0899,"{""distance"":5,""physical_error_rate"":0.002}","{""detection_events"":611,""detectors_checked"":61152}"
     22528,         0,         0,   0.111,exact_mw,cdc4a450a40af8e24899239080e4c40992fb5baf91c5a31ab3a165eacb3a1ab3,"{""distance"":5,""physical_error_rate"":0.0002}","{""detection_events"":4378,""detectors_checked"":5046272}"
         1,         0,         0,   0.000,exact_mw,bb90ec3459e353008cf9a5bb9142bf1e8515517a9e167021b225104594e48e8a,"{""distance"":5,""physical_error_rate"":0.001}","{""detectors_checked"":224}"
      1296,         0,         0,   0.029,exact_mw,bb90ec3459e353008cf9a5bb9142bf1e8515517a9e167021b225104594e48e8a,"{""distance"":5,""physical_error_rate"":0.001}","{""detection_events"":1378,""detectors_checked"":290304}"
      2048,         0,         0,   0.027,exact_mw,bb90ec3459e353008cf9a5bb9142bf1e8515517a9e167021b225104594e48e8a,"{""distance"":5,""physical_error_rate"":0.001}","{""detection_events"":2090,""detectors_checked"":458752}"
      1297,         0,         0,   0.027,exact_mw,cb12ae119b9b2ba18d0216e7235b403229e92fd0743ede48fe7f1a2c6f45d594,"{""distance"":5,""physical_error_rate"":0.0005}","{""detection_events"":712,""detectors_checked"":290528}"
      1024,         0,         0,   0.107,exact_mw,3208f56225bbcac0e2804eb6f92d0a8b681652a702ca1ec920ccd7367f0e0899,"{""distance"":5,""physical_error_rate"":0.002}","{""detection_events"":1962,""detectors_checked"":229376}"
      3072,         0,         0,   0.012,exact_mw,cb12ae119b9b2ba18d0216e7235b403229e92fd0743ede48fe7f1a2c6f45d594,"{""distance"":5,""physical_error_rate"":0.0005}","{""detection_events"":1541,""detectors_checked"":688128}"
      2048,         0,         0,   0.034,exact_mw,bb90ec3459e353008cf9a5bb9142bf1e8515517a9e167021b225104594e48e8a,"{""distance"":5,""physical_error_rate"":0.001}","{""detection_events"":2049,""detectors_checked"":458752}"
      2048,         0,         0,   0.008,exact_mw,cb12ae119b9b2ba18d0216e7235b403229e92fd0743ede48fe7f1a2c6f45d594,"{""distance"":5,""physical_error_rate"":0.0005}","{""detection_events"":1061,""detectors_checked"":458752}"
     44032,         0,         0,   0.148,exact_mw,cdc4a450a40af8e24899239080e4c40992fb5baf91c5a31ab3a165eacb3a1ab3,"{""distance"":5,""physical_error_rate"":0.0002}","{""detection_events"":8599,""detectors_checked"":9863168}"
     11264,         9,         0,    8.72,exact_mw,38b7ae1c4e8407fc325e0d9e43e9f92ff26dcb3f5cf7b98d24ea74c9e5188d39,"{""distance"":5,""physical_error_rate"":0.005}","{""detection_events"":53877,""detectors_checked"":2523136,""obs_mistake_mask=E"":9}"
      3345,         0,         0,   0.011,exact_mw,70a969f5042aec17ac076c6379f4170fb7c69b8e925756ef3b7334e28a33338b,"{""distance"":5,""physical_error_rate"":0.0001}","{""detection_events"":269,""detectors_checked"":749280}"
      4096,         0,         0,   0.033,exact_mw,cb12ae119b9b2ba18d0216e7235b403229e92fd0743ede48fe7f1a2c6f45d594,"{""distance"":5,""physical_error_rate"":0.0005}","{""detection_events"":2004,""detectors_checked"":917504}"
      3072,         0,         0,   0.056,exact_mw,bb90ec3459e353008cf9a5bb9142bf1e8515517a9e167021b225104594e48e8a,"{""distance"":5,""physical_error_rate"":0.001}","{""detection_events"":2946,""detectors_checked"":688128}"
      1024,         0,         0,   0.016,exact_mw,70a969f5042aec17ac076c6379f4170fb7c69b8e925756ef3b7334e28a33338b,"{""distance"":5,""physical_error_rate"":0.0001}","{""detection_events"":109,""detectors_checked"":229376}"
      3345,         0,         0,   0.024,exact_mw,f32ebecd8e105e50ec838d33c5ed9b45444b6b44a3c6ac541111079f2b14e893,"{""distance"":5,""physical_error_rate"":5e-05}","{""detection_events"":216,""detectors_checked"":749280}"
      4096,         0,         0,   0.025,exact_mw,70a969f5042aec17ac076c6379f4170fb7c69b8e925756ef3b7334e28a33338b,"{""distance"":5,""physical_error_rate"":0.0001}","{""detection_events"":372,""detectors_checked"":917504}"
      1024,         0,         0,   0.111,exact_mw,3208f56225bbcac0e2804eb6f92d0a8b681652a702ca1ec920ccd7367f0e0899,"{""distance"":5,""physical_error_rate"":0.002}","{""detection_events"":1918,""detectors_checked"":229376}"
      6144,         0,         0,   0.050,exact_mw,cb12ae119b9b2ba18d0216e7235b403229e92fd0743ede48fe7f1a2c6f45d594,"{""distance"":5,""physical_error_rate"":0.0005}","{""detection_events"":3129,""detectors_checked"":1376256}"
      4096,         0,         0,   0.032,exact_mw,f32ebecd8e105e50ec838d33c5ed9b45444b6b44a3c6ac541111079f2b14e893,"{""distance"":5,""physical_error_rate"":5e-05}","{""detection_events"":191,""detectors_checked"":917504}"
      5120,         0,         0,   0.028,exact_mw,70a969f5042aec17ac076c6379f4170fb7c69b8e925756ef3b7334e28a33338b,"{""distance"":5,""physical_error_rate"":0.0001}","{""detection_events"":444,""detectors_checked"":1146880}"
      3072,         0,         0,   0.085,exact_mw,bb90ec3459e353008cf9a5bb9142bf1e8515517a9e167021b225104594e48e8a,"{""distance"":5,""physical_error_rate"":0.001}","{""detection_events"":3047,""detectors_checked"":688128}"
      3072,         0,         0,   0.035,exact_mw,f32ebecd8e105e50ec838d33c5ed9b45444b6b44a3c6ac541111079f2b14e893,"{""distance"":5,""physical_error_rate"":5e-05}","{""detection_events"":149,""detectors_checked"":688128}"
      7168,         0,         0,   0.056,exact_mw,cb12ae119b9b2ba18d0216e7235b403229e92fd0743ede48fe7f1a2c6f45d594,"{""distance"":5,""physical_error_rate"":0.0005}","{""detection_events"":3648,""detectors_checked"":1605632}"
      8192,         0,         0,   0.052,exact_mw,70a969f5042aec17ac076c6379f4170fb7c69b8e925756ef3b7334e28a33338b,"{""distance"":5,""physical_error_rate"":0.0001}","{""detection_events"":842,""detectors_checked"":1835008}"
      3072,         0,         0,   0.027,exact_mw,f32ebecd8e105e50ec838d33c5ed9b45444b6b44a3c6ac541111079f2b14e893,"{""distance"":5,""physical_error_rate"":5e-05}","{""detection_events"":163,""detectors_checked"":688128}"
      1024,         0,         0,   0.100,exact_mw,3208f56225bbcac0e2804eb6f92d0a8b681652a702ca1ec920ccd7367f0e0899,"{""distance"":5,""physical_error_rate"":0.002}","{""detection_events"":1825,""detectors_checked"":229376}"
      9216,         0,         0,   0.054,exact_mw,70a969f5042aec17ac076c6379f4170fb7c69b8e925756ef3b7334e28a33338b,"{""distance"":5,""physical_error_rate"":0.0001}","{""detection_events"":977,""detectors_checked"":2064384}"
      4096,         0,         0,   0.079,exact_mw,bb90ec3459e353008cf9a5bb9142bf1e8515517a9e167021b225104594e48e8a,"{""distance"":5,""physical_error_rate"":0.001}","{""detection_events"":3889,""detectors_checked"":917504}"
      6144,         0,         0,   0.055,exact_mw,f32ebecd8e105e50ec838d33c5ed9b45444b6b44a3c6ac541111079f2b14e893,"{""distance"":5,""physical_error_rate"":5e-05}","{""detection_events"":297,""detectors_checked"":1376256}"
      8192,         0,         0,   0.076,exact_mw,cb12ae119b9b2ba18d0216e7235b403229e92fd0743ede48fe7f1a2c6f45d594,"{""distance"":5,""physical_error_rate"":0.0005}","{""detection_events"":4017,""detectors_checked"":1835008}"
     65536,         0,         0,   0.206,exact_mw,cdc4a450a40af8e24899239080e4c40992fb5baf91c5a31ab3a165eacb3a1ab3,"{""distance"":5,""physical_error_rate"":0.0002}","{""detection_events"":13057,""detectors_checked"":14680064}"
      1024,         0,         0,   0.054,exact_mw,3208f56225bbcac0e2804eb6f92d0a8b681652a702ca1ec920ccd7367f0e0899,"{""distance"":5,""physical_error_rate"":0.002}","{""detection_events"":1865,""detectors_checked"":229376}"
     12288,         0,         0,   0.075,exact_mw,70a969f5042aec17ac076c6379f4170fb7c69b8e925756ef3b7334e28a33338b,"{""distance"":5,""physical_error_rate"":0.0001}","{""detection_events"":1232,""detectors_checked"":2752512}"
      8192,         0,         0,   0.069,exact_mw,f32ebecd8e105e50ec838d33c5ed9b45444b6b44a3c6ac541111079f2b14e893,"{""distance"":5,""physical_error_rate"":5e-05}","{""detection_events"":424,""detectors_checked"":1835008}"
      1024,         0,         0,   0.084,exact_mw,3208f56225bbcac0e2804eb6f92d0a8b681652a702ca1ec920ccd7367f0e0899,"{""distance"":5,""physical_error_rate"":0.002}","{""detection_events"":2067,""detectors_checked"":229376}"
     14336,         0,         0,   0.115,exact_mw,cb12ae119b9b2ba18d0216e7235b403229e92fd0743ede48fe7f1a2c6f45d594,"{""distance"":5,""physical_error_rate"":0.0005}","{""detection_events"":7242,""detectors_checked"":3211264}"
      7168,         0,         0,   0.135,exact_mw,bb90ec3459e353008cf9a5bb9142bf1e8515517a9e167021b225104594e48e8a,"{""distance"":5,""physical_error_rate"":0.001}","{""detection_events"":7033,""detectors_checked"":1605632}"
      9216,         0,         0,   0.073,exact_mw,f32ebecd8e105e50ec838d33c5ed9b45444b6b44a3c6ac541111079f2b14e893,"{""distance"":5,""physical_error_rate"":5e-05}","{""detection_events"":435,""detectors_checked"":2064384}"
     17408,         0,         0,   0.104,exact_mw,70a969f5042aec17ac076c6379f4170fb7c69b8e925756ef3b7334e28a33338b,"{""distance"":5,""physical_error_rate"":0.0001}","{""detection_events"":1929,""detectors_checked"":3899392}"
     12288,         0,         0,   0.109,exact_mw,f32ebecd8e105e50ec838d33c5ed9b45444b6b44a3c6ac541111079f2b14e893,"{""distance"":5,""physical_error_rate"":5e-05}","{""detection_events"":523,""detectors_checked"":2752512}"
      1024,         0,         0,   0.170,exact_mw,3208f56225bbcac0e2804eb6f92d0a8b681652a702ca1ec920ccd7367f0e0899,"{""distance"":5,""physical_error_rate"":0.002}","{""detection_events"":2051,""detectors_checked"":229376}"
     18432,         0,         0,   0.157,exact_mw,cb12ae119b9b2ba18d0216e7235b403229e92fd0743ede48fe7f1a2c6f45d594,"{""distance"":5,""physical_error_rate"":0.0005}","{""detection_events"":8826,""detectors_checked"":4128768}"
      8192,         0,         0,   0.159,exact_mw,bb90ec3459e353008cf9a5bb9142bf1e8515517a9e167021b225104594e48e8a,"{""distance"":5,""physical_error_rate"":0.001}","{""detection_events"":8101,""detectors_checked"":1835008}"
     65536,         0,         0,   0.290,exact_mw,cdc4a450a40af8e24899239080e4c40992fb5baf91c5a31ab3a165eacb3a1ab3,"{""distance"":5,""physical_error_rate"":0.0002}","{""detection_events"":13194,""detectors_checked"":14680064}"
     27648,         0,         0,   0.149,exact_mw,70a969f5042aec17ac076c6379f4170fb7c69b8e925756ef3b7334e28a33338b,"{""distance"":5,""physical_error_rate"":0.0001}","{""detection_events"":2589,""detectors_checked"":6193152}"
      1024,         0,         0,   0.131,exact_mw,3208f56225bbcac0e2804eb6f92d0a8b681652a702ca1ec920ccd7367f0e0899,"{""distance"":5,""physical_error_rate"":0.002}","{""detection_events"":2039,""detectors_checked"":229376}"
     16384,         0,         0,   0.139,exact_mw,f32ebecd8e105e50ec838d33c5ed9b45444b6b44a3c6ac541111079f2b14e893,"{""distance"":5,""physical_error_rate"":5e-05}","{""detection_events"":818,""detectors_checked"":3670016}"
     20480,        21,         0,    16.7,exact_mw,38b7ae1c4e8407fc325e0d9e43e9f92ff26dcb3f5cf7b98d24ea74c9e5188d39,"{""distance"":5,""physical_error_rate"":0.005}","{""detection_events"":97258,""detectors_checked"":4587520,""obs_mistake_mask=E"":21}"
     27648,         0,         0,   0.202,exact_mw,cb12ae119b9b2ba18d0216e7235b403229e92fd0743ede48fe7f1a2c6f45d594,"{""distance"":5,""physical_error_rate"":0.0005}","{""detection_events"":13680,""detectors_checked"":6193152}"
     11264,         0,         0,   0.212,exact_mw,bb90ec3459e353008cf9a5bb9142bf1e8515517a9e167021b225104594e48e8a,"{""distance"":5,""physical_error_rate"":0.001}","{""detection_events"":11015,""detectors_checked"":2523136}"
     35840,         0,         0,   0.204,exact_mw,70a969f5042aec17ac076c6379f4170fb7c69b8e925756ef3b7334e28a33338b,"{""distance"":5,""physical_error_rate"":0.0001}","{""detection_events"":3515,""detectors_checked"":8028160}"
     14336,         0,         0,   0.207,exact_mw,f32ebecd8e105e50ec838d33c5ed9b45444b6b44a3c6ac541111079f2b14e893,"{""distance"":5,""physical_error_rate"":5e-05}","{""detection_events"":686,""detectors_checked"":3211264}"
      2048,         0,         0,   0.217,exact_mw,3208f56225bbcac0e2804eb6f92d0a8b681652a702ca1ec920ccd7367f0e0899,"{""distance"":5,""physical_error_rate"":0.002}","{""detection_events"":4097,""detectors_checked"":458752}"
    103424,         0,         0,   0.405,exact_mw,cdc4a450a40af8e24899239080e4c40992fb5baf91c5a31ab3a165eacb3a1ab3,"{""distance"":5,""physical_error_rate"":0.0002}","{""detection_events"":20128,""detectors_checked"":23166976}"
     34816,         0,         0,   0.304,exact_mw,cb12ae119b9b2ba18d0216e7235b403229e92fd0743ede48fe7f1a2c6f45d594,"{""distance"":5,""physical_error_rate"":0.0005}","{""detection_events"":17361,""detectors_checked"":7798784}"
     16384,         0,         0,   0.293,exact_mw,bb90ec3459e353008cf9a5bb9142bf1e8515517a9e167021b225104594e48e8a,"{""distance"":5,""physical_error_rate"":0.001}","{""detection_events"":15797,""detectors_checked"":3670016}"
     50176,         0,         0,   0.290,exact_mw,70a969f5042aec17ac076c6379f4170fb7c69b8e925756ef3b7334e28a33338b,"{""distance"":5,""physical_error_rate"":0.0001}","{""detection_events"":4912,""detectors_checked"":11239424}"
      3072,         0,         0,   0.276,exact_mw,3208f56225bbcac0e2804eb6f92d0a8b681652a702ca1ec920ccd7367f0e0899,"{""distance"":5,""physical_error_rate"":0.002}","{""detection_events"":5844,""detectors_checked"":688128}"
     30720,         0,         0,   0.289,exact_mw,f32ebecd8e105e50ec838d33c5ed9b45444b6b44a3c6ac541111079f2b14e893,"{""distance"":5,""physical_error_rate"":5e-05}","{""detection_events"":1540,""detectors_checked"":6881280}"
     50176,         0,         0,   0.408,exact_mw,cb12ae119b9b2ba18d0216e7235b403229e92fd0743ede48fe7f1a2c6f45d594,"{""distance"":5,""physical_error_rate"":0.0005}","{""detection_events"":24635,""detectors_checked"":11239424}"
     21504,         0,         0,   0.406,exact_mw,bb90ec3459e353008cf9a5bb9142bf1e8515517a9e167021b225104594e48e8a,"{""distance"":5,""physical_error_rate"":0.001}","{""detection_events"":21076,""detectors_checked"":4816896}"
      3072,         0,         0,   0.339,exact_mw,3208f56225bbcac0e2804eb6f92d0a8b681652a702ca1ec920ccd7367f0e0899,"{""distance"":5,""physical_error_rate"":0.002}","{""detection_events"":5987,""detectors_checked"":688128}"
     65536,         0,         0,   0.391,exact_mw,70a969f5042aec17ac076c6379f4170fb7c69b8e925756ef3b7334e28a33338b,"{""distance"":5,""physical_error_rate"":0.0001}","{""detection_events"":6711,""detectors_checked"":14680064}"
    173056,         0,         0,   0.564,exact_mw,cdc4a450a40af8e24899239080e4c40992fb5baf91c5a31ab3a165eacb3a1ab3,"{""distance"":5,""physical_error_rate"":0.0002}","{""detection_events"":34038,""detectors_checked"":38764544}"
     67584,         0,         0,   0.398,exact_mw,f32ebecd8e105e50ec838d33c5ed9b45444b6b44a3c6ac541111079f2b14e893,"{""distance"":5,""physical_error_rate"":5e-05}","{""detection_events"":3330,""detectors_checked"":15138816}"
      4096,         0,         0,   0.423,exact_mw,3208f56225bbcac0e2804eb6f92d0a8b681652a702ca1ec920ccd7367f0e0899,"{""distance"":5,""physical_error_rate"":0.002}","{""detection_events"":8362,""detectors_checked"":917504}"
     98304,         0,         0,   0.567,exact_mw,cb12ae119b9b2ba18d0216e7235b403229e92fd0743ede48fe7f1a2c6f45d594,"{""distance"":5,""physical_error_rate"":0.0005}","{""detection_events"":49154,""detectors_checked"":22020096}"
     29696,         0,         0,   0.572,exact_mw,bb90ec3459e353008cf9a5bb9142bf1e8515517a9e167021b225104594e48e8a,"{""distance"":5,""physical_error_rate"":0.001}","{""detection_events"":29075,""detectors_checked"":6651904}"
     95232,         0,         0,   0.553,exact_mw,70a969f5042aec17ac076c6379f4170fb7c69b8e925756ef3b7334e28a33338b,"{""distance"":5,""physical_error_rate"":0.0001}","{""detection_events"":9381,""detectors_checked"":21331968}"
     95232,         0,         0,   0.581,exact_mw,f32ebecd8e105e50ec838d33c5ed9b45444b6b44a3c6ac541111079f2b14e893,"{""distance"":5,""physical_error_rate"":5e-05}","{""detection_events"":4850,""detectors_checked"":21331968}"
    212992,         0,         0,   0.789,exact_mw,cdc4a450a40af8e24899239080e4c40992fb5baf91c5a31ab3a165eacb3a1ab3,"{""distance"":5,""physical_error_rate"":0.0002}","{""detection_events"":41556,""detectors_checked"":47710208}"
      6144,         1,         0,   0.623,exact_mw,3208f56225bbcac0e2804eb6f92d0a8b681652a702ca1ec920ccd7367f0e0899,"{""distance"":5,""physical_error_rate"":0.002}","{""detection_events"":12344,""detectors_checked"":1376256,""obs_mistake_mask=E"":1}"
    114688,         0,         0,   0.784,exact_mw,cb12ae119b9b2ba18d0216e7235b403229e92fd0743ede48fe7f1a2c6f45d594,"{""distance"":5,""physical_error_rate"":0.0005}","{""detection_events"":56136,""detectors_checked"":25690112}"
     43008,         2,         0,   0.803,exact_mw,bb90ec3459e353008cf9a5bb9142bf1e8515517a9e167021b225104594e48e8a,"{""distance"":5,""physical_error_rate"":0.001}","{""detection_events"":41998,""detectors_checked"":9633792,""obs_mistake_mask=E"":2}"
    132096,         0,         0,   0.798,exact_mw,70a969f5042aec17ac076c6379f4170fb7c69b8e925756ef3b7334e28a33338b,"{""distance"":5,""physical_error_rate"":0.0001}","{""detection_events"":12778,""detectors_checked"":29589504}"
    105472,         0,         0,   0.793,exact_mw,f32ebecd8e105e50ec838d33c5ed9b45444b6b44a3c6ac541111079f2b14e893,"{""distance"":5,""physical_error_rate"":5e-05}","{""detection_events"":5253,""detectors_checked"":23625728}"
      9216,         0,         0,   0.839,exact_mw,3208f56225bbcac0e2804eb6f92d0a8b681652a702ca1ec920ccd7367f0e0899,"{""distance"":5,""physical_error_rate"":0.002}","{""detection_events"":18001,""detectors_checked"":2064384}"
    348160,         0,         0,    1.10,exact_mw,cdc4a450a40af8e24899239080e4c40992fb5baf91c5a31ab3a165eacb3a1ab3,"{""distance"":5,""physical_error_rate"":0.0002}","{""detection_events"":68791,""detectors_checked"":77987840}"
    135168,         0,         0,    1.09,exact_mw,cb12ae119b9b2ba18d0216e7235b403229e92fd0743ede48fe7f1a2c6f45d594,"{""distance"":5,""physical_error_rate"":0.0005}","{""detection_events"":66076,""detectors_checked"":30277632}"
     57344,         1,         0,    1.11,exact_mw,bb90ec3459e353008cf9a5bb9142bf1e8515517a9e167021b225104594e48e8a,"{""distance"":5,""physical_error_rate"":0.001}","{""detection_events"":56099,""detectors_checked"":12845056,""obs_mistake_mask=E"":1}"
    183296,         0,         0,    1.12,exact_mw,70a969f5042aec17ac076c6379f4170fb7c69b8e925756ef3b7334e28a33338b,"{""distance"":5,""physical_error_rate"":0.0001}","{""detection_events"":17789,""detectors_checked"":41058304}"
     99328,         0,         0,    1.10,exact_mw,f32ebecd8e105e50ec838d33c5ed9b45444b6b44a3c6ac541111079f2b14e893,"{""distance"":5,""physical_error_rate"":5e-05}","{""detection_events"":4964,""detectors_checked"":22249472}"
     10240,         1,         0,    1.13,exact_mw,3208f56225bbcac0e2804eb6f92d0a8b681652a702ca1ec920ccd7367f0e0899,"{""distance"":5,""physical_error_rate"":0.002}","{""detection_events"":20208,""detectors_checked"":2293760,""obs_mistake_mask=E"":1}"
    334848,         0,         0,    1.55,exact_mw,cdc4a450a40af8e24899239080e4c40992fb5baf91c5a31ab3a165eacb3a1ab3,"{""distance"":5,""physical_error_rate"":0.0002}","{""detection_events"":65635,""detectors_checked"":75005952}"
    191488,         0,         0,    1.54,exact_mw,cb12ae119b9b2ba18d0216e7235b403229e92fd0743ede48fe7f1a2c6f45d594,"{""distance"":5,""physical_error_rate"":0.0005}","{""detection_events"":93793,""detectors_checked"":42893312}"
   1524736,         0,         0,    11.6,exact_mw,cdc4a450a40af8e24899239080e4c40992fb5baf91c5a31ab3a165eacb3a1ab3,"{""distance"":5,""physical_error_rate"":0.0002}","{""detection_events"":302224,""detectors_checked"":341540864}"
     58368,         0,         0,    1.57,exact_mw,bb90ec3459e353008cf9a5bb9142bf1e8515517a9e167021b225104594e48e8a,"{""distance"":5,""physical_error_rate"":0.001}","{""detection_events"":57415,""detectors_checked"":13074432}"
    265216,         0,         0,    1.55,exact_mw,70a969f5042aec17ac076c6379f4170fb7c69b8e925756ef3b7334e28a33338b,"{""distance"":5,""physical_error_rate"":0.0001}","{""detection_events"":26312,""detectors_checked"":59408384}"
    159744,         0,         0,    1.55,exact_mw,f32ebecd8e105e50ec838d33c5ed9b45444b6b44a3c6ac541111079f2b14e893,"{""distance"":5,""physical_error_rate"":5e-05}","{""detection_events"":7788,""detectors_checked"":35782656}"
   1357824,         0,         0,    11.6,exact_mw,cb12ae119b9b2ba18d0216e7235b403229e92fd0743ede48fe7f1a2c6f45d594,"{""distance"":5,""physical_error_rate"":0.0005}","{""detection_events"":667365,""detectors_checked"":304152576}"
     12288,         0,         0,    1.65,exact_mw,3208f56225bbcac0e2804eb6f92d0a8b681652a702ca1ec920ccd7367f0e0899,"{""distance"":5,""physical_error_rate"":0.002}","{""detection_events"":24202,""detectors_checked"":2752512}"
   3813376,         0,         0,    22.8,exact_mw,70a969f5042aec17ac076c6379f4170fb7c69b8e925756ef3b7334e28a33338b,"{""distance"":5,""physical_error_rate"":0.0001}","{""detection_events"":374391,""detectors_checked"":854196224}"
   3791872,         0,         0,    22.8,exact_mw,f32ebecd8e105e50ec838d33c5ed9b45444b6b44a3c6ac541111079f2b14e893,"{""distance"":5,""physical_error_rate"":5e-05}","{""detection_events"":187121,""detectors_checked"":849379328}"
   1200128,         4,         0,    22.9,exact_mw,bb90ec3459e353008cf9a5bb9142bf1e8515517a9e167021b225104594e48e8a,"{""distance"":5,""physical_error_rate"":0.001}","{""detection_events"":1179540,""detectors_checked"":268828672,""obs_mistake_mask=E"":4}"
    510976,         4,         0,    11.7,exact_mw,bb90ec3459e353008cf9a5bb9142bf1e8515517a9e167021b225104594e48e8a,"{""distance"":5,""physical_error_rate"":0.001}","{""detection_events"":501809,""detectors_checked"":114458624,""obs_mistake_mask=E"":4}"
   3907584,         0,         0,    22.8,exact_mw,cdc4a450a40af8e24899239080e4c40992fb5baf91c5a31ab3a165eacb3a1ab3,"{""distance"":5,""physical_error_rate"":0.0002}","{""detection_events"":771635,""detectors_checked"":875298816}"
   4011008,         0,         0,    22.7,exact_mw,f32ebecd8e105e50ec838d33c5ed9b45444b6b44a3c6ac541111079f2b14e893,"{""distance"":5,""physical_error_rate"":5e-05}","{""detection_events"":198365,""detectors_checked"":898465792}"
   1483776,        11,         0,    22.9,exact_mw,bb90ec3459e353008cf9a5bb9142bf1e8515517a9e167021b225104594e48e8a,"{""distance"":5,""physical_error_rate"":0.001}","{""detection_events"":1455208,""detectors_checked"":332365824,""obs_mistake_mask=E"":11}"
   3744768,         0,         0,    22.7,exact_mw,cdc4a450a40af8e24899239080e4c40992fb5baf91c5a31ab3a165eacb3a1ab3,"{""distance"":5,""physical_error_rate"":0.0002}","{""detection_events"":737437,""detectors_checked"":838828032}"
   4210688,         0,         0,    22.7,exact_mw,70a969f5042aec17ac076c6379f4170fb7c69b8e925756ef3b7334e28a33338b,"{""distance"":5,""physical_error_rate"":0.0001}","{""detection_events"":414745,""detectors_checked"":943194112}"
   2857984,         2,         0,    22.8,exact_mw,cb12ae119b9b2ba18d0216e7235b403229e92fd0743ede48fe7f1a2c6f45d594,"{""distance"":5,""physical_error_rate"":0.0005}","{""detection_events"":1405475,""detectors_checked"":640188416,""obs_mistake_mask=E"":2}"
   3277824,         0,         0,    22.8,exact_mw,cdc4a450a40af8e24899239080e4c40992fb5baf91c5a31ab3a165eacb3a1ab3,"{""distance"":5,""physical_error_rate"":0.0002}","{""detection_events"":646148,""detectors_checked"":734232576}"
   2335744,         1,         0,    22.7,exact_mw,cb12ae119b9b2ba18d0216e7235b403229e92fd0743ede48fe7f1a2c6f45d594,"{""distance"":5,""physical_error_rate"":0.0005}","{""detection_events"":1148495,""detectors_checked"":523206656,""obs_mistake_mask=E"":1}"
    352256,         0,         0,    2.14,exact_mw,cdc4a450a40af8e24899239080e4c40992fb5baf91c5a31ab3a165eacb3a1ab3,"{""distance"":5,""physical_error_rate"":0.0002}","{""detection_events"":70092,""detectors_checked"":78905344}"
   3557376,         0,         0,    22.8,exact_mw,70a969f5042aec17ac076c6379f4170fb7c69b8e925756ef3b7334e28a33338b,"{""distance"":5,""physical_error_rate"":0.0001}","{""detection_events"":352310,""detectors_checked"":796852224}"
   2811904,         2,         0,    22.8,exact_mw,cb12ae119b9b2ba18d0216e7235b403229e92fd0743ede48fe7f1a2c6f45d594,"{""distance"":5,""physical_error_rate"":0.0005}","{""detection_events"":1381910,""detectors_checked"":629866496,""obs_mistake_mask=E"":2}"
   3747840,         0,         0,    22.8,exact_mw,f32ebecd8e105e50ec838d33c5ed9b45444b6b44a3c6ac541111079f2b14e893,"{""distance"":5,""physical_error_rate"":5e-05}","{""detection_events"":185820,""detectors_checked"":839516160}"
   1037312,         7,         0,    22.8,exact_mw,bb90ec3459e353008cf9a5bb9142bf1e8515517a9e167021b225104594e48e8a,"{""distance"":5,""physical_error_rate"":0.001}","{""detection_events"":1016618,""detectors_checked"":232357888,""obs_mistake_mask=E"":7}"
    322560,         0,         0,    2.16,exact_mw,cb12ae119b9b2ba18d0216e7235b403229e92fd0743ede48fe7f1a2c6f45d594,"{""distance"":5,""physical_error_rate"":0.0005}","{""detection_events"":158021,""detectors_checked"":72253440}"
    353280,        29,         0,    23.0,exact_mw,3208f56225bbcac0e2804eb6f92d0a8b681652a702ca1ec920ccd7367f0e0899,"{""distance"":5,""physical_error_rate"":0.002}","{""detection_events"":691121,""detectors_checked"":79134720,""obs_mistake_mask=E"":29}"
    364544,         0,         0,    2.18,exact_mw,70a969f5042aec17ac076c6379f4170fb7c69b8e925756ef3b7334e28a33338b,"{""distance"":5,""physical_error_rate"":0.0001}","{""detection_events"":35252,""detectors_checked"":81657856}"
    119808,         3,         0,    2.20,exact_mw,bb90ec3459e353008cf9a5bb9142bf1e8515517a9e167021b225104594e48e8a,"{""distance"":5,""physical_error_rate"":0.001}","{""detection_events"":116772,""detectors_checked"":26836992,""obs_mistake_mask=E"":3}"
    312320,         0,         0,    2.17,exact_mw,f32ebecd8e105e50ec838d33c5ed9b45444b6b44a3c6ac541111079f2b14e893,"{""distance"":5,""physical_error_rate"":5e-05}","{""detection_events"":15722,""detectors_checked"":69959680}"
   1085440,         4,         0,    22.9,exact_mw,bb90ec3459e353008cf9a5bb9142bf1e8515517a9e167021b225104594e48e8a,"{""distance"":5,""physical_error_rate"":0.001}","{""detection_events"":1064328,""detectors_checked"":243138560,""obs_mistake_mask=E"":4}"
     22528,         0,         0,    2.19,exact_mw,3208f56225bbcac0e2804eb6f92d0a8b681652a702ca1ec920ccd7367f0e0899,"{""distance"":5,""physical_error_rate"":0.002}","{""detection_events"":43903,""detectors_checked"":5046272}"
     89088,         4,         0,    11.7,exact_mw,3208f56225bbcac0e2804eb6f92d0a8b681652a702ca1ec920ccd7367f0e0899,"{""distance"":5,""physical_error_rate"":0.002}","{""detection_events"":174056,""detectors_checked"":19955712,""obs_mistake_mask=E"":4}"
    227328,        13,         0,    23.0,exact_mw,3208f56225bbcac0e2804eb6f92d0a8b681652a702ca1ec920ccd7367f0e0899,"{""distance"":5,""physical_error_rate"":0.002}","{""detection_events"":444047,""detectors_checked"":50921472,""obs_mistake_mask=E"":13}"
    226304,        21,         0,    23.0,exact_mw,3208f56225bbcac0e2804eb6f92d0a8b681652a702ca1ec920ccd7367f0e0899,"{""distance"":5,""physical_error_rate"":0.002}","{""detection_events"":441022,""detectors_checked"":50692096,""obs_mistake_mask=E"":21}"
    207872,         9,         0,    22.9,exact_mw,3208f56225bbcac0e2804eb6f92d0a8b681652a702ca1ec920ccd7367f0e0899,"{""distance"":5,""physical_error_rate"":0.002}","{""detection_events"":408604,""detectors_checked"":46563328,""obs_mistake_mask=E"":9}"
    502784,         0,         0,    3.04,exact_mw,cdc4a450a40af8e24899239080e4c40992fb5baf91c5a31ab3a165eacb3a1ab3,"{""distance"":5,""physical_error_rate"":0.0002}","{""detection_events"":99336,""detectors_checked"":112623616}"
    519168,         0,         0,    3.05,exact_mw,cb12ae119b9b2ba18d0216e7235b403229e92fd0743ede48fe7f1a2c6f45d594,"{""distance"":5,""physical_error_rate"":0.0005}","{""detection_events"":254599,""detectors_checked"":116293632}"
    518144,         0,         0,    3.02,exact_mw,70a969f5042aec17ac076c6379f4170fb7c69b8e925756ef3b7334e28a33338b,"{""distance"":5,""physical_error_rate"":0.0001}","{""detection_events"":51382,""detectors_checked"":116064256}"
    125952,         0,         0,    3.06,exact_mw,bb90ec3459e353008cf9a5bb9142bf1e8515517a9e167021b225104594e48e8a,"{""distance"":5,""physical_error_rate"":0.001}","{""detection_events"":123949,""detectors_checked"":28213248}"
    501760,         0,         0,    3.04,exact_mw,f32ebecd8e105e50ec838d33c5ed9b45444b6b44a3c6ac541111079f2b14e893,"{""distance"":5,""physical_error_rate"":5e-05}","{""detection_events"":24483,""detectors_checked"":112394240}"
     21504,         2,         0,    3.12,exact_mw,3208f56225bbcac0e2804eb6f92d0a8b681652a702ca1ec920ccd7367f0e0899,"{""distance"":5,""physical_error_rate"":0.002}","{""detection_events"":42987,""detectors_checked"":4816896,""obs_mistake_mask=E"":2}"
     17408,        15,         0,    11.8,exact_mw,38b7ae1c4e8407fc325e0d9e43e9f92ff26dcb3f5cf7b98d24ea74c9e5188d39,"{""distance"":5,""physical_error_rate"":0.005}","{""detection_events"":83908,""detectors_checked"":3899392,""obs_mistake_mask=E"":15}"
   3863552,         0,         0,    22.7,exact_mw,cdc4a450a40af8e24899239080e4c40992fb5baf91c5a31ab3a165eacb3a1ab3,"{""distance"":5,""physical_error_rate"":0.0002}","{""detection_events"":761374,""detectors_checked"":865435648}"
     24576,        17,         0,    23.0,exact_mw,38b7ae1c4e8407fc325e0d9e43e9f92ff26dcb3f5cf7b98d24ea74c9e5188d39,"{""distance"":5,""physical_error_rate"":0.005}","{""detection_events"":118645,""detectors_checked"":5505024,""obs_mistake_mask=E"":17}"
   3664896,         0,         0,    22.7,exact_mw,cdc4a450a40af8e24899239080e4c40992fb5baf91c5a31ab3a165eacb3a1ab3,"{""distance"":5,""physical_error_rate"":0.0002}","{""detection_events"":722944,""detectors_checked"":820936704}"
   3176448,         1,         0,    22.8,exact_mw,cb12ae119b9b2ba18d0216e7235b403229e92fd0743ede48fe7f1a2c6f45d594,"{""distance"":5,""physical_error_rate"":0.0005}","{""detection_events"":1563171,""detectors_checked"":711524352,""obs_mistake_mask=E"":1}"
     23552,        19,         0,    23.1,exact_mw,38b7ae1c4e8407fc325e0d9e43e9f92ff26dcb3f5cf7b98d24ea74c9e5188d39,"{""distance"":5,""physical_error_rate"":0.005}","{""detection_events"":113641,""detectors_checked"":5275648,""obs_mistake_mask=E"":19}"
   3863552,         0,         0,    22.8,exact_mw,f32ebecd8e105e50ec838d33c5ed9b45444b6b44a3c6ac541111079f2b14e893,"{""distance"":5,""physical_error_rate"":5e-05}","{""detection_events"":190265,""detectors_checked"":865435648}"
   3501056,         0,         0,    22.8,exact_mw,70a969f5042aec17ac076c6379f4170fb7c69b8e925756ef3b7334e28a33338b,"{""distance"":5,""physical_error_rate"":0.0001}","{""detection_events"":346232,""detectors_checked"":784236544}"
   3508224,         0,         0,    22.8,exact_mw,70a969f5042aec17ac076c6379f4170fb7c69b8e925756ef3b7334e28a33338b,"{""distance"":5,""physical_error_rate"":0.0001}","{""detection_events"":347023,""detectors_checked"":785842176}"
   3727360,         0,         0,    22.8,exact_mw,f32ebecd8e105e50ec838d33c5ed9b45444b6b44a3c6ac541111079f2b14e893,"{""distance"":5,""physical_error_rate"":5e-05}","{""detection_events"":183975,""detectors_checked"":834928640}"
   3231744,         0,         0,    22.8,exact_mw,cb12ae119b9b2ba18d0216e7235b403229e92fd0743ede48fe7f1a2c6f45d594,"{""distance"":5,""physical_error_rate"":0.0005}","{""detection_events"":1588989,""detectors_checked"":723910656}"
     23040,        26,         0,    23.1,exact_mw,38b7ae1c4e8407fc325e0d9e43e9f92ff26dcb3f5cf7b98d24ea74c9e5188d39,"{""distance"":5,""physical_error_rate"":0.005}","{""detection_events"":110977,""detectors_checked"":5160960,""obs_mistake_mask=E"":26}"
    687104,         0,         0,    4.23,exact_mw,cdc4a450a40af8e24899239080e4c40992fb5baf91c5a31ab3a165eacb3a1ab3,"{""distance"":5,""physical_error_rate"":0.0002}","{""detection_events"":135413,""detectors_checked"":153911296}"
    749568,         0,         0,    4.24,exact_mw,cb12ae119b9b2ba18d0216e7235b403229e92fd0743ede48fe7f1a2c6f45d594,"{""distance"":5,""physical_error_rate"":0.0005}","{""detection_events"":369030,""detectors_checked"":167903232}"
    701440,         0,         0,    4.20,exact_mw,70a969f5042aec17ac076c6379f4170fb7c69b8e925756ef3b7334e28a33338b,"{""distance"":5,""physical_error_rate"":0.0001}","{""detection_events"":68429,""detectors_checked"":157122560}"
    307200,         3,         0,    4.26,exact_mw,bb90ec3459e353008cf9a5bb9142bf1e8515517a9e167021b225104594e48e8a,"{""distance"":5,""physical_error_rate"":0.001}","{""detection_events"":301937,""detectors_checked"":68812800,""obs_mistake_mask=E"":3}"
    703488,         0,         0,    4.21,exact_mw,f32ebecd8e105e50ec838d33c5ed9b45444b6b44a3c6ac541111079f2b14e893,"{""distance"":5,""physical_error_rate"":5e-05}","{""detection_events"":34495,""detectors_checked"":157581312}"
    202752,        14,         0,    22.9,exact_mw,3208f56225bbcac0e2804eb6f92d0a8b681652a702ca1ec920ccd7367f0e0899,"{""distance"":5,""physical_error_rate"":0.002}","{""detection_events"":395635,""detectors_checked"":45416448,""obs_mistake_mask=E"":14}"
     44032,         0,         0,    4.27,exact_mw,3208f56225bbcac0e2804eb6f92d0a8b681652a702ca1ec920ccd7367f0e0899,"{""distance"":5,""physical_error_rate"":0.002}","{""detection_events"":85937,""detectors_checked"":9863168}"
   1071104,         6,         0,    22.9,exact_mw,bb90ec3459e353008cf9a5bb9142bf1e8515517a9e167021b225104594e48e8a,"{""distance"":5,""physical_error_rate"":0.001}","{""detection_events"":1052343,""detectors_checked"":239927296,""obs_mistake_mask=E"":6}"
     40960,        58,         0,    23.1,exact_mw,38b7ae1c4e8407fc325e0d9e43e9f92ff26dcb3f5cf7b98d24ea74c9e5188d39,"{""distance"":5,""physical_error_rate"":0.005}","{""detection_events"":197823,""detectors_checked"":9175040,""obs_mistake_mask=E"":58}"
   5751808,         0,         0,    22.8,exact_mw,f32ebecd8e105e50ec838d33c5ed9b45444b6b44a3c6ac541111079f2b14e893,"{""distance"":5,""physical_error_rate"":5e-05}","{""detection_events"":283514,""detectors_checked"":1288404992}"
   3309568,         0,         0,    22.7,exact_mw,70a969f5042aec17ac076c6379f4170fb7c69b8e925756ef3b7334e28a33338b,"{""distance"":5,""physical_error_rate"":0.0001}","{""detection_events"":325497,""detectors_checked"":741343232}"
   1016832,         0,         0,    5.91,exact_mw,cdc4a450a40af8e24899239080e4c40992fb5baf91c5a31ab3a165eacb3a1ab3,"{""distance"":5,""physical_error_rate"":0.0002}","{""detection_events"":199270,""detectors_checked"":227770368}"
   1082368,         0,         0,    5.94,exact_mw,cb12ae119b9b2ba18d0216e7235b403229e92fd0743ede48fe7f1a2c6f45d594,"{""distance"":5,""physical_error_rate"":0.0005}","{""detection_events"":532877,""detectors_checked"":242450432}"
    977920,         0,         0,    5.95,exact_mw,70a969f5042aec17ac076c6379f4170fb7c69b8e925756ef3b7334e28a33338b,"{""distance"":5,""physical_error_rate"":0.0001}","{""detection_events"":97203,""detectors_checked"":219054080}"
    309248,         2,         0,    5.98,exact_mw,bb90ec3459e353008cf9a5bb9142bf1e8515517a9e167021b225104594e48e8a,"{""distance"":5,""physical_error_rate"":0.001}","{""detection_events"":301794,""detectors_checked"":69271552,""obs_mistake_mask=E"":2}"
    954368,         0,         0,    5.95,exact_mw,f32ebecd8e105e50ec838d33c5ed9b45444b6b44a3c6ac541111079f2b14e893,"{""distance"":5,""physical_error_rate"":5e-05}","{""detection_events"":47006,""detectors_checked"":213778432}"
     59392,         3,         0,    6.00,exact_mw,3208f56225bbcac0e2804eb6f92d0a8b681652a702ca1ec920ccd7367f0e0899,"{""distance"":5,""physical_error_rate"":0.002}","{""detection_events"":116658,""detectors_checked"":13303808,""obs_mistake_mask=E"":3}"
   2309120,         0,         0,    16.3,exact_mw,cdc4a450a40af8e24899239080e4c40992fb5baf91c5a31ab3a165eacb3a1ab3,"{""distance"":5,""physical_error_rate"":0.0002}","{""detection_events"":455428,""detectors_checked"":517242880}"
   1911808,         0,         0,    16.3,exact_mw,cb12ae119b9b2ba18d0216e7235b403229e92fd0743ede48fe7f1a2c6f45d594,"{""distance"":5,""physical_error_rate"":0.0005}","{""detection_events"":938561,""detectors_checked"":428244992}"
    660480,         2,         0,    16.3,exact_mw,bb90ec3459e353008cf9a5bb9142bf1e8515517a9e167021b225104594e48e8a,"{""distance"":5,""physical_error_rate"":0.001}","{""detection_events"":648312,""detectors_checked"":147947520,""obs_mistake_mask=E"":2}"
     33792,        41,         0,    23.1,exact_mw,38b7ae1c4e8407fc325e0d9e43e9f92ff26dcb3f5cf7b98d24ea74c9e5188d39,"{""distance"":5,""physical_error_rate"":0.005}","{""detection_events"":162662,""detectors_checked"":7569408,""obs_mistake_mask=E"":41}"
    153600,        11,         0,    16.4,exact_mw,3208f56225bbcac0e2804eb6f92d0a8b681652a702ca1ec920ccd7367f0e0899,"{""distance"":5,""physical_error_rate"":0.002}","{""detection_events"":298811,""detectors_checked"":34406400,""obs_mistake_mask=E"":11}"
     20480,        23,         0,    16.8,exact_mw,38b7ae1c4e8407fc325e0d9e43e9f92ff26dcb3f5cf7b98d24ea74c9e5188d39,"{""distance"":5,""physical_error_rate"":0.005}","{""detection_events"":97638,""detectors_checked"":4587520,""obs_mistake_mask=E"":23}"
   1573888,         0,         0,    8.29,exact_mw,cdc4a450a40af8e24899239080e4c40992fb5baf91c5a31ab3a165eacb3a1ab3,"{""distance"":5,""physical_error_rate"":0.0002}","{""detection_events"":311090,""detectors_checked"":352550912}"
   1478656,         0,         0,    8.32,exact_mw,cb12ae119b9b2ba18d0216e7235b403229e92fd0743ede48fe7f1a2c6f45d594,"{""distance"":5,""physical_error_rate"":0.0005}","{""detection_events"":726529,""detectors_checked"":331218944}"
   1114112,         0,         0,    8.27,exact_mw,70a969f5042aec17ac076c6379f4170fb7c69b8e925756ef3b7334e28a33338b,"{""distance"":5,""physical_error_rate"":0.0001}","{""detection_events"":108680,""detectors_checked"":249561088}"
    432128,         3,         0,    8.34,exact_mw,bb90ec3459e353008cf9a5bb9142bf1e8515517a9e167021b225104594e48e8a,"{""distance"":5,""physical_error_rate"":0.001}","{""detection_events"":424927,""detectors_checked"":96796672,""obs_mistake_mask=E"":3}"
   1363968,         0,         0,    8.31,exact_mw,f32ebecd8e105e50ec838d33c5ed9b45444b6b44a3c6ac541111079f2b14e893,"{""distance"":5,""physical_error_rate"":5e-05}","{""detection_events"":67564,""detectors_checked"":305528832}"
     84992,         7,         0,    8.37,exact_mw,3208f56225bbcac0e2804eb6f92d0a8b681652a702ca1ec920ccd7367f0e0899,"{""distance"":5,""physical_error_rate"":0.002}","{""detection_events"":166118,""detectors_checked"":19038208,""obs_mistake_mask=E"":7}"
   5681152,         0,         0,    31.8,exact_mw,70a969f5042aec17ac076c6379f4170fb7c69b8e925756ef3b7334e28a33338b,"{""distance"":5,""physical_error_rate"":0.0001}","{""detection_events"":561007,""detectors_checked"":1272578048}"
   5337088,         0,         0,    32.0,exact_mw,f32ebecd8e105e50ec838d33c5ed9b45444b6b44a3c6ac541111079f2b14e893,"{""distance"":5,""physical_error_rate"":5e-05}","{""detection_events"":263807,""detectors_checked"":1195507712}"
   1761280,         9,         0,    32.0,exact_mw,bb90ec3459e353008cf9a5bb9142bf1e8515517a9e167021b225104594e48e8a,"{""distance"":5,""physical_error_rate"":0.001}","{""detection_events"":1729193,""detectors_checked"":394526720,""obs_mistake_mask=E"":9}"
   5641216,         0,         0,    31.8,exact_mw,cdc4a450a40af8e24899239080e4c40992fb5baf91c5a31ab3a165eacb3a1ab3,"{""distance"":5,""physical_error_rate"":0.0002}","{""detection_events"":1113165,""detectors_checked"":1263632384}"
   5624832,         0,         0,    31.9,exact_mw,f32ebecd8e105e50ec838d33c5ed9b45444b6b44a3c6ac541111079f2b14e893,"{""distance"":5,""physical_error_rate"":5e-05}","{""detection_events"":277470,""detectors_checked"":1259962368}"
   1849344,         9,         0,    32.1,exact_mw,bb90ec3459e353008cf9a5bb9142bf1e8515517a9e167021b225104594e48e8a,"{""distance"":5,""physical_error_rate"":0.001}","{""detection_events"":1810347,""detectors_checked"":414253056,""obs_mistake_mask=E"":9}"
   5311488,         0,         0,    31.9,exact_mw,cdc4a450a40af8e24899239080e4c40992fb5baf91c5a31ab3a165eacb3a1ab3,"{""distance"":5,""physical_error_rate"":0.0002}","{""detection_events"":1045785,""detectors_checked"":1189773312}"
   5242880,         0,         0,    31.9,exact_mw,70a969f5042aec17ac076c6379f4170fb7c69b8e925756ef3b7334e28a33338b,"{""distance"":5,""physical_error_rate"":0.0001}","{""detection_events"":516779,""detectors_checked"":1174405120}"
   4078592,         2,         0,    31.9,exact_mw,cb12ae119b9b2ba18d0216e7235b403229e92fd0743ede48fe7f1a2c6f45d594,"{""distance"":5,""physical_error_rate"":0.0005}","{""detection_events"":2008961,""detectors_checked"":913604608,""obs_mistake_mask=E"":2}"
   4443136,         0,         0,    31.9,exact_mw,cdc4a450a40af8e24899239080e4c40992fb5baf91c5a31ab3a165eacb3a1ab3,"{""distance"":5,""physical_error_rate"":0.0002}","{""detection_events"":877113,""detectors_checked"":995262464}"
   3887104,         4,         0,    32.0,exact_mw,cb12ae119b9b2ba18d0216e7235b403229e92fd0743ede48fe7f1a2c6f45d594,"{""distance"":5,""physical_error_rate"":0.0005}","{""detection_events"":1913878,""detectors_checked"":870711296,""obs_mistake_mask=E"":4}"
   4663296,         0,         0,    32.0,exact_mw,70a969f5042aec17ac076c6379f4170fb7c69b8e925756ef3b7334e28a33338b,"{""distance"":5,""physical_error_rate"":0.0001}","{""detection_events"":462273,""detectors_checked"":1044578304}"
   4158464,         1,         0,    31.9,exact_mw,cb12ae119b9b2ba18d0216e7235b403229e92fd0743ede48fe7f1a2c6f45d594,"{""distance"":5,""physical_error_rate"":0.0005}","{""detection_events"":2050795,""detectors_checked"":931495936,""obs_mistake_mask=E"":1}"
   4764672,         0,         0,    31.9,exact_mw,f32ebecd8e105e50ec838d33c5ed9b45444b6b44a3c6ac541111079f2b14e893,"{""distance"":5,""physical_error_rate"":5e-05}","{""detection_events"":234406,""detectors_checked"":1067286528}"
   1379328,        13,         0,    32.0,exact_mw,bb90ec3459e353008cf9a5bb9142bf1e8515517a9e167021b225104594e48e8a,"{""distance"":5,""physical_error_rate"":0.001}","{""detection_events"":1352153,""detectors_checked"":308969472,""obs_mistake_mask=E"":13}"
    468992,        33,         0,    32.1,exact_mw,3208f56225bbcac0e2804eb6f92d0a8b681652a702ca1ec920ccd7367f0e0899,"{""distance"":5,""physical_error_rate"":0.002}","{""detection_events"":917450,""detectors_checked"":105054208,""obs_mistake_mask=E"":33}"
   1476608,         5,         0,    31.9,exact_mw,bb90ec3459e353008cf9a5bb9142bf1e8515517a9e167021b225104594e48e8a,"{""distance"":5,""physical_error_rate"":0.001}","{""detection_events"":1448101,""detectors_checked"":330760192,""obs_mistake_mask=E"":5}"
   3305472,         0,         0,    11.6,exact_mw,cdc4a450a40af8e24899239080e4c40992fb5baf91c5a31ab3a165eacb3a1ab3,"{""distance"":5,""physical_error_rate"":0.0002}","{""detection_events"":652690,""detectors_checked"":740425728}"
    302080,        12,         0,    32.1,exact_mw,3208f56225bbcac0e2804eb6f92d0a8b681652a702ca1ec920ccd7367f0e0899,"{""distance"":5,""physical_error_rate"":0.002}","{""detection_events"":590297,""detectors_checked"":67665920,""obs_mistake_mask=E"":12}"
    302080,        20,         0,    32.2,exact_mw,3208f56225bbcac0e2804eb6f92d0a8b681652a702ca1ec920ccd7367f0e0899,"{""distance"":5,""physical_error_rate"":0.002}","{""detection_events"":586948,""detectors_checked"":67665920,""obs_mistake_mask=E"":20}"
    317440,        16,         0,    32.2,exact_mw,3208f56225bbcac0e2804eb6f92d0a8b681652a702ca1ec920ccd7367f0e0899,"{""distance"":5,""physical_error_rate"":0.002}","{""detection_events"":619249,""detectors_checked"":71106560,""obs_mistake_mask=E"":16}"
   1539072,         0,         0,    11.6,exact_mw,cb12ae119b9b2ba18d0216e7235b403229e92fd0743ede48fe7f1a2c6f45d594,"{""distance"":5,""physical_error_rate"":0.0005}","{""detection_events"":755058,""detectors_checked"":344752128}"
   1766400,         0,         0,    11.6,exact_mw,70a969f5042aec17ac076c6379f4170fb7c69b8e925756ef3b7334e28a33338b,"{""distance"":5,""physical_error_rate"":0.0001}","{""detection_events"":174201,""detectors_checked"":395673600}"
    832512,         3,         0,    11.7,exact_mw,bb90ec3459e353008cf9a5bb9142bf1e8515517a9e167021b225104594e48e8a,"{""distance"":5,""physical_error_rate"":0.001}","{""detection_events"":815280,""detectors_checked"":186482688,""obs_mistake_mask=E"":3}"
   1952768,         0,         0,    11.6,exact_mw,f32ebecd8e105e50ec838d33c5ed9b45444b6b44a3c6ac541111079f2b14e893,"{""distance"":5,""physical_error_rate"":5e-05}","{""detection_events"":96018,""detectors_checked"":437420032}"
    184320,        18,         0,    11.7,exact_mw,3208f56225bbcac0e2804eb6f92d0a8b681652a702ca1ec920ccd7367f0e0899,"{""distance"":5,""physical_error_rate"":0.002}","{""detection_events"":360117,""detectors_checked"":41287680,""obs_mistake_mask=E"":18}"
   6038528,         0,         0,    31.9,exact_mw,cdc4a450a40af8e24899239080e4c40992fb5baf91c5a31ab3a165eacb3a1ab3,"{""distance"":5,""physical_error_rate"":0.0002}","{""detection_events"":1189280,""detectors_checked"":1352630272}"
   5563392,         0,         0,    31.9,exact_mw,cdc4a450a40af8e24899239080e4c40992fb5baf91c5a31ab3a165eacb3a1ab3,"{""distance"":5,""physical_error_rate"":0.0002}","{""detection_events"":1097065,""detectors_checked"":1246199808}"
   3601408,         0,         0,    22.7,exact_mw,cdc4a450a40af8e24899239080e4c40992fb5baf91c5a31ab3a165eacb3a1ab3,"{""distance"":5,""physical_error_rate"":0.0002}","{""detection_events"":711257,""detectors_checked"":806715392}"
     33280,        35,         0,    32.5,exact_mw,38b7ae1c4e8407fc325e0d9e43e9f92ff26dcb3f5cf7b98d24ea74c9e5188d39,"{""distance"":5,""physical_error_rate"":0.005}","{""detection_events"":160271,""detectors_checked"":7454720,""obs_mistake_mask=E"":35}"
   4941824,         1,         0,    31.8,exact_mw,cb12ae119b9b2ba18d0216e7235b403229e92fd0743ede48fe7f1a2c6f45d594,"{""distance"":5,""physical_error_rate"":0.0005}","{""detection_events"":2428481,""detectors_checked"":1106968576,""obs_mistake_mask=E"":1}"
   2686976,         0,         0,    22.8,exact_mw,cb12ae119b9b2ba18d0216e7235b403229e92fd0743ede48fe7f1a2c6f45d594,"{""distance"":5,""physical_error_rate"":0.0005}","{""detection_events"":1320448,""detectors_checked"":601882624}"
   5089280,         0,         0,    31.9,exact_mw,f32ebecd8e105e50ec838d33c5ed9b45444b6b44a3c6ac541111079f2b14e893,"{""distance"":5,""physical_error_rate"":5e-05}","{""detection_events"":250248,""detectors_checked"":1139998720}"
     34304,        36,         0,    32.4,exact_mw,38b7ae1c4e8407fc325e0d9e43e9f92ff26dcb3f5cf7b98d24ea74c9e5188d39,"{""distance"":5,""physical_error_rate"":0.005}","{""detection_events"":165122,""detectors_checked"":7684096,""obs_mistake_mask=E"":36}"
   4971520,         0,         0,    31.9,exact_mw,70a969f5042aec17ac076c6379f4170fb7c69b8e925756ef3b7334e28a33338b,"{""distance"":5,""physical_error_rate"":0.0001}","{""detection_events"":488523,""detectors_checked"":1113620480}"
   4147200,         0,         0,    31.8,exact_mw,70a969f5042aec17ac076c6379f4170fb7c69b8e925756ef3b7334e28a33338b,"{""distance"":5,""physical_error_rate"":0.0001}","{""detection_events"":407100,""detectors_checked"":928972800}"
   5149696,         0,         0,    31.9,exact_mw,f32ebecd8e105e50ec838d33c5ed9b45444b6b44a3c6ac541111079f2b14e893,"{""distance"":5,""physical_error_rate"":5e-05}","{""detection_events"":253469,""detectors_checked"":1153531904}"
   4793344,         4,         0,    31.9,exact_mw,cb12ae119b9b2ba18d0216e7235b403229e92fd0743ede48fe7f1a2c6f45d594,"{""distance"":5,""physical_error_rate"":0.0005}","{""detection_events"":2358072,""detectors_checked"":1073709056,""obs_mistake_mask=E"":4}"
   1001472,         6,         0,    22.9,exact_mw,bb90ec3459e353008cf9a5bb9142bf1e8515517a9e167021b225104594e48e8a,"{""distance"":5,""physical_error_rate"":0.001}","{""detection_events"":984090,""detectors_checked"":224329728,""obs_mistake_mask=E"":6}"
     33280,        32,         0,    32.4,exact_mw,38b7ae1c4e8407fc325e0d9e43e9f92ff26dcb3f5cf7b98d24ea74c9e5188d39,"{""distance"":5,""physical_error_rate"":0.005}","{""detection_events"":160785,""detectors_checked"":7454720,""obs_mistake_mask=E"":32}"
    277504,        20,         0,    32.2,exact_mw,3208f56225bbcac0e2804eb6f92d0a8b681652a702ca1ec920ccd7367f0e0899,"{""distance"":5,""physical_error_rate"":0.002}","{""detection_events"":539320,""detectors_checked"":62160896,""obs_mistake_mask=E"":20}"
    193536,        12,         0,    23.0,exact_mw,3208f56225bbcac0e2804eb6f92d0a8b681652a702ca1ec920ccd7367f0e0899,"{""distance"":5,""physical_error_rate"":0.002}","{""detection_events"":376188,""detectors_checked"":43352064,""obs_mistake_mask=E"":12}"
   1487872,        10,         0,    32.0,exact_mw,bb90ec3459e353008cf9a5bb9142bf1e8515517a9e167021b225104594e48e8a,"{""distance"":5,""physical_error_rate"":0.001}","{""detection_events"":1464029,""detectors_checked"":333283328,""obs_mistake_mask=E"":10}"
     53248,        64,         0,    32.5,exact_mw,38b7ae1c4e8407fc325e0d9e43e9f92ff26dcb3f5cf7b98d24ea74c9e5188d39,"{""distance"":5,""physical_error_rate"":0.005}","{""detection_events"":255511,""detectors_checked"":11927552,""obs_mistake_mask=E"":64}"
   8394752,         0,         0,    31.9,exact_mw,f32ebecd8e105e50ec838d33c5ed9b45444b6b44a3c6ac541111079f2b14e893,"{""distance"":5,""physical_error_rate"":5e-05}","{""detection_events"":413166,""detectors_checked"":1880424448}"
   6090752,         0,         0,    31.9,exact_mw,70a969f5042aec17ac076c6379f4170fb7c69b8e925756ef3b7334e28a33338b,"{""distance"":5,""physical_error_rate"":0.0001}","{""detection_events"":601336,""detectors_checked"":1364328448}"
     36864,        38,         0,    23.3,exact_mw,38b7ae1c4e8407fc325e0d9e43e9f92ff26dcb3f5cf7b98d24ea74c9e5188d39,"{""distance"":5,""physical_error_rate"":0.005}","{""detection_events"":176194,""detectors_checked"":8257536,""obs_mistake_mask=E"":38}"
     39936,        38,         0,    32.3,exact_mw,38b7ae1c4e8407fc325e0d9e43e9f92ff26dcb3f5cf7b98d24ea74c9e5188d39,"{""distance"":5,""physical_error_rate"":0.005}","{""detection_events"":192100,""detectors_checked"":8945664,""obs_mistake_mask=E"":38}"
   4452352,         0,         0,    16.3,exact_mw,cdc4a450a40af8e24899239080e4c40992fb5baf91c5a31ab3a165eacb3a1ab3,"{""distance"":5,""physical_error_rate"":0.0002}","{""detection_events"":875932,""detectors_checked"":997326848}"
   2073600,         0,         0,    16.3,exact_mw,cb12ae119b9b2ba18d0216e7235b403229e92fd0743ede48fe7f1a2c6f45d594,"{""distance"":5,""physical_error_rate"":0.0005}","{""detection_events"":1020202,""detectors_checked"":464486400}"
   2741248,         0,         0,    16.3,exact_mw,70a969f5042aec17ac076c6379f4170fb7c69b8e925756ef3b7334e28a33338b,"{""distance"":5,""physical_error_rate"":0.0001}","{""detection_events"":270158,""detectors_checked"":614039552}"
    907264,         6,         0,    16.3,exact_mw,bb90ec3459e353008cf9a5bb9142bf1e8515517a9e167021b225104594e48e8a,"{""distance"":5,""physical_error_rate"":0.001}","{""detection_events"":888353,""detectors_checked"":203227136,""obs_mistake_mask=E"":6}"
   2734080,         0,         0,    16.2,exact_mw,f32ebecd8e105e50ec838d33c5ed9b45444b6b44a3c6ac541111079f2b14e893,"{""distance"":5,""physical_error_rate"":5e-05}","{""detection_events"":134394,""detectors_checked"":612433920}"
    189440,        11,         0,    16.4,exact_mw,3208f56225bbcac0e2804eb6f92d0a8b681652a702ca1ec920ccd7367f0e0899,"{""distance"":5,""physical_error_rate"":0.002}","{""detection_events"":369049,""detectors_checked"":42434560,""obs_mistake_mask=E"":11}"
   4795392,         0,         0,    31.9,exact_mw,cdc4a450a40af8e24899239080e4c40992fb5baf91c5a31ab3a165eacb3a1ab3,"{""distance"":5,""physical_error_rate"":0.0002}","{""detection_events"":946557,""detectors_checked"":1074167808}"
   3947520,         0,         0,    31.9,exact_mw,cb12ae119b9b2ba18d0216e7235b403229e92fd0743ede48fe7f1a2c6f45d594,"{""distance"":5,""physical_error_rate"":0.0005}","{""detection_events"":1941737,""detectors_checked"":884244480}"
   1482752,         9,         0,    32.0,exact_mw,bb90ec3459e353008cf9a5bb9142bf1e8515517a9e167021b225104594e48e8a,"{""distance"":5,""physical_error_rate"":0.001}","{""detection_events"":1450664,""detectors_checked"":332136448,""obs_mistake_mask=E"":9}"
   5319680,         0,         0,    22.7,exact_mw,cdc4a450a40af8e24899239080e4c40992fb5baf91c5a31ab3a165eacb3a1ab3,"{""distance"":5,""physical_error_rate"":0.0002}","{""detection_events"":1052363,""detectors_checked"":1191608320}"
    273408,        13,         0,    32.2,exact_mw,3208f56225bbcac0e2804eb6f92d0a8b681652a702ca1ec920ccd7367f0e0899,"{""distance"":5,""physical_error_rate"":0.002}","{""detection_events"":533898,""detectors_checked"":61243392,""obs_mistake_mask=E"":13}"
   3395584,         1,         0,    22.8,exact_mw,cb12ae119b9b2ba18d0216e7235b403229e92fd0743ede48fe7f1a2c6f45d594,"{""distance"":5,""physical_error_rate"":0.0005}","{""detection_events"":1674395,""detectors_checked"":760610816,""obs_mistake_mask=E"":1}"
   3590144,         0,         0,    22.8,exact_mw,70a969f5042aec17ac076c6379f4170fb7c69b8e925756ef3b7334e28a33338b,"{""distance"":5,""physical_error_rate"":0.0001}","{""detection_events"":354343,""detectors_checked"":804192256}"
   1219584,         5,         0,    22.9,exact_mw,bb90ec3459e353008cf9a5bb9142bf1e8515517a9e167021b225104594e48e8a,"{""distance"":5,""physical_error_rate"":0.001}","{""detection_events"":1194780,""detectors_checked"":273186816,""obs_mistake_mask=E"":5}"
   3708928,         0,         0,    22.8,exact_mw,f32ebecd8e105e50ec838d33c5ed9b45444b6b44a3c6ac541111079f2b14e893,"{""distance"":5,""physical_error_rate"":5e-05}","{""detection_events"":183010,""detectors_checked"":830799872}"
    223232,        15,         0,    23.0,exact_mw,3208f56225bbcac0e2804eb6f92d0a8b681652a702ca1ec920ccd7367f0e0899,"{""distance"":5,""physical_error_rate"":0.002}","{""detection_events"":434733,""detectors_checked"":50003968,""obs_mistake_mask=E"":15}"
   7714816,         0,         0,    44.7,exact_mw,70a969f5042aec17ac076c6379f4170fb7c69b8e925756ef3b7334e28a33338b,"{""distance"":5,""physical_error_rate"":0.0001}","{""detection_events"":763559,""detectors_checked"":1728118784}"
   7835648,         0,         0,    44.5,exact_mw,f32ebecd8e105e50ec838d33c5ed9b45444b6b44a3c6ac541111079f2b14e893,"{""distance"":5,""physical_error_rate"":5e-05}","{""detection_events"":386103,""detectors_checked"":1755185152}"
   2423808,        15,         0,    44.8,exact_mw,bb90ec3459e353008cf9a5bb9142bf1e8515517a9e167021b225104594e48e8a,"{""distance"":5,""physical_error_rate"":0.001}","{""detection_events"":2378618,""detectors_checked"":542932992,""obs_mistake_mask=E"":15}"
   7871488,         1,         0,    44.5,exact_mw,cdc4a450a40af8e24899239080e4c40992fb5baf91c5a31ab3a165eacb3a1ab3,"{""distance"":5,""physical_error_rate"":0.0002}","{""detection_events"":1545869,""detectors_checked"":1763213312,""obs_mistake_mask=E"":1}"
   8353792,         0,         0,    44.6,exact_mw,f32ebecd8e105e50ec838d33c5ed9b45444b6b44a3c6ac541111079f2b14e893,"{""distance"":5,""physical_error_rate"":5e-05}","{""detection_events"":415396,""detectors_checked"":1871249408}"
   8010752,         0,         0,    44.5,exact_mw,cdc4a450a40af8e24899239080e4c40992fb5baf91c5a31ab3a165eacb3a1ab3,"{""distance"":5,""physical_error_rate"":0.0002}","{""detection_events"":1579513,""detectors_checked"":1794408448}"
   3006464,        25,         0,    44.8,exact_mw,bb90ec3459e353008cf9a5bb9142bf1e8515517a9e167021b225104594e48e8a,"{""distance"":5,""physical_error_rate"":0.001}","{""detection_events"":2951538,""detectors_checked"":673447936,""obs_mistake_mask=E"":25}"
   8389632,         0,         0,    44.6,exact_mw,70a969f5042aec17ac076c6379f4170fb7c69b8e925756ef3b7334e28a33338b,"{""distance"":5,""physical_error_rate"":0.0001}","{""detection_events"":828267,""detectors_checked"":1879277568}"
   5898240,         1,         0,    44.6,exact_mw,cb12ae119b9b2ba18d0216e7235b403229e92fd0743ede48fe7f1a2c6f45d594,"{""distance"":5,""physical_error_rate"":0.0005}","{""detection_events"":2901041,""detectors_checked"":1321205760,""obs_mistake_mask=E"":1}"
   7115776,         0,         0,    44.6,exact_mw,cdc4a450a40af8e24899239080e4c40992fb5baf91c5a31ab3a165eacb3a1ab3,"{""distance"":5,""physical_error_rate"":0.0002}","{""detection_events"":1405009,""detectors_checked"":1593933824}"
     57344,        52,         0,    32.3,exact_mw,38b7ae1c4e8407fc325e0d9e43e9f92ff26dcb3f5cf7b98d24ea74c9e5188d39,"{""distance"":5,""physical_error_rate"":0.005}","{""detection_events"":272699,""detectors_checked"":12845056,""obs_mistake_mask=E"":52}"
   4873216,         2,         0,    44.7,exact_mw,cb12ae119b9b2ba18d0216e7235b403229e92fd0743ede48fe7f1a2c6f45d594,"{""distance"":5,""physical_error_rate"":0.0005}","{""detection_events"":2398080,""detectors_checked"":1091600384,""obs_mistake_mask=E"":2}"
   6579200,         0,         0,    44.6,exact_mw,70a969f5042aec17ac076c6379f4170fb7c69b8e925756ef3b7334e28a33338b,"{""distance"":5,""physical_error_rate"":0.0001}","{""detection_events"":649779,""detectors_checked"":1473740800}"
   5689344,         3,         0,    44.6,exact_mw,cb12ae119b9b2ba18d0216e7235b403229e92fd0743ede48fe7f1a2c6f45d594,"{""distance"":5,""physical_error_rate"":0.0005}","{""detection_events"":2798789,""detectors_checked"":1274413056,""obs_mistake_mask=E"":3}"
   6964224,         0,         0,    44.6,exact_mw,f32ebecd8e105e50ec838d33c5ed9b45444b6b44a3c6ac541111079f2b14e893,"{""distance"":5,""physical_error_rate"":5e-05}","{""detection_events"":343765,""detectors_checked"":1559986176}"
   2074624,        12,         0,    44.9,exact_mw,bb90ec3459e353008cf9a5bb9142bf1e8515517a9e167021b225104594e48e8a,"{""distance"":5,""physical_error_rate"":0.001}","{""detection_events"":2035967,""detectors_checked"":464715776,""obs_mistake_mask=E"":12}"
    580608,        41,         0,    45.0,exact_mw,3208f56225bbcac0e2804eb6f92d0a8b681652a702ca1ec920ccd7367f0e0899,"{""distance"":5,""physical_error_rate"":0.002}","{""detection_events"":1131775,""detectors_checked"":130056192,""obs_mistake_mask=E"":41}"
   2206720,        17,         0,    44.9,exact_mw,bb90ec3459e353008cf9a5bb9142bf1e8515517a9e167021b225104594e48e8a,"{""distance"":5,""physical_error_rate"":0.001}","{""detection_events"":2162409,""detectors_checked"":494305280,""obs_mistake_mask=E"":17}"
    443392,        31,         0,    45.0,exact_mw,3208f56225bbcac0e2804eb6f92d0a8b681652a702ca1ec920ccd7367f0e0899,"{""distance"":5,""physical_error_rate"":0.002}","{""detection_events"":867665,""detectors_checked"":99319808,""obs_mistake_mask=E"":31}"
    450560,        30,         0,    45.0,exact_mw,3208f56225bbcac0e2804eb6f92d0a8b681652a702ca1ec920ccd7367f0e0899,"{""distance"":5,""physical_error_rate"":0.002}","{""detection_events"":878925,""detectors_checked"":100925440,""obs_mistake_mask=E"":30}"
    421888,        31,         0,    45.1,exact_mw,3208f56225bbcac0e2804eb6f92d0a8b681652a702ca1ec920ccd7367f0e0899,"{""distance"":5,""physical_error_rate"":0.002}","{""detection_events"":822714,""detectors_checked"":94502912,""obs_mistake_mask=E"":31}"
   7864320,         0,         0,    44.7,exact_mw,cdc4a450a40af8e24899239080e4c40992fb5baf91c5a31ab3a165eacb3a1ab3,"{""distance"":5,""physical_error_rate"":0.0002}","{""detection_events"":1547407,""detectors_checked"":1761607680}"
   7973888,         1,         0,    44.6,exact_mw,cdc4a450a40af8e24899239080e4c40992fb5baf91c5a31ab3a165eacb3a1ab3,"{""distance"":5,""physical_error_rate"":0.0002}","{""detection_events"":1571690,""detectors_checked"":1786150912,""obs_mistake_mask=E"":1}"
     44032,        42,         0,    45.0,exact_mw,38b7ae1c4e8407fc325e0d9e43e9f92ff26dcb3f5cf7b98d24ea74c9e5188d39,"{""distance"":5,""physical_error_rate"":0.005}","{""detection_events"":211629,""detectors_checked"":9863168,""obs_mistake_mask=E"":42}"
   6182912,         2,         0,    44.7,exact_mw,cb12ae119b9b2ba18d0216e7235b403229e92fd0743ede48fe7f1a2c6f45d594,"{""distance"":5,""physical_error_rate"":0.0005}","{""detection_events"":3046514,""detectors_checked"":1384972288,""obs_mistake_mask=E"":2}"
   6692864,         0,         0,    44.6,exact_mw,f32ebecd8e105e50ec838d33c5ed9b45444b6b44a3c6ac541111079f2b14e893,"{""distance"":5,""physical_error_rate"":5e-05}","{""detection_events"":331357,""detectors_checked"":1499201536}"
   6169600,         0,         0,    44.6,exact_mw,70a969f5042aec17ac076c6379f4170fb7c69b8e925756ef3b7334e28a33338b,"{""distance"":5,""physical_error_rate"":0.0001}","{""detection_events"":606986,""detectors_checked"":1381990400}"
   6121472,         0,         0,    44.6,exact_mw,70a969f5042aec17ac076c6379f4170fb7c69b8e925756ef3b7334e28a33338b,"{""distance"":5,""physical_error_rate"":0.0001}","{""detection_events"":603632,""detectors_checked"":1371209728}"
   7572480,         0,         0,    44.6,exact_mw,f32ebecd8e105e50ec838d33c5ed9b45444b6b44a3c6ac541111079f2b14e893,"{""distance"":5,""physical_error_rate"":5e-05}","{""detection_events"":374107,""detectors_checked"":1696235520}"
   6363136,         2,         0,    44.6,exact_mw,cb12ae119b9b2ba18d0216e7235b403229e92fd0743ede48fe7f1a2c6f45d594,"{""distance"":5,""physical_error_rate"":0.0005}","{""detection_events"":3133390,""detectors_checked"":1425342464,""obs_mistake_mask=E"":2}"
     46592,        63,         0,    45.1,exact_mw,38b7ae1c4e8407fc325e0d9e43e9f92ff26dcb3f5cf7b98d24ea74c9e5188d39,"{""distance"":5,""physical_error_rate"":0.005}","{""detection_events"":222218,""detectors_checked"":10436608,""obs_mistake_mask=E"":63}"
      8192,         9,         0,    6.57,exact_mw,38b7ae1c4e8407fc325e0d9e43e9f92ff26dcb3f5cf7b98d24ea74c9e5188d39,"{""distance"":5,""physical_error_rate"":0.005}","{""detection_events"":39223,""detectors_checked"":1835008,""obs_mistake_mask=E"":9}"
       512,         0,         0,   0.901,exact_mw,38b7ae1c4e8407fc325e0d9e43e9f92ff26dcb3f5cf7b98d24ea74c9e5188d39,"{""distance"":5,""physical_error_rate"":0.005}","{""detection_events"":2438,""detectors_checked"":114688}"
     45056,        41,         0,    44.4,exact_mw,38b7ae1c4e8407fc325e0d9e43e9f92ff26dcb3f5cf7b98d24ea74c9e5188d39,"{""distance"":5,""physical_error_rate"":0.005}","{""detection_events"":216266,""detectors_checked"":10092544,""obs_mistake_mask=E"":41}"
     76800,        87,         0,    42.4,exact_mw,38b7ae1c4e8407fc325e0d9e43e9f92ff26dcb3f5cf7b98d24ea74c9e5188d39,"{""distance"":5,""physical_error_rate"":0.005}","{""detection_events"":368510,""detectors_checked"":17203200,""obs_mistake_mask=E"":87}"
       512,         1,         0,   0.440,exact_mw,38b7ae1c4e8407fc325e0d9e43e9f92ff26dcb3f5cf7b98d24ea74c9e5188d39,"{""distance"":5,""physical_error_rate"":0.005}","{""detection_events"":2457,""detectors_checked"":114688,""obs_mistake_mask=E"":1}"
     40960,        47,         0,    35.2,exact_mw,38b7ae1c4e8407fc325e0d9e43e9f92ff26dcb3f5cf7b98d24ea74c9e5188d39,"{""distance"":5,""physical_error_rate"":0.005}","{""detection_events"":196866,""detectors_checked"":9175040,""obs_mistake_mask=E"":47}"
    394240,        28,         0,    45.0,exact_mw,3208f56225bbcac0e2804eb6f92d0a8b681652a702ca1ec920ccd7367f0e0899,"{""distance"":5,""physical_error_rate"":0.002}","{""detection_events"":771572,""detectors_checked"":88309760,""obs_mistake_mask=E"":28}"
      2321,         0,         0,   0.011,exact_mw,cb12ae119b9b2ba18d0216e7235b403229e92fd0743ede48fe7f1a2c6f45d594,"{""distance"":5,""physical_error_rate"":0.0005}","{""detection_events"":1060,""detectors_checked"":519904}"
      1024,         0,         0,   0.006,exact_mw,cb12ae119b9b2ba18d0216e7235b403229e92fd0743ede48fe7f1a2c6f45d594,"{""distance"":5,""physical_error_rate"":0.0005}","{""detection_events"":502,""detectors_checked"":229376}"
      2048,         0,         0,   0.009,exact_mw,cb12ae119b9b2ba18d0216e7235b403229e92fd0743ede48fe7f1a2c6f45d594,"{""distance"":5,""physical_error_rate"":0.0005}","{""detection_events"":1102,""detectors_checked"":458752}"
      4096,         0,         0,   0.032,exact_mw,cb12ae119b9b2ba18d0216e7235b403229e92fd0743ede48fe7f1a2c6f45d594,"{""distance"":5,""physical_error_rate"":0.0005}","{""detection_events"":2107,""detectors_checked"":917504}"
      4096,         0,         0,   0.028,exact_mw,cb12ae119b9b2ba18d0216e7235b403229e92fd0743ede48fe7f1a2c6f45d594,"{""distance"":5,""physical_error_rate"":0.0005}","{""detection_events"":1950,""detectors_checked"":917504}"
      8192,         0,         0,   0.055,exact_mw,cb12ae119b9b2ba18d0216e7235b403229e92fd0743ede48fe7f1a2c6f45d594,"{""distance"":5,""physical_error_rate"":0.0005}","{""detection_events"":3915,""detectors_checked"":1835008}"
      9216,         0,         0,   0.085,exact_mw,cb12ae119b9b2ba18d0216e7235b403229e92fd0743ede48fe7f1a2c6f45d594,"{""distance"":5,""physical_error_rate"":0.0005}","{""detection_events"":4433,""detectors_checked"":2064384}"
         1,         0,         0,   0.000,exact_mw,bb90ec3459e353008cf9a5bb9142bf1e8515517a9e167021b225104594e48e8a,"{""distance"":5,""physical_error_rate"":0.001}","{""detectors_checked"":224}"
      1296,         0,         0,   0.035,exact_mw,bb90ec3459e353008cf9a5bb9142bf1e8515517a9e167021b225104594e48e8a,"{""distance"":5,""physical_error_rate"":0.001}","{""detection_events"":1390,""detectors_checked"":290304}"
     14336,         0,         0,   0.106,exact_mw,cb12ae119b9b2ba18d0216e7235b403229e92fd0743ede48fe7f1a2c6f45d594,"{""distance"":5,""physical_error_rate"":0.0005}","{""detection_events"":7074,""detectors_checked"":3211264}"
      1024,         0,         0,   0.011,exact_mw,bb90ec3459e353008cf9a5bb9142bf1e8515517a9e167021b225104594e48e8a,"{""distance"":5,""physical_error_rate"":0.001}","{""detection_events"":1006,""detectors_checked"":229376}"
      1024,         0,         0,   0.027,exact_mw,bb90ec3459e353008cf9a5bb9142bf1e8515517a9e167021b225104594e48e8a,"{""distance"":5,""physical_error_rate"":0.001}","{""detection_events"":1091,""detectors_checked"":229376}"
      3345,         0,         0,   0.011,exact_mw,cdc4a450a40af8e24899239080e4c40992fb5baf91c5a31ab3a165eacb3a1ab3,"{""distance"":5,""physical_error_rate"":0.0002}","{""detection_events"":649,""detectors_checked"":749280}"
      5120,         0,         0,   0.016,exact_mw,cdc4a450a40af8e24899239080e4c40992fb5baf91c5a31ab3a165eacb3a1ab3,"{""distance"":5,""physical_error_rate"":0.0002}","{""detection_events"":951,""detectors_checked"":1146880}"
      7168,         0,         0,   0.022,exact_mw,cdc4a450a40af8e24899239080e4c40992fb5baf91c5a31ab3a165eacb3a1ab3,"{""distance"":5,""physical_error_rate"":0.0002}","{""detection_events"":1410,""detectors_checked"":1605632}"
      2048,         0,         0,   0.058,exact_mw,bb90ec3459e353008cf9a5bb9142bf1e8515517a9e167021b225104594e48e8a,"{""distance"":5,""physical_error_rate"":0.001}","{""detection_events"":2148,""detectors_checked"":458752}"
   1921024,        10,         0,    44.8,exact_mw,bb90ec3459e353008cf9a5bb9142bf1e8515517a9e167021b225104594e48e8a,"{""distance"":5,""physical_error_rate"":0.001}","{""detection_events"":1886601,""detectors_checked"":430309376,""obs_mistake_mask=E"":10}"
      9216,         0,         0,   0.029,exact_mw,cdc4a450a40af8e24899239080e4c40992fb5baf91c5a31ab3a165eacb3a1ab3,"{""distance"":5,""physical_error_rate"":0.0002}","{""detection_events"":1871,""detectors_checked"":2064384}"
     18432,         0,         0,   0.136,exact_mw,cb12ae119b9b2ba18d0216e7235b403229e92fd0743ede48fe7f1a2c6f45d594,"{""distance"":5,""physical_error_rate"":0.0005}","{""detection_events"":9199,""detectors_checked"":4128768}"
         1,         0,         0,   0.000,exact_mw,3208f56225bbcac0e2804eb6f92d0a8b681652a702ca1ec920ccd7367f0e0899,"{""distance"":5,""physical_error_rate"":0.002}","{""detectors_checked"":224}"
         1,         0,         0,   0.000,exact_mw,70a969f5042aec17ac076c6379f4170fb7c69b8e925756ef3b7334e28a33338b,"{""distance"":5,""physical_error_rate"":0.0001}","{""detectors_checked"":224}"
     12288,         0,         0,   0.039,exact_mw,cdc4a450a40af8e24899239080e4c40992fb5baf91c5a31ab3a165eacb3a1ab3,"{""distance"":5,""physical_error_rate"":0.0002}","{""detection_events"":2494,""detectors_checked"":2752512}"
      3072,         0,         0,   0.071,exact_mw,bb90ec3459e353008cf9a5bb9142bf1e8515517a9e167021b225104594e48e8a,"{""distance"":5,""physical_error_rate"":0.001}","{""detection_events"":3001,""detectors_checked"":688128}"
      4368,         0,         0,   0.027,exact_mw,70a969f5042aec17ac076c6379f4170fb7c69b8e925756ef3b7334e28a33338b,"{""distance"":5,""physical_error_rate"":0.0001}","{""detection_events"":469,""detectors_checked"":978432}"
      4096,         0,         0,   0.025,exact_mw,70a969f5042aec17ac076c6379f4170fb7c69b8e925756ef3b7334e28a33338b,"{""distance"":5,""physical_error_rate"":0.0001}","{""detection_events"":435,""detectors_checked"":917504}"
     18432,         0,         0,   0.057,exact_mw,cdc4a450a40af8e24899239080e4c40992fb5baf91c5a31ab3a165eacb3a1ab3,"{""distance"":5,""physical_error_rate"":0.0002}","{""detection_events"":3625,""detectors_checked"":4128768}"
      5120,         0,         0,   0.028,exact_mw,70a969f5042aec17ac076c6379f4170fb7c69b8e925756ef3b7334e28a33338b,"{""distance"":5,""physical_error_rate"":0.0001}","{""detection_events"":484,""detectors_checked"":1146880}"
      4096,         0,         0,   0.078,exact_mw,bb90ec3459e353008cf9a5bb9142bf1e8515517a9e167021b225104594e48e8a,"{""distance"":5,""physical_error_rate"":0.001}","{""detection_events"":4012,""detectors_checked"":917504}"
      1296,         0,         0,   0.115,exact_mw,3208f56225bbcac0e2804eb6f92d0a8b681652a702ca1ec920ccd7367f0e0899,"{""distance"":5,""physical_error_rate"":0.002}","{""detection_events"":2540,""detectors_checked"":290304}"
         1,         0,         0,   0.013,exact_mw,f32ebecd8e105e50ec838d33c5ed9b45444b6b44a3c6ac541111079f2b14e893,"{""distance"":5,""physical_error_rate"":5e-05}","{""detectors_checked"":224}"
      8192,         0,         0,   0.051,exact_mw,70a969f5042aec17ac076c6379f4170fb7c69b8e925756ef3b7334e28a33338b,"{""distance"":5,""physical_error_rate"":0.0001}","{""detection_events"":754,""detectors_checked"":1835008}"
      4368,         0,         0,   0.027,exact_mw,f32ebecd8e105e50ec838d33c5ed9b45444b6b44a3c6ac541111079f2b14e893,"{""distance"":5,""physical_error_rate"":5e-05}","{""detection_events"":169,""detectors_checked"":978432}"
     24576,         0,         0,   0.076,exact_mw,cdc4a450a40af8e24899239080e4c40992fb5baf91c5a31ab3a165eacb3a1ab3,"{""distance"":5,""physical_error_rate"":0.0002}","{""detection_events"":4747,""detectors_checked"":5505024}"
      4096,         0,         0,   0.026,exact_mw,f32ebecd8e105e50ec838d33c5ed9b45444b6b44a3c6ac541111079f2b14e893,"{""distance"":5,""physical_error_rate"":5e-05}","{""detection_events"":241,""detectors_checked"":917504}"
     11264,         0,         0,   0.054,exact_mw,70a969f5042aec17ac076c6379f4170fb7c69b8e925756ef3b7334e28a33338b,"{""distance"":5,""physical_error_rate"":0.0001}","{""detection_events"":1199,""detectors_checked"":2523136}"
      6144,         0,         0,   0.027,exact_mw,f32ebecd8e105e50ec838d33c5ed9b45444b6b44a3c6ac541111079f2b14e893,"{""distance"":5,""physical_error_rate"":5e-05}","{""detection_events"":304,""detectors_checked"":1376256}"
     27648,         0,         0,   0.210,exact_mw,cb12ae119b9b2ba18d0216e7235b403229e92fd0743ede48fe7f1a2c6f45d594,"{""distance"":5,""physical_error_rate"":0.0005}","{""detection_events"":13414,""detectors_checked"":6193152}"
      1024,         0,         0,   0.101,exact_mw,3208f56225bbcac0e2804eb6f92d0a8b681652a702ca1ec920ccd7367f0e0899,"{""distance"":5,""physical_error_rate"":0.002}","{""detection_events"":1965,""detectors_checked"":229376}"
      6144,         0,         0,   0.128,exact_mw,bb90ec3459e353008cf9a5bb9142bf1e8515517a9e167021b225104594e48e8a,"{""distance"":5,""physical_error_rate"":0.001}","{""detection_events"":5947,""detectors_checked"":1376256}"
      5120,         0,         0,   0.028,exact_mw,f32ebecd8e105e50ec838d33c5ed9b45444b6b44a3c6ac541111079f2b14e893,"{""distance"":5,""physical_error_rate"":5e-05}","{""detection_events"":240,""detectors_checked"":1146880}"
     19456,         0,         0,   0.111,exact_mw,cdc4a450a40af8e24899239080e4c40992fb5baf91c5a31ab3a165eacb3a1ab3,"{""distance"":5,""physical_error_rate"":0.0002}","{""detection_events"":3773,""detectors_checked"":4358144}"
     12288,         0,         0,   0.075,exact_mw,70a969f5042aec17ac076c6379f4170fb7c69b8e925756ef3b7334e28a33338b,"{""distance"":5,""physical_error_rate"":0.0001}","{""detection_events"":1237,""detectors_checked"":2752512}"
      1024,         0,         0,   0.062,exact_mw,3208f56225bbcac0e2804eb6f92d0a8b681652a702ca1ec920ccd7367f0e0899,"{""distance"":5,""physical_error_rate"":0.002}","{""detection_events"":2010,""detectors_checked"":229376}"
     10240,         0,         0,   0.056,exact_mw,f32ebecd8e105e50ec838d33c5ed9b45444b6b44a3c6ac541111079f2b14e893,"{""distance"":5,""physical_error_rate"":5e-05}","{""detection_events"":539,""detectors_checked"":2293760}"
     12288,         0,         0,   0.075,exact_mw,f32ebecd8e105e50ec838d33c5ed9b45444b6b44a3c6ac541111079f2b14e893,"{""distance"":5,""physical_error_rate"":5e-05}","{""detection_events"":650,""detectors_checked"":2752512}"
     18432,         0,         0,   0.106,exact_mw,70a969f5042aec17ac076c6379f4170fb7c69b8e925756ef3b7334e28a33338b,"{""distance"":5,""physical_error_rate"":0.0001}","{""detection_events"":1909,""detectors_checked"":4128768}"
      8192,         0,         0,   0.157,exact_mw,bb90ec3459e353008cf9a5bb9142bf1e8515517a9e167021b225104594e48e8a,"{""distance"":5,""physical_error_rate"":0.001}","{""detection_events"":8069,""detectors_checked"":1835008}"
     48128,         0,         0,   0.148,exact_mw,cdc4a450a40af8e24899239080e4c40992fb5baf91c5a31ab3a165eacb3a1ab3,"{""distance"":5,""physical_error_rate"":0.0002}","{""detection_events"":9772,""detectors_checked"":10780672}"
      1024,         0,         0,   0.128,exact_mw,3208f56225bbcac0e2804eb6f92d0a8b681652a702ca1ec920ccd7367f0e0899,"{""distance"":5,""physical_error_rate"":0.002}","{""detection_events"":1921,""detectors_checked"":229376}"
     18432,         0,         0,   0.107,exact_mw,f32ebecd8e105e50ec838d33c5ed9b45444b6b44a3c6ac541111079f2b14e893,"{""distance"":5,""physical_error_rate"":5e-05}","{""detection_events"":845,""detectors_checked"":4128768}"
     35840,         0,         0,   0.285,exact_mw,cb12ae119b9b2ba18d0216e7235b403229e92fd0743ede48fe7f1a2c6f45d594,"{""distance"":5,""physical_error_rate"":0.0005}","{""detection_events"":17857,""detectors_checked"":8028160}"
      1024,         0,         0,   0.097,exact_mw,3208f56225bbcac0e2804eb6f92d0a8b681652a702ca1ec920ccd7367f0e0899,"{""distance"":5,""physical_error_rate"":0.002}","{""detection_events"":1953,""detectors_checked"":229376}"
     26624,         0,         0,   0.152,exact_mw,70a969f5042aec17ac076c6379f4170fb7c69b8e925756ef3b7334e28a33338b,"{""distance"":5,""physical_error_rate"":0.0001}","{""detection_events"":2549,""detectors_checked"":5963776}"
     11264,         0,         0,   0.232,exact_mw,bb90ec3459e353008cf9a5bb9142bf1e8515517a9e167021b225104594e48e8a,"{""distance"":5,""physical_error_rate"":0.001}","{""detection_events"":10825,""detectors_checked"":2523136}"
     68608,         0,         0,   0.207,exact_mw,cdc4a450a40af8e24899239080e4c40992fb5baf91c5a31ab3a165eacb3a1ab3,"{""distance"":5,""physical_error_rate"":0.0002}","{""detection_events"":13153,""detectors_checked"":15368192}"
     24576,         0,         0,   0.150,exact_mw,f32ebecd8e105e50ec838d33c5ed9b45444b6b44a3c6ac541111079f2b14e893,"{""distance"":5,""physical_error_rate"":5e-05}","{""detection_events"":1170,""detectors_checked"":5505024}"
      1024,         0,         0,   0.126,exact_mw,3208f56225bbcac0e2804eb6f92d0a8b681652a702ca1ec920ccd7367f0e0899,"{""distance"":5,""physical_error_rate"":0.002}","{""detection_events"":1962,""detectors_checked"":229376}"
     34816,         0,         0,   0.219,exact_mw,70a969f5042aec17ac076c6379f4170fb7c69b8e925756ef3b7334e28a33338b,"{""distance"":5,""physical_error_rate"":0.0001}","{""detection_events"":3307,""detectors_checked"":7798784}"
      1024,         0,         0,   0.128,exact_mw,3208f56225bbcac0e2804eb6f92d0a8b681652a702ca1ec920ccd7367f0e0899,"{""distance"":5,""physical_error_rate"":0.002}","{""detection_events"":2076,""detectors_checked"":229376}"
     34816,         0,         0,   0.206,exact_mw,f32ebecd8e105e50ec838d33c5ed9b45444b6b44a3c6ac541111079f2b14e893,"{""distance"":5,""physical_error_rate"":5e-05}","{""detection_events"":1757,""detectors_checked"":7798784}"
     49152,         1,         0,   0.288,exact_mw,cdc4a450a40af8e24899239080e4c40992fb5baf91c5a31ab3a165eacb3a1ab3,"{""distance"":5,""physical_error_rate"":0.0002}","{""detection_events"":9706,""detectors_checked"":11010048,""obs_mistake_mask=E"":1}"
     51200,         0,         0,   0.411,exact_mw,cb12ae119b9b2ba18d0216e7235b403229e92fd0743ede48fe7f1a2c6f45d594,"{""distance"":5,""physical_error_rate"":0.0005}","{""detection_events"":25127,""detectors_checked"":11468800}"
     17408,         0,         0,   0.310,exact_mw,bb90ec3459e353008cf9a5bb9142bf1e8515517a9e167021b225104594e48e8a,"{""distance"":5,""physical_error_rate"":0.001}","{""detection_events"":17064,""detectors_checked"":3899392}"
      2048,         0,         0,   0.189,exact_mw,3208f56225bbcac0e2804eb6f92d0a8b681652a702ca1ec920ccd7367f0e0899,"{""distance"":5,""physical_error_rate"":0.002}","{""detection_events"":3961,""detectors_checked"":458752}"
     52224,         0,         0,   0.297,exact_mw,70a969f5042aec17ac076c6379f4170fb7c69b8e925756ef3b7334e28a33338b,"{""distance"":5,""physical_error_rate"":0.0001}","{""detection_events"":5303,""detectors_checked"":11698176}"
     48128,         0,         0,   0.291,exact_mw,f32ebecd8e105e50ec838d33c5ed9b45444b6b44a3c6ac541111079f2b14e893,"{""distance"":5,""physical_error_rate"":5e-05}","{""detection_events"":2385,""detectors_checked"":10780672}"
      3072,         0,         0,   0.234,exact_mw,3208f56225bbcac0e2804eb6f92d0a8b681652a702ca1ec920ccd7367f0e0899,"{""distance"":5,""physical_error_rate"":0.002}","{""detection_events"":5892,""detectors_checked"":688128}"
    129024,         0,         0,   0.402,exact_mw,cdc4a450a40af8e24899239080e4c40992fb5baf91c5a31ab3a165eacb3a1ab3,"{""distance"":5,""physical_error_rate"":0.0002}","{""detection_events"":25526,""detectors_checked"":28901376}"
     20480,         0,         0,   0.434,exact_mw,bb90ec3459e353008cf9a5bb9142bf1e8515517a9e167021b225104594e48e8a,"{""distance"":5,""physical_error_rate"":0.001}","{""detection_events"":20387,""detectors_checked"":4587520}"
     68608,         0,         0,   0.414,exact_mw,70a969f5042aec17ac076c6379f4170fb7c69b8e925756ef3b7334e28a33338b,"{""distance"":5,""physical_error_rate"":0.0001}","{""detection_events"":6491,""detectors_checked"":15368192}"
     71680,         0,         0,   0.569,exact_mw,cb12ae119b9b2ba18d0216e7235b403229e92fd0743ede48fe7f1a2c6f45d594,"{""distance"":5,""physical_error_rate"":0.0005}","{""detection_events"":35115,""detectors_checked"":16056320}"
     69632,         0,         0,   0.415,exact_mw,f32ebecd8e105e50ec838d33c5ed9b45444b6b44a3c6ac541111079f2b14e893,"{""distance"":5,""physical_error_rate"":5e-05}","{""detection_events"":3626,""detectors_checked"":15597568}"
      3072,         0,         0,   0.389,exact_mw,3208f56225bbcac0e2804eb6f92d0a8b681652a702ca1ec920ccd7367f0e0899,"{""distance"":5,""physical_error_rate"":0.002}","{""detection_events"":6071,""detectors_checked"":688128}"
    143360,         0,         0,   0.562,exact_mw,cdc4a450a40af8e24899239080e4c40992fb5baf91c5a31ab3a165eacb3a1ab3,"{""distance"":5,""physical_error_rate"":0.0002}","{""detection_events"":27835,""detectors_checked"":32112640}"
     37888,         0,         0,   0.570,exact_mw,bb90ec3459e353008cf9a5bb9142bf1e8515517a9e167021b225104594e48e8a,"{""distance"":5,""physical_error_rate"":0.001}","{""detection_events"":37136,""detectors_checked"":8486912}"
     94208,         0,         0,   0.554,exact_mw,70a969f5042aec17ac076c6379f4170fb7c69b8e925756ef3b7334e28a33338b,"{""distance"":5,""physical_error_rate"":0.0001}","{""detection_events"":9127,""detectors_checked"":21102592}"
      4096,         0,         0,   0.511,exact_mw,3208f56225bbcac0e2804eb6f92d0a8b681652a702ca1ec920ccd7367f0e0899,"{""distance"":5,""physical_error_rate"":0.002}","{""detection_events"":8140,""detectors_checked"":917504}"
     96256,         0,         0,   0.579,exact_mw,f32ebecd8e105e50ec838d33c5ed9b45444b6b44a3c6ac541111079f2b14e893,"{""distance"":5,""physical_error_rate"":5e-05}","{""detection_events"":4670,""detectors_checked"":21561344}"
    183296,         0,         0,   0.791,exact_mw,cb12ae119b9b2ba18d0216e7235b403229e92fd0743ede48fe7f1a2c6f45d594,"{""distance"":5,""physical_error_rate"":0.0005}","{""detection_events"":90626,""detectors_checked"":41058304}"
      5120,         1,         0,   0.554,exact_mw,3208f56225bbcac0e2804eb6f92d0a8b681652a702ca1ec920ccd7367f0e0899,"{""distance"":5,""physical_error_rate"":0.002}","{""detection_events"":10079,""detectors_checked"":1146880,""obs_mistake_mask=E"":1}"
    188416,         0,         0,   0.805,exact_mw,cdc4a450a40af8e24899239080e4c40992fb5baf91c5a31ab3a165eacb3a1ab3,"{""distance"":5,""physical_error_rate"":0.0002}","{""detection_events"":37165,""detectors_checked"":42205184}"
     69632,         0,         0,   0.801,exact_mw,bb90ec3459e353008cf9a5bb9142bf1e8515517a9e167021b225104594e48e8a,"{""distance"":5,""physical_error_rate"":0.001}","{""detection_events"":68854,""detectors_checked"":15597568}"
  10609664,         0,         0,    44.5,exact_mw,f32ebecd8e105e50ec838d33c5ed9b45444b6b44a3c6ac541111079f2b14e893,"{""distance"":5,""physical_error_rate"":5e-05}","{""detection_events"":525205,""detectors_checked"":2376564736}"
    135168,         0,         0,   0.799,exact_mw,70a969f5042aec17ac076c6379f4170fb7c69b8e925756ef3b7334e28a33338b,"{""distance"":5,""physical_error_rate"":0.0001}","{""detection_events"":13265,""detectors_checked"":30277632}"
    135168,         0,         0,   0.799,exact_mw,f32ebecd8e105e50ec838d33c5ed9b45444b6b44a3c6ac541111079f2b14e893,"{""distance"":5,""physical_error_rate"":5e-05}","{""detection_events"":6563,""detectors_checked"":30277632}"
   7523328,         0,         0,    44.7,exact_mw,70a969f5042aec17ac076c6379f4170fb7c69b8e925756ef3b7334e28a33338b,"{""distance"":5,""physical_error_rate"":0.0001}","{""detection_events"":741168,""detectors_checked"":1685225472}"
    264192,         0,         0,    1.11,exact_mw,cb12ae119b9b2ba18d0216e7235b403229e92fd0743ede48fe7f1a2c6f45d594,"{""distance"":5,""physical_error_rate"":0.0005}","{""detection_events"":130689,""detectors_checked"":59179008}"
      8192,         0,         0,   0.807,exact_mw,3208f56225bbcac0e2804eb6f92d0a8b681652a702ca1ec920ccd7367f0e0899,"{""distance"":5,""physical_error_rate"":0.002}","{""detection_events"":15820,""detectors_checked"":1835008}"
    186368,         0,         0,    1.11,exact_mw,cdc4a450a40af8e24899239080e4c40992fb5baf91c5a31ab3a165eacb3a1ab3,"{""distance"":5,""physical_error_rate"":0.0002}","{""detection_events"":36957,""detectors_checked"":41746432}"
     58368,         1,         0,    1.12,exact_mw,bb90ec3459e353008cf9a5bb9142bf1e8515517a9e167021b225104594e48e8a,"{""distance"":5,""physical_error_rate"":0.001}","{""detection_events"":57015,""detectors_checked"":13074432,""obs_mistake_mask=E"":1}"
    189440,         0,         0,    1.11,exact_mw,70a969f5042aec17ac076c6379f4170fb7c69b8e925756ef3b7334e28a33338b,"{""distance"":5,""physical_error_rate"":0.0001}","{""detection_events"":18552,""detectors_checked"":42434560}"
    186368,         0,         0,    1.11,exact_mw,f32ebecd8e105e50ec838d33c5ed9b45444b6b44a3c6ac541111079f2b14e893,"{""distance"":5,""physical_error_rate"":5e-05}","{""detection_events"":9201,""detectors_checked"":41746432}"
     10240,         0,         0,    1.24,exact_mw,3208f56225bbcac0e2804eb6f92d0a8b681652a702ca1ec920ccd7367f0e0899,"{""distance"":5,""physical_error_rate"":0.002}","{""detection_events"":20521,""detectors_checked"":2293760}"
    329728,         0,         0,    1.54,exact_mw,cb12ae119b9b2ba18d0216e7235b403229e92fd0743ede48fe7f1a2c6f45d594,"{""distance"":5,""physical_error_rate"":0.0005}","{""detection_events"":161440,""detectors_checked"":73859072}"
    252928,         0,         0,    1.53,exact_mw,cdc4a450a40af8e24899239080e4c40992fb5baf91c5a31ab3a165eacb3a1ab3,"{""distance"":5,""physical_error_rate"":0.0002}","{""detection_events"":49464,""detectors_checked"":56655872}"
     88064,         0,         0,    1.56,exact_mw,bb90ec3459e353008cf9a5bb9142bf1e8515517a9e167021b225104594e48e8a,"{""distance"":5,""physical_error_rate"":0.001}","{""detection_events"":86651,""detectors_checked"":19726336}"
    259072,         0,         0,    1.55,exact_mw,70a969f5042aec17ac076c6379f4170fb7c69b8e925756ef3b7334e28a33338b,"{""distance"":5,""physical_error_rate"":0.0001}","{""detection_events"":25710,""detectors_checked"":58032128}"
    256000,         0,         0,    1.55,exact_mw,f32ebecd8e105e50ec838d33c5ed9b45444b6b44a3c6ac541111079f2b14e893,"{""distance"":5,""physical_error_rate"":5e-05}","{""detection_events"":12548,""detectors_checked"":57344000}"
     11264,         1,         0,    1.61,exact_mw,3208f56225bbcac0e2804eb6f92d0a8b681652a702ca1ec920ccd7367f0e0899,"{""distance"":5,""physical_error_rate"":0.002}","{""detection_events"":21662,""detectors_checked"":2523136,""obs_mistake_mask=E"":1}"
    501760,         0,         0,    2.17,exact_mw,cb12ae119b9b2ba18d0216e7235b403229e92fd0743ede48fe7f1a2c6f45d594,"{""distance"":5,""physical_error_rate"":0.0005}","{""detection_events"":244844,""detectors_checked"":112394240}"
    575488,         0,         0,    2.15,exact_mw,cdc4a450a40af8e24899239080e4c40992fb5baf91c5a31ab3a165eacb3a1ab3,"{""distance"":5,""physical_error_rate"":0.0002}","{""detection_events"":113459,""detectors_checked"":128909312}"
    106496,         1,         0,    2.18,exact_mw,bb90ec3459e353008cf9a5bb9142bf1e8515517a9e167021b225104594e48e8a,"{""distance"":5,""physical_error_rate"":0.001}","{""detection_events"":105415,""detectors_checked"":23855104,""obs_mistake_mask=E"":1}"
    361472,         0,         0,    2.16,exact_mw,70a969f5042aec17ac076c6379f4170fb7c69b8e925756ef3b7334e28a33338b,"{""distance"":5,""physical_error_rate"":0.0001}","{""detection_events"":35190,""detectors_checked"":80969728}"
    359424,         0,         0,    2.16,exact_mw,f32ebecd8e105e50ec838d33c5ed9b45444b6b44a3c6ac541111079f2b14e893,"{""distance"":5,""physical_error_rate"":5e-05}","{""detection_events"":17360,""detectors_checked"":80510976}"
     18432,         3,         0,    2.21,exact_mw,3208f56225bbcac0e2804eb6f92d0a8b681652a702ca1ec920ccd7367f0e0899,"{""distance"":5,""physical_error_rate"":0.002}","{""detection_events"":35258,""detectors_checked"":4128768,""obs_mistake_mask=E"":3}"
    604160,         0,         0,    3.04,exact_mw,cb12ae119b9b2ba18d0216e7235b403229e92fd0743ede48fe7f1a2c6f45d594,"{""distance"":5,""physical_error_rate"":0.0005}","{""detection_events"":297754,""detectors_checked"":135331840}"
    918528,         0,         0,    3.03,exact_mw,cdc4a450a40af8e24899239080e4c40992fb5baf91c5a31ab3a165eacb3a1ab3,"{""distance"":5,""physical_error_rate"":0.0002}","{""detection_events"":181111,""detectors_checked"":205750272}"
    182272,         1,         0,    3.05,exact_mw,bb90ec3459e353008cf9a5bb9142bf1e8515517a9e167021b225104594e48e8a,"{""distance"":5,""physical_error_rate"":0.001}","{""detection_events"":179883,""detectors_checked"":40828928,""obs_mistake_mask=E"":1}"
    505856,         0,         0,    3.02,exact_mw,70a969f5042aec17ac076c6379f4170fb7c69b8e925756ef3b7334e28a33338b,"{""distance"":5,""physical_error_rate"":0.0001}","{""detection_events"":49585,""detectors_checked"":113311744}"
    504832,         0,         0,    3.04,exact_mw,f32ebecd8e105e50ec838d33c5ed9b45444b6b44a3c6ac541111079f2b14e893,"{""distance"":5,""physical_error_rate"":5e-05}","{""detection_events"":25081,""detectors_checked"":113082368}"
     23552,         2,         0,    3.08,exact_mw,3208f56225bbcac0e2804eb6f92d0a8b681652a702ca1ec920ccd7367f0e0899,"{""distance"":5,""physical_error_rate"":0.002}","{""detection_events"":46242,""detectors_checked"":5275648,""obs_mistake_mask=E"":2}"
    557056,         1,         0,    4.23,exact_mw,cb12ae119b9b2ba18d0216e7235b403229e92fd0743ede48fe7f1a2c6f45d594,"{""distance"":5,""physical_error_rate"":0.0005}","{""detection_events"":274082,""detectors_checked"":124780544,""obs_mistake_mask=E"":1}"
   1206272,         0,         0,    4.24,exact_mw,cdc4a450a40af8e24899239080e4c40992fb5baf91c5a31ab3a165eacb3a1ab3,"{""distance"":5,""physical_error_rate"":0.0002}","{""detection_events"":239266,""detectors_checked"":270204928}"
    204800,         0,         0,    4.25,exact_mw,bb90ec3459e353008cf9a5bb9142bf1e8515517a9e167021b225104594e48e8a,"{""distance"":5,""physical_error_rate"":0.001}","{""detection_events"":200175,""detectors_checked"":45875200}"
    462848,         0,         0,    4.24,exact_mw,70a969f5042aec17ac076c6379f4170fb7c69b8e925756ef3b7334e28a33338b,"{""distance"":5,""physical_error_rate"":0.0001}","{""detection_events"":45515,""detectors_checked"":103677952}"
    635904,         0,         0,    4.22,exact_mw,f32ebecd8e105e50ec838d33c5ed9b45444b6b44a3c6ac541111079f2b14e893,"{""distance"":5,""physical_error_rate"":5e-05}","{""detection_events"":31721,""detectors_checked"":142442496}"
     37888,         5,         0,    4.31,exact_mw,3208f56225bbcac0e2804eb6f92d0a8b681652a702ca1ec920ccd7367f0e0899,"{""distance"":5,""physical_error_rate"":0.002}","{""detection_events"":73827,""detectors_checked"":8486912,""obs_mistake_mask=E"":5}"
   8658944,         0,         0,    31.9,exact_mw,cdc4a450a40af8e24899239080e4c40992fb5baf91c5a31ab3a165eacb3a1ab3,"{""distance"":5,""physical_error_rate"":0.0002}","{""detection_events"":1703859,""detectors_checked"":1939603456}"
   5338112,         2,         0,    31.9,exact_mw,cb12ae119b9b2ba18d0216e7235b403229e92fd0743ede48fe7f1a2c6f45d594,"{""distance"":5,""physical_error_rate"":0.0005}","{""detection_events"":2627053,""detectors_checked"":1195737088,""obs_mistake_mask=E"":2}"
   4890624,         0,         0,    31.8,exact_mw,70a969f5042aec17ac076c6379f4170fb7c69b8e925756ef3b7334e28a33338b,"{""distance"":5,""physical_error_rate"":0.0001}","{""detection_events"":480009,""detectors_checked"":1095499776}"
   1656832,        11,         0,    32.0,exact_mw,bb90ec3459e353008cf9a5bb9142bf1e8515517a9e167021b225104594e48e8a,"{""distance"":5,""physical_error_rate"":0.001}","{""detection_events"":1626152,""detectors_checked"":371130368,""obs_mistake_mask=E"":11}"
   4387840,         0,         0,    31.9,exact_mw,f32ebecd8e105e50ec838d33c5ed9b45444b6b44a3c6ac541111079f2b14e893,"{""distance"":5,""physical_error_rate"":5e-05}","{""detection_events"":216850,""detectors_checked"":982876160}"
    318464,        17,         0,    32.1,exact_mw,3208f56225bbcac0e2804eb6f92d0a8b681652a702ca1ec920ccd7367f0e0899,"{""distance"":5,""physical_error_rate"":0.002}","{""detection_events"":620277,""detectors_checked"":71335936,""obs_mistake_mask=E"":17}"
   1292288,         2,         0,    5.95,exact_mw,cb12ae119b9b2ba18d0216e7235b403229e92fd0743ede48fe7f1a2c6f45d594,"{""distance"":5,""physical_error_rate"":0.0005}","{""detection_events"":635968,""detectors_checked"":289472512,""obs_mistake_mask=E"":2}"
   1234944,         0,         0,    5.95,exact_mw,cdc4a450a40af8e24899239080e4c40992fb5baf91c5a31ab3a165eacb3a1ab3,"{""distance"":5,""physical_error_rate"":0.0002}","{""detection_events"":243240,""detectors_checked"":276627456}"
    471040,         1,         0,    5.97,exact_mw,bb90ec3459e353008cf9a5bb9142bf1e8515517a9e167021b225104594e48e8a,"{""distance"":5,""physical_error_rate"":0.001}","{""detection_events"":463439,""detectors_checked"":105512960,""obs_mistake_mask=E"":1}"
    784384,         0,         0,    5.92,exact_mw,70a969f5042aec17ac076c6379f4170fb7c69b8e925756ef3b7334e28a33338b,"{""distance"":5,""physical_error_rate"":0.0001}","{""detection_events"":77130,""detectors_checked"":175702016}"
    854016,         0,         0,    5.94,exact_mw,f32ebecd8e105e50ec838d33c5ed9b45444b6b44a3c6ac541111079f2b14e893,"{""distance"":5,""physical_error_rate"":5e-05}","{""detection_events"":42931,""detectors_checked"":191299584}"
     54272,         6,         0,    6.04,exact_mw,3208f56225bbcac0e2804eb6f92d0a8b681652a702ca1ec920ccd7367f0e0899,"{""distance"":5,""physical_error_rate"":0.002}","{""detection_events"":105592,""detectors_checked"":12156928,""obs_mistake_mask=E"":6}"
   7067648,         0,         0,    44.6,exact_mw,cdc4a450a40af8e24899239080e4c40992fb5baf91c5a31ab3a165eacb3a1ab3,"{""distance"":5,""physical_error_rate"":0.0002}","{""detection_events"":1393790,""detectors_checked"":1583153152}"
   1846272,         1,         0,    8.29,exact_mw,cb12ae119b9b2ba18d0216e7235b403229e92fd0743ede48fe7f1a2c6f45d594,"{""distance"":5,""physical_error_rate"":0.0005}","{""detection_events"":906986,""detectors_checked"":413564928,""obs_mistake_mask=E"":1}"
   5575680,         1,         0,    44.6,exact_mw,cb12ae119b9b2ba18d0216e7235b403229e92fd0743ede48fe7f1a2c6f45d594,"{""distance"":5,""physical_error_rate"":0.0005}","{""detection_events"":2747524,""detectors_checked"":1248952320,""obs_mistake_mask=E"":1}"
   2230272,         0,         0,    8.31,exact_mw,cdc4a450a40af8e24899239080e4c40992fb5baf91c5a31ab3a165eacb3a1ab3,"{""distance"":5,""physical_error_rate"":0.0002}","{""detection_events"":440613,""detectors_checked"":499580928}"
    724992,         2,         0,    8.33,exact_mw,bb90ec3459e353008cf9a5bb9142bf1e8515517a9e167021b225104594e48e8a,"{""distance"":5,""physical_error_rate"":0.001}","{""detection_events"":711298,""detectors_checked"":162398208,""obs_mistake_mask=E"":2}"
   1095680,         0,         0,    8.31,exact_mw,70a969f5042aec17ac076c6379f4170fb7c69b8e925756ef3b7334e28a33338b,"{""distance"":5,""physical_error_rate"":0.0001}","{""detection_events"":108249,""detectors_checked"":245432320}"
   1082368,         0,         0,    8.29,exact_mw,f32ebecd8e105e50ec838d33c5ed9b45444b6b44a3c6ac541111079f2b14e893,"{""distance"":5,""physical_error_rate"":5e-05}","{""detection_events"":53929,""detectors_checked"":242450432}"
   1662976,        12,         0,    44.8,exact_mw,bb90ec3459e353008cf9a5bb9142bf1e8515517a9e167021b225104594e48e8a,"{""distance"":5,""physical_error_rate"":0.001}","{""detection_events"":1629989,""detectors_checked"":372506624,""obs_mistake_mask=E"":12}"
     76800,         6,         0,    8.39,exact_mw,3208f56225bbcac0e2804eb6f92d0a8b681652a702ca1ec920ccd7367f0e0899,"{""distance"":5,""physical_error_rate"":0.002}","{""detection_events"":149909,""detectors_checked"":17203200,""obs_mistake_mask=E"":6}"
    380928,        23,         0,    45.1,exact_mw,3208f56225bbcac0e2804eb6f92d0a8b681652a702ca1ec920ccd7367f0e0899,"{""distance"":5,""physical_error_rate"":0.002}","{""detection_events"":743566,""detectors_checked"":85327872,""obs_mistake_mask=E"":23}"
   2729984,         1,         0,    11.6,exact_mw,cb12ae119b9b2ba18d0216e7235b403229e92fd0743ede48fe7f1a2c6f45d594,"{""distance"":5,""physical_error_rate"":0.0005}","{""detection_events"":1344225,""detectors_checked"":611516416,""obs_mistake_mask=E"":1}"
   2809856,         0,         0,    11.6,exact_mw,cdc4a450a40af8e24899239080e4c40992fb5baf91c5a31ab3a165eacb3a1ab3,"{""distance"":5,""physical_error_rate"":0.0002}","{""detection_events"":554853,""detectors_checked"":629407744}"
    834560,         6,         0,    11.7,exact_mw,bb90ec3459e353008cf9a5bb9142bf1e8515517a9e167021b225104594e48e8a,"{""distance"":5,""physical_error_rate"":0.001}","{""detection_events"":820796,""detectors_checked"":186941440,""obs_mistake_mask=E"":6}"
   1260544,         0,         0,    11.7,exact_mw,70a969f5042aec17ac076c6379f4170fb7c69b8e925756ef3b7334e28a33338b,"{""distance"":5,""physical_error_rate"":0.0001}","{""detection_events"":124571,""detectors_checked"":282361856}"
   1645568,         0,         0,    11.6,exact_mw,f32ebecd8e105e50ec838d33c5ed9b45444b6b44a3c6ac541111079f2b14e893,"{""distance"":5,""physical_error_rate"":5e-05}","{""detection_events"":80795,""detectors_checked"":368607232}"
    114688,        10,         0,    11.7,exact_mw,3208f56225bbcac0e2804eb6f92d0a8b681652a702ca1ec920ccd7367f0e0899,"{""distance"":5,""physical_error_rate"":0.002}","{""detection_events"":224750,""detectors_checked"":25690112,""obs_mistake_mask=E"":10}"
  11446272,         0,         0,    62.5,exact_mw,70a969f5042aec17ac076c6379f4170fb7c69b8e925756ef3b7334e28a33338b,"{""distance"":5,""physical_error_rate"":0.0001}","{""detection_events"":1126906,""detectors_checked"":2563964928}"
  11421696,         0,         0,    62.5,exact_mw,f32ebecd8e105e50ec838d33c5ed9b45444b6b44a3c6ac541111079f2b14e893,"{""distance"":5,""physical_error_rate"":5e-05}","{""detection_events"":564053,""detectors_checked"":2558459904}"
   2941952,        16,         0,    62.8,exact_mw,bb90ec3459e353008cf9a5bb9142bf1e8515517a9e167021b225104594e48e8a,"{""distance"":5,""physical_error_rate"":0.001}","{""detection_events"":2889853,""detectors_checked"":658997248,""obs_mistake_mask=E"":16}"
  11346944,         0,         0,    62.5,exact_mw,cdc4a450a40af8e24899239080e4c40992fb5baf91c5a31ab3a165eacb3a1ab3,"{""distance"":5,""physical_error_rate"":0.0002}","{""detection_events"":2241324,""detectors_checked"":2541715456}"
  12249088,         0,         0,    62.4,exact_mw,f32ebecd8e105e50ec838d33c5ed9b45444b6b44a3c6ac541111079f2b14e893,"{""distance"":5,""physical_error_rate"":5e-05}","{""detection_events"":603828,""detectors_checked"":2743795712}"
   8582144,         0,         0,    62.4,exact_mw,cdc4a450a40af8e24899239080e4c40992fb5baf91c5a31ab3a165eacb3a1ab3,"{""distance"":5,""physical_error_rate"":0.0002}","{""detection_events"":1695022,""detectors_checked"":1922400256}"
   4526080,        19,         0,    62.8,exact_mw,bb90ec3459e353008cf9a5bb9142bf1e8515517a9e167021b225104594e48e8a,"{""distance"":5,""physical_error_rate"":0.001}","{""detection_events"":4443505,""detectors_checked"":1013841920,""obs_mistake_mask=E"":19}"
  11046912,         0,         0,    62.5,exact_mw,70a969f5042aec17ac076c6379f4170fb7c69b8e925756ef3b7334e28a33338b,"{""distance"":5,""physical_error_rate"":0.0001}","{""detection_events"":1089870,""detectors_checked"":2474508288}"
   8226816,         3,         0,    62.4,exact_mw,cb12ae119b9b2ba18d0216e7235b403229e92fd0743ede48fe7f1a2c6f45d594,"{""distance"":5,""physical_error_rate"":0.0005}","{""detection_events"":4055237,""detectors_checked"":1842806784,""obs_mistake_mask=E"":3}"
  10005504,         0,         0,    62.5,exact_mw,cdc4a450a40af8e24899239080e4c40992fb5baf91c5a31ab3a165eacb3a1ab3,"{""distance"":5,""physical_error_rate"":0.0002}","{""detection_events"":1973193,""detectors_checked"":2241232896}"
   6162432,         6,         0,    62.4,exact_mw,cb12ae119b9b2ba18d0216e7235b403229e92fd0743ede48fe7f1a2c6f45d594,"{""distance"":5,""physical_error_rate"":0.0005}","{""detection_events"":3039747,""detectors_checked"":1380384768,""obs_mistake_mask=E"":6}"
   8328192,         0,         0,    62.3,exact_mw,70a969f5042aec17ac076c6379f4170fb7c69b8e925756ef3b7334e28a33338b,"{""distance"":5,""physical_error_rate"":0.0001}","{""detection_events"":822445,""detectors_checked"":1865515008}"
   9788416,         0,         0,    62.4,exact_mw,f32ebecd8e105e50ec838d33c5ed9b45444b6b44a3c6ac541111079f2b14e893,"{""distance"":5,""physical_error_rate"":5e-05}","{""detection_events"":483226,""detectors_checked"":2192605184}"
   7085056,         0,         0,    62.5,exact_mw,cb12ae119b9b2ba18d0216e7235b403229e92fd0743ede48fe7f1a2c6f45d594,"{""distance"":5,""physical_error_rate"":0.0005}","{""detection_events"":3480934,""detectors_checked"":1587052544}"
   2868224,        10,         0,    62.7,exact_mw,bb90ec3459e353008cf9a5bb9142bf1e8515517a9e167021b225104594e48e8a,"{""distance"":5,""physical_error_rate"":0.001}","{""detection_events"":2812348,""detectors_checked"":642482176,""obs_mistake_mask=E"":10}"
    956416,        61,         0,    63.0,exact_mw,3208f56225bbcac0e2804eb6f92d0a8b681652a702ca1ec920ccd7367f0e0899,"{""distance"":5,""physical_error_rate"":0.002}","{""detection_events"":1868255,""detectors_checked"":214237184,""obs_mistake_mask=E"":61}"
   2733056,         6,         0,    62.7,exact_mw,bb90ec3459e353008cf9a5bb9142bf1e8515517a9e167021b225104594e48e8a,"{""distance"":5,""physical_error_rate"":0.001}","{""detection_events"":2682324,""detectors_checked"":612204544,""obs_mistake_mask=E"":6}"
    578560,        44,         0,    62.9,exact_mw,3208f56225bbcac0e2804eb6f92d0a8b681652a702ca1ec920ccd7367f0e0899,"{""distance"":5,""physical_error_rate"":0.002}","{""detection_events"":1129418,""detectors_checked"":129597440,""obs_mistake_mask=E"":44}"
    570368,        33,         0,    62.9,exact_mw,3208f56225bbcac0e2804eb6f92d0a8b681652a702ca1ec920ccd7367f0e0899,"{""distance"":5,""physical_error_rate"":0.002}","{""detection_events"":1116834,""detectors_checked"":127762432,""obs_mistake_mask=E"":33}"
    527360,        23,         0,    63.0,exact_mw,3208f56225bbcac0e2804eb6f92d0a8b681652a702ca1ec920ccd7367f0e0899,"{""distance"":5,""physical_error_rate"":0.002}","{""detection_events"":1028259,""detectors_checked"":118128640,""obs_mistake_mask=E"":23}"
   2282496,         0,         0,    16.3,exact_mw,cb12ae119b9b2ba18d0216e7235b403229e92fd0743ede48fe7f1a2c6f45d594,"{""distance"":5,""physical_error_rate"":0.0005}","{""detection_events"":1122874,""detectors_checked"":511279104}"
   3357696,         0,         0,    16.3,exact_mw,cdc4a450a40af8e24899239080e4c40992fb5baf91c5a31ab3a165eacb3a1ab3,"{""distance"":5,""physical_error_rate"":0.0002}","{""detection_events"":663247,""detectors_checked"":752123904}"
    989184,        12,         0,    16.4,exact_mw,bb90ec3459e353008cf9a5bb9142bf1e8515517a9e167021b225104594e48e8a,"{""distance"":5,""physical_error_rate"":0.001}","{""detection_events"":967797,""detectors_checked"":221577216,""obs_mistake_mask=E"":12}"
   2433024,         0,         0,    16.2,exact_mw,70a969f5042aec17ac076c6379f4170fb7c69b8e925756ef3b7334e28a33338b,"{""distance"":5,""physical_error_rate"":0.0001}","{""detection_events"":241546,""detectors_checked"":544997376}"
   2516992,         0,         0,    16.3,exact_mw,f32ebecd8e105e50ec838d33c5ed9b45444b6b44a3c6ac541111079f2b14e893,"{""distance"":5,""physical_error_rate"":5e-05}","{""detection_events"":124599,""detectors_checked"":563806208}"
    163840,        11,         0,    16.5,exact_mw,3208f56225bbcac0e2804eb6f92d0a8b681652a702ca1ec920ccd7367f0e0899,"{""distance"":5,""physical_error_rate"":0.002}","{""detection_events"":320253,""detectors_checked"":36700160,""obs_mistake_mask=E"":11}"
  13836288,         0,         0,    62.5,exact_mw,cdc4a450a40af8e24899239080e4c40992fb5baf91c5a31ab3a165eacb3a1ab3,"{""distance"":5,""physical_error_rate"":0.0002}","{""detection_events"":2729175,""detectors_checked"":3099328512}"
  13617152,         0,         0,    62.5,exact_mw,cdc4a450a40af8e24899239080e4c40992fb5baf91c5a31ab3a165eacb3a1ab3,"{""distance"":5,""physical_error_rate"":0.0002}","{""detection_events"":2683829,""detectors_checked"":3050242048}"
  10082304,        10,         0,    62.5,exact_mw,cb12ae119b9b2ba18d0216e7235b403229e92fd0743ede48fe7f1a2c6f45d594,"{""distance"":5,""physical_error_rate"":0.0005}","{""detection_events"":4960421,""detectors_checked"":2258436096,""obs_mistake_mask=E"":10}"
   9541632,         0,         0,    62.4,exact_mw,f32ebecd8e105e50ec838d33c5ed9b45444b6b44a3c6ac541111079f2b14e893,"{""distance"":5,""physical_error_rate"":5e-05}","{""detection_events"":470873,""detectors_checked"":2137325568}"
   8457216,         0,         0,    62.4,exact_mw,70a969f5042aec17ac076c6379f4170fb7c69b8e925756ef3b7334e28a33338b,"{""distance"":5,""physical_error_rate"":0.0001}","{""detection_events"":832775,""detectors_checked"":1894416384}"
   9602048,         0,         0,    62.4,exact_mw,f32ebecd8e105e50ec838d33c5ed9b45444b6b44a3c6ac541111079f2b14e893,"{""distance"":5,""physical_error_rate"":5e-05}","{""detection_events"":473477,""detectors_checked"":2150858752}"
   9971712,         0,         0,    62.3,exact_mw,70a969f5042aec17ac076c6379f4170fb7c69b8e925756ef3b7334e28a33338b,"{""distance"":5,""physical_error_rate"":0.0001}","{""detection_events"":979568,""detectors_checked"":2233663488}"
   8869888,         4,         0,    62.5,exact_mw,cb12ae119b9b2ba18d0216e7235b403229e92fd0743ede48fe7f1a2c6f45d594,"{""distance"":5,""physical_error_rate"":0.0005}","{""detection_events"":4366022,""detectors_checked"":1986854912,""obs_mistake_mask=E"":4}"
    531456,        25,         0,    63.0,exact_mw,3208f56225bbcac0e2804eb6f92d0a8b681652a702ca1ec920ccd7367f0e0899,"{""distance"":5,""physical_error_rate"":0.002}","{""detection_events"":1037435,""detectors_checked"":119046144,""obs_mistake_mask=E"":25}"
   2363392,        15,         0,    62.8,exact_mw,bb90ec3459e353008cf9a5bb9142bf1e8515517a9e167021b225104594e48e8a,"{""distance"":5,""physical_error_rate"":0.001}","{""detection_events"":2324211,""detectors_checked"":529399808,""obs_mistake_mask=E"":15}"
  10468352,         0,         0,    44.7,exact_mw,cdc4a450a40af8e24899239080e4c40992fb5baf91c5a31ab3a165eacb3a1ab3,"{""distance"":5,""physical_error_rate"":0.0002}","{""detection_events"":2064051,""detectors_checked"":2344910848}"
   6887424,         2,         0,    44.7,exact_mw,cb12ae119b9b2ba18d0216e7235b403229e92fd0743ede48fe7f1a2c6f45d594,"{""distance"":5,""physical_error_rate"":0.0005}","{""detection_events"":3386239,""detectors_checked"":1542782976,""obs_mistake_mask=E"":2}"
   5924864,         0,         0,    44.6,exact_mw,70a969f5042aec17ac076c6379f4170fb7c69b8e925756ef3b7334e28a33338b,"{""distance"":5,""physical_error_rate"":0.0001}","{""detection_events"":585355,""detectors_checked"":1327169536}"
   2543616,        11,         0,    44.9,exact_mw,bb90ec3459e353008cf9a5bb9142bf1e8515517a9e167021b225104594e48e8a,"{""distance"":5,""physical_error_rate"":0.001}","{""detection_events"":2495092,""detectors_checked"":569769984,""obs_mistake_mask=E"":11}"
   6242304,         0,         0,    44.6,exact_mw,f32ebecd8e105e50ec838d33c5ed9b45444b6b44a3c6ac541111079f2b14e893,"{""distance"":5,""physical_error_rate"":5e-05}","{""detection_events"":309471,""detectors_checked"":1398276096}"
    508928,        32,         0,    44.9,exact_mw,3208f56225bbcac0e2804eb6f92d0a8b681652a702ca1ec920ccd7367f0e0899,"{""distance"":5,""physical_error_rate"":0.002}","{""detection_events"":998444,""detectors_checked"":113999872,""obs_mistake_mask=E"":32}"
  15855616,         0,         0,    62.5,exact_mw,f32ebecd8e105e50ec838d33c5ed9b45444b6b44a3c6ac541111079f2b14e893,"{""distance"":5,""physical_error_rate"":5e-05}","{""detection_events"":785047,""detectors_checked"":3551657984}"
   9423872,         0,         0,    62.5,exact_mw,70a969f5042aec17ac076c6379f4170fb7c69b8e925756ef3b7334e28a33338b,"{""distance"":5,""physical_error_rate"":0.0001}","{""detection_events"":928576,""detectors_checked"":2110947328}"
   3609600,         3,         0,    22.8,exact_mw,cb12ae119b9b2ba18d0216e7235b403229e92fd0743ede48fe7f1a2c6f45d594,"{""distance"":5,""physical_error_rate"":0.0005}","{""detection_events"":1778010,""detectors_checked"":808550400,""obs_mistake_mask=E"":3}"
   4317184,         0,         0,    22.7,exact_mw,cdc4a450a40af8e24899239080e4c40992fb5baf91c5a31ab3a165eacb3a1ab3,"{""distance"":5,""physical_error_rate"":0.0002}","{""detection_events"":849357,""detectors_checked"":967049216}"
   1305600,         5,         0,    22.9,exact_mw,bb90ec3459e353008cf9a5bb9142bf1e8515517a9e167021b225104594e48e8a,"{""distance"":5,""physical_error_rate"":0.001}","{""detection_events"":1279344,""detectors_checked"":292454400,""obs_mistake_mask=E"":5}"
   3459072,         0,         0,    22.8,exact_mw,70a969f5042aec17ac076c6379f4170fb7c69b8e925756ef3b7334e28a33338b,"{""distance"":5,""physical_error_rate"":0.0001}","{""detection_events"":341813,""detectors_checked"":774832128}"
   3779584,         0,         0,    22.8,exact_mw,f32ebecd8e105e50ec838d33c5ed9b45444b6b44a3c6ac541111079f2b14e893,"{""distance"":5,""physical_error_rate"":5e-05}","{""detection_events"":185251,""detectors_checked"":846626816}"
    229376,        14,         0,    22.9,exact_mw,3208f56225bbcac0e2804eb6f92d0a8b681652a702ca1ec920ccd7367f0e0899,"{""distance"":5,""physical_error_rate"":0.002}","{""detection_events"":448559,""detectors_checked"":51380224,""obs_mistake_mask=E"":14}"
   9623552,         0,         0,    62.5,exact_mw,cdc4a450a40af8e24899239080e4c40992fb5baf91c5a31ab3a165eacb3a1ab3,"{""distance"":5,""physical_error_rate"":0.0002}","{""detection_events"":1893555,""detectors_checked"":2155675648}"
   7299072,         3,         0,    62.5,exact_mw,cb12ae119b9b2ba18d0216e7235b403229e92fd0743ede48fe7f1a2c6f45d594,"{""distance"":5,""physical_error_rate"":0.0005}","{""detection_events"":3592174,""detectors_checked"":1634992128,""obs_mistake_mask=E"":3}"
   2549760,         9,         0,    62.7,exact_mw,bb90ec3459e353008cf9a5bb9142bf1e8515517a9e167021b225104594e48e8a,"{""distance"":5,""physical_error_rate"":0.001}","{""detection_events"":2506015,""detectors_checked"":571146240,""obs_mistake_mask=E"":9}"
    590848,        31,         0,    63.0,exact_mw,3208f56225bbcac0e2804eb6f92d0a8b681652a702ca1ec920ccd7367f0e0899,"{""distance"":5,""physical_error_rate"":0.002}","{""detection_events"":1153164,""detectors_checked"":132349952,""obs_mistake_mask=E"":31}"
   4876288,         1,         0,    31.9,exact_mw,cb12ae119b9b2ba18d0216e7235b403229e92fd0743ede48fe7f1a2c6f45d594,"{""distance"":5,""physical_error_rate"":0.0005}","{""detection_events"":2395777,""detectors_checked"":1092288512,""obs_mistake_mask=E"":1}"
   6540288,         0,         0,    31.9,exact_mw,cdc4a450a40af8e24899239080e4c40992fb5baf91c5a31ab3a165eacb3a1ab3,"{""distance"":5,""physical_error_rate"":0.0002}","{""detection_events"":1290392,""detectors_checked"":1465024512}"
   2623488,        13,         0,    32.1,exact_mw,bb90ec3459e353008cf9a5bb9142bf1e8515517a9e167021b225104594e48e8a,"{""distance"":5,""physical_error_rate"":0.001}","{""detection_events"":2570928,""detectors_checked"":587661312,""obs_mistake_mask=E"":13}"
   5001216,         0,         0,    31.9,exact_mw,70a969f5042aec17ac076c6379f4170fb7c69b8e925756ef3b7334e28a33338b,"{""distance"":5,""physical_error_rate"":0.0001}","{""detection_events"":492654,""detectors_checked"":1120272384}"
   4945920,         0,         0,    31.9,exact_mw,f32ebecd8e105e50ec838d33c5ed9b45444b6b44a3c6ac541111079f2b14e893,"{""distance"":5,""physical_error_rate"":5e-05}","{""detection_events"":242695,""detectors_checked"":1107886080}"
    304128,        19,         0,    32.1,exact_mw,3208f56225bbcac0e2804eb6f92d0a8b681652a702ca1ec920ccd7367f0e0899,"{""distance"":5,""physical_error_rate"":0.002}","{""detection_events"":597411,""detectors_checked"":68124672,""obs_mistake_mask=E"":19}"
  11636736,         0,         0,    62.5,exact_mw,cdc4a450a40af8e24899239080e4c40992fb5baf91c5a31ab3a165eacb3a1ab3,"{""distance"":5,""physical_error_rate"":0.0002}","{""detection_events"":2296572,""detectors_checked"":2606628864}"
  12123136,         1,         0,    62.6,exact_mw,cb12ae119b9b2ba18d0216e7235b403229e92fd0743ede48fe7f1a2c6f45d594,"{""distance"":5,""physical_error_rate"":0.0005}","{""detection_events"":5961607,""detectors_checked"":2715582464,""obs_mistake_mask=E"":1}"
   9681920,         0,         0,    62.4,exact_mw,70a969f5042aec17ac076c6379f4170fb7c69b8e925756ef3b7334e28a33338b,"{""distance"":5,""physical_error_rate"":0.0001}","{""detection_events"":956157,""detectors_checked"":2168750080}"
   3087360,        20,         0,    62.8,exact_mw,bb90ec3459e353008cf9a5bb9142bf1e8515517a9e167021b225104594e48e8a,"{""distance"":5,""physical_error_rate"":0.001}","{""detection_events"":3028394,""detectors_checked"":691568640,""obs_mistake_mask=E"":20}"
   8745984,         0,         0,    62.6,exact_mw,f32ebecd8e105e50ec838d33c5ed9b45444b6b44a3c6ac541111079f2b14e893,"{""distance"":5,""physical_error_rate"":5e-05}","{""detection_events"":432132,""detectors_checked"":1959100416}"
    628736,        33,         0,    63.0,exact_mw,3208f56225bbcac0e2804eb6f92d0a8b681652a702ca1ec920ccd7367f0e0899,"{""distance"":5,""physical_error_rate"":0.002}","{""detection_events"":1229833,""detectors_checked"":140836864,""obs_mistake_mask=E"":33}"
    142336,        14,         0,    14.5,exact_mw,3208f56225bbcac0e2804eb6f92d0a8b681652a702ca1ec920ccd7367f0e0899,"{""distance"":5,""physical_error_rate"":0.002}","{""detection_events"":277972,""detectors_checked"":31883264,""obs_mistake_mask=E"":14}"
    655360,        49,         0,    73.0,exact_mw,3208f56225bbcac0e2804eb6f92d0a8b681652a702ca1ec920ccd7367f0e0899,"{""distance"":5,""physical_error_rate"":0.002}","{""detection_events"":1278542,""detectors_checked"":146800640,""obs_mistake_mask=E"":49}"
    885760,        66,         0,    73.6,exact_mw,3208f56225bbcac0e2804eb6f92d0a8b681652a702ca1ec920ccd7367f0e0899,"{""distance"":5,""physical_error_rate"":0.002}","{""detection_events"":1725477,""detectors_checked"":198410240,""obs_mistake_mask=E"":66}"
    764928,        39,         0,    72.5,exact_mw,3208f56225bbcac0e2804eb6f92d0a8b681652a702ca1ec920ccd7367f0e0899,"{""distance"":5,""physical_error_rate"":0.002}","{""detection_events"":1493560,""detectors_checked"":171343872,""obs_mistake_mask=E"":39}"
    327680,        21,         0,    33.3,exact_mw,3208f56225bbcac0e2804eb6f92d0a8b681652a702ca1ec920ccd7367f0e0899,"{""distance"":5,""physical_error_rate"":0.002}","{""detection_events"":640833,""detectors_checked"":73400320,""obs_mistake_mask=E"":21}"
    617472,        37,         0,    72.9,exact_mw,3208f56225bbcac0e2804eb6f92d0a8b681652a702ca1ec920ccd7367f0e0899,"{""distance"":5,""physical_error_rate"":0.002}","{""detection_events"":1204909,""detectors_checked"":138313728,""obs_mistake_mask=E"":37}"
    630784,        39,         0,    65.8,exact_mw,3208f56225bbcac0e2804eb6f92d0a8b681652a702ca1ec920ccd7367f0e0899,"{""distance"":5,""physical_error_rate"":0.002}","{""detection_events"":1230553,""detectors_checked"":141295616,""obs_mistake_mask=E"":39}"
      1024,         1,         0,   0.143,exact_mw,3208f56225bbcac0e2804eb6f92d0a8b681652a702ca1ec920ccd7367f0e0899,"{""distance"":5,""physical_error_rate"":0.002}","{""detection_events"":2070,""detectors_checked"":229376,""obs_mistake_mask=E"":1}"
      3345,         0,         0,   0.013,exact_mw,cb12ae119b9b2ba18d0216e7235b403229e92fd0743ede48fe7f1a2c6f45d594,"{""distance"":5,""physical_error_rate"":0.0005}","{""detection_events"":1575,""detectors_checked"":749280}"
      3072,         0,         0,   0.028,exact_mw,cb12ae119b9b2ba18d0216e7235b403229e92fd0743ede48fe7f1a2c6f45d594,"{""distance"":5,""physical_error_rate"":0.0005}","{""detection_events"":1537,""detectors_checked"":688128}"
      2048,         0,         0,   0.020,exact_mw,cb12ae119b9b2ba18d0216e7235b403229e92fd0743ede48fe7f1a2c6f45d594,"{""distance"":5,""physical_error_rate"":0.0005}","{""detection_events"":989,""detectors_checked"":458752}"
      4096,         0,         0,   0.032,exact_mw,cb12ae119b9b2ba18d0216e7235b403229e92fd0743ede48fe7f1a2c6f45d594,"{""distance"":5,""physical_error_rate"":0.0005}","{""detection_events"":2065,""detectors_checked"":917504}"
      5120,         0,         0,   0.046,exact_mw,cb12ae119b9b2ba18d0216e7235b403229e92fd0743ede48fe7f1a2c6f45d594,"{""distance"":5,""physical_error_rate"":0.0005}","{""detection_events"":2536,""detectors_checked"":1146880}"
      7168,         0,         0,   0.058,exact_mw,cb12ae119b9b2ba18d0216e7235b403229e92fd0743ede48fe7f1a2c6f45d594,"{""distance"":5,""physical_error_rate"":0.0005}","{""detection_events"":3470,""detectors_checked"":1605632}"
     16384,         0,         0,   0.079,exact_mw,cb12ae119b9b2ba18d0216e7235b403229e92fd0743ede48fe7f1a2c6f45d594,"{""distance"":5,""physical_error_rate"":0.0005}","{""detection_events"":7868,""detectors_checked"":3670016}"
     24576,         0,         0,   0.106,exact_mw,cb12ae119b9b2ba18d0216e7235b403229e92fd0743ede48fe7f1a2c6f45d594,"{""distance"":5,""physical_error_rate"":0.0005}","{""detection_events"":12000,""detectors_checked"":5505024}"
     31744,         0,         0,   0.151,exact_mw,cb12ae119b9b2ba18d0216e7235b403229e92fd0743ede48fe7f1a2c6f45d594,"{""distance"":5,""physical_error_rate"":0.0005}","{""detection_events"":15793,""detectors_checked"":7110656}"
     38912,         0,         0,   0.211,exact_mw,cb12ae119b9b2ba18d0216e7235b403229e92fd0743ede48fe7f1a2c6f45d594,"{""distance"":5,""physical_error_rate"":0.0005}","{""detection_events"":19161,""detectors_checked"":8716288}"
         1,         0,         0,   0.013,exact_mw,bb90ec3459e353008cf9a5bb9142bf1e8515517a9e167021b225104594e48e8a,"{""distance"":5,""physical_error_rate"":0.001}","{""detectors_checked"":224}"
      2320,         0,         0,   0.034,exact_mw,bb90ec3459e353008cf9a5bb9142bf1e8515517a9e167021b225104594e48e8a,"{""distance"":5,""physical_error_rate"":0.001}","{""detection_events"":2108,""detectors_checked"":519680}"
      1297,         0,         0,   0.028,exact_mw,bb90ec3459e353008cf9a5bb9142bf1e8515517a9e167021b225104594e48e8a,"{""distance"":5,""physical_error_rate"":0.001}","{""detection_events"":1300,""detectors_checked"":290528}"
      1024,         0,         0,   0.027,exact_mw,bb90ec3459e353008cf9a5bb9142bf1e8515517a9e167021b225104594e48e8a,"{""distance"":5,""physical_error_rate"":0.001}","{""detection_events"":971,""detectors_checked"":229376}"
      1024,         0,         0,   0.026,exact_mw,bb90ec3459e353008cf9a5bb9142bf1e8515517a9e167021b225104594e48e8a,"{""distance"":5,""physical_error_rate"":0.001}","{""detection_events"":1077,""detectors_checked"":229376}"
      1024,         0,         0,   0.025,exact_mw,bb90ec3459e353008cf9a5bb9142bf1e8515517a9e167021b225104594e48e8a,"{""distance"":5,""physical_error_rate"":0.001}","{""detection_events"":947,""detectors_checked"":229376}"
      2048,         0,         0,   0.046,exact_mw,bb90ec3459e353008cf9a5bb9142bf1e8515517a9e167021b225104594e48e8a,"{""distance"":5,""physical_error_rate"":0.001}","{""detection_events"":1994,""detectors_checked"":458752}"
      2048,         0,         0,   0.028,exact_mw,bb90ec3459e353008cf9a5bb9142bf1e8515517a9e167021b225104594e48e8a,"{""distance"":5,""physical_error_rate"":0.001}","{""detection_events"":1885,""detectors_checked"":458752}"
      2321,         0,         0,   0.021,exact_mw,f32ebecd8e105e50ec838d33c5ed9b45444b6b44a3c6ac541111079f2b14e893,"{""distance"":5,""physical_error_rate"":5e-05}","{""detection_events"":119,""detectors_checked"":519904}"
      4096,         0,         0,   0.025,exact_mw,f32ebecd8e105e50ec838d33c5ed9b45444b6b44a3c6ac541111079f2b14e893,"{""distance"":5,""physical_error_rate"":5e-05}","{""detection_events"":179,""detectors_checked"":917504}"
      3072,         0,         0,   0.058,exact_mw,bb90ec3459e353008cf9a5bb9142bf1e8515517a9e167021b225104594e48e8a,"{""distance"":5,""physical_error_rate"":0.001}","{""detection_events"":3019,""detectors_checked"":688128}"
      2048,         0,         0,   0.040,exact_mw,bb90ec3459e353008cf9a5bb9142bf1e8515517a9e167021b225104594e48e8a,"{""distance"":5,""physical_error_rate"":0.001}","{""detection_events"":2173,""detectors_checked"":458752}"
      4096,         0,         0,   0.025,exact_mw,f32ebecd8e105e50ec838d33c5ed9b45444b6b44a3c6ac541111079f2b14e893,"{""distance"":5,""physical_error_rate"":5e-05}","{""detection_events"":148,""detectors_checked"":917504}"
      4096,         0,         0,   0.027,exact_mw,f32ebecd8e105e50ec838d33c5ed9b45444b6b44a3c6ac541111079f2b14e893,"{""distance"":5,""physical_error_rate"":5e-05}","{""detection_events"":195,""detectors_checked"":917504}"
     69632,         0,         0,   0.291,exact_mw,cb12ae119b9b2ba18d0216e7235b403229e92fd0743ede48fe7f1a2c6f45d594,"{""distance"":5,""physical_error_rate"":0.0005}","{""detection_events"":34917,""detectors_checked"":15597568}"
      3072,         0,         0,   0.072,exact_mw,bb90ec3459e353008cf9a5bb9142bf1e8515517a9e167021b225104594e48e8a,"{""distance"":5,""physical_error_rate"":0.001}","{""detection_events"":3156,""detectors_checked"":688128}"
      4096,         0,         0,   0.078,exact_mw,bb90ec3459e353008cf9a5bb9142bf1e8515517a9e167021b225104594e48e8a,"{""distance"":5,""physical_error_rate"":0.001}","{""detection_events"":4000,""detectors_checked"":917504}"
      8192,         0,         0,   0.051,exact_mw,f32ebecd8e105e50ec838d33c5ed9b45444b6b44a3c6ac541111079f2b14e893,"{""distance"":5,""physical_error_rate"":5e-05}","{""detection_events"":416,""detectors_checked"":1835008}"
     11264,         0,         0,   0.055,exact_mw,f32ebecd8e105e50ec838d33c5ed9b45444b6b44a3c6ac541111079f2b14e893,"{""distance"":5,""physical_error_rate"":5e-05}","{""detection_events"":512,""detectors_checked"":2523136}"
      3072,         0,         0,   0.078,exact_mw,bb90ec3459e353008cf9a5bb9142bf1e8515517a9e167021b225104594e48e8a,"{""distance"":5,""physical_error_rate"":0.001}","{""detection_events"":2986,""detectors_checked"":688128}"
      4096,         0,         0,   0.077,exact_mw,bb90ec3459e353008cf9a5bb9142bf1e8515517a9e167021b225104594e48e8a,"{""distance"":5,""physical_error_rate"":0.001}","{""detection_events"":3747,""detectors_checked"":917504}"
     12288,         0,         0,   0.077,exact_mw,f32ebecd8e105e50ec838d33c5ed9b45444b6b44a3c6ac541111079f2b14e893,"{""distance"":5,""physical_error_rate"":5e-05}","{""detection_events"":540,""detectors_checked"":2752512}"
      5120,         0,         0,   0.108,exact_mw,bb90ec3459e353008cf9a5bb9142bf1e8515517a9e167021b225104594e48e8a,"{""distance"":5,""physical_error_rate"":0.001}","{""detection_events"":5064,""detectors_checked"":1146880}"
      6144,         0,         0,   0.125,exact_mw,bb90ec3459e353008cf9a5bb9142bf1e8515517a9e167021b225104594e48e8a,"{""distance"":5,""physical_error_rate"":0.001}","{""detection_events"":6091,""detectors_checked"":1376256}"
     17408,         0,         0,   0.106,exact_mw,f32ebecd8e105e50ec838d33c5ed9b45444b6b44a3c6ac541111079f2b14e893,"{""distance"":5,""physical_error_rate"":5e-05}","{""detection_events"":874,""detectors_checked"":3899392}"
      9216,         0,         0,   0.155,exact_mw,bb90ec3459e353008cf9a5bb9142bf1e8515517a9e167021b225104594e48e8a,"{""distance"":5,""physical_error_rate"":0.001}","{""detection_events"":8897,""detectors_checked"":2064384}"
      8192,         0,         0,   0.154,exact_mw,bb90ec3459e353008cf9a5bb9142bf1e8515517a9e167021b225104594e48e8a,"{""distance"":5,""physical_error_rate"":0.001}","{""detection_events"":8133,""detectors_checked"":1835008}"
     95232,         0,         0,   0.402,exact_mw,cb12ae119b9b2ba18d0216e7235b403229e92fd0743ede48fe7f1a2c6f45d594,"{""distance"":5,""physical_error_rate"":0.0005}","{""detection_events"":47112,""detectors_checked"":21331968}"
     22528,         0,         0,   0.148,exact_mw,f32ebecd8e105e50ec838d33c5ed9b45444b6b44a3c6ac541111079f2b14e893,"{""distance"":5,""physical_error_rate"":5e-05}","{""detection_events"":1178,""detectors_checked"":5046272}"
      1297,         0,         0,   0.018,exact_mw,cdc4a450a40af8e24899239080e4c40992fb5baf91c5a31ab3a165eacb3a1ab3,"{""distance"":5,""physical_error_rate"":0.0002}","{""detection_events"":286,""detectors_checked"":290528}"
     11264,         0,         0,   0.216,exact_mw,bb90ec3459e353008cf9a5bb9142bf1e8515517a9e167021b225104594e48e8a,"{""distance"":5,""physical_error_rate"":0.001}","{""detection_events"":11021,""detectors_checked"":2523136}"
      9216,         0,         0,   0.208,exact_mw,bb90ec3459e353008cf9a5bb9142bf1e8515517a9e167021b225104594e48e8a,"{""distance"":5,""physical_error_rate"":0.001}","{""detection_events"":9190,""detectors_checked"":2064384}"
      4096,         0,         0,   0.031,exact_mw,cdc4a450a40af8e24899239080e4c40992fb5baf91c5a31ab3a165eacb3a1ab3,"{""distance"":5,""physical_error_rate"":0.0002}","{""detection_events"":842,""detectors_checked"":917504}"
      3072,         0,         0,   0.023,exact_mw,cdc4a450a40af8e24899239080e4c40992fb5baf91c5a31ab3a165eacb3a1ab3,"{""distance"":5,""physical_error_rate"":0.0002}","{""detection_events"":558,""detectors_checked"":688128}"
     33792,         0,         0,   0.217,exact_mw,f32ebecd8e105e50ec838d33c5ed9b45444b6b44a3c6ac541111079f2b14e893,"{""distance"":5,""physical_error_rate"":5e-05}","{""detection_events"":1488,""detectors_checked"":7569408}"
      5120,         0,         0,   0.029,exact_mw,cdc4a450a40af8e24899239080e4c40992fb5baf91c5a31ab3a165eacb3a1ab3,"{""distance"":5,""physical_error_rate"":0.0002}","{""detection_events"":1017,""detectors_checked"":1146880}"
      1297,         0,         0,   0.018,exact_mw,cb12ae119b9b2ba18d0216e7235b403229e92fd0743ede48fe7f1a2c6f45d594,"{""distance"":5,""physical_error_rate"":0.0005}","{""detection_events"":646,""detectors_checked"":290528}"
      2048,         0,         0,   0.026,exact_mw,cb12ae119b9b2ba18d0216e7235b403229e92fd0743ede48fe7f1a2c6f45d594,"{""distance"":5,""physical_error_rate"":0.0005}","{""detection_events"":1019,""detectors_checked"":458752}"
      6144,         0,         0,   0.050,exact_mw,cdc4a450a40af8e24899239080e4c40992fb5baf91c5a31ab3a165eacb3a1ab3,"{""distance"":5,""physical_error_rate"":0.0002}","{""detection_events"":1134,""detectors_checked"":1376256}"
      4096,         0,         0,   0.027,exact_mw,cb12ae119b9b2ba18d0216e7235b403229e92fd0743ede48fe7f1a2c6f45d594,"{""distance"":5,""physical_error_rate"":0.0005}","{""detection_events"":1933,""detectors_checked"":917504}"
      9216,         0,         0,   0.056,exact_mw,cdc4a450a40af8e24899239080e4c40992fb5baf91c5a31ab3a165eacb3a1ab3,"{""distance"":5,""physical_error_rate"":0.0002}","{""detection_events"":1965,""detectors_checked"":2064384}"
      4096,         0,         0,   0.029,exact_mw,cb12ae119b9b2ba18d0216e7235b403229e92fd0743ede48fe7f1a2c6f45d594,"{""distance"":5,""physical_error_rate"":0.0005}","{""detection_events"":1993,""detectors_checked"":917504}"
      3345,         0,         0,   0.024,exact_mw,70a969f5042aec17ac076c6379f4170fb7c69b8e925756ef3b7334e28a33338b,"{""distance"":5,""physical_error_rate"":0.0001}","{""detection_events"":379,""detectors_checked"":749280}"
      4096,         0,         0,   0.026,exact_mw,70a969f5042aec17ac076c6379f4170fb7c69b8e925756ef3b7334e28a33338b,"{""distance"":5,""physical_error_rate"":0.0001}","{""detection_events"":486,""detectors_checked"":917504}"
      5120,         0,         0,   0.047,exact_mw,cb12ae119b9b2ba18d0216e7235b403229e92fd0743ede48fe7f1a2c6f45d594,"{""distance"":5,""physical_error_rate"":0.0005}","{""detection_events"":2487,""detectors_checked"":1146880}"
      4096,         0,         0,   0.025,exact_mw,70a969f5042aec17ac076c6379f4170fb7c69b8e925756ef3b7334e28a33338b,"{""distance"":5,""physical_error_rate"":0.0001}","{""detection_events"":424,""detectors_checked"":917504}"
     12288,         0,         0,   0.076,exact_mw,cdc4a450a40af8e24899239080e4c40992fb5baf91c5a31ab3a165eacb3a1ab3,"{""distance"":5,""physical_error_rate"":0.0002}","{""detection_events"":2381,""detectors_checked"":2752512}"
      5120,         0,         0,   0.028,exact_mw,70a969f5042aec17ac076c6379f4170fb7c69b8e925756ef3b7334e28a33338b,"{""distance"":5,""physical_error_rate"":0.0001}","{""detection_events"":509,""detectors_checked"":1146880}"
      7168,         0,         0,   0.055,exact_mw,cb12ae119b9b2ba18d0216e7235b403229e92fd0743ede48fe7f1a2c6f45d594,"{""distance"":5,""physical_error_rate"":0.0005}","{""detection_events"":3390,""detectors_checked"":1605632}"
     15360,         0,         0,   0.295,exact_mw,bb90ec3459e353008cf9a5bb9142bf1e8515517a9e167021b225104594e48e8a,"{""distance"":5,""physical_error_rate"":0.001}","{""detection_events"":14739,""detectors_checked"":3440640}"
     14336,         0,         0,   0.305,exact_mw,bb90ec3459e353008cf9a5bb9142bf1e8515517a9e167021b225104594e48e8a,"{""distance"":5,""physical_error_rate"":0.001}","{""detection_events"":14035,""detectors_checked"":3211264}"
      5120,         0,         0,   0.028,exact_mw,70a969f5042aec17ac076c6379f4170fb7c69b8e925756ef3b7334e28a33338b,"{""distance"":5,""physical_error_rate"":0.0001}","{""detection_events"":475,""detectors_checked"":1146880}"
      3345,         0,         0,   0.029,exact_mw,cdc4a450a40af8e24899239080e4c40992fb5baf91c5a31ab3a165eacb3a1ab3,"{""distance"":5,""physical_error_rate"":0.0002}","{""detection_events"":623,""detectors_checked"":749280}"
     49152,         0,         0,   0.289,exact_mw,f32ebecd8e105e50ec838d33c5ed9b45444b6b44a3c6ac541111079f2b14e893,"{""distance"":5,""physical_error_rate"":5e-05}","{""detection_events"":2595,""detectors_checked"":11010048}"
     17408,         0,         0,   0.105,exact_mw,cdc4a450a40af8e24899239080e4c40992fb5baf91c5a31ab3a165eacb3a1ab3,"{""distance"":5,""physical_error_rate"":0.0002}","{""detection_events"":3572,""detectors_checked"":3899392}"
     10240,         0,         0,   0.081,exact_mw,cb12ae119b9b2ba18d0216e7235b403229e92fd0743ede48fe7f1a2c6f45d594,"{""distance"":5,""physical_error_rate"":0.0005}","{""detection_events"":4990,""detectors_checked"":2293760}"
      3072,         0,         0,   0.027,exact_mw,cdc4a450a40af8e24899239080e4c40992fb5baf91c5a31ab3a165eacb3a1ab3,"{""distance"":5,""physical_error_rate"":0.0002}","{""detection_events"":572,""detectors_checked"":688128}"
     10240,         0,         0,   0.057,exact_mw,70a969f5042aec17ac076c6379f4170fb7c69b8e925756ef3b7334e28a33338b,"{""distance"":5,""physical_error_rate"":0.0001}","{""detection_events"":956,""detectors_checked"":2293760}"
    123904,         0,         0,   0.566,exact_mw,cb12ae119b9b2ba18d0216e7235b403229e92fd0743ede48fe7f1a2c6f45d594,"{""distance"":5,""physical_error_rate"":0.0005}","{""detection_events"":60197,""detectors_checked"":27754496}"
      3072,         0,         0,   0.028,exact_mw,cdc4a450a40af8e24899239080e4c40992fb5baf91c5a31ab3a165eacb3a1ab3,"{""distance"":5,""physical_error_rate"":0.0002}","{""detection_events"":601,""detectors_checked"":688128}"
      3072,         0,         0,   0.040,exact_mw,cdc4a450a40af8e24899239080e4c40992fb5baf91c5a31ab3a165eacb3a1ab3,"{""distance"":5,""physical_error_rate"":0.0002}","{""detection_events"":603,""detectors_checked"":688128}"
     14336,         0,         0,   0.069,exact_mw,70a969f5042aec17ac076c6379f4170fb7c69b8e925756ef3b7334e28a33338b,"{""distance"":5,""physical_error_rate"":0.0001}","{""detection_events"":1459,""detectors_checked"":3211264}"
     11264,         0,         0,   0.096,exact_mw,cb12ae119b9b2ba18d0216e7235b403229e92fd0743ede48fe7f1a2c6f45d594,"{""distance"":5,""physical_error_rate"":0.0005}","{""detection_events"":5489,""detectors_checked"":2523136}"
      4096,         0,         0,   0.053,exact_mw,cdc4a450a40af8e24899239080e4c40992fb5baf91c5a31ab3a165eacb3a1ab3,"{""distance"":5,""physical_error_rate"":0.0002}","{""detection_events"":771,""detectors_checked"":917504}"
     22528,         0,         0,   0.134,exact_mw,cdc4a450a40af8e24899239080e4c40992fb5baf91c5a31ab3a165eacb3a1ab3,"{""distance"":5,""physical_error_rate"":0.0002}","{""detection_events"":4382,""detectors_checked"":5046272}"
      4096,         0,         0,   0.055,exact_mw,cdc4a450a40af8e24899239080e4c40992fb5baf91c5a31ab3a165eacb3a1ab3,"{""distance"":5,""physical_error_rate"":0.0002}","{""detection_events"":782,""detectors_checked"":917504}"
     16384,         0,         0,   0.105,exact_mw,70a969f5042aec17ac076c6379f4170fb7c69b8e925756ef3b7334e28a33338b,"{""distance"":5,""physical_error_rate"":0.0001}","{""detection_events"":1659,""detectors_checked"":3670016}"
     18432,         0,         0,   0.153,exact_mw,cb12ae119b9b2ba18d0216e7235b403229e92fd0743ede48fe7f1a2c6f45d594,"{""distance"":5,""physical_error_rate"":0.0005}","{""detection_events"":9149,""detectors_checked"":4128768}"
      6144,         0,         0,   0.082,exact_mw,cdc4a450a40af8e24899239080e4c40992fb5baf91c5a31ab3a165eacb3a1ab3,"{""distance"":5,""physical_error_rate"":0.0002}","{""detection_events"":1120,""detectors_checked"":1376256}"
     18432,         0,         0,   0.396,exact_mw,bb90ec3459e353008cf9a5bb9142bf1e8515517a9e167021b225104594e48e8a,"{""distance"":5,""physical_error_rate"":0.001}","{""detection_events"":18601,""detectors_checked"":4128768}"
     25600,         0,         0,   0.153,exact_mw,70a969f5042aec17ac076c6379f4170fb7c69b8e925756ef3b7334e28a33338b,"{""distance"":5,""physical_error_rate"":0.0001}","{""detection_events"":2501,""detectors_checked"":5734400}"
     33792,         0,         0,   0.206,exact_mw,cdc4a450a40af8e24899239080e4c40992fb5baf91c5a31ab3a165eacb3a1ab3,"{""distance"":5,""physical_error_rate"":0.0002}","{""detection_events"":6599,""detectors_checked"":7569408}"
     22528,         0,         0,   0.417,exact_mw,bb90ec3459e353008cf9a5bb9142bf1e8515517a9e167021b225104594e48e8a,"{""distance"":5,""physical_error_rate"":0.001}","{""detection_events"":22507,""detectors_checked"":5046272}"
     11264,         0,         0,   0.116,exact_mw,cdc4a450a40af8e24899239080e4c40992fb5baf91c5a31ab3a165eacb3a1ab3,"{""distance"":5,""physical_error_rate"":0.0002}","{""detection_events"":2257,""detectors_checked"":2523136}"
     68608,         0,         0,   0.412,exact_mw,f32ebecd8e105e50ec838d33c5ed9b45444b6b44a3c6ac541111079f2b14e893,"{""distance"":5,""physical_error_rate"":5e-05}","{""detection_events"":3416,""detectors_checked"":15368192}"
     28672,         0,         0,   0.211,exact_mw,cb12ae119b9b2ba18d0216e7235b403229e92fd0743ede48fe7f1a2c6f45d594,"{""distance"":5,""physical_error_rate"":0.0005}","{""detection_events"":14119,""detectors_checked"":6422528}"
     18432,         0,         0,   0.163,exact_mw,cdc4a450a40af8e24899239080e4c40992fb5baf91c5a31ab3a165eacb3a1ab3,"{""distance"":5,""physical_error_rate"":0.0002}","{""detection_events"":3661,""detectors_checked"":4128768}"
     35840,         0,         0,   0.209,exact_mw,70a969f5042aec17ac076c6379f4170fb7c69b8e925756ef3b7334e28a33338b,"{""distance"":5,""physical_error_rate"":0.0001}","{""detection_events"":3335,""detectors_checked"":8028160}"
     46080,         0,         0,   0.293,exact_mw,cdc4a450a40af8e24899239080e4c40992fb5baf91c5a31ab3a165eacb3a1ab3,"{""distance"":5,""physical_error_rate"":0.0002}","{""detection_events"":8948,""detectors_checked"":10321920}"
     33792,         0,         0,   0.208,exact_mw,cdc4a450a40af8e24899239080e4c40992fb5baf91c5a31ab3a165eacb3a1ab3,"{""distance"":5,""physical_error_rate"":0.0002}","{""detection_events"":6586,""detectors_checked"":7569408}"
     36864,         0,         0,   0.293,exact_mw,cb12ae119b9b2ba18d0216e7235b403229e92fd0743ede48fe7f1a2c6f45d594,"{""distance"":5,""physical_error_rate"":0.0005}","{""detection_events"":17838,""detectors_checked"":8257536}"
    183296,         0,         0,   0.789,exact_mw,cb12ae119b9b2ba18d0216e7235b403229e92fd0743ede48fe7f1a2c6f45d594,"{""distance"":5,""physical_error_rate"":0.0005}","{""detection_events"":90561,""detectors_checked"":41058304}"
     50176,         0,         0,   0.289,exact_mw,70a969f5042aec17ac076c6379f4170fb7c69b8e925756ef3b7334e28a33338b,"{""distance"":5,""physical_error_rate"":0.0001}","{""detection_events"":4808,""detectors_checked"":11239424}"
     27648,         0,         0,   0.569,exact_mw,bb90ec3459e353008cf9a5bb9142bf1e8515517a9e167021b225104594e48e8a,"{""distance"":5,""physical_error_rate"":0.001}","{""detection_events"":27470,""detectors_checked"":6193152}"
     29696,         0,         0,   0.586,exact_mw,bb90ec3459e353008cf9a5bb9142bf1e8515517a9e167021b225104594e48e8a,"{""distance"":5,""physical_error_rate"":0.001}","{""detection_events"":29126,""detectors_checked"":6651904}"
     80896,         0,         0,   0.566,exact_mw,f32ebecd8e105e50ec838d33c5ed9b45444b6b44a3c6ac541111079f2b14e893,"{""distance"":5,""physical_error_rate"":5e-05}","{""detection_events"":3836,""detectors_checked"":18120704}"
     49152,         0,         0,   0.289,exact_mw,cdc4a450a40af8e24899239080e4c40992fb5baf91c5a31ab3a165eacb3a1ab3,"{""distance"":5,""physical_error_rate"":0.0002}","{""detection_events"":9845,""detectors_checked"":11010048}"
     66560,         0,         0,   0.413,exact_mw,cdc4a450a40af8e24899239080e4c40992fb5baf91c5a31ab3a165eacb3a1ab3,"{""distance"":5,""physical_error_rate"":0.0002}","{""detection_events"":13064,""detectors_checked"":14909440}"
     50176,         0,         0,   0.418,exact_mw,cb12ae119b9b2ba18d0216e7235b403229e92fd0743ede48fe7f1a2c6f45d594,"{""distance"":5,""physical_error_rate"":0.0005}","{""detection_events"":24493,""detectors_checked"":11239424}"
     66560,         0,         0,   0.392,exact_mw,70a969f5042aec17ac076c6379f4170fb7c69b8e925756ef3b7334e28a33338b,"{""distance"":5,""physical_error_rate"":0.0001}","{""detection_events"":6650,""detectors_checked"":14909440}"
     67584,         0,         0,   0.424,exact_mw,cdc4a450a40af8e24899239080e4c40992fb5baf91c5a31ab3a165eacb3a1ab3,"{""distance"":5,""physical_error_rate"":0.0002}","{""detection_events"":13302,""detectors_checked"":15138816}"
     91136,         0,         0,   0.569,exact_mw,cdc4a450a40af8e24899239080e4c40992fb5baf91c5a31ab3a165eacb3a1ab3,"{""distance"":5,""physical_error_rate"":0.0002}","{""detection_events"":17900,""detectors_checked"":20414464}"
     41984,         0,         0,   0.805,exact_mw,bb90ec3459e353008cf9a5bb9142bf1e8515517a9e167021b225104594e48e8a,"{""distance"":5,""physical_error_rate"":0.001}","{""detection_events"":41073,""detectors_checked"":9404416}"
     39936,         0,         0,   0.794,exact_mw,bb90ec3459e353008cf9a5bb9142bf1e8515517a9e167021b225104594e48e8a,"{""distance"":5,""physical_error_rate"":0.001}","{""detection_events"":39221,""detectors_checked"":8945664}"
     71680,         0,         0,   0.570,exact_mw,cb12ae119b9b2ba18d0216e7235b403229e92fd0743ede48fe7f1a2c6f45d594,"{""distance"":5,""physical_error_rate"":0.0005}","{""detection_events"":35766,""detectors_checked"":16056320}"
     77824,         0,         0,   0.812,exact_mw,f32ebecd8e105e50ec838d33c5ed9b45444b6b44a3c6ac541111079f2b14e893,"{""distance"":5,""physical_error_rate"":5e-05}","{""detection_events"":3807,""detectors_checked"":17432576}"
     95232,         0,         0,   0.567,exact_mw,70a969f5042aec17ac076c6379f4170fb7c69b8e925756ef3b7334e28a33338b,"{""distance"":5,""physical_error_rate"":0.0001}","{""detection_events"":9590,""detectors_checked"":21331968}"
    227328,         0,         0,    1.11,exact_mw,cb12ae119b9b2ba18d0216e7235b403229e92fd0743ede48fe7f1a2c6f45d594,"{""distance"":5,""physical_error_rate"":0.0005}","{""detection_events"":112590,""detectors_checked"":50921472}"
     92160,         0,         0,   0.571,exact_mw,cdc4a450a40af8e24899239080e4c40992fb5baf91c5a31ab3a165eacb3a1ab3,"{""distance"":5,""physical_error_rate"":0.0002}","{""detection_events"":18208,""detectors_checked"":20643840}"
    131072,         0,         0,   0.791,exact_mw,cdc4a450a40af8e24899239080e4c40992fb5baf91c5a31ab3a165eacb3a1ab3,"{""distance"":5,""physical_error_rate"":0.0002}","{""detection_events"":25423,""detectors_checked"":29360128}"
    100352,         0,         0,   0.794,exact_mw,cb12ae119b9b2ba18d0216e7235b403229e92fd0743ede48fe7f1a2c6f45d594,"{""distance"":5,""physical_error_rate"":0.0005}","{""detection_events"":49703,""detectors_checked"":22478848}"
    123904,         0,         0,   0.788,exact_mw,70a969f5042aec17ac076c6379f4170fb7c69b8e925756ef3b7334e28a33338b,"{""distance"":5,""physical_error_rate"":0.0001}","{""detection_events"":11861,""detectors_checked"":27754496}"
     58368,         0,         0,    1.13,exact_mw,bb90ec3459e353008cf9a5bb9142bf1e8515517a9e167021b225104594e48e8a,"{""distance"":5,""physical_error_rate"":0.001}","{""detection_events"":57229,""detectors_checked"":13074432}"
    118784,         0,         0,   0.779,exact_mw,cdc4a450a40af8e24899239080e4c40992fb5baf91c5a31ab3a165eacb3a1ab3,"{""distance"":5,""physical_error_rate"":0.0002}","{""detection_events"":23710,""detectors_checked"":26607616}"
     60416,         0,         0,    1.11,exact_mw,bb90ec3459e353008cf9a5bb9142bf1e8515517a9e167021b225104594e48e8a,"{""distance"":5,""physical_error_rate"":0.001}","{""detection_events"":59016,""detectors_checked"":13533184}"
    138240,         0,         0,    1.11,exact_mw,f32ebecd8e105e50ec838d33c5ed9b45444b6b44a3c6ac541111079f2b14e893,"{""distance"":5,""physical_error_rate"":5e-05}","{""detection_events"":6792,""detectors_checked"":30965760}"
    329728,         1,         0,    1.55,exact_mw,cb12ae119b9b2ba18d0216e7235b403229e92fd0743ede48fe7f1a2c6f45d594,"{""distance"":5,""physical_error_rate"":0.0005}","{""detection_events"":161401,""detectors_checked"":73859072,""obs_mistake_mask=E"":1}"
    178176,         0,         0,    1.10,exact_mw,cdc4a450a40af8e24899239080e4c40992fb5baf91c5a31ab3a165eacb3a1ab3,"{""distance"":5,""physical_error_rate"":0.0002}","{""detection_events"":35039,""detectors_checked"":39911424}"
    142336,         0,         0,    1.11,exact_mw,cb12ae119b9b2ba18d0216e7235b403229e92fd0743ede48fe7f1a2c6f45d594,"{""distance"":5,""physical_error_rate"":0.0005}","{""detection_events"":70194,""detectors_checked"":31883264}"
    184320,         0,         0,    1.11,exact_mw,70a969f5042aec17ac076c6379f4170fb7c69b8e925756ef3b7334e28a33338b,"{""distance"":5,""physical_error_rate"":0.0001}","{""detection_events"":17904,""detectors_checked"":41287680}"
    177152,         0,         0,    1.11,exact_mw,cdc4a450a40af8e24899239080e4c40992fb5baf91c5a31ab3a165eacb3a1ab3,"{""distance"":5,""physical_error_rate"":0.0002}","{""detection_events"":35331,""detectors_checked"":39682048}"
     75776,         0,         0,    1.56,exact_mw,bb90ec3459e353008cf9a5bb9142bf1e8515517a9e167021b225104594e48e8a,"{""distance"":5,""physical_error_rate"":0.001}","{""detection_events"":74617,""detectors_checked"":16973824}"
     77824,         0,         0,    1.56,exact_mw,bb90ec3459e353008cf9a5bb9142bf1e8515517a9e167021b225104594e48e8a,"{""distance"":5,""physical_error_rate"":0.001}","{""detection_events"":76573,""detectors_checked"":17432576}"
    265216,         0,         0,    1.56,exact_mw,f32ebecd8e105e50ec838d33c5ed9b45444b6b44a3c6ac541111079f2b14e893,"{""distance"":5,""physical_error_rate"":5e-05}","{""detection_events"":12709,""detectors_checked"":59408384}"
    254976,         0,         0,    1.55,exact_mw,cdc4a450a40af8e24899239080e4c40992fb5baf91c5a31ab3a165eacb3a1ab3,"{""distance"":5,""physical_error_rate"":0.0002}","{""detection_events"":50798,""detectors_checked"":57114624}"
    197632,         0,         0,    1.55,exact_mw,cb12ae119b9b2ba18d0216e7235b403229e92fd0743ede48fe7f1a2c6f45d594,"{""distance"":5,""physical_error_rate"":0.0005}","{""detection_events"":97567,""detectors_checked"":44269568}"
    263168,         0,         0,    1.54,exact_mw,70a969f5042aec17ac076c6379f4170fb7c69b8e925756ef3b7334e28a33338b,"{""distance"":5,""physical_error_rate"":0.0001}","{""detection_events"":25969,""detectors_checked"":58949632}"
    238592,         0,         0,    1.52,exact_mw,cdc4a450a40af8e24899239080e4c40992fb5baf91c5a31ab3a165eacb3a1ab3,"{""distance"":5,""physical_error_rate"":0.0002}","{""detection_events"":46385,""detectors_checked"":53444608}"
    449536,         0,         0,    2.17,exact_mw,cb12ae119b9b2ba18d0216e7235b403229e92fd0743ede48fe7f1a2c6f45d594,"{""distance"":5,""physical_error_rate"":0.0005}","{""detection_events"":222464,""detectors_checked"":100696064}"
    107520,         1,         0,    2.18,exact_mw,bb90ec3459e353008cf9a5bb9142bf1e8515517a9e167021b225104594e48e8a,"{""distance"":5,""physical_error_rate"":0.001}","{""detection_events"":105907,""detectors_checked"":24084480,""obs_mistake_mask=E"":1}"
    131072,         0,         0,    2.18,exact_mw,bb90ec3459e353008cf9a5bb9142bf1e8515517a9e167021b225104594e48e8a,"{""distance"":5,""physical_error_rate"":0.001}","{""detection_events"":128493,""detectors_checked"":29360128}"
    343040,         0,         0,    2.17,exact_mw,f32ebecd8e105e50ec838d33c5ed9b45444b6b44a3c6ac541111079f2b14e893,"{""distance"":5,""physical_error_rate"":5e-05}","{""detection_events"":16778,""detectors_checked"":76840960}"
    351232,         0,         0,    2.14,exact_mw,cdc4a450a40af8e24899239080e4c40992fb5baf91c5a31ab3a165eacb3a1ab3,"{""distance"":5,""physical_error_rate"":0.0002}","{""detection_events"":68976,""detectors_checked"":78675968}"
    267264,         1,         0,    2.18,exact_mw,cb12ae119b9b2ba18d0216e7235b403229e92fd0743ede48fe7f1a2c6f45d594,"{""distance"":5,""physical_error_rate"":0.0005}","{""detection_events"":132443,""detectors_checked"":59867136,""obs_mistake_mask=E"":1}"
    351232,         0,         0,    2.15,exact_mw,70a969f5042aec17ac076c6379f4170fb7c69b8e925756ef3b7334e28a33338b,"{""distance"":5,""physical_error_rate"":0.0001}","{""detection_events"":35791,""detectors_checked"":78675968}"
    349184,         0,         0,    2.17,exact_mw,cdc4a450a40af8e24899239080e4c40992fb5baf91c5a31ab3a165eacb3a1ab3,"{""distance"":5,""physical_error_rate"":0.0002}","{""detection_events"":68432,""detectors_checked"":78217216}"
    601088,         0,         0,    3.02,exact_mw,cb12ae119b9b2ba18d0216e7235b403229e92fd0743ede48fe7f1a2c6f45d594,"{""distance"":5,""physical_error_rate"":0.0005}","{""detection_events"":295963,""detectors_checked"":134643712}"
  15164416,         0,         0,    87.4,exact_mw,70a969f5042aec17ac076c6379f4170fb7c69b8e925756ef3b7334e28a33338b,"{""distance"":5,""physical_error_rate"":0.0001}","{""detection_events"":1495693,""detectors_checked"":3396829184}"
  15142912,         0,         0,    87.4,exact_mw,f32ebecd8e105e50ec838d33c5ed9b45444b6b44a3c6ac541111079f2b14e893,"{""distance"":5,""physical_error_rate"":5e-05}","{""detection_events"":746718,""detectors_checked"":3392012288}"
   5852160,        36,         0,    87.9,exact_mw,bb90ec3459e353008cf9a5bb9142bf1e8515517a9e167021b225104594e48e8a,"{""distance"":5,""physical_error_rate"":0.001}","{""detection_events"":5744856,""detectors_checked"":1310883840,""obs_mistake_mask=E"":36}"
    157696,         1,         0,    3.05,exact_mw,bb90ec3459e353008cf9a5bb9142bf1e8515517a9e167021b225104594e48e8a,"{""distance"":5,""physical_error_rate"":0.001}","{""detection_events"":154854,""detectors_checked"":35323904,""obs_mistake_mask=E"":1}"
    166912,         1,         0,    3.05,exact_mw,bb90ec3459e353008cf9a5bb9142bf1e8515517a9e167021b225104594e48e8a,"{""distance"":5,""physical_error_rate"":0.001}","{""detection_events"":161736,""detectors_checked"":37388288,""obs_mistake_mask=E"":1}"
    440320,         0,         0,    3.04,exact_mw,f32ebecd8e105e50ec838d33c5ed9b45444b6b44a3c6ac541111079f2b14e893,"{""distance"":5,""physical_error_rate"":5e-05}","{""detection_events"":22041,""detectors_checked"":98631680}"
  14702592,         0,         0,    87.4,exact_mw,cdc4a450a40af8e24899239080e4c40992fb5baf91c5a31ab3a165eacb3a1ab3,"{""distance"":5,""physical_error_rate"":0.0002}","{""detection_events"":2905787,""detectors_checked"":3293380608}"
  16812032,         0,         0,    87.6,exact_mw,f32ebecd8e105e50ec838d33c5ed9b45444b6b44a3c6ac541111079f2b14e893,"{""distance"":5,""physical_error_rate"":5e-05}","{""detection_events"":829126,""detectors_checked"":3765895168}"
  18811904,         1,         0,    87.4,exact_mw,cdc4a450a40af8e24899239080e4c40992fb5baf91c5a31ab3a165eacb3a1ab3,"{""distance"":5,""physical_error_rate"":0.0002}","{""detection_events"":3709946,""detectors_checked"":4213866496,""obs_mistake_mask=E"":1}"
   5096448,        26,         0,    87.9,exact_mw,bb90ec3459e353008cf9a5bb9142bf1e8515517a9e167021b225104594e48e8a,"{""distance"":5,""physical_error_rate"":0.001}","{""detection_events"":5010142,""detectors_checked"":1141604352,""obs_mistake_mask=E"":26}"
  16402432,         0,         0,    87.4,exact_mw,70a969f5042aec17ac076c6379f4170fb7c69b8e925756ef3b7334e28a33338b,"{""distance"":5,""physical_error_rate"":0.0001}","{""detection_events"":1619978,""detectors_checked"":3674144768}"
  11603968,         6,         0,    87.6,exact_mw,cb12ae119b9b2ba18d0216e7235b403229e92fd0743ede48fe7f1a2c6f45d594,"{""distance"":5,""physical_error_rate"":0.0005}","{""detection_events"":5714931,""detectors_checked"":2599288832,""obs_mistake_mask=E"":6}"
  13162496,         0,         0,    87.5,exact_mw,cdc4a450a40af8e24899239080e4c40992fb5baf91c5a31ab3a165eacb3a1ab3,"{""distance"":5,""physical_error_rate"":0.0002}","{""detection_events"":2593145,""detectors_checked"":2948399104}"
    492544,         0,         0,    3.00,exact_mw,cdc4a450a40af8e24899239080e4c40992fb5baf91c5a31ab3a165eacb3a1ab3,"{""distance"":5,""physical_error_rate"":0.0002}","{""detection_events"":96375,""detectors_checked"":110329856}"
   9796608,         6,         0,    87.5,exact_mw,cb12ae119b9b2ba18d0216e7235b403229e92fd0743ede48fe7f1a2c6f45d594,"{""distance"":5,""physical_error_rate"":0.0005}","{""detection_events"":4819378,""detectors_checked"":2194440192,""obs_mistake_mask=E"":6}"
  12753920,         0,         0,    87.5,exact_mw,70a969f5042aec17ac076c6379f4170fb7c69b8e925756ef3b7334e28a33338b,"{""distance"":5,""physical_error_rate"":0.0001}","{""detection_events"":1256285,""detectors_checked"":2856878080}"
  14029824,         7,         0,    87.5,exact_mw,cb12ae119b9b2ba18d0216e7235b403229e92fd0743ede48fe7f1a2c6f45d594,"{""distance"":5,""physical_error_rate"":0.0005}","{""detection_events"":6910618,""detectors_checked"":3142680576,""obs_mistake_mask=E"":7}"
  14109696,         0,         0,    87.6,exact_mw,f32ebecd8e105e50ec838d33c5ed9b45444b6b44a3c6ac541111079f2b14e893,"{""distance"":5,""physical_error_rate"":5e-05}","{""detection_events"":694374,""detectors_checked"":3160571904}"
    386048,         0,         0,    3.03,exact_mw,cb12ae119b9b2ba18d0216e7235b403229e92fd0743ede48fe7f1a2c6f45d594,"{""distance"":5,""physical_error_rate"":0.0005}","{""detection_events"":191274,""detectors_checked"":86474752}"
   4161536,        22,         0,    87.9,exact_mw,bb90ec3459e353008cf9a5bb9142bf1e8515517a9e167021b225104594e48e8a,"{""distance"":5,""physical_error_rate"":0.001}","{""detection_events"":4086754,""detectors_checked"":932184064,""obs_mistake_mask=E"":22}"
    501760,         0,         0,    3.01,exact_mw,70a969f5042aec17ac076c6379f4170fb7c69b8e925756ef3b7334e28a33338b,"{""distance"":5,""physical_error_rate"":0.0001}","{""detection_events"":49356,""detectors_checked"":112394240}"
    495616,         0,         0,    3.00,exact_mw,cdc4a450a40af8e24899239080e4c40992fb5baf91c5a31ab3a165eacb3a1ab3,"{""distance"":5,""physical_error_rate"":0.0002}","{""detection_events"":97589,""detectors_checked"":111017984}"
   3991552,        22,         0,    87.8,exact_mw,bb90ec3459e353008cf9a5bb9142bf1e8515517a9e167021b225104594e48e8a,"{""distance"":5,""physical_error_rate"":0.001}","{""detection_events"":3916004,""detectors_checked"":894107648,""obs_mistake_mask=E"":22}"
    811008,         0,         0,    4.26,exact_mw,cb12ae119b9b2ba18d0216e7235b403229e92fd0743ede48fe7f1a2c6f45d594,"{""distance"":5,""physical_error_rate"":0.0005}","{""detection_events"":398460,""detectors_checked"":181665792}"
    220160,         1,         0,    4.26,exact_mw,bb90ec3459e353008cf9a5bb9142bf1e8515517a9e167021b225104594e48e8a,"{""distance"":5,""physical_error_rate"":0.001}","{""detection_events"":215666,""detectors_checked"":49315840,""obs_mistake_mask=E"":1}"
    210944,         0,         0,    4.27,exact_mw,bb90ec3459e353008cf9a5bb9142bf1e8515517a9e167021b225104594e48e8a,"{""distance"":5,""physical_error_rate"":0.001}","{""detection_events"":204818,""detectors_checked"":47251456}"
    561152,         0,         0,    4.26,exact_mw,f32ebecd8e105e50ec838d33c5ed9b45444b6b44a3c6ac541111079f2b14e893,"{""distance"":5,""physical_error_rate"":5e-05}","{""detection_events"":27923,""detectors_checked"":125698048}"
    605184,         0,         0,    4.26,exact_mw,cdc4a450a40af8e24899239080e4c40992fb5baf91c5a31ab3a165eacb3a1ab3,"{""distance"":5,""physical_error_rate"":0.0002}","{""detection_events"":119648,""detectors_checked"":135561216}"
    529408,         1,         0,    4.23,exact_mw,cb12ae119b9b2ba18d0216e7235b403229e92fd0743ede48fe7f1a2c6f45d594,"{""distance"":5,""physical_error_rate"":0.0005}","{""detection_events"":261176,""detectors_checked"":118587392,""obs_mistake_mask=E"":1}"
    714752,         0,         0,    4.25,exact_mw,70a969f5042aec17ac076c6379f4170fb7c69b8e925756ef3b7334e28a33338b,"{""distance"":5,""physical_error_rate"":0.0001}","{""detection_events"":71759,""detectors_checked"":160104448}"
    571392,         0,         0,    4.24,exact_mw,cdc4a450a40af8e24899239080e4c40992fb5baf91c5a31ab3a165eacb3a1ab3,"{""distance"":5,""physical_error_rate"":0.0002}","{""detection_events"":113328,""detectors_checked"":127991808}"
  16102400,         0,         0,    87.4,exact_mw,cdc4a450a40af8e24899239080e4c40992fb5baf91c5a31ab3a165eacb3a1ab3,"{""distance"":5,""physical_error_rate"":0.0002}","{""detection_events"":3169074,""detectors_checked"":3606937600}"
  17916928,         0,         0,    87.6,exact_mw,cdc4a450a40af8e24899239080e4c40992fb5baf91c5a31ab3a165eacb3a1ab3,"{""distance"":5,""physical_error_rate"":0.0002}","{""detection_events"":3528996,""detectors_checked"":4013391872}"
  14480384,         8,         0,    87.7,exact_mw,cb12ae119b9b2ba18d0216e7235b403229e92fd0743ede48fe7f1a2c6f45d594,"{""distance"":5,""physical_error_rate"":0.0005}","{""detection_events"":7116099,""detectors_checked"":3243606016,""obs_mistake_mask=E"":8}"
  14183424,         0,         0,    87.4,exact_mw,f32ebecd8e105e50ec838d33c5ed9b45444b6b44a3c6ac541111079f2b14e893,"{""distance"":5,""physical_error_rate"":5e-05}","{""detection_events"":700659,""detectors_checked"":3177086976}"
  13779968,         0,         0,    87.4,exact_mw,70a969f5042aec17ac076c6379f4170fb7c69b8e925756ef3b7334e28a33338b,"{""distance"":5,""physical_error_rate"":0.0001}","{""detection_events"":1358947,""detectors_checked"":3086712832}"
  13028352,         0,         0,    87.3,exact_mw,70a969f5042aec17ac076c6379f4170fb7c69b8e925756ef3b7334e28a33338b,"{""distance"":5,""physical_error_rate"":0.0001}","{""detection_events"":1282553,""detectors_checked"":2918350848}"
  13639680,         0,         0,    87.5,exact_mw,f32ebecd8e105e50ec838d33c5ed9b45444b6b44a3c6ac541111079f2b14e893,"{""distance"":5,""physical_error_rate"":5e-05}","{""detection_events"":672485,""detectors_checked"":3055288320}"
  14922752,        11,         0,    87.6,exact_mw,cb12ae119b9b2ba18d0216e7235b403229e92fd0743ede48fe7f1a2c6f45d594,"{""distance"":5,""physical_error_rate"":0.0005}","{""detection_events"":7338028,""detectors_checked"":3342696448,""obs_mistake_mask=E"":11}"
   1207296,         0,         0,    5.94,exact_mw,cb12ae119b9b2ba18d0216e7235b403229e92fd0743ede48fe7f1a2c6f45d594,"{""distance"":5,""physical_error_rate"":0.0005}","{""detection_events"":595790,""detectors_checked"":270434304}"
   3855360,        16,         0,    87.9,exact_mw,bb90ec3459e353008cf9a5bb9142bf1e8515517a9e167021b225104594e48e8a,"{""distance"":5,""physical_error_rate"":0.001}","{""detection_events"":3779989,""detectors_checked"":863600640,""obs_mistake_mask=E"":16}"
    311296,         2,         0,    5.97,exact_mw,bb90ec3459e353008cf9a5bb9142bf1e8515517a9e167021b225104594e48e8a,"{""distance"":5,""physical_error_rate"":0.001}","{""detection_events"":305000,""detectors_checked"":69730304,""obs_mistake_mask=E"":2}"
    256000,         2,         0,    5.95,exact_mw,bb90ec3459e353008cf9a5bb9142bf1e8515517a9e167021b225104594e48e8a,"{""distance"":5,""physical_error_rate"":0.001}","{""detection_events"":251323,""detectors_checked"":57344000,""obs_mistake_mask=E"":2}"
    714752,         0,         0,    5.96,exact_mw,f32ebecd8e105e50ec838d33c5ed9b45444b6b44a3c6ac541111079f2b14e893,"{""distance"":5,""physical_error_rate"":5e-05}","{""detection_events"":35202,""detectors_checked"":160104448}"
    722944,         0,         0,    5.92,exact_mw,cdc4a450a40af8e24899239080e4c40992fb5baf91c5a31ab3a165eacb3a1ab3,"{""distance"":5,""physical_error_rate"":0.0002}","{""detection_events"":141883,""detectors_checked"":161939456}"
    742400,         1,         0,    5.95,exact_mw,cb12ae119b9b2ba18d0216e7235b403229e92fd0743ede48fe7f1a2c6f45d594,"{""distance"":5,""physical_error_rate"":0.0005}","{""detection_events"":367936,""detectors_checked"":166297600,""obs_mistake_mask=E"":1}"
   1004544,         0,         0,    5.95,exact_mw,70a969f5042aec17ac076c6379f4170fb7c69b8e925756ef3b7334e28a33338b,"{""distance"":5,""physical_error_rate"":0.0001}","{""detection_events"":99513,""detectors_checked"":225017856}"
    565248,         0,         0,    5.94,exact_mw,cdc4a450a40af8e24899239080e4c40992fb5baf91c5a31ab3a165eacb3a1ab3,"{""distance"":5,""physical_error_rate"":0.0002}","{""detection_events"":111176,""detectors_checked"":126615552}"
  16607232,         0,         0,    87.3,exact_mw,f32ebecd8e105e50ec838d33c5ed9b45444b6b44a3c6ac541111079f2b14e893,"{""distance"":5,""physical_error_rate"":5e-05}","{""detection_events"":817963,""detectors_checked"":3720019968}"
  12517376,         0,         0,    87.5,exact_mw,70a969f5042aec17ac076c6379f4170fb7c69b8e925756ef3b7334e28a33338b,"{""distance"":5,""physical_error_rate"":0.0001}","{""detection_events"":1235329,""detectors_checked"":2803892224}"
   5856256,         1,         0,    44.8,exact_mw,cb12ae119b9b2ba18d0216e7235b403229e92fd0743ede48fe7f1a2c6f45d594,"{""distance"":5,""physical_error_rate"":0.0005}","{""detection_events"":2881662,""detectors_checked"":1311801344,""obs_mistake_mask=E"":1}"
   7791616,         0,         0,    44.7,exact_mw,cdc4a450a40af8e24899239080e4c40992fb5baf91c5a31ab3a165eacb3a1ab3,"{""distance"":5,""physical_error_rate"":0.0002}","{""detection_events"":1536103,""detectors_checked"":1745321984}"
   2403328,        17,         0,    44.9,exact_mw,bb90ec3459e353008cf9a5bb9142bf1e8515517a9e167021b225104594e48e8a,"{""distance"":5,""physical_error_rate"":0.001}","{""detection_events"":2361713,""detectors_checked"":538345472,""obs_mistake_mask=E"":17}"
   7129088,         0,         0,    44.6,exact_mw,70a969f5042aec17ac076c6379f4170fb7c69b8e925756ef3b7334e28a33338b,"{""distance"":5,""physical_error_rate"":0.0001}","{""detection_events"":703536,""detectors_checked"":1596915712}"
   7177216,         0,         0,    44.6,exact_mw,f32ebecd8e105e50ec838d33c5ed9b45444b6b44a3c6ac541111079f2b14e893,"{""distance"":5,""physical_error_rate"":5e-05}","{""detection_events"":355413,""detectors_checked"":1607696384}"
   1789952,         2,         0,    8.30,exact_mw,cb12ae119b9b2ba18d0216e7235b403229e92fd0743ede48fe7f1a2c6f45d594,"{""distance"":5,""physical_error_rate"":0.0005}","{""detection_events"":880317,""detectors_checked"":400949248,""obs_mistake_mask=E"":2}"
    518144,         1,         0,    8.34,exact_mw,bb90ec3459e353008cf9a5bb9142bf1e8515517a9e167021b225104594e48e8a,"{""distance"":5,""physical_error_rate"":0.001}","{""detection_events"":507710,""detectors_checked"":116064256,""obs_mistake_mask=E"":1}"
    373760,         1,         0,    8.34,exact_mw,bb90ec3459e353008cf9a5bb9142bf1e8515517a9e167021b225104594e48e8a,"{""distance"":5,""physical_error_rate"":0.001}","{""detection_events"":367181,""detectors_checked"":83722240,""obs_mistake_mask=E"":1}"
   1228800,         0,         0,    8.28,exact_mw,f32ebecd8e105e50ec838d33c5ed9b45444b6b44a3c6ac541111079f2b14e893,"{""distance"":5,""physical_error_rate"":5e-05}","{""detection_events"":61479,""detectors_checked"":275251200}"
    975872,         0,         0,    8.25,exact_mw,cdc4a450a40af8e24899239080e4c40992fb5baf91c5a31ab3a165eacb3a1ab3,"{""distance"":5,""physical_error_rate"":0.0002}","{""detection_events"":192255,""detectors_checked"":218595328}"
   1047552,         1,         0,    8.30,exact_mw,cb12ae119b9b2ba18d0216e7235b403229e92fd0743ede48fe7f1a2c6f45d594,"{""distance"":5,""physical_error_rate"":0.0005}","{""detection_events"":516057,""detectors_checked"":234651648,""obs_mistake_mask=E"":1}"
   1138688,         0,         0,    8.31,exact_mw,70a969f5042aec17ac076c6379f4170fb7c69b8e925756ef3b7334e28a33338b,"{""distance"":5,""physical_error_rate"":0.0001}","{""detection_events"":113185,""detectors_checked"":255066112}"
   1347584,         0,         0,    8.25,exact_mw,cdc4a450a40af8e24899239080e4c40992fb5baf91c5a31ab3a165eacb3a1ab3,"{""distance"":5,""physical_error_rate"":0.0002}","{""detection_events"":265293,""detectors_checked"":301858816}"
   2661376,         0,         0,    11.6,exact_mw,cb12ae119b9b2ba18d0216e7235b403229e92fd0743ede48fe7f1a2c6f45d594,"{""distance"":5,""physical_error_rate"":0.0005}","{""detection_events"":1304285,""detectors_checked"":596148224}"
    633856,         2,         0,    11.7,exact_mw,bb90ec3459e353008cf9a5bb9142bf1e8515517a9e167021b225104594e48e8a,"{""distance"":5,""physical_error_rate"":0.001}","{""detection_events"":621957,""detectors_checked"":141983744,""obs_mistake_mask=E"":2}"
    600064,         2,         0,    11.7,exact_mw,bb90ec3459e353008cf9a5bb9142bf1e8515517a9e167021b225104594e48e8a,"{""distance"":5,""physical_error_rate"":0.001}","{""detection_events"":588898,""detectors_checked"":134414336,""obs_mistake_mask=E"":2}"
   1805312,         0,         0,    11.6,exact_mw,f32ebecd8e105e50ec838d33c5ed9b45444b6b44a3c6ac541111079f2b14e893,"{""distance"":5,""physical_error_rate"":5e-05}","{""detection_events"":89371,""detectors_checked"":404389888}"
   1719296,         0,         0,    11.6,exact_mw,cdc4a450a40af8e24899239080e4c40992fb5baf91c5a31ab3a165eacb3a1ab3,"{""distance"":5,""physical_error_rate"":0.0002}","{""detection_events"":340057,""detectors_checked"":385122304}"
   1418240,         1,         0,    11.6,exact_mw,cb12ae119b9b2ba18d0216e7235b403229e92fd0743ede48fe7f1a2c6f45d594,"{""distance"":5,""physical_error_rate"":0.0005}","{""detection_events"":696331,""detectors_checked"":317685760,""obs_mistake_mask=E"":1}"
   1541120,         0,         0,    11.6,exact_mw,70a969f5042aec17ac076c6379f4170fb7c69b8e925756ef3b7334e28a33338b,"{""distance"":5,""physical_error_rate"":0.0001}","{""detection_events"":151496,""detectors_checked"":345210880}"
   1689600,         0,         0,    11.6,exact_mw,cdc4a450a40af8e24899239080e4c40992fb5baf91c5a31ab3a165eacb3a1ab3,"{""distance"":5,""physical_error_rate"":0.0002}","{""detection_events"":333700,""detectors_checked"":378470400}"
  13202432,         1,         0,    87.5,exact_mw,cdc4a450a40af8e24899239080e4c40992fb5baf91c5a31ab3a165eacb3a1ab3,"{""distance"":5,""physical_error_rate"":0.0002}","{""detection_events"":2606554,""detectors_checked"":2957344768,""obs_mistake_mask=E"":1}"
  10037248,         6,         0,    87.6,exact_mw,cb12ae119b9b2ba18d0216e7235b403229e92fd0743ede48fe7f1a2c6f45d594,"{""distance"":5,""physical_error_rate"":0.0005}","{""detection_events"":4941529,""detectors_checked"":2248343552,""obs_mistake_mask=E"":6}"
   3943424,        14,         0,    87.8,exact_mw,bb90ec3459e353008cf9a5bb9142bf1e8515517a9e167021b225104594e48e8a,"{""distance"":5,""physical_error_rate"":0.001}","{""detection_events"":3868167,""detectors_checked"":883326976,""obs_mistake_mask=E"":14}"
   3574784,         1,         0,    16.3,exact_mw,cb12ae119b9b2ba18d0216e7235b403229e92fd0743ede48fe7f1a2c6f45d594,"{""distance"":5,""physical_error_rate"":0.0005}","{""detection_events"":1763370,""detectors_checked"":800751616,""obs_mistake_mask=E"":1}"
    677888,         2,         0,    16.4,exact_mw,bb90ec3459e353008cf9a5bb9142bf1e8515517a9e167021b225104594e48e8a,"{""distance"":5,""physical_error_rate"":0.001}","{""detection_events"":665592,""detectors_checked"":151846912,""obs_mistake_mask=E"":2}"
    973824,         8,         0,    16.4,exact_mw,bb90ec3459e353008cf9a5bb9142bf1e8515517a9e167021b225104594e48e8a,"{""distance"":5,""physical_error_rate"":0.001}","{""detection_events"":952601,""detectors_checked"":218136576,""obs_mistake_mask=E"":8}"
   2750464,         0,         0,    16.3,exact_mw,f32ebecd8e105e50ec838d33c5ed9b45444b6b44a3c6ac541111079f2b14e893,"{""distance"":5,""physical_error_rate"":5e-05}","{""detection_events"":136168,""detectors_checked"":616103936}"
   2001920,         0,         0,    16.3,exact_mw,cdc4a450a40af8e24899239080e4c40992fb5baf91c5a31ab3a165eacb3a1ab3,"{""distance"":5,""physical_error_rate"":0.0002}","{""detection_events"":395658,""detectors_checked"":448430080}"
   1673216,         0,         0,    16.3,exact_mw,cb12ae119b9b2ba18d0216e7235b403229e92fd0743ede48fe7f1a2c6f45d594,"{""distance"":5,""physical_error_rate"":0.0005}","{""detection_events"":821349,""detectors_checked"":374800384}"
   2358272,         0,         0,    16.3,exact_mw,70a969f5042aec17ac076c6379f4170fb7c69b8e925756ef3b7334e28a33338b,"{""distance"":5,""physical_error_rate"":0.0001}","{""detection_events"":231728,""detectors_checked"":528252928}"
   2592768,         0,         0,    16.3,exact_mw,cdc4a450a40af8e24899239080e4c40992fb5baf91c5a31ab3a165eacb3a1ab3,"{""distance"":5,""physical_error_rate"":0.0002}","{""detection_events"":512829,""detectors_checked"":580780032}"
   5038080,         0,         0,    22.8,exact_mw,cb12ae119b9b2ba18d0216e7235b403229e92fd0743ede48fe7f1a2c6f45d594,"{""distance"":5,""physical_error_rate"":0.0005}","{""detection_events"":2482128,""detectors_checked"":1128529920}"
   1152000,         5,         0,    22.9,exact_mw,bb90ec3459e353008cf9a5bb9142bf1e8515517a9e167021b225104594e48e8a,"{""distance"":5,""physical_error_rate"":0.001}","{""detection_events"":1126456,""detectors_checked"":258048000,""obs_mistake_mask=E"":5}"
   1180672,         4,         0,    22.8,exact_mw,bb90ec3459e353008cf9a5bb9142bf1e8515517a9e167021b225104594e48e8a,"{""distance"":5,""physical_error_rate"":0.001}","{""detection_events"":1157570,""detectors_checked"":264470528,""obs_mistake_mask=E"":4}"
   3818496,         0,         0,    22.7,exact_mw,f32ebecd8e105e50ec838d33c5ed9b45444b6b44a3c6ac541111079f2b14e893,"{""distance"":5,""physical_error_rate"":5e-05}","{""detection_events"":187517,""detectors_checked"":855343104}"
   3666944,         0,         0,    22.8,exact_mw,cdc4a450a40af8e24899239080e4c40992fb5baf91c5a31ab3a165eacb3a1ab3,"{""distance"":5,""physical_error_rate"":0.0002}","{""detection_events"":721500,""detectors_checked"":821395456}"
   2508800,         0,         0,    22.8,exact_mw,cb12ae119b9b2ba18d0216e7235b403229e92fd0743ede48fe7f1a2c6f45d594,"{""distance"":5,""physical_error_rate"":0.0005}","{""detection_events"":1231356,""detectors_checked"":561971200}"
   3620864,         0,         0,    22.8,exact_mw,70a969f5042aec17ac076c6379f4170fb7c69b8e925756ef3b7334e28a33338b,"{""distance"":5,""physical_error_rate"":0.0001}","{""detection_events"":355503,""detectors_checked"":811073536}"
   3214336,         0,         0,    22.7,exact_mw,cdc4a450a40af8e24899239080e4c40992fb5baf91c5a31ab3a165eacb3a1ab3,"{""distance"":5,""physical_error_rate"":0.0002}","{""detection_events"":634676,""detectors_checked"":720011264}"
  14792704,         0,         0,    87.4,exact_mw,cdc4a450a40af8e24899239080e4c40992fb5baf91c5a31ab3a165eacb3a1ab3,"{""distance"":5,""physical_error_rate"":0.0002}","{""detection_events"":2916524,""detectors_checked"":3313565696}"
  11272192,         8,         0,    87.6,exact_mw,cb12ae119b9b2ba18d0216e7235b403229e92fd0743ede48fe7f1a2c6f45d594,"{""distance"":5,""physical_error_rate"":0.0005}","{""detection_events"":5554762,""detectors_checked"":2524971008,""obs_mistake_mask=E"":8}"
  13542400,         0,         0,    87.5,exact_mw,70a969f5042aec17ac076c6379f4170fb7c69b8e925756ef3b7334e28a33338b,"{""distance"":5,""physical_error_rate"":0.0001}","{""detection_events"":1334125,""detectors_checked"":3033497600}"
   4453376,        22,         0,    87.9,exact_mw,bb90ec3459e353008cf9a5bb9142bf1e8515517a9e167021b225104594e48e8a,"{""distance"":5,""physical_error_rate"":0.001}","{""detection_events"":4372667,""detectors_checked"":997556224,""obs_mistake_mask=E"":22}"
  14034944,         0,         0,    87.5,exact_mw,f32ebecd8e105e50ec838d33c5ed9b45444b6b44a3c6ac541111079f2b14e893,"{""distance"":5,""physical_error_rate"":5e-05}","{""detection_events"":691315,""detectors_checked"":3143827456}"
   8562688,         4,         0,    62.6,exact_mw,cb12ae119b9b2ba18d0216e7235b403229e92fd0743ede48fe7f1a2c6f45d594,"{""distance"":5,""physical_error_rate"":0.0005}","{""detection_events"":4210587,""detectors_checked"":1918042112,""obs_mistake_mask=E"":4}"
  11226112,         0,         0,    62.4,exact_mw,cdc4a450a40af8e24899239080e4c40992fb5baf91c5a31ab3a165eacb3a1ab3,"{""distance"":5,""physical_error_rate"":0.0002}","{""detection_events"":2209731,""detectors_checked"":2514649088}"
   3196928,        18,         0,    62.8,exact_mw,bb90ec3459e353008cf9a5bb9142bf1e8515517a9e167021b225104594e48e8a,"{""distance"":5,""physical_error_rate"":0.001}","{""detection_events"":3139558,""detectors_checked"":716111872,""obs_mistake_mask=E"":18}"
   9649152,         0,         0,    62.4,exact_mw,70a969f5042aec17ac076c6379f4170fb7c69b8e925756ef3b7334e28a33338b,"{""distance"":5,""physical_error_rate"":0.0001}","{""detection_events"":950891,""detectors_checked"":2161410048}"
   9437184,         0,         0,    62.5,exact_mw,f32ebecd8e105e50ec838d33c5ed9b45444b6b44a3c6ac541111079f2b14e893,"{""distance"":5,""physical_error_rate"":5e-05}","{""detection_events"":466207,""detectors_checked"":2113929216}"
   6873088,         2,         0,    31.9,exact_mw,cb12ae119b9b2ba18d0216e7235b403229e92fd0743ede48fe7f1a2c6f45d594,"{""distance"":5,""physical_error_rate"":0.0005}","{""detection_events"":3382188,""detectors_checked"":1539571712,""obs_mistake_mask=E"":2}"
   1447936,         3,         0,    32.1,exact_mw,bb90ec3459e353008cf9a5bb9142bf1e8515517a9e167021b225104594e48e8a,"{""distance"":5,""physical_error_rate"":0.001}","{""detection_events"":1420223,""detectors_checked"":324337664,""obs_mistake_mask=E"":3}"
   1936384,        13,         0,    32.0,exact_mw,bb90ec3459e353008cf9a5bb9142bf1e8515517a9e167021b225104594e48e8a,"{""distance"":5,""physical_error_rate"":0.001}","{""detection_events"":1898937,""detectors_checked"":433750016,""obs_mistake_mask=E"":13}"
   5179392,         0,         0,    31.9,exact_mw,f32ebecd8e105e50ec838d33c5ed9b45444b6b44a3c6ac541111079f2b14e893,"{""distance"":5,""physical_error_rate"":5e-05}","{""detection_events"":256564,""detectors_checked"":1160183808}"
   4020224,         0,         0,    31.8,exact_mw,cdc4a450a40af8e24899239080e4c40992fb5baf91c5a31ab3a165eacb3a1ab3,"{""distance"":5,""physical_error_rate"":0.0002}","{""detection_events"":791874,""detectors_checked"":900530176}"
   4028416,         2,         0,    31.9,exact_mw,cb12ae119b9b2ba18d0216e7235b403229e92fd0743ede48fe7f1a2c6f45d594,"{""distance"":5,""physical_error_rate"":0.0005}","{""detection_events"":1983292,""detectors_checked"":902365184,""obs_mistake_mask=E"":2}"
   4624384,         0,         0,    31.9,exact_mw,70a969f5042aec17ac076c6379f4170fb7c69b8e925756ef3b7334e28a33338b,"{""distance"":5,""physical_error_rate"":0.0001}","{""detection_events"":455955,""detectors_checked"":1035862016}"
   4909056,         1,         0,    31.9,exact_mw,cdc4a450a40af8e24899239080e4c40992fb5baf91c5a31ab3a165eacb3a1ab3,"{""distance"":5,""physical_error_rate"":0.0002}","{""detection_events"":967359,""detectors_checked"":1099628544,""obs_mistake_mask=E"":1}"
  20971520,         0,         0,   119.0,exact_mw,70a969f5042aec17ac076c6379f4170fb7c69b8e925756ef3b7334e28a33338b,"{""distance"":5,""physical_error_rate"":0.0001}","{""detection_events"":2068967,""detectors_checked"":4697620480}"
  21516288,         0,         0,   119.0,exact_mw,f32ebecd8e105e50ec838d33c5ed9b45444b6b44a3c6ac541111079f2b14e893,"{""distance"":5,""physical_error_rate"":5e-05}","{""detection_events"":1059870,""detectors_checked"":4819648512}"
  11275264,        76,         0,   119.5,exact_mw,bb90ec3459e353008cf9a5bb9142bf1e8515517a9e167021b225104594e48e8a,"{""distance"":5,""physical_error_rate"":0.001}","{""detection_events"":11065379,""detectors_checked"":2525659136,""obs_mistake_mask=E"":76}"
  19958784,         1,         0,   119.1,exact_mw,cdc4a450a40af8e24899239080e4c40992fb5baf91c5a31ab3a165eacb3a1ab3,"{""distance"":5,""physical_error_rate"":0.0002}","{""detection_events"":3934486,""detectors_checked"":4470767616,""obs_mistake_mask=E"":1}"
  22653952,         0,         0,   119.0,exact_mw,f32ebecd8e105e50ec838d33c5ed9b45444b6b44a3c6ac541111079f2b14e893,"{""distance"":5,""physical_error_rate"":5e-05}","{""detection_events"":1117575,""detectors_checked"":5074485248}"
  36268032,         0,         0,   119.0,exact_mw,cdc4a450a40af8e24899239080e4c40992fb5baf91c5a31ab3a165eacb3a1ab3,"{""distance"":5,""physical_error_rate"":0.0002}","{""detection_events"":7153767,""detectors_checked"":8124039168}"
  21961728,         0,         0,   119.0,exact_mw,70a969f5042aec17ac076c6379f4170fb7c69b8e925756ef3b7334e28a33338b,"{""distance"":5,""physical_error_rate"":0.0001}","{""detection_events"":2168547,""detectors_checked"":4919427072}"
  15801344,         6,         0,   119.2,exact_mw,cb12ae119b9b2ba18d0216e7235b403229e92fd0743ede48fe7f1a2c6f45d594,"{""distance"":5,""physical_error_rate"":0.0005}","{""detection_events"":7775564,""detectors_checked"":3539501056,""obs_mistake_mask=E"":6}"
   6425600,        26,         0,   119.6,exact_mw,bb90ec3459e353008cf9a5bb9142bf1e8515517a9e167021b225104594e48e8a,"{""distance"":5,""physical_error_rate"":0.001}","{""detection_events"":6303560,""detectors_checked"":1439334400,""obs_mistake_mask=E"":26}"
  17812480,         0,         0,   118.7,exact_mw,cdc4a450a40af8e24899239080e4c40992fb5baf91c5a31ab3a165eacb3a1ab3,"{""distance"":5,""physical_error_rate"":0.0002}","{""detection_events"":3508486,""detectors_checked"":3989995520}"
  13547520,         8,         0,   119.1,exact_mw,cb12ae119b9b2ba18d0216e7235b403229e92fd0743ede48fe7f1a2c6f45d594,"{""distance"":5,""physical_error_rate"":0.0005}","{""detection_events"":6668947,""detectors_checked"":3034644480,""obs_mistake_mask=E"":8}"
  18227200,         0,         0,   119.1,exact_mw,70a969f5042aec17ac076c6379f4170fb7c69b8e925756ef3b7334e28a33338b,"{""distance"":5,""physical_error_rate"":0.0001}","{""detection_events"":1798550,""detectors_checked"":4082892800}"
  28409856,         8,         0,   119.1,exact_mw,cb12ae119b9b2ba18d0216e7235b403229e92fd0743ede48fe7f1a2c6f45d594,"{""distance"":5,""physical_error_rate"":0.0005}","{""detection_events"":13987782,""detectors_checked"":6363807744,""obs_mistake_mask=E"":8}"
  17637376,         0,         0,   119.1,exact_mw,f32ebecd8e105e50ec838d33c5ed9b45444b6b44a3c6ac541111079f2b14e893,"{""distance"":5,""physical_error_rate"":5e-05}","{""detection_events"":871102,""detectors_checked"":3950772224}"
   5622784,        20,         0,   119.6,exact_mw,bb90ec3459e353008cf9a5bb9142bf1e8515517a9e167021b225104594e48e8a,"{""distance"":5,""physical_error_rate"":0.001}","{""detection_events"":5519619,""detectors_checked"":1259503616,""obs_mistake_mask=E"":20}"
   5223424,        23,         0,   119.6,exact_mw,bb90ec3459e353008cf9a5bb9142bf1e8515517a9e167021b225104594e48e8a,"{""distance"":5,""physical_error_rate"":0.001}","{""detection_events"":5126336,""detectors_checked"":1170046976,""obs_mistake_mask=E"":23}"
  19661824,         0,         0,   119.0,exact_mw,cdc4a450a40af8e24899239080e4c40992fb5baf91c5a31ab3a165eacb3a1ab3,"{""distance"":5,""physical_error_rate"":0.0002}","{""detection_events"":3875180,""detectors_checked"":4404248576}"
  19391488,         0,         0,   119.0,exact_mw,cdc4a450a40af8e24899239080e4c40992fb5baf91c5a31ab3a165eacb3a1ab3,"{""distance"":5,""physical_error_rate"":0.0002}","{""detection_events"":3821013,""detectors_checked"":4343693312}"
  15144960,         4,         0,   119.2,exact_mw,cb12ae119b9b2ba18d0216e7235b403229e92fd0743ede48fe7f1a2c6f45d594,"{""distance"":5,""physical_error_rate"":0.0005}","{""detection_events"":7455108,""detectors_checked"":3392471040,""obs_mistake_mask=E"":4}"
  19107840,         0,         0,   119.1,exact_mw,f32ebecd8e105e50ec838d33c5ed9b45444b6b44a3c6ac541111079f2b14e893,"{""distance"":5,""physical_error_rate"":5e-05}","{""detection_events"":945731,""detectors_checked"":4280156160}"
  17850368,         0,         0,   119.0,exact_mw,70a969f5042aec17ac076c6379f4170fb7c69b8e925756ef3b7334e28a33338b,"{""distance"":5,""physical_error_rate"":0.0001}","{""detection_events"":1762438,""detectors_checked"":3998482432}"
  18313216,         0,         0,   119.1,exact_mw,70a969f5042aec17ac076c6379f4170fb7c69b8e925756ef3b7334e28a33338b,"{""distance"":5,""physical_error_rate"":0.0001}","{""detection_events"":1802387,""detectors_checked"":4102160384}"
  18984960,         0,         0,   119.1,exact_mw,f32ebecd8e105e50ec838d33c5ed9b45444b6b44a3c6ac541111079f2b14e893,"{""distance"":5,""physical_error_rate"":5e-05}","{""detection_events"":935821,""detectors_checked"":4252631040}"
  15210496,         6,         0,   119.1,exact_mw,cb12ae119b9b2ba18d0216e7235b403229e92fd0743ede48fe7f1a2c6f45d594,"{""distance"":5,""physical_error_rate"":0.0005}","{""detection_events"":7488716,""detectors_checked"":3407151104,""obs_mistake_mask=E"":6}"
   5423104,        22,         0,   119.5,exact_mw,bb90ec3459e353008cf9a5bb9142bf1e8515517a9e167021b225104594e48e8a,"{""distance"":5,""physical_error_rate"":0.001}","{""detection_events"":5327096,""detectors_checked"":1214775296,""obs_mistake_mask=E"":22}"
  21275648,         0,         0,   119.0,exact_mw,f32ebecd8e105e50ec838d33c5ed9b45444b6b44a3c6ac541111079f2b14e893,"{""distance"":5,""physical_error_rate"":5e-05}","{""detection_events"":1050992,""detectors_checked"":4765745152}"
  15366144,         0,         0,   119.3,exact_mw,70a969f5042aec17ac076c6379f4170fb7c69b8e925756ef3b7334e28a33338b,"{""distance"":5,""physical_error_rate"":0.0001}","{""detection_events"":1515467,""detectors_checked"":3442016256}"
  10442752,         3,         0,    44.7,exact_mw,cb12ae119b9b2ba18d0216e7235b403229e92fd0743ede48fe7f1a2c6f45d594,"{""distance"":5,""physical_error_rate"":0.0005}","{""detection_events"":5139859,""detectors_checked"":2339176448,""obs_mistake_mask=E"":3}"
   2051072,        13,         0,    44.8,exact_mw,bb90ec3459e353008cf9a5bb9142bf1e8515517a9e167021b225104594e48e8a,"{""distance"":5,""physical_error_rate"":0.001}","{""detection_events"":2016412,""detectors_checked"":459440128,""obs_mistake_mask=E"":13}"
   2269184,        15,         0,    44.9,exact_mw,bb90ec3459e353008cf9a5bb9142bf1e8515517a9e167021b225104594e48e8a,"{""distance"":5,""physical_error_rate"":0.001}","{""detection_events"":2229224,""detectors_checked"":508297216,""obs_mistake_mask=E"":15}"
   6903808,         0,         0,    44.7,exact_mw,f32ebecd8e105e50ec838d33c5ed9b45444b6b44a3c6ac541111079f2b14e893,"{""distance"":5,""physical_error_rate"":5e-05}","{""detection_events"":339261,""detectors_checked"":1546452992}"
   5972992,         0,         0,    44.6,exact_mw,cdc4a450a40af8e24899239080e4c40992fb5baf91c5a31ab3a165eacb3a1ab3,"{""distance"":5,""physical_error_rate"":0.0002}","{""detection_events"":1179106,""detectors_checked"":1337950208}"
   5343232,         5,         0,    44.6,exact_mw,cb12ae119b9b2ba18d0216e7235b403229e92fd0743ede48fe7f1a2c6f45d594,"{""distance"":5,""physical_error_rate"":0.0005}","{""detection_events"":2628318,""detectors_checked"":1196883968,""obs_mistake_mask=E"":5}"
   6873088,         0,         0,    44.6,exact_mw,70a969f5042aec17ac076c6379f4170fb7c69b8e925756ef3b7334e28a33338b,"{""distance"":5,""physical_error_rate"":0.0001}","{""detection_events"":679385,""detectors_checked"":1539571712}"
   6833152,         0,         0,    44.6,exact_mw,cdc4a450a40af8e24899239080e4c40992fb5baf91c5a31ab3a165eacb3a1ab3,"{""distance"":5,""physical_error_rate"":0.0002}","{""detection_events"":1347116,""detectors_checked"":1530626048}"
  17580032,         0,         0,   118.9,exact_mw,cdc4a450a40af8e24899239080e4c40992fb5baf91c5a31ab3a165eacb3a1ab3,"{""distance"":5,""physical_error_rate"":0.0002}","{""detection_events"":3465298,""detectors_checked"":3937927168}"
  13406208,         3,         0,   119.1,exact_mw,cb12ae119b9b2ba18d0216e7235b403229e92fd0743ede48fe7f1a2c6f45d594,"{""distance"":5,""physical_error_rate"":0.0005}","{""detection_events"":6597590,""detectors_checked"":3002990592,""obs_mistake_mask=E"":3}"
   5796864,        27,         0,   119.4,exact_mw,bb90ec3459e353008cf9a5bb9142bf1e8515517a9e167021b225104594e48e8a,"{""distance"":5,""physical_error_rate"":0.001}","{""detection_events"":5684193,""detectors_checked"":1298497536,""obs_mistake_mask=E"":27}"
  14847526,         0,         0,    45.9,exact_mw,cdc4a450a40af8e24899239080e4c40992fb5baf91c5a31ab3a165eacb3a1ab3,"{""distance"":5,""physical_error_rate"":0.0002}","{""detection_events"":2925518,""detectors_checked"":3325845824}"
  11105280,         1,         0,    87.7,exact_mw,cb12ae119b9b2ba18d0216e7235b403229e92fd0743ede48fe7f1a2c6f45d594,"{""distance"":5,""physical_error_rate"":0.0005}","{""detection_events"":5465707,""detectors_checked"":2487582720,""obs_mistake_mask=E"":1}"
  15021056,         0,         0,    87.4,exact_mw,cdc4a450a40af8e24899239080e4c40992fb5baf91c5a31ab3a165eacb3a1ab3,"{""distance"":5,""physical_error_rate"":0.0002}","{""detection_events"":2961090,""detectors_checked"":3364716544}"
   4568064,        23,         0,    87.8,exact_mw,bb90ec3459e353008cf9a5bb9142bf1e8515517a9e167021b225104594e48e8a,"{""distance"":5,""physical_error_rate"":0.001}","{""detection_events"":4483122,""detectors_checked"":1023246336,""obs_mistake_mask=E"":23}"
  12906496,         0,         0,    87.4,exact_mw,70a969f5042aec17ac076c6379f4170fb7c69b8e925756ef3b7334e28a33338b,"{""distance"":5,""physical_error_rate"":0.0001}","{""detection_events"":1272903,""detectors_checked"":2891055104}"
  12046336,         0,         0,    87.5,exact_mw,f32ebecd8e105e50ec838d33c5ed9b45444b6b44a3c6ac541111079f2b14e893,"{""distance"":5,""physical_error_rate"":5e-05}","{""detection_events"":593979,""detectors_checked"":2698379264}"
  19957760,         0,         0,   119.0,exact_mw,cdc4a450a40af8e24899239080e4c40992fb5baf91c5a31ab3a165eacb3a1ab3,"{""distance"":5,""physical_error_rate"":0.0002}","{""detection_events"":3935158,""detectors_checked"":4470538240}"
  15798272,         8,         0,   119.2,exact_mw,cb12ae119b9b2ba18d0216e7235b403229e92fd0743ede48fe7f1a2c6f45d594,"{""distance"":5,""physical_error_rate"":0.0005}","{""detection_events"":7772223,""detectors_checked"":3538812928,""obs_mistake_mask=E"":8}"
  18938880,         2,         0,   118.9,exact_mw,70a969f5042aec17ac076c6379f4170fb7c69b8e925756ef3b7334e28a33338b,"{""distance"":5,""physical_error_rate"":0.0001}","{""detection_events"":1865366,""detectors_checked"":4242309120,""obs_mistake_mask=E"":2}"
   6234112,        28,         0,   119.7,exact_mw,bb90ec3459e353008cf9a5bb9142bf1e8515517a9e167021b225104594e48e8a,"{""distance"":5,""physical_error_rate"":0.001}","{""detection_events"":6119032,""detectors_checked"":1396441088,""obs_mistake_mask=E"":28}"
  18719744,         0,         0,   119.1,exact_mw,f32ebecd8e105e50ec838d33c5ed9b45444b6b44a3c6ac541111079f2b14e893,"{""distance"":5,""physical_error_rate"":5e-05}","{""detection_events"":921118,""detectors_checked"":4193222656}"
  14675968,         8,         0,    62.6,exact_mw,cb12ae119b9b2ba18d0216e7235b403229e92fd0743ede48fe7f1a2c6f45d594,"{""distance"":5,""physical_error_rate"":0.0005}","{""detection_events"":7223844,""detectors_checked"":3287416832,""obs_mistake_mask=E"":8}"
   3277824,        24,         0,    62.8,exact_mw,bb90ec3459e353008cf9a5bb9142bf1e8515517a9e167021b225104594e48e8a,"{""distance"":5,""physical_error_rate"":0.001}","{""detection_events"":3223446,""detectors_checked"":734232576,""obs_mistake_mask=E"":24}"
   3043328,        15,         0,    62.8,exact_mw,bb90ec3459e353008cf9a5bb9142bf1e8515517a9e167021b225104594e48e8a,"{""distance"":5,""physical_error_rate"":0.001}","{""detection_events"":2989343,""detectors_checked"":681705472,""obs_mistake_mask=E"":15}"
   9061376,        51,         0,    89.7,exact_mw,bb90ec3459e353008cf9a5bb9142bf1e8515517a9e167021b225104594e48e8a,"{""distance"":5,""physical_error_rate"":0.001}","{""detection_events"":8893861,""detectors_checked"":2029748224,""obs_mistake_mask=E"":51}"
      1024,         0,         0,   0.006,exact_mw,bb90ec3459e353008cf9a5bb9142bf1e8515517a9e167021b225104594e48e8a,"{""distance"":5,""physical_error_rate"":0.001}","{""detection_events"":1033,""detectors_checked"":229376}"
   3603456,        23,         0,    79.8,exact_mw,bb90ec3459e353008cf9a5bb9142bf1e8515517a9e167021b225104594e48e8a,"{""distance"":5,""physical_error_rate"":0.001}","{""detection_events"":3539364,""detectors_checked"":807174144,""obs_mistake_mask=E"":23}"
   4318208,        16,         0,    88.9,exact_mw,bb90ec3459e353008cf9a5bb9142bf1e8515517a9e167021b225104594e48e8a,"{""distance"":5,""physical_error_rate"":0.001}","{""detection_events"":4236054,""detectors_checked"":967278592,""obs_mistake_mask=E"":16}"
   3928064,        21,         0,    87.9,exact_mw,bb90ec3459e353008cf9a5bb9142bf1e8515517a9e167021b225104594e48e8a,"{""distance"":5,""physical_error_rate"":0.001}","{""detection_events"":3855036,""detectors_checked"":879886336,""obs_mistake_mask=E"":21}"
   2320384,        13,         0,    50.4,exact_mw,bb90ec3459e353008cf9a5bb9142bf1e8515517a9e167021b225104594e48e8a,"{""distance"":5,""physical_error_rate"":0.001}","{""detection_events"":2277546,""detectors_checked"":519766016,""obs_mistake_mask=E"":13}"
   2107392,         9,         0,    42.4,exact_mw,bb90ec3459e353008cf9a5bb9142bf1e8515517a9e167021b225104594e48e8a,"{""distance"":5,""physical_error_rate"":0.001}","{""detection_events"":2067389,""detectors_checked"":472055808,""obs_mistake_mask=E"":9}"
      1024,         0,         0,   0.013,exact_mw,bb90ec3459e353008cf9a5bb9142bf1e8515517a9e167021b225104594e48e8a,"{""distance"":5,""physical_error_rate"":0.001}","{""detection_events"":938,""detectors_checked"":229376}"
    845824,         3,         0,    15.8,exact_mw,bb90ec3459e353008cf9a5bb9142bf1e8515517a9e167021b225104594e48e8a,"{""distance"":5,""physical_error_rate"":0.001}","{""detection_events"":827520,""detectors_checked"":189464576,""obs_mistake_mask=E"":3}"
   3883008,        23,         0,    88.7,exact_mw,bb90ec3459e353008cf9a5bb9142bf1e8515517a9e167021b225104594e48e8a,"{""distance"":5,""physical_error_rate"":0.001}","{""detection_events"":3804841,""detectors_checked"":869793792,""obs_mistake_mask=E"":23}"
   9543680,         0,         0,    62.4,exact_mw,f32ebecd8e105e50ec838d33c5ed9b45444b6b44a3c6ac541111079f2b14e893,"{""distance"":5,""physical_error_rate"":5e-05}","{""detection_events"":471615,""detectors_checked"":2137784320}"
   8817664,         0,         0,    62.4,exact_mw,cdc4a450a40af8e24899239080e4c40992fb5baf91c5a31ab3a165eacb3a1ab3,"{""distance"":5,""physical_error_rate"":0.0002}","{""detection_events"":1737579,""detectors_checked"":1975156736}"
   6939648,         2,         0,    62.5,exact_mw,cb12ae119b9b2ba18d0216e7235b403229e92fd0743ede48fe7f1a2c6f45d594,"{""distance"":5,""physical_error_rate"":0.0005}","{""detection_events"":3413611,""detectors_checked"":1554481152,""obs_mistake_mask=E"":2}"
   9717760,         0,         0,    62.5,exact_mw,70a969f5042aec17ac076c6379f4170fb7c69b8e925756ef3b7334e28a33338b,"{""distance"":5,""physical_error_rate"":0.0001}","{""detection_events"":959173,""detectors_checked"":2176778240}"
   9648128,         0,         0,    62.4,exact_mw,cdc4a450a40af8e24899239080e4c40992fb5baf91c5a31ab3a165eacb3a1ab3,"{""distance"":5,""physical_error_rate"":0.0002}","{""detection_events"":1904073,""detectors_checked"":2161180672}"
      3345,         0,         0,   0.011,exact_mw,f32ebecd8e105e50ec838d33c5ed9b45444b6b44a3c6ac541111079f2b14e893,"{""distance"":5,""physical_error_rate"":5e-05}","{""detection_events"":182,""detectors_checked"":749280}"
      5120,         0,         0,   0.017,exact_mw,f32ebecd8e105e50ec838d33c5ed9b45444b6b44a3c6ac541111079f2b14e893,"{""distance"":5,""physical_error_rate"":5e-05}","{""detection_events"":206,""detectors_checked"":1146880}"
      6144,         0,         0,   0.020,exact_mw,f32ebecd8e105e50ec838d33c5ed9b45444b6b44a3c6ac541111079f2b14e893,"{""distance"":5,""physical_error_rate"":5e-05}","{""detection_events"":355,""detectors_checked"":1376256}"
      9216,         0,         0,   0.030,exact_mw,f32ebecd8e105e50ec838d33c5ed9b45444b6b44a3c6ac541111079f2b14e893,"{""distance"":5,""physical_error_rate"":5e-05}","{""detection_events"":439,""detectors_checked"":2064384}"
     12288,         0,         0,   0.040,exact_mw,f32ebecd8e105e50ec838d33c5ed9b45444b6b44a3c6ac541111079f2b14e893,"{""distance"":5,""physical_error_rate"":5e-05}","{""detection_events"":656,""detectors_checked"":2752512}"
     16384,         0,         0,   0.053,exact_mw,f32ebecd8e105e50ec838d33c5ed9b45444b6b44a3c6ac541111079f2b14e893,"{""distance"":5,""physical_error_rate"":5e-05}","{""detection_events"":815,""detectors_checked"":3670016}"
     23552,         0,         0,   0.076,exact_mw,f32ebecd8e105e50ec838d33c5ed9b45444b6b44a3c6ac541111079f2b14e893,"{""distance"":5,""physical_error_rate"":5e-05}","{""detection_events"":1078,""detectors_checked"":5275648}"
     32768,         0,         0,   0.105,exact_mw,f32ebecd8e105e50ec838d33c5ed9b45444b6b44a3c6ac541111079f2b14e893,"{""distance"":5,""physical_error_rate"":5e-05}","{""detection_events"":1558,""detectors_checked"":7340032}"
     47104,         0,         0,   0.148,exact_mw,f32ebecd8e105e50ec838d33c5ed9b45444b6b44a3c6ac541111079f2b14e893,"{""distance"":5,""physical_error_rate"":5e-05}","{""detection_events"":2402,""detectors_checked"":10551296}"
     64512,         0,         0,   0.205,exact_mw,f32ebecd8e105e50ec838d33c5ed9b45444b6b44a3c6ac541111079f2b14e893,"{""distance"":5,""physical_error_rate"":5e-05}","{""detection_events"":3179,""detectors_checked"":14450688}"
      2321,         0,         0,   0.026,exact_mw,f32ebecd8e105e50ec838d33c5ed9b45444b6b44a3c6ac541111079f2b14e893,"{""distance"":5,""physical_error_rate"":5e-05}","{""detection_events"":100,""detectors_checked"":519904}"
      3072,         0,         0,   0.027,exact_mw,f32ebecd8e105e50ec838d33c5ed9b45444b6b44a3c6ac541111079f2b14e893,"{""distance"":5,""physical_error_rate"":5e-05}","{""detection_events"":154,""detectors_checked"":688128}"
      3072,         0,         0,   0.027,exact_mw,f32ebecd8e105e50ec838d33c5ed9b45444b6b44a3c6ac541111079f2b14e893,"{""distance"":5,""physical_error_rate"":5e-05}","{""detection_events"":150,""detectors_checked"":688128}"
      3072,         0,         0,   0.027,exact_mw,f32ebecd8e105e50ec838d33c5ed9b45444b6b44a3c6ac541111079f2b14e893,"{""distance"":5,""physical_error_rate"":5e-05}","{""detection_events"":142,""detectors_checked"":688128}"
      5120,         0,         0,   0.051,exact_mw,f32ebecd8e105e50ec838d33c5ed9b45444b6b44a3c6ac541111079f2b14e893,"{""distance"":5,""physical_error_rate"":5e-05}","{""detection_events"":228,""detectors_checked"":1146880}"
      2321,         0,         0,   0.021,exact_mw,cdc4a450a40af8e24899239080e4c40992fb5baf91c5a31ab3a165eacb3a1ab3,"{""distance"":5,""physical_error_rate"":0.0002}","{""detection_events"":506,""detectors_checked"":519904}"
        17,         0,         0,   0.014,exact_mw,cb12ae119b9b2ba18d0216e7235b403229e92fd0743ede48fe7f1a2c6f45d594,"{""distance"":5,""physical_error_rate"":0.0005}","{""detection_events"":7,""detectors_checked"":3808}"
      4096,         0,         0,   0.025,exact_mw,cdc4a450a40af8e24899239080e4c40992fb5baf91c5a31ab3a165eacb3a1ab3,"{""distance"":5,""physical_error_rate"":0.0002}","{""detection_events"":754,""detectors_checked"":917504}"
      3328,         0,         0,   0.026,exact_mw,cb12ae119b9b2ba18d0216e7235b403229e92fd0743ede48fe7f1a2c6f45d594,"{""distance"":5,""physical_error_rate"":0.0005}","{""detection_events"":1557,""detectors_checked"":745472}"
      6144,         0,         0,   0.054,exact_mw,f32ebecd8e105e50ec838d33c5ed9b45444b6b44a3c6ac541111079f2b14e893,"{""distance"":5,""physical_error_rate"":5e-05}","{""detection_events"":322,""detectors_checked"":1376256}"
      4096,         0,         0,   0.025,exact_mw,cdc4a450a40af8e24899239080e4c40992fb5baf91c5a31ab3a165eacb3a1ab3,"{""distance"":5,""physical_error_rate"":0.0002}","{""detection_events"":839,""detectors_checked"":917504}"
      3072,         0,         0,   0.026,exact_mw,cb12ae119b9b2ba18d0216e7235b403229e92fd0743ede48fe7f1a2c6f45d594,"{""distance"":5,""physical_error_rate"":0.0005}","{""detection_events"":1524,""detectors_checked"":688128}"
      5120,         0,         0,   0.029,exact_mw,cdc4a450a40af8e24899239080e4c40992fb5baf91c5a31ab3a165eacb3a1ab3,"{""distance"":5,""physical_error_rate"":0.0002}","{""detection_events"":1011,""detectors_checked"":1146880}"
      1297,         0,         0,   0.020,exact_mw,cb12ae119b9b2ba18d0216e7235b403229e92fd0743ede48fe7f1a2c6f45d594,"{""distance"":5,""physical_error_rate"":0.0005}","{""detection_events"":689,""detectors_checked"":290528}"
      1297,         0,         0,   0.017,exact_mw,f32ebecd8e105e50ec838d33c5ed9b45444b6b44a3c6ac541111079f2b14e893,"{""distance"":5,""physical_error_rate"":5e-05}","{""detection_events"":65,""detectors_checked"":290528}"
      4096,         0,         0,   0.028,exact_mw,cb12ae119b9b2ba18d0216e7235b403229e92fd0743ede48fe7f1a2c6f45d594,"{""distance"":5,""physical_error_rate"":0.0005}","{""detection_events"":1955,""detectors_checked"":917504}"
      2048,         0,         0,   0.023,exact_mw,cb12ae119b9b2ba18d0216e7235b403229e92fd0743ede48fe7f1a2c6f45d594,"{""distance"":5,""physical_error_rate"":0.0005}","{""detection_events"":1044,""detectors_checked"":458752}"
     88064,         0,         0,   0.288,exact_mw,f32ebecd8e105e50ec838d33c5ed9b45444b6b44a3c6ac541111079f2b14e893,"{""distance"":5,""physical_error_rate"":5e-05}","{""detection_events"":4276,""detectors_checked"":19726336}"
      4096,         0,         0,   0.025,exact_mw,f32ebecd8e105e50ec838d33c5ed9b45444b6b44a3c6ac541111079f2b14e893,"{""distance"":5,""physical_error_rate"":5e-05}","{""detection_events"":182,""detectors_checked"":917504}"
      7168,         0,         0,   0.048,exact_mw,cdc4a450a40af8e24899239080e4c40992fb5baf91c5a31ab3a165eacb3a1ab3,"{""distance"":5,""physical_error_rate"":0.0002}","{""detection_events"":1412,""detectors_checked"":1605632}"
      2048,         0,         0,   0.024,exact_mw,cb12ae119b9b2ba18d0216e7235b403229e92fd0743ede48fe7f1a2c6f45d594,"{""distance"":5,""physical_error_rate"":0.0005}","{""detection_events"":1057,""detectors_checked"":458752}"
      9216,         0,         0,   0.080,exact_mw,f32ebecd8e105e50ec838d33c5ed9b45444b6b44a3c6ac541111079f2b14e893,"{""distance"":5,""physical_error_rate"":5e-05}","{""detection_events"":440,""detectors_checked"":2064384}"
      4096,         0,         0,   0.025,exact_mw,f32ebecd8e105e50ec838d33c5ed9b45444b6b44a3c6ac541111079f2b14e893,"{""distance"":5,""physical_error_rate"":5e-05}","{""detection_events"":243,""detectors_checked"":917504}"
      6144,         0,         0,   0.050,exact_mw,cb12ae119b9b2ba18d0216e7235b403229e92fd0743ede48fe7f1a2c6f45d594,"{""distance"":5,""physical_error_rate"":0.0005}","{""detection_events"":3139,""detectors_checked"":1376256}"
      4096,         0,         0,   0.031,exact_mw,cb12ae119b9b2ba18d0216e7235b403229e92fd0743ede48fe7f1a2c6f45d594,"{""distance"":5,""physical_error_rate"":0.0005}","{""detection_events"":2039,""detectors_checked"":917504}"
      5120,         0,         0,   0.028,exact_mw,f32ebecd8e105e50ec838d33c5ed9b45444b6b44a3c6ac541111079f2b14e893,"{""distance"":5,""physical_error_rate"":5e-05}","{""detection_events"":280,""detectors_checked"":1146880}"
      9216,         0,         0,   0.054,exact_mw,cdc4a450a40af8e24899239080e4c40992fb5baf91c5a31ab3a165eacb3a1ab3,"{""distance"":5,""physical_error_rate"":0.0002}","{""detection_events"":1785,""detectors_checked"":2064384}"
      2321,         0,         0,   0.021,exact_mw,cdc4a450a40af8e24899239080e4c40992fb5baf91c5a31ab3a165eacb3a1ab3,"{""distance"":5,""physical_error_rate"":0.0002}","{""detection_events"":472,""detectors_checked"":519904}"
      7168,         0,         0,   0.054,exact_mw,cb12ae119b9b2ba18d0216e7235b403229e92fd0743ede48fe7f1a2c6f45d594,"{""distance"":5,""physical_error_rate"":0.0005}","{""detection_events"":3492,""detectors_checked"":1605632}"
      5120,         0,         0,   0.049,exact_mw,cb12ae119b9b2ba18d0216e7235b403229e92fd0743ede48fe7f1a2c6f45d594,"{""distance"":5,""physical_error_rate"":0.0005}","{""detection_events"":2433,""detectors_checked"":1146880}"
      4096,         0,         0,   0.026,exact_mw,cdc4a450a40af8e24899239080e4c40992fb5baf91c5a31ab3a165eacb3a1ab3,"{""distance"":5,""physical_error_rate"":0.0002}","{""detection_events"":799,""detectors_checked"":917504}"
      7168,         0,         0,   0.048,exact_mw,f32ebecd8e105e50ec838d33c5ed9b45444b6b44a3c6ac541111079f2b14e893,"{""distance"":5,""physical_error_rate"":5e-05}","{""detection_events"":343,""detectors_checked"":1605632}"
      4096,         0,         0,   0.026,exact_mw,cdc4a450a40af8e24899239080e4c40992fb5baf91c5a31ab3a165eacb3a1ab3,"{""distance"":5,""physical_error_rate"":0.0002}","{""detection_events"":873,""detectors_checked"":917504}"
     14336,         0,         0,   0.106,exact_mw,f32ebecd8e105e50ec838d33c5ed9b45444b6b44a3c6ac541111079f2b14e893,"{""distance"":5,""physical_error_rate"":5e-05}","{""detection_events"":676,""detectors_checked"":3211264}"
      5120,         0,         0,   0.029,exact_mw,cdc4a450a40af8e24899239080e4c40992fb5baf91c5a31ab3a165eacb3a1ab3,"{""distance"":5,""physical_error_rate"":0.0002}","{""detection_events"":1053,""detectors_checked"":1146880}"
      8192,         0,         0,   0.059,exact_mw,cb12ae119b9b2ba18d0216e7235b403229e92fd0743ede48fe7f1a2c6f45d594,"{""distance"":5,""physical_error_rate"":0.0005}","{""detection_events"":3993,""detectors_checked"":1835008}"
     12288,         0,         0,   0.085,exact_mw,cdc4a450a40af8e24899239080e4c40992fb5baf91c5a31ab3a165eacb3a1ab3,"{""distance"":5,""physical_error_rate"":0.0002}","{""detection_events"":2452,""detectors_checked"":2752512}"
      9216,         0,         0,   0.054,exact_mw,f32ebecd8e105e50ec838d33c5ed9b45444b6b44a3c6ac541111079f2b14e893,"{""distance"":5,""physical_error_rate"":5e-05}","{""detection_events"":408,""detectors_checked"":2064384}"
     10240,         0,         0,   0.076,exact_mw,cb12ae119b9b2ba18d0216e7235b403229e92fd0743ede48fe7f1a2c6f45d594,"{""distance"":5,""physical_error_rate"":0.0005}","{""detection_events"":5015,""detectors_checked"":2293760}"
      9216,         0,         0,   0.054,exact_mw,cdc4a450a40af8e24899239080e4c40992fb5baf91c5a31ab3a165eacb3a1ab3,"{""distance"":5,""physical_error_rate"":0.0002}","{""detection_events"":1871,""detectors_checked"":2064384}"
      1297,         0,         0,   0.017,exact_mw,70a969f5042aec17ac076c6379f4170fb7c69b8e925756ef3b7334e28a33338b,"{""distance"":5,""physical_error_rate"":0.0001}","{""detection_events"":144,""detectors_checked"":290528}"
      9216,         0,         0,   0.079,exact_mw,cb12ae119b9b2ba18d0216e7235b403229e92fd0743ede48fe7f1a2c6f45d594,"{""distance"":5,""physical_error_rate"":0.0005}","{""detection_events"":4646,""detectors_checked"":2064384}"
     12288,         0,         0,   0.075,exact_mw,f32ebecd8e105e50ec838d33c5ed9b45444b6b44a3c6ac541111079f2b14e893,"{""distance"":5,""physical_error_rate"":5e-05}","{""detection_events"":616,""detectors_checked"":2752512}"
      4096,         0,         0,   0.026,exact_mw,70a969f5042aec17ac076c6379f4170fb7c69b8e925756ef3b7334e28a33338b,"{""distance"":5,""physical_error_rate"":0.0001}","{""detection_events"":394,""detectors_checked"":917504}"
     17408,         0,         0,   0.106,exact_mw,cdc4a450a40af8e24899239080e4c40992fb5baf91c5a31ab3a165eacb3a1ab3,"{""distance"":5,""physical_error_rate"":0.0002}","{""detection_events"":3429,""detectors_checked"":3899392}"
      9216,         0,         0,   0.055,exact_mw,cdc4a450a40af8e24899239080e4c40992fb5baf91c5a31ab3a165eacb3a1ab3,"{""distance"":5,""physical_error_rate"":0.0002}","{""detection_events"":1871,""detectors_checked"":2064384}"
      4096,         0,         0,   0.026,exact_mw,70a969f5042aec17ac076c6379f4170fb7c69b8e925756ef3b7334e28a33338b,"{""distance"":5,""physical_error_rate"":0.0001}","{""detection_events"":402,""detectors_checked"":917504}"
     15360,         0,         0,   0.153,exact_mw,f32ebecd8e105e50ec838d33c5ed9b45444b6b44a3c6ac541111079f2b14e893,"{""distance"":5,""physical_error_rate"":5e-05}","{""detection_events"":757,""detectors_checked"":3440640}"
     14336,         0,         0,   0.108,exact_mw,cb12ae119b9b2ba18d0216e7235b403229e92fd0743ede48fe7f1a2c6f45d594,"{""distance"":5,""physical_error_rate"":0.0005}","{""detection_events"":6978,""detectors_checked"":3211264}"
      5120,         0,         0,   0.029,exact_mw,70a969f5042aec17ac076c6379f4170fb7c69b8e925756ef3b7334e28a33338b,"{""distance"":5,""physical_error_rate"":0.0001}","{""detection_events"":490,""detectors_checked"":1146880}"
     24576,         0,         0,   0.104,exact_mw,cb12ae119b9b2ba18d0216e7235b403229e92fd0743ede48fe7f1a2c6f45d594,"{""distance"":5,""physical_error_rate"":0.0005}","{""detection_events"":12085,""detectors_checked"":5505024}"
     12288,         0,         0,   0.078,exact_mw,cdc4a450a40af8e24899239080e4c40992fb5baf91c5a31ab3a165eacb3a1ab3,"{""distance"":5,""physical_error_rate"":0.0002}","{""detection_events"":2470,""detectors_checked"":2752512}"
     18432,         0,         0,   0.107,exact_mw,f32ebecd8e105e50ec838d33c5ed9b45444b6b44a3c6ac541111079f2b14e893,"{""distance"":5,""physical_error_rate"":5e-05}","{""detection_events"":979,""detectors_checked"":4128768}"
      8192,         0,         0,   0.050,exact_mw,70a969f5042aec17ac076c6379f4170fb7c69b8e925756ef3b7334e28a33338b,"{""distance"":5,""physical_error_rate"":0.0001}","{""detection_events"":824,""detectors_checked"":1835008}"
    124928,         0,         0,   0.402,exact_mw,f32ebecd8e105e50ec838d33c5ed9b45444b6b44a3c6ac541111079f2b14e893,"{""distance"":5,""physical_error_rate"":5e-05}","{""detection_events"":5888,""detectors_checked"":27983872}"
      9216,         0,         0,   0.054,exact_mw,70a969f5042aec17ac076c6379f4170fb7c69b8e925756ef3b7334e28a33338b,"{""distance"":5,""physical_error_rate"":0.0001}","{""detection_events"":893,""detectors_checked"":2064384}"
     25600,         0,         0,   0.150,exact_mw,cdc4a450a40af8e24899239080e4c40992fb5baf91c5a31ab3a165eacb3a1ab3,"{""distance"":5,""physical_error_rate"":0.0002}","{""detection_events"":4994,""detectors_checked"":5734400}"
     17408,         0,         0,   0.151,exact_mw,cb12ae119b9b2ba18d0216e7235b403229e92fd0743ede48fe7f1a2c6f45d594,"{""distance"":5,""physical_error_rate"":0.0005}","{""detection_events"":8625,""detectors_checked"":3899392}"
     17408,         0,         0,   0.105,exact_mw,cdc4a450a40af8e24899239080e4c40992fb5baf91c5a31ab3a165eacb3a1ab3,"{""distance"":5,""physical_error_rate"":0.0002}","{""detection_events"":3551,""detectors_checked"":3899392}"
     12288,         0,         0,   0.076,exact_mw,70a969f5042aec17ac076c6379f4170fb7c69b8e925756ef3b7334e28a33338b,"{""distance"":5,""physical_error_rate"":0.0001}","{""detection_events"":1316,""detectors_checked"":2752512}"
     34816,         0,         0,   0.149,exact_mw,cb12ae119b9b2ba18d0216e7235b403229e92fd0743ede48fe7f1a2c6f45d594,"{""distance"":5,""physical_error_rate"":0.0005}","{""detection_events"":16968,""detectors_checked"":7798784}"
     23552,         0,         0,   0.148,exact_mw,f32ebecd8e105e50ec838d33c5ed9b45444b6b44a3c6ac541111079f2b14e893,"{""distance"":5,""physical_error_rate"":5e-05}","{""detection_events"":1105,""detectors_checked"":5275648}"
     25600,         0,         0,   0.213,exact_mw,f32ebecd8e105e50ec838d33c5ed9b45444b6b44a3c6ac541111079f2b14e893,"{""distance"":5,""physical_error_rate"":5e-05}","{""detection_events"":1278,""detectors_checked"":5734400}"
     18432,         0,         0,   0.107,exact_mw,70a969f5042aec17ac076c6379f4170fb7c69b8e925756ef3b7334e28a33338b,"{""distance"":5,""physical_error_rate"":0.0001}","{""detection_events"":1819,""detectors_checked"":4128768}"
     22528,         0,         0,   0.149,exact_mw,cdc4a450a40af8e24899239080e4c40992fb5baf91c5a31ab3a165eacb3a1ab3,"{""distance"":5,""physical_error_rate"":0.0002}","{""detection_events"":4802,""detectors_checked"":5046272}"
     28672,         0,         0,   0.209,exact_mw,cdc4a450a40af8e24899239080e4c40992fb5baf91c5a31ab3a165eacb3a1ab3,"{""distance"":5,""physical_error_rate"":0.0002}","{""detection_events"":5603,""detectors_checked"":6422528}"
     25600,         0,         0,   0.210,exact_mw,cb12ae119b9b2ba18d0216e7235b403229e92fd0743ede48fe7f1a2c6f45d594,"{""distance"":5,""physical_error_rate"":0.0005}","{""detection_events"":12313,""detectors_checked"":5734400}"
     52224,         0,         0,   0.206,exact_mw,cb12ae119b9b2ba18d0216e7235b403229e92fd0743ede48fe7f1a2c6f45d594,"{""distance"":5,""physical_error_rate"":0.0005}","{""detection_events"":25733,""detectors_checked"":11698176}"
     34816,         0,         0,   0.209,exact_mw,f32ebecd8e105e50ec838d33c5ed9b45444b6b44a3c6ac541111079f2b14e893,"{""distance"":5,""physical_error_rate"":5e-05}","{""detection_events"":1657,""detectors_checked"":7798784}"
     23552,         0,         0,   0.136,exact_mw,70a969f5042aec17ac076c6379f4170fb7c69b8e925756ef3b7334e28a33338b,"{""distance"":5,""physical_error_rate"":0.0001}","{""detection_events"":2359,""detectors_checked"":5275648}"
     36864,         0,         0,   0.288,exact_mw,f32ebecd8e105e50ec838d33c5ed9b45444b6b44a3c6ac541111079f2b14e893,"{""distance"":5,""physical_error_rate"":5e-05}","{""detection_events"":1664,""detectors_checked"":8257536}"
     33792,         0,         0,   0.203,exact_mw,cdc4a450a40af8e24899239080e4c40992fb5baf91c5a31ab3a165eacb3a1ab3,"{""distance"":5,""physical_error_rate"":0.0002}","{""detection_events"":6546,""detectors_checked"":7569408}"
      3345,         0,         0,   0.011,exact_mw,70a969f5042aec17ac076c6379f4170fb7c69b8e925756ef3b7334e28a33338b,"{""distance"":5,""physical_error_rate"":0.0001}","{""detection_events"":319,""detectors_checked"":749280}"
      1024,         0,         0,   0.016,exact_mw,70a969f5042aec17ac076c6379f4170fb7c69b8e925756ef3b7334e28a33338b,"{""distance"":5,""physical_error_rate"":0.0001}","{""detection_events"":121,""detectors_checked"":229376}"
     31744,         0,         0,   0.297,exact_mw,cdc4a450a40af8e24899239080e4c40992fb5baf91c5a31ab3a165eacb3a1ab3,"{""distance"":5,""physical_error_rate"":0.0002}","{""detection_events"":6328,""detectors_checked"":7110656}"
     37888,         0,         0,   0.288,exact_mw,cb12ae119b9b2ba18d0216e7235b403229e92fd0743ede48fe7f1a2c6f45d594,"{""distance"":5,""physical_error_rate"":0.0005}","{""detection_events"":18460,""detectors_checked"":8486912}"
      5120,         0,         0,   0.028,exact_mw,70a969f5042aec17ac076c6379f4170fb7c69b8e925756ef3b7334e28a33338b,"{""distance"":5,""physical_error_rate"":0.0001}","{""detection_events"":550,""detectors_checked"":1146880}"
     34816,         0,         0,   0.207,exact_mw,70a969f5042aec17ac076c6379f4170fb7c69b8e925756ef3b7334e28a33338b,"{""distance"":5,""physical_error_rate"":0.0001}","{""detection_events"":3473,""detectors_checked"":7798784}"
    176128,         0,         0,   0.563,exact_mw,f32ebecd8e105e50ec838d33c5ed9b45444b6b44a3c6ac541111079f2b14e893,"{""distance"":5,""physical_error_rate"":5e-05}","{""detection_events"":8719,""detectors_checked"":39452672}"
      5120,         0,         0,   0.028,exact_mw,70a969f5042aec17ac076c6379f4170fb7c69b8e925756ef3b7334e28a33338b,"{""distance"":5,""physical_error_rate"":0.0001}","{""detection_events"":562,""detectors_checked"":1146880}"
     64512,         0,         0,   0.290,exact_mw,cb12ae119b9b2ba18d0216e7235b403229e92fd0743ede48fe7f1a2c6f45d594,"{""distance"":5,""physical_error_rate"":0.0005}","{""detection_events"":32070,""detectors_checked"":14450688}"
     49152,         0,         0,   0.289,exact_mw,f32ebecd8e105e50ec838d33c5ed9b45444b6b44a3c6ac541111079f2b14e893,"{""distance"":5,""physical_error_rate"":5e-05}","{""detection_events"":2518,""detectors_checked"":11010048}"
      8192,         0,         0,   0.050,exact_mw,70a969f5042aec17ac076c6379f4170fb7c69b8e925756ef3b7334e28a33338b,"{""distance"":5,""physical_error_rate"":0.0001}","{""detection_events"":839,""detectors_checked"":1835008}"
     10240,         0,         0,   0.056,exact_mw,70a969f5042aec17ac076c6379f4170fb7c69b8e925756ef3b7334e28a33338b,"{""distance"":5,""physical_error_rate"":0.0001}","{""detection_events"":1012,""detectors_checked"":2293760}"
     49152,         0,         0,   0.302,exact_mw,cdc4a450a40af8e24899239080e4c40992fb5baf91c5a31ab3a165eacb3a1ab3,"{""distance"":5,""physical_error_rate"":0.0002}","{""detection_events"":9856,""detectors_checked"":11010048}"
     12288,         0,         0,   0.075,exact_mw,70a969f5042aec17ac076c6379f4170fb7c69b8e925756ef3b7334e28a33338b,"{""distance"":5,""physical_error_rate"":0.0001}","{""detection_events"":1197,""detectors_checked"":2752512}"
     46080,         0,         0,   0.405,exact_mw,f32ebecd8e105e50ec838d33c5ed9b45444b6b44a3c6ac541111079f2b14e893,"{""distance"":5,""physical_error_rate"":5e-05}","{""detection_events"":2235,""detectors_checked"":10321920}"
     50176,         0,         0,   0.278,exact_mw,70a969f5042aec17ac076c6379f4170fb7c69b8e925756ef3b7334e28a33338b,"{""distance"":5,""physical_error_rate"":0.0001}","{""detection_events"":5070,""detectors_checked"":11239424}"
     19456,         0,         0,   0.107,exact_mw,70a969f5042aec17ac076c6379f4170fb7c69b8e925756ef3b7334e28a33338b,"{""distance"":5,""physical_error_rate"":0.0001}","{""detection_events"":1833,""detectors_checked"":4358144}"
      2321,         0,         0,   0.029,exact_mw,70a969f5042aec17ac076c6379f4170fb7c69b8e925756ef3b7334e28a33338b,"{""distance"":5,""physical_error_rate"":0.0001}","{""detection_events"":181,""detectors_checked"":519904}"
      3072,         0,         0,   0.027,exact_mw,70a969f5042aec17ac076c6379f4170fb7c69b8e925756ef3b7334e28a33338b,"{""distance"":5,""physical_error_rate"":0.0001}","{""detection_events"":303,""detectors_checked"":688128}"
     45056,         0,         0,   0.404,exact_mw,cdc4a450a40af8e24899239080e4c40992fb5baf91c5a31ab3a165eacb3a1ab3,"{""distance"":5,""physical_error_rate"":0.0002}","{""detection_events"":9243,""detectors_checked"":10092544}"
      3072,         0,         0,   0.027,exact_mw,70a969f5042aec17ac076c6379f4170fb7c69b8e925756ef3b7334e28a33338b,"{""distance"":5,""physical_error_rate"":0.0001}","{""detection_events"":334,""detectors_checked"":688128}"
     54272,         0,         0,   0.429,exact_mw,cb12ae119b9b2ba18d0216e7235b403229e92fd0743ede48fe7f1a2c6f45d594,"{""distance"":5,""physical_error_rate"":0.0005}","{""detection_events"":26843,""detectors_checked"":12156928}"
      4096,         0,         0,   0.030,exact_mw,70a969f5042aec17ac076c6379f4170fb7c69b8e925756ef3b7334e28a33338b,"{""distance"":5,""physical_error_rate"":0.0001}","{""detection_events"":349,""detectors_checked"":917504}"
     49152,         0,         0,   0.405,exact_mw,cb12ae119b9b2ba18d0216e7235b403229e92fd0743ede48fe7f1a2c6f45d594,"{""distance"":5,""physical_error_rate"":0.0005}","{""detection_events"":24082,""detectors_checked"":11010048}"
     68608,         0,         0,   0.407,exact_mw,f32ebecd8e105e50ec838d33c5ed9b45444b6b44a3c6ac541111079f2b14e893,"{""distance"":5,""physical_error_rate"":5e-05}","{""detection_events"":3347,""detectors_checked"":15368192}"
     23552,         0,         0,   0.150,exact_mw,70a969f5042aec17ac076c6379f4170fb7c69b8e925756ef3b7334e28a33338b,"{""distance"":5,""physical_error_rate"":0.0001}","{""detection_events"":2281,""detectors_checked"":5275648}"
      4096,         0,         0,   0.048,exact_mw,70a969f5042aec17ac076c6379f4170fb7c69b8e925756ef3b7334e28a33338b,"{""distance"":5,""physical_error_rate"":0.0001}","{""detection_events"":377,""detectors_checked"":917504}"
      6144,         0,         0,   0.054,exact_mw,70a969f5042aec17ac076c6379f4170fb7c69b8e925756ef3b7334e28a33338b,"{""distance"":5,""physical_error_rate"":0.0001}","{""detection_events"":605,""detectors_checked"":1376256}"
     69632,         0,         0,   0.405,exact_mw,cdc4a450a40af8e24899239080e4c40992fb5baf91c5a31ab3a165eacb3a1ab3,"{""distance"":5,""physical_error_rate"":0.0002}","{""detection_events"":13468,""detectors_checked"":15597568}"
      9216,         0,         0,   0.081,exact_mw,70a969f5042aec17ac076c6379f4170fb7c69b8e925756ef3b7334e28a33338b,"{""distance"":5,""physical_error_rate"":0.0001}","{""detection_events"":895,""detectors_checked"":2064384}"
     26624,         0,         0,   0.214,exact_mw,70a969f5042aec17ac076c6379f4170fb7c69b8e925756ef3b7334e28a33338b,"{""distance"":5,""physical_error_rate"":0.0001}","{""detection_events"":2509,""detectors_checked"":5963776}"
     66560,         0,         0,   0.393,exact_mw,70a969f5042aec17ac076c6379f4170fb7c69b8e925756ef3b7334e28a33338b,"{""distance"":5,""physical_error_rate"":0.0001}","{""detection_events"":6628,""detectors_checked"":14909440}"
     12288,         0,         0,   0.108,exact_mw,70a969f5042aec17ac076c6379f4170fb7c69b8e925756ef3b7334e28a33338b,"{""distance"":5,""physical_error_rate"":0.0001}","{""detection_events"":1244,""detectors_checked"":2752512}"
     64512,         0,         0,   0.566,exact_mw,f32ebecd8e105e50ec838d33c5ed9b45444b6b44a3c6ac541111079f2b14e893,"{""distance"":5,""physical_error_rate"":5e-05}","{""detection_events"":3176,""detectors_checked"":14450688}"
    240640,         0,         0,   0.788,exact_mw,f32ebecd8e105e50ec838d33c5ed9b45444b6b44a3c6ac541111079f2b14e893,"{""distance"":5,""physical_error_rate"":5e-05}","{""detection_events"":11750,""detectors_checked"":53903360}"
     18432,         0,         0,   0.152,exact_mw,70a969f5042aec17ac076c6379f4170fb7c69b8e925756ef3b7334e28a33338b,"{""distance"":5,""physical_error_rate"":0.0001}","{""detection_events"":1802,""detectors_checked"":4128768}"
     62464,         0,         0,   0.573,exact_mw,cdc4a450a40af8e24899239080e4c40992fb5baf91c5a31ab3a165eacb3a1ab3,"{""distance"":5,""physical_error_rate"":0.0002}","{""detection_events"":12170,""detectors_checked"":13991936}"
     49152,         0,         0,   0.301,exact_mw,70a969f5042aec17ac076c6379f4170fb7c69b8e925756ef3b7334e28a33338b,"{""distance"":5,""physical_error_rate"":0.0001}","{""detection_events"":4883,""detectors_checked"":11010048}"
     71680,         0,         0,   0.567,exact_mw,cb12ae119b9b2ba18d0216e7235b403229e92fd0743ede48fe7f1a2c6f45d594,"{""distance"":5,""physical_error_rate"":0.0005}","{""detection_events"":35222,""detectors_checked"":16056320}"
     73728,         0,         0,   0.566,exact_mw,cb12ae119b9b2ba18d0216e7235b403229e92fd0743ede48fe7f1a2c6f45d594,"{""distance"":5,""physical_error_rate"":0.0005}","{""detection_events"":36181,""detectors_checked"":16515072}"
     96256,         0,         0,   0.567,exact_mw,f32ebecd8e105e50ec838d33c5ed9b45444b6b44a3c6ac541111079f2b14e893,"{""distance"":5,""physical_error_rate"":5e-05}","{""detection_events"":4934,""detectors_checked"":21561344}"
     24576,         0,         0,   0.215,exact_mw,70a969f5042aec17ac076c6379f4170fb7c69b8e925756ef3b7334e28a33338b,"{""distance"":5,""physical_error_rate"":0.0001}","{""detection_events"":2420,""detectors_checked"":5505024}"
     86016,         0,         0,   0.551,exact_mw,cdc4a450a40af8e24899239080e4c40992fb5baf91c5a31ab3a165eacb3a1ab3,"{""distance"":5,""physical_error_rate"":0.0002}","{""detection_events"":16998,""detectors_checked"":19267584}"
     95232,         0,         0,   0.568,exact_mw,70a969f5042aec17ac076c6379f4170fb7c69b8e925756ef3b7334e28a33338b,"{""distance"":5,""physical_error_rate"":0.0001}","{""detection_events"":9417,""detectors_checked"":21331968}"
     33792,         0,         0,   0.298,exact_mw,70a969f5042aec17ac076c6379f4170fb7c69b8e925756ef3b7334e28a33338b,"{""distance"":5,""physical_error_rate"":0.0001}","{""detection_events"":3217,""detectors_checked"":7569408}"
     63488,         0,         0,   0.406,exact_mw,70a969f5042aec17ac076c6379f4170fb7c69b8e925756ef3b7334e28a33338b,"{""distance"":5,""physical_error_rate"":0.0001}","{""detection_events"":6260,""detectors_checked"":14221312}"
     91136,         0,         0,   0.808,exact_mw,f32ebecd8e105e50ec838d33c5ed9b45444b6b44a3c6ac541111079f2b14e893,"{""distance"":5,""physical_error_rate"":5e-05}","{""detection_events"":4717,""detectors_checked"":20414464}"
     90112,         0,         0,   0.792,exact_mw,cdc4a450a40af8e24899239080e4c40992fb5baf91c5a31ab3a165eacb3a1ab3,"{""distance"":5,""physical_error_rate"":0.0002}","{""detection_events"":17684,""detectors_checked"":20185088}"
     97280,         0,         0,   0.783,exact_mw,cb12ae119b9b2ba18d0216e7235b403229e92fd0743ede48fe7f1a2c6f45d594,"{""distance"":5,""physical_error_rate"":0.0005}","{""detection_events"":48546,""detectors_checked"":21790720}"
     47104,         0,         0,   0.406,exact_mw,70a969f5042aec17ac076c6379f4170fb7c69b8e925756ef3b7334e28a33338b,"{""distance"":5,""physical_error_rate"":0.0001}","{""detection_events"":4612,""detectors_checked"":10551296}"
    102400,         0,         0,   0.784,exact_mw,cb12ae119b9b2ba18d0216e7235b403229e92fd0743ede48fe7f1a2c6f45d594,"{""distance"":5,""physical_error_rate"":0.0005}","{""detection_events"":50099,""detectors_checked"":22937600}"
    135168,         0,         0,   0.793,exact_mw,f32ebecd8e105e50ec838d33c5ed9b45444b6b44a3c6ac541111079f2b14e893,"{""distance"":5,""physical_error_rate"":5e-05}","{""detection_events"":6709,""detectors_checked"":30277632}"
    339968,         0,         0,    1.10,exact_mw,f32ebecd8e105e50ec838d33c5ed9b45444b6b44a3c6ac541111079f2b14e893,"{""distance"":5,""physical_error_rate"":5e-05}","{""detection_events"":16520,""detectors_checked"":76152832}"
    131072,         0,         0,   0.803,exact_mw,cdc4a450a40af8e24899239080e4c40992fb5baf91c5a31ab3a165eacb3a1ab3,"{""distance"":5,""physical_error_rate"":0.0002}","{""detection_events"":25990,""detectors_checked"":29360128}"
     95232,         0,         0,   0.566,exact_mw,70a969f5042aec17ac076c6379f4170fb7c69b8e925756ef3b7334e28a33338b,"{""distance"":5,""physical_error_rate"":0.0001}","{""detection_events"":8897,""detectors_checked"":21331968}"
    132096,         0,         0,   0.793,exact_mw,70a969f5042aec17ac076c6379f4170fb7c69b8e925756ef3b7334e28a33338b,"{""distance"":5,""physical_error_rate"":0.0001}","{""detection_events"":12467,""detectors_checked"":29589504}"
     64512,         0,         0,   0.583,exact_mw,70a969f5042aec17ac076c6379f4170fb7c69b8e925756ef3b7334e28a33338b,"{""distance"":5,""physical_error_rate"":0.0001}","{""detection_events"":6439,""detectors_checked"":14450688}"
    128000,         0,         0,    1.10,exact_mw,f32ebecd8e105e50ec838d33c5ed9b45444b6b44a3c6ac541111079f2b14e893,"{""distance"":5,""physical_error_rate"":5e-05}","{""detection_events"":6276,""detectors_checked"":28672000}"
    134144,         0,         0,   0.795,exact_mw,70a969f5042aec17ac076c6379f4170fb7c69b8e925756ef3b7334e28a33338b,"{""distance"":5,""physical_error_rate"":0.0001}","{""detection_events"":12940,""detectors_checked"":30048256}"
    122880,         0,         0,    1.12,exact_mw,cdc4a450a40af8e24899239080e4c40992fb5baf91c5a31ab3a165eacb3a1ab3,"{""distance"":5,""physical_error_rate"":0.0002}","{""detection_events"":23837,""detectors_checked"":27525120}"
    141312,         0,         0,    1.11,exact_mw,cb12ae119b9b2ba18d0216e7235b403229e92fd0743ede48fe7f1a2c6f45d594,"{""distance"":5,""physical_error_rate"":0.0005}","{""detection_events"":69919,""detectors_checked"":31653888}"
    147456,         0,         0,    1.11,exact_mw,cb12ae119b9b2ba18d0216e7235b403229e92fd0743ede48fe7f1a2c6f45d594,"{""distance"":5,""physical_error_rate"":0.0005}","{""detection_events"":71795,""detectors_checked"":33030144}"
    187392,         0,         0,    1.12,exact_mw,f32ebecd8e105e50ec838d33c5ed9b45444b6b44a3c6ac541111079f2b14e893,"{""distance"":5,""physical_error_rate"":5e-05}","{""detection_events"":9240,""detectors_checked"":41975808}"
    182272,         0,         0,    1.11,exact_mw,cdc4a450a40af8e24899239080e4c40992fb5baf91c5a31ab3a165eacb3a1ab3,"{""distance"":5,""physical_error_rate"":0.0002}","{""detection_events"":36093,""detectors_checked"":40828928}"
     91136,         0,         0,   0.809,exact_mw,70a969f5042aec17ac076c6379f4170fb7c69b8e925756ef3b7334e28a33338b,"{""distance"":5,""physical_error_rate"":0.0001}","{""detection_events"":9193,""detectors_checked"":20414464}"
    164864,         0,         0,    1.11,exact_mw,70a969f5042aec17ac076c6379f4170fb7c69b8e925756ef3b7334e28a33338b,"{""distance"":5,""physical_error_rate"":0.0001}","{""detection_events"":15986,""detectors_checked"":36929536}"
    478208,         0,         0,    1.54,exact_mw,f32ebecd8e105e50ec838d33c5ed9b45444b6b44a3c6ac541111079f2b14e893,"{""distance"":5,""physical_error_rate"":5e-05}","{""detection_events"":23461,""detectors_checked"":107118592}"
    186368,         0,         0,    1.11,exact_mw,70a969f5042aec17ac076c6379f4170fb7c69b8e925756ef3b7334e28a33338b,"{""distance"":5,""physical_error_rate"":0.0001}","{""detection_events"":18204,""detectors_checked"":41746432}"
    128000,         0,         0,    1.11,exact_mw,70a969f5042aec17ac076c6379f4170fb7c69b8e925756ef3b7334e28a33338b,"{""distance"":5,""physical_error_rate"":0.0001}","{""detection_events"":12534,""detectors_checked"":28672000}"
    180224,         0,         0,    1.56,exact_mw,f32ebecd8e105e50ec838d33c5ed9b45444b6b44a3c6ac541111079f2b14e893,"{""distance"":5,""physical_error_rate"":5e-05}","{""detection_events"":8868,""detectors_checked"":40370176}"
    189440,         0,         0,    1.55,exact_mw,cdc4a450a40af8e24899239080e4c40992fb5baf91c5a31ab3a165eacb3a1ab3,"{""distance"":5,""physical_error_rate"":0.0002}","{""detection_events"":37521,""detectors_checked"":42434560}"
    320512,         0,         0,    1.54,exact_mw,cb12ae119b9b2ba18d0216e7235b403229e92fd0743ede48fe7f1a2c6f45d594,"{""distance"":5,""physical_error_rate"":0.0005}","{""detection_events"":158338,""detectors_checked"":71794688}"
    194560,         0,         0,    1.55,exact_mw,cb12ae119b9b2ba18d0216e7235b403229e92fd0743ede48fe7f1a2c6f45d594,"{""distance"":5,""physical_error_rate"":0.0005}","{""detection_events"":95512,""detectors_checked"":43581440}"
    268288,         0,         0,    1.56,exact_mw,f32ebecd8e105e50ec838d33c5ed9b45444b6b44a3c6ac541111079f2b14e893,"{""distance"":5,""physical_error_rate"":5e-05}","{""detection_events"":13244,""detectors_checked"":60096512}"
    333824,         0,         0,    1.55,exact_mw,cdc4a450a40af8e24899239080e4c40992fb5baf91c5a31ab3a165eacb3a1ab3,"{""distance"":5,""physical_error_rate"":0.0002}","{""detection_events"":66186,""detectors_checked"":74776576}"
    263168,         0,         0,    1.54,exact_mw,70a969f5042aec17ac076c6379f4170fb7c69b8e925756ef3b7334e28a33338b,"{""distance"":5,""physical_error_rate"":0.0001}","{""detection_events"":25853,""detectors_checked"":58949632}"
    217088,         0,         0,    1.56,exact_mw,70a969f5042aec17ac076c6379f4170fb7c69b8e925756ef3b7334e28a33338b,"{""distance"":5,""physical_error_rate"":0.0001}","{""detection_events"":21046,""detectors_checked"":48627712}"
    674816,         0,         0,    2.16,exact_mw,f32ebecd8e105e50ec838d33c5ed9b45444b6b44a3c6ac541111079f2b14e893,"{""distance"":5,""physical_error_rate"":5e-05}","{""detection_events"":33352,""detectors_checked"":151158784}"
    208896,         0,         0,    1.56,exact_mw,70a969f5042aec17ac076c6379f4170fb7c69b8e925756ef3b7334e28a33338b,"{""distance"":5,""physical_error_rate"":0.0001}","{""detection_events"":20745,""detectors_checked"":46792704}"
    364544,         0,         0,    2.18,exact_mw,f32ebecd8e105e50ec838d33c5ed9b45444b6b44a3c6ac541111079f2b14e893,"{""distance"":5,""physical_error_rate"":5e-05}","{""detection_events"":17977,""detectors_checked"":81657856}"
    279552,         0,         0,    2.13,exact_mw,cb12ae119b9b2ba18d0216e7235b403229e92fd0743ede48fe7f1a2c6f45d594,"{""distance"":5,""physical_error_rate"":0.0005}","{""detection_events"":136482,""detectors_checked"":62619648}"
    366592,         0,         0,    2.16,exact_mw,cdc4a450a40af8e24899239080e4c40992fb5baf91c5a31ab3a165eacb3a1ab3,"{""distance"":5,""physical_error_rate"":0.0002}","{""detection_events"":71870,""detectors_checked"":82116608}"
    355328,         0,         0,    2.16,exact_mw,cb12ae119b9b2ba18d0216e7235b403229e92fd0743ede48fe7f1a2c6f45d594,"{""distance"":5,""physical_error_rate"":0.0005}","{""detection_events"":174840,""detectors_checked"":79593472}"
    368640,         0,         0,    2.16,exact_mw,f32ebecd8e105e50ec838d33c5ed9b45444b6b44a3c6ac541111079f2b14e893,"{""distance"":5,""physical_error_rate"":5e-05}","{""detection_events"":18068,""detectors_checked"":82575360}"
    592896,         0,         0,    2.15,exact_mw,cdc4a450a40af8e24899239080e4c40992fb5baf91c5a31ab3a165eacb3a1ab3,"{""distance"":5,""physical_error_rate"":0.0002}","{""detection_events"":116710,""detectors_checked"":132808704}"
    216064,         0,         0,    2.18,exact_mw,70a969f5042aec17ac076c6379f4170fb7c69b8e925756ef3b7334e28a33338b,"{""distance"":5,""physical_error_rate"":0.0001}","{""detection_events"":21310,""detectors_checked"":48398336}"
    365568,         0,         0,    2.16,exact_mw,70a969f5042aec17ac076c6379f4170fb7c69b8e925756ef3b7334e28a33338b,"{""distance"":5,""physical_error_rate"":0.0001}","{""detection_events"":35791,""detectors_checked"":81887232}"
    371712,         0,         0,    2.17,exact_mw,70a969f5042aec17ac076c6379f4170fb7c69b8e925756ef3b7334e28a33338b,"{""distance"":5,""physical_error_rate"":0.0001}","{""detection_events"":36865,""detectors_checked"":83263488}"
    915456,         0,         0,    3.03,exact_mw,f32ebecd8e105e50ec838d33c5ed9b45444b6b44a3c6ac541111079f2b14e893,"{""distance"":5,""physical_error_rate"":5e-05}","{""detection_events"":45338,""detectors_checked"":205062144}"
    423936,         0,         0,    3.04,exact_mw,f32ebecd8e105e50ec838d33c5ed9b45444b6b44a3c6ac541111079f2b14e893,"{""distance"":5,""physical_error_rate"":5e-05}","{""detection_events"":20742,""detectors_checked"":94961664}"
    497664,         0,         0,    3.04,exact_mw,cdc4a450a40af8e24899239080e4c40992fb5baf91c5a31ab3a165eacb3a1ab3,"{""distance"":5,""physical_error_rate"":0.0002}","{""detection_events"":98905,""detectors_checked"":111476736}"
    384000,         0,         0,    3.04,exact_mw,cb12ae119b9b2ba18d0216e7235b403229e92fd0743ede48fe7f1a2c6f45d594,"{""distance"":5,""physical_error_rate"":0.0005}","{""detection_events"":188229,""detectors_checked"":86016000}"
    405504,         0,         0,    3.04,exact_mw,cb12ae119b9b2ba18d0216e7235b403229e92fd0743ede48fe7f1a2c6f45d594,"{""distance"":5,""physical_error_rate"":0.0005}","{""detection_events"":200590,""detectors_checked"":90832896}"
    517120,         0,         0,    3.04,exact_mw,f32ebecd8e105e50ec838d33c5ed9b45444b6b44a3c6ac541111079f2b14e893,"{""distance"":5,""physical_error_rate"":5e-05}","{""detection_events"":25036,""detectors_checked"":115834880}"
    475136,         0,         0,    3.04,exact_mw,cdc4a450a40af8e24899239080e4c40992fb5baf91c5a31ab3a165eacb3a1ab3,"{""distance"":5,""physical_error_rate"":0.0002}","{""detection_events"":93624,""detectors_checked"":106430464}"
    491520,         0,         0,    3.02,exact_mw,70a969f5042aec17ac076c6379f4170fb7c69b8e925756ef3b7334e28a33338b,"{""distance"":5,""physical_error_rate"":0.0001}","{""detection_events"":48039,""detectors_checked"":110100480}"
    516096,         0,         0,    3.05,exact_mw,70a969f5042aec17ac076c6379f4170fb7c69b8e925756ef3b7334e28a33338b,"{""distance"":5,""physical_error_rate"":0.0001}","{""detection_events"":50882,""detectors_checked"":115605504}"
    513024,         0,         0,    3.02,exact_mw,70a969f5042aec17ac076c6379f4170fb7c69b8e925756ef3b7334e28a33338b,"{""distance"":5,""physical_error_rate"":0.0001}","{""detection_events"":51081,""detectors_checked"":114917376}"
   1290240,         0,         0,    4.24,exact_mw,f32ebecd8e105e50ec838d33c5ed9b45444b6b44a3c6ac541111079f2b14e893,"{""distance"":5,""physical_error_rate"":5e-05}","{""detection_events"":63485,""detectors_checked"":289013760}"
    489472,         0,         0,    4.25,exact_mw,f32ebecd8e105e50ec838d33c5ed9b45444b6b44a3c6ac541111079f2b14e893,"{""distance"":5,""physical_error_rate"":5e-05}","{""detection_events"":24262,""detectors_checked"":109641728}"
    536576,         0,         0,    4.26,exact_mw,cb12ae119b9b2ba18d0216e7235b403229e92fd0743ede48fe7f1a2c6f45d594,"{""distance"":5,""physical_error_rate"":0.0005}","{""detection_events"":262313,""detectors_checked"":120193024}"
    591872,         0,         0,    4.25,exact_mw,cdc4a450a40af8e24899239080e4c40992fb5baf91c5a31ab3a165eacb3a1ab3,"{""distance"":5,""physical_error_rate"":0.0002}","{""detection_events"":116504,""detectors_checked"":132579328}"
    717824,         0,         0,    4.25,exact_mw,cb12ae119b9b2ba18d0216e7235b403229e92fd0743ede48fe7f1a2c6f45d594,"{""distance"":5,""physical_error_rate"":0.0005}","{""detection_events"":353854,""detectors_checked"":160792576}"
    720896,         0,         0,    4.22,exact_mw,f32ebecd8e105e50ec838d33c5ed9b45444b6b44a3c6ac541111079f2b14e893,"{""distance"":5,""physical_error_rate"":5e-05}","{""detection_events"":35357,""detectors_checked"":161480704}"
    934912,         0,         0,    4.23,exact_mw,cdc4a450a40af8e24899239080e4c40992fb5baf91c5a31ab3a165eacb3a1ab3,"{""distance"":5,""physical_error_rate"":0.0002}","{""detection_events"":184519,""detectors_checked"":209420288}"
    711680,         0,         0,    4.26,exact_mw,70a969f5042aec17ac076c6379f4170fb7c69b8e925756ef3b7334e28a33338b,"{""distance"":5,""physical_error_rate"":0.0001}","{""detection_events"":70041,""detectors_checked"":159416320}"
    463872,         0,         0,    4.25,exact_mw,70a969f5042aec17ac076c6379f4170fb7c69b8e925756ef3b7334e28a33338b,"{""distance"":5,""physical_error_rate"":0.0001}","{""detection_events"":45755,""detectors_checked"":103907328}"
    719872,         0,         0,    4.23,exact_mw,70a969f5042aec17ac076c6379f4170fb7c69b8e925756ef3b7334e28a33338b,"{""distance"":5,""physical_error_rate"":0.0001}","{""detection_events"":70742,""detectors_checked"":161251328}"
   1888256,         0,         0,    5.93,exact_mw,f32ebecd8e105e50ec838d33c5ed9b45444b6b44a3c6ac541111079f2b14e893,"{""distance"":5,""physical_error_rate"":5e-05}","{""detection_events"":93165,""detectors_checked"":422969344}"
    922624,         0,         0,    5.96,exact_mw,f32ebecd8e105e50ec838d33c5ed9b45444b6b44a3c6ac541111079f2b14e893,"{""distance"":5,""physical_error_rate"":5e-05}","{""detection_events"":45806,""detectors_checked"":206667776}"
    743424,         0,         0,    5.93,exact_mw,cb12ae119b9b2ba18d0216e7235b403229e92fd0743ede48fe7f1a2c6f45d594,"{""distance"":5,""physical_error_rate"":0.0005}","{""detection_events"":364174,""detectors_checked"":166526976}"
    893952,         0,         0,    5.92,exact_mw,cdc4a450a40af8e24899239080e4c40992fb5baf91c5a31ab3a165eacb3a1ab3,"{""distance"":5,""physical_error_rate"":0.0002}","{""detection_events"":175565,""detectors_checked"":200245248}"
    792576,         0,         0,    5.96,exact_mw,cb12ae119b9b2ba18d0216e7235b403229e92fd0743ede48fe7f1a2c6f45d594,"{""distance"":5,""physical_error_rate"":0.0005}","{""detection_events"":389793,""detectors_checked"":177537024}"
    946176,         0,         0,    5.94,exact_mw,f32ebecd8e105e50ec838d33c5ed9b45444b6b44a3c6ac541111079f2b14e893,"{""distance"":5,""physical_error_rate"":5e-05}","{""detection_events"":46716,""detectors_checked"":211943424}"
    872448,         0,         0,    5.96,exact_mw,cdc4a450a40af8e24899239080e4c40992fb5baf91c5a31ab3a165eacb3a1ab3,"{""distance"":5,""physical_error_rate"":0.0002}","{""detection_events"":172046,""detectors_checked"":195428352}"
    921600,         0,         0,    5.96,exact_mw,70a969f5042aec17ac076c6379f4170fb7c69b8e925756ef3b7334e28a33338b,"{""distance"":5,""physical_error_rate"":0.0001}","{""detection_events"":91886,""detectors_checked"":206438400}"
    745472,         0,         0,    5.93,exact_mw,70a969f5042aec17ac076c6379f4170fb7c69b8e925756ef3b7334e28a33338b,"{""distance"":5,""physical_error_rate"":0.0001}","{""detection_events"":73195,""detectors_checked"":166985728}"
    911360,         0,         0,    5.93,exact_mw,70a969f5042aec17ac076c6379f4170fb7c69b8e925756ef3b7334e28a33338b,"{""distance"":5,""physical_error_rate"":0.0001}","{""detection_events"":89819,""detectors_checked"":204144640}"
  20357120,         0,         0,   119.1,exact_mw,70a969f5042aec17ac076c6379f4170fb7c69b8e925756ef3b7334e28a33338b,"{""distance"":5,""physical_error_rate"":0.0001}","{""detection_events"":2004414,""detectors_checked"":4559994880}"
  21632000,         0,         0,   119.0,exact_mw,f32ebecd8e105e50ec838d33c5ed9b45444b6b44a3c6ac541111079f2b14e893,"{""distance"":5,""physical_error_rate"":5e-05}","{""detection_events"":1066131,""detectors_checked"":4845568000}"
  20018176,         0,         0,   119.1,exact_mw,cdc4a450a40af8e24899239080e4c40992fb5baf91c5a31ab3a165eacb3a1ab3,"{""distance"":5,""physical_error_rate"":0.0002}","{""detection_events"":3946975,""detectors_checked"":4484071424}"
  24468480,         0,         0,   119.1,exact_mw,f32ebecd8e105e50ec838d33c5ed9b45444b6b44a3c6ac541111079f2b14e893,"{""distance"":5,""physical_error_rate"":5e-05}","{""detection_events"":1207137,""detectors_checked"":5480939520}"
   2613248,         0,         0,    8.30,exact_mw,f32ebecd8e105e50ec838d33c5ed9b45444b6b44a3c6ac541111079f2b14e893,"{""distance"":5,""physical_error_rate"":5e-05}","{""detection_events"":128137,""detectors_checked"":585367552}"
  24350720,         0,         0,   119.1,exact_mw,70a969f5042aec17ac076c6379f4170fb7c69b8e925756ef3b7334e28a33338b,"{""distance"":5,""physical_error_rate"":0.0001}","{""detection_events"":2398834,""detectors_checked"":5454561280}"
  15653888,         9,         0,   118.9,exact_mw,cb12ae119b9b2ba18d0216e7235b403229e92fd0743ede48fe7f1a2c6f45d594,"{""distance"":5,""physical_error_rate"":0.0005}","{""detection_events"":7706416,""detectors_checked"":3506470912,""obs_mistake_mask=E"":9}"
  17857536,         0,         0,   118.9,exact_mw,cdc4a450a40af8e24899239080e4c40992fb5baf91c5a31ab3a165eacb3a1ab3,"{""distance"":5,""physical_error_rate"":0.0002}","{""detection_events"":3525088,""detectors_checked"":4000088064}"
  13365248,         7,         0,   119.1,exact_mw,cb12ae119b9b2ba18d0216e7235b403229e92fd0743ede48fe7f1a2c6f45d594,"{""distance"":5,""physical_error_rate"":0.0005}","{""detection_events"":6582368,""detectors_checked"":2993815552,""obs_mistake_mask=E"":7}"
  17811456,         0,         0,   118.9,exact_mw,70a969f5042aec17ac076c6379f4170fb7c69b8e925756ef3b7334e28a33338b,"{""distance"":5,""physical_error_rate"":0.0001}","{""detection_events"":1754513,""detectors_checked"":3989766144}"
  29582336,        11,         0,   119.2,exact_mw,cb12ae119b9b2ba18d0216e7235b403229e92fd0743ede48fe7f1a2c6f45d594,"{""distance"":5,""physical_error_rate"":0.0005}","{""detection_events"":14564685,""detectors_checked"":6626443264,""obs_mistake_mask=E"":11}"
  18165760,         0,         0,   118.9,exact_mw,f32ebecd8e105e50ec838d33c5ed9b45444b6b44a3c6ac541111079f2b14e893,"{""distance"":5,""physical_error_rate"":5e-05}","{""detection_events"":895033,""detectors_checked"":4069130240}"
   1673216,         0,         0,    8.29,exact_mw,f32ebecd8e105e50ec838d33c5ed9b45444b6b44a3c6ac541111079f2b14e893,"{""distance"":5,""physical_error_rate"":5e-05}","{""detection_events"":81543,""detectors_checked"":374800384}"
   1107968,         0,         0,    8.35,exact_mw,cb12ae119b9b2ba18d0216e7235b403229e92fd0743ede48fe7f1a2c6f45d594,"{""distance"":5,""physical_error_rate"":0.0005}","{""detection_events"":545437,""detectors_checked"":248184832}"
   1453056,         0,         0,    8.29,exact_mw,cdc4a450a40af8e24899239080e4c40992fb5baf91c5a31ab3a165eacb3a1ab3,"{""distance"":5,""physical_error_rate"":0.0002}","{""detection_events"":286274,""detectors_checked"":325484544}"
   1047552,         1,         0,    8.31,exact_mw,cb12ae119b9b2ba18d0216e7235b403229e92fd0743ede48fe7f1a2c6f45d594,"{""distance"":5,""physical_error_rate"":0.0005}","{""detection_events"":513369,""detectors_checked"":234651648,""obs_mistake_mask=E"":1}"
   1276928,         0,         0,    8.31,exact_mw,f32ebecd8e105e50ec838d33c5ed9b45444b6b44a3c6ac541111079f2b14e893,"{""distance"":5,""physical_error_rate"":5e-05}","{""detection_events"":62632,""detectors_checked"":286031872}"
   1211392,         0,         0,    8.29,exact_mw,cdc4a450a40af8e24899239080e4c40992fb5baf91c5a31ab3a165eacb3a1ab3,"{""distance"":5,""physical_error_rate"":0.0002}","{""detection_events"":238970,""detectors_checked"":271351808}"
   1170432,         0,         0,    8.28,exact_mw,70a969f5042aec17ac076c6379f4170fb7c69b8e925756ef3b7334e28a33338b,"{""distance"":5,""physical_error_rate"":0.0001}","{""detection_events"":114440,""detectors_checked"":262176768}"
   1352704,         0,         0,    8.32,exact_mw,70a969f5042aec17ac076c6379f4170fb7c69b8e925756ef3b7334e28a33338b,"{""distance"":5,""physical_error_rate"":0.0001}","{""detection_events"":133904,""detectors_checked"":303005696}"
   1318912,         0,         0,    8.27,exact_mw,70a969f5042aec17ac076c6379f4170fb7c69b8e925756ef3b7334e28a33338b,"{""distance"":5,""physical_error_rate"":0.0001}","{""detection_events"":130655,""detectors_checked"":295436288}"
  20033536,         1,         0,   119.1,exact_mw,cdc4a450a40af8e24899239080e4c40992fb5baf91c5a31ab3a165eacb3a1ab3,"{""distance"":5,""physical_error_rate"":0.0002}","{""detection_events"":3947928,""detectors_checked"":4487512064,""obs_mistake_mask=E"":1}"
  18726912,         0,         0,   119.1,exact_mw,cdc4a450a40af8e24899239080e4c40992fb5baf91c5a31ab3a165eacb3a1ab3,"{""distance"":5,""physical_error_rate"":0.0002}","{""detection_events"":3693382,""detectors_checked"":4194828288}"
  15182848,         9,         0,   119.2,exact_mw,cb12ae119b9b2ba18d0216e7235b403229e92fd0743ede48fe7f1a2c6f45d594,"{""distance"":5,""physical_error_rate"":0.0005}","{""detection_events"":7470334,""detectors_checked"":3400957952,""obs_mistake_mask=E"":9}"
  18498560,         0,         0,   119.2,exact_mw,f32ebecd8e105e50ec838d33c5ed9b45444b6b44a3c6ac541111079f2b14e893,"{""distance"":5,""physical_error_rate"":5e-05}","{""detection_events"":914347,""detectors_checked"":4143677440}"
  17881088,         0,         0,   118.9,exact_mw,70a969f5042aec17ac076c6379f4170fb7c69b8e925756ef3b7334e28a33338b,"{""distance"":5,""physical_error_rate"":0.0001}","{""detection_events"":1763427,""detectors_checked"":4005363712}"
  16851968,         0,         0,   119.0,exact_mw,70a969f5042aec17ac076c6379f4170fb7c69b8e925756ef3b7334e28a33338b,"{""distance"":5,""physical_error_rate"":0.0001}","{""detection_events"":1663752,""detectors_checked"":3774840832}"
  17333248,         0,         0,   118.9,exact_mw,f32ebecd8e105e50ec838d33c5ed9b45444b6b44a3c6ac541111079f2b14e893,"{""distance"":5,""physical_error_rate"":5e-05}","{""detection_events"":854050,""detectors_checked"":3882647552}"
  15163392,         5,         0,   119.2,exact_mw,cb12ae119b9b2ba18d0216e7235b403229e92fd0743ede48fe7f1a2c6f45d594,"{""distance"":5,""physical_error_rate"":0.0005}","{""detection_events"":7462909,""detectors_checked"":3396599808,""obs_mistake_mask=E"":5}"
   3586048,         0,         0,    11.6,exact_mw,f32ebecd8e105e50ec838d33c5ed9b45444b6b44a3c6ac541111079f2b14e893,"{""distance"":5,""physical_error_rate"":5e-05}","{""detection_events"":176974,""detectors_checked"":803274752}"
  20527104,         0,         0,   119.0,exact_mw,f32ebecd8e105e50ec838d33c5ed9b45444b6b44a3c6ac541111079f2b14e893,"{""distance"":5,""physical_error_rate"":5e-05}","{""detection_events"":1014931,""detectors_checked"":4598071296}"
  16628736,         0,         0,   119.0,exact_mw,70a969f5042aec17ac076c6379f4170fb7c69b8e925756ef3b7334e28a33338b,"{""distance"":5,""physical_error_rate"":0.0001}","{""detection_events"":1641824,""detectors_checked"":3724836864}"
   1498112,         0,         0,    11.6,exact_mw,f32ebecd8e105e50ec838d33c5ed9b45444b6b44a3c6ac541111079f2b14e893,"{""distance"":5,""physical_error_rate"":5e-05}","{""detection_events"":74002,""detectors_checked"":335577088}"
   1692672,         0,         0,    11.6,exact_mw,cdc4a450a40af8e24899239080e4c40992fb5baf91c5a31ab3a165eacb3a1ab3,"{""distance"":5,""physical_error_rate"":0.0002}","{""detection_events"":334632,""detectors_checked"":379158528}"
   2137088,         1,         0,    11.7,exact_mw,cb12ae119b9b2ba18d0216e7235b403229e92fd0743ede48fe7f1a2c6f45d594,"{""distance"":5,""physical_error_rate"":0.0005}","{""detection_events"":1050895,""detectors_checked"":478707712,""obs_mistake_mask=E"":1}"
   1482752,         0,         0,    11.7,exact_mw,cb12ae119b9b2ba18d0216e7235b403229e92fd0743ede48fe7f1a2c6f45d594,"{""distance"":5,""physical_error_rate"":0.0005}","{""detection_events"":732196,""detectors_checked"":332136448}"
   1362944,         0,         0,    11.6,exact_mw,f32ebecd8e105e50ec838d33c5ed9b45444b6b44a3c6ac541111079f2b14e893,"{""distance"":5,""physical_error_rate"":5e-05}","{""detection_events"":66961,""detectors_checked"":305299456}"
   1906688,         0,         0,    11.6,exact_mw,cdc4a450a40af8e24899239080e4c40992fb5baf91c5a31ab3a165eacb3a1ab3,"{""distance"":5,""physical_error_rate"":0.0002}","{""detection_events"":376315,""detectors_checked"":427098112}"
   1412096,         0,         0,    11.6,exact_mw,70a969f5042aec17ac076c6379f4170fb7c69b8e925756ef3b7334e28a33338b,"{""distance"":5,""physical_error_rate"":0.0001}","{""detection_events"":138552,""detectors_checked"":316309504}"
   1978368,         0,         0,    11.6,exact_mw,70a969f5042aec17ac076c6379f4170fb7c69b8e925756ef3b7334e28a33338b,"{""distance"":5,""physical_error_rate"":0.0001}","{""detection_events"":195898,""detectors_checked"":443154432}"
   1642496,         0,         0,    11.6,exact_mw,70a969f5042aec17ac076c6379f4170fb7c69b8e925756ef3b7334e28a33338b,"{""distance"":5,""physical_error_rate"":0.0001}","{""detection_events"":161209,""detectors_checked"":367919104}"
  28854383,         0,         0,    91.1,exact_mw,cdc4a450a40af8e24899239080e4c40992fb5baf91c5a31ab3a165eacb3a1ab3,"{""distance"":5,""physical_error_rate"":0.0002}","{""detection_events"":5690438,""detectors_checked"":6463381792}"
   5146624,         0,         0,    16.3,exact_mw,f32ebecd8e105e50ec838d33c5ed9b45444b6b44a3c6ac541111079f2b14e893,"{""distance"":5,""physical_error_rate"":5e-05}","{""detection_events"":254321,""detectors_checked"":1152843776}"
   2441216,         0,         0,    16.2,exact_mw,f32ebecd8e105e50ec838d33c5ed9b45444b6b44a3c6ac541111079f2b14e893,"{""distance"":5,""physical_error_rate"":5e-05}","{""detection_events"":120746,""detectors_checked"":546832384}"
   2073600,         0,         0,    16.3,exact_mw,cb12ae119b9b2ba18d0216e7235b403229e92fd0743ede48fe7f1a2c6f45d594,"{""distance"":5,""physical_error_rate"":0.0005}","{""detection_events"":1021358,""detectors_checked"":464486400}"
   2391040,         0,         0,    16.2,exact_mw,cdc4a450a40af8e24899239080e4c40992fb5baf91c5a31ab3a165eacb3a1ab3,"{""distance"":5,""physical_error_rate"":0.0002}","{""detection_events"":470903,""detectors_checked"":535592960}"
   2226176,         0,         0,    16.3,exact_mw,cb12ae119b9b2ba18d0216e7235b403229e92fd0743ede48fe7f1a2c6f45d594,"{""distance"":5,""physical_error_rate"":0.0005}","{""detection_events"":1097002,""detectors_checked"":498663424}"
   2576384,         0,         0,    16.3,exact_mw,f32ebecd8e105e50ec838d33c5ed9b45444b6b44a3c6ac541111079f2b14e893,"{""distance"":5,""physical_error_rate"":5e-05}","{""detection_events"":127835,""detectors_checked"":577110016}"
   2666496,         1,         0,    16.3,exact_mw,cdc4a450a40af8e24899239080e4c40992fb5baf91c5a31ab3a165eacb3a1ab3,"{""distance"":5,""physical_error_rate"":0.0002}","{""detection_events"":524913,""detectors_checked"":597295104,""obs_mistake_mask=E"":1}"
   2484224,         0,         0,    16.3,exact_mw,70a969f5042aec17ac076c6379f4170fb7c69b8e925756ef3b7334e28a33338b,"{""distance"":5,""physical_error_rate"":0.0001}","{""detection_events"":245492,""detectors_checked"":556466176}"
  17431438,         0,         0,   102.0,exact_mw,cdc4a450a40af8e24899239080e4c40992fb5baf91c5a31ab3a165eacb3a1ab3,"{""distance"":5,""physical_error_rate"":0.0002}","{""detection_events"":3435123,""detectors_checked"":3904642112}"
  15581184,         0,         0,   110.7,exact_mw,cdc4a450a40af8e24899239080e4c40992fb5baf91c5a31ab3a165eacb3a1ab3,"{""distance"":5,""physical_error_rate"":0.0002}","{""detection_events"":3072303,""detectors_checked"":3490185216}"
   2691072,         0,         0,    16.3,exact_mw,70a969f5042aec17ac076c6379f4170fb7c69b8e925756ef3b7334e28a33338b,"{""distance"":5,""physical_error_rate"":0.0001}","{""detection_events"":265736,""detectors_checked"":602800128}"
   2462720,         0,         0,    16.3,exact_mw,70a969f5042aec17ac076c6379f4170fb7c69b8e925756ef3b7334e28a33338b,"{""distance"":5,""physical_error_rate"":0.0001}","{""detection_events"":242060,""detectors_checked"":551649280}"
  13282304,         5,         0,   119.0,exact_mw,cb12ae119b9b2ba18d0216e7235b403229e92fd0743ede48fe7f1a2c6f45d594,"{""distance"":5,""physical_error_rate"":0.0005}","{""detection_events"":6538827,""detectors_checked"":2975236096,""obs_mistake_mask=E"":5}"
  10100808,         2,         0,    42.7,exact_mw,cb12ae119b9b2ba18d0216e7235b403229e92fd0743ede48fe7f1a2c6f45d594,"{""distance"":5,""physical_error_rate"":0.0005}","{""detection_events"":4974076,""detectors_checked"":2262580992,""obs_mistake_mask=E"":2}"
  15557357,         0,         0,    91.9,exact_mw,cdc4a450a40af8e24899239080e4c40992fb5baf91c5a31ab3a165eacb3a1ab3,"{""distance"":5,""physical_error_rate"":0.0002}","{""detection_events"":3066474,""detectors_checked"":3484847968}"
  15756288,        10,         0,   119.2,exact_mw,cb12ae119b9b2ba18d0216e7235b403229e92fd0743ede48fe7f1a2c6f45d594,"{""distance"":5,""physical_error_rate"":0.0005}","{""detection_events"":7752211,""detectors_checked"":3529408512,""obs_mistake_mask=E"":10}"
  18438144,         0,         0,   118.9,exact_mw,70a969f5042aec17ac076c6379f4170fb7c69b8e925756ef3b7334e28a33338b,"{""distance"":5,""physical_error_rate"":0.0001}","{""detection_events"":1819307,""detectors_checked"":4130144256}"
  18606080,         0,         0,   119.1,exact_mw,f32ebecd8e105e50ec838d33c5ed9b45444b6b44a3c6ac541111079f2b14e893,"{""distance"":5,""physical_error_rate"":5e-05}","{""detection_events"":916791,""detectors_checked"":4167761920}"
   9383860,         0,         0,    47.4,exact_mw,f32ebecd8e105e50ec838d33c5ed9b45444b6b44a3c6ac541111079f2b14e893,"{""distance"":5,""physical_error_rate"":5e-05}","{""detection_events"":463503,""detectors_checked"":2101984640}"
   7050240,         0,         0,    22.7,exact_mw,f32ebecd8e105e50ec838d33c5ed9b45444b6b44a3c6ac541111079f2b14e893,"{""distance"":5,""physical_error_rate"":5e-05}","{""detection_events"":346012,""detectors_checked"":1579253760}"
   3346432,         0,         0,    22.7,exact_mw,f32ebecd8e105e50ec838d33c5ed9b45444b6b44a3c6ac541111079f2b14e893,"{""distance"":5,""physical_error_rate"":5e-05}","{""detection_events"":164805,""detectors_checked"":749600768}"
   3039232,         3,         0,    22.8,exact_mw,cb12ae119b9b2ba18d0216e7235b403229e92fd0743ede48fe7f1a2c6f45d594,"{""distance"":5,""physical_error_rate"":0.0005}","{""detection_events"":1496049,""detectors_checked"":680787968,""obs_mistake_mask=E"":3}"
   3592192,         0,         0,    22.8,exact_mw,cdc4a450a40af8e24899239080e4c40992fb5baf91c5a31ab3a165eacb3a1ab3,"{""distance"":5,""physical_error_rate"":0.0002}","{""detection_events"":707755,""detectors_checked"":804651008}"
   3057664,         3,         0,    22.8,exact_mw,cb12ae119b9b2ba18d0216e7235b403229e92fd0743ede48fe7f1a2c6f45d594,"{""distance"":5,""physical_error_rate"":0.0005}","{""detection_events"":1508948,""detectors_checked"":684916736,""obs_mistake_mask=E"":3}"
   3782656,         0,         0,    22.8,exact_mw,f32ebecd8e105e50ec838d33c5ed9b45444b6b44a3c6ac541111079f2b14e893,"{""distance"":5,""physical_error_rate"":5e-05}","{""detection_events"":185718,""detectors_checked"":847314944}"
   3834880,         0,         0,    22.8,exact_mw,cdc4a450a40af8e24899239080e4c40992fb5baf91c5a31ab3a165eacb3a1ab3,"{""distance"":5,""physical_error_rate"":0.0002}","{""detection_events"":755852,""detectors_checked"":859013120}"
   3720192,         0,         0,    22.7,exact_mw,70a969f5042aec17ac076c6379f4170fb7c69b8e925756ef3b7334e28a33338b,"{""distance"":5,""physical_error_rate"":0.0001}","{""detection_events"":367059,""detectors_checked"":833323008}"
   3743744,         0,         0,    22.7,exact_mw,70a969f5042aec17ac076c6379f4170fb7c69b8e925756ef3b7334e28a33338b,"{""distance"":5,""physical_error_rate"":0.0001}","{""detection_events"":369482,""detectors_checked"":838598656}"
   3840000,         0,         0,    22.8,exact_mw,70a969f5042aec17ac076c6379f4170fb7c69b8e925756ef3b7334e28a33338b,"{""distance"":5,""physical_error_rate"":0.0001}","{""detection_events"":377582,""detectors_checked"":860160000}"
  12962478,         0,         0,    82.4,exact_mw,cdc4a450a40af8e24899239080e4c40992fb5baf91c5a31ab3a165eacb3a1ab3,"{""distance"":5,""physical_error_rate"":0.0002}","{""detection_events"":2554347,""detectors_checked"":2903595072}"
  12346368,         0,         0,    83.0,exact_mw,cdc4a450a40af8e24899239080e4c40992fb5baf91c5a31ab3a165eacb3a1ab3,"{""distance"":5,""physical_error_rate"":0.0002}","{""detection_events"":2436819,""detectors_checked"":2765586432}"
  11263349,         1,         0,    36.8,exact_mw,cdc4a450a40af8e24899239080e4c40992fb5baf91c5a31ab3a165eacb3a1ab3,"{""distance"":5,""physical_error_rate"":0.0002}","{""detection_events"":2221322,""detectors_checked"":2522990176,""obs_mistake_mask=E"":1}"
   9295873,         0,         0,    55.9,exact_mw,cdc4a450a40af8e24899239080e4c40992fb5baf91c5a31ab3a165eacb3a1ab3,"{""distance"":5,""physical_error_rate"":0.0002}","{""detection_events"":1828923,""detectors_checked"":2082275552}"
   8901632,         0,         0,    50.4,exact_mw,cdc4a450a40af8e24899239080e4c40992fb5baf91c5a31ab3a165eacb3a1ab3,"{""distance"":5,""physical_error_rate"":0.0002}","{""detection_events"":1754474,""detectors_checked"":1993965568}"
   8933376,         0,         0,    49.8,exact_mw,cdc4a450a40af8e24899239080e4c40992fb5baf91c5a31ab3a165eacb3a1ab3,"{""distance"":5,""physical_error_rate"":0.0002}","{""detection_events"":1764610,""detectors_checked"":2001076224}"
   8970240,         0,         0,    55.5,exact_mw,cdc4a450a40af8e24899239080e4c40992fb5baf91c5a31ab3a165eacb3a1ab3,"{""distance"":5,""physical_error_rate"":0.0002}","{""detection_events"":1769502,""detectors_checked"":2009333760}"
  19311616,        10,         0,    87.6,exact_mw,cb12ae119b9b2ba18d0216e7235b403229e92fd0743ede48fe7f1a2c6f45d594,"{""distance"":5,""physical_error_rate"":0.0005}","{""detection_events"":9495422,""detectors_checked"":4325801984,""obs_mistake_mask=E"":10}"
  13467648,         0,         0,    87.5,exact_mw,f32ebecd8e105e50ec838d33c5ed9b45444b6b44a3c6ac541111079f2b14e893,"{""distance"":5,""physical_error_rate"":5e-05}","{""detection_events"":663250,""detectors_checked"":3016753152}"
    325633,         0,         0,    2.12,exact_mw,cdc4a450a40af8e24899239080e4c40992fb5baf91c5a31ab3a165eacb3a1ab3,"{""distance"":5,""physical_error_rate"":0.0002}","{""detection_events"":64422,""detectors_checked"":72941792}"
  10699776,         4,         0,    87.6,exact_mw,cb12ae119b9b2ba18d0216e7235b403229e92fd0743ede48fe7f1a2c6f45d594,"{""distance"":5,""physical_error_rate"":0.0005}","{""detection_events"":5270024,""detectors_checked"":2396749824,""obs_mistake_mask=E"":4}"
  13399040,         0,         0,    87.6,exact_mw,70a969f5042aec17ac076c6379f4170fb7c69b8e925756ef3b7334e28a33338b,"{""distance"":5,""physical_error_rate"":0.0001}","{""detection_events"":1321477,""detectors_checked"":3001384960}"
   6260310,         0,         0,    34.2,exact_mw,cdc4a450a40af8e24899239080e4c40992fb5baf91c5a31ab3a165eacb3a1ab3,"{""distance"":5,""physical_error_rate"":0.0002}","{""detection_events"":1233295,""detectors_checked"":1402309440}"
   5738617,         1,         0,    35.0,exact_mw,cdc4a450a40af8e24899239080e4c40992fb5baf91c5a31ab3a165eacb3a1ab3,"{""distance"":5,""physical_error_rate"":0.0002}","{""detection_events"":1131864,""detectors_checked"":1285450208,""obs_mistake_mask=E"":1}"
  18557387,         0,         0,   114.5,exact_mw,f32ebecd8e105e50ec838d33c5ed9b45444b6b44a3c6ac541111079f2b14e893,"{""distance"":5,""physical_error_rate"":5e-05}","{""detection_events"":915236,""detectors_checked"":4156854688}"
   5260399,         0,         0,    16.8,exact_mw,cdc4a450a40af8e24899239080e4c40992fb5baf91c5a31ab3a165eacb3a1ab3,"{""distance"":5,""physical_error_rate"":0.0002}","{""detection_events"":1038843,""detectors_checked"":1178329376}"
  16185344,         5,         0,   119.1,exact_mw,cb12ae119b9b2ba18d0216e7235b403229e92fd0743ede48fe7f1a2c6f45d594,"{""distance"":5,""physical_error_rate"":0.0005}","{""detection_events"":7960003,""detectors_checked"":3625517056,""obs_mistake_mask=E"":5}"
  18752512,         0,         0,   119.0,exact_mw,70a969f5042aec17ac076c6379f4170fb7c69b8e925756ef3b7334e28a33338b,"{""distance"":5,""physical_error_rate"":0.0001}","{""detection_events"":1847100,""detectors_checked"":4200562688}"
   4822033,         0,         0,    28.1,exact_mw,cdc4a450a40af8e24899239080e4c40992fb5baf91c5a31ab3a165eacb3a1ab3,"{""distance"":5,""physical_error_rate"":0.0002}","{""detection_events"":951437,""detectors_checked"":1080135392}"
  13816500,         0,         0,    75.2,exact_mw,70a969f5042aec17ac076c6379f4170fb7c69b8e925756ef3b7334e28a33338b,"{""distance"":5,""physical_error_rate"":0.0001}","{""detection_events"":1364634,""detectors_checked"":3094896000}"
   4420196,         0,         0,    27.0,exact_mw,cdc4a450a40af8e24899239080e4c40992fb5baf91c5a31ab3a165eacb3a1ab3,"{""distance"":5,""physical_error_rate"":0.0002}","{""detection_events"":872578,""detectors_checked"":990123904}"
   4063232,         0,         0,    25.5,exact_mw,cdc4a450a40af8e24899239080e4c40992fb5baf91c5a31ab3a165eacb3a1ab3,"{""distance"":5,""physical_error_rate"":0.0002}","{""detection_events"":801275,""detectors_checked"":910163968}"
   4105216,         0,         0,    23.1,exact_mw,cdc4a450a40af8e24899239080e4c40992fb5baf91c5a31ab3a165eacb3a1ab3,"{""distance"":5,""physical_error_rate"":0.0002}","{""detection_events"":809342,""detectors_checked"":919568384}"
  14707024,         0,         0,    79.8,exact_mw,f32ebecd8e105e50ec838d33c5ed9b45444b6b44a3c6ac541111079f2b14e893,"{""distance"":5,""physical_error_rate"":5e-05}","{""detection_events"":724059,""detectors_checked"":3294373376}"
   4051847,         0,         0,    23.7,exact_mw,cdc4a450a40af8e24899239080e4c40992fb5baf91c5a31ab3a165eacb3a1ab3,"{""distance"":5,""physical_error_rate"":0.0002}","{""detection_events"":798855,""detectors_checked"":907613728}"
   3927040,         0,         0,    23.6,exact_mw,cdc4a450a40af8e24899239080e4c40992fb5baf91c5a31ab3a165eacb3a1ab3,"{""distance"":5,""physical_error_rate"":0.0002}","{""detection_events"":773478,""detectors_checked"":879656960}"
   4030464,         0,         0,    27.8,exact_mw,cdc4a450a40af8e24899239080e4c40992fb5baf91c5a31ab3a165eacb3a1ab3,"{""distance"":5,""physical_error_rate"":0.0002}","{""detection_events"":795509,""detectors_checked"":902823936}"
   3156992,         0,         0,    21.6,exact_mw,cdc4a450a40af8e24899239080e4c40992fb5baf91c5a31ab3a165eacb3a1ab3,"{""distance"":5,""physical_error_rate"":0.0002}","{""detection_events"":625257,""detectors_checked"":707166208}"
   4039680,         0,         0,    26.1,exact_mw,cdc4a450a40af8e24899239080e4c40992fb5baf91c5a31ab3a165eacb3a1ab3,"{""distance"":5,""physical_error_rate"":0.0002}","{""detection_events"":796239,""detectors_checked"":904888320}"
     21383,         0,         0,   0.069,exact_mw,cdc4a450a40af8e24899239080e4c40992fb5baf91c5a31ab3a165eacb3a1ab3,"{""distance"":5,""physical_error_rate"":0.0002}","{""detection_events"":4262,""detectors_checked"":4789792}"
   2521088,         0,         0,    7.82,exact_mw,cdc4a450a40af8e24899239080e4c40992fb5baf91c5a31ab3a165eacb3a1ab3,"{""distance"":5,""physical_error_rate"":0.0002}","{""detection_events"":496235,""detectors_checked"":564723712}"
     12167,         0,         0,   0.078,exact_mw,cdc4a450a40af8e24899239080e4c40992fb5baf91c5a31ab3a165eacb3a1ab3,"{""distance"":5,""physical_error_rate"":0.0002}","{""detection_events"":2424,""detectors_checked"":2725408}"
   2355200,         0,         0,    15.1,exact_mw,cdc4a450a40af8e24899239080e4c40992fb5baf91c5a31ab3a165eacb3a1ab3,"{""distance"":5,""physical_error_rate"":0.0002}","{""detection_events"":463192,""detectors_checked"":527564800}"
   2631680,         0,         0,    15.9,exact_mw,cdc4a450a40af8e24899239080e4c40992fb5baf91c5a31ab3a165eacb3a1ab3,"{""distance"":5,""physical_error_rate"":0.0002}","{""detection_events"":517245,""detectors_checked"":589496320}"
    703558,         0,         0,    2.23,exact_mw,cdc4a450a40af8e24899239080e4c40992fb5baf91c5a31ab3a165eacb3a1ab3,"{""distance"":5,""physical_error_rate"":0.0002}","{""detection_events"":139220,""detectors_checked"":157596992}"
   1376256,         0,         0,    8.32,exact_mw,cdc4a450a40af8e24899239080e4c40992fb5baf91c5a31ab3a165eacb3a1ab3,"{""distance"":5,""physical_error_rate"":0.0002}","{""detection_events"":270975,""detectors_checked"":308281344}"
  10193920,         0,         0,    31.9,exact_mw,f32ebecd8e105e50ec838d33c5ed9b45444b6b44a3c6ac541111079f2b14e893,"{""distance"":5,""physical_error_rate"":5e-05}","{""detection_events"":504554,""detectors_checked"":2283438080}"
   4847616,         0,         0,    31.9,exact_mw,f32ebecd8e105e50ec838d33c5ed9b45444b6b44a3c6ac541111079f2b14e893,"{""distance"":5,""physical_error_rate"":5e-05}","{""detection_events"":237090,""detectors_checked"":1085865984}"
   4202496,         2,         0,    31.9,exact_mw,cb12ae119b9b2ba18d0216e7235b403229e92fd0743ede48fe7f1a2c6f45d594,"{""distance"":5,""physical_error_rate"":0.0005}","{""detection_events"":2071359,""detectors_checked"":941359104,""obs_mistake_mask=E"":2}"
   4384768,         1,         0,    31.9,exact_mw,cb12ae119b9b2ba18d0216e7235b403229e92fd0743ede48fe7f1a2c6f45d594,"{""distance"":5,""physical_error_rate"":0.0005}","{""detection_events"":2156104,""detectors_checked"":982188032,""obs_mistake_mask=E"":1}"
   4802560,         0,         0,    31.9,exact_mw,f32ebecd8e105e50ec838d33c5ed9b45444b6b44a3c6ac541111079f2b14e893,"{""distance"":5,""physical_error_rate"":5e-05}","{""detection_events"":238996,""detectors_checked"":1075773440}"
   4451328,         0,         0,    32.0,exact_mw,70a969f5042aec17ac076c6379f4170fb7c69b8e925756ef3b7334e28a33338b,"{""distance"":5,""physical_error_rate"":0.0001}","{""detection_events"":439467,""detectors_checked"":997097472}"
    730237,         0,         0,    4.40,exact_mw,cdc4a450a40af8e24899239080e4c40992fb5baf91c5a31ab3a165eacb3a1ab3,"{""distance"":5,""physical_error_rate"":0.0002}","{""detection_events"":144133,""detectors_checked"":163573088}"
    908010,         0,         0,    5.45,exact_mw,cdc4a450a40af8e24899239080e4c40992fb5baf91c5a31ab3a165eacb3a1ab3,"{""distance"":5,""physical_error_rate"":0.0002}","{""detection_events"":178015,""detectors_checked"":203394240}"
    849920,         0,         0,    5.47,exact_mw,cdc4a450a40af8e24899239080e4c40992fb5baf91c5a31ab3a165eacb3a1ab3,"{""distance"":5,""physical_error_rate"":0.0002}","{""detection_events"":166273,""detectors_checked"":190382080}"
    846848,         0,         0,    5.43,exact_mw,cdc4a450a40af8e24899239080e4c40992fb5baf91c5a31ab3a165eacb3a1ab3,"{""distance"":5,""physical_error_rate"":0.0002}","{""detection_events"":167389,""detectors_checked"":189693952}"
    832343,         0,         0,    4.84,exact_mw,cdc4a450a40af8e24899239080e4c40992fb5baf91c5a31ab3a165eacb3a1ab3,"{""distance"":5,""physical_error_rate"":0.0002}","{""detection_events"":162481,""detectors_checked"":186444832}"
    777216,         0,         0,    2.61,exact_mw,cdc4a450a40af8e24899239080e4c40992fb5baf91c5a31ab3a165eacb3a1ab3,"{""distance"":5,""physical_error_rate"":0.0002}","{""detection_events"":152758,""detectors_checked"":174096384}"
    772096,         0,         0,    4.95,exact_mw,cdc4a450a40af8e24899239080e4c40992fb5baf91c5a31ab3a165eacb3a1ab3,"{""distance"":5,""physical_error_rate"":0.0002}","{""detection_events"":152335,""detectors_checked"":172949504}"
    789504,         0,         0,    4.84,exact_mw,cdc4a450a40af8e24899239080e4c40992fb5baf91c5a31ab3a165eacb3a1ab3,"{""distance"":5,""physical_error_rate"":0.0002}","{""detection_events"":155355,""detectors_checked"":176848896}"
    790528,         0,         0,    4.97,exact_mw,cdc4a450a40af8e24899239080e4c40992fb5baf91c5a31ab3a165eacb3a1ab3,"{""distance"":5,""physical_error_rate"":0.0002}","{""detection_events"":155729,""detectors_checked"":177078272}"
    818176,         0,         0,    4.95,exact_mw,cdc4a450a40af8e24899239080e4c40992fb5baf91c5a31ab3a165eacb3a1ab3,"{""distance"":5,""physical_error_rate"":0.0002}","{""detection_events"":161332,""detectors_checked"":183271424}"
    789504,         0,         0,    4.83,exact_mw,cdc4a450a40af8e24899239080e4c40992fb5baf91c5a31ab3a165eacb3a1ab3,"{""distance"":5,""physical_error_rate"":0.0002}","{""detection_events"":155947,""detectors_checked"":176848896}"
   4410368,         0,         0,    32.0,exact_mw,70a969f5042aec17ac076c6379f4170fb7c69b8e925756ef3b7334e28a33338b,"{""distance"":5,""physical_error_rate"":0.0001}","{""detection_events"":435541,""detectors_checked"":987922432}"
     55127,         0,         0,   0.166,exact_mw,cdc4a450a40af8e24899239080e4c40992fb5baf91c5a31ab3a165eacb3a1ab3,"{""distance"":5,""physical_error_rate"":0.0002}","{""detection_events"":10509,""detectors_checked"":12348448}"
    447488,         0,         0,    2.76,exact_mw,cdc4a450a40af8e24899239080e4c40992fb5baf91c5a31ab3a165eacb3a1ab3,"{""distance"":5,""physical_error_rate"":0.0002}","{""detection_events"":88027,""detectors_checked"":100237312}"
     61162,         0,         0,   0.381,exact_mw,cdc4a450a40af8e24899239080e4c40992fb5baf91c5a31ab3a165eacb3a1ab3,"{""distance"":5,""physical_error_rate"":0.0002}","{""detection_events"":11924,""detectors_checked"":13700288}"
   4877312,         0,         0,    31.8,exact_mw,70a969f5042aec17ac076c6379f4170fb7c69b8e925756ef3b7334e28a33338b,"{""distance"":5,""physical_error_rate"":0.0001}","{""detection_events"":483031,""detectors_checked"":1092517888}"
    179850,         0,         0,    1.07,exact_mw,cdc4a450a40af8e24899239080e4c40992fb5baf91c5a31ab3a165eacb3a1ab3,"{""distance"":5,""physical_error_rate"":0.0002}","{""detection_events"":35644,""detectors_checked"":40286400}"
    164862,         0,         0,   0.518,exact_mw,cdc4a450a40af8e24899239080e4c40992fb5baf91c5a31ab3a165eacb3a1ab3,"{""distance"":5,""physical_error_rate"":0.0002}","{""detection_events"":32027,""detectors_checked"":36929088}"
    151124,         0,         0,   0.933,exact_mw,cdc4a450a40af8e24899239080e4c40992fb5baf91c5a31ab3a165eacb3a1ab3,"{""distance"":5,""physical_error_rate"":0.0002}","{""detection_events"":29732,""detectors_checked"":33851776}"
    140288,         0,         0,   0.877,exact_mw,cdc4a450a40af8e24899239080e4c40992fb5baf91c5a31ab3a165eacb3a1ab3,"{""distance"":5,""physical_error_rate"":0.0002}","{""detection_events"":27829,""detectors_checked"":31424512}"
    151124,         0,         0,   0.927,exact_mw,cdc4a450a40af8e24899239080e4c40992fb5baf91c5a31ab3a165eacb3a1ab3,"{""distance"":5,""physical_error_rate"":0.0002}","{""detection_events"":30240,""detectors_checked"":33851776}"
    142336,         0,         0,   0.862,exact_mw,cdc4a450a40af8e24899239080e4c40992fb5baf91c5a31ab3a165eacb3a1ab3,"{""distance"":5,""physical_error_rate"":0.0002}","{""detection_events"":28210,""detectors_checked"":31883264}"
    144384,         0,         0,   0.864,exact_mw,cdc4a450a40af8e24899239080e4c40992fb5baf91c5a31ab3a165eacb3a1ab3,"{""distance"":5,""physical_error_rate"":0.0002}","{""detection_events"":28143,""detectors_checked"":32342016}"
    147456,         0,         0,   0.866,exact_mw,cdc4a450a40af8e24899239080e4c40992fb5baf91c5a31ab3a165eacb3a1ab3,"{""distance"":5,""physical_error_rate"":0.0002}","{""detection_events"":28890,""detectors_checked"":33030144}"
     12594,         0,         0,   0.078,exact_mw,cdc4a450a40af8e24899239080e4c40992fb5baf91c5a31ab3a165eacb3a1ab3,"{""distance"":5,""physical_error_rate"":0.0002}","{""detection_events"":2427,""detectors_checked"":2821056}"
    117760,         0,         0,   0.961,exact_mw,cdc4a450a40af8e24899239080e4c40992fb5baf91c5a31ab3a165eacb3a1ab3,"{""distance"":5,""physical_error_rate"":0.0002}","{""detection_events"":23356,""detectors_checked"":26378240}"
     84992,         0,         0,   0.264,exact_mw,cdc4a450a40af8e24899239080e4c40992fb5baf91c5a31ab3a165eacb3a1ab3,"{""distance"":5,""physical_error_rate"":0.0002}","{""detection_events"":16677,""detectors_checked"":19038208}"
    130048,         0,         0,   0.796,exact_mw,cdc4a450a40af8e24899239080e4c40992fb5baf91c5a31ab3a165eacb3a1ab3,"{""distance"":5,""physical_error_rate"":0.0002}","{""detection_events"":25797,""detectors_checked"":29130752}"
    103424,         0,         0,   0.638,exact_mw,cdc4a450a40af8e24899239080e4c40992fb5baf91c5a31ab3a165eacb3a1ab3,"{""distance"":5,""physical_error_rate"":0.0002}","{""detection_events"":20539,""detectors_checked"":23166976}"
     99328,         0,         0,   0.981,exact_mw,cdc4a450a40af8e24899239080e4c40992fb5baf91c5a31ab3a165eacb3a1ab3,"{""distance"":5,""physical_error_rate"":0.0002}","{""detection_events"":20063,""detectors_checked"":22249472}"
     16262,         0,         0,   0.089,exact_mw,cdc4a450a40af8e24899239080e4c40992fb5baf91c5a31ab3a165eacb3a1ab3,"{""distance"":5,""physical_error_rate"":0.0002}","{""detection_events"":3298,""detectors_checked"":3642688}"
     52224,         0,         0,   0.306,exact_mw,cdc4a450a40af8e24899239080e4c40992fb5baf91c5a31ab3a165eacb3a1ab3,"{""distance"":5,""physical_error_rate"":0.0002}","{""detection_events"":10396,""detectors_checked"":11698176}"
     21382,         0,         0,   0.116,exact_mw,cdc4a450a40af8e24899239080e4c40992fb5baf91c5a31ab3a165eacb3a1ab3,"{""distance"":5,""physical_error_rate"":0.0002}","{""detection_events"":4206,""detectors_checked"":4789568}"
     23430,         0,         0,   0.135,exact_mw,cdc4a450a40af8e24899239080e4c40992fb5baf91c5a31ab3a165eacb3a1ab3,"{""distance"":5,""physical_error_rate"":0.0002}","{""detection_events"":4591,""detectors_checked"":5248320}"
     21529,         0,         0,   0.122,exact_mw,cdc4a450a40af8e24899239080e4c40992fb5baf91c5a31ab3a165eacb3a1ab3,"{""distance"":5,""physical_error_rate"":0.0002}","{""detection_events"":4323,""detectors_checked"":4822496}"
     24897,         0,         0,   0.127,exact_mw,cdc4a450a40af8e24899239080e4c40992fb5baf91c5a31ab3a165eacb3a1ab3,"{""distance"":5,""physical_error_rate"":0.0002}","{""detection_events"":4901,""detectors_checked"":5576928}"
     21150,         0,         0,   0.064,exact_mw,cdc4a450a40af8e24899239080e4c40992fb5baf91c5a31ab3a165eacb3a1ab3,"{""distance"":5,""physical_error_rate"":0.0002}","{""detection_events"":4057,""detectors_checked"":4737600}"
     19075,         0,         0,   0.108,exact_mw,cdc4a450a40af8e24899239080e4c40992fb5baf91c5a31ab3a165eacb3a1ab3,"{""distance"":5,""physical_error_rate"":0.0002}","{""detection_events"":3825,""detectors_checked"":4272800}"
     16384,         0,         0,   0.088,exact_mw,cdc4a450a40af8e24899239080e4c40992fb5baf91c5a31ab3a165eacb3a1ab3,"{""distance"":5,""physical_error_rate"":0.0002}","{""detection_events"":3209,""detectors_checked"":3670016}"
     15723,         0,         0,   0.087,exact_mw,cdc4a450a40af8e24899239080e4c40992fb5baf91c5a31ab3a165eacb3a1ab3,"{""distance"":5,""physical_error_rate"":0.0002}","{""detection_events"":3215,""detectors_checked"":3521952}"
      9807,         0,         0,   0.030,exact_mw,cdc4a450a40af8e24899239080e4c40992fb5baf91c5a31ab3a165eacb3a1ab3,"{""distance"":5,""physical_error_rate"":0.0002}","{""detection_events"":1946,""detectors_checked"":2196768}"
      1590,         0,         0,   0.005,exact_mw,cdc4a450a40af8e24899239080e4c40992fb5baf91c5a31ab3a165eacb3a1ab3,"{""distance"":5,""physical_error_rate"":0.0002}","{""detection_events"":289,""detectors_checked"":356160}"
     15723,         0,         0,   0.088,exact_mw,cdc4a450a40af8e24899239080e4c40992fb5baf91c5a31ab3a165eacb3a1ab3,"{""distance"":5,""physical_error_rate"":0.0002}","{""detection_events"":3008,""detectors_checked"":3521952}"
     11453,         0,         0,   0.047,exact_mw,cdc4a450a40af8e24899239080e4c40992fb5baf91c5a31ab3a165eacb3a1ab3,"{""distance"":5,""physical_error_rate"":0.0002}","{""detection_events"":2263,""detectors_checked"":2565472}"
     14336,         0,         0,   0.082,exact_mw,cdc4a450a40af8e24899239080e4c40992fb5baf91c5a31ab3a165eacb3a1ab3,"{""distance"":5,""physical_error_rate"":0.0002}","{""detection_events"":2910,""detectors_checked"":3211264}"
     13312,         0,         0,   0.067,exact_mw,cdc4a450a40af8e24899239080e4c40992fb5baf91c5a31ab3a165eacb3a1ab3,"{""distance"":5,""physical_error_rate"":0.0002}","{""detection_events"":2391,""detectors_checked"":2981888}"
     13312,         0,         0,   0.067,exact_mw,cdc4a450a40af8e24899239080e4c40992fb5baf91c5a31ab3a165eacb3a1ab3,"{""distance"":5,""physical_error_rate"":0.0002}","{""detection_events"":2627,""detectors_checked"":2981888}"
     10240,         0,         0,   0.056,exact_mw,cdc4a450a40af8e24899239080e4c40992fb5baf91c5a31ab3a165eacb3a1ab3,"{""distance"":5,""physical_error_rate"":0.0002}","{""detection_events"":1939,""detectors_checked"":2293760}"
      4766,         0,         0,   0.016,exact_mw,cdc4a450a40af8e24899239080e4c40992fb5baf91c5a31ab3a165eacb3a1ab3,"{""distance"":5,""physical_error_rate"":0.0002}","{""detection_events"":865,""detectors_checked"":1067584}"
      1590,         0,         0,   0.005,exact_mw,cdc4a450a40af8e24899239080e4c40992fb5baf91c5a31ab3a165eacb3a1ab3,"{""distance"":5,""physical_error_rate"":0.0002}","{""detection_events"":414,""detectors_checked"":356160}"
     12288,         0,         0,   0.063,exact_mw,cdc4a450a40af8e24899239080e4c40992fb5baf91c5a31ab3a165eacb3a1ab3,"{""distance"":5,""physical_error_rate"":0.0002}","{""detection_events"":2392,""detectors_checked"":2752512}"
      2675,         0,         0,   0.009,exact_mw,cdc4a450a40af8e24899239080e4c40992fb5baf91c5a31ab3a165eacb3a1ab3,"{""distance"":5,""physical_error_rate"":0.0002}","{""detection_events"":519,""detectors_checked"":599200}"
      1387,         0,         0,   0.004,exact_mw,cdc4a450a40af8e24899239080e4c40992fb5baf91c5a31ab3a165eacb3a1ab3,"{""distance"":5,""physical_error_rate"":0.0002}","{""detection_events"":276,""detectors_checked"":310688}"
      2105,         0,         0,   0.006,exact_mw,cdc4a450a40af8e24899239080e4c40992fb5baf91c5a31ab3a165eacb3a1ab3,"{""distance"":5,""physical_error_rate"":0.0002}","{""detection_events"":331,""detectors_checked"":471520}"
     14336,         0,         0,   0.090,exact_mw,cdc4a450a40af8e24899239080e4c40992fb5baf91c5a31ab3a165eacb3a1ab3,"{""distance"":5,""physical_error_rate"":0.0002}","{""detection_events"":2876,""detectors_checked"":3211264}"
      5120,         0,         0,   0.016,exact_mw,cdc4a450a40af8e24899239080e4c40992fb5baf91c5a31ab3a165eacb3a1ab3,"{""distance"":5,""physical_error_rate"":0.0002}","{""detection_events"":1033,""detectors_checked"":1146880}"
      2304,         0,         0,   0.007,exact_mw,cdc4a450a40af8e24899239080e4c40992fb5baf91c5a31ab3a165eacb3a1ab3,"{""distance"":5,""physical_error_rate"":0.0002}","{""detection_events"":439,""detectors_checked"":516096}"
      2304,         0,         0,   0.007,exact_mw,cdc4a450a40af8e24899239080e4c40992fb5baf91c5a31ab3a165eacb3a1ab3,"{""distance"":5,""physical_error_rate"":0.0002}","{""detection_events"":439,""detectors_checked"":516096}"
      5120,         0,         0,   0.029,exact_mw,cdc4a450a40af8e24899239080e4c40992fb5baf91c5a31ab3a165eacb3a1ab3,"{""distance"":5,""physical_error_rate"":0.0002}","{""detection_events"":874,""detectors_checked"":1146880}"
      2048,         0,         0,   0.006,exact_mw,cdc4a450a40af8e24899239080e4c40992fb5baf91c5a31ab3a165eacb3a1ab3,"{""distance"":5,""physical_error_rate"":0.0002}","{""detection_events"":405,""detectors_checked"":458752}"
       760,         0,         0,   0.002,exact_mw,cdc4a450a40af8e24899239080e4c40992fb5baf91c5a31ab3a165eacb3a1ab3,"{""distance"":5,""physical_error_rate"":0.0002}","{""detection_events"":137,""detectors_checked"":170240}"
       314,         0,         0,   0.001,exact_mw,cdc4a450a40af8e24899239080e4c40992fb5baf91c5a31ab3a165eacb3a1ab3,"{""distance"":5,""physical_error_rate"":0.0002}","{""detection_events"":56,""detectors_checked"":70336}"
       504,         0,         0,   0.002,exact_mw,cdc4a450a40af8e24899239080e4c40992fb5baf91c5a31ab3a165eacb3a1ab3,"{""distance"":5,""physical_error_rate"":0.0002}","{""detection_events"":122,""detectors_checked"":112896}"
      1067,         0,         0,   0.003,exact_mw,cdc4a450a40af8e24899239080e4c40992fb5baf91c5a31ab3a165eacb3a1ab3,"{""distance"":5,""physical_error_rate"":0.0002}","{""detection_events"":253,""detectors_checked"":239008}"
       597,         0,         0,   0.002,exact_mw,cdc4a450a40af8e24899239080e4c40992fb5baf91c5a31ab3a165eacb3a1ab3,"{""distance"":5,""physical_error_rate"":0.0002}","{""detection_events"":143,""detectors_checked"":133728}"
       233,         0,         0,   0.001,exact_mw,cdc4a450a40af8e24899239080e4c40992fb5baf91c5a31ab3a165eacb3a1ab3,"{""distance"":5,""physical_error_rate"":0.0002}","{""detection_events"":49,""detectors_checked"":52192}"
      1024,         0,         0,   0.003,exact_mw,cdc4a450a40af8e24899239080e4c40992fb5baf91c5a31ab3a165eacb3a1ab3,"{""distance"":5,""physical_error_rate"":0.0002}","{""detection_events"":226,""detectors_checked"":229376}"
       256,         0,         0,   0.001,exact_mw,cdc4a450a40af8e24899239080e4c40992fb5baf91c5a31ab3a165eacb3a1ab3,"{""distance"":5,""physical_error_rate"":0.0002}","{""detection_events"":32,""detectors_checked"":57344}"
       320,         0,         0,   0.001,exact_mw,cdc4a450a40af8e24899239080e4c40992fb5baf91c5a31ab3a165eacb3a1ab3,"{""distance"":5,""physical_error_rate"":0.0002}","{""detection_events"":42,""detectors_checked"":71680}"
      1024,         0,         0,   0.004,exact_mw,cdc4a450a40af8e24899239080e4c40992fb5baf91c5a31ab3a165eacb3a1ab3,"{""distance"":5,""physical_error_rate"":0.0002}","{""detection_events"":223,""detectors_checked"":229376}"
      1024,         0,         0,   0.003,exact_mw,cdc4a450a40af8e24899239080e4c40992fb5baf91c5a31ab3a165eacb3a1ab3,"{""distance"":5,""physical_error_rate"":0.0002}","{""detection_events"":171,""detectors_checked"":229376}"
      1024,         0,         0,   0.003,exact_mw,cdc4a450a40af8e24899239080e4c40992fb5baf91c5a31ab3a165eacb3a1ab3,"{""distance"":5,""physical_error_rate"":0.0002}","{""detection_events"":237,""detectors_checked"":229376}"
       192,         0,         0,   0.001,exact_mw,cdc4a450a40af8e24899239080e4c40992fb5baf91c5a31ab3a165eacb3a1ab3,"{""distance"":5,""physical_error_rate"":0.0002}","{""detection_events"":33,""detectors_checked"":43008}"
       192,         0,         0,   0.001,exact_mw,cdc4a450a40af8e24899239080e4c40992fb5baf91c5a31ab3a165eacb3a1ab3,"{""distance"":5,""physical_error_rate"":0.0002}","{""detection_events"":46,""detectors_checked"":43008}"
       192,         0,         0,   0.001,exact_mw,cdc4a450a40af8e24899239080e4c40992fb5baf91c5a31ab3a165eacb3a1ab3,"{""distance"":5,""physical_error_rate"":0.0002}","{""detection_events"":17,""detectors_checked"":43008}"
       522,         0,         0,   0.002,exact_mw,cdc4a450a40af8e24899239080e4c40992fb5baf91c5a31ab3a165eacb3a1ab3,"{""distance"":5,""physical_error_rate"":0.0002}","{""detection_events"":86,""detectors_checked"":116928}"
       126,         0,         0,   0.000,exact_mw,cdc4a450a40af8e24899239080e4c40992fb5baf91c5a31ab3a165eacb3a1ab3,"{""distance"":5,""physical_error_rate"":0.0002}","{""detection_events"":26,""detectors_checked"":28224}"
        56,         0,         0,   0.000,exact_mw,cdc4a450a40af8e24899239080e4c40992fb5baf91c5a31ab3a165eacb3a1ab3,"{""distance"":5,""physical_error_rate"":0.0002}","{""detection_events"":19,""detectors_checked"":12544}"
       202,         0,         0,   0.001,exact_mw,cdc4a450a40af8e24899239080e4c40992fb5baf91c5a31ab3a165eacb3a1ab3,"{""distance"":5,""physical_error_rate"":0.0002}","{""detection_events"":57,""detectors_checked"":45248}"
       218,         0,         0,   0.001,exact_mw,cdc4a450a40af8e24899239080e4c40992fb5baf91c5a31ab3a165eacb3a1ab3,"{""distance"":5,""physical_error_rate"":0.0002}","{""detection_events"":55,""detectors_checked"":48832}"
        51,         0,         0,   0.000,exact_mw,cdc4a450a40af8e24899239080e4c40992fb5baf91c5a31ab3a165eacb3a1ab3,"{""distance"":5,""physical_error_rate"":0.0002}","{""detection_events"":12,""detectors_checked"":11424}"
       218,         0,         0,   0.001,exact_mw,cdc4a450a40af8e24899239080e4c40992fb5baf91c5a31ab3a165eacb3a1ab3,"{""distance"":5,""physical_error_rate"":0.0002}","{""detection_events"":35,""detectors_checked"":48832}"
        76,         0,         0,   0.000,exact_mw,cdc4a450a40af8e24899239080e4c40992fb5baf91c5a31ab3a165eacb3a1ab3,"{""distance"":5,""physical_error_rate"":0.0002}","{""detection_events"":12,""detectors_checked"":17024}"
       202,         0,         0,   0.001,exact_mw,cdc4a450a40af8e24899239080e4c40992fb5baf91c5a31ab3a165eacb3a1ab3,"{""distance"":5,""physical_error_rate"":0.0002}","{""detection_events"":51,""detectors_checked"":45248}"
       202,         0,         0,   0.001,exact_mw,cdc4a450a40af8e24899239080e4c40992fb5baf91c5a31ab3a165eacb3a1ab3,"{""distance"":5,""physical_error_rate"":0.0002}","{""detection_events"":59,""detectors_checked"":45248}"
         9,         0,         0,   0.000,exact_mw,cdc4a450a40af8e24899239080e4c40992fb5baf91c5a31ab3a165eacb3a1ab3,"{""distance"":5,""physical_error_rate"":0.0002}","{""detection_events"":4,""detectors_checked"":2016}"
        13,         0,         0,   0.000,exact_mw,cdc4a450a40af8e24899239080e4c40992fb5baf91c5a31ab3a165eacb3a1ab3,"{""distance"":5,""physical_error_rate"":0.0002}","{""detection_events"":5,""detectors_checked"":2912}"
        13,         0,         0,   0.000,exact_mw,cdc4a450a40af8e24899239080e4c40992fb5baf91c5a31ab3a165eacb3a1ab3,"{""distance"":5,""physical_error_rate"":0.0002}","{""detection_events"":2,""detectors_checked"":2912}"
        13,         0,         0,   0.000,exact_mw,cdc4a450a40af8e24899239080e4c40992fb5baf91c5a31ab3a165eacb3a1ab3,"{""distance"":5,""physical_error_rate"":0.0002}","{""detectors_checked"":2912}"
        72,         0,         0,   0.000,exact_mw,cdc4a450a40af8e24899239080e4c40992fb5baf91c5a31ab3a165eacb3a1ab3,"{""distance"":5,""physical_error_rate"":0.0002}","{""detection_events"":27,""detectors_checked"":16128}"
         3,         0,         0,   0.000,exact_mw,cdc4a450a40af8e24899239080e4c40992fb5baf91c5a31ab3a165eacb3a1ab3,"{""distance"":5,""physical_error_rate"":0.0002}","{""detectors_checked"":672}"
        16,         0,         0,   0.000,exact_mw,cdc4a450a40af8e24899239080e4c40992fb5baf91c5a31ab3a165eacb3a1ab3,"{""distance"":5,""physical_error_rate"":0.0002}","{""detectors_checked"":3584}"
         1,         0,         0,   0.000,exact_mw,cdc4a450a40af8e24899239080e4c40992fb5baf91c5a31ab3a165eacb3a1ab3,"{""distance"":5,""physical_error_rate"":0.0002}","{""detectors_checked"":224}"
         3,         0,         0,   0.000,exact_mw,cdc4a450a40af8e24899239080e4c40992fb5baf91c5a31ab3a165eacb3a1ab3,"{""distance"":5,""physical_error_rate"":0.0002}","{""detectors_checked"":672}"
         2,         0,         0,   0.000,exact_mw,cdc4a450a40af8e24899239080e4c40992fb5baf91c5a31ab3a165eacb3a1ab3,"{""distance"":5,""physical_error_rate"":0.0002}","{""detectors_checked"":448}"
         3,         0,         0,   0.000,exact_mw,cdc4a450a40af8e24899239080e4c40992fb5baf91c5a31ab3a165eacb3a1ab3,"{""distance"":5,""physical_error_rate"":0.0002}","{""detectors_checked"":672}"
         3,         0,         0,   0.000,exact_mw,cdc4a450a40af8e24899239080e4c40992fb5baf91c5a31ab3a165eacb3a1ab3,"{""distance"":5,""physical_error_rate"":0.0002}","{""detectors_checked"":672}"
         2,         0,         0,   0.000,exact_mw,cdc4a450a40af8e24899239080e4c40992fb5baf91c5a31ab3a165eacb3a1ab3,"{""distance"":5,""physical_error_rate"":0.0002}","{""detection_events"":2,""detectors_checked"":448}"
         1,         0,         0,   0.000,exact_mw,cdc4a450a40af8e24899239080e4c40992fb5baf91c5a31ab3a165eacb3a1ab3,"{""distance"":5,""physical_error_rate"":0.0002}","{""detectors_checked"":224}"
         1,         0,         0,   0.000,exact_mw,cdc4a450a40af8e24899239080e4c40992fb5baf91c5a31ab3a165eacb3a1ab3,"{""distance"":5,""physical_error_rate"":0.0002}","{""detectors_checked"":224}"
         1,         0,         0,   0.000,exact_mw,cdc4a450a40af8e24899239080e4c40992fb5baf91c5a31ab3a165eacb3a1ab3,"{""distance"":5,""physical_error_rate"":0.0002}","{""detectors_checked"":224}"
  15070208,         0,         0,    86.3,exact_mw,70a969f5042aec17ac076c6379f4170fb7c69b8e925756ef3b7334e28a33338b,"{""distance"":5,""physical_error_rate"":0.0001}","{""detection_events"":1490855,""detectors_checked"":3375726592}"
  12498944,         0,         0,    85.1,exact_mw,f32ebecd8e105e50ec838d33c5ed9b45444b6b44a3c6ac541111079f2b14e893,"{""distance"":5,""physical_error_rate"":5e-05}","{""detection_events"":614412,""detectors_checked"":2799763456}"
  12706816,         0,         0,    73.6,exact_mw,f32ebecd8e105e50ec838d33c5ed9b45444b6b44a3c6ac541111079f2b14e893,"{""distance"":5,""physical_error_rate"":5e-05}","{""detection_events"":626947,""detectors_checked"":2846326784}"
  11016192,         0,         0,    79.0,exact_mw,f32ebecd8e105e50ec838d33c5ed9b45444b6b44a3c6ac541111079f2b14e893,"{""distance"":5,""physical_error_rate"":5e-05}","{""detection_events"":541473,""detectors_checked"":2467627008}"
  11751424,         0,         0,    79.3,exact_mw,f32ebecd8e105e50ec838d33c5ed9b45444b6b44a3c6ac541111079f2b14e893,"{""distance"":5,""physical_error_rate"":5e-05}","{""detection_events"":580992,""detectors_checked"":2632318976}"
  12750824,         0,         0,    85.8,exact_mw,70a969f5042aec17ac076c6379f4170fb7c69b8e925756ef3b7334e28a33338b,"{""distance"":5,""physical_error_rate"":0.0001}","{""detection_events"":1258090,""detectors_checked"":2856184576}"
  12236800,         0,         0,    79.4,exact_mw,70a969f5042aec17ac076c6379f4170fb7c69b8e925756ef3b7334e28a33338b,"{""distance"":5,""physical_error_rate"":0.0001}","{""detection_events"":1206312,""detectors_checked"":2741043200}"
  11953898,         0,         0,    80.0,exact_mw,70a969f5042aec17ac076c6379f4170fb7c69b8e925756ef3b7334e28a33338b,"{""distance"":5,""physical_error_rate"":0.0001}","{""detection_events"":1179924,""detectors_checked"":2677673152}"
      2321,         0,         0,   0.010,exact_mw,cb12ae119b9b2ba18d0216e7235b403229e92fd0743ede48fe7f1a2c6f45d594,"{""distance"":5,""physical_error_rate"":0.0005}","{""detection_events"":1179,""detectors_checked"":519904}"
      4096,         0,         0,   0.016,exact_mw,cb12ae119b9b2ba18d0216e7235b403229e92fd0743ede48fe7f1a2c6f45d594,"{""distance"":5,""physical_error_rate"":0.0005}","{""detection_events"":1982,""detectors_checked"":917504}"
      5120,         0,         0,   0.022,exact_mw,cb12ae119b9b2ba18d0216e7235b403229e92fd0743ede48fe7f1a2c6f45d594,"{""distance"":5,""physical_error_rate"":0.0005}","{""detection_events"":2445,""detectors_checked"":1146880}"
      5120,         0,         0,   0.031,exact_mw,cb12ae119b9b2ba18d0216e7235b403229e92fd0743ede48fe7f1a2c6f45d594,"{""distance"":5,""physical_error_rate"":0.0005}","{""detection_events"":2554,""detectors_checked"":1146880}"
      8192,         0,         0,   0.040,exact_mw,cb12ae119b9b2ba18d0216e7235b403229e92fd0743ede48fe7f1a2c6f45d594,"{""distance"":5,""physical_error_rate"":0.0005}","{""detection_events"":3935,""detectors_checked"":1835008}"
     15360,         0,         0,   0.057,exact_mw,cb12ae119b9b2ba18d0216e7235b403229e92fd0743ede48fe7f1a2c6f45d594,"{""distance"":5,""physical_error_rate"":0.0005}","{""detection_events"":7389,""detectors_checked"":3440640}"
     17408,         0,         0,   0.079,exact_mw,cb12ae119b9b2ba18d0216e7235b403229e92fd0743ede48fe7f1a2c6f45d594,"{""distance"":5,""physical_error_rate"":0.0005}","{""detection_events"":8542,""detectors_checked"":3899392}"
     26624,         0,         0,   0.107,exact_mw,cb12ae119b9b2ba18d0216e7235b403229e92fd0743ede48fe7f1a2c6f45d594,"{""distance"":5,""physical_error_rate"":0.0005}","{""detection_events"":13188,""detectors_checked"":5963776}"
     36864,         0,         0,   0.147,exact_mw,cb12ae119b9b2ba18d0216e7235b403229e92fd0743ede48fe7f1a2c6f45d594,"{""distance"":5,""physical_error_rate"":0.0005}","{""detection_events"":18092,""detectors_checked"":8257536}"
      3345,         0,         0,   0.011,exact_mw,70a969f5042aec17ac076c6379f4170fb7c69b8e925756ef3b7334e28a33338b,"{""distance"":5,""physical_error_rate"":0.0001}","{""detection_events"":282,""detectors_checked"":749280}"
      1024,         0,         0,   0.016,exact_mw,70a969f5042aec17ac076c6379f4170fb7c69b8e925756ef3b7334e28a33338b,"{""distance"":5,""physical_error_rate"":0.0001}","{""detection_events"":107,""detectors_checked"":229376}"
      4096,         0,         0,   0.026,exact_mw,70a969f5042aec17ac076c6379f4170fb7c69b8e925756ef3b7334e28a33338b,"{""distance"":5,""physical_error_rate"":0.0001}","{""detection_events"":482,""detectors_checked"":917504}"
      5120,         0,         0,   0.029,exact_mw,70a969f5042aec17ac076c6379f4170fb7c69b8e925756ef3b7334e28a33338b,"{""distance"":5,""physical_error_rate"":0.0001}","{""detection_events"":499,""detectors_checked"":1146880}"
      7168,         0,         0,   0.044,exact_mw,70a969f5042aec17ac076c6379f4170fb7c69b8e925756ef3b7334e28a33338b,"{""distance"":5,""physical_error_rate"":0.0001}","{""detection_events"":684,""detectors_checked"":1605632}"
     46080,         0,         0,   0.206,exact_mw,cb12ae119b9b2ba18d0216e7235b403229e92fd0743ede48fe7f1a2c6f45d594,"{""distance"":5,""physical_error_rate"":0.0005}","{""detection_events"":22596,""detectors_checked"":10321920}"
     12288,         0,         0,   0.056,exact_mw,70a969f5042aec17ac076c6379f4170fb7c69b8e925756ef3b7334e28a33338b,"{""distance"":5,""physical_error_rate"":0.0001}","{""detection_events"":1226,""detectors_checked"":2752512}"
     24576,         0,         0,   0.075,exact_mw,70a969f5042aec17ac076c6379f4170fb7c69b8e925756ef3b7334e28a33338b,"{""distance"":5,""physical_error_rate"":0.0001}","{""detection_events"":2481,""detectors_checked"":5505024}"
     34816,         0,         0,   0.104,exact_mw,70a969f5042aec17ac076c6379f4170fb7c69b8e925756ef3b7334e28a33338b,"{""distance"":5,""physical_error_rate"":0.0001}","{""detection_events"":3392,""detectors_checked"":7798784}"
      3345,         0,         0,   0.011,exact_mw,70a969f5042aec17ac076c6379f4170fb7c69b8e925756ef3b7334e28a33338b,"{""distance"":5,""physical_error_rate"":0.0001}","{""detection_events"":309,""detectors_checked"":749280}"
       273,         0,         0,   0.014,exact_mw,cb12ae119b9b2ba18d0216e7235b403229e92fd0743ede48fe7f1a2c6f45d594,"{""distance"":5,""physical_error_rate"":0.0005}","{""detection_events"":151,""detectors_checked"":61152}"
      1297,         0,         0,   0.018,exact_mw,70a969f5042aec17ac076c6379f4170fb7c69b8e925756ef3b7334e28a33338b,"{""distance"":5,""physical_error_rate"":0.0001}","{""detection_events"":104,""detectors_checked"":290528}"
     67584,         0,         0,   0.287,exact_mw,cb12ae119b9b2ba18d0216e7235b403229e92fd0743ede48fe7f1a2c6f45d594,"{""distance"":5,""physical_error_rate"":0.0005}","{""detection_events"":33023,""detectors_checked"":15138816}"
      1024,         0,         0,   0.016,exact_mw,70a969f5042aec17ac076c6379f4170fb7c69b8e925756ef3b7334e28a33338b,"{""distance"":5,""physical_error_rate"":0.0001}","{""detection_events"":143,""detectors_checked"":229376}"
      2321,         0,         0,   0.021,exact_mw,f32ebecd8e105e50ec838d33c5ed9b45444b6b44a3c6ac541111079f2b14e893,"{""distance"":5,""physical_error_rate"":5e-05}","{""detection_events"":144,""detectors_checked"":519904}"
      3345,         0,         0,   0.024,exact_mw,70a969f5042aec17ac076c6379f4170fb7c69b8e925756ef3b7334e28a33338b,"{""distance"":5,""physical_error_rate"":0.0001}","{""detection_events"":368,""detectors_checked"":749280}"
      3072,         0,         0,   0.026,exact_mw,cb12ae119b9b2ba18d0216e7235b403229e92fd0743ede48fe7f1a2c6f45d594,"{""distance"":5,""physical_error_rate"":0.0005}","{""detection_events"":1475,""detectors_checked"":688128}"
      4096,         0,         0,   0.026,exact_mw,70a969f5042aec17ac076c6379f4170fb7c69b8e925756ef3b7334e28a33338b,"{""distance"":5,""physical_error_rate"":0.0001}","{""detection_events"":429,""detectors_checked"":917504}"
      4096,         0,         0,   0.026,exact_mw,70a969f5042aec17ac076c6379f4170fb7c69b8e925756ef3b7334e28a33338b,"{""distance"":5,""physical_error_rate"":0.0001}","{""detection_events"":348,""detectors_checked"":917504}"
      4096,         0,         0,   0.026,exact_mw,f32ebecd8e105e50ec838d33c5ed9b45444b6b44a3c6ac541111079f2b14e893,"{""distance"":5,""physical_error_rate"":5e-05}","{""detection_events"":173,""detectors_checked"":917504}"
      4096,         0,         0,   0.025,exact_mw,70a969f5042aec17ac076c6379f4170fb7c69b8e925756ef3b7334e28a33338b,"{""distance"":5,""physical_error_rate"":0.0001}","{""detection_events"":408,""detectors_checked"":917504}"
      4096,         0,         0,   0.028,exact_mw,cb12ae119b9b2ba18d0216e7235b403229e92fd0743ede48fe7f1a2c6f45d594,"{""distance"":5,""physical_error_rate"":0.0005}","{""detection_events"":2108,""detectors_checked"":917504}"
      4096,         0,         0,   0.026,exact_mw,70a969f5042aec17ac076c6379f4170fb7c69b8e925756ef3b7334e28a33338b,"{""distance"":5,""physical_error_rate"":0.0001}","{""detection_events"":422,""detectors_checked"":917504}"
      4096,         0,         0,   0.025,exact_mw,70a969f5042aec17ac076c6379f4170fb7c69b8e925756ef3b7334e28a33338b,"{""distance"":5,""physical_error_rate"":0.0001}","{""detection_events"":380,""detectors_checked"":917504}"
      4096,         0,         0,   0.026,exact_mw,f32ebecd8e105e50ec838d33c5ed9b45444b6b44a3c6ac541111079f2b14e893,"{""distance"":5,""physical_error_rate"":5e-05}","{""detection_events"":184,""detectors_checked"":917504}"
      5120,         0,         0,   0.029,exact_mw,70a969f5042aec17ac076c6379f4170fb7c69b8e925756ef3b7334e28a33338b,"{""distance"":5,""physical_error_rate"":0.0001}","{""detection_events"":498,""detectors_checked"":1146880}"
      4096,         0,         0,   0.029,exact_mw,cb12ae119b9b2ba18d0216e7235b403229e92fd0743ede48fe7f1a2c6f45d594,"{""distance"":5,""physical_error_rate"":0.0005}","{""detection_events"":1907,""detectors_checked"":917504}"
      5120,         0,         0,   0.029,exact_mw,70a969f5042aec17ac076c6379f4170fb7c69b8e925756ef3b7334e28a33338b,"{""distance"":5,""physical_error_rate"":0.0001}","{""detection_events"":468,""detectors_checked"":1146880}"
      5120,         0,         0,   0.028,exact_mw,70a969f5042aec17ac076c6379f4170fb7c69b8e925756ef3b7334e28a33338b,"{""distance"":5,""physical_error_rate"":0.0001}","{""detection_events"":486,""detectors_checked"":1146880}"
      5120,         0,         0,   0.028,exact_mw,f32ebecd8e105e50ec838d33c5ed9b45444b6b44a3c6ac541111079f2b14e893,"{""distance"":5,""physical_error_rate"":5e-05}","{""detection_events"":197,""detectors_checked"":1146880}"
     47104,         0,         0,   0.156,exact_mw,70a969f5042aec17ac076c6379f4170fb7c69b8e925756ef3b7334e28a33338b,"{""distance"":5,""physical_error_rate"":0.0001}","{""detection_events"":4847,""detectors_checked"":10551296}"
      7168,         0,         0,   0.048,exact_mw,70a969f5042aec17ac076c6379f4170fb7c69b8e925756ef3b7334e28a33338b,"{""distance"":5,""physical_error_rate"":0.0001}","{""detection_events"":750,""detectors_checked"":1605632}"
      4096,         0,         0,   0.046,exact_mw,cb12ae119b9b2ba18d0216e7235b403229e92fd0743ede48fe7f1a2c6f45d594,"{""distance"":5,""physical_error_rate"":0.0005}","{""detection_events"":2032,""detectors_checked"":917504}"
      7168,         0,         0,   0.048,exact_mw,f32ebecd8e105e50ec838d33c5ed9b45444b6b44a3c6ac541111079f2b14e893,"{""distance"":5,""physical_error_rate"":5e-05}","{""detection_events"":326,""detectors_checked"":1605632}"
      7168,         0,         0,   0.048,exact_mw,70a969f5042aec17ac076c6379f4170fb7c69b8e925756ef3b7334e28a33338b,"{""distance"":5,""physical_error_rate"":0.0001}","{""detection_events"":763,""detectors_checked"":1605632}"
      8192,         0,         0,   0.051,exact_mw,70a969f5042aec17ac076c6379f4170fb7c69b8e925756ef3b7334e28a33338b,"{""distance"":5,""physical_error_rate"":0.0001}","{""detection_events"":877,""detectors_checked"":1835008}"
      9216,         0,         0,   0.054,exact_mw,70a969f5042aec17ac076c6379f4170fb7c69b8e925756ef3b7334e28a33338b,"{""distance"":5,""physical_error_rate"":0.0001}","{""detection_events"":834,""detectors_checked"":2064384}"
      7168,         0,         0,   0.053,exact_mw,cb12ae119b9b2ba18d0216e7235b403229e92fd0743ede48fe7f1a2c6f45d594,"{""distance"":5,""physical_error_rate"":0.0005}","{""detection_events"":3439,""detectors_checked"":1605632}"
      1297,         0,         0,   0.024,exact_mw,cb12ae119b9b2ba18d0216e7235b403229e92fd0743ede48fe7f1a2c6f45d594,"{""distance"":5,""physical_error_rate"":0.0005}","{""detection_events"":776,""detectors_checked"":290528}"
      9216,         0,         0,   0.054,exact_mw,f32ebecd8e105e50ec838d33c5ed9b45444b6b44a3c6ac541111079f2b14e893,"{""distance"":5,""physical_error_rate"":5e-05}","{""detection_events"":484,""detectors_checked"":2064384}"
      9216,         0,         0,   0.054,exact_mw,70a969f5042aec17ac076c6379f4170fb7c69b8e925756ef3b7334e28a33338b,"{""distance"":5,""physical_error_rate"":0.0001}","{""detection_events"":981,""detectors_checked"":2064384}"
     10240,         0,         0,   0.056,exact_mw,70a969f5042aec17ac076c6379f4170fb7c69b8e925756ef3b7334e28a33338b,"{""distance"":5,""physical_error_rate"":0.0001}","{""detection_events"":1009,""detectors_checked"":2293760}"
      2048,         0,         0,   0.028,exact_mw,cb12ae119b9b2ba18d0216e7235b403229e92fd0743ede48fe7f1a2c6f45d594,"{""distance"":5,""physical_error_rate"":0.0005}","{""detection_events"":993,""detectors_checked"":458752}"
         1,         0,         0,   0.000,exact_mw,f32ebecd8e105e50ec838d33c5ed9b45444b6b44a3c6ac541111079f2b14e893,"{""distance"":5,""physical_error_rate"":5e-05}","{""detectors_checked"":224}"
      2048,         0,         0,   0.025,exact_mw,cb12ae119b9b2ba18d0216e7235b403229e92fd0743ede48fe7f1a2c6f45d594,"{""distance"":5,""physical_error_rate"":0.0005}","{""detection_events"":958,""detectors_checked"":458752}"
         1,         0,         0,   0.000,exact_mw,cb12ae119b9b2ba18d0216e7235b403229e92fd0743ede48fe7f1a2c6f45d594,"{""distance"":5,""physical_error_rate"":0.0005}","{""detectors_checked"":224}"
     12288,         0,         0,   0.064,exact_mw,70a969f5042aec17ac076c6379f4170fb7c69b8e925756ef3b7334e28a33338b,"{""distance"":5,""physical_error_rate"":0.0001}","{""detection_events"":1254,""detectors_checked"":2752512}"
         1,         0,         0,   0.000,exact_mw,f32ebecd8e105e50ec838d33c5ed9b45444b6b44a3c6ac541111079f2b14e893,"{""distance"":5,""physical_error_rate"":5e-05}","{""detectors_checked"":224}"
      9216,         0,         0,   0.080,exact_mw,cb12ae119b9b2ba18d0216e7235b403229e92fd0743ede48fe7f1a2c6f45d594,"{""distance"":5,""physical_error_rate"":0.0005}","{""detection_events"":4371,""detectors_checked"":2064384}"
     12288,         0,         0,   0.064,exact_mw,70a969f5042aec17ac076c6379f4170fb7c69b8e925756ef3b7334e28a33338b,"{""distance"":5,""physical_error_rate"":0.0001}","{""detection_events"":1154,""detectors_checked"":2752512}"
     13312,         0,         0,   0.079,exact_mw,f32ebecd8e105e50ec838d33c5ed9b45444b6b44a3c6ac541111079f2b14e893,"{""distance"":5,""physical_error_rate"":5e-05}","{""detection_events"":808,""detectors_checked"":2981888}"
     13312,         0,         0,   0.079,exact_mw,70a969f5042aec17ac076c6379f4170fb7c69b8e925756ef3b7334e28a33338b,"{""distance"":5,""physical_error_rate"":0.0001}","{""detection_events"":1426,""detectors_checked"":2981888}"
      4368,         0,         0,   0.027,exact_mw,f32ebecd8e105e50ec838d33c5ed9b45444b6b44a3c6ac541111079f2b14e893,"{""distance"":5,""physical_error_rate"":5e-05}","{""detection_events"":191,""detectors_checked"":978432}"
      2048,         0,         0,   0.030,exact_mw,cb12ae119b9b2ba18d0216e7235b403229e92fd0743ede48fe7f1a2c6f45d594,"{""distance"":5,""physical_error_rate"":0.0005}","{""detection_events"":989,""detectors_checked"":458752}"
      3344,         0,         0,   0.027,exact_mw,cb12ae119b9b2ba18d0216e7235b403229e92fd0743ede48fe7f1a2c6f45d594,"{""distance"":5,""physical_error_rate"":0.0005}","{""detection_events"":1524,""detectors_checked"":749056}"
      3072,         0,         0,   0.009,exact_mw,f32ebecd8e105e50ec838d33c5ed9b45444b6b44a3c6ac541111079f2b14e893,"{""distance"":5,""physical_error_rate"":5e-05}","{""detection_events"":146,""detectors_checked"":688128}"
      2320,         0,         0,   0.021,exact_mw,f32ebecd8e105e50ec838d33c5ed9b45444b6b44a3c6ac541111079f2b14e893,"{""distance"":5,""physical_error_rate"":5e-05}","{""detection_events"":126,""detectors_checked"":519680}"
      2048,         0,         0,   0.006,exact_mw,f32ebecd8e105e50ec838d33c5ed9b45444b6b44a3c6ac541111079f2b14e893,"{""distance"":5,""physical_error_rate"":5e-05}","{""detection_events"":81,""detectors_checked"":458752}"
      3072,         0,         0,   0.022,exact_mw,cb12ae119b9b2ba18d0216e7235b403229e92fd0743ede48fe7f1a2c6f45d594,"{""distance"":5,""physical_error_rate"":0.0005}","{""detection_events"":1556,""detectors_checked"":688128}"
      2321,         0,         0,   0.020,exact_mw,f32ebecd8e105e50ec838d33c5ed9b45444b6b44a3c6ac541111079f2b14e893,"{""distance"":5,""physical_error_rate"":5e-05}","{""detection_events"":97,""detectors_checked"":519904}"
     35840,         0,         0,   0.221,exact_mw,70a969f5042aec17ac076c6379f4170fb7c69b8e925756ef3b7334e28a33338b,"{""distance"":5,""physical_error_rate"":0.0001}","{""detection_events"":3619,""detectors_checked"":8028160}"
      5120,         0,         0,   0.035,exact_mw,cb12ae119b9b2ba18d0216e7235b403229e92fd0743ede48fe7f1a2c6f45d594,"{""distance"":5,""physical_error_rate"":0.0005}","{""detection_events"":2600,""detectors_checked"":1146880}"
      4096,         0,         0,   0.029,exact_mw,f32ebecd8e105e50ec838d33c5ed9b45444b6b44a3c6ac541111079f2b14e893,"{""distance"":5,""physical_error_rate"":5e-05}","{""detection_events"":234,""detectors_checked"":917504}"
      1024,         0,         0,   0.003,exact_mw,f32ebecd8e105e50ec838d33c5ed9b45444b6b44a3c6ac541111079f2b14e893,"{""distance"":5,""physical_error_rate"":5e-05}","{""detection_events"":43,""detectors_checked"":229376}"
      3072,         0,         0,   0.031,exact_mw,cb12ae119b9b2ba18d0216e7235b403229e92fd0743ede48fe7f1a2c6f45d594,"{""distance"":5,""physical_error_rate"":0.0005}","{""detection_events"":1514,""detectors_checked"":688128}"
      3072,         0,         0,   0.022,exact_mw,f32ebecd8e105e50ec838d33c5ed9b45444b6b44a3c6ac541111079f2b14e893,"{""distance"":5,""physical_error_rate"":5e-05}","{""detection_events"":165,""detectors_checked"":688128}"
     17408,         0,         0,   0.103,exact_mw,70a969f5042aec17ac076c6379f4170fb7c69b8e925756ef3b7334e28a33338b,"{""distance"":5,""physical_error_rate"":0.0001}","{""detection_events"":1661,""detectors_checked"":3899392}"
      4096,         0,         0,   0.057,exact_mw,f32ebecd8e105e50ec838d33c5ed9b45444b6b44a3c6ac541111079f2b14e893,"{""distance"":5,""physical_error_rate"":5e-05}","{""detection_events"":219,""detectors_checked"":917504}"
      8192,         0,         0,   0.037,exact_mw,f32ebecd8e105e50ec838d33c5ed9b45444b6b44a3c6ac541111079f2b14e893,"{""distance"":5,""physical_error_rate"":5e-05}","{""detection_events"":436,""detectors_checked"":1835008}"
     15360,         0,         0,   0.092,exact_mw,cb12ae119b9b2ba18d0216e7235b403229e92fd0743ede48fe7f1a2c6f45d594,"{""distance"":5,""physical_error_rate"":0.0005}","{""detection_events"":7573,""detectors_checked"":3440640}"
      7168,         0,         0,   0.053,exact_mw,cb12ae119b9b2ba18d0216e7235b403229e92fd0743ede48fe7f1a2c6f45d594,"{""distance"":5,""physical_error_rate"":0.0005}","{""detection_events"":3537,""detectors_checked"":1605632}"
      5120,         0,         0,   0.028,exact_mw,f32ebecd8e105e50ec838d33c5ed9b45444b6b44a3c6ac541111079f2b14e893,"{""distance"":5,""physical_error_rate"":5e-05}","{""detection_events"":243,""detectors_checked"":1146880}"
      4096,         0,         0,   0.043,exact_mw,cb12ae119b9b2ba18d0216e7235b403229e92fd0743ede48fe7f1a2c6f45d594,"{""distance"":5,""physical_error_rate"":0.0005}","{""detection_events"":2028,""detectors_checked"":917504}"
     17408,         0,         0,   0.104,exact_mw,70a969f5042aec17ac076c6379f4170fb7c69b8e925756ef3b7334e28a33338b,"{""distance"":5,""physical_error_rate"":0.0001}","{""detection_events"":1753,""detectors_checked"":3899392}"
     18432,         0,         0,   0.105,exact_mw,70a969f5042aec17ac076c6379f4170fb7c69b8e925756ef3b7334e28a33338b,"{""distance"":5,""physical_error_rate"":0.0001}","{""detection_events"":1707,""detectors_checked"":4128768}"
     18432,         0,         0,   0.106,exact_mw,f32ebecd8e105e50ec838d33c5ed9b45444b6b44a3c6ac541111079f2b14e893,"{""distance"":5,""physical_error_rate"":5e-05}","{""detection_events"":961,""detectors_checked"":4128768}"
      6144,         0,         0,   0.054,exact_mw,f32ebecd8e105e50ec838d33c5ed9b45444b6b44a3c6ac541111079f2b14e893,"{""distance"":5,""physical_error_rate"":5e-05}","{""detection_events"":247,""detectors_checked"":1376256}"
     98304,         0,         0,   0.405,exact_mw,cb12ae119b9b2ba18d0216e7235b403229e92fd0743ede48fe7f1a2c6f45d594,"{""distance"":5,""physical_error_rate"":0.0005}","{""detection_events"":47390,""detectors_checked"":22020096}"
     10240,         0,         0,   0.043,exact_mw,f32ebecd8e105e50ec838d33c5ed9b45444b6b44a3c6ac541111079f2b14e893,"{""distance"":5,""physical_error_rate"":5e-05}","{""detection_events"":465,""detectors_checked"":2293760}"
      9216,         0,         0,   0.040,exact_mw,f32ebecd8e105e50ec838d33c5ed9b45444b6b44a3c6ac541111079f2b14e893,"{""distance"":5,""physical_error_rate"":5e-05}","{""detection_events"":478,""detectors_checked"":2064384}"
      5120,         0,         0,   0.055,exact_mw,cb12ae119b9b2ba18d0216e7235b403229e92fd0743ede48fe7f1a2c6f45d594,"{""distance"":5,""physical_error_rate"":0.0005}","{""detection_events"":2508,""detectors_checked"":1146880}"
     10240,         0,         0,   0.083,exact_mw,cb12ae119b9b2ba18d0216e7235b403229e92fd0743ede48fe7f1a2c6f45d594,"{""distance"":5,""physical_error_rate"":0.0005}","{""detection_events"":4988,""detectors_checked"":2293760}"
      8192,         0,         0,   0.055,exact_mw,f32ebecd8e105e50ec838d33c5ed9b45444b6b44a3c6ac541111079f2b14e893,"{""distance"":5,""physical_error_rate"":5e-05}","{""detection_events"":388,""detectors_checked"":1835008}"
      9216,         0,         0,   0.053,exact_mw,f32ebecd8e105e50ec838d33c5ed9b45444b6b44a3c6ac541111079f2b14e893,"{""distance"":5,""physical_error_rate"":5e-05}","{""detection_events"":417,""detectors_checked"":2064384}"
     12288,         0,         0,   0.075,exact_mw,f32ebecd8e105e50ec838d33c5ed9b45444b6b44a3c6ac541111079f2b14e893,"{""distance"":5,""physical_error_rate"":5e-05}","{""detection_events"":713,""detectors_checked"":2752512}"
     26624,         0,         0,   0.151,exact_mw,70a969f5042aec17ac076c6379f4170fb7c69b8e925756ef3b7334e28a33338b,"{""distance"":5,""physical_error_rate"":0.0001}","{""detection_events"":2791,""detectors_checked"":5963776}"
      8192,         0,         0,   0.087,exact_mw,cb12ae119b9b2ba18d0216e7235b403229e92fd0743ede48fe7f1a2c6f45d594,"{""distance"":5,""physical_error_rate"":0.0005}","{""detection_events"":3824,""detectors_checked"":1835008}"
     21504,         0,         0,   0.161,exact_mw,cb12ae119b9b2ba18d0216e7235b403229e92fd0743ede48fe7f1a2c6f45d594,"{""distance"":5,""physical_error_rate"":0.0005}","{""detection_events"":10304,""detectors_checked"":4816896}"
     26624,         0,         0,   0.148,exact_mw,70a969f5042aec17ac076c6379f4170fb7c69b8e925756ef3b7334e28a33338b,"{""distance"":5,""physical_error_rate"":0.0001}","{""detection_events"":2750,""detectors_checked"":5963776}"
     27648,         0,         0,   0.149,exact_mw,f32ebecd8e105e50ec838d33c5ed9b45444b6b44a3c6ac541111079f2b14e893,"{""distance"":5,""physical_error_rate"":5e-05}","{""detection_events"":1493,""detectors_checked"":6193152}"
      8192,         0,         0,   0.059,exact_mw,f32ebecd8e105e50ec838d33c5ed9b45444b6b44a3c6ac541111079f2b14e893,"{""distance"":5,""physical_error_rate"":5e-05}","{""detection_events"":418,""detectors_checked"":1835008}"
     25600,         0,         0,   0.159,exact_mw,70a969f5042aec17ac076c6379f4170fb7c69b8e925756ef3b7334e28a33338b,"{""distance"":5,""physical_error_rate"":0.0001}","{""detection_events"":2518,""detectors_checked"":5734400}"
     14336,         0,         0,   0.109,exact_mw,cb12ae119b9b2ba18d0216e7235b403229e92fd0743ede48fe7f1a2c6f45d594,"{""distance"":5,""physical_error_rate"":0.0005}","{""detection_events"":7034,""detectors_checked"":3211264}"
     15360,         0,         0,   0.084,exact_mw,f32ebecd8e105e50ec838d33c5ed9b45444b6b44a3c6ac541111079f2b14e893,"{""distance"":5,""physical_error_rate"":5e-05}","{""detection_events"":759,""detectors_checked"":3440640}"
     30720,         0,         0,   0.092,exact_mw,f32ebecd8e105e50ec838d33c5ed9b45444b6b44a3c6ac541111079f2b14e893,"{""distance"":5,""physical_error_rate"":5e-05}","{""detection_events"":1495,""detectors_checked"":6881280}"
     34816,         0,         0,   0.282,exact_mw,70a969f5042aec17ac076c6379f4170fb7c69b8e925756ef3b7334e28a33338b,"{""distance"":5,""physical_error_rate"":0.0001}","{""detection_events"":3423,""detectors_checked"":7798784}"
     10240,         0,         0,   0.111,exact_mw,cb12ae119b9b2ba18d0216e7235b403229e92fd0743ede48fe7f1a2c6f45d594,"{""distance"":5,""physical_error_rate"":0.0005}","{""detection_events"":4830,""detectors_checked"":2293760}"
     12288,         0,         0,   0.108,exact_mw,f32ebecd8e105e50ec838d33c5ed9b45444b6b44a3c6ac541111079f2b14e893,"{""distance"":5,""physical_error_rate"":5e-05}","{""detection_events"":668,""detectors_checked"":2752512}"
     18432,         0,         0,   0.106,exact_mw,f32ebecd8e105e50ec838d33c5ed9b45444b6b44a3c6ac541111079f2b14e893,"{""distance"":5,""physical_error_rate"":5e-05}","{""detection_events"":937,""detectors_checked"":4128768}"
     18432,         0,         0,   0.147,exact_mw,cb12ae119b9b2ba18d0216e7235b403229e92fd0743ede48fe7f1a2c6f45d594,"{""distance"":5,""physical_error_rate"":0.0005}","{""detection_events"":9180,""detectors_checked"":4128768}"
     34816,         0,         0,   0.206,exact_mw,70a969f5042aec17ac076c6379f4170fb7c69b8e925756ef3b7334e28a33338b,"{""distance"":5,""physical_error_rate"":0.0001}","{""detection_events"":3481,""detectors_checked"":7798784}"
     34816,         0,         0,   0.207,exact_mw,70a969f5042aec17ac076c6379f4170fb7c69b8e925756ef3b7334e28a33338b,"{""distance"":5,""physical_error_rate"":0.0001}","{""detection_events"":3566,""detectors_checked"":7798784}"
     26624,         0,         0,   0.209,exact_mw,cb12ae119b9b2ba18d0216e7235b403229e92fd0743ede48fe7f1a2c6f45d594,"{""distance"":5,""physical_error_rate"":0.0005}","{""detection_events"":13093,""detectors_checked"":5963776}"
     34816,         0,         0,   0.206,exact_mw,f32ebecd8e105e50ec838d33c5ed9b45444b6b44a3c6ac541111079f2b14e893,"{""distance"":5,""physical_error_rate"":5e-05}","{""detection_events"":1679,""detectors_checked"":7798784}"
     50176,         0,         0,   0.149,exact_mw,f32ebecd8e105e50ec838d33c5ed9b45444b6b44a3c6ac541111079f2b14e893,"{""distance"":5,""physical_error_rate"":5e-05}","{""detection_events"":2351,""detectors_checked"":11239424}"
     35840,         0,         0,   0.208,exact_mw,70a969f5042aec17ac076c6379f4170fb7c69b8e925756ef3b7334e28a33338b,"{""distance"":5,""physical_error_rate"":0.0001}","{""detection_events"":3630,""detectors_checked"":8028160}"
     12288,         0,         0,   0.158,exact_mw,cb12ae119b9b2ba18d0216e7235b403229e92fd0743ede48fe7f1a2c6f45d594,"{""distance"":5,""physical_error_rate"":0.0005}","{""detection_events"":6206,""detectors_checked"":2752512}"
     16384,         0,         0,   0.156,exact_mw,f32ebecd8e105e50ec838d33c5ed9b45444b6b44a3c6ac541111079f2b14e893,"{""distance"":5,""physical_error_rate"":5e-05}","{""detection_events"":751,""detectors_checked"":3670016}"
     25600,         0,         0,   0.153,exact_mw,f32ebecd8e105e50ec838d33c5ed9b45444b6b44a3c6ac541111079f2b14e893,"{""distance"":5,""physical_error_rate"":5e-05}","{""detection_events"":1172,""detectors_checked"":5734400}"
     26624,         0,         0,   0.211,exact_mw,cb12ae119b9b2ba18d0216e7235b403229e92fd0743ede48fe7f1a2c6f45d594,"{""distance"":5,""physical_error_rate"":0.0005}","{""detection_events"":13216,""detectors_checked"":5963776}"
     57344,         0,         0,   0.205,exact_mw,f32ebecd8e105e50ec838d33c5ed9b45444b6b44a3c6ac541111079f2b14e893,"{""distance"":5,""physical_error_rate"":5e-05}","{""detection_events"":2730,""detectors_checked"":12845056}"
    135168,         0,         0,   0.565,exact_mw,cb12ae119b9b2ba18d0216e7235b403229e92fd0743ede48fe7f1a2c6f45d594,"{""distance"":5,""physical_error_rate"":0.0005}","{""detection_events"":67380,""detectors_checked"":30277632}"
     16384,         0,         0,   0.206,exact_mw,cb12ae119b9b2ba18d0216e7235b403229e92fd0743ede48fe7f1a2c6f45d594,"{""distance"":5,""physical_error_rate"":0.0005}","{""detection_events"":8054,""detectors_checked"":3670016}"
     49152,         0,         0,   0.290,exact_mw,70a969f5042aec17ac076c6379f4170fb7c69b8e925756ef3b7334e28a33338b,"{""distance"":5,""physical_error_rate"":0.0001}","{""detection_events"":4926,""detectors_checked"":11010048}"
     47104,         0,         0,   0.406,exact_mw,70a969f5042aec17ac076c6379f4170fb7c69b8e925756ef3b7334e28a33338b,"{""distance"":5,""physical_error_rate"":0.0001}","{""detection_events"":4756,""detectors_checked"":10551296}"
     20480,         0,         0,   0.222,exact_mw,f32ebecd8e105e50ec838d33c5ed9b45444b6b44a3c6ac541111079f2b14e893,"{""distance"":5,""physical_error_rate"":5e-05}","{""detection_events"":982,""detectors_checked"":4587520}"
     49152,         0,         0,   0.289,exact_mw,70a969f5042aec17ac076c6379f4170fb7c69b8e925756ef3b7334e28a33338b,"{""distance"":5,""physical_error_rate"":0.0001}","{""detection_events"":4676,""detectors_checked"":11010048}"
     48128,         0,         0,   0.289,exact_mw,f32ebecd8e105e50ec838d33c5ed9b45444b6b44a3c6ac541111079f2b14e893,"{""distance"":5,""physical_error_rate"":5e-05}","{""detection_events"":2267,""detectors_checked"":10780672}"
     36864,         0,         0,   0.291,exact_mw,cb12ae119b9b2ba18d0216e7235b403229e92fd0743ede48fe7f1a2c6f45d594,"{""distance"":5,""physical_error_rate"":0.0005}","{""detection_events"":18208,""detectors_checked"":8257536}"
     34816,         0,         0,   0.197,exact_mw,f32ebecd8e105e50ec838d33c5ed9b45444b6b44a3c6ac541111079f2b14e893,"{""distance"":5,""physical_error_rate"":5e-05}","{""detection_events"":1849,""detectors_checked"":7798784}"
     52224,         0,         0,   0.301,exact_mw,70a969f5042aec17ac076c6379f4170fb7c69b8e925756ef3b7334e28a33338b,"{""distance"":5,""physical_error_rate"":0.0001}","{""detection_events"":5106,""detectors_checked"":11698176}"
     33792,         0,         0,   0.291,exact_mw,cb12ae119b9b2ba18d0216e7235b403229e92fd0743ede48fe7f1a2c6f45d594,"{""distance"":5,""physical_error_rate"":0.0005}","{""detection_events"":16951,""detectors_checked"":7569408}"
     49152,         0,         0,   0.291,exact_mw,f32ebecd8e105e50ec838d33c5ed9b45444b6b44a3c6ac541111079f2b14e893,"{""distance"":5,""physical_error_rate"":5e-05}","{""detection_events"":2374,""detectors_checked"":11010048}"
     34816,         0,         0,   0.299,exact_mw,cb12ae119b9b2ba18d0216e7235b403229e92fd0743ede48fe7f1a2c6f45d594,"{""distance"":5,""physical_error_rate"":0.0005}","{""detection_events"":17202,""detectors_checked"":7798784}"
     50176,         0,         0,   0.277,exact_mw,f32ebecd8e105e50ec838d33c5ed9b45444b6b44a3c6ac541111079f2b14e893,"{""distance"":5,""physical_error_rate"":5e-05}","{""detection_events"":2523,""detectors_checked"":11239424}"
     35840,         0,         0,   0.302,exact_mw,f32ebecd8e105e50ec838d33c5ed9b45444b6b44a3c6ac541111079f2b14e893,"{""distance"":5,""physical_error_rate"":5e-05}","{""detection_events"":1713,""detectors_checked"":8028160}"
     66560,         0,         0,   0.407,exact_mw,70a969f5042aec17ac076c6379f4170fb7c69b8e925756ef3b7334e28a33338b,"{""distance"":5,""physical_error_rate"":0.0001}","{""detection_events"":6566,""detectors_checked"":14909440}"
     61440,         0,         0,   0.408,exact_mw,70a969f5042aec17ac076c6379f4170fb7c69b8e925756ef3b7334e28a33338b,"{""distance"":5,""physical_error_rate"":0.0001}","{""detection_events"":6402,""detectors_checked"":13762560}"
     66560,         0,         0,   0.406,exact_mw,f32ebecd8e105e50ec838d33c5ed9b45444b6b44a3c6ac541111079f2b14e893,"{""distance"":5,""physical_error_rate"":5e-05}","{""detection_events"":3369,""detectors_checked"":14909440}"
     94208,         0,         0,   0.408,exact_mw,cb12ae119b9b2ba18d0216e7235b403229e92fd0743ede48fe7f1a2c6f45d594,"{""distance"":5,""physical_error_rate"":0.0005}","{""detection_events"":47130,""detectors_checked"":21102592}"
     61440,         0,         0,   0.391,exact_mw,70a969f5042aec17ac076c6379f4170fb7c69b8e925756ef3b7334e28a33338b,"{""distance"":5,""physical_error_rate"":0.0001}","{""detection_events"":5755,""detectors_checked"":13762560}"
     93184,         0,         0,   0.557,exact_mw,70a969f5042aec17ac076c6379f4170fb7c69b8e925756ef3b7334e28a33338b,"{""distance"":5,""physical_error_rate"":0.0001}","{""detection_events"":9201,""detectors_checked"":20873216}"
     53248,         0,         0,   0.418,exact_mw,cb12ae119b9b2ba18d0216e7235b403229e92fd0743ede48fe7f1a2c6f45d594,"{""distance"":5,""physical_error_rate"":0.0005}","{""detection_events"":26122,""detectors_checked"":11927552}"
     68608,         0,         0,   0.401,exact_mw,f32ebecd8e105e50ec838d33c5ed9b45444b6b44a3c6ac541111079f2b14e893,"{""distance"":5,""physical_error_rate"":5e-05}","{""detection_events"":3395,""detectors_checked"":15368192}"
     47104,         0,         0,   0.403,exact_mw,cb12ae119b9b2ba18d0216e7235b403229e92fd0743ede48fe7f1a2c6f45d594,"{""distance"":5,""physical_error_rate"":0.0005}","{""detection_events"":22847,""detectors_checked"":10551296}"
     70656,         0,         0,   0.384,exact_mw,f32ebecd8e105e50ec838d33c5ed9b45444b6b44a3c6ac541111079f2b14e893,"{""distance"":5,""physical_error_rate"":5e-05}","{""detection_events"":3557,""detectors_checked"":15826944}"
     56320,         0,         0,   0.411,exact_mw,f32ebecd8e105e50ec838d33c5ed9b45444b6b44a3c6ac541111079f2b14e893,"{""distance"":5,""physical_error_rate"":5e-05}","{""detection_events"":2754,""detectors_checked"":12615680}"
    171008,         0,         0,   0.792,exact_mw,cb12ae119b9b2ba18d0216e7235b403229e92fd0743ede48fe7f1a2c6f45d594,"{""distance"":5,""physical_error_rate"":0.0005}","{""detection_events"":84183,""detectors_checked"":38305792}"
     96256,         0,         0,   0.570,exact_mw,70a969f5042aec17ac076c6379f4170fb7c69b8e925756ef3b7334e28a33338b,"{""distance"":5,""physical_error_rate"":0.0001}","{""detection_events"":9716,""detectors_checked"":21561344}"
     97280,         0,         0,   0.571,exact_mw,f32ebecd8e105e50ec838d33c5ed9b45444b6b44a3c6ac541111079f2b14e893,"{""distance"":5,""physical_error_rate"":5e-05}","{""detection_events"":4834,""detectors_checked"":21790720}"
     96256,         0,         0,   0.574,exact_mw,70a969f5042aec17ac076c6379f4170fb7c69b8e925756ef3b7334e28a33338b,"{""distance"":5,""physical_error_rate"":0.0001}","{""detection_events"":9451,""detectors_checked"":21561344}"
     72704,         0,         0,   0.546,exact_mw,cb12ae119b9b2ba18d0216e7235b403229e92fd0743ede48fe7f1a2c6f45d594,"{""distance"":5,""physical_error_rate"":0.0005}","{""detection_events"":35746,""detectors_checked"":16285696}"
     96256,         0,         0,   0.554,exact_mw,70a969f5042aec17ac076c6379f4170fb7c69b8e925756ef3b7334e28a33338b,"{""distance"":5,""physical_error_rate"":0.0001}","{""detection_events"":9458,""detectors_checked"":21561344}"
     65536,         0,         0,   0.571,exact_mw,cb12ae119b9b2ba18d0216e7235b403229e92fd0743ede48fe7f1a2c6f45d594,"{""distance"":5,""physical_error_rate"":0.0005}","{""detection_events"":32182,""detectors_checked"":14680064}"
     91136,         0,         0,   0.567,exact_mw,f32ebecd8e105e50ec838d33c5ed9b45444b6b44a3c6ac541111079f2b14e893,"{""distance"":5,""physical_error_rate"":5e-05}","{""detection_events"":4421,""detectors_checked"":20414464}"
     58368,         0,         0,   0.566,exact_mw,cb12ae119b9b2ba18d0216e7235b403229e92fd0743ede48fe7f1a2c6f45d594,"{""distance"":5,""physical_error_rate"":0.0005}","{""detection_events"":29045,""detectors_checked"":13074432}"
     96256,         0,         0,   0.566,exact_mw,f32ebecd8e105e50ec838d33c5ed9b45444b6b44a3c6ac541111079f2b14e893,"{""distance"":5,""physical_error_rate"":5e-05}","{""detection_events"":4852,""detectors_checked"":21561344}"
     50176,         0,         0,   0.581,exact_mw,f32ebecd8e105e50ec838d33c5ed9b45444b6b44a3c6ac541111079f2b14e893,"{""distance"":5,""physical_error_rate"":5e-05}","{""detection_events"":2496,""detectors_checked"":11239424}"
    135168,         0,         0,   0.772,exact_mw,70a969f5042aec17ac076c6379f4170fb7c69b8e925756ef3b7334e28a33338b,"{""distance"":5,""physical_error_rate"":0.0001}","{""detection_events"":13271,""detectors_checked"":30277632}"
    133120,         0,         0,   0.798,exact_mw,70a969f5042aec17ac076c6379f4170fb7c69b8e925756ef3b7334e28a33338b,"{""distance"":5,""physical_error_rate"":0.0001}","{""detection_events"":13309,""detectors_checked"":29818880}"
    135168,         0,         0,   0.793,exact_mw,f32ebecd8e105e50ec838d33c5ed9b45444b6b44a3c6ac541111079f2b14e893,"{""distance"":5,""physical_error_rate"":5e-05}","{""detection_events"":6571,""detectors_checked"":30277632}"
    132096,         0,         0,   0.782,exact_mw,70a969f5042aec17ac076c6379f4170fb7c69b8e925756ef3b7334e28a33338b,"{""distance"":5,""physical_error_rate"":0.0001}","{""detection_events"":13271,""detectors_checked"":29589504}"
    137216,         0,         0,   0.802,exact_mw,cb12ae119b9b2ba18d0216e7235b403229e92fd0743ede48fe7f1a2c6f45d594,"{""distance"":5,""physical_error_rate"":0.0005}","{""detection_events"":67045,""detectors_checked"":30736384}"
    134144,         0,         0,   0.793,exact_mw,70a969f5042aec17ac076c6379f4170fb7c69b8e925756ef3b7334e28a33338b,"{""distance"":5,""physical_error_rate"":0.0001}","{""detection_events"":12956,""detectors_checked"":30048256}"
    265216,         0,         0,    1.10,exact_mw,cb12ae119b9b2ba18d0216e7235b403229e92fd0743ede48fe7f1a2c6f45d594,"{""distance"":5,""physical_error_rate"":0.0005}","{""detection_events"":130938,""detectors_checked"":59408384}"
     98304,         0,         0,   0.793,exact_mw,cb12ae119b9b2ba18d0216e7235b403229e92fd0743ede48fe7f1a2c6f45d594,"{""distance"":5,""physical_error_rate"":0.0005}","{""detection_events"":48539,""detectors_checked"":22020096}"
    131072,         0,         0,   0.792,exact_mw,f32ebecd8e105e50ec838d33c5ed9b45444b6b44a3c6ac541111079f2b14e893,"{""distance"":5,""physical_error_rate"":5e-05}","{""detection_events"":6649,""detectors_checked"":29360128}"
    101376,         0,         0,   0.799,exact_mw,cb12ae119b9b2ba18d0216e7235b403229e92fd0743ede48fe7f1a2c6f45d594,"{""distance"":5,""physical_error_rate"":0.0005}","{""detection_events"":49932,""detectors_checked"":22708224}"
    133120,         0,         0,   0.792,exact_mw,f32ebecd8e105e50ec838d33c5ed9b45444b6b44a3c6ac541111079f2b14e893,"{""distance"":5,""physical_error_rate"":5e-05}","{""detection_events"":6646,""detectors_checked"":29818880}"
     68608,         0,         0,   0.795,exact_mw,f32ebecd8e105e50ec838d33c5ed9b45444b6b44a3c6ac541111079f2b14e893,"{""distance"":5,""physical_error_rate"":5e-05}","{""detection_events"":3564,""detectors_checked"":15368192}"
    185344,         0,         0,    1.11,exact_mw,70a969f5042aec17ac076c6379f4170fb7c69b8e925756ef3b7334e28a33338b,"{""distance"":5,""physical_error_rate"":0.0001}","{""detection_events"":18358,""detectors_checked"":41517056}"
    140288,         0,         0,    1.09,exact_mw,70a969f5042aec17ac076c6379f4170fb7c69b8e925756ef3b7334e28a33338b,"{""distance"":5,""physical_error_rate"":0.0001}","{""detection_events"":13468,""detectors_checked"":31424512}"
    150528,         0,         0,    1.11,exact_mw,f32ebecd8e105e50ec838d33c5ed9b45444b6b44a3c6ac541111079f2b14e893,"{""distance"":5,""physical_error_rate"":5e-05}","{""detection_events"":7446,""detectors_checked"":33718272}"
    180224,         0,         0,    1.11,exact_mw,70a969f5042aec17ac076c6379f4170fb7c69b8e925756ef3b7334e28a33338b,"{""distance"":5,""physical_error_rate"":0.0001}","{""detection_events"":17503,""detectors_checked"":40370176}"
    180224,         0,         0,    1.11,exact_mw,70a969f5042aec17ac076c6379f4170fb7c69b8e925756ef3b7334e28a33338b,"{""distance"":5,""physical_error_rate"":0.0001}","{""detection_events"":17554,""detectors_checked"":40370176}"
    164864,         0,         0,    1.10,exact_mw,cb12ae119b9b2ba18d0216e7235b403229e92fd0743ede48fe7f1a2c6f45d594,"{""distance"":5,""physical_error_rate"":0.0005}","{""detection_events"":81047,""detectors_checked"":36929536}"
    128000,         0,         0,    1.10,exact_mw,cb12ae119b9b2ba18d0216e7235b403229e92fd0743ede48fe7f1a2c6f45d594,"{""distance"":5,""physical_error_rate"":0.0005}","{""detection_events"":62590,""detectors_checked"":28672000}"
    164864,         0,         0,    1.12,exact_mw,f32ebecd8e105e50ec838d33c5ed9b45444b6b44a3c6ac541111079f2b14e893,"{""distance"":5,""physical_error_rate"":5e-05}","{""detection_events"":8211,""detectors_checked"":36929536}"
    140288,         0,         0,    1.12,exact_mw,cb12ae119b9b2ba18d0216e7235b403229e92fd0743ede48fe7f1a2c6f45d594,"{""distance"":5,""physical_error_rate"":0.0005}","{""detection_events"":69480,""detectors_checked"":31424512}"
    186368,         0,         0,    1.11,exact_mw,f32ebecd8e105e50ec838d33c5ed9b45444b6b44a3c6ac541111079f2b14e893,"{""distance"":5,""physical_error_rate"":5e-05}","{""detection_events"":9432,""detectors_checked"":41746432}"
    168960,         0,         0,    1.09,exact_mw,f32ebecd8e105e50ec838d33c5ed9b45444b6b44a3c6ac541111079f2b14e893,"{""distance"":5,""physical_error_rate"":5e-05}","{""detection_events"":8111,""detectors_checked"":37847040}"
    312320,         1,         0,    1.55,exact_mw,cb12ae119b9b2ba18d0216e7235b403229e92fd0743ede48fe7f1a2c6f45d594,"{""distance"":5,""physical_error_rate"":0.0005}","{""detection_events"":154614,""detectors_checked"":69959680,""obs_mistake_mask=E"":1}"
    982494,         0,         0,    6.71,exact_mw,f32ebecd8e105e50ec838d33c5ed9b45444b6b44a3c6ac541111079f2b14e893,"{""distance"":5,""physical_error_rate"":5e-05}","{""detection_events"":48595,""detectors_checked"":220078656}"
   8814592,         0,         0,    44.9,exact_mw,f32ebecd8e105e50ec838d33c5ed9b45444b6b44a3c6ac541111079f2b14e893,"{""distance"":5,""physical_error_rate"":5e-05}","{""detection_events"":434540,""detectors_checked"":1974468608}"
   6831104,         0,         0,    45.6,exact_mw,f32ebecd8e105e50ec838d33c5ed9b45444b6b44a3c6ac541111079f2b14e893,"{""distance"":5,""physical_error_rate"":5e-05}","{""detection_events"":336801,""detectors_checked"":1530167296}"
    263168,         0,         0,    1.55,exact_mw,70a969f5042aec17ac076c6379f4170fb7c69b8e925756ef3b7334e28a33338b,"{""distance"":5,""physical_error_rate"":0.0001}","{""detection_events"":26460,""detectors_checked"":58949632}"
    348160,         0,         0,    1.55,exact_mw,70a969f5042aec17ac076c6379f4170fb7c69b8e925756ef3b7334e28a33338b,"{""distance"":5,""physical_error_rate"":0.0001}","{""detection_events"":34505,""detectors_checked"":77987840}"
    264192,         0,         0,    1.55,exact_mw,f32ebecd8e105e50ec838d33c5ed9b45444b6b44a3c6ac541111079f2b14e893,"{""distance"":5,""physical_error_rate"":5e-05}","{""detection_events"":13372,""detectors_checked"":59179008}"
    261120,         0,         0,    1.55,exact_mw,70a969f5042aec17ac076c6379f4170fb7c69b8e925756ef3b7334e28a33338b,"{""distance"":5,""physical_error_rate"":0.0001}","{""detection_events"":25628,""detectors_checked"":58490880}"
    189440,         0,         0,    1.55,exact_mw,cb12ae119b9b2ba18d0216e7235b403229e92fd0743ede48fe7f1a2c6f45d594,"{""distance"":5,""physical_error_rate"":0.0005}","{""detection_events"":92497,""detectors_checked"":42434560}"
    268288,         0,         0,    1.56,exact_mw,70a969f5042aec17ac076c6379f4170fb7c69b8e925756ef3b7334e28a33338b,"{""distance"":5,""physical_error_rate"":0.0001}","{""detection_events"":26913,""detectors_checked"":60096512}"
    194560,         0,         0,    1.55,exact_mw,cb12ae119b9b2ba18d0216e7235b403229e92fd0743ede48fe7f1a2c6f45d594,"{""distance"":5,""physical_error_rate"":0.0005}","{""detection_events"":95456,""detectors_checked"":43581440}"
    256000,         0,         0,    1.55,exact_mw,f32ebecd8e105e50ec838d33c5ed9b45444b6b44a3c6ac541111079f2b14e893,"{""distance"":5,""physical_error_rate"":5e-05}","{""detection_events"":12582,""detectors_checked"":57344000}"
    205824,         0,         0,    1.55,exact_mw,cb12ae119b9b2ba18d0216e7235b403229e92fd0743ede48fe7f1a2c6f45d594,"{""distance"":5,""physical_error_rate"":0.0005}","{""detection_events"":101901,""detectors_checked"":46104576}"
    261120,         0,         0,    1.55,exact_mw,f32ebecd8e105e50ec838d33c5ed9b45444b6b44a3c6ac541111079f2b14e893,"{""distance"":5,""physical_error_rate"":5e-05}","{""detection_events"":12883,""detectors_checked"":58490880}"
    196608,         0,         0,    1.52,exact_mw,f32ebecd8e105e50ec838d33c5ed9b45444b6b44a3c6ac541111079f2b14e893,"{""distance"":5,""physical_error_rate"":5e-05}","{""detection_events"":9373,""detectors_checked"":44040192}"
    547840,         0,         0,    2.16,exact_mw,cb12ae119b9b2ba18d0216e7235b403229e92fd0743ede48fe7f1a2c6f45d594,"{""distance"":5,""physical_error_rate"":0.0005}","{""detection_events"":270282,""detectors_checked"":122716160}"
    254976,         0,         0,    2.17,exact_mw,70a969f5042aec17ac076c6379f4170fb7c69b8e925756ef3b7334e28a33338b,"{""distance"":5,""physical_error_rate"":0.0001}","{""detection_events"":24924,""detectors_checked"":57114624}"
    629760,         0,         0,    2.17,exact_mw,70a969f5042aec17ac076c6379f4170fb7c69b8e925756ef3b7334e28a33338b,"{""distance"":5,""physical_error_rate"":0.0001}","{""detection_events"":61709,""detectors_checked"":141066240}"
    369664,         0,         0,    2.18,exact_mw,f32ebecd8e105e50ec838d33c5ed9b45444b6b44a3c6ac541111079f2b14e893,"{""distance"":5,""physical_error_rate"":5e-05}","{""detection_events"":18655,""detectors_checked"":82804736}"
    346112,         0,         0,    2.18,exact_mw,70a969f5042aec17ac076c6379f4170fb7c69b8e925756ef3b7334e28a33338b,"{""distance"":5,""physical_error_rate"":0.0001}","{""detection_events"":33982,""detectors_checked"":77529088}"
    372736,         0,         0,    2.17,exact_mw,70a969f5042aec17ac076c6379f4170fb7c69b8e925756ef3b7334e28a33338b,"{""distance"":5,""physical_error_rate"":0.0001}","{""detection_events"":36692,""detectors_checked"":83492864}"
    257024,         0,         0,    2.17,exact_mw,cb12ae119b9b2ba18d0216e7235b403229e92fd0743ede48fe7f1a2c6f45d594,"{""distance"":5,""physical_error_rate"":0.0005}","{""detection_events"":125910,""detectors_checked"":57573376}"
    245760,         0,         0,    2.20,exact_mw,cb12ae119b9b2ba18d0216e7235b403229e92fd0743ede48fe7f1a2c6f45d594,"{""distance"":5,""physical_error_rate"":0.0005}","{""detection_events"":120345,""detectors_checked"":55050240}"
    611328,         0,         0,    2.14,exact_mw,f32ebecd8e105e50ec838d33c5ed9b45444b6b44a3c6ac541111079f2b14e893,"{""distance"":5,""physical_error_rate"":5e-05}","{""detection_events"":30258,""detectors_checked"":136937472}"
    142336,         0,         0,    2.16,exact_mw,cb12ae119b9b2ba18d0216e7235b403229e92fd0743ede48fe7f1a2c6f45d594,"{""distance"":5,""physical_error_rate"":0.0005}","{""detection_events"":69693,""detectors_checked"":31883264}"
    328704,         0,         0,    2.15,exact_mw,f32ebecd8e105e50ec838d33c5ed9b45444b6b44a3c6ac541111079f2b14e893,"{""distance"":5,""physical_error_rate"":5e-05}","{""detection_events"":16163,""detectors_checked"":73629696}"
    181248,         0,         0,    2.14,exact_mw,f32ebecd8e105e50ec838d33c5ed9b45444b6b44a3c6ac541111079f2b14e893,"{""distance"":5,""physical_error_rate"":5e-05}","{""detection_events"":9142,""detectors_checked"":40599552}"
   4410516,         0,         0,    13.8,exact_mw,f32ebecd8e105e50ec838d33c5ed9b45444b6b44a3c6ac541111079f2b14e893,"{""distance"":5,""physical_error_rate"":5e-05}","{""detection_events"":216955,""detectors_checked"":987955584}"
   5572608,         0,         0,    39.1,exact_mw,f32ebecd8e105e50ec838d33c5ed9b45444b6b44a3c6ac541111079f2b14e893,"{""distance"":5,""physical_error_rate"":5e-05}","{""detection_events"":274950,""detectors_checked"":1248264192}"
   4453376,         0,         0,    27.6,exact_mw,f32ebecd8e105e50ec838d33c5ed9b45444b6b44a3c6ac541111079f2b14e893,"{""distance"":5,""physical_error_rate"":5e-05}","{""detection_events"":219364,""detectors_checked"":997556224}"
    720896,         0,         0,    3.03,exact_mw,cb12ae119b9b2ba18d0216e7235b403229e92fd0743ede48fe7f1a2c6f45d594,"{""distance"":5,""physical_error_rate"":0.0005}","{""detection_events"":354330,""detectors_checked"":161480704}"
    596992,         0,         0,    3.04,exact_mw,70a969f5042aec17ac076c6379f4170fb7c69b8e925756ef3b7334e28a33338b,"{""distance"":5,""physical_error_rate"":0.0001}","{""detection_events"":58213,""detectors_checked"":133726208}"
    560128,         0,         0,    3.02,exact_mw,70a969f5042aec17ac076c6379f4170fb7c69b8e925756ef3b7334e28a33338b,"{""distance"":5,""physical_error_rate"":0.0001}","{""detection_events"":54502,""detectors_checked"":125468672}"
    512000,         0,         0,    3.04,exact_mw,f32ebecd8e105e50ec838d33c5ed9b45444b6b44a3c6ac541111079f2b14e893,"{""distance"":5,""physical_error_rate"":5e-05}","{""detection_events"":25430,""detectors_checked"":114688000}"
    375808,         0,         0,    3.04,exact_mw,cb12ae119b9b2ba18d0216e7235b403229e92fd0743ede48fe7f1a2c6f45d594,"{""distance"":5,""physical_error_rate"":0.0005}","{""detection_events"":184105,""detectors_checked"":84180992}"
    494592,         0,         0,    3.02,exact_mw,70a969f5042aec17ac076c6379f4170fb7c69b8e925756ef3b7334e28a33338b,"{""distance"":5,""physical_error_rate"":0.0001}","{""detection_events"":48746,""detectors_checked"":110788608}"
    513024,         0,         0,    3.04,exact_mw,70a969f5042aec17ac076c6379f4170fb7c69b8e925756ef3b7334e28a33338b,"{""distance"":5,""physical_error_rate"":0.0001}","{""detection_events"":50661,""detectors_checked"":114917376}"
    351232,         0,         0,    3.04,exact_mw,cb12ae119b9b2ba18d0216e7235b403229e92fd0743ede48fe7f1a2c6f45d594,"{""distance"":5,""physical_error_rate"":0.0005}","{""detection_events"":173863,""detectors_checked"":78675968}"
    453632,         0,         0,    3.04,exact_mw,f32ebecd8e105e50ec838d33c5ed9b45444b6b44a3c6ac541111079f2b14e893,"{""distance"":5,""physical_error_rate"":5e-05}","{""detection_events"":22533,""detectors_checked"":101613568}"
    335872,         0,         0,    3.04,exact_mw,cb12ae119b9b2ba18d0216e7235b403229e92fd0743ede48fe7f1a2c6f45d594,"{""distance"":5,""physical_error_rate"":0.0005}","{""detection_events"":164613,""detectors_checked"":75235328}"
    390144,         0,         0,    3.05,exact_mw,f32ebecd8e105e50ec838d33c5ed9b45444b6b44a3c6ac541111079f2b14e893,"{""distance"":5,""physical_error_rate"":5e-05}","{""detection_events"":19487,""detectors_checked"":87392256}"
    490496,         0,         0,    3.02,exact_mw,f32ebecd8e105e50ec838d33c5ed9b45444b6b44a3c6ac541111079f2b14e893,"{""distance"":5,""physical_error_rate"":5e-05}","{""detection_events"":24164,""detectors_checked"":109871104}"
  10441979,         0,         0,    86.5,exact_mw,70a969f5042aec17ac076c6379f4170fb7c69b8e925756ef3b7334e28a33338b,"{""distance"":5,""physical_error_rate"":0.0001}","{""detection_events"":1028589,""detectors_checked"":2339003296}"
   4251387,         0,         0,    21.3,exact_mw,f32ebecd8e105e50ec838d33c5ed9b45444b6b44a3c6ac541111079f2b14e893,"{""distance"":5,""physical_error_rate"":5e-05}","{""detection_events"":209434,""detectors_checked"":952310688}"
   1053696,         1,         0,    4.24,exact_mw,cb12ae119b9b2ba18d0216e7235b403229e92fd0743ede48fe7f1a2c6f45d594,"{""distance"":5,""physical_error_rate"":0.0005}","{""detection_events"":520006,""detectors_checked"":236027904,""obs_mistake_mask=E"":1}"
    542720,         0,         0,    4.23,exact_mw,70a969f5042aec17ac076c6379f4170fb7c69b8e925756ef3b7334e28a33338b,"{""distance"":5,""physical_error_rate"":0.0001}","{""detection_events"":53815,""detectors_checked"":121569280}"
    709632,         0,         0,    4.25,exact_mw,70a969f5042aec17ac076c6379f4170fb7c69b8e925756ef3b7334e28a33338b,"{""distance"":5,""physical_error_rate"":0.0001}","{""detection_events"":70106,""detectors_checked"":158957568}"
    691200,         0,         0,    4.23,exact_mw,f32ebecd8e105e50ec838d33c5ed9b45444b6b44a3c6ac541111079f2b14e893,"{""distance"":5,""physical_error_rate"":5e-05}","{""detection_events"":34356,""detectors_checked"":154828800}"
    715776,         0,         0,    4.22,exact_mw,70a969f5042aec17ac076c6379f4170fb7c69b8e925756ef3b7334e28a33338b,"{""distance"":5,""physical_error_rate"":0.0001}","{""detection_events"":70449,""detectors_checked"":160333824}"
    533504,         0,         0,    4.25,exact_mw,cb12ae119b9b2ba18d0216e7235b403229e92fd0743ede48fe7f1a2c6f45d594,"{""distance"":5,""physical_error_rate"":0.0005}","{""detection_events"":261786,""detectors_checked"":119504896}"
    698368,         0,         0,    4.25,exact_mw,70a969f5042aec17ac076c6379f4170fb7c69b8e925756ef3b7334e28a33338b,"{""distance"":5,""physical_error_rate"":0.0001}","{""detection_events"":68637,""detectors_checked"":156434432}"
    497664,         0,         0,    4.25,exact_mw,cb12ae119b9b2ba18d0216e7235b403229e92fd0743ede48fe7f1a2c6f45d594,"{""distance"":5,""physical_error_rate"":0.0005}","{""detection_events"":245402,""detectors_checked"":111476736}"
    693248,         0,         0,    4.26,exact_mw,f32ebecd8e105e50ec838d33c5ed9b45444b6b44a3c6ac541111079f2b14e893,"{""distance"":5,""physical_error_rate"":5e-05}","{""detection_events"":34286,""detectors_checked"":155287552}"
    491520,         0,         0,    4.24,exact_mw,cb12ae119b9b2ba18d0216e7235b403229e92fd0743ede48fe7f1a2c6f45d594,"{""distance"":5,""physical_error_rate"":0.0005}","{""detection_events"":243181,""detectors_checked"":110100480}"
    475136,         0,         0,    4.23,exact_mw,f32ebecd8e105e50ec838d33c5ed9b45444b6b44a3c6ac541111079f2b14e893,"{""distance"":5,""physical_error_rate"":5e-05}","{""detection_events"":23473,""detectors_checked"":106430464}"
    666624,         0,         0,    4.22,exact_mw,f32ebecd8e105e50ec838d33c5ed9b45444b6b44a3c6ac541111079f2b14e893,"{""distance"":5,""physical_error_rate"":5e-05}","{""detection_events"":33415,""detectors_checked"":149323776}"
   3243660,         0,         0,    20.9,exact_mw,f32ebecd8e105e50ec838d33c5ed9b45444b6b44a3c6ac541111079f2b14e893,"{""distance"":5,""physical_error_rate"":5e-05}","{""detection_events"":159652,""detectors_checked"":726579840}"
   3212288,         0,         0,    20.7,exact_mw,f32ebecd8e105e50ec838d33c5ed9b45444b6b44a3c6ac541111079f2b14e893,"{""distance"":5,""physical_error_rate"":5e-05}","{""detection_events"":158489,""detectors_checked"":719552512}"
   3078144,         0,         0,    18.7,exact_mw,f32ebecd8e105e50ec838d33c5ed9b45444b6b44a3c6ac541111079f2b14e893,"{""distance"":5,""physical_error_rate"":5e-05}","{""detection_events"":153136,""detectors_checked"":689504256}"
   3080192,         0,         0,    18.6,exact_mw,f32ebecd8e105e50ec838d33c5ed9b45444b6b44a3c6ac541111079f2b14e893,"{""distance"":5,""physical_error_rate"":5e-05}","{""detection_events"":152237,""detectors_checked"":689963008}"
   2902016,         0,         0,    18.7,exact_mw,f32ebecd8e105e50ec838d33c5ed9b45444b6b44a3c6ac541111079f2b14e893,"{""distance"":5,""physical_error_rate"":5e-05}","{""detection_events"":142945,""detectors_checked"":650051584}"
   2883043,         0,         0,    12.4,exact_mw,f32ebecd8e105e50ec838d33c5ed9b45444b6b44a3c6ac541111079f2b14e893,"{""distance"":5,""physical_error_rate"":5e-05}","{""detection_events"":142695,""detectors_checked"":645801632}"
   2100224,         0,         0,    12.4,exact_mw,f32ebecd8e105e50ec838d33c5ed9b45444b6b44a3c6ac541111079f2b14e893,"{""distance"":5,""physical_error_rate"":5e-05}","{""detection_events"":103201,""detectors_checked"":470450176}"
   1993728,         0,         0,    12.4,exact_mw,f32ebecd8e105e50ec838d33c5ed9b45444b6b44a3c6ac541111079f2b14e893,"{""distance"":5,""physical_error_rate"":5e-05}","{""detection_events"":98175,""detectors_checked"":446595072}"
   2733056,         0,         0,    8.40,exact_mw,f32ebecd8e105e50ec838d33c5ed9b45444b6b44a3c6ac541111079f2b14e893,"{""distance"":5,""physical_error_rate"":5e-05}","{""detection_events"":135569,""detectors_checked"":612204544}"
   1262592,         0,         0,    5.94,exact_mw,cb12ae119b9b2ba18d0216e7235b403229e92fd0743ede48fe7f1a2c6f45d594,"{""distance"":5,""physical_error_rate"":0.0005}","{""detection_events"":623037,""detectors_checked"":282820608}"
    982016,         0,         0,    5.95,exact_mw,70a969f5042aec17ac076c6379f4170fb7c69b8e925756ef3b7334e28a33338b,"{""distance"":5,""physical_error_rate"":0.0001}","{""detection_events"":97069,""detectors_checked"":219971584}"
   1935813,         0,         0,    12.1,exact_mw,f32ebecd8e105e50ec838d33c5ed9b45444b6b44a3c6ac541111079f2b14e893,"{""distance"":5,""physical_error_rate"":5e-05}","{""detection_events"":95090,""detectors_checked"":433622112}"
   1422336,         0,         0,    8.00,exact_mw,f32ebecd8e105e50ec838d33c5ed9b45444b6b44a3c6ac541111079f2b14e893,"{""distance"":5,""physical_error_rate"":5e-05}","{""detection_events"":69894,""detectors_checked"":318603264}"
   1687552,         0,         0,    12.1,exact_mw,f32ebecd8e105e50ec838d33c5ed9b45444b6b44a3c6ac541111079f2b14e893,"{""distance"":5,""physical_error_rate"":5e-05}","{""detection_events"":83627,""detectors_checked"":378011648}"
    969728,         0,         0,    5.94,exact_mw,70a969f5042aec17ac076c6379f4170fb7c69b8e925756ef3b7334e28a33338b,"{""distance"":5,""physical_error_rate"":0.0001}","{""detection_events"":96703,""detectors_checked"":217219072}"
   1084416,         0,         0,    5.93,exact_mw,f32ebecd8e105e50ec838d33c5ed9b45444b6b44a3c6ac541111079f2b14e893,"{""distance"":5,""physical_error_rate"":5e-05}","{""detection_events"":53173,""detectors_checked"":242909184}"
    987136,         0,         0,    5.93,exact_mw,70a969f5042aec17ac076c6379f4170fb7c69b8e925756ef3b7334e28a33338b,"{""distance"":5,""physical_error_rate"":0.0001}","{""detection_events"":96982,""detectors_checked"":221118464}"
    731136,         1,         0,    5.96,exact_mw,cb12ae119b9b2ba18d0216e7235b403229e92fd0743ede48fe7f1a2c6f45d594,"{""distance"":5,""physical_error_rate"":0.0005}","{""detection_events"":361807,""detectors_checked"":163774464,""obs_mistake_mask=E"":1}"
    881664,         0,         0,    5.92,exact_mw,70a969f5042aec17ac076c6379f4170fb7c69b8e925756ef3b7334e28a33338b,"{""distance"":5,""physical_error_rate"":0.0001}","{""detection_events"":86646,""detectors_checked"":197492736}"
   1097217,         0,         0,    3.90,exact_mw,f32ebecd8e105e50ec838d33c5ed9b45444b6b44a3c6ac541111079f2b14e893,"{""distance"":5,""physical_error_rate"":5e-05}","{""detection_events"":54333,""detectors_checked"":245776608}"
   1222656,         0,         0,    5.80,exact_mw,f32ebecd8e105e50ec838d33c5ed9b45444b6b44a3c6ac541111079f2b14e893,"{""distance"":5,""physical_error_rate"":5e-05}","{""detection_events"":60072,""detectors_checked"":273874944}"
    833536,         0,         0,    5.94,exact_mw,cb12ae119b9b2ba18d0216e7235b403229e92fd0743ede48fe7f1a2c6f45d594,"{""distance"":5,""physical_error_rate"":0.0005}","{""detection_events"":411604,""detectors_checked"":186712064}"
    681984,         0,         0,    5.96,exact_mw,cb12ae119b9b2ba18d0216e7235b403229e92fd0743ede48fe7f1a2c6f45d594,"{""distance"":5,""physical_error_rate"":0.0005}","{""detection_events"":335724,""detectors_checked"":152764416}"
    788480,         0,         0,    5.90,exact_mw,f32ebecd8e105e50ec838d33c5ed9b45444b6b44a3c6ac541111079f2b14e893,"{""distance"":5,""physical_error_rate"":5e-05}","{""detection_events"":39086,""detectors_checked"":176619520}"
    900096,         0,         0,    5.91,exact_mw,f32ebecd8e105e50ec838d33c5ed9b45444b6b44a3c6ac541111079f2b14e893,"{""distance"":5,""physical_error_rate"":5e-05}","{""detection_events"":44484,""detectors_checked"":201621504}"
   9321831,         0,         0,    62.2,exact_mw,70a969f5042aec17ac076c6379f4170fb7c69b8e925756ef3b7334e28a33338b,"{""distance"":5,""physical_error_rate"":0.0001}","{""detection_events"":920748,""detectors_checked"":2088090144}"
    877600,         0,         0,    5.41,exact_mw,f32ebecd8e105e50ec838d33c5ed9b45444b6b44a3c6ac541111079f2b14e893,"{""distance"":5,""physical_error_rate"":5e-05}","{""detection_events"":43651,""detectors_checked"":196582400}"
    886784,         0,         0,    5.37,exact_mw,f32ebecd8e105e50ec838d33c5ed9b45444b6b44a3c6ac541111079f2b14e893,"{""distance"":5,""physical_error_rate"":5e-05}","{""detection_events"":44028,""detectors_checked"":198639616}"
    823296,         0,         0,    4.99,exact_mw,f32ebecd8e105e50ec838d33c5ed9b45444b6b44a3c6ac541111079f2b14e893,"{""distance"":5,""physical_error_rate"":5e-05}","{""detection_events"":40971,""detectors_checked"":184418304}"
    821248,         0,         0,    4.97,exact_mw,f32ebecd8e105e50ec838d33c5ed9b45444b6b44a3c6ac541111079f2b14e893,"{""distance"":5,""physical_error_rate"":5e-05}","{""detection_events"":40252,""detectors_checked"":183959552}"
    862208,         0,         0,    5.43,exact_mw,f32ebecd8e105e50ec838d33c5ed9b45444b6b44a3c6ac541111079f2b14e893,"{""distance"":5,""physical_error_rate"":5e-05}","{""detection_events"":42589,""detectors_checked"":193134592}"
    826368,         0,         0,    5.42,exact_mw,f32ebecd8e105e50ec838d33c5ed9b45444b6b44a3c6ac541111079f2b14e893,"{""distance"":5,""physical_error_rate"":5e-05}","{""detection_events"":41534,""detectors_checked"":185106432}"
    820614,         0,         0,    5.01,exact_mw,f32ebecd8e105e50ec838d33c5ed9b45444b6b44a3c6ac541111079f2b14e893,"{""distance"":5,""physical_error_rate"":5e-05}","{""detection_events"":40197,""detectors_checked"":183817536}"
    723968,         0,         0,    5.45,exact_mw,f32ebecd8e105e50ec838d33c5ed9b45444b6b44a3c6ac541111079f2b14e893,"{""distance"":5,""physical_error_rate"":5e-05}","{""detection_events"":35847,""detectors_checked"":162168832}"
    505582,         0,         0,    1.82,exact_mw,f32ebecd8e105e50ec838d33c5ed9b45444b6b44a3c6ac541111079f2b14e893,"{""distance"":5,""physical_error_rate"":5e-05}","{""detection_events"":24752,""detectors_checked"":113250368}"
    428735,         0,         0,    2.16,exact_mw,f32ebecd8e105e50ec838d33c5ed9b45444b6b44a3c6ac541111079f2b14e893,"{""distance"":5,""physical_error_rate"":5e-05}","{""detection_events"":21071,""detectors_checked"":96036640}"
    401939,         0,         0,    2.37,exact_mw,f32ebecd8e105e50ec838d33c5ed9b45444b6b44a3c6ac541111079f2b14e893,"{""distance"":5,""physical_error_rate"":5e-05}","{""detection_events"":19619,""detectors_checked"":90034336}"
    401939,         0,         0,    2.37,exact_mw,f32ebecd8e105e50ec838d33c5ed9b45444b6b44a3c6ac541111079f2b14e893,"{""distance"":5,""physical_error_rate"":5e-05}","{""detection_events"":19899,""detectors_checked"":90034336}"
    352256,         0,         0,    2.15,exact_mw,f32ebecd8e105e50ec838d33c5ed9b45444b6b44a3c6ac541111079f2b14e893,"{""distance"":5,""physical_error_rate"":5e-05}","{""detection_events"":17079,""detectors_checked"":78905344}"
    351697,         0,         0,    2.56,exact_mw,f32ebecd8e105e50ec838d33c5ed9b45444b6b44a3c6ac541111079f2b14e893,"{""distance"":5,""physical_error_rate"":5e-05}","{""detection_events"":17295,""detectors_checked"":78780128}"
    351697,         0,         0,    2.08,exact_mw,f32ebecd8e105e50ec838d33c5ed9b45444b6b44a3c6ac541111079f2b14e893,"{""distance"":5,""physical_error_rate"":5e-05}","{""detection_events"":17511,""detectors_checked"":78780128}"
    343040,         0,         0,    2.06,exact_mw,f32ebecd8e105e50ec838d33c5ed9b45444b6b44a3c6ac541111079f2b14e893,"{""distance"":5,""physical_error_rate"":5e-05}","{""detection_events"":17121,""detectors_checked"":76840960}"
  16525647,         7,         0,    68.4,exact_mw,cb12ae119b9b2ba18d0216e7235b403229e92fd0743ede48fe7f1a2c6f45d594,"{""distance"":5,""physical_error_rate"":0.0005}","{""detection_events"":8126855,""detectors_checked"":3701744928,""obs_mistake_mask=E"":7}"
    285719,         0,         0,    1.66,exact_mw,f32ebecd8e105e50ec838d33c5ed9b45444b6b44a3c6ac541111079f2b14e893,"{""distance"":5,""physical_error_rate"":5e-05}","{""detection_events"":13973,""detectors_checked"":64001056}"
    280576,         0,         0,    1.67,exact_mw,f32ebecd8e105e50ec838d33c5ed9b45444b6b44a3c6ac541111079f2b14e893,"{""distance"":5,""physical_error_rate"":5e-05}","{""detection_events"":13551,""detectors_checked"":62849024}"
    280576,         0,         0,    1.64,exact_mw,f32ebecd8e105e50ec838d33c5ed9b45444b6b44a3c6ac541111079f2b14e893,"{""distance"":5,""physical_error_rate"":5e-05}","{""detection_events"":13924,""detectors_checked"":62849024}"
    280576,         0,         0,    1.67,exact_mw,f32ebecd8e105e50ec838d33c5ed9b45444b6b44a3c6ac541111079f2b14e893,"{""distance"":5,""physical_error_rate"":5e-05}","{""detection_events"":13710,""detectors_checked"":62849024}"
    279552,         0,         0,    1.65,exact_mw,f32ebecd8e105e50ec838d33c5ed9b45444b6b44a3c6ac541111079f2b14e893,"{""distance"":5,""physical_error_rate"":5e-05}","{""detection_events"":13927,""detectors_checked"":62619648}"
    248832,         0,         0,    1.62,exact_mw,f32ebecd8e105e50ec838d33c5ed9b45444b6b44a3c6ac541111079f2b14e893,"{""distance"":5,""physical_error_rate"":5e-05}","{""detection_events"":12582,""detectors_checked"":55738368}"
     27124,         0,         0,   0.159,exact_mw,f32ebecd8e105e50ec838d33c5ed9b45444b6b44a3c6ac541111079f2b14e893,"{""distance"":5,""physical_error_rate"":5e-05}","{""detection_events"":1363,""detectors_checked"":6075776}"
     28148,         0,         0,   0.161,exact_mw,f32ebecd8e105e50ec838d33c5ed9b45444b6b44a3c6ac541111079f2b14e893,"{""distance"":5,""physical_error_rate"":5e-05}","{""detection_events"":1417,""detectors_checked"":6305152}"
    245760,         0,         0,    1.09,exact_mw,f32ebecd8e105e50ec838d33c5ed9b45444b6b44a3c6ac541111079f2b14e893,"{""distance"":5,""physical_error_rate"":5e-05}","{""detection_events"":11990,""detectors_checked"":55050240}"
    241664,         0,         0,    1.78,exact_mw,f32ebecd8e105e50ec838d33c5ed9b45444b6b44a3c6ac541111079f2b14e893,"{""distance"":5,""physical_error_rate"":5e-05}","{""detection_events"":11876,""detectors_checked"":54132736}"
    243712,         0,         0,    1.86,exact_mw,f32ebecd8e105e50ec838d33c5ed9b45444b6b44a3c6ac541111079f2b14e893,"{""distance"":5,""physical_error_rate"":5e-05}","{""detection_events"":11992,""detectors_checked"":54591488}"
  14718646,         8,         0,   111.6,exact_mw,cb12ae119b9b2ba18d0216e7235b403229e92fd0743ede48fe7f1a2c6f45d594,"{""distance"":5,""physical_error_rate"":0.0005}","{""detection_events"":7238793,""detectors_checked"":3296976704,""obs_mistake_mask=E"":8}"
  13973504,        12,         0,   105.0,exact_mw,cb12ae119b9b2ba18d0216e7235b403229e92fd0743ede48fe7f1a2c6f45d594,"{""distance"":5,""physical_error_rate"":0.0005}","{""detection_events"":6876528,""detectors_checked"":3130064896,""obs_mistake_mask=E"":12}"
    159094,         0,         0,   0.926,exact_mw,f32ebecd8e105e50ec838d33c5ed9b45444b6b44a3c6ac541111079f2b14e893,"{""distance"":5,""physical_error_rate"":5e-05}","{""detection_events"":7958,""detectors_checked"":35637056}"
    149504,         0,         0,   0.870,exact_mw,f32ebecd8e105e50ec838d33c5ed9b45444b6b44a3c6ac541111079f2b14e893,"{""distance"":5,""physical_error_rate"":5e-05}","{""detection_events"":7523,""detectors_checked"":33488896}"
    115712,         0,         0,   0.660,exact_mw,f32ebecd8e105e50ec838d33c5ed9b45444b6b44a3c6ac541111079f2b14e893,"{""distance"":5,""physical_error_rate"":5e-05}","{""detection_events"":5629,""detectors_checked"":25919488}"
    117760,         0,         0,   0.672,exact_mw,f32ebecd8e105e50ec838d33c5ed9b45444b6b44a3c6ac541111079f2b14e893,"{""distance"":5,""physical_error_rate"":5e-05}","{""detection_events"":6077,""detectors_checked"":26378240}"
    145408,         0,         0,   0.870,exact_mw,f32ebecd8e105e50ec838d33c5ed9b45444b6b44a3c6ac541111079f2b14e893,"{""distance"":5,""physical_error_rate"":5e-05}","{""detection_events"":7265,""detectors_checked"":32571392}"
    145408,         0,         0,   0.845,exact_mw,f32ebecd8e105e50ec838d33c5ed9b45444b6b44a3c6ac541111079f2b14e893,"{""distance"":5,""physical_error_rate"":5e-05}","{""detection_events"":7357,""detectors_checked"":32571392}"
     29211,         0,         0,   0.163,exact_mw,f32ebecd8e105e50ec838d33c5ed9b45444b6b44a3c6ac541111079f2b14e893,"{""distance"":5,""physical_error_rate"":5e-05}","{""detection_events"":1371,""detectors_checked"":6543264}"
     81920,         0,         0,   0.732,exact_mw,f32ebecd8e105e50ec838d33c5ed9b45444b6b44a3c6ac541111079f2b14e893,"{""distance"":5,""physical_error_rate"":5e-05}","{""detection_events"":3835,""detectors_checked"":18350080}"
     27337,         0,         0,   0.183,exact_mw,f32ebecd8e105e50ec838d33c5ed9b45444b6b44a3c6ac541111079f2b14e893,"{""distance"":5,""physical_error_rate"":5e-05}","{""detection_events"":1320,""detectors_checked"":6123488}"
     60416,         0,         0,   0.349,exact_mw,f32ebecd8e105e50ec838d33c5ed9b45444b6b44a3c6ac541111079f2b14e893,"{""distance"":5,""physical_error_rate"":5e-05}","{""detection_events"":3077,""detectors_checked"":13533184}"
     64512,         0,         0,   0.360,exact_mw,f32ebecd8e105e50ec838d33c5ed9b45444b6b44a3c6ac541111079f2b14e893,"{""distance"":5,""physical_error_rate"":5e-05}","{""detection_events"":3281,""detectors_checked"":14450688}"
     50929,         0,         0,   0.384,exact_mw,f32ebecd8e105e50ec838d33c5ed9b45444b6b44a3c6ac541111079f2b14e893,"{""distance"":5,""physical_error_rate"":5e-05}","{""detection_events"":2514,""detectors_checked"":11408096}"
     41984,         0,         0,   0.213,exact_mw,f32ebecd8e105e50ec838d33c5ed9b45444b6b44a3c6ac541111079f2b14e893,"{""distance"":5,""physical_error_rate"":5e-05}","{""detection_events"":2078,""detectors_checked"":9404416}"
     41984,         0,         0,   0.215,exact_mw,f32ebecd8e105e50ec838d33c5ed9b45444b6b44a3c6ac541111079f2b14e893,"{""distance"":5,""physical_error_rate"":5e-05}","{""detection_events"":2231,""detectors_checked"":9404416}"
     50176,         0,         0,   0.385,exact_mw,f32ebecd8e105e50ec838d33c5ed9b45444b6b44a3c6ac541111079f2b14e893,"{""distance"":5,""physical_error_rate"":5e-05}","{""detection_events"":2423,""detectors_checked"":11239424}"
       753,         0,         0,   0.002,exact_mw,f32ebecd8e105e50ec838d33c5ed9b45444b6b44a3c6ac541111079f2b14e893,"{""distance"":5,""physical_error_rate"":5e-05}","{""detection_events"":43,""detectors_checked"":168672}"
     34816,         0,         0,   0.232,exact_mw,f32ebecd8e105e50ec838d33c5ed9b45444b6b44a3c6ac541111079f2b14e893,"{""distance"":5,""physical_error_rate"":5e-05}","{""detection_events"":1760,""detectors_checked"":7798784}"
     31507,         0,         0,   0.173,exact_mw,f32ebecd8e105e50ec838d33c5ed9b45444b6b44a3c6ac541111079f2b14e893,"{""distance"":5,""physical_error_rate"":5e-05}","{""detection_events"":1605,""detectors_checked"":7057568}"
     27648,         0,         0,   0.143,exact_mw,f32ebecd8e105e50ec838d33c5ed9b45444b6b44a3c6ac541111079f2b14e893,"{""distance"":5,""physical_error_rate"":5e-05}","{""detection_events"":1326,""detectors_checked"":6193152}"
     31507,         0,         0,   0.172,exact_mw,f32ebecd8e105e50ec838d33c5ed9b45444b6b44a3c6ac541111079f2b14e893,"{""distance"":5,""physical_error_rate"":5e-05}","{""detection_events"":1535,""detectors_checked"":7057568}"
     28672,         0,         0,   0.155,exact_mw,f32ebecd8e105e50ec838d33c5ed9b45444b6b44a3c6ac541111079f2b14e893,"{""distance"":5,""physical_error_rate"":5e-05}","{""detection_events"":1498,""detectors_checked"":6422528}"
     27362,         0,         0,   0.096,exact_mw,f32ebecd8e105e50ec838d33c5ed9b45444b6b44a3c6ac541111079f2b14e893,"{""distance"":5,""physical_error_rate"":5e-05}","{""detection_events"":1324,""detectors_checked"":6129088}"
     27362,         0,         0,   0.184,exact_mw,f32ebecd8e105e50ec838d33c5ed9b45444b6b44a3c6ac541111079f2b14e893,"{""distance"":5,""physical_error_rate"":5e-05}","{""detection_events"":1322,""detectors_checked"":6129088}"
     27362,         0,         0,   0.126,exact_mw,f32ebecd8e105e50ec838d33c5ed9b45444b6b44a3c6ac541111079f2b14e893,"{""distance"":5,""physical_error_rate"":5e-05}","{""detection_events"":1442,""detectors_checked"":6129088}"
     22528,         0,         0,   0.089,exact_mw,f32ebecd8e105e50ec838d33c5ed9b45444b6b44a3c6ac541111079f2b14e893,"{""distance"":5,""physical_error_rate"":5e-05}","{""detection_events"":1117,""detectors_checked"":5046272}"
     26624,         0,         0,   0.143,exact_mw,f32ebecd8e105e50ec838d33c5ed9b45444b6b44a3c6ac541111079f2b14e893,"{""distance"":5,""physical_error_rate"":5e-05}","{""detection_events"":1211,""detectors_checked"":5963776}"
     25600,         0,         0,   0.128,exact_mw,f32ebecd8e105e50ec838d33c5ed9b45444b6b44a3c6ac541111079f2b14e893,"{""distance"":5,""physical_error_rate"":5e-05}","{""detection_events"":1243,""detectors_checked"":5734400}"
     24576,         0,         0,   0.138,exact_mw,f32ebecd8e105e50ec838d33c5ed9b45444b6b44a3c6ac541111079f2b14e893,"{""distance"":5,""physical_error_rate"":5e-05}","{""detection_events"":1198,""detectors_checked"":5505024}"
      9267,         0,         0,   0.042,exact_mw,f32ebecd8e105e50ec838d33c5ed9b45444b6b44a3c6ac541111079f2b14e893,"{""distance"":5,""physical_error_rate"":5e-05}","{""detection_events"":556,""detectors_checked"":2075808}"
     17408,         0,         0,   0.127,exact_mw,f32ebecd8e105e50ec838d33c5ed9b45444b6b44a3c6ac541111079f2b14e893,"{""distance"":5,""physical_error_rate"":5e-05}","{""detection_events"":809,""detectors_checked"":3899392}"
     25600,         0,         0,   0.194,exact_mw,f32ebecd8e105e50ec838d33c5ed9b45444b6b44a3c6ac541111079f2b14e893,"{""distance"":5,""physical_error_rate"":5e-05}","{""detection_events"":1277,""detectors_checked"":5734400}"
      4145,         0,         0,   0.013,exact_mw,f32ebecd8e105e50ec838d33c5ed9b45444b6b44a3c6ac541111079f2b14e893,"{""distance"":5,""physical_error_rate"":5e-05}","{""detection_events"":200,""detectors_checked"":928480}"
     14336,         0,         0,   0.105,exact_mw,f32ebecd8e105e50ec838d33c5ed9b45444b6b44a3c6ac541111079f2b14e893,"{""distance"":5,""physical_error_rate"":5e-05}","{""detection_events"":663,""detectors_checked"":3211264}"
     11264,         0,         0,   0.068,exact_mw,f32ebecd8e105e50ec838d33c5ed9b45444b6b44a3c6ac541111079f2b14e893,"{""distance"":5,""physical_error_rate"":5e-05}","{""detection_events"":625,""detectors_checked"":2523136}"
      1137,         0,         0,   0.004,exact_mw,f32ebecd8e105e50ec838d33c5ed9b45444b6b44a3c6ac541111079f2b14e893,"{""distance"":5,""physical_error_rate"":5e-05}","{""detection_events"":54,""detectors_checked"":254688}"
      5471,         0,         0,   0.016,exact_mw,f32ebecd8e105e50ec838d33c5ed9b45444b6b44a3c6ac541111079f2b14e893,"{""distance"":5,""physical_error_rate"":5e-05}","{""detection_events"":287,""detectors_checked"":1225504}"
      7008,         0,         0,   0.025,exact_mw,f32ebecd8e105e50ec838d33c5ed9b45444b6b44a3c6ac541111079f2b14e893,"{""distance"":5,""physical_error_rate"":5e-05}","{""detection_events"":327,""detectors_checked"":1569792}"
     10240,         0,         0,   0.045,exact_mw,f32ebecd8e105e50ec838d33c5ed9b45444b6b44a3c6ac541111079f2b14e893,"{""distance"":5,""physical_error_rate"":5e-05}","{""detection_events"":634,""detectors_checked"":2293760}"
      1762,         0,         0,   0.005,exact_mw,f32ebecd8e105e50ec838d33c5ed9b45444b6b44a3c6ac541111079f2b14e893,"{""distance"":5,""physical_error_rate"":5e-05}","{""detection_events"":89,""detectors_checked"":394688}"
      1506,         0,         0,   0.005,exact_mw,f32ebecd8e105e50ec838d33c5ed9b45444b6b44a3c6ac541111079f2b14e893,"{""distance"":5,""physical_error_rate"":5e-05}","{""detection_events"":45,""detectors_checked"":337344}"
      1762,         0,         0,   0.005,exact_mw,f32ebecd8e105e50ec838d33c5ed9b45444b6b44a3c6ac541111079f2b14e893,"{""distance"":5,""physical_error_rate"":5e-05}","{""detection_events"":66,""detectors_checked"":394688}"
      9216,         0,         0,   0.053,exact_mw,f32ebecd8e105e50ec838d33c5ed9b45444b6b44a3c6ac541111079f2b14e893,"{""distance"":5,""physical_error_rate"":5e-05}","{""detection_events"":342,""detectors_checked"":2064384}"
      2786,         0,         0,   0.008,exact_mw,f32ebecd8e105e50ec838d33c5ed9b45444b6b44a3c6ac541111079f2b14e893,"{""distance"":5,""physical_error_rate"":5e-05}","{""detection_events"":163,""detectors_checked"":624064}"
      2526,         0,         0,   0.008,exact_mw,f32ebecd8e105e50ec838d33c5ed9b45444b6b44a3c6ac541111079f2b14e893,"{""distance"":5,""physical_error_rate"":5e-05}","{""detection_events"":148,""detectors_checked"":565824}"
      3421,         0,         0,   0.010,exact_mw,f32ebecd8e105e50ec838d33c5ed9b45444b6b44a3c6ac541111079f2b14e893,"{""distance"":5,""physical_error_rate"":5e-05}","{""detection_events"":160,""detectors_checked"":766304}"
      1033,         0,         0,   0.003,exact_mw,f32ebecd8e105e50ec838d33c5ed9b45444b6b44a3c6ac541111079f2b14e893,"{""distance"":5,""physical_error_rate"":5e-05}","{""detection_events"":37,""detectors_checked"":231392}"
      4557,         0,         0,   0.014,exact_mw,f32ebecd8e105e50ec838d33c5ed9b45444b6b44a3c6ac541111079f2b14e893,"{""distance"":5,""physical_error_rate"":5e-05}","{""detection_events"":245,""detectors_checked"":1020768}"
      7168,         0,         0,   0.042,exact_mw,f32ebecd8e105e50ec838d33c5ed9b45444b6b44a3c6ac541111079f2b14e893,"{""distance"":5,""physical_error_rate"":5e-05}","{""detection_events"":364,""detectors_checked"":1605632}"
       484,         0,         0,   0.002,exact_mw,f32ebecd8e105e50ec838d33c5ed9b45444b6b44a3c6ac541111079f2b14e893,"{""distance"":5,""physical_error_rate"":5e-05}","{""detection_events"":16,""detectors_checked"":108416}"
      2853,         0,         0,   0.009,exact_mw,f32ebecd8e105e50ec838d33c5ed9b45444b6b44a3c6ac541111079f2b14e893,"{""distance"":5,""physical_error_rate"":5e-05}","{""detection_events"":147,""detectors_checked"":639072}"
      1318,         0,         0,   0.004,exact_mw,f32ebecd8e105e50ec838d33c5ed9b45444b6b44a3c6ac541111079f2b14e893,"{""distance"":5,""physical_error_rate"":5e-05}","{""detection_events"":86,""detectors_checked"":295232}"
       516,         0,         0,   0.002,exact_mw,f32ebecd8e105e50ec838d33c5ed9b45444b6b44a3c6ac541111079f2b14e893,"{""distance"":5,""physical_error_rate"":5e-05}","{""detection_events"":22,""detectors_checked"":115584}"
       294,         0,         0,   0.001,exact_mw,f32ebecd8e105e50ec838d33c5ed9b45444b6b44a3c6ac541111079f2b14e893,"{""distance"":5,""physical_error_rate"":5e-05}","{""detection_events"":19,""detectors_checked"":65856}"
      1683,         0,         0,   0.005,exact_mw,f32ebecd8e105e50ec838d33c5ed9b45444b6b44a3c6ac541111079f2b14e893,"{""distance"":5,""physical_error_rate"":5e-05}","{""detection_events"":92,""detectors_checked"":376992}"
        71,         0,         0,   0.000,exact_mw,f32ebecd8e105e50ec838d33c5ed9b45444b6b44a3c6ac541111079f2b14e893,"{""distance"":5,""physical_error_rate"":5e-05}","{""detection_events"":3,""detectors_checked"":15904}"
      2131,         0,         0,   0.007,exact_mw,f32ebecd8e105e50ec838d33c5ed9b45444b6b44a3c6ac541111079f2b14e893,"{""distance"":5,""physical_error_rate"":5e-05}","{""detection_events"":118,""detectors_checked"":477344}"
      2416,         0,         0,   0.008,exact_mw,f32ebecd8e105e50ec838d33c5ed9b45444b6b44a3c6ac541111079f2b14e893,"{""distance"":5,""physical_error_rate"":5e-05}","{""detection_events"":146,""detectors_checked"":541184}"
      2048,         0,         0,   0.006,exact_mw,f32ebecd8e105e50ec838d33c5ed9b45444b6b44a3c6ac541111079f2b14e893,"{""distance"":5,""physical_error_rate"":5e-05}","{""detection_events"":95,""detectors_checked"":458752}"
      2481,         0,         0,   0.008,exact_mw,f32ebecd8e105e50ec838d33c5ed9b45444b6b44a3c6ac541111079f2b14e893,"{""distance"":5,""physical_error_rate"":5e-05}","{""detection_events"":144,""detectors_checked"":555744}"
       350,         0,         0,   0.001,exact_mw,f32ebecd8e105e50ec838d33c5ed9b45444b6b44a3c6ac541111079f2b14e893,"{""distance"":5,""physical_error_rate"":5e-05}","{""detection_events"":8,""detectors_checked"":78400}"
      1683,         0,         0,   0.005,exact_mw,f32ebecd8e105e50ec838d33c5ed9b45444b6b44a3c6ac541111079f2b14e893,"{""distance"":5,""physical_error_rate"":5e-05}","{""detection_events"":92,""detectors_checked"":376992}"
       503,         0,         0,   0.002,exact_mw,f32ebecd8e105e50ec838d33c5ed9b45444b6b44a3c6ac541111079f2b14e893,"{""distance"":5,""physical_error_rate"":5e-05}","{""detection_events"":15,""detectors_checked"":112672}"
      2048,         0,         0,   0.013,exact_mw,f32ebecd8e105e50ec838d33c5ed9b45444b6b44a3c6ac541111079f2b14e893,"{""distance"":5,""physical_error_rate"":5e-05}","{""detection_events"":112,""detectors_checked"":458752}"
      1024,         0,         0,   0.003,exact_mw,f32ebecd8e105e50ec838d33c5ed9b45444b6b44a3c6ac541111079f2b14e893,"{""distance"":5,""physical_error_rate"":5e-05}","{""detection_events"":60,""detectors_checked"":229376}"
        82,         0,         0,   0.000,exact_mw,f32ebecd8e105e50ec838d33c5ed9b45444b6b44a3c6ac541111079f2b14e893,"{""distance"":5,""physical_error_rate"":5e-05}","{""detection_events"":6,""detectors_checked"":18368}"
       309,         0,         0,   0.001,exact_mw,f32ebecd8e105e50ec838d33c5ed9b45444b6b44a3c6ac541111079f2b14e893,"{""distance"":5,""physical_error_rate"":5e-05}","{""detection_events"":16,""detectors_checked"":69216}"
       820,         0,         0,   0.003,exact_mw,f32ebecd8e105e50ec838d33c5ed9b45444b6b44a3c6ac541111079f2b14e893,"{""distance"":5,""physical_error_rate"":5e-05}","{""detection_events"":51,""detectors_checked"":183680}"
        91,         0,         0,   0.000,exact_mw,f32ebecd8e105e50ec838d33c5ed9b45444b6b44a3c6ac541111079f2b14e893,"{""distance"":5,""physical_error_rate"":5e-05}","{""detection_events"":6,""detectors_checked"":20384}"
       309,         0,         0,   0.001,exact_mw,f32ebecd8e105e50ec838d33c5ed9b45444b6b44a3c6ac541111079f2b14e893,"{""distance"":5,""physical_error_rate"":5e-05}","{""detection_events"":11,""detectors_checked"":69216}"
       315,         0,         0,   0.001,exact_mw,f32ebecd8e105e50ec838d33c5ed9b45444b6b44a3c6ac541111079f2b14e893,"{""distance"":5,""physical_error_rate"":5e-05}","{""detection_events"":12,""detectors_checked"":70560}"
       368,         0,         0,   0.001,exact_mw,f32ebecd8e105e50ec838d33c5ed9b45444b6b44a3c6ac541111079f2b14e893,"{""distance"":5,""physical_error_rate"":5e-05}","{""detection_events"":9,""detectors_checked"":82432}"
       109,         0,         0,   0.000,exact_mw,f32ebecd8e105e50ec838d33c5ed9b45444b6b44a3c6ac541111079f2b14e893,"{""distance"":5,""physical_error_rate"":5e-05}","{""detection_events"":5,""detectors_checked"":24416}"
      1322,         0,         0,   0.004,exact_mw,f32ebecd8e105e50ec838d33c5ed9b45444b6b44a3c6ac541111079f2b14e893,"{""distance"":5,""physical_error_rate"":5e-05}","{""detection_events"":42,""detectors_checked"":296128}"
        83,         0,         0,   0.000,exact_mw,f32ebecd8e105e50ec838d33c5ed9b45444b6b44a3c6ac541111079f2b14e893,"{""distance"":5,""physical_error_rate"":5e-05}","{""detection_events"":3,""detectors_checked"":18592}"
       309,         0,         0,   0.001,exact_mw,f32ebecd8e105e50ec838d33c5ed9b45444b6b44a3c6ac541111079f2b14e893,"{""distance"":5,""physical_error_rate"":5e-05}","{""detection_events"":10,""detectors_checked"":69216}"
       124,         0,         0,   0.000,exact_mw,f32ebecd8e105e50ec838d33c5ed9b45444b6b44a3c6ac541111079f2b14e893,"{""distance"":5,""physical_error_rate"":5e-05}","{""detectors_checked"":27776}"
       309,         0,         0,   0.001,exact_mw,f32ebecd8e105e50ec838d33c5ed9b45444b6b44a3c6ac541111079f2b14e893,"{""distance"":5,""physical_error_rate"":5e-05}","{""detection_events"":17,""detectors_checked"":69216}"
        54,         0,         0,   0.000,exact_mw,f32ebecd8e105e50ec838d33c5ed9b45444b6b44a3c6ac541111079f2b14e893,"{""distance"":5,""physical_error_rate"":5e-05}","{""detectors_checked"":12096}"
         6,         0,         0,   0.000,exact_mw,f32ebecd8e105e50ec838d33c5ed9b45444b6b44a3c6ac541111079f2b14e893,"{""distance"":5,""physical_error_rate"":5e-05}","{""detectors_checked"":1344}"
       309,         0,         0,   0.001,exact_mw,f32ebecd8e105e50ec838d33c5ed9b45444b6b44a3c6ac541111079f2b14e893,"{""distance"":5,""physical_error_rate"":5e-05}","{""detection_events"":17,""detectors_checked"":69216}"
         6,         0,         0,   0.000,exact_mw,f32ebecd8e105e50ec838d33c5ed9b45444b6b44a3c6ac541111079f2b14e893,"{""distance"":5,""physical_error_rate"":5e-05}","{""detectors_checked"":1344}"
        77,         0,         0,   0.000,exact_mw,f32ebecd8e105e50ec838d33c5ed9b45444b6b44a3c6ac541111079f2b14e893,"{""distance"":5,""physical_error_rate"":5e-05}","{""detection_events"":7,""detectors_checked"":17248}"
         6,         0,         0,   0.000,exact_mw,f32ebecd8e105e50ec838d33c5ed9b45444b6b44a3c6ac541111079f2b14e893,"{""distance"":5,""physical_error_rate"":5e-05}","{""detectors_checked"":1344}"
         6,         0,         0,   0.000,exact_mw,f32ebecd8e105e50ec838d33c5ed9b45444b6b44a3c6ac541111079f2b14e893,"{""distance"":5,""physical_error_rate"":5e-05}","{""detectors_checked"":1344}"
         6,         0,         0,   0.000,exact_mw,f32ebecd8e105e50ec838d33c5ed9b45444b6b44a3c6ac541111079f2b14e893,"{""distance"":5,""physical_error_rate"":5e-05}","{""detectors_checked"":1344}"
         2,         0,         0,   0.000,exact_mw,f32ebecd8e105e50ec838d33c5ed9b45444b6b44a3c6ac541111079f2b14e893,"{""distance"":5,""physical_error_rate"":5e-05}","{""detectors_checked"":448}"
         1,         0,         0,   0.000,exact_mw,f32ebecd8e105e50ec838d33c5ed9b45444b6b44a3c6ac541111079f2b14e893,"{""distance"":5,""physical_error_rate"":5e-05}","{""detectors_checked"":224}"
         1,         0,         0,   0.000,exact_mw,f32ebecd8e105e50ec838d33c5ed9b45444b6b44a3c6ac541111079f2b14e893,"{""distance"":5,""physical_error_rate"":5e-05}","{""detectors_checked"":224}"
         1,         0,         0,   0.000,exact_mw,f32ebecd8e105e50ec838d33c5ed9b45444b6b44a3c6ac541111079f2b14e893,"{""distance"":5,""physical_error_rate"":5e-05}","{""detectors_checked"":224}"
   8296448,         0,         0,    54.0,exact_mw,70a969f5042aec17ac076c6379f4170fb7c69b8e925756ef3b7334e28a33338b,"{""distance"":5,""physical_error_rate"":0.0001}","{""detection_events"":817279,""detectors_checked"":1858404352}"
  13617152,         7,         0,   105.9,exact_mw,cb12ae119b9b2ba18d0216e7235b403229e92fd0743ede48fe7f1a2c6f45d594,"{""distance"":5,""physical_error_rate"":0.0005}","{""detection_events"":6699020,""detectors_checked"":3050242048,""obs_mistake_mask=E"":7}"
  12713984,         6,         0,    55.9,exact_mw,cb12ae119b9b2ba18d0216e7235b403229e92fd0743ede48fe7f1a2c6f45d594,"{""distance"":5,""physical_error_rate"":0.0005}","{""detection_events"":6260438,""detectors_checked"":2847932416,""obs_mistake_mask=E"":6}"
   7726080,         0,         0,    36.6,exact_mw,70a969f5042aec17ac076c6379f4170fb7c69b8e925756ef3b7334e28a33338b,"{""distance"":5,""physical_error_rate"":0.0001}","{""detection_events"":763075,""detectors_checked"":1730641920}"
   5537792,         0,         0,    39.0,exact_mw,70a969f5042aec17ac076c6379f4170fb7c69b8e925756ef3b7334e28a33338b,"{""distance"":5,""physical_error_rate"":0.0001}","{""detection_events"":544038,""detectors_checked"":1240465408}"
   8470528,         7,         0,    74.0,exact_mw,cb12ae119b9b2ba18d0216e7235b403229e92fd0743ede48fe7f1a2c6f45d594,"{""distance"":5,""physical_error_rate"":0.0005}","{""detection_events"":4170138,""detectors_checked"":1897398272,""obs_mistake_mask=E"":7}"
   8725504,         1,         0,    66.2,exact_mw,cb12ae119b9b2ba18d0216e7235b403229e92fd0743ede48fe7f1a2c6f45d594,"{""distance"":5,""physical_error_rate"":0.0005}","{""detection_events"":4298144,""detectors_checked"":1954512896,""obs_mistake_mask=E"":1}"
  12238848,         5,         0,   111.9,exact_mw,cb12ae119b9b2ba18d0216e7235b403229e92fd0743ede48fe7f1a2c6f45d594,"{""distance"":5,""physical_error_rate"":0.0005}","{""detection_events"":6014726,""detectors_checked"":2741501952,""obs_mistake_mask=E"":5}"
      3345,         0,         0,   0.011,exact_mw,70a969f5042aec17ac076c6379f4170fb7c69b8e925756ef3b7334e28a33338b,"{""distance"":5,""physical_error_rate"":0.0001}","{""detection_events"":348,""detectors_checked"":749280}"
      5120,         0,         0,   0.016,exact_mw,70a969f5042aec17ac076c6379f4170fb7c69b8e925756ef3b7334e28a33338b,"{""distance"":5,""physical_error_rate"":0.0001}","{""detection_events"":518,""detectors_checked"":1146880}"
      6144,         0,         0,   0.020,exact_mw,70a969f5042aec17ac076c6379f4170fb7c69b8e925756ef3b7334e28a33338b,"{""distance"":5,""physical_error_rate"":0.0001}","{""detection_events"":543,""detectors_checked"":1376256}"
      9216,         0,         0,   0.029,exact_mw,70a969f5042aec17ac076c6379f4170fb7c69b8e925756ef3b7334e28a33338b,"{""distance"":5,""physical_error_rate"":0.0001}","{""detection_events"":905,""detectors_checked"":2064384}"
     12288,         0,         0,   0.039,exact_mw,70a969f5042aec17ac076c6379f4170fb7c69b8e925756ef3b7334e28a33338b,"{""distance"":5,""physical_error_rate"":0.0001}","{""detection_events"":1344,""detectors_checked"":2752512}"
     17408,         0,         0,   0.055,exact_mw,70a969f5042aec17ac076c6379f4170fb7c69b8e925756ef3b7334e28a33338b,"{""distance"":5,""physical_error_rate"":0.0001}","{""detection_events"":1650,""detectors_checked"":3899392}"
     25600,         0,         0,   0.076,exact_mw,70a969f5042aec17ac076c6379f4170fb7c69b8e925756ef3b7334e28a33338b,"{""distance"":5,""physical_error_rate"":0.0001}","{""detection_events"":2426,""detectors_checked"":5734400}"
     32768,         0,         0,   0.111,exact_mw,70a969f5042aec17ac076c6379f4170fb7c69b8e925756ef3b7334e28a33338b,"{""distance"":5,""physical_error_rate"":0.0001}","{""detection_events"":3193,""detectors_checked"":7340032}"
     37888,         0,         0,   0.149,exact_mw,70a969f5042aec17ac076c6379f4170fb7c69b8e925756ef3b7334e28a33338b,"{""distance"":5,""physical_error_rate"":0.0001}","{""detection_events"":3815,""detectors_checked"":8486912}"
     67584,         0,         0,   0.208,exact_mw,70a969f5042aec17ac076c6379f4170fb7c69b8e925756ef3b7334e28a33338b,"{""distance"":5,""physical_error_rate"":0.0001}","{""detection_events"":6779,""detectors_checked"":15138816}"
       273,         0,         0,   0.014,exact_mw,70a969f5042aec17ac076c6379f4170fb7c69b8e925756ef3b7334e28a33338b,"{""distance"":5,""physical_error_rate"":0.0001}","{""detection_events"":34,""detectors_checked"":61152}"
      4096,         0,         0,   0.026,exact_mw,70a969f5042aec17ac076c6379f4170fb7c69b8e925756ef3b7334e28a33338b,"{""distance"":5,""physical_error_rate"":0.0001}","{""detection_events"":420,""detectors_checked"":917504}"
     66560,         0,         0,   0.289,exact_mw,70a969f5042aec17ac076c6379f4170fb7c69b8e925756ef3b7334e28a33338b,"{""distance"":5,""physical_error_rate"":0.0001}","{""detection_events"":6800,""detectors_checked"":14909440}"
      4096,         0,         0,   0.026,exact_mw,70a969f5042aec17ac076c6379f4170fb7c69b8e925756ef3b7334e28a33338b,"{""distance"":5,""physical_error_rate"":0.0001}","{""detection_events"":442,""detectors_checked"":917504}"
      1297,         0,         0,   0.020,exact_mw,cb12ae119b9b2ba18d0216e7235b403229e92fd0743ede48fe7f1a2c6f45d594,"{""distance"":5,""physical_error_rate"":0.0005}","{""detection_events"":605,""detectors_checked"":290528}"
      5120,         0,         0,   0.029,exact_mw,70a969f5042aec17ac076c6379f4170fb7c69b8e925756ef3b7334e28a33338b,"{""distance"":5,""physical_error_rate"":0.0001}","{""detection_events"":485,""detectors_checked"":1146880}"
      3072,         0,         0,   0.026,exact_mw,cb12ae119b9b2ba18d0216e7235b403229e92fd0743ede48fe7f1a2c6f45d594,"{""distance"":5,""physical_error_rate"":0.0005}","{""detection_events"":1451,""detectors_checked"":688128}"
      2321,         0,         0,   0.011,exact_mw,cb12ae119b9b2ba18d0216e7235b403229e92fd0743ede48fe7f1a2c6f45d594,"{""distance"":5,""physical_error_rate"":0.0005}","{""detection_events"":1169,""detectors_checked"":519904}"
      1024,         0,         0,   0.017,exact_mw,cb12ae119b9b2ba18d0216e7235b403229e92fd0743ede48fe7f1a2c6f45d594,"{""distance"":5,""physical_error_rate"":0.0005}","{""detection_events"":464,""detectors_checked"":229376}"
      2048,         0,         0,   0.022,exact_mw,cb12ae119b9b2ba18d0216e7235b403229e92fd0743ede48fe7f1a2c6f45d594,"{""distance"":5,""physical_error_rate"":0.0005}","{""detection_events"":1066,""detectors_checked"":458752}"
      7168,         0,         0,   0.050,exact_mw,70a969f5042aec17ac076c6379f4170fb7c69b8e925756ef3b7334e28a33338b,"{""distance"":5,""physical_error_rate"":0.0001}","{""detection_events"":738,""detectors_checked"":1605632}"
      3072,         0,         0,   0.024,exact_mw,cb12ae119b9b2ba18d0216e7235b403229e92fd0743ede48fe7f1a2c6f45d594,"{""distance"":5,""physical_error_rate"":0.0005}","{""detection_events"":1452,""detectors_checked"":688128}"
      4096,         0,         0,   0.030,exact_mw,cb12ae119b9b2ba18d0216e7235b403229e92fd0743ede48fe7f1a2c6f45d594,"{""distance"":5,""physical_error_rate"":0.0005}","{""detection_events"":2147,""detectors_checked"":917504}"
      2321,         0,         0,   0.023,exact_mw,cb12ae119b9b2ba18d0216e7235b403229e92fd0743ede48fe7f1a2c6f45d594,"{""distance"":5,""physical_error_rate"":0.0005}","{""detection_events"":1185,""detectors_checked"":519904}"
      4096,         0,         0,   0.029,exact_mw,cb12ae119b9b2ba18d0216e7235b403229e92fd0743ede48fe7f1a2c6f45d594,"{""distance"":5,""physical_error_rate"":0.0005}","{""detection_events"":2142,""detectors_checked"":917504}"
      9216,         0,         0,   0.054,exact_mw,70a969f5042aec17ac076c6379f4170fb7c69b8e925756ef3b7334e28a33338b,"{""distance"":5,""physical_error_rate"":0.0001}","{""detection_events"":911,""detectors_checked"":2064384}"
      3072,         0,         0,   0.025,exact_mw,cb12ae119b9b2ba18d0216e7235b403229e92fd0743ede48fe7f1a2c6f45d594,"{""distance"":5,""physical_error_rate"":0.0005}","{""detection_events"":1467,""detectors_checked"":688128}"
      4096,         0,         0,   0.044,exact_mw,cb12ae119b9b2ba18d0216e7235b403229e92fd0743ede48fe7f1a2c6f45d594,"{""distance"":5,""physical_error_rate"":0.0005}","{""detection_events"":2040,""detectors_checked"":917504}"
      1297,         0,         0,   0.023,exact_mw,70a969f5042aec17ac076c6379f4170fb7c69b8e925756ef3b7334e28a33338b,"{""distance"":5,""physical_error_rate"":0.0001}","{""detection_events"":92,""detectors_checked"":290528}"
      4096,         0,         0,   0.027,exact_mw,cb12ae119b9b2ba18d0216e7235b403229e92fd0743ede48fe7f1a2c6f45d594,"{""distance"":5,""physical_error_rate"":0.0005}","{""detection_events"":1929,""detectors_checked"":917504}"
      5120,         0,         0,   0.050,exact_mw,cb12ae119b9b2ba18d0216e7235b403229e92fd0743ede48fe7f1a2c6f45d594,"{""distance"":5,""physical_error_rate"":0.0005}","{""detection_events"":2433,""detectors_checked"":1146880}"
      3072,         0,         0,   0.028,exact_mw,70a969f5042aec17ac076c6379f4170fb7c69b8e925756ef3b7334e28a33338b,"{""distance"":5,""physical_error_rate"":0.0001}","{""detection_events"":319,""detectors_checked"":688128}"
      4096,         0,         0,   0.031,exact_mw,cb12ae119b9b2ba18d0216e7235b403229e92fd0743ede48fe7f1a2c6f45d594,"{""distance"":5,""physical_error_rate"":0.0005}","{""detection_events"":2117,""detectors_checked"":917504}"
      6144,         0,         0,   0.054,exact_mw,cb12ae119b9b2ba18d0216e7235b403229e92fd0743ede48fe7f1a2c6f45d594,"{""distance"":5,""physical_error_rate"":0.0005}","{""detection_events"":3176,""detectors_checked"":1376256}"
      2048,         0,         0,   0.024,exact_mw,70a969f5042aec17ac076c6379f4170fb7c69b8e925756ef3b7334e28a33338b,"{""distance"":5,""physical_error_rate"":0.0001}","{""detection_events"":184,""detectors_checked"":458752}"
     12288,         0,         0,   0.077,exact_mw,70a969f5042aec17ac076c6379f4170fb7c69b8e925756ef3b7334e28a33338b,"{""distance"":5,""physical_error_rate"":0.0001}","{""detection_events"":1170,""detectors_checked"":2752512}"
      8192,         0,         0,   0.053,exact_mw,cb12ae119b9b2ba18d0216e7235b403229e92fd0743ede48fe7f1a2c6f45d594,"{""distance"":5,""physical_error_rate"":0.0005}","{""detection_events"":4015,""detectors_checked"":1835008}"
      3072,         0,         0,   0.027,exact_mw,70a969f5042aec17ac076c6379f4170fb7c69b8e925756ef3b7334e28a33338b,"{""distance"":5,""physical_error_rate"":0.0001}","{""detection_events"":252,""detectors_checked"":688128}"
      5120,         0,         0,   0.049,exact_mw,cb12ae119b9b2ba18d0216e7235b403229e92fd0743ede48fe7f1a2c6f45d594,"{""distance"":5,""physical_error_rate"":0.0005}","{""detection_events"":2575,""detectors_checked"":1146880}"
      9216,         0,         0,   0.079,exact_mw,cb12ae119b9b2ba18d0216e7235b403229e92fd0743ede48fe7f1a2c6f45d594,"{""distance"":5,""physical_error_rate"":0.0005}","{""detection_events"":4483,""detectors_checked"":2064384}"
      6144,         0,         0,   0.055,exact_mw,70a969f5042aec17ac076c6379f4170fb7c69b8e925756ef3b7334e28a33338b,"{""distance"":5,""physical_error_rate"":0.0001}","{""detection_events"":550,""detectors_checked"":1376256}"
      3345,         0,         0,   0.026,exact_mw,cb12ae119b9b2ba18d0216e7235b403229e92fd0743ede48fe7f1a2c6f45d594,"{""distance"":5,""physical_error_rate"":0.0005}","{""detection_events"":1651,""detectors_checked"":749280}"
      6144,         0,         0,   0.056,exact_mw,cb12ae119b9b2ba18d0216e7235b403229e92fd0743ede48fe7f1a2c6f45d594,"{""distance"":5,""physical_error_rate"":0.0005}","{""detection_events"":3064,""detectors_checked"":1376256}"
      8192,         0,         0,   0.079,exact_mw,cb12ae119b9b2ba18d0216e7235b403229e92fd0743ede48fe7f1a2c6f45d594,"{""distance"":5,""physical_error_rate"":0.0005}","{""detection_events"":4074,""detectors_checked"":1835008}"
     17408,         0,         0,   0.106,exact_mw,70a969f5042aec17ac076c6379f4170fb7c69b8e925756ef3b7334e28a33338b,"{""distance"":5,""physical_error_rate"":0.0001}","{""detection_events"":1690,""detectors_checked"":3899392}"
      3072,         0,         0,   0.024,exact_mw,cb12ae119b9b2ba18d0216e7235b403229e92fd0743ede48fe7f1a2c6f45d594,"{""distance"":5,""physical_error_rate"":0.0005}","{""detection_events"":1473,""detectors_checked"":688128}"
      6144,         0,         0,   0.055,exact_mw,70a969f5042aec17ac076c6379f4170fb7c69b8e925756ef3b7334e28a33338b,"{""distance"":5,""physical_error_rate"":0.0001}","{""detection_events"":599,""detectors_checked"":1376256}"
      3072,         0,         0,   0.026,exact_mw,cb12ae119b9b2ba18d0216e7235b403229e92fd0743ede48fe7f1a2c6f45d594,"{""distance"":5,""physical_error_rate"":0.0005}","{""detection_events"":1533,""detectors_checked"":688128}"
     10240,         0,         0,   0.077,exact_mw,cb12ae119b9b2ba18d0216e7235b403229e92fd0743ede48fe7f1a2c6f45d594,"{""distance"":5,""physical_error_rate"":0.0005}","{""detection_events"":4891,""detectors_checked"":2293760}"
      4096,         0,         0,   0.031,exact_mw,cb12ae119b9b2ba18d0216e7235b403229e92fd0743ede48fe7f1a2c6f45d594,"{""distance"":5,""physical_error_rate"":0.0005}","{""detection_events"":2112,""detectors_checked"":917504}"
    128000,         0,         0,   0.404,exact_mw,70a969f5042aec17ac076c6379f4170fb7c69b8e925756ef3b7334e28a33338b,"{""distance"":5,""physical_error_rate"":0.0001}","{""detection_events"":12789,""detectors_checked"":28672000}"
     13312,         0,         0,   0.126,exact_mw,cb12ae119b9b2ba18d0216e7235b403229e92fd0743ede48fe7f1a2c6f45d594,"{""distance"":5,""physical_error_rate"":0.0005}","{""detection_events"":6593,""detectors_checked"":2981888}"
     12288,         0,         0,   0.106,exact_mw,cb12ae119b9b2ba18d0216e7235b403229e92fd0743ede48fe7f1a2c6f45d594,"{""distance"":5,""physical_error_rate"":0.0005}","{""detection_events"":6025,""detectors_checked"":2752512}"
      5120,         0,         0,   0.048,exact_mw,cb12ae119b9b2ba18d0216e7235b403229e92fd0743ede48fe7f1a2c6f45d594,"{""distance"":5,""physical_error_rate"":0.0005}","{""detection_events"":2576,""detectors_checked"":1146880}"
      8192,         0,         0,   0.096,exact_mw,70a969f5042aec17ac076c6379f4170fb7c69b8e925756ef3b7334e28a33338b,"{""distance"":5,""physical_error_rate"":0.0001}","{""detection_events"":807,""detectors_checked"":1835008}"
      1297,         0,         0,   0.023,exact_mw,70a969f5042aec17ac076c6379f4170fb7c69b8e925756ef3b7334e28a33338b,"{""distance"":5,""physical_error_rate"":0.0001}","{""detection_events"":137,""detectors_checked"":290528}"
     23552,         0,         0,   0.151,exact_mw,70a969f5042aec17ac076c6379f4170fb7c69b8e925756ef3b7334e28a33338b,"{""distance"":5,""physical_error_rate"":0.0001}","{""detection_events"":2383,""detectors_checked"":5275648}"
      7168,         0,         0,   0.054,exact_mw,cb12ae119b9b2ba18d0216e7235b403229e92fd0743ede48fe7f1a2c6f45d594,"{""distance"":5,""physical_error_rate"":0.0005}","{""detection_events"":3581,""detectors_checked"":1605632}"
     13312,         0,         0,   0.108,exact_mw,cb12ae119b9b2ba18d0216e7235b403229e92fd0743ede48fe7f1a2c6f45d594,"{""distance"":5,""physical_error_rate"":0.0005}","{""detection_events"":6505,""detectors_checked"":2981888}"
      3072,         0,         0,   0.028,exact_mw,70a969f5042aec17ac076c6379f4170fb7c69b8e925756ef3b7334e28a33338b,"{""distance"":5,""physical_error_rate"":0.0001}","{""detection_events"":341,""detectors_checked"":688128}"
      3072,         0,         0,   0.028,exact_mw,70a969f5042aec17ac076c6379f4170fb7c69b8e925756ef3b7334e28a33338b,"{""distance"":5,""physical_error_rate"":0.0001}","{""detection_events"":306,""detectors_checked"":688128}"
      3072,         0,         0,   0.028,exact_mw,70a969f5042aec17ac076c6379f4170fb7c69b8e925756ef3b7334e28a33338b,"{""distance"":5,""physical_error_rate"":0.0001}","{""detection_events"":369,""detectors_checked"":688128}"
     18432,         0,         0,   0.107,exact_mw,70a969f5042aec17ac076c6379f4170fb7c69b8e925756ef3b7334e28a33338b,"{""distance"":5,""physical_error_rate"":0.0001}","{""detection_events"":1852,""detectors_checked"":4128768}"
     16384,         0,         0,   0.150,exact_mw,cb12ae119b9b2ba18d0216e7235b403229e92fd0743ede48fe7f1a2c6f45d594,"{""distance"":5,""physical_error_rate"":0.0005}","{""detection_events"":8023,""detectors_checked"":3670016}"
      3345,         0,         0,   0.027,exact_mw,cb12ae119b9b2ba18d0216e7235b403229e92fd0743ede48fe7f1a2c6f45d594,"{""distance"":5,""physical_error_rate"":0.0005}","{""detection_events"":1579,""detectors_checked"":749280}"
     17408,         0,         0,   0.148,exact_mw,cb12ae119b9b2ba18d0216e7235b403229e92fd0743ede48fe7f1a2c6f45d594,"{""distance"":5,""physical_error_rate"":0.0005}","{""detection_events"":8510,""detectors_checked"":3899392}"
      8192,         0,         0,   0.075,exact_mw,cb12ae119b9b2ba18d0216e7235b403229e92fd0743ede48fe7f1a2c6f45d594,"{""distance"":5,""physical_error_rate"":0.0005}","{""detection_events"":3979,""detectors_checked"":1835008}"
      3072,         0,         0,   0.025,exact_mw,cb12ae119b9b2ba18d0216e7235b403229e92fd0743ede48fe7f1a2c6f45d594,"{""distance"":5,""physical_error_rate"":0.0005}","{""detection_events"":1397,""detectors_checked"":688128}"
      1297,         0,         0,   0.018,exact_mw,70a969f5042aec17ac076c6379f4170fb7c69b8e925756ef3b7334e28a33338b,"{""distance"":5,""physical_error_rate"":0.0001}","{""detection_events"":120,""detectors_checked"":290528}"
      5120,         0,         0,   0.052,exact_mw,70a969f5042aec17ac076c6379f4170fb7c69b8e925756ef3b7334e28a33338b,"{""distance"":5,""physical_error_rate"":0.0001}","{""detection_events"":519,""detectors_checked"":1146880}"
      3072,         0,         0,   0.026,exact_mw,cb12ae119b9b2ba18d0216e7235b403229e92fd0743ede48fe7f1a2c6f45d594,"{""distance"":5,""physical_error_rate"":0.0005}","{""detection_events"":1533,""detectors_checked"":688128}"
      4096,         0,         0,   0.026,exact_mw,70a969f5042aec17ac076c6379f4170fb7c69b8e925756ef3b7334e28a33338b,"{""distance"":5,""physical_error_rate"":0.0001}","{""detection_events"":379,""detectors_checked"":917504}"
     18432,         0,         0,   0.148,exact_mw,cb12ae119b9b2ba18d0216e7235b403229e92fd0743ede48fe7f1a2c6f45d594,"{""distance"":5,""physical_error_rate"":0.0005}","{""detection_events"":8982,""detectors_checked"":4128768}"
      4096,         0,         0,   0.033,exact_mw,cb12ae119b9b2ba18d0216e7235b403229e92fd0743ede48fe7f1a2c6f45d594,"{""distance"":5,""physical_error_rate"":0.0005}","{""detection_events"":2133,""detectors_checked"":917504}"
      4096,         0,         0,   0.026,exact_mw,70a969f5042aec17ac076c6379f4170fb7c69b8e925756ef3b7334e28a33338b,"{""distance"":5,""physical_error_rate"":0.0001}","{""detection_events"":443,""detectors_checked"":917504}"
      6144,         0,         0,   0.059,exact_mw,70a969f5042aec17ac076c6379f4170fb7c69b8e925756ef3b7334e28a33338b,"{""distance"":5,""physical_error_rate"":0.0001}","{""detection_events"":612,""detectors_checked"":1376256}"
     13312,         0,         0,   0.107,exact_mw,cb12ae119b9b2ba18d0216e7235b403229e92fd0743ede48fe7f1a2c6f45d594,"{""distance"":5,""physical_error_rate"":0.0005}","{""detection_events"":6534,""detectors_checked"":2981888}"
     33792,         0,         0,   0.206,exact_mw,70a969f5042aec17ac076c6379f4170fb7c69b8e925756ef3b7334e28a33338b,"{""distance"":5,""physical_error_rate"":0.0001}","{""detection_events"":3253,""detectors_checked"":7569408}"
      5120,         0,         0,   0.029,exact_mw,70a969f5042aec17ac076c6379f4170fb7c69b8e925756ef3b7334e28a33338b,"{""distance"":5,""physical_error_rate"":0.0001}","{""detection_events"":532,""detectors_checked"":1146880}"
      5120,         0,         0,   0.045,exact_mw,cb12ae119b9b2ba18d0216e7235b403229e92fd0743ede48fe7f1a2c6f45d594,"{""distance"":5,""physical_error_rate"":0.0005}","{""detection_events"":2317,""detectors_checked"":1146880}"
      1297,         0,         0,   0.017,exact_mw,70a969f5042aec17ac076c6379f4170fb7c69b8e925756ef3b7334e28a33338b,"{""distance"":5,""physical_error_rate"":0.0001}","{""detection_events"":105,""detectors_checked"":290528}"
     24576,         0,         0,   0.152,exact_mw,70a969f5042aec17ac076c6379f4170fb7c69b8e925756ef3b7334e28a33338b,"{""distance"":5,""physical_error_rate"":0.0001}","{""detection_events"":2395,""detectors_checked"":5505024}"
      7168,         0,         0,   0.048,exact_mw,70a969f5042aec17ac076c6379f4170fb7c69b8e925756ef3b7334e28a33338b,"{""distance"":5,""physical_error_rate"":0.0001}","{""detection_events"":707,""detectors_checked"":1605632}"
      5120,         0,         0,   0.029,exact_mw,70a969f5042aec17ac076c6379f4170fb7c69b8e925756ef3b7334e28a33338b,"{""distance"":5,""physical_error_rate"":0.0001}","{""detection_events"":492,""detectors_checked"":1146880}"
     12288,         0,         0,   0.077,exact_mw,70a969f5042aec17ac076c6379f4170fb7c69b8e925756ef3b7334e28a33338b,"{""distance"":5,""physical_error_rate"":0.0001}","{""detection_events"":1103,""detectors_checked"":2752512}"
      8192,         0,         0,   0.058,exact_mw,cb12ae119b9b2ba18d0216e7235b403229e92fd0743ede48fe7f1a2c6f45d594,"{""distance"":5,""physical_error_rate"":0.0005}","{""detection_events"":3880,""detectors_checked"":1835008}"
      4096,         0,         0,   0.025,exact_mw,70a969f5042aec17ac076c6379f4170fb7c69b8e925756ef3b7334e28a33338b,"{""distance"":5,""physical_error_rate"":0.0001}","{""detection_events"":445,""detectors_checked"":917504}"
     26624,         0,         0,   0.211,exact_mw,cb12ae119b9b2ba18d0216e7235b403229e92fd0743ede48fe7f1a2c6f45d594,"{""distance"":5,""physical_error_rate"":0.0005}","{""detection_events"":13115,""detectors_checked"":5963776}"
     23552,         0,         0,   0.209,exact_mw,cb12ae119b9b2ba18d0216e7235b403229e92fd0743ede48fe7f1a2c6f45d594,"{""distance"":5,""physical_error_rate"":0.0005}","{""detection_events"":11854,""detectors_checked"":5275648}"
      1297,         0,         0,   0.018,exact_mw,70a969f5042aec17ac076c6379f4170fb7c69b8e925756ef3b7334e28a33338b,"{""distance"":5,""physical_error_rate"":0.0001}","{""detection_events"":149,""detectors_checked"":290528}"
      9216,         0,         0,   0.055,exact_mw,70a969f5042aec17ac076c6379f4170fb7c69b8e925756ef3b7334e28a33338b,"{""distance"":5,""physical_error_rate"":0.0001}","{""detection_events"":849,""detectors_checked"":2064384}"
      5120,         0,         0,   0.029,exact_mw,70a969f5042aec17ac076c6379f4170fb7c69b8e925756ef3b7334e28a33338b,"{""distance"":5,""physical_error_rate"":0.0001}","{""detection_events"":512,""detectors_checked"":1146880}"
      4096,         0,         0,   0.026,exact_mw,70a969f5042aec17ac076c6379f4170fb7c69b8e925756ef3b7334e28a33338b,"{""distance"":5,""physical_error_rate"":0.0001}","{""detection_events"":405,""detectors_checked"":917504}"
     18432,         0,         0,   0.149,exact_mw,cb12ae119b9b2ba18d0216e7235b403229e92fd0743ede48fe7f1a2c6f45d594,"{""distance"":5,""physical_error_rate"":0.0005}","{""detection_events"":9231,""detectors_checked"":4128768}"
     10240,         0,         0,   0.078,exact_mw,cb12ae119b9b2ba18d0216e7235b403229e92fd0743ede48fe7f1a2c6f45d594,"{""distance"":5,""physical_error_rate"":0.0005}","{""detection_events"":5098,""detectors_checked"":2293760}"
      7168,         0,         0,   0.048,exact_mw,70a969f5042aec17ac076c6379f4170fb7c69b8e925756ef3b7334e28a33338b,"{""distance"":5,""physical_error_rate"":0.0001}","{""detection_events"":805,""detectors_checked"":1605632}"
      4096,         0,         0,   0.026,exact_mw,70a969f5042aec17ac076c6379f4170fb7c69b8e925756ef3b7334e28a33338b,"{""distance"":5,""physical_error_rate"":0.0001}","{""detection_events"":377,""detectors_checked"":917504}"
     17408,         0,         0,   0.105,exact_mw,70a969f5042aec17ac076c6379f4170fb7c69b8e925756ef3b7334e28a33338b,"{""distance"":5,""physical_error_rate"":0.0001}","{""detection_events"":1723,""detectors_checked"":3899392}"
     25600,         0,         0,   0.207,exact_mw,cb12ae119b9b2ba18d0216e7235b403229e92fd0743ede48fe7f1a2c6f45d594,"{""distance"":5,""physical_error_rate"":0.0005}","{""detection_events"":12883,""detectors_checked"":5734400}"
     12288,         0,         0,   0.077,exact_mw,70a969f5042aec17ac076c6379f4170fb7c69b8e925756ef3b7334e28a33338b,"{""distance"":5,""physical_error_rate"":0.0001}","{""detection_events"":1262,""detectors_checked"":2752512}"
      5120,         0,         0,   0.029,exact_mw,70a969f5042aec17ac076c6379f4170fb7c69b8e925756ef3b7334e28a33338b,"{""distance"":5,""physical_error_rate"":0.0001}","{""detection_events"":418,""detectors_checked"":1146880}"
      2321,         0,         0,   0.024,exact_mw,cb12ae119b9b2ba18d0216e7235b403229e92fd0743ede48fe7f1a2c6f45d594,"{""distance"":5,""physical_error_rate"":0.0005}","{""detection_events"":1205,""detectors_checked"":519904}"
      8192,         0,         0,   0.061,exact_mw,70a969f5042aec17ac076c6379f4170fb7c69b8e925756ef3b7334e28a33338b,"{""distance"":5,""physical_error_rate"":0.0001}","{""detection_events"":777,""detectors_checked"":1835008}"
      7168,         0,         0,   0.045,exact_mw,70a969f5042aec17ac076c6379f4170fb7c69b8e925756ef3b7334e28a33338b,"{""distance"":5,""physical_error_rate"":0.0001}","{""detection_events"":762,""detectors_checked"":1605632}"
      3072,         0,         0,   0.028,exact_mw,cb12ae119b9b2ba18d0216e7235b403229e92fd0743ede48fe7f1a2c6f45d594,"{""distance"":5,""physical_error_rate"":0.0005}","{""detection_events"":1641,""detectors_checked"":688128}"
     35840,         0,         0,   0.209,exact_mw,70a969f5042aec17ac076c6379f4170fb7c69b8e925756ef3b7334e28a33338b,"{""distance"":5,""physical_error_rate"":0.0001}","{""detection_events"":3738,""detectors_checked"":8028160}"
      3072,         0,         0,   0.026,exact_mw,cb12ae119b9b2ba18d0216e7235b403229e92fd0743ede48fe7f1a2c6f45d594,"{""distance"":5,""physical_error_rate"":0.0005}","{""detection_events"":1543,""detectors_checked"":688128}"
     14336,         0,         0,   0.121,exact_mw,cb12ae119b9b2ba18d0216e7235b403229e92fd0743ede48fe7f1a2c6f45d594,"{""distance"":5,""physical_error_rate"":0.0005}","{""detection_events"":7342,""detectors_checked"":3211264}"
      9216,         0,         0,   0.054,exact_mw,70a969f5042aec17ac076c6379f4170fb7c69b8e925756ef3b7334e28a33338b,"{""distance"":5,""physical_error_rate"":0.0001}","{""detection_events"":740,""detectors_checked"":2064384}"
      4096,         0,         0,   0.027,exact_mw,cb12ae119b9b2ba18d0216e7235b403229e92fd0743ede48fe7f1a2c6f45d594,"{""distance"":5,""physical_error_rate"":0.0005}","{""detection_events"":1980,""detectors_checked"":917504}"
     17408,         0,         0,   0.105,exact_mw,70a969f5042aec17ac076c6379f4170fb7c69b8e925756ef3b7334e28a33338b,"{""distance"":5,""physical_error_rate"":0.0001}","{""detection_events"":1697,""detectors_checked"":3899392}"
     49152,         0,         0,   0.289,exact_mw,70a969f5042aec17ac076c6379f4170fb7c69b8e925756ef3b7334e28a33338b,"{""distance"":5,""physical_error_rate"":0.0001}","{""detection_events"":5037,""detectors_checked"":11010048}"
    180224,         0,         0,   0.563,exact_mw,70a969f5042aec17ac076c6379f4170fb7c69b8e925756ef3b7334e28a33338b,"{""distance"":5,""physical_error_rate"":0.0001}","{""detection_events"":17662,""detectors_checked"":40370176}"
     13312,         0,         0,   0.079,exact_mw,70a969f5042aec17ac076c6379f4170fb7c69b8e925756ef3b7334e28a33338b,"{""distance"":5,""physical_error_rate"":0.0001}","{""detection_events"":1295,""detectors_checked"":2981888}"
     26624,         0,         0,   0.148,exact_mw,70a969f5042aec17ac076c6379f4170fb7c69b8e925756ef3b7334e28a33338b,"{""distance"":5,""physical_error_rate"":0.0001}","{""detection_events"":2622,""detectors_checked"":5963776}"
      6144,         0,         0,   0.051,exact_mw,cb12ae119b9b2ba18d0216e7235b403229e92fd0743ede48fe7f1a2c6f45d594,"{""distance"":5,""physical_error_rate"":0.0005}","{""detection_events"":2890,""detectors_checked"":1376256}"
     24576,         0,         0,   0.208,exact_mw,cb12ae119b9b2ba18d0216e7235b403229e92fd0743ede48fe7f1a2c6f45d594,"{""distance"":5,""physical_error_rate"":0.0005}","{""detection_events"":11986,""detectors_checked"":5505024}"
     12288,         0,         0,   0.076,exact_mw,70a969f5042aec17ac076c6379f4170fb7c69b8e925756ef3b7334e28a33338b,"{""distance"":5,""physical_error_rate"":0.0001}","{""detection_events"":1146,""detectors_checked"":2752512}"
     35840,         0,         0,   0.288,exact_mw,cb12ae119b9b2ba18d0216e7235b403229e92fd0743ede48fe7f1a2c6f45d594,"{""distance"":5,""physical_error_rate"":0.0005}","{""detection_events"":17918,""detectors_checked"":8028160}"
     35840,         0,         0,   0.291,exact_mw,cb12ae119b9b2ba18d0216e7235b403229e92fd0743ede48fe7f1a2c6f45d594,"{""distance"":5,""physical_error_rate"":0.0005}","{""detection_events"":17639,""detectors_checked"":8028160}"
      7168,         0,         0,   0.056,exact_mw,cb12ae119b9b2ba18d0216e7235b403229e92fd0743ede48fe7f1a2c6f45d594,"{""distance"":5,""physical_error_rate"":0.0005}","{""detection_events"":3645,""detectors_checked"":1605632}"
     18432,         0,         0,   0.107,exact_mw,70a969f5042aec17ac076c6379f4170fb7c69b8e925756ef3b7334e28a33338b,"{""distance"":5,""physical_error_rate"":0.0001}","{""detection_events"":1713,""detectors_checked"":4128768}"
      3345,         0,         0,   0.024,exact_mw,70a969f5042aec17ac076c6379f4170fb7c69b8e925756ef3b7334e28a33338b,"{""distance"":5,""physical_error_rate"":0.0001}","{""detection_events"":377,""detectors_checked"":749280}"
     17408,         1,         0,   0.154,exact_mw,cb12ae119b9b2ba18d0216e7235b403229e92fd0743ede48fe7f1a2c6f45d594,"{""distance"":5,""physical_error_rate"":0.0005}","{""detection_events"":8544,""detectors_checked"":3899392,""obs_mistake_mask=E"":1}"
     23552,         0,         0,   0.150,exact_mw,70a969f5042aec17ac076c6379f4170fb7c69b8e925756ef3b7334e28a33338b,"{""distance"":5,""physical_error_rate"":0.0001}","{""detection_events"":2299,""detectors_checked"":5275648}"
      4096,         0,         0,   0.026,exact_mw,70a969f5042aec17ac076c6379f4170fb7c69b8e925756ef3b7334e28a33338b,"{""distance"":5,""physical_error_rate"":0.0001}","{""detection_events"":361,""detectors_checked"":917504}"
     27648,         0,         0,   0.290,exact_mw,cb12ae119b9b2ba18d0216e7235b403229e92fd0743ede48fe7f1a2c6f45d594,"{""distance"":5,""physical_error_rate"":0.0005}","{""detection_events"":13724,""detectors_checked"":6193152}"
      9216,         0,         0,   0.075,exact_mw,cb12ae119b9b2ba18d0216e7235b403229e92fd0743ede48fe7f1a2c6f45d594,"{""distance"":5,""physical_error_rate"":0.0005}","{""detection_events"":4630,""detectors_checked"":2064384}"
     18432,         0,         0,   0.107,exact_mw,70a969f5042aec17ac076c6379f4170fb7c69b8e925756ef3b7334e28a33338b,"{""distance"":5,""physical_error_rate"":0.0001}","{""detection_events"":1810,""detectors_checked"":4128768}"
      4096,         0,         0,   0.029,exact_mw,70a969f5042aec17ac076c6379f4170fb7c69b8e925756ef3b7334e28a33338b,"{""distance"":5,""physical_error_rate"":0.0001}","{""detection_events"":446,""detectors_checked"":917504}"
       273,         0,         0,   0.003,exact_mw,cb12ae119b9b2ba18d0216e7235b403229e92fd0743ede48fe7f1a2c6f45d594,"{""distance"":5,""physical_error_rate"":0.0005}","{""detection_events"":131,""detectors_checked"":61152}"
      4096,         0,         0,   0.030,exact_mw,70a969f5042aec17ac076c6379f4170fb7c69b8e925756ef3b7334e28a33338b,"{""distance"":5,""physical_error_rate"":0.0001}","{""detection_events"":472,""detectors_checked"":917504}"
     33792,         0,         0,   0.207,exact_mw,70a969f5042aec17ac076c6379f4170fb7c69b8e925756ef3b7334e28a33338b,"{""distance"":5,""physical_error_rate"":0.0001}","{""detection_events"":3373,""detectors_checked"":7569408}"
     48128,         0,         0,   0.277,exact_mw,70a969f5042aec17ac076c6379f4170fb7c69b8e925756ef3b7334e28a33338b,"{""distance"":5,""physical_error_rate"":0.0001}","{""detection_events"":4900,""detectors_checked"":10780672}"
      2048,         0,         0,   0.028,exact_mw,cb12ae119b9b2ba18d0216e7235b403229e92fd0743ede48fe7f1a2c6f45d594,"{""distance"":5,""physical_error_rate"":0.0005}","{""detection_events"":1018,""detectors_checked"":458752}"
      1024,         0,         0,   0.004,exact_mw,cb12ae119b9b2ba18d0216e7235b403229e92fd0743ede48fe7f1a2c6f45d594,"{""distance"":5,""physical_error_rate"":0.0005}","{""detection_events"":450,""detectors_checked"":229376}"
      5120,         0,         0,   0.052,exact_mw,70a969f5042aec17ac076c6379f4170fb7c69b8e925756ef3b7334e28a33338b,"{""distance"":5,""physical_error_rate"":0.0001}","{""detection_events"":445,""detectors_checked"":1146880}"
   5210166,         0,         0,    29.7,exact_mw,70a969f5042aec17ac076c6379f4170fb7c69b8e925756ef3b7334e28a33338b,"{""distance"":5,""physical_error_rate"":0.0001}","{""detection_events"":512736,""detectors_checked"":1167077184}"
     24576,         0,         0,   0.151,exact_mw,70a969f5042aec17ac076c6379f4170fb7c69b8e925756ef3b7334e28a33338b,"{""distance"":5,""physical_error_rate"":0.0001}","{""detection_events"":2565,""detectors_checked"":5505024}"
   4870144,         0,         0,    30.8,exact_mw,70a969f5042aec17ac076c6379f4170fb7c69b8e925756ef3b7334e28a33338b,"{""distance"":5,""physical_error_rate"":0.0001}","{""detection_events"":479498,""detectors_checked"":1090912256}"
      2321,         0,         0,   0.021,exact_mw,cb12ae119b9b2ba18d0216e7235b403229e92fd0743ede48fe7f1a2c6f45d594,"{""distance"":5,""physical_error_rate"":0.0005}","{""detection_events"":1251,""detectors_checked"":519904}"
   4544512,         0,         0,    30.3,exact_mw,70a969f5042aec17ac076c6379f4170fb7c69b8e925756ef3b7334e28a33338b,"{""distance"":5,""physical_error_rate"":0.0001}","{""detection_events"":449328,""detectors_checked"":1017970688}"
   4974592,         0,         0,    31.5,exact_mw,70a969f5042aec17ac076c6379f4170fb7c69b8e925756ef3b7334e28a33338b,"{""distance"":5,""physical_error_rate"":0.0001}","{""detection_events"":490521,""detectors_checked"":1114308608}"
   4478976,         0,         0,    29.3,exact_mw,70a969f5042aec17ac076c6379f4170fb7c69b8e925756ef3b7334e28a33338b,"{""distance"":5,""physical_error_rate"":0.0001}","{""detection_events"":441734,""detectors_checked"":1003290624}"
      2048,         0,         0,   0.028,exact_mw,cb12ae119b9b2ba18d0216e7235b403229e92fd0743ede48fe7f1a2c6f45d594,"{""distance"":5,""physical_error_rate"":0.0005}","{""detection_events"":1024,""detectors_checked"":458752}"
     15360,         0,         0,   0.109,exact_mw,cb12ae119b9b2ba18d0216e7235b403229e92fd0743ede48fe7f1a2c6f45d594,"{""distance"":5,""physical_error_rate"":0.0005}","{""detection_events"":7599,""detectors_checked"":3440640}"
      3072,         0,         0,   0.037,exact_mw,cb12ae119b9b2ba18d0216e7235b403229e92fd0743ede48fe7f1a2c6f45d594,"{""distance"":5,""physical_error_rate"":0.0005}","{""detection_events"":1567,""detectors_checked"":688128}"
      8192,         0,         0,   0.055,exact_mw,70a969f5042aec17ac076c6379f4170fb7c69b8e925756ef3b7334e28a33338b,"{""distance"":5,""physical_error_rate"":0.0001}","{""detection_events"":727,""detectors_checked"":1835008}"
      2048,         0,         0,   0.027,exact_mw,cb12ae119b9b2ba18d0216e7235b403229e92fd0743ede48fe7f1a2c6f45d594,"{""distance"":5,""physical_error_rate"":0.0005}","{""detection_events"":1160,""detectors_checked"":458752}"
      4096,         0,         0,   0.049,exact_mw,cb12ae119b9b2ba18d0216e7235b403229e92fd0743ede48fe7f1a2c6f45d594,"{""distance"":5,""physical_error_rate"":0.0005}","{""detection_events"":1900,""detectors_checked"":917504}"
     24576,         0,         0,   0.155,exact_mw,70a969f5042aec17ac076c6379f4170fb7c69b8e925756ef3b7334e28a33338b,"{""distance"":5,""physical_error_rate"":0.0001}","{""detection_events"":2354,""detectors_checked"":5505024}"
     26624,         0,         0,   0.209,exact_mw,cb12ae119b9b2ba18d0216e7235b403229e92fd0743ede48fe7f1a2c6f45d594,"{""distance"":5,""physical_error_rate"":0.0005}","{""detection_events"":13174,""detectors_checked"":5963776}"
     30720,         0,         0,   0.291,exact_mw,cb12ae119b9b2ba18d0216e7235b403229e92fd0743ede48fe7f1a2c6f45d594,"{""distance"":5,""physical_error_rate"":0.0005}","{""detection_events"":14978,""detectors_checked"":6881280}"
     33792,         0,         0,   0.207,exact_mw,70a969f5042aec17ac076c6379f4170fb7c69b8e925756ef3b7334e28a33338b,"{""distance"":5,""physical_error_rate"":0.0001}","{""detection_events"":3288,""detectors_checked"":7569408}"
      4096,         0,         0,   0.031,exact_mw,cb12ae119b9b2ba18d0216e7235b403229e92fd0743ede48fe7f1a2c6f45d594,"{""distance"":5,""physical_error_rate"":0.0005}","{""detection_events"":1917,""detectors_checked"":917504}"
      4096,         0,         0,   0.054,exact_mw,cb12ae119b9b2ba18d0216e7235b403229e92fd0743ede48fe7f1a2c6f45d594,"{""distance"":5,""physical_error_rate"":0.0005}","{""detection_events"":1993,""detectors_checked"":917504}"
     12288,         0,         0,   0.075,exact_mw,70a969f5042aec17ac076c6379f4170fb7c69b8e925756ef3b7334e28a33338b,"{""distance"":5,""physical_error_rate"":0.0001}","{""detection_events"":1278,""detectors_checked"":2752512}"
     66560,         0,         0,   0.406,exact_mw,70a969f5042aec17ac076c6379f4170fb7c69b8e925756ef3b7334e28a33338b,"{""distance"":5,""physical_error_rate"":0.0001}","{""detection_events"":6541,""detectors_checked"":14909440}"
      4096,         0,         0,   0.050,exact_mw,cb12ae119b9b2ba18d0216e7235b403229e92fd0743ede48fe7f1a2c6f45d594,"{""distance"":5,""physical_error_rate"":0.0005}","{""detection_events"":2064,""detectors_checked"":917504}"
     20480,         0,         0,   0.158,exact_mw,cb12ae119b9b2ba18d0216e7235b403229e92fd0743ede48fe7f1a2c6f45d594,"{""distance"":5,""physical_error_rate"":0.0005}","{""detection_events"":9989,""detectors_checked"":4587520}"
      6144,         0,         0,   0.080,exact_mw,cb12ae119b9b2ba18d0216e7235b403229e92fd0743ede48fe7f1a2c6f45d594,"{""distance"":5,""physical_error_rate"":0.0005}","{""detection_events"":3094,""detectors_checked"":1376256}"
      5120,         0,         0,   0.055,exact_mw,cb12ae119b9b2ba18d0216e7235b403229e92fd0743ede48fe7f1a2c6f45d594,"{""distance"":5,""physical_error_rate"":0.0005}","{""detection_events"":2542,""detectors_checked"":1146880}"
     34816,         0,         0,   0.206,exact_mw,70a969f5042aec17ac076c6379f4170fb7c69b8e925756ef3b7334e28a33338b,"{""distance"":5,""physical_error_rate"":0.0001}","{""detection_events"":3399,""detectors_checked"":7798784}"
     18432,         0,         0,   0.106,exact_mw,70a969f5042aec17ac076c6379f4170fb7c69b8e925756ef3b7334e28a33338b,"{""distance"":5,""physical_error_rate"":0.0001}","{""detection_events"":1837,""detectors_checked"":4128768}"
     48128,         0,         0,   0.411,exact_mw,cb12ae119b9b2ba18d0216e7235b403229e92fd0743ede48fe7f1a2c6f45d594,"{""distance"":5,""physical_error_rate"":0.0005}","{""detection_events"":23823,""detectors_checked"":10780672}"
     52224,         0,         0,   0.414,exact_mw,cb12ae119b9b2ba18d0216e7235b403229e92fd0743ede48fe7f1a2c6f45d594,"{""distance"":5,""physical_error_rate"":0.0005}","{""detection_events"":26079,""detectors_checked"":11698176}"
     35840,         0,         0,   0.280,exact_mw,70a969f5042aec17ac076c6379f4170fb7c69b8e925756ef3b7334e28a33338b,"{""distance"":5,""physical_error_rate"":0.0001}","{""detection_events"":3506,""detectors_checked"":8028160}"
     34816,         0,         0,   0.208,exact_mw,70a969f5042aec17ac076c6379f4170fb7c69b8e925756ef3b7334e28a33338b,"{""distance"":5,""physical_error_rate"":0.0001}","{""detection_events"":3447,""detectors_checked"":7798784}"
      6144,         0,         0,   0.077,exact_mw,cb12ae119b9b2ba18d0216e7235b403229e92fd0743ede48fe7f1a2c6f45d594,"{""distance"":5,""physical_error_rate"":0.0005}","{""detection_events"":2938,""detectors_checked"":1376256}"
      7168,         0,         0,   0.110,exact_mw,cb12ae119b9b2ba18d0216e7235b403229e92fd0743ede48fe7f1a2c6f45d594,"{""distance"":5,""physical_error_rate"":0.0005}","{""detection_events"":3337,""detectors_checked"":1605632}"
     33792,         0,         0,   0.408,exact_mw,cb12ae119b9b2ba18d0216e7235b403229e92fd0743ede48fe7f1a2c6f45d594,"{""distance"":5,""physical_error_rate"":0.0005}","{""detection_events"":16711,""detectors_checked"":7569408}"
     37888,         0,         0,   0.293,exact_mw,cb12ae119b9b2ba18d0216e7235b403229e92fd0743ede48fe7f1a2c6f45d594,"{""distance"":5,""physical_error_rate"":0.0005}","{""detection_events"":18213,""detectors_checked"":8486912}"
     65536,         0,         0,   0.391,exact_mw,70a969f5042aec17ac076c6379f4170fb7c69b8e925756ef3b7334e28a33338b,"{""distance"":5,""physical_error_rate"":0.0001}","{""detection_events"":6541,""detectors_checked"":14680064}"
     49152,         0,         0,   0.288,exact_mw,70a969f5042aec17ac076c6379f4170fb7c69b8e925756ef3b7334e28a33338b,"{""distance"":5,""physical_error_rate"":0.0001}","{""detection_events"":4915,""detectors_checked"":11010048}"
     23552,         0,         0,   0.148,exact_mw,70a969f5042aec17ac076c6379f4170fb7c69b8e925756ef3b7334e28a33338b,"{""distance"":5,""physical_error_rate"":0.0001}","{""detection_events"":2342,""detectors_checked"":5275648}"
      9216,         0,         0,   0.109,exact_mw,cb12ae119b9b2ba18d0216e7235b403229e92fd0743ede48fe7f1a2c6f45d594,"{""distance"":5,""physical_error_rate"":0.0005}","{""detection_events"":4690,""detectors_checked"":2064384}"
     24576,         0,         0,   0.210,exact_mw,cb12ae119b9b2ba18d0216e7235b403229e92fd0743ede48fe7f1a2c6f45d594,"{""distance"":5,""physical_error_rate"":0.0005}","{""detection_events"":12223,""detectors_checked"":5505024}"
     13312,         0,         0,   0.163,exact_mw,cb12ae119b9b2ba18d0216e7235b403229e92fd0743ede48fe7f1a2c6f45d594,"{""distance"":5,""physical_error_rate"":0.0005}","{""detection_events"":6610,""detectors_checked"":2981888}"
     49152,         0,         0,   0.289,exact_mw,70a969f5042aec17ac076c6379f4170fb7c69b8e925756ef3b7334e28a33338b,"{""distance"":5,""physical_error_rate"":0.0001}","{""detection_events"":4855,""detectors_checked"":11010048}"
     53248,         0,         0,   0.410,exact_mw,cb12ae119b9b2ba18d0216e7235b403229e92fd0743ede48fe7f1a2c6f45d594,"{""distance"":5,""physical_error_rate"":0.0005}","{""detection_events"":26075,""detectors_checked"":11927552}"
    262144,         0,         0,   0.787,exact_mw,70a969f5042aec17ac076c6379f4170fb7c69b8e925756ef3b7334e28a33338b,"{""distance"":5,""physical_error_rate"":0.0001}","{""detection_events"":25482,""detectors_checked"":58720256}"
   1961984,         0,         0,    8.30,exact_mw,cb12ae119b9b2ba18d0216e7235b403229e92fd0743ede48fe7f1a2c6f45d594,"{""distance"":5,""physical_error_rate"":0.0005}","{""detection_events"":965342,""detectors_checked"":439484416}"
      9216,         0,         0,   0.149,exact_mw,cb12ae119b9b2ba18d0216e7235b403229e92fd0743ede48fe7f1a2c6f45d594,"{""distance"":5,""physical_error_rate"":0.0005}","{""detection_events"":4380,""detectors_checked"":2064384}"
   4388057,         0,         0,    29.2,exact_mw,70a969f5042aec17ac076c6379f4170fb7c69b8e925756ef3b7334e28a33338b,"{""distance"":5,""physical_error_rate"":0.0001}","{""detection_events"":432246,""detectors_checked"":982924768}"
   4370432,         0,         0,    29.9,exact_mw,70a969f5042aec17ac076c6379f4170fb7c69b8e925756ef3b7334e28a33338b,"{""distance"":5,""physical_error_rate"":0.0001}","{""detection_events"":432029,""detectors_checked"":978976768}"
     48128,         0,         0,   0.286,exact_mw,70a969f5042aec17ac076c6379f4170fb7c69b8e925756ef3b7334e28a33338b,"{""distance"":5,""physical_error_rate"":0.0001}","{""detection_events"":4576,""detectors_checked"":10780672}"
     33792,         0,         0,   0.193,exact_mw,70a969f5042aec17ac076c6379f4170fb7c69b8e925756ef3b7334e28a33338b,"{""distance"":5,""physical_error_rate"":0.0001}","{""detection_events"":3181,""detectors_checked"":7569408}"
     67584,         0,         0,   0.408,exact_mw,70a969f5042aec17ac076c6379f4170fb7c69b8e925756ef3b7334e28a33338b,"{""distance"":5,""physical_error_rate"":0.0001}","{""detection_events"":6975,""detectors_checked"":15138816}"
     25600,         0,         0,   0.207,exact_mw,cb12ae119b9b2ba18d0216e7235b403229e92fd0743ede48fe7f1a2c6f45d594,"{""distance"":5,""physical_error_rate"":0.0005}","{""detection_events"":12512,""detectors_checked"":5734400}"
     38912,         0,         0,   0.293,exact_mw,cb12ae119b9b2ba18d0216e7235b403229e92fd0743ede48fe7f1a2c6f45d594,"{""distance"":5,""physical_error_rate"":0.0005}","{""detection_events"":19035,""detectors_checked"":8716288}"
     98304,         0,         0,   0.565,exact_mw,70a969f5042aec17ac076c6379f4170fb7c69b8e925756ef3b7334e28a33338b,"{""distance"":5,""physical_error_rate"":0.0001}","{""detection_events"":9676,""detectors_checked"":22020096}"
     11264,         0,         0,   0.224,exact_mw,cb12ae119b9b2ba18d0216e7235b403229e92fd0743ede48fe7f1a2c6f45d594,"{""distance"":5,""physical_error_rate"":0.0005}","{""detection_events"":5634,""detectors_checked"":2523136}"
     46080,         0,         0,   0.404,exact_mw,cb12ae119b9b2ba18d0216e7235b403229e92fd0743ede48fe7f1a2c6f45d594,"{""distance"":5,""physical_error_rate"":0.0005}","{""detection_events"":22746,""detectors_checked"":10321920}"
     67584,         0,         0,   0.393,exact_mw,70a969f5042aec17ac076c6379f4170fb7c69b8e925756ef3b7334e28a33338b,"{""distance"":5,""physical_error_rate"":0.0001}","{""detection_events"":6474,""detectors_checked"":15138816}"
     71680,         0,         0,   0.565,exact_mw,cb12ae119b9b2ba18d0216e7235b403229e92fd0743ede48fe7f1a2c6f45d594,"{""distance"":5,""physical_error_rate"":0.0005}","{""detection_events"":35292,""detectors_checked"":16056320}"
     74752,         0,         0,   0.576,exact_mw,cb12ae119b9b2ba18d0216e7235b403229e92fd0743ede48fe7f1a2c6f45d594,"{""distance"":5,""physical_error_rate"":0.0005}","{""detection_events"":36378,""detectors_checked"":16744448}"
     51200,         0,         0,   0.289,exact_mw,70a969f5042aec17ac076c6379f4170fb7c69b8e925756ef3b7334e28a33338b,"{""distance"":5,""physical_error_rate"":0.0001}","{""detection_events"":5128,""detectors_checked"":11468800}"
     50176,         0,         0,   0.575,exact_mw,cb12ae119b9b2ba18d0216e7235b403229e92fd0743ede48fe7f1a2c6f45d594,"{""distance"":5,""physical_error_rate"":0.0005}","{""detection_events"":24701,""detectors_checked"":11239424}"
     71680,         0,         0,   0.405,exact_mw,70a969f5042aec17ac076c6379f4170fb7c69b8e925756ef3b7334e28a33338b,"{""distance"":5,""physical_error_rate"":0.0001}","{""detection_events"":6846,""detectors_checked"":16056320}"
     96256,         0,         0,   0.554,exact_mw,70a969f5042aec17ac076c6379f4170fb7c69b8e925756ef3b7334e28a33338b,"{""distance"":5,""physical_error_rate"":0.0001}","{""detection_events"":9334,""detectors_checked"":21561344}"
     70656,         0,         0,   0.403,exact_mw,70a969f5042aec17ac076c6379f4170fb7c69b8e925756ef3b7334e28a33338b,"{""distance"":5,""physical_error_rate"":0.0001}","{""detection_events"":6984,""detectors_checked"":15826944}"
     35840,         0,         0,   0.300,exact_mw,cb12ae119b9b2ba18d0216e7235b403229e92fd0743ede48fe7f1a2c6f45d594,"{""distance"":5,""physical_error_rate"":0.0005}","{""detection_events"":17537,""detectors_checked"":8028160}"
     20480,         0,         0,   0.309,exact_mw,cb12ae119b9b2ba18d0216e7235b403229e92fd0743ede48fe7f1a2c6f45d594,"{""distance"":5,""physical_error_rate"":0.0005}","{""detection_events"":10386,""detectors_checked"":4587520}"
     71680,         0,         0,   0.563,exact_mw,cb12ae119b9b2ba18d0216e7235b403229e92fd0743ede48fe7f1a2c6f45d594,"{""distance"":5,""physical_error_rate"":0.0005}","{""detection_events"":36070,""detectors_checked"":16056320}"
     49152,         0,         0,   0.391,exact_mw,cb12ae119b9b2ba18d0216e7235b403229e92fd0743ede48fe7f1a2c6f45d594,"{""distance"":5,""physical_error_rate"":0.0005}","{""detection_events"":23809,""detectors_checked"":11010048}"
   1368064,         0,         0,    8.31,exact_mw,70a969f5042aec17ac076c6379f4170fb7c69b8e925756ef3b7334e28a33338b,"{""distance"":5,""physical_error_rate"":0.0001}","{""detection_events"":135158,""detectors_checked"":306446336}"
     96256,         0,         0,   0.570,exact_mw,70a969f5042aec17ac076c6379f4170fb7c69b8e925756ef3b7334e28a33338b,"{""distance"":5,""physical_error_rate"":0.0001}","{""detection_events"":9720,""detectors_checked"":21561344}"
     66560,         0,         0,   0.410,exact_mw,70a969f5042aec17ac076c6379f4170fb7c69b8e925756ef3b7334e28a33338b,"{""distance"":5,""physical_error_rate"":0.0001}","{""detection_events"":6515,""detectors_checked"":14909440}"
     71680,         0,         0,   0.575,exact_mw,cb12ae119b9b2ba18d0216e7235b403229e92fd0743ede48fe7f1a2c6f45d594,"{""distance"":5,""physical_error_rate"":0.0005}","{""detection_events"":35861,""detectors_checked"":16056320}"
     95232,         0,         0,   0.580,exact_mw,70a969f5042aec17ac076c6379f4170fb7c69b8e925756ef3b7334e28a33338b,"{""distance"":5,""physical_error_rate"":0.0001}","{""detection_events"":9456,""detectors_checked"":21331968}"
     51200,         1,         0,   0.402,exact_mw,cb12ae119b9b2ba18d0216e7235b403229e92fd0743ede48fe7f1a2c6f45d594,"{""distance"":5,""physical_error_rate"":0.0005}","{""detection_events"":25212,""detectors_checked"":11468800,""obs_mistake_mask=E"":1}"
     94208,         0,         0,   0.567,exact_mw,70a969f5042aec17ac076c6379f4170fb7c69b8e925756ef3b7334e28a33338b,"{""distance"":5,""physical_error_rate"":0.0001}","{""detection_events"":9276,""detectors_checked"":21102592}"
     39936,         0,         0,   0.413,exact_mw,cb12ae119b9b2ba18d0216e7235b403229e92fd0743ede48fe7f1a2c6f45d594,"{""distance"":5,""physical_error_rate"":0.0005}","{""detection_events"":19607,""detectors_checked"":8945664}"
    133120,         0,         0,   0.796,exact_mw,70a969f5042aec17ac076c6379f4170fb7c69b8e925756ef3b7334e28a33338b,"{""distance"":5,""physical_error_rate"":0.0001}","{""detection_events"":13376,""detectors_checked"":29818880}"
     95232,         0,         0,   0.568,exact_mw,70a969f5042aec17ac076c6379f4170fb7c69b8e925756ef3b7334e28a33338b,"{""distance"":5,""physical_error_rate"":0.0001}","{""detection_events"":9262,""detectors_checked"":21331968}"
   1448960,         0,         0,    8.30,exact_mw,70a969f5042aec17ac076c6379f4170fb7c69b8e925756ef3b7334e28a33338b,"{""distance"":5,""physical_error_rate"":0.0001}","{""detection_events"":142008,""detectors_checked"":324567040}"
   1376256,         0,         0,    8.28,exact_mw,70a969f5042aec17ac076c6379f4170fb7c69b8e925756ef3b7334e28a33338b,"{""distance"":5,""physical_error_rate"":0.0001}","{""detection_events"":135086,""detectors_checked"":308281344}"
     96256,         0,         0,   0.794,exact_mw,cb12ae119b9b2ba18d0216e7235b403229e92fd0743ede48fe7f1a2c6f45d594,"{""distance"":5,""physical_error_rate"":0.0005}","{""detection_events"":46957,""detectors_checked"":21561344}"
   1196032,         0,         0,    8.32,exact_mw,cb12ae119b9b2ba18d0216e7235b403229e92fd0743ede48fe7f1a2c6f45d594,"{""distance"":5,""physical_error_rate"":0.0005}","{""detection_events"":587388,""detectors_checked"":267911168}"
     99328,         0,         0,   0.803,exact_mw,cb12ae119b9b2ba18d0216e7235b403229e92fd0743ede48fe7f1a2c6f45d594,"{""distance"":5,""physical_error_rate"":0.0005}","{""detection_events"":48992,""detectors_checked"":22249472}"
   1315840,         0,         0,    8.27,exact_mw,70a969f5042aec17ac076c6379f4170fb7c69b8e925756ef3b7334e28a33338b,"{""distance"":5,""physical_error_rate"":0.0001}","{""detection_events"":129422,""detectors_checked"":294748160}"
    363520,         0,         0,    1.10,exact_mw,70a969f5042aec17ac076c6379f4170fb7c69b8e925756ef3b7334e28a33338b,"{""distance"":5,""physical_error_rate"":0.0001}","{""detection_events"":36005,""detectors_checked"":81428480}"
     60416,         1,         0,   0.567,exact_mw,cb12ae119b9b2ba18d0216e7235b403229e92fd0743ede48fe7f1a2c6f45d594,"{""distance"":5,""physical_error_rate"":0.0005}","{""detection_events"":29545,""detectors_checked"":13533184,""obs_mistake_mask=E"":1}"
     76800,         0,         0,   0.794,exact_mw,cb12ae119b9b2ba18d0216e7235b403229e92fd0743ede48fe7f1a2c6f45d594,"{""distance"":5,""physical_error_rate"":0.0005}","{""detection_events"":38134,""detectors_checked"":17203200}"
    134144,         0,         0,   0.788,exact_mw,70a969f5042aec17ac076c6379f4170fb7c69b8e925756ef3b7334e28a33338b,"{""distance"":5,""physical_error_rate"":0.0001}","{""detection_events"":13457,""detectors_checked"":30048256}"
   1078272,         1,         0,    8.30,exact_mw,cb12ae119b9b2ba18d0216e7235b403229e92fd0743ede48fe7f1a2c6f45d594,"{""distance"":5,""physical_error_rate"":0.0005}","{""detection_events"":529049,""detectors_checked"":241532928,""obs_mistake_mask=E"":1}"
    894976,         0,         0,    8.32,exact_mw,cb12ae119b9b2ba18d0216e7235b403229e92fd0743ede48fe7f1a2c6f45d594,"{""distance"":5,""physical_error_rate"":0.0005}","{""detection_events"":438665,""detectors_checked"":200474624}"
     94208,         0,         0,   0.792,exact_mw,cb12ae119b9b2ba18d0216e7235b403229e92fd0743ede48fe7f1a2c6f45d594,"{""distance"":5,""physical_error_rate"":0.0005}","{""detection_events"":46395,""detectors_checked"":21102592}"
     94208,         0,         0,   0.562,exact_mw,70a969f5042aec17ac076c6379f4170fb7c69b8e925756ef3b7334e28a33338b,"{""distance"":5,""physical_error_rate"":0.0001}","{""detection_events"":9203,""detectors_checked"":21102592}"
     70656,         0,         0,   0.567,exact_mw,cb12ae119b9b2ba18d0216e7235b403229e92fd0743ede48fe7f1a2c6f45d594,"{""distance"":5,""physical_error_rate"":0.0005}","{""detection_events"":34669,""detectors_checked"":15826944}"
    134144,         0,         0,   0.789,exact_mw,70a969f5042aec17ac076c6379f4170fb7c69b8e925756ef3b7334e28a33338b,"{""distance"":5,""physical_error_rate"":0.0001}","{""detection_events"":13155,""detectors_checked"":30048256}"
     76800,         0,         0,   0.567,exact_mw,cb12ae119b9b2ba18d0216e7235b403229e92fd0743ede48fe7f1a2c6f45d594,"{""distance"":5,""physical_error_rate"":0.0005}","{""detection_events"":38159,""detectors_checked"":17203200}"
    101376,         0,         0,   0.791,exact_mw,cb12ae119b9b2ba18d0216e7235b403229e92fd0743ede48fe7f1a2c6f45d594,"{""distance"":5,""physical_error_rate"":0.0005}","{""detection_events"":50178,""detectors_checked"":22708224}"
    124928,         0,         0,   0.791,exact_mw,70a969f5042aec17ac076c6379f4170fb7c69b8e925756ef3b7334e28a33338b,"{""distance"":5,""physical_error_rate"":0.0001}","{""detection_events"":11966,""detectors_checked"":27983872}"
    132096,         0,         0,   0.794,exact_mw,70a969f5042aec17ac076c6379f4170fb7c69b8e925756ef3b7334e28a33338b,"{""distance"":5,""physical_error_rate"":0.0001}","{""detection_events"":13304,""detectors_checked"":29589504}"
    135168,         0,         0,   0.800,exact_mw,70a969f5042aec17ac076c6379f4170fb7c69b8e925756ef3b7334e28a33338b,"{""distance"":5,""physical_error_rate"":0.0001}","{""detection_events"":13431,""detectors_checked"":30277632}"
     91136,         0,         0,   0.807,exact_mw,cb12ae119b9b2ba18d0216e7235b403229e92fd0743ede48fe7f1a2c6f45d594,"{""distance"":5,""physical_error_rate"":0.0005}","{""detection_events"":44854,""detectors_checked"":20414464}"
    245760,         0,         0,    1.11,exact_mw,70a969f5042aec17ac076c6379f4170fb7c69b8e925756ef3b7334e28a33338b,"{""distance"":5,""physical_error_rate"":0.0001}","{""detection_events"":23979,""detectors_checked"":55050240}"
    134144,         0,         0,   0.791,exact_mw,70a969f5042aec17ac076c6379f4170fb7c69b8e925756ef3b7334e28a33338b,"{""distance"":5,""physical_error_rate"":0.0001}","{""detection_events"":13383,""detectors_checked"":30048256}"
    137216,         0,         0,    1.11,exact_mw,cb12ae119b9b2ba18d0216e7235b403229e92fd0743ede48fe7f1a2c6f45d594,"{""distance"":5,""physical_error_rate"":0.0005}","{""detection_events"":67585,""detectors_checked"":30736384}"
    141312,         0,         0,    1.11,exact_mw,cb12ae119b9b2ba18d0216e7235b403229e92fd0743ede48fe7f1a2c6f45d594,"{""distance"":5,""physical_error_rate"":0.0005}","{""detection_events"":68455,""detectors_checked"":31653888}"
    100352,         0,         0,   0.791,exact_mw,cb12ae119b9b2ba18d0216e7235b403229e92fd0743ede48fe7f1a2c6f45d594,"{""distance"":5,""physical_error_rate"":0.0005}","{""detection_events"":49315,""detectors_checked"":22478848}"
    126976,         0,         0,    1.13,exact_mw,cb12ae119b9b2ba18d0216e7235b403229e92fd0743ede48fe7f1a2c6f45d594,"{""distance"":5,""physical_error_rate"":0.0005}","{""detection_events"":62536,""detectors_checked"":28442624}"
     70656,         0,         0,   0.793,exact_mw,cb12ae119b9b2ba18d0216e7235b403229e92fd0743ede48fe7f1a2c6f45d594,"{""distance"":5,""physical_error_rate"":0.0005}","{""detection_events"":35067,""detectors_checked"":15826944}"
    187392,         0,         0,    1.11,exact_mw,70a969f5042aec17ac076c6379f4170fb7c69b8e925756ef3b7334e28a33338b,"{""distance"":5,""physical_error_rate"":0.0001}","{""detection_events"":18295,""detectors_checked"":41975808}"
    214016,         0,         0,    1.10,exact_mw,cb12ae119b9b2ba18d0216e7235b403229e92fd0743ede48fe7f1a2c6f45d594,"{""distance"":5,""physical_error_rate"":0.0005}","{""detection_events"":106137,""detectors_checked"":47939584}"
    185344,         0,         0,    1.11,exact_mw,70a969f5042aec17ac076c6379f4170fb7c69b8e925756ef3b7334e28a33338b,"{""distance"":5,""physical_error_rate"":0.0001}","{""detection_events"":18445,""detectors_checked"":41517056}"
    507904,         0,         0,    1.54,exact_mw,70a969f5042aec17ac076c6379f4170fb7c69b8e925756ef3b7334e28a33338b,"{""distance"":5,""physical_error_rate"":0.0001}","{""detection_events"":50122,""detectors_checked"":113770496}"
    175104,         0,         0,    1.08,exact_mw,70a969f5042aec17ac076c6379f4170fb7c69b8e925756ef3b7334e28a33338b,"{""distance"":5,""physical_error_rate"":0.0001}","{""detection_events"":17196,""detectors_checked"":39223296}"
    141312,         0,         0,    1.12,exact_mw,cb12ae119b9b2ba18d0216e7235b403229e92fd0743ede48fe7f1a2c6f45d594,"{""distance"":5,""physical_error_rate"":0.0005}","{""detection_events"":69722,""detectors_checked"":31653888}"
    184320,         0,         0,    1.11,exact_mw,70a969f5042aec17ac076c6379f4170fb7c69b8e925756ef3b7334e28a33338b,"{""distance"":5,""physical_error_rate"":0.0001}","{""detection_events"":18629,""detectors_checked"":41287680}"
    183296,         0,         0,    1.11,exact_mw,70a969f5042aec17ac076c6379f4170fb7c69b8e925756ef3b7334e28a33338b,"{""distance"":5,""physical_error_rate"":0.0001}","{""detection_events"":18271,""detectors_checked"":41058304}"
    136192,         0,         0,    1.12,exact_mw,cb12ae119b9b2ba18d0216e7235b403229e92fd0743ede48fe7f1a2c6f45d594,"{""distance"":5,""physical_error_rate"":0.0005}","{""detection_events"":67356,""detectors_checked"":30507008}"
    183296,         0,         0,    1.11,exact_mw,70a969f5042aec17ac076c6379f4170fb7c69b8e925756ef3b7334e28a33338b,"{""distance"":5,""physical_error_rate"":0.0001}","{""detection_events"":17929,""detectors_checked"":41058304}"
    138240,         0,         0,    1.11,exact_mw,cb12ae119b9b2ba18d0216e7235b403229e92fd0743ede48fe7f1a2c6f45d594,"{""distance"":5,""physical_error_rate"":0.0005}","{""detection_events"":67687,""detectors_checked"":30965760}"
    109568,         0,         0,    1.10,exact_mw,cb12ae119b9b2ba18d0216e7235b403229e92fd0743ede48fe7f1a2c6f45d594,"{""distance"":5,""physical_error_rate"":0.0005}","{""detection_events"":54051,""detectors_checked"":24543232}"
    362496,         0,         0,    1.55,exact_mw,70a969f5042aec17ac076c6379f4170fb7c69b8e925756ef3b7334e28a33338b,"{""distance"":5,""physical_error_rate"":0.0001}","{""detection_events"":35723,""detectors_checked"":81199104}"
    182272,         0,         0,    1.55,exact_mw,cb12ae119b9b2ba18d0216e7235b403229e92fd0743ede48fe7f1a2c6f45d594,"{""distance"":5,""physical_error_rate"":0.0005}","{""detection_events"":90263,""detectors_checked"":40828928}"
    236544,         0,         0,    1.56,exact_mw,cb12ae119b9b2ba18d0216e7235b403229e92fd0743ede48fe7f1a2c6f45d594,"{""distance"":5,""physical_error_rate"":0.0005}","{""detection_events"":116858,""detectors_checked"":52985856}"
    177152,         0,         0,    1.54,exact_mw,cb12ae119b9b2ba18d0216e7235b403229e92fd0743ede48fe7f1a2c6f45d594,"{""distance"":5,""physical_error_rate"":0.0005}","{""detection_events"":87241,""detectors_checked"":39682048}"
    263168,         0,         0,    1.55,exact_mw,70a969f5042aec17ac076c6379f4170fb7c69b8e925756ef3b7334e28a33338b,"{""distance"":5,""physical_error_rate"":0.0001}","{""detection_events"":26325,""detectors_checked"":58949632}"
    265216,         0,         0,    1.56,exact_mw,cb12ae119b9b2ba18d0216e7235b403229e92fd0743ede48fe7f1a2c6f45d594,"{""distance"":5,""physical_error_rate"":0.0005}","{""detection_events"":130576,""detectors_checked"":59408384}"
    245760,         0,         0,    1.55,exact_mw,70a969f5042aec17ac076c6379f4170fb7c69b8e925756ef3b7334e28a33338b,"{""distance"":5,""physical_error_rate"":0.0001}","{""detection_events"":24141,""detectors_checked"":55050240}"
    182272,         0,         0,    1.55,exact_mw,cb12ae119b9b2ba18d0216e7235b403229e92fd0743ede48fe7f1a2c6f45d594,"{""distance"":5,""physical_error_rate"":0.0005}","{""detection_events"":89080,""detectors_checked"":40828928}"
    233472,         0,         0,    1.54,exact_mw,70a969f5042aec17ac076c6379f4170fb7c69b8e925756ef3b7334e28a33338b,"{""distance"":5,""physical_error_rate"":0.0001}","{""detection_events"":22957,""detectors_checked"":52297728}"
    185344,         0,         0,    1.55,exact_mw,70a969f5042aec17ac076c6379f4170fb7c69b8e925756ef3b7334e28a33338b,"{""distance"":5,""physical_error_rate"":0.0001}","{""detection_events"":18489,""detectors_checked"":41517056}"
    240640,         0,         0,    1.56,exact_mw,70a969f5042aec17ac076c6379f4170fb7c69b8e925756ef3b7334e28a33338b,"{""distance"":5,""physical_error_rate"":0.0001}","{""detection_events"":23816,""detectors_checked"":53903360}"
    179200,         0,         0,    1.55,exact_mw,cb12ae119b9b2ba18d0216e7235b403229e92fd0743ede48fe7f1a2c6f45d594,"{""distance"":5,""physical_error_rate"":0.0005}","{""detection_events"":88136,""detectors_checked"":40140800}"
    262144,         0,         0,    1.53,exact_mw,70a969f5042aec17ac076c6379f4170fb7c69b8e925756ef3b7334e28a33338b,"{""distance"":5,""physical_error_rate"":0.0001}","{""detection_events"":25981,""detectors_checked"":58720256}"
    678912,         0,         0,    2.16,exact_mw,70a969f5042aec17ac076c6379f4170fb7c69b8e925756ef3b7334e28a33338b,"{""distance"":5,""physical_error_rate"":0.0001}","{""detection_events"":67247,""detectors_checked"":152076288}"
    193536,         0,         0,    1.54,exact_mw,cb12ae119b9b2ba18d0216e7235b403229e92fd0743ede48fe7f1a2c6f45d594,"{""distance"":5,""physical_error_rate"":0.0005}","{""detection_events"":95379,""detectors_checked"":43352064}"
     99328,         0,         0,    1.53,exact_mw,cb12ae119b9b2ba18d0216e7235b403229e92fd0743ede48fe7f1a2c6f45d594,"{""distance"":5,""physical_error_rate"":0.0005}","{""detection_events"":48059,""detectors_checked"":22249472}"
    366592,         0,         0,    2.17,exact_mw,70a969f5042aec17ac076c6379f4170fb7c69b8e925756ef3b7334e28a33338b,"{""distance"":5,""physical_error_rate"":0.0001}","{""detection_events"":36434,""detectors_checked"":82116608}"
    291840,         1,         0,    2.17,exact_mw,cb12ae119b9b2ba18d0216e7235b403229e92fd0743ede48fe7f1a2c6f45d594,"{""distance"":5,""physical_error_rate"":0.0005}","{""detection_events"":142945,""detectors_checked"":65372160,""obs_mistake_mask=E"":1}"
    345088,         1,         0,    2.17,exact_mw,cb12ae119b9b2ba18d0216e7235b403229e92fd0743ede48fe7f1a2c6f45d594,"{""distance"":5,""physical_error_rate"":0.0005}","{""detection_events"":170849,""detectors_checked"":77299712,""obs_mistake_mask=E"":1}"
    195584,         0,         0,    2.16,exact_mw,cb12ae119b9b2ba18d0216e7235b403229e92fd0743ede48fe7f1a2c6f45d594,"{""distance"":5,""physical_error_rate"":0.0005}","{""detection_events"":96483,""detectors_checked"":43810816}"
    369664,         0,         0,    2.17,exact_mw,70a969f5042aec17ac076c6379f4170fb7c69b8e925756ef3b7334e28a33338b,"{""distance"":5,""physical_error_rate"":0.0001}","{""detection_events"":36137,""detectors_checked"":82804736}"
    280576,         0,         0,    2.18,exact_mw,cb12ae119b9b2ba18d0216e7235b403229e92fd0743ede48fe7f1a2c6f45d594,"{""distance"":5,""physical_error_rate"":0.0005}","{""detection_events"":139003,""detectors_checked"":62849024}"
    463872,         0,         0,    2.18,exact_mw,70a969f5042aec17ac076c6379f4170fb7c69b8e925756ef3b7334e28a33338b,"{""distance"":5,""physical_error_rate"":0.0001}","{""detection_events"":46213,""detectors_checked"":103907328}"
    270336,         0,         0,    2.16,exact_mw,cb12ae119b9b2ba18d0216e7235b403229e92fd0743ede48fe7f1a2c6f45d594,"{""distance"":5,""physical_error_rate"":0.0005}","{""detection_events"":133756,""detectors_checked"":60555264}"
    365568,         0,         0,    2.18,exact_mw,70a969f5042aec17ac076c6379f4170fb7c69b8e925756ef3b7334e28a33338b,"{""distance"":5,""physical_error_rate"":0.0001}","{""detection_events"":35856,""detectors_checked"":81887232}"
    215040,         0,         0,    2.17,exact_mw,70a969f5042aec17ac076c6379f4170fb7c69b8e925756ef3b7334e28a33338b,"{""distance"":5,""physical_error_rate"":0.0001}","{""detection_events"":20865,""detectors_checked"":48168960}"
    365568,         0,         0,    2.15,exact_mw,70a969f5042aec17ac076c6379f4170fb7c69b8e925756ef3b7334e28a33338b,"{""distance"":5,""physical_error_rate"":0.0001}","{""detection_events"":36325,""detectors_checked"":81887232}"
    271360,         1,         0,    2.16,exact_mw,cb12ae119b9b2ba18d0216e7235b403229e92fd0743ede48fe7f1a2c6f45d594,"{""distance"":5,""physical_error_rate"":0.0005}","{""detection_events"":133112,""detectors_checked"":60784640,""obs_mistake_mask=E"":1}"
    366592,         0,         0,    2.17,exact_mw,70a969f5042aec17ac076c6379f4170fb7c69b8e925756ef3b7334e28a33338b,"{""distance"":5,""physical_error_rate"":0.0001}","{""detection_events"":36558,""detectors_checked"":82116608}"
    243712,         0,         0,    2.18,exact_mw,cb12ae119b9b2ba18d0216e7235b403229e92fd0743ede48fe7f1a2c6f45d594,"{""distance"":5,""physical_error_rate"":0.0005}","{""detection_events"":120503,""detectors_checked"":54591488}"
    198656,         0,         0,    2.18,exact_mw,cb12ae119b9b2ba18d0216e7235b403229e92fd0743ede48fe7f1a2c6f45d594,"{""distance"":5,""physical_error_rate"":0.0005}","{""detection_events"":96813,""detectors_checked"":44498944}"
    991232,         0,         0,    3.03,exact_mw,70a969f5042aec17ac076c6379f4170fb7c69b8e925756ef3b7334e28a33338b,"{""distance"":5,""physical_error_rate"":0.0001}","{""detection_events"":97073,""detectors_checked"":222035968}"
    512000,         0,         0,    3.04,exact_mw,70a969f5042aec17ac076c6379f4170fb7c69b8e925756ef3b7334e28a33338b,"{""distance"":5,""physical_error_rate"":0.0001}","{""detection_events"":50306,""detectors_checked"":114688000}"
    488448,         0,         0,    3.04,exact_mw,cb12ae119b9b2ba18d0216e7235b403229e92fd0743ede48fe7f1a2c6f45d594,"{""distance"":5,""physical_error_rate"":0.0005}","{""detection_events"":241020,""detectors_checked"":109412352}"
    454656,         0,         0,    3.05,exact_mw,cb12ae119b9b2ba18d0216e7235b403229e92fd0743ede48fe7f1a2c6f45d594,"{""distance"":5,""physical_error_rate"":0.0005}","{""detection_events"":223684,""detectors_checked"":101842944}"
    195584,         0,         0,    3.03,exact_mw,cb12ae119b9b2ba18d0216e7235b403229e92fd0743ede48fe7f1a2c6f45d594,"{""distance"":5,""physical_error_rate"":0.0005}","{""detection_events"":95513,""detectors_checked"":43810816}"
    516096,         0,         0,    3.02,exact_mw,70a969f5042aec17ac076c6379f4170fb7c69b8e925756ef3b7334e28a33338b,"{""distance"":5,""physical_error_rate"":0.0001}","{""detection_events"":50390,""detectors_checked"":115605504}"
    420864,         0,         0,    3.05,exact_mw,cb12ae119b9b2ba18d0216e7235b403229e92fd0743ede48fe7f1a2c6f45d594,"{""distance"":5,""physical_error_rate"":0.0005}","{""detection_events"":208156,""detectors_checked"":94273536}"
    593920,         0,         0,    3.04,exact_mw,70a969f5042aec17ac076c6379f4170fb7c69b8e925756ef3b7334e28a33338b,"{""distance"":5,""physical_error_rate"":0.0001}","{""detection_events"":59320,""detectors_checked"":133038080}"
    376832,         0,         0,    3.05,exact_mw,cb12ae119b9b2ba18d0216e7235b403229e92fd0743ede48fe7f1a2c6f45d594,"{""distance"":5,""physical_error_rate"":0.0005}","{""detection_events"":185138,""detectors_checked"":84410368}"
    512000,         0,         0,    3.04,exact_mw,70a969f5042aec17ac076c6379f4170fb7c69b8e925756ef3b7334e28a33338b,"{""distance"":5,""physical_error_rate"":0.0001}","{""detection_events"":50585,""detectors_checked"":114688000}"
    258048,         0,         0,    3.03,exact_mw,70a969f5042aec17ac076c6379f4170fb7c69b8e925756ef3b7334e28a33338b,"{""distance"":5,""physical_error_rate"":0.0001}","{""detection_events"":25348,""detectors_checked"":57802752}"
    514048,         0,         0,    3.02,exact_mw,70a969f5042aec17ac076c6379f4170fb7c69b8e925756ef3b7334e28a33338b,"{""distance"":5,""physical_error_rate"":0.0001}","{""detection_events"":50782,""detectors_checked"":115146752}"
    318464,         0,         0,    3.04,exact_mw,cb12ae119b9b2ba18d0216e7235b403229e92fd0743ede48fe7f1a2c6f45d594,"{""distance"":5,""physical_error_rate"":0.0005}","{""detection_events"":158012,""detectors_checked"":71335936}"
    509952,         0,         0,    3.02,exact_mw,70a969f5042aec17ac076c6379f4170fb7c69b8e925756ef3b7334e28a33338b,"{""distance"":5,""physical_error_rate"":0.0001}","{""detection_events"":50843,""detectors_checked"":114229248}"
    261120,         0,         0,    3.02,exact_mw,cb12ae119b9b2ba18d0216e7235b403229e92fd0743ede48fe7f1a2c6f45d594,"{""distance"":5,""physical_error_rate"":0.0005}","{""detection_events"":129831,""detectors_checked"":58490880}"
    368640,         0,         0,    3.04,exact_mw,cb12ae119b9b2ba18d0216e7235b403229e92fd0743ede48fe7f1a2c6f45d594,"{""distance"":5,""physical_error_rate"":0.0005}","{""detection_events"":181762,""detectors_checked"":82575360}"
    846501,         0,         0,    2.62,exact_mw,70a969f5042aec17ac076c6379f4170fb7c69b8e925756ef3b7334e28a33338b,"{""distance"":5,""physical_error_rate"":0.0001}","{""detection_events"":83089,""detectors_checked"":189616224}"
   2371038,         0,         0,    14.3,exact_mw,70a969f5042aec17ac076c6379f4170fb7c69b8e925756ef3b7334e28a33338b,"{""distance"":5,""physical_error_rate"":0.0001}","{""detection_events"":235285,""detectors_checked"":531112512}"
   2904064,         0,         0,    14.3,exact_mw,70a969f5042aec17ac076c6379f4170fb7c69b8e925756ef3b7334e28a33338b,"{""distance"":5,""physical_error_rate"":0.0001}","{""detection_events"":286179,""detectors_checked"":650510336}"
   2379776,         0,         0,    17.3,exact_mw,70a969f5042aec17ac076c6379f4170fb7c69b8e925756ef3b7334e28a33338b,"{""distance"":5,""physical_error_rate"":0.0001}","{""detection_events"":233880,""detectors_checked"":533069824}"
   2409472,         0,         0,    14.2,exact_mw,70a969f5042aec17ac076c6379f4170fb7c69b8e925756ef3b7334e28a33338b,"{""distance"":5,""physical_error_rate"":0.0001}","{""detection_events"":236606,""detectors_checked"":539721728}"
   3310592,         0,         0,    27.4,exact_mw,70a969f5042aec17ac076c6379f4170fb7c69b8e925756ef3b7334e28a33338b,"{""distance"":5,""physical_error_rate"":0.0001}","{""detection_events"":327742,""detectors_checked"":741572608}"
     77477,         0,         0,   0.528,exact_mw,70a969f5042aec17ac076c6379f4170fb7c69b8e925756ef3b7334e28a33338b,"{""distance"":5,""physical_error_rate"":0.0001}","{""detection_events"":7734,""detectors_checked"":17354848}"
   1839104,         0,         0,    11.0,exact_mw,70a969f5042aec17ac076c6379f4170fb7c69b8e925756ef3b7334e28a33338b,"{""distance"":5,""physical_error_rate"":0.0001}","{""detection_events"":181846,""detectors_checked"":411959296}"
   1903616,         0,         0,    11.5,exact_mw,70a969f5042aec17ac076c6379f4170fb7c69b8e925756ef3b7334e28a33338b,"{""distance"":5,""physical_error_rate"":0.0001}","{""detection_events"":188087,""detectors_checked"":426409984}"
   2233344,         0,         0,    11.6,exact_mw,70a969f5042aec17ac076c6379f4170fb7c69b8e925756ef3b7334e28a33338b,"{""distance"":5,""physical_error_rate"":0.0001}","{""detection_events"":220233,""detectors_checked"":500269056}"
   1889280,         0,         0,    9.94,exact_mw,70a969f5042aec17ac076c6379f4170fb7c69b8e925756ef3b7334e28a33338b,"{""distance"":5,""physical_error_rate"":0.0001}","{""detection_events"":185696,""detectors_checked"":423198720}"
   2837504,         0,         0,    11.6,exact_mw,cb12ae119b9b2ba18d0216e7235b403229e92fd0743ede48fe7f1a2c6f45d594,"{""distance"":5,""physical_error_rate"":0.0005}","{""detection_events"":1398073,""detectors_checked"":635600896}"
   1810521,         0,         0,    10.6,exact_mw,70a969f5042aec17ac076c6379f4170fb7c69b8e925756ef3b7334e28a33338b,"{""distance"":5,""physical_error_rate"":0.0001}","{""detection_events"":179456,""detectors_checked"":405556704}"
   1498112,         0,         0,    12.1,exact_mw,70a969f5042aec17ac076c6379f4170fb7c69b8e925756ef3b7334e28a33338b,"{""distance"":5,""physical_error_rate"":0.0001}","{""detection_events"":149109,""detectors_checked"":335577088}"
   1687552,         0,         0,    11.1,exact_mw,70a969f5042aec17ac076c6379f4170fb7c69b8e925756ef3b7334e28a33338b,"{""distance"":5,""physical_error_rate"":0.0001}","{""detection_events"":165377,""detectors_checked"":378011648}"
   1764352,         0,         0,    10.6,exact_mw,70a969f5042aec17ac076c6379f4170fb7c69b8e925756ef3b7334e28a33338b,"{""distance"":5,""physical_error_rate"":0.0001}","{""detection_events"":173081,""detectors_checked"":395214848}"
   1431552,         0,         0,    12.2,exact_mw,70a969f5042aec17ac076c6379f4170fb7c69b8e925756ef3b7334e28a33338b,"{""distance"":5,""physical_error_rate"":0.0001}","{""detection_events"":141531,""detectors_checked"":320667648}"
   1457152,         0,         0,    12.2,exact_mw,70a969f5042aec17ac076c6379f4170fb7c69b8e925756ef3b7334e28a33338b,"{""distance"":5,""physical_error_rate"":0.0001}","{""detection_events"":144656,""detectors_checked"":326402048}"
   1522688,         0,         0,    11.7,exact_mw,70a969f5042aec17ac076c6379f4170fb7c69b8e925756ef3b7334e28a33338b,"{""distance"":5,""physical_error_rate"":0.0001}","{""detection_events"":149438,""detectors_checked"":341082112}"
   6318080,         7,         0,    44.6,exact_mw,cb12ae119b9b2ba18d0216e7235b403229e92fd0743ede48fe7f1a2c6f45d594,"{""distance"":5,""physical_error_rate"":0.0005}","{""detection_events"":3106225,""detectors_checked"":1415249920,""obs_mistake_mask=E"":7}"
   5931008,         3,         0,    44.7,exact_mw,cb12ae119b9b2ba18d0216e7235b403229e92fd0743ede48fe7f1a2c6f45d594,"{""distance"":5,""physical_error_rate"":0.0005}","{""detection_events"":2918240,""detectors_checked"":1328545792,""obs_mistake_mask=E"":3}"
   1442816,         1,         0,    11.7,exact_mw,cb12ae119b9b2ba18d0216e7235b403229e92fd0743ede48fe7f1a2c6f45d594,"{""distance"":5,""physical_error_rate"":0.0005}","{""detection_events"":710580,""detectors_checked"":323190784,""obs_mistake_mask=E"":1}"
   1619968,         1,         0,    11.6,exact_mw,cb12ae119b9b2ba18d0216e7235b403229e92fd0743ede48fe7f1a2c6f45d594,"{""distance"":5,""physical_error_rate"":0.0005}","{""detection_events"":798767,""detectors_checked"":362872832,""obs_mistake_mask=E"":1}"
   1425408,         1,         0,    11.6,exact_mw,cb12ae119b9b2ba18d0216e7235b403229e92fd0743ede48fe7f1a2c6f45d594,"{""distance"":5,""physical_error_rate"":0.0005}","{""detection_events"":698906,""detectors_checked"":319291392,""obs_mistake_mask=E"":1}"
    710656,         0,         0,    4.23,exact_mw,70a969f5042aec17ac076c6379f4170fb7c69b8e925756ef3b7334e28a33338b,"{""distance"":5,""physical_error_rate"":0.0001}","{""detection_events"":69660,""detectors_checked"":159186944}"
    522240,         0,         0,    4.25,exact_mw,cb12ae119b9b2ba18d0216e7235b403229e92fd0743ede48fe7f1a2c6f45d594,"{""distance"":5,""physical_error_rate"":0.0005}","{""detection_events"":255520,""detectors_checked"":116981760}"
    604160,         1,         0,    4.18,exact_mw,cb12ae119b9b2ba18d0216e7235b403229e92fd0743ede48fe7f1a2c6f45d594,"{""distance"":5,""physical_error_rate"":0.0005}","{""detection_events"":298156,""detectors_checked"":135331840,""obs_mistake_mask=E"":1}"
    623616,         1,         0,    4.23,exact_mw,cb12ae119b9b2ba18d0216e7235b403229e92fd0743ede48fe7f1a2c6f45d594,"{""distance"":5,""physical_error_rate"":0.0005}","{""detection_events"":307704,""detectors_checked"":139689984,""obs_mistake_mask=E"":1}"
    239998,         0,         0,    1.61,exact_mw,70a969f5042aec17ac076c6379f4170fb7c69b8e925756ef3b7334e28a33338b,"{""distance"":5,""physical_error_rate"":0.0001}","{""detection_events"":24346,""detectors_checked"":53759552}"
    699392,         0,         0,    4.24,exact_mw,70a969f5042aec17ac076c6379f4170fb7c69b8e925756ef3b7334e28a33338b,"{""distance"":5,""physical_error_rate"":0.0001}","{""detection_events"":68279,""detectors_checked"":156663808}"
    609280,         0,         0,    4.23,exact_mw,cb12ae119b9b2ba18d0216e7235b403229e92fd0743ede48fe7f1a2c6f45d594,"{""distance"":5,""physical_error_rate"":0.0005}","{""detection_events"":298116,""detectors_checked"":136478720}"
    621568,         0,         0,    4.24,exact_mw,70a969f5042aec17ac076c6379f4170fb7c69b8e925756ef3b7334e28a33338b,"{""distance"":5,""physical_error_rate"":0.0001}","{""detection_events"":61880,""detectors_checked"":139231232}"
    481280,         1,         0,    4.23,exact_mw,cb12ae119b9b2ba18d0216e7235b403229e92fd0743ede48fe7f1a2c6f45d594,"{""distance"":5,""physical_error_rate"":0.0005}","{""detection_events"":239164,""detectors_checked"":107806720,""obs_mistake_mask=E"":1}"
    977691,         0,         0,    3.23,exact_mw,70a969f5042aec17ac076c6379f4170fb7c69b8e925756ef3b7334e28a33338b,"{""distance"":5,""physical_error_rate"":0.0001}","{""detection_events"":96827,""detectors_checked"":219002784}"
    621568,         0,         0,    4.22,exact_mw,70a969f5042aec17ac076c6379f4170fb7c69b8e925756ef3b7334e28a33338b,"{""distance"":5,""physical_error_rate"":0.0001}","{""detection_events"":61679,""detectors_checked"":139231232}"
    615424,         0,         0,    4.20,exact_mw,70a969f5042aec17ac076c6379f4170fb7c69b8e925756ef3b7334e28a33338b,"{""distance"":5,""physical_error_rate"":0.0001}","{""detection_events"":60292,""detectors_checked"":137854976}"
    704512,         0,         0,    4.25,exact_mw,70a969f5042aec17ac076c6379f4170fb7c69b8e925756ef3b7334e28a33338b,"{""distance"":5,""physical_error_rate"":0.0001}","{""detection_events"":69354,""detectors_checked"":157810688}"
    440320,         1,         0,    4.26,exact_mw,cb12ae119b9b2ba18d0216e7235b403229e92fd0743ede48fe7f1a2c6f45d594,"{""distance"":5,""physical_error_rate"":0.0005}","{""detection_events"":216083,""detectors_checked"":98631680,""obs_mistake_mask=E"":1}"
    663552,         0,         0,    4.25,exact_mw,70a969f5042aec17ac076c6379f4170fb7c69b8e925756ef3b7334e28a33338b,"{""distance"":5,""physical_error_rate"":0.0001}","{""detection_events"":65499,""detectors_checked"":148635648}"
    463872,         0,         0,    4.22,exact_mw,cb12ae119b9b2ba18d0216e7235b403229e92fd0743ede48fe7f1a2c6f45d594,"{""distance"":5,""physical_error_rate"":0.0005}","{""detection_events"":227689,""detectors_checked"":103907328}"
    360448,         0,         0,    4.25,exact_mw,cb12ae119b9b2ba18d0216e7235b403229e92fd0743ede48fe7f1a2c6f45d594,"{""distance"":5,""physical_error_rate"":0.0005}","{""detection_events"":177645,""detectors_checked"":80740352}"
    881913,         0,         0,    4.04,exact_mw,70a969f5042aec17ac076c6379f4170fb7c69b8e925756ef3b7334e28a33338b,"{""distance"":5,""physical_error_rate"":0.0001}","{""detection_events"":86030,""detectors_checked"":197548512}"
    736623,         0,         0,    4.49,exact_mw,70a969f5042aec17ac076c6379f4170fb7c69b8e925756ef3b7334e28a33338b,"{""distance"":5,""physical_error_rate"":0.0001}","{""detection_events"":72399,""detectors_checked"":165003552}"
    719872,         1,         0,    4.47,exact_mw,70a969f5042aec17ac076c6379f4170fb7c69b8e925756ef3b7334e28a33338b,"{""distance"":5,""physical_error_rate"":0.0001}","{""detection_events"":70668,""detectors_checked"":161251328,""obs_mistake_mask=E"":1}"
    705930,         0,         0,    4.18,exact_mw,70a969f5042aec17ac076c6379f4170fb7c69b8e925756ef3b7334e28a33338b,"{""distance"":5,""physical_error_rate"":0.0001}","{""detection_events"":70029,""detectors_checked"":158128320}"
    687104,         0,         0,    3.55,exact_mw,70a969f5042aec17ac076c6379f4170fb7c69b8e925756ef3b7334e28a33338b,"{""distance"":5,""physical_error_rate"":0.0001}","{""detection_events"":67616,""detectors_checked"":153911296}"
    670720,         0,         0,    4.19,exact_mw,70a969f5042aec17ac076c6379f4170fb7c69b8e925756ef3b7334e28a33338b,"{""distance"":5,""physical_error_rate"":0.0001}","{""detection_events"":66919,""detectors_checked"":150241280}"
    661504,         0,         0,    4.13,exact_mw,70a969f5042aec17ac076c6379f4170fb7c69b8e925756ef3b7334e28a33338b,"{""distance"":5,""physical_error_rate"":0.0001}","{""detection_events"":65693,""detectors_checked"":148176896}"
    705536,         0,         0,    4.15,exact_mw,70a969f5042aec17ac076c6379f4170fb7c69b8e925756ef3b7334e28a33338b,"{""distance"":5,""physical_error_rate"":0.0001}","{""detection_events"":69326,""detectors_checked"":158040064}"
    658432,         0,         0,    4.17,exact_mw,70a969f5042aec17ac076c6379f4170fb7c69b8e925756ef3b7334e28a33338b,"{""distance"":5,""physical_error_rate"":0.0001}","{""detection_events"":65103,""detectors_checked"":147488768}"
    704512,         0,         0,    4.74,exact_mw,70a969f5042aec17ac076c6379f4170fb7c69b8e925756ef3b7334e28a33338b,"{""distance"":5,""physical_error_rate"":0.0001}","{""detection_events"":69592,""detectors_checked"":157810688}"
      1418,         0,         0,   0.005,exact_mw,70a969f5042aec17ac076c6379f4170fb7c69b8e925756ef3b7334e28a33338b,"{""distance"":5,""physical_error_rate"":0.0001}","{""detection_events"":177,""detectors_checked"":317632}"
    488448,         0,         0,    3.59,exact_mw,70a969f5042aec17ac076c6379f4170fb7c69b8e925756ef3b7334e28a33338b,"{""distance"":5,""physical_error_rate"":0.0001}","{""detection_events"":47773,""detectors_checked"":109412352}"
    516096,         0,         0,    1.54,exact_mw,70a969f5042aec17ac076c6379f4170fb7c69b8e925756ef3b7334e28a33338b,"{""distance"":5,""physical_error_rate"":0.0001}","{""detection_events"":51057,""detectors_checked"":115605504}"
    591872,         0,         0,    3.59,exact_mw,70a969f5042aec17ac076c6379f4170fb7c69b8e925756ef3b7334e28a33338b,"{""distance"":5,""physical_error_rate"":0.0001}","{""detection_events"":57956,""detectors_checked"":132579328}"
    509952,         0,         0,    3.52,exact_mw,70a969f5042aec17ac076c6379f4170fb7c69b8e925756ef3b7334e28a33338b,"{""distance"":5,""physical_error_rate"":0.0001}","{""detection_events"":50480,""detectors_checked"":114229248}"
    527360,         0,         0,    3.55,exact_mw,70a969f5042aec17ac076c6379f4170fb7c69b8e925756ef3b7334e28a33338b,"{""distance"":5,""physical_error_rate"":0.0001}","{""detection_events"":52002,""detectors_checked"":118128640}"
    617472,         0,         0,    3.60,exact_mw,70a969f5042aec17ac076c6379f4170fb7c69b8e925756ef3b7334e28a33338b,"{""distance"":5,""physical_error_rate"":0.0001}","{""detection_events"":60785,""detectors_checked"":138313728}"
   2413474,         2,         0,    19.3,exact_mw,cb12ae119b9b2ba18d0216e7235b403229e92fd0743ede48fe7f1a2c6f45d594,"{""distance"":5,""physical_error_rate"":0.0005}","{""detection_events"":1187419,""detectors_checked"":540618176,""obs_mistake_mask=E"":2}"
   7941120,         6,         0,    58.4,exact_mw,cb12ae119b9b2ba18d0216e7235b403229e92fd0743ede48fe7f1a2c6f45d594,"{""distance"":5,""physical_error_rate"":0.0005}","{""detection_events"":3902388,""detectors_checked"":1778810880,""obs_mistake_mask=E"":6}"
   4919296,         4,         0,    20.1,exact_mw,cb12ae119b9b2ba18d0216e7235b403229e92fd0743ede48fe7f1a2c6f45d594,"{""distance"":5,""physical_error_rate"":0.0005}","{""detection_events"":2421175,""detectors_checked"":1101922304,""obs_mistake_mask=E"":4}"
    476138,         0,         0,    2.45,exact_mw,70a969f5042aec17ac076c6379f4170fb7c69b8e925756ef3b7334e28a33338b,"{""distance"":5,""physical_error_rate"":0.0001}","{""detection_events"":46534,""detectors_checked"":106654912}"
    373760,         0,         0,    2.21,exact_mw,70a969f5042aec17ac076c6379f4170fb7c69b8e925756ef3b7334e28a33338b,"{""distance"":5,""physical_error_rate"":0.0001}","{""detection_events"":36874,""detectors_checked"":83722240}"
   8540160,         5,         0,    73.4,exact_mw,cb12ae119b9b2ba18d0216e7235b403229e92fd0743ede48fe7f1a2c6f45d594,"{""distance"":5,""physical_error_rate"":0.0005}","{""detection_events"":4202968,""detectors_checked"":1912995840,""obs_mistake_mask=E"":5}"
    320832,         0,         0,    1.90,exact_mw,70a969f5042aec17ac076c6379f4170fb7c69b8e925756ef3b7334e28a33338b,"{""distance"":5,""physical_error_rate"":0.0001}","{""detection_events"":31681,""detectors_checked"":71866368}"
    305152,         0,         0,    1.81,exact_mw,70a969f5042aec17ac076c6379f4170fb7c69b8e925756ef3b7334e28a33338b,"{""distance"":5,""physical_error_rate"":0.0001}","{""detection_events"":29482,""detectors_checked"":68354048}"
    294912,         0,         0,    2.20,exact_mw,70a969f5042aec17ac076c6379f4170fb7c69b8e925756ef3b7334e28a33338b,"{""distance"":5,""physical_error_rate"":0.0001}","{""detection_events"":28762,""detectors_checked"":66060288}"
    291891,         0,         0,    1.73,exact_mw,70a969f5042aec17ac076c6379f4170fb7c69b8e925756ef3b7334e28a33338b,"{""distance"":5,""physical_error_rate"":0.0001}","{""detection_events"":28571,""detectors_checked"":65383584}"
    254726,         0,         0,    2.07,exact_mw,70a969f5042aec17ac076c6379f4170fb7c69b8e925756ef3b7334e28a33338b,"{""distance"":5,""physical_error_rate"":0.0001}","{""detection_events"":25173,""detectors_checked"":57058624}"
    244112,         0,         0,    1.42,exact_mw,70a969f5042aec17ac076c6379f4170fb7c69b8e925756ef3b7334e28a33338b,"{""distance"":5,""physical_error_rate"":0.0001}","{""detection_events"":23942,""detectors_checked"":54681088}"
    233941,         0,         0,   0.790,exact_mw,70a969f5042aec17ac076c6379f4170fb7c69b8e925756ef3b7334e28a33338b,"{""distance"":5,""physical_error_rate"":0.0001}","{""detection_events"":22905,""detectors_checked"":52402784}"
    233941,         0,         0,    1.83,exact_mw,70a969f5042aec17ac076c6379f4170fb7c69b8e925756ef3b7334e28a33338b,"{""distance"":5,""physical_error_rate"":0.0001}","{""detection_events"":22910,""detectors_checked"":52402784}"
    224193,         0,         0,   0.860,exact_mw,70a969f5042aec17ac076c6379f4170fb7c69b8e925756ef3b7334e28a33338b,"{""distance"":5,""physical_error_rate"":0.0001}","{""detection_events"":22362,""detectors_checked"":50219232}"
    205104,         0,         0,    1.01,exact_mw,70a969f5042aec17ac076c6379f4170fb7c69b8e925756ef3b7334e28a33338b,"{""distance"":5,""physical_error_rate"":0.0001}","{""detection_events"":20097,""detectors_checked"":45943296}"
    204800,         0,         0,    1.28,exact_mw,70a969f5042aec17ac076c6379f4170fb7c69b8e925756ef3b7334e28a33338b,"{""distance"":5,""physical_error_rate"":0.0001}","{""detection_events"":20558,""detectors_checked"":45875200}"
    196608,         0,         0,    1.29,exact_mw,70a969f5042aec17ac076c6379f4170fb7c69b8e925756ef3b7334e28a33338b,"{""distance"":5,""physical_error_rate"":0.0001}","{""detection_events"":19502,""detectors_checked"":44040192}"
    196558,         0,         0,    1.17,exact_mw,70a969f5042aec17ac076c6379f4170fb7c69b8e925756ef3b7334e28a33338b,"{""distance"":5,""physical_error_rate"":0.0001}","{""detection_events"":19605,""detectors_checked"":44028992}"
    191488,         0,         0,    1.12,exact_mw,70a969f5042aec17ac076c6379f4170fb7c69b8e925756ef3b7334e28a33338b,"{""distance"":5,""physical_error_rate"":0.0001}","{""detection_events"":18842,""detectors_checked"":42893312}"
    184320,         0,         0,    1.17,exact_mw,70a969f5042aec17ac076c6379f4170fb7c69b8e925756ef3b7334e28a33338b,"{""distance"":5,""physical_error_rate"":0.0001}","{""detection_events"":18348,""detectors_checked"":41287680}"
    190464,         0,         0,    1.17,exact_mw,70a969f5042aec17ac076c6379f4170fb7c69b8e925756ef3b7334e28a33338b,"{""distance"":5,""physical_error_rate"":0.0001}","{""detection_events"":18714,""detectors_checked"":42663936}"
    175104,         0,         0,    1.13,exact_mw,70a969f5042aec17ac076c6379f4170fb7c69b8e925756ef3b7334e28a33338b,"{""distance"":5,""physical_error_rate"":0.0001}","{""detection_events"":17124,""detectors_checked"":39223296}"
    177152,         0,         0,    1.12,exact_mw,70a969f5042aec17ac076c6379f4170fb7c69b8e925756ef3b7334e28a33338b,"{""distance"":5,""physical_error_rate"":0.0001}","{""detection_events"":17354,""detectors_checked"":39682048}"
    173056,         0,         0,    1.14,exact_mw,70a969f5042aec17ac076c6379f4170fb7c69b8e925756ef3b7334e28a33338b,"{""distance"":5,""physical_error_rate"":0.0001}","{""detection_events"":16701,""detectors_checked"":38764544}"
    191488,         0,         0,    1.15,exact_mw,70a969f5042aec17ac076c6379f4170fb7c69b8e925756ef3b7334e28a33338b,"{""distance"":5,""physical_error_rate"":0.0001}","{""detection_events"":19436,""detectors_checked"":42893312}"
   4566278,         3,         0,    20.2,exact_mw,cb12ae119b9b2ba18d0216e7235b403229e92fd0743ede48fe7f1a2c6f45d594,"{""distance"":5,""physical_error_rate"":0.0005}","{""detection_events"":2248373,""detectors_checked"":1022846272,""obs_mistake_mask=E"":3}"
    172032,         0,         0,    1.18,exact_mw,70a969f5042aec17ac076c6379f4170fb7c69b8e925756ef3b7334e28a33338b,"{""distance"":5,""physical_error_rate"":0.0001}","{""detection_events"":16598,""detectors_checked"":38535168}"
    196558,         0,         0,    1.14,exact_mw,70a969f5042aec17ac076c6379f4170fb7c69b8e925756ef3b7334e28a33338b,"{""distance"":5,""physical_error_rate"":0.0001}","{""detection_events"":19627,""detectors_checked"":44028992}"
    156672,         0,         0,   0.908,exact_mw,70a969f5042aec17ac076c6379f4170fb7c69b8e925756ef3b7334e28a33338b,"{""distance"":5,""physical_error_rate"":0.0001}","{""detection_events"":15342,""detectors_checked"":35094528}"
    145408,         0,         0,   0.856,exact_mw,70a969f5042aec17ac076c6379f4170fb7c69b8e925756ef3b7334e28a33338b,"{""distance"":5,""physical_error_rate"":0.0001}","{""detection_events"":14433,""detectors_checked"":32571392}"
    155648,         0,         0,   0.901,exact_mw,70a969f5042aec17ac076c6379f4170fb7c69b8e925756ef3b7334e28a33338b,"{""distance"":5,""physical_error_rate"":0.0001}","{""detection_events"":15070,""detectors_checked"":34865152}"
    137216,         0,         0,   0.854,exact_mw,70a969f5042aec17ac076c6379f4170fb7c69b8e925756ef3b7334e28a33338b,"{""distance"":5,""physical_error_rate"":0.0001}","{""detection_events"":13544,""detectors_checked"":30736384}"
    102824,         0,         0,   0.429,exact_mw,70a969f5042aec17ac076c6379f4170fb7c69b8e925756ef3b7334e28a33338b,"{""distance"":5,""physical_error_rate"":0.0001}","{""detection_events"":10274,""detectors_checked"":23032576}"
    138240,         0,         0,   0.807,exact_mw,70a969f5042aec17ac076c6379f4170fb7c69b8e925756ef3b7334e28a33338b,"{""distance"":5,""physical_error_rate"":0.0001}","{""detection_events"":13462,""detectors_checked"":30965760}"
     80896,         0,         0,   0.548,exact_mw,70a969f5042aec17ac076c6379f4170fb7c69b8e925756ef3b7334e28a33338b,"{""distance"":5,""physical_error_rate"":0.0001}","{""detection_events"":8171,""detectors_checked"":18120704}"
     89088,         0,         0,   0.524,exact_mw,70a969f5042aec17ac076c6379f4170fb7c69b8e925756ef3b7334e28a33338b,"{""distance"":5,""physical_error_rate"":0.0001}","{""detection_events"":8740,""detectors_checked"":19955712}"
    160768,         0,         0,   0.964,exact_mw,70a969f5042aec17ac076c6379f4170fb7c69b8e925756ef3b7334e28a33338b,"{""distance"":5,""physical_error_rate"":0.0001}","{""detection_events"":15455,""detectors_checked"":36012032}"
     73750,         0,         0,   0.433,exact_mw,70a969f5042aec17ac076c6379f4170fb7c69b8e925756ef3b7334e28a33338b,"{""distance"":5,""physical_error_rate"":0.0001}","{""detection_events"":7206,""detectors_checked"":16520000}"
     66560,         0,         0,   0.396,exact_mw,70a969f5042aec17ac076c6379f4170fb7c69b8e925756ef3b7334e28a33338b,"{""distance"":5,""physical_error_rate"":0.0001}","{""detection_events"":6652,""detectors_checked"":14909440}"
     51136,         0,         0,   0.303,exact_mw,70a969f5042aec17ac076c6379f4170fb7c69b8e925756ef3b7334e28a33338b,"{""distance"":5,""physical_error_rate"":0.0001}","{""detection_events"":5048,""detectors_checked"":11454464}"
     51136,         0,         0,   0.281,exact_mw,70a969f5042aec17ac076c6379f4170fb7c69b8e925756ef3b7334e28a33338b,"{""distance"":5,""physical_error_rate"":0.0001}","{""detection_events"":4947,""detectors_checked"":11454464}"
     48128,         0,         0,   0.274,exact_mw,70a969f5042aec17ac076c6379f4170fb7c69b8e925756ef3b7334e28a33338b,"{""distance"":5,""physical_error_rate"":0.0001}","{""detection_events"":4638,""detectors_checked"":10780672}"
      6248,         0,         0,   0.018,exact_mw,70a969f5042aec17ac076c6379f4170fb7c69b8e925756ef3b7334e28a33338b,"{""distance"":5,""physical_error_rate"":0.0001}","{""detection_events"":670,""detectors_checked"":1399552}"
     44101,         0,         0,   0.222,exact_mw,70a969f5042aec17ac076c6379f4170fb7c69b8e925756ef3b7334e28a33338b,"{""distance"":5,""physical_error_rate"":0.0001}","{""detection_events"":4125,""detectors_checked"":9878624}"
     39998,         0,         0,   0.211,exact_mw,70a969f5042aec17ac076c6379f4170fb7c69b8e925756ef3b7334e28a33338b,"{""distance"":5,""physical_error_rate"":0.0001}","{""detection_events"":4024,""detectors_checked"":8959552}"
     39998,         0,         0,   0.200,exact_mw,70a969f5042aec17ac076c6379f4170fb7c69b8e925756ef3b7334e28a33338b,"{""distance"":5,""physical_error_rate"":0.0001}","{""detection_events"":4089,""detectors_checked"":8959552}"
     41984,         0,         0,   0.214,exact_mw,70a969f5042aec17ac076c6379f4170fb7c69b8e925756ef3b7334e28a33338b,"{""distance"":5,""physical_error_rate"":0.0001}","{""detection_events"":4133,""detectors_checked"":9404416}"
     39998,         0,         0,   0.220,exact_mw,70a969f5042aec17ac076c6379f4170fb7c69b8e925756ef3b7334e28a33338b,"{""distance"":5,""physical_error_rate"":0.0001}","{""detection_events"":4041,""detectors_checked"":8959552}"
     39998,         0,         0,   0.251,exact_mw,70a969f5042aec17ac076c6379f4170fb7c69b8e925756ef3b7334e28a33338b,"{""distance"":5,""physical_error_rate"":0.0001}","{""detection_events"":4021,""detectors_checked"":8959552}"
     35840,         0,         0,   0.221,exact_mw,70a969f5042aec17ac076c6379f4170fb7c69b8e925756ef3b7334e28a33338b,"{""distance"":5,""physical_error_rate"":0.0001}","{""detection_events"":3550,""detectors_checked"":8028160}"
     39936,         0,         0,   0.235,exact_mw,70a969f5042aec17ac076c6379f4170fb7c69b8e925756ef3b7334e28a33338b,"{""distance"":5,""physical_error_rate"":0.0001}","{""detection_events"":3801,""detectors_checked"":8945664}"
     37888,         0,         0,   0.205,exact_mw,70a969f5042aec17ac076c6379f4170fb7c69b8e925756ef3b7334e28a33338b,"{""distance"":5,""physical_error_rate"":0.0001}","{""detection_events"":3747,""detectors_checked"":8486912}"
     37888,         0,         0,   0.210,exact_mw,70a969f5042aec17ac076c6379f4170fb7c69b8e925756ef3b7334e28a33338b,"{""distance"":5,""physical_error_rate"":0.0001}","{""detection_events"":3936,""detectors_checked"":8486912}"
     33249,         0,         0,   0.259,exact_mw,70a969f5042aec17ac076c6379f4170fb7c69b8e925756ef3b7334e28a33338b,"{""distance"":5,""physical_error_rate"":0.0001}","{""detection_events"":3198,""detectors_checked"":7447776}"
     31582,         0,         0,   0.262,exact_mw,70a969f5042aec17ac076c6379f4170fb7c69b8e925756ef3b7334e28a33338b,"{""distance"":5,""physical_error_rate"":0.0001}","{""detection_events"":3101,""detectors_checked"":7074368}"
     33792,         0,         0,   0.243,exact_mw,70a969f5042aec17ac076c6379f4170fb7c69b8e925756ef3b7334e28a33338b,"{""distance"":5,""physical_error_rate"":0.0001}","{""detection_events"":3340,""detectors_checked"":7569408}"
     32768,         0,         0,   0.153,exact_mw,70a969f5042aec17ac076c6379f4170fb7c69b8e925756ef3b7334e28a33338b,"{""distance"":5,""physical_error_rate"":0.0001}","{""detection_events"":3318,""detectors_checked"":7340032}"
     30720,         0,         0,   0.173,exact_mw,70a969f5042aec17ac076c6379f4170fb7c69b8e925756ef3b7334e28a33338b,"{""distance"":5,""physical_error_rate"":0.0001}","{""detection_events"":3070,""detectors_checked"":6881280}"
     32768,         0,         0,   0.170,exact_mw,70a969f5042aec17ac076c6379f4170fb7c69b8e925756ef3b7334e28a33338b,"{""distance"":5,""physical_error_rate"":0.0001}","{""detection_events"":3282,""detectors_checked"":7340032}"
     28672,         0,         0,   0.134,exact_mw,70a969f5042aec17ac076c6379f4170fb7c69b8e925756ef3b7334e28a33338b,"{""distance"":5,""physical_error_rate"":0.0001}","{""detection_events"":2987,""detectors_checked"":6422528}"
     30720,         0,         0,   0.169,exact_mw,70a969f5042aec17ac076c6379f4170fb7c69b8e925756ef3b7334e28a33338b,"{""distance"":5,""physical_error_rate"":0.0001}","{""detection_events"":3009,""detectors_checked"":6881280}"
      5443,         0,         0,   0.018,exact_mw,70a969f5042aec17ac076c6379f4170fb7c69b8e925756ef3b7334e28a33338b,"{""distance"":5,""physical_error_rate"":0.0001}","{""detection_events"":422,""detectors_checked"":1219232}"
     32768,         0,         0,   0.250,exact_mw,70a969f5042aec17ac076c6379f4170fb7c69b8e925756ef3b7334e28a33338b,"{""distance"":5,""physical_error_rate"":0.0001}","{""detection_events"":3096,""detectors_checked"":7340032}"
      1677,         0,         0,   0.006,exact_mw,70a969f5042aec17ac076c6379f4170fb7c69b8e925756ef3b7334e28a33338b,"{""distance"":5,""physical_error_rate"":0.0001}","{""detection_events"":127,""detectors_checked"":375648}"
      1879,         0,         0,   0.006,exact_mw,70a969f5042aec17ac076c6379f4170fb7c69b8e925756ef3b7334e28a33338b,"{""distance"":5,""physical_error_rate"":0.0001}","{""detection_events"":205,""detectors_checked"":420896}"
     19793,         0,         0,   0.084,exact_mw,70a969f5042aec17ac076c6379f4170fb7c69b8e925756ef3b7334e28a33338b,"{""distance"":5,""physical_error_rate"":0.0001}","{""detection_events"":2104,""detectors_checked"":4433632}"
      2529,         0,         0,   0.007,exact_mw,70a969f5042aec17ac076c6379f4170fb7c69b8e925756ef3b7334e28a33338b,"{""distance"":5,""physical_error_rate"":0.0001}","{""detection_events"":319,""detectors_checked"":566496}"
      3897,         0,         0,   0.012,exact_mw,70a969f5042aec17ac076c6379f4170fb7c69b8e925756ef3b7334e28a33338b,"{""distance"":5,""physical_error_rate"":0.0001}","{""detection_events"":407,""detectors_checked"":872928}"
     21158,         0,         0,   0.117,exact_mw,70a969f5042aec17ac076c6379f4170fb7c69b8e925756ef3b7334e28a33338b,"{""distance"":5,""physical_error_rate"":0.0001}","{""detection_events"":1939,""detectors_checked"":4739392}"
     23552,         0,         0,   0.131,exact_mw,70a969f5042aec17ac076c6379f4170fb7c69b8e925756ef3b7334e28a33338b,"{""distance"":5,""physical_error_rate"":0.0001}","{""detection_events"":2232,""detectors_checked"":5275648}"
      2873,         0,         0,   0.009,exact_mw,70a969f5042aec17ac076c6379f4170fb7c69b8e925756ef3b7334e28a33338b,"{""distance"":5,""physical_error_rate"":0.0001}","{""detection_events"":259,""detectors_checked"":643552}"
     21158,         0,         0,   0.115,exact_mw,70a969f5042aec17ac076c6379f4170fb7c69b8e925756ef3b7334e28a33338b,"{""distance"":5,""physical_error_rate"":0.0001}","{""detection_events"":2156,""detectors_checked"":4739392}"
      1408,         0,         0,   0.004,exact_mw,70a969f5042aec17ac076c6379f4170fb7c69b8e925756ef3b7334e28a33338b,"{""distance"":5,""physical_error_rate"":0.0001}","{""detection_events"":124,""detectors_checked"":315392}"
     12108,         0,         0,   0.051,exact_mw,70a969f5042aec17ac076c6379f4170fb7c69b8e925756ef3b7334e28a33338b,"{""distance"":5,""physical_error_rate"":0.0001}","{""detection_events"":1158,""detectors_checked"":2712192}"
      9977,         0,         0,   0.055,exact_mw,70a969f5042aec17ac076c6379f4170fb7c69b8e925756ef3b7334e28a33338b,"{""distance"":5,""physical_error_rate"":0.0001}","{""detection_events"":1020,""detectors_checked"":2234848}"
     21504,         0,         0,   0.138,exact_mw,70a969f5042aec17ac076c6379f4170fb7c69b8e925756ef3b7334e28a33338b,"{""distance"":5,""physical_error_rate"":0.0001}","{""detection_events"":2107,""detectors_checked"":4816896}"
      2136,         0,         0,   0.006,exact_mw,70a969f5042aec17ac076c6379f4170fb7c69b8e925756ef3b7334e28a33338b,"{""distance"":5,""physical_error_rate"":0.0001}","{""detection_events"":218,""detectors_checked"":478464}"
      9977,         0,         0,   0.055,exact_mw,70a969f5042aec17ac076c6379f4170fb7c69b8e925756ef3b7334e28a33338b,"{""distance"":5,""physical_error_rate"":0.0001}","{""detection_events"":1009,""detectors_checked"":2234848}"
      2660,         0,         0,   0.008,exact_mw,70a969f5042aec17ac076c6379f4170fb7c69b8e925756ef3b7334e28a33338b,"{""distance"":5,""physical_error_rate"":0.0001}","{""detection_events"":294,""detectors_checked"":595840}"
      4577,         0,         0,   0.014,exact_mw,70a969f5042aec17ac076c6379f4170fb7c69b8e925756ef3b7334e28a33338b,"{""distance"":5,""physical_error_rate"":0.0001}","{""detection_events"":463,""detectors_checked"":1025248}"
     12288,         0,         0,   0.054,exact_mw,70a969f5042aec17ac076c6379f4170fb7c69b8e925756ef3b7334e28a33338b,"{""distance"":5,""physical_error_rate"":0.0001}","{""detection_events"":1151,""detectors_checked"":2752512}"
      9216,         0,         0,   0.062,exact_mw,70a969f5042aec17ac076c6379f4170fb7c69b8e925756ef3b7334e28a33338b,"{""distance"":5,""physical_error_rate"":0.0001}","{""detection_events"":901,""detectors_checked"":2064384}"
      2338,         0,         0,   0.008,exact_mw,70a969f5042aec17ac076c6379f4170fb7c69b8e925756ef3b7334e28a33338b,"{""distance"":5,""physical_error_rate"":0.0001}","{""detection_events"":258,""detectors_checked"":523712}"
      5563,         0,         0,   0.030,exact_mw,70a969f5042aec17ac076c6379f4170fb7c69b8e925756ef3b7334e28a33338b,"{""distance"":5,""physical_error_rate"":0.0001}","{""detection_events"":601,""detectors_checked"":1246112}"
     11264,         0,         0,   0.061,exact_mw,70a969f5042aec17ac076c6379f4170fb7c69b8e925756ef3b7334e28a33338b,"{""distance"":5,""physical_error_rate"":0.0001}","{""detection_events"":1159,""detectors_checked"":2523136}"
      7168,         0,         0,   0.022,exact_mw,70a969f5042aec17ac076c6379f4170fb7c69b8e925756ef3b7334e28a33338b,"{""distance"":5,""physical_error_rate"":0.0001}","{""detection_events"":716,""detectors_checked"":1605632}"
       549,         0,         0,   0.002,exact_mw,70a969f5042aec17ac076c6379f4170fb7c69b8e925756ef3b7334e28a33338b,"{""distance"":5,""physical_error_rate"":0.0001}","{""detection_events"":75,""detectors_checked"":122976}"
       765,         0,         0,   0.002,exact_mw,70a969f5042aec17ac076c6379f4170fb7c69b8e925756ef3b7334e28a33338b,"{""distance"":5,""physical_error_rate"":0.0001}","{""detection_events"":76,""detectors_checked"":171360}"
     12108,         0,         0,   0.062,exact_mw,70a969f5042aec17ac076c6379f4170fb7c69b8e925756ef3b7334e28a33338b,"{""distance"":5,""physical_error_rate"":0.0001}","{""detection_events"":1185,""detectors_checked"":2712192}"
      1260,         0,         0,   0.004,exact_mw,70a969f5042aec17ac076c6379f4170fb7c69b8e925756ef3b7334e28a33338b,"{""distance"":5,""physical_error_rate"":0.0001}","{""detection_events"":111,""detectors_checked"":282240}"
      1077,         0,         0,   0.004,exact_mw,70a969f5042aec17ac076c6379f4170fb7c69b8e925756ef3b7334e28a33338b,"{""distance"":5,""physical_error_rate"":0.0001}","{""detection_events"":110,""detectors_checked"":241248}"
      3743,         0,         0,   0.011,exact_mw,70a969f5042aec17ac076c6379f4170fb7c69b8e925756ef3b7334e28a33338b,"{""distance"":5,""physical_error_rate"":0.0001}","{""detection_events"":304,""detectors_checked"":838432}"
       115,         0,         0,   0.001,exact_mw,70a969f5042aec17ac076c6379f4170fb7c69b8e925756ef3b7334e28a33338b,"{""distance"":5,""physical_error_rate"":0.0001}","{""detection_events"":8,""detectors_checked"":25760}"
      6144,         0,         0,   0.023,exact_mw,70a969f5042aec17ac076c6379f4170fb7c69b8e925756ef3b7334e28a33338b,"{""distance"":5,""physical_error_rate"":0.0001}","{""detection_events"":605,""detectors_checked"":1376256}"
      4052,         0,         0,   0.026,exact_mw,70a969f5042aec17ac076c6379f4170fb7c69b8e925756ef3b7334e28a33338b,"{""distance"":5,""physical_error_rate"":0.0001}","{""detection_events"":389,""detectors_checked"":907648}"
       109,         0,         0,   0.000,exact_mw,70a969f5042aec17ac076c6379f4170fb7c69b8e925756ef3b7334e28a33338b,"{""distance"":5,""physical_error_rate"":0.0001}","{""detection_events"":18,""detectors_checked"":24416}"
      6144,         0,         0,   0.027,exact_mw,70a969f5042aec17ac076c6379f4170fb7c69b8e925756ef3b7334e28a33338b,"{""distance"":5,""physical_error_rate"":0.0001}","{""detection_events"":654,""detectors_checked"":1376256}"
       844,         0,         0,   0.003,exact_mw,70a969f5042aec17ac076c6379f4170fb7c69b8e925756ef3b7334e28a33338b,"{""distance"":5,""physical_error_rate"":0.0001}","{""detection_events"":61,""detectors_checked"":189056}"
      8192,         0,         0,   0.065,exact_mw,70a969f5042aec17ac076c6379f4170fb7c69b8e925756ef3b7334e28a33338b,"{""distance"":5,""physical_error_rate"":0.0001}","{""detection_events"":835,""detectors_checked"":1835008}"
       504,         0,         0,   0.002,exact_mw,70a969f5042aec17ac076c6379f4170fb7c69b8e925756ef3b7334e28a33338b,"{""distance"":5,""physical_error_rate"":0.0001}","{""detection_events"":68,""detectors_checked"":112896}"
      3484,         0,         0,   0.011,exact_mw,70a969f5042aec17ac076c6379f4170fb7c69b8e925756ef3b7334e28a33338b,"{""distance"":5,""physical_error_rate"":0.0001}","{""detection_events"":428,""detectors_checked"":780416}"
      1245,         0,         0,   0.004,exact_mw,70a969f5042aec17ac076c6379f4170fb7c69b8e925756ef3b7334e28a33338b,"{""distance"":5,""physical_error_rate"":0.0001}","{""detection_events"":114,""detectors_checked"":278880}"
       980,         0,         0,   0.003,exact_mw,70a969f5042aec17ac076c6379f4170fb7c69b8e925756ef3b7334e28a33338b,"{""distance"":5,""physical_error_rate"":0.0001}","{""detection_events"":105,""detectors_checked"":219520}"
      3645,         0,         0,   0.015,exact_mw,70a969f5042aec17ac076c6379f4170fb7c69b8e925756ef3b7334e28a33338b,"{""distance"":5,""physical_error_rate"":0.0001}","{""detection_events"":380,""detectors_checked"":816480}"
       464,         0,         0,   0.001,exact_mw,70a969f5042aec17ac076c6379f4170fb7c69b8e925756ef3b7334e28a33338b,"{""distance"":5,""physical_error_rate"":0.0001}","{""detection_events"":35,""detectors_checked"":103936}"
      5945,         0,         0,   0.026,exact_mw,70a969f5042aec17ac076c6379f4170fb7c69b8e925756ef3b7334e28a33338b,"{""distance"":5,""physical_error_rate"":0.0001}","{""detection_events"":513,""detectors_checked"":1331680}"
      2048,         0,         0,   0.006,exact_mw,70a969f5042aec17ac076c6379f4170fb7c69b8e925756ef3b7334e28a33338b,"{""distance"":5,""physical_error_rate"":0.0001}","{""detection_events"":231,""detectors_checked"":458752}"
      1400,         0,         0,   0.004,exact_mw,70a969f5042aec17ac076c6379f4170fb7c69b8e925756ef3b7334e28a33338b,"{""distance"":5,""physical_error_rate"":0.0001}","{""detection_events"":133,""detectors_checked"":313600}"
      2764,         0,         0,   0.008,exact_mw,70a969f5042aec17ac076c6379f4170fb7c69b8e925756ef3b7334e28a33338b,"{""distance"":5,""physical_error_rate"":0.0001}","{""detection_events"":214,""detectors_checked"":619136}"
      1401,         0,         0,   0.004,exact_mw,70a969f5042aec17ac076c6379f4170fb7c69b8e925756ef3b7334e28a33338b,"{""distance"":5,""physical_error_rate"":0.0001}","{""detection_events"":142,""detectors_checked"":313824}"
      2205,         0,         0,   0.007,exact_mw,70a969f5042aec17ac076c6379f4170fb7c69b8e925756ef3b7334e28a33338b,"{""distance"":5,""physical_error_rate"":0.0001}","{""detection_events"":255,""detectors_checked"":493920}"
      2764,         0,         0,   0.009,exact_mw,70a969f5042aec17ac076c6379f4170fb7c69b8e925756ef3b7334e28a33338b,"{""distance"":5,""physical_error_rate"":0.0001}","{""detection_events"":269,""detectors_checked"":619136}"
        90,         0,         0,   0.000,exact_mw,70a969f5042aec17ac076c6379f4170fb7c69b8e925756ef3b7334e28a33338b,"{""distance"":5,""physical_error_rate"":0.0001}","{""detection_events"":13,""detectors_checked"":20160}"
      2256,         0,         0,   0.007,exact_mw,70a969f5042aec17ac076c6379f4170fb7c69b8e925756ef3b7334e28a33338b,"{""distance"":5,""physical_error_rate"":0.0001}","{""detection_events"":254,""detectors_checked"":505344}"
       122,         0,         0,   0.001,exact_mw,70a969f5042aec17ac076c6379f4170fb7c69b8e925756ef3b7334e28a33338b,"{""distance"":5,""physical_error_rate"":0.0001}","{""detection_events"":17,""detectors_checked"":27328}"
        90,         0,         0,   0.000,exact_mw,70a969f5042aec17ac076c6379f4170fb7c69b8e925756ef3b7334e28a33338b,"{""distance"":5,""physical_error_rate"":0.0001}","{""detection_events"":3,""detectors_checked"":20160}"
       967,         0,         0,   0.003,exact_mw,70a969f5042aec17ac076c6379f4170fb7c69b8e925756ef3b7334e28a33338b,"{""distance"":5,""physical_error_rate"":0.0001}","{""detection_events"":109,""detectors_checked"":216608}"
      2256,         0,         0,   0.017,exact_mw,70a969f5042aec17ac076c6379f4170fb7c69b8e925756ef3b7334e28a33338b,"{""distance"":5,""physical_error_rate"":0.0001}","{""detection_events"":281,""detectors_checked"":505344}"
      1493,         0,         0,   0.005,exact_mw,70a969f5042aec17ac076c6379f4170fb7c69b8e925756ef3b7334e28a33338b,"{""distance"":5,""physical_error_rate"":0.0001}","{""detection_events"":163,""detectors_checked"":334432}"
      2764,         0,         0,   0.008,exact_mw,70a969f5042aec17ac076c6379f4170fb7c69b8e925756ef3b7334e28a33338b,"{""distance"":5,""physical_error_rate"":0.0001}","{""detection_events"":297,""detectors_checked"":619136}"
       110,         0,         0,   0.000,exact_mw,70a969f5042aec17ac076c6379f4170fb7c69b8e925756ef3b7334e28a33338b,"{""distance"":5,""physical_error_rate"":0.0001}","{""detection_events"":10,""detectors_checked"":24640}"
       868,         0,         0,   0.011,exact_mw,70a969f5042aec17ac076c6379f4170fb7c69b8e925756ef3b7334e28a33338b,"{""distance"":5,""physical_error_rate"":0.0001}","{""detection_events"":60,""detectors_checked"":194432}"
      3055,         0,         0,   0.009,exact_mw,70a969f5042aec17ac076c6379f4170fb7c69b8e925756ef3b7334e28a33338b,"{""distance"":5,""physical_error_rate"":0.0001}","{""detection_events"":343,""detectors_checked"":684320}"
      3072,         0,         0,   0.013,exact_mw,70a969f5042aec17ac076c6379f4170fb7c69b8e925756ef3b7334e28a33338b,"{""distance"":5,""physical_error_rate"":0.0001}","{""detection_events"":318,""detectors_checked"":688128}"
      2048,         0,         0,   0.006,exact_mw,70a969f5042aec17ac076c6379f4170fb7c69b8e925756ef3b7334e28a33338b,"{""distance"":5,""physical_error_rate"":0.0001}","{""detection_events"":209,""detectors_checked"":458752}"
      2048,         0,         0,   0.011,exact_mw,70a969f5042aec17ac076c6379f4170fb7c69b8e925756ef3b7334e28a33338b,"{""distance"":5,""physical_error_rate"":0.0001}","{""detection_events"":193,""detectors_checked"":458752}"
      2764,         0,         0,   0.013,exact_mw,70a969f5042aec17ac076c6379f4170fb7c69b8e925756ef3b7334e28a33338b,"{""distance"":5,""physical_error_rate"":0.0001}","{""detection_events"":309,""detectors_checked"":619136}"
        82,         0,         0,   0.002,exact_mw,70a969f5042aec17ac076c6379f4170fb7c69b8e925756ef3b7334e28a33338b,"{""distance"":5,""physical_error_rate"":0.0001}","{""detection_events"":7,""detectors_checked"":18368}"
        35,         0,         0,   0.000,exact_mw,70a969f5042aec17ac076c6379f4170fb7c69b8e925756ef3b7334e28a33338b,"{""distance"":5,""physical_error_rate"":0.0001}","{""detection_events"":2,""detectors_checked"":7840}"
       167,         0,         0,   0.001,exact_mw,70a969f5042aec17ac076c6379f4170fb7c69b8e925756ef3b7334e28a33338b,"{""distance"":5,""physical_error_rate"":0.0001}","{""detection_events"":15,""detectors_checked"":37408}"
        51,         0,         0,   0.000,exact_mw,70a969f5042aec17ac076c6379f4170fb7c69b8e925756ef3b7334e28a33338b,"{""distance"":5,""physical_error_rate"":0.0001}","{""detection_events"":3,""detectors_checked"":11424}"
       220,         0,         0,   0.001,exact_mw,70a969f5042aec17ac076c6379f4170fb7c69b8e925756ef3b7334e28a33338b,"{""distance"":5,""physical_error_rate"":0.0001}","{""detection_events"":18,""detectors_checked"":49280}"
       220,         0,         0,   0.001,exact_mw,70a969f5042aec17ac076c6379f4170fb7c69b8e925756ef3b7334e28a33338b,"{""distance"":5,""physical_error_rate"":0.0001}","{""detection_events"":12,""detectors_checked"":49280}"
        67,         0,         0,   0.000,exact_mw,70a969f5042aec17ac076c6379f4170fb7c69b8e925756ef3b7334e28a33338b,"{""distance"":5,""physical_error_rate"":0.0001}","{""detection_events"":3,""detectors_checked"":15008}"
        45,         0,         0,   0.000,exact_mw,70a969f5042aec17ac076c6379f4170fb7c69b8e925756ef3b7334e28a33338b,"{""distance"":5,""physical_error_rate"":0.0001}","{""detection_events"":11,""detectors_checked"":10080}"
         5,         0,         0,   0.000,exact_mw,70a969f5042aec17ac076c6379f4170fb7c69b8e925756ef3b7334e28a33338b,"{""distance"":5,""physical_error_rate"":0.0001}","{""detection_events"":2,""detectors_checked"":1120}"
        40,         0,         0,   0.000,exact_mw,70a969f5042aec17ac076c6379f4170fb7c69b8e925756ef3b7334e28a33338b,"{""distance"":5,""physical_error_rate"":0.0001}","{""detection_events"":4,""detectors_checked"":8960}"
       217,         0,         0,   0.001,exact_mw,70a969f5042aec17ac076c6379f4170fb7c69b8e925756ef3b7334e28a33338b,"{""distance"":5,""physical_error_rate"":0.0001}","{""detection_events"":12,""detectors_checked"":48608}"
        82,         0,         0,   0.000,exact_mw,70a969f5042aec17ac076c6379f4170fb7c69b8e925756ef3b7334e28a33338b,"{""distance"":5,""physical_error_rate"":0.0001}","{""detection_events"":3,""detectors_checked"":18368}"
       335,         0,         0,   0.001,exact_mw,70a969f5042aec17ac076c6379f4170fb7c69b8e925756ef3b7334e28a33338b,"{""distance"":5,""physical_error_rate"":0.0001}","{""detection_events"":35,""detectors_checked"":75040}"
       421,         0,         0,   0.001,exact_mw,70a969f5042aec17ac076c6379f4170fb7c69b8e925756ef3b7334e28a33338b,"{""distance"":5,""physical_error_rate"":0.0001}","{""detection_events"":33,""detectors_checked"":94304}"
       206,         0,         0,   0.001,exact_mw,70a969f5042aec17ac076c6379f4170fb7c69b8e925756ef3b7334e28a33338b,"{""distance"":5,""physical_error_rate"":0.0001}","{""detection_events"":13,""detectors_checked"":46144}"
       116,         0,         0,   0.001,exact_mw,70a969f5042aec17ac076c6379f4170fb7c69b8e925756ef3b7334e28a33338b,"{""distance"":5,""physical_error_rate"":0.0001}","{""detection_events"":16,""detectors_checked"":25984}"
       116,         0,         0,   0.000,exact_mw,70a969f5042aec17ac076c6379f4170fb7c69b8e925756ef3b7334e28a33338b,"{""distance"":5,""physical_error_rate"":0.0001}","{""detection_events"":8,""detectors_checked"":25984}"
        85,         0,         0,   0.000,exact_mw,70a969f5042aec17ac076c6379f4170fb7c69b8e925756ef3b7334e28a33338b,"{""distance"":5,""physical_error_rate"":0.0001}","{""detection_events"":12,""detectors_checked"":19040}"
         2,         0,         0,   0.000,exact_mw,70a969f5042aec17ac076c6379f4170fb7c69b8e925756ef3b7334e28a33338b,"{""distance"":5,""physical_error_rate"":0.0001}","{""detectors_checked"":448}"
         2,         0,         0,   0.000,exact_mw,70a969f5042aec17ac076c6379f4170fb7c69b8e925756ef3b7334e28a33338b,"{""distance"":5,""physical_error_rate"":0.0001}","{""detection_events"":2,""detectors_checked"":448}"
      2764,         0,         0,   0.028,exact_mw,70a969f5042aec17ac076c6379f4170fb7c69b8e925756ef3b7334e28a33338b,"{""distance"":5,""physical_error_rate"":0.0001}","{""detection_events"":300,""detectors_checked"":619136}"
   1870848,         1,         0,    20.6,exact_mw,cb12ae119b9b2ba18d0216e7235b403229e92fd0743ede48fe7f1a2c6f45d594,"{""distance"":5,""physical_error_rate"":0.0005}","{""detection_events"":922447,""detectors_checked"":419069952,""obs_mistake_mask=E"":1}"
   2695168,         1,         0,    20.7,exact_mw,cb12ae119b9b2ba18d0216e7235b403229e92fd0743ede48fe7f1a2c6f45d594,"{""distance"":5,""physical_error_rate"":0.0005}","{""detection_events"":1326802,""detectors_checked"":603717632,""obs_mistake_mask=E"":1}"
   2864128,         1,         0,    21.1,exact_mw,cb12ae119b9b2ba18d0216e7235b403229e92fd0743ede48fe7f1a2c6f45d594,"{""distance"":5,""physical_error_rate"":0.0005}","{""detection_events"":1410300,""detectors_checked"":641564672,""obs_mistake_mask=E"":1}"
   3208192,         1,         0,    21.1,exact_mw,cb12ae119b9b2ba18d0216e7235b403229e92fd0743ede48fe7f1a2c6f45d594,"{""distance"":5,""physical_error_rate"":0.0005}","{""detection_events"":1580761,""detectors_checked"":718635008,""obs_mistake_mask=E"":1}"
   2324480,         0,         0,    20.7,exact_mw,cb12ae119b9b2ba18d0216e7235b403229e92fd0743ede48fe7f1a2c6f45d594,"{""distance"":5,""physical_error_rate"":0.0005}","{""detection_events"":1143468,""detectors_checked"":520683520}"
      1297,         0,         0,   0.023,exact_mw,cb12ae119b9b2ba18d0216e7235b403229e92fd0743ede48fe7f1a2c6f45d594,"{""distance"":5,""physical_error_rate"":0.0005}","{""detection_events"":619,""detectors_checked"":290528}"
      3072,         0,         0,   0.026,exact_mw,cb12ae119b9b2ba18d0216e7235b403229e92fd0743ede48fe7f1a2c6f45d594,"{""distance"":5,""physical_error_rate"":0.0005}","{""detection_events"":1540,""detectors_checked"":688128}"
      3072,         0,         0,   0.026,exact_mw,cb12ae119b9b2ba18d0216e7235b403229e92fd0743ede48fe7f1a2c6f45d594,"{""distance"":5,""physical_error_rate"":0.0005}","{""detection_events"":1603,""detectors_checked"":688128}"
      5120,         0,         0,   0.030,exact_mw,cb12ae119b9b2ba18d0216e7235b403229e92fd0743ede48fe7f1a2c6f45d594,"{""distance"":5,""physical_error_rate"":0.0005}","{""detection_events"":2461,""detectors_checked"":1146880}"
      5120,         0,         0,   0.045,exact_mw,cb12ae119b9b2ba18d0216e7235b403229e92fd0743ede48fe7f1a2c6f45d594,"{""distance"":5,""physical_error_rate"":0.0005}","{""detection_events"":2470,""detectors_checked"":1146880}"
      8192,         0,         0,   0.056,exact_mw,cb12ae119b9b2ba18d0216e7235b403229e92fd0743ede48fe7f1a2c6f45d594,"{""distance"":5,""physical_error_rate"":0.0005}","{""detection_events"":3882,""detectors_checked"":1835008}"
      9216,         0,         0,   0.077,exact_mw,cb12ae119b9b2ba18d0216e7235b403229e92fd0743ede48fe7f1a2c6f45d594,"{""distance"":5,""physical_error_rate"":0.0005}","{""detection_events"":4466,""detectors_checked"":2064384}"
     14336,         0,         0,   0.107,exact_mw,cb12ae119b9b2ba18d0216e7235b403229e92fd0743ede48fe7f1a2c6f45d594,"{""distance"":5,""physical_error_rate"":0.0005}","{""detection_events"":6826,""detectors_checked"":3211264}"
   1742163,         1,         0,    6.90,exact_mw,cb12ae119b9b2ba18d0216e7235b403229e92fd0743ede48fe7f1a2c6f45d594,"{""distance"":5,""physical_error_rate"":0.0005}","{""detection_events"":857772,""detectors_checked"":390244512,""obs_mistake_mask=E"":1}"
     19456,         0,         0,   0.150,exact_mw,cb12ae119b9b2ba18d0216e7235b403229e92fd0743ede48fe7f1a2c6f45d594,"{""distance"":5,""physical_error_rate"":0.0005}","{""detection_events"":9435,""detectors_checked"":4358144}"
      2321,         0,         0,   0.023,exact_mw,cb12ae119b9b2ba18d0216e7235b403229e92fd0743ede48fe7f1a2c6f45d594,"{""distance"":5,""physical_error_rate"":0.0005}","{""detection_events"":1147,""detectors_checked"":519904}"
      4096,         0,         0,   0.027,exact_mw,cb12ae119b9b2ba18d0216e7235b403229e92fd0743ede48fe7f1a2c6f45d594,"{""distance"":5,""physical_error_rate"":0.0005}","{""detection_events"":1950,""detectors_checked"":917504}"
      3072,         0,         0,   0.025,exact_mw,cb12ae119b9b2ba18d0216e7235b403229e92fd0743ede48fe7f1a2c6f45d594,"{""distance"":5,""physical_error_rate"":0.0005}","{""detection_events"":1461,""detectors_checked"":688128}"
      4096,         0,         0,   0.030,exact_mw,cb12ae119b9b2ba18d0216e7235b403229e92fd0743ede48fe7f1a2c6f45d594,"{""distance"":5,""physical_error_rate"":0.0005}","{""detection_events"":2125,""detectors_checked"":917504}"
      1297,         0,         0,   0.020,exact_mw,cb12ae119b9b2ba18d0216e7235b403229e92fd0743ede48fe7f1a2c6f45d594,"{""distance"":5,""physical_error_rate"":0.0005}","{""detection_events"":668,""detectors_checked"":290528}"
      3072,         0,         0,   0.025,exact_mw,cb12ae119b9b2ba18d0216e7235b403229e92fd0743ede48fe7f1a2c6f45d594,"{""distance"":5,""physical_error_rate"":0.0005}","{""detection_events"":1468,""detectors_checked"":688128}"
      5120,         0,         0,   0.047,exact_mw,cb12ae119b9b2ba18d0216e7235b403229e92fd0743ede48fe7f1a2c6f45d594,"{""distance"":5,""physical_error_rate"":0.0005}","{""detection_events"":2471,""detectors_checked"":1146880}"
      4096,         0,         0,   0.026,exact_mw,cb12ae119b9b2ba18d0216e7235b403229e92fd0743ede48fe7f1a2c6f45d594,"{""distance"":5,""physical_error_rate"":0.0005}","{""detection_events"":1925,""detectors_checked"":917504}"
     25600,         0,         0,   0.206,exact_mw,cb12ae119b9b2ba18d0216e7235b403229e92fd0743ede48fe7f1a2c6f45d594,"{""distance"":5,""physical_error_rate"":0.0005}","{""detection_events"":12775,""detectors_checked"":5734400}"
      5120,         0,         0,   0.030,exact_mw,cb12ae119b9b2ba18d0216e7235b403229e92fd0743ede48fe7f1a2c6f45d594,"{""distance"":5,""physical_error_rate"":0.0005}","{""detection_events"":2508,""detectors_checked"":1146880}"
      6144,         0,         0,   0.055,exact_mw,cb12ae119b9b2ba18d0216e7235b403229e92fd0743ede48fe7f1a2c6f45d594,"{""distance"":5,""physical_error_rate"":0.0005}","{""detection_events"":3178,""detectors_checked"":1376256}"
      1297,         0,         0,   0.020,exact_mw,cb12ae119b9b2ba18d0216e7235b403229e92fd0743ede48fe7f1a2c6f45d594,"{""distance"":5,""physical_error_rate"":0.0005}","{""detection_events"":632,""detectors_checked"":290528}"
      1297,         0,         0,   0.021,exact_mw,cb12ae119b9b2ba18d0216e7235b403229e92fd0743ede48fe7f1a2c6f45d594,"{""distance"":5,""physical_error_rate"":0.0005}","{""detection_events"":703,""detectors_checked"":290528}"
      3072,         0,         0,   0.024,exact_mw,cb12ae119b9b2ba18d0216e7235b403229e92fd0743ede48fe7f1a2c6f45d594,"{""distance"":5,""physical_error_rate"":0.0005}","{""detection_events"":1521,""detectors_checked"":688128}"
      4096,         0,         0,   0.029,exact_mw,cb12ae119b9b2ba18d0216e7235b403229e92fd0743ede48fe7f1a2c6f45d594,"{""distance"":5,""physical_error_rate"":0.0005}","{""detection_events"":1910,""detectors_checked"":917504}"
      5120,         0,         0,   0.046,exact_mw,cb12ae119b9b2ba18d0216e7235b403229e92fd0743ede48fe7f1a2c6f45d594,"{""distance"":5,""physical_error_rate"":0.0005}","{""detection_events"":2720,""detectors_checked"":1146880}"
      2048,         0,         0,   0.022,exact_mw,cb12ae119b9b2ba18d0216e7235b403229e92fd0743ede48fe7f1a2c6f45d594,"{""distance"":5,""physical_error_rate"":0.0005}","{""detection_events"":1029,""detectors_checked"":458752}"
      4096,         0,         0,   0.027,exact_mw,cb12ae119b9b2ba18d0216e7235b403229e92fd0743ede48fe7f1a2c6f45d594,"{""distance"":5,""physical_error_rate"":0.0005}","{""detection_events"":2004,""detectors_checked"":917504}"
      1297,         0,         0,   0.019,exact_mw,cb12ae119b9b2ba18d0216e7235b403229e92fd0743ede48fe7f1a2c6f45d594,"{""distance"":5,""physical_error_rate"":0.0005}","{""detection_events"":615,""detectors_checked"":290528}"
      9216,         0,         0,   0.087,exact_mw,cb12ae119b9b2ba18d0216e7235b403229e92fd0743ede48fe7f1a2c6f45d594,"{""distance"":5,""physical_error_rate"":0.0005}","{""detection_events"":4395,""detectors_checked"":2064384}"
      4096,         0,         0,   0.029,exact_mw,cb12ae119b9b2ba18d0216e7235b403229e92fd0743ede48fe7f1a2c6f45d594,"{""distance"":5,""physical_error_rate"":0.0005}","{""detection_events"":2121,""detectors_checked"":917504}"
      4096,         0,         0,   0.029,exact_mw,cb12ae119b9b2ba18d0216e7235b403229e92fd0743ede48fe7f1a2c6f45d594,"{""distance"":5,""physical_error_rate"":0.0005}","{""detection_events"":1884,""detectors_checked"":917504}"
      7168,         0,         0,   0.055,exact_mw,cb12ae119b9b2ba18d0216e7235b403229e92fd0743ede48fe7f1a2c6f45d594,"{""distance"":5,""physical_error_rate"":0.0005}","{""detection_events"":3555,""detectors_checked"":1605632}"
      2321,         0,         0,   0.024,exact_mw,cb12ae119b9b2ba18d0216e7235b403229e92fd0743ede48fe7f1a2c6f45d594,"{""distance"":5,""physical_error_rate"":0.0005}","{""detection_events"":1230,""detectors_checked"":519904}"
      4096,         0,         0,   0.027,exact_mw,cb12ae119b9b2ba18d0216e7235b403229e92fd0743ede48fe7f1a2c6f45d594,"{""distance"":5,""physical_error_rate"":0.0005}","{""detection_events"":2090,""detectors_checked"":917504}"
      2321,         0,         0,   0.024,exact_mw,cb12ae119b9b2ba18d0216e7235b403229e92fd0743ede48fe7f1a2c6f45d594,"{""distance"":5,""physical_error_rate"":0.0005}","{""detection_events"":1208,""detectors_checked"":519904}"
      2048,         0,         0,   0.025,exact_mw,cb12ae119b9b2ba18d0216e7235b403229e92fd0743ede48fe7f1a2c6f45d594,"{""distance"":5,""physical_error_rate"":0.0005}","{""detection_events"":1092,""detectors_checked"":458752}"
      3072,         0,         0,   0.029,exact_mw,cb12ae119b9b2ba18d0216e7235b403229e92fd0743ede48fe7f1a2c6f45d594,"{""distance"":5,""physical_error_rate"":0.0005}","{""detection_events"":1641,""detectors_checked"":688128}"
      5120,         0,         0,   0.049,exact_mw,cb12ae119b9b2ba18d0216e7235b403229e92fd0743ede48fe7f1a2c6f45d594,"{""distance"":5,""physical_error_rate"":0.0005}","{""detection_events"":2555,""detectors_checked"":1146880}"
      5120,         0,         0,   0.051,exact_mw,cb12ae119b9b2ba18d0216e7235b403229e92fd0743ede48fe7f1a2c6f45d594,"{""distance"":5,""physical_error_rate"":0.0005}","{""detection_events"":2710,""detectors_checked"":1146880}"
      3072,         0,         0,   0.032,exact_mw,cb12ae119b9b2ba18d0216e7235b403229e92fd0743ede48fe7f1a2c6f45d594,"{""distance"":5,""physical_error_rate"":0.0005}","{""detection_events"":1503,""detectors_checked"":688128}"
      2321,         0,         0,   0.026,exact_mw,cb12ae119b9b2ba18d0216e7235b403229e92fd0743ede48fe7f1a2c6f45d594,"{""distance"":5,""physical_error_rate"":0.0005}","{""detection_events"":1201,""detectors_checked"":519904}"
      2048,         0,         0,   0.024,exact_mw,cb12ae119b9b2ba18d0216e7235b403229e92fd0743ede48fe7f1a2c6f45d594,"{""distance"":5,""physical_error_rate"":0.0005}","{""detection_events"":1027,""detectors_checked"":458752}"
      3072,         0,         0,   0.029,exact_mw,cb12ae119b9b2ba18d0216e7235b403229e92fd0743ede48fe7f1a2c6f45d594,"{""distance"":5,""physical_error_rate"":0.0005}","{""detection_events"":1592,""detectors_checked"":688128}"
      2048,         0,         0,   0.021,exact_mw,cb12ae119b9b2ba18d0216e7235b403229e92fd0743ede48fe7f1a2c6f45d594,"{""distance"":5,""physical_error_rate"":0.0005}","{""detection_events"":927,""detectors_checked"":458752}"
      3072,         0,         0,   0.027,exact_mw,cb12ae119b9b2ba18d0216e7235b403229e92fd0743ede48fe7f1a2c6f45d594,"{""distance"":5,""physical_error_rate"":0.0005}","{""detection_events"":1465,""detectors_checked"":688128}"
      8192,         0,         0,   0.079,exact_mw,cb12ae119b9b2ba18d0216e7235b403229e92fd0743ede48fe7f1a2c6f45d594,"{""distance"":5,""physical_error_rate"":0.0005}","{""detection_events"":3863,""detectors_checked"":1835008}"
      4096,         0,         0,   0.032,exact_mw,cb12ae119b9b2ba18d0216e7235b403229e92fd0743ede48fe7f1a2c6f45d594,"{""distance"":5,""physical_error_rate"":0.0005}","{""detection_events"":1989,""detectors_checked"":917504}"
      3345,         0,         0,   0.028,exact_mw,cb12ae119b9b2ba18d0216e7235b403229e92fd0743ede48fe7f1a2c6f45d594,"{""distance"":5,""physical_error_rate"":0.0005}","{""detection_events"":1661,""detectors_checked"":749280}"
      4096,         0,         0,   0.030,exact_mw,cb12ae119b9b2ba18d0216e7235b403229e92fd0743ede48fe7f1a2c6f45d594,"{""distance"":5,""physical_error_rate"":0.0005}","{""detection_events"":2030,""detectors_checked"":917504}"
     13312,         0,         0,   0.107,exact_mw,cb12ae119b9b2ba18d0216e7235b403229e92fd0743ede48fe7f1a2c6f45d594,"{""distance"":5,""physical_error_rate"":0.0005}","{""detection_events"":6687,""detectors_checked"":2981888}"
      6144,         0,         0,   0.054,exact_mw,cb12ae119b9b2ba18d0216e7235b403229e92fd0743ede48fe7f1a2c6f45d594,"{""distance"":5,""physical_error_rate"":0.0005}","{""detection_events"":3119,""detectors_checked"":1376256}"
      3072,         0,         0,   0.026,exact_mw,cb12ae119b9b2ba18d0216e7235b403229e92fd0743ede48fe7f1a2c6f45d594,"{""distance"":5,""physical_error_rate"":0.0005}","{""detection_events"":1469,""detectors_checked"":688128}"
      6144,         0,         0,   0.051,exact_mw,cb12ae119b9b2ba18d0216e7235b403229e92fd0743ede48fe7f1a2c6f45d594,"{""distance"":5,""physical_error_rate"":0.0005}","{""detection_events"":2962,""detectors_checked"":1376256}"
      7168,         0,         0,   0.065,exact_mw,cb12ae119b9b2ba18d0216e7235b403229e92fd0743ede48fe7f1a2c6f45d594,"{""distance"":5,""physical_error_rate"":0.0005}","{""detection_events"":3503,""detectors_checked"":1605632}"
      3072,         0,         0,   0.025,exact_mw,cb12ae119b9b2ba18d0216e7235b403229e92fd0743ede48fe7f1a2c6f45d594,"{""distance"":5,""physical_error_rate"":0.0005}","{""detection_events"":1496,""detectors_checked"":688128}"
      5120,         0,         0,   0.033,exact_mw,cb12ae119b9b2ba18d0216e7235b403229e92fd0743ede48fe7f1a2c6f45d594,"{""distance"":5,""physical_error_rate"":0.0005}","{""detection_events"":2578,""detectors_checked"":1146880}"
    822272,         1,         0,    5.92,exact_mw,cb12ae119b9b2ba18d0216e7235b403229e92fd0743ede48fe7f1a2c6f45d594,"{""distance"":5,""physical_error_rate"":0.0005}","{""detection_events"":405130,""detectors_checked"":184188928,""obs_mistake_mask=E"":1}"
      4096,         0,         0,   0.030,exact_mw,cb12ae119b9b2ba18d0216e7235b403229e92fd0743ede48fe7f1a2c6f45d594,"{""distance"":5,""physical_error_rate"":0.0005}","{""detection_events"":2010,""detectors_checked"":917504}"
      3072,         0,         0,   0.026,exact_mw,cb12ae119b9b2ba18d0216e7235b403229e92fd0743ede48fe7f1a2c6f45d594,"{""distance"":5,""physical_error_rate"":0.0005}","{""detection_events"":1536,""detectors_checked"":688128}"
      5120,         0,         0,   0.049,exact_mw,cb12ae119b9b2ba18d0216e7235b403229e92fd0743ede48fe7f1a2c6f45d594,"{""distance"":5,""physical_error_rate"":0.0005}","{""detection_events"":2478,""detectors_checked"":1146880}"
         1,         0,         0,   0.000,exact_mw,cb12ae119b9b2ba18d0216e7235b403229e92fd0743ede48fe7f1a2c6f45d594,"{""distance"":5,""physical_error_rate"":0.0005}","{""detectors_checked"":224}"
      2321,         0,         0,   0.023,exact_mw,cb12ae119b9b2ba18d0216e7235b403229e92fd0743ede48fe7f1a2c6f45d594,"{""distance"":5,""physical_error_rate"":0.0005}","{""detection_events"":1084,""detectors_checked"":519904}"
    766976,         0,         0,    5.94,exact_mw,cb12ae119b9b2ba18d0216e7235b403229e92fd0743ede48fe7f1a2c6f45d594,"{""distance"":5,""physical_error_rate"":0.0005}","{""detection_events"":376906,""detectors_checked"":171802624}"
      7168,         0,         0,   0.059,exact_mw,cb12ae119b9b2ba18d0216e7235b403229e92fd0743ede48fe7f1a2c6f45d594,"{""distance"":5,""physical_error_rate"":0.0005}","{""detection_events"":3548,""detectors_checked"":1605632}"
     39936,         0,         0,   0.292,exact_mw,cb12ae119b9b2ba18d0216e7235b403229e92fd0743ede48fe7f1a2c6f45d594,"{""distance"":5,""physical_error_rate"":0.0005}","{""detection_events"":19852,""detectors_checked"":8945664}"
      3344,         0,         0,   0.018,exact_mw,cb12ae119b9b2ba18d0216e7235b403229e92fd0743ede48fe7f1a2c6f45d594,"{""distance"":5,""physical_error_rate"":0.0005}","{""detection_events"":1543,""detectors_checked"":749056}"
      1297,         0,         0,   0.019,exact_mw,cb12ae119b9b2ba18d0216e7235b403229e92fd0743ede48fe7f1a2c6f45d594,"{""distance"":5,""physical_error_rate"":0.0005}","{""detection_events"":670,""detectors_checked"":290528}"
      4096,         0,         0,   0.027,exact_mw,cb12ae119b9b2ba18d0216e7235b403229e92fd0743ede48fe7f1a2c6f45d594,"{""distance"":5,""physical_error_rate"":0.0005}","{""detection_events"":1908,""detectors_checked"":917504}"
       273,         0,         0,   0.012,exact_mw,cb12ae119b9b2ba18d0216e7235b403229e92fd0743ede48fe7f1a2c6f45d594,"{""distance"":5,""physical_error_rate"":0.0005}","{""detection_events"":107,""detectors_checked"":61152}"
      3072,         0,         0,   0.029,exact_mw,cb12ae119b9b2ba18d0216e7235b403229e92fd0743ede48fe7f1a2c6f45d594,"{""distance"":5,""physical_error_rate"":0.0005}","{""detection_events"":1630,""detectors_checked"":688128}"
      2321,         0,         0,   0.010,exact_mw,cb12ae119b9b2ba18d0216e7235b403229e92fd0743ede48fe7f1a2c6f45d594,"{""distance"":5,""physical_error_rate"":0.0005}","{""detection_events"":1144,""detectors_checked"":519904}"
      3072,         0,         0,   0.024,exact_mw,cb12ae119b9b2ba18d0216e7235b403229e92fd0743ede48fe7f1a2c6f45d594,"{""distance"":5,""physical_error_rate"":0.0005}","{""detection_events"":1517,""detectors_checked"":688128}"
      3072,         0,         0,   0.014,exact_mw,cb12ae119b9b2ba18d0216e7235b403229e92fd0743ede48fe7f1a2c6f45d594,"{""distance"":5,""physical_error_rate"":0.0005}","{""detection_events"":1419,""detectors_checked"":688128}"
      4096,         0,         0,   0.016,exact_mw,cb12ae119b9b2ba18d0216e7235b403229e92fd0743ede48fe7f1a2c6f45d594,"{""distance"":5,""physical_error_rate"":0.0005}","{""detection_events"":2064,""detectors_checked"":917504}"
      9216,         0,         0,   0.077,exact_mw,cb12ae119b9b2ba18d0216e7235b403229e92fd0743ede48fe7f1a2c6f45d594,"{""distance"":5,""physical_error_rate"":0.0005}","{""detection_events"":4620,""detectors_checked"":2064384}"
     10240,         0,         0,   0.090,exact_mw,cb12ae119b9b2ba18d0216e7235b403229e92fd0743ede48fe7f1a2c6f45d594,"{""distance"":5,""physical_error_rate"":0.0005}","{""detection_events"":5017,""detectors_checked"":2293760}"
         1,         0,         0,   0.000,exact_mw,cb12ae119b9b2ba18d0216e7235b403229e92fd0743ede48fe7f1a2c6f45d594,"{""distance"":5,""physical_error_rate"":0.0005}","{""detectors_checked"":224}"
      6144,         0,         0,   0.053,exact_mw,cb12ae119b9b2ba18d0216e7235b403229e92fd0743ede48fe7f1a2c6f45d594,"{""distance"":5,""physical_error_rate"":0.0005}","{""detection_events"":3220,""detectors_checked"":1376256}"
      7168,         0,         0,   0.056,exact_mw,cb12ae119b9b2ba18d0216e7235b403229e92fd0743ede48fe7f1a2c6f45d594,"{""distance"":5,""physical_error_rate"":0.0005}","{""detection_events"":3619,""detectors_checked"":1605632}"
      3072,         0,         0,   0.021,exact_mw,cb12ae119b9b2ba18d0216e7235b403229e92fd0743ede48fe7f1a2c6f45d594,"{""distance"":5,""physical_error_rate"":0.0005}","{""detection_events"":1476,""detectors_checked"":688128}"
      5120,         0,         0,   0.021,exact_mw,cb12ae119b9b2ba18d0216e7235b403229e92fd0743ede48fe7f1a2c6f45d594,"{""distance"":5,""physical_error_rate"":0.0005}","{""detection_events"":2313,""detectors_checked"":1146880}"
         1,         0,         0,   0.000,exact_mw,cb12ae119b9b2ba18d0216e7235b403229e92fd0743ede48fe7f1a2c6f45d594,"{""distance"":5,""physical_error_rate"":0.0005}","{""detectors_checked"":224}"
      1024,         0,         0,   0.006,exact_mw,cb12ae119b9b2ba18d0216e7235b403229e92fd0743ede48fe7f1a2c6f45d594,"{""distance"":5,""physical_error_rate"":0.0005}","{""detection_events"":470,""detectors_checked"":229376}"
      3072,         0,         0,   0.026,exact_mw,cb12ae119b9b2ba18d0216e7235b403229e92fd0743ede48fe7f1a2c6f45d594,"{""distance"":5,""physical_error_rate"":0.0005}","{""detection_events"":1471,""detectors_checked"":688128}"
      7168,         0,         0,   0.054,exact_mw,cb12ae119b9b2ba18d0216e7235b403229e92fd0743ede48fe7f1a2c6f45d594,"{""distance"":5,""physical_error_rate"":0.0005}","{""detection_events"":3717,""detectors_checked"":1605632}"
      3072,         0,         0,   0.026,exact_mw,cb12ae119b9b2ba18d0216e7235b403229e92fd0743ede48fe7f1a2c6f45d594,"{""distance"":5,""physical_error_rate"":0.0005}","{""detection_events"":1533,""detectors_checked"":688128}"
      3072,         0,         0,   0.027,exact_mw,cb12ae119b9b2ba18d0216e7235b403229e92fd0743ede48fe7f1a2c6f45d594,"{""distance"":5,""physical_error_rate"":0.0005}","{""detection_events"":1565,""detectors_checked"":688128}"
    703488,         0,         0,    5.93,exact_mw,cb12ae119b9b2ba18d0216e7235b403229e92fd0743ede48fe7f1a2c6f45d594,"{""distance"":5,""physical_error_rate"":0.0005}","{""detection_events"":345594,""detectors_checked"":157581312}"
      7168,         0,         0,   0.055,exact_mw,cb12ae119b9b2ba18d0216e7235b403229e92fd0743ede48fe7f1a2c6f45d594,"{""distance"":5,""physical_error_rate"":0.0005}","{""detection_events"":3524,""detectors_checked"":1605632}"
      2048,         0,         0,   0.008,exact_mw,cb12ae119b9b2ba18d0216e7235b403229e92fd0743ede48fe7f1a2c6f45d594,"{""distance"":5,""physical_error_rate"":0.0005}","{""detection_events"":1065,""detectors_checked"":458752}"
     14336,         0,         0,   0.106,exact_mw,cb12ae119b9b2ba18d0216e7235b403229e92fd0743ede48fe7f1a2c6f45d594,"{""distance"":5,""physical_error_rate"":0.0005}","{""detection_events"":6815,""detectors_checked"":3211264}"
      3344,         0,         0,   0.024,exact_mw,cb12ae119b9b2ba18d0216e7235b403229e92fd0743ede48fe7f1a2c6f45d594,"{""distance"":5,""physical_error_rate"":0.0005}","{""detection_events"":1684,""detectors_checked"":749056}"
      7168,         0,         0,   0.027,exact_mw,cb12ae119b9b2ba18d0216e7235b403229e92fd0743ede48fe7f1a2c6f45d594,"{""distance"":5,""physical_error_rate"":0.0005}","{""detection_events"":3538,""detectors_checked"":1605632}"
      2320,         0,         0,   0.027,exact_mw,cb12ae119b9b2ba18d0216e7235b403229e92fd0743ede48fe7f1a2c6f45d594,"{""distance"":5,""physical_error_rate"":0.0005}","{""detection_events"":1147,""detectors_checked"":519680}"
      1024,         0,         0,   0.005,exact_mw,cb12ae119b9b2ba18d0216e7235b403229e92fd0743ede48fe7f1a2c6f45d594,"{""distance"":5,""physical_error_rate"":0.0005}","{""detection_events"":501,""detectors_checked"":229376}"
      2048,         0,         0,   0.009,exact_mw,cb12ae119b9b2ba18d0216e7235b403229e92fd0743ede48fe7f1a2c6f45d594,"{""distance"":5,""physical_error_rate"":0.0005}","{""detection_events"":1084,""detectors_checked"":458752}"
     10240,         0,         0,   0.079,exact_mw,cb12ae119b9b2ba18d0216e7235b403229e92fd0743ede48fe7f1a2c6f45d594,"{""distance"":5,""physical_error_rate"":0.0005}","{""detection_events"":5012,""detectors_checked"":2293760}"
     17408,         0,         0,   0.149,exact_mw,cb12ae119b9b2ba18d0216e7235b403229e92fd0743ede48fe7f1a2c6f45d594,"{""distance"":5,""physical_error_rate"":0.0005}","{""detection_events"":8344,""detectors_checked"":3899392}"
      3072,         0,         0,   0.028,exact_mw,cb12ae119b9b2ba18d0216e7235b403229e92fd0743ede48fe7f1a2c6f45d594,"{""distance"":5,""physical_error_rate"":0.0005}","{""detection_events"":1486,""detectors_checked"":688128}"
      2048,         0,         0,   0.022,exact_mw,cb12ae119b9b2ba18d0216e7235b403229e92fd0743ede48fe7f1a2c6f45d594,"{""distance"":5,""physical_error_rate"":0.0005}","{""detection_events"":941,""detectors_checked"":458752}"
      2048,         0,         0,   0.029,exact_mw,cb12ae119b9b2ba18d0216e7235b403229e92fd0743ede48fe7f1a2c6f45d594,"{""distance"":5,""physical_error_rate"":0.0005}","{""detection_events"":1104,""detectors_checked"":458752}"
      4096,         0,         0,   0.064,exact_mw,cb12ae119b9b2ba18d0216e7235b403229e92fd0743ede48fe7f1a2c6f45d594,"{""distance"":5,""physical_error_rate"":0.0005}","{""detection_events"":1922,""detectors_checked"":917504}"
      3072,         0,         0,   0.029,exact_mw,cb12ae119b9b2ba18d0216e7235b403229e92fd0743ede48fe7f1a2c6f45d594,"{""distance"":5,""physical_error_rate"":0.0005}","{""detection_events"":1639,""detectors_checked"":688128}"
      9216,         0,         0,   0.038,exact_mw,cb12ae119b9b2ba18d0216e7235b403229e92fd0743ede48fe7f1a2c6f45d594,"{""distance"":5,""physical_error_rate"":0.0005}","{""detection_events"":4608,""detectors_checked"":2064384}"
     11264,         0,         0,   0.078,exact_mw,cb12ae119b9b2ba18d0216e7235b403229e92fd0743ede48fe7f1a2c6f45d594,"{""distance"":5,""physical_error_rate"":0.0005}","{""detection_events"":5553,""detectors_checked"":2523136}"
      5120,         0,         0,   0.053,exact_mw,cb12ae119b9b2ba18d0216e7235b403229e92fd0743ede48fe7f1a2c6f45d594,"{""distance"":5,""physical_error_rate"":0.0005}","{""detection_events"":2467,""detectors_checked"":1146880}"
      1297,         0,         0,   0.018,exact_mw,cb12ae119b9b2ba18d0216e7235b403229e92fd0743ede48fe7f1a2c6f45d594,"{""distance"":5,""physical_error_rate"":0.0005}","{""detection_events"":666,""detectors_checked"":290528}"
      3072,         0,         0,   0.027,exact_mw,cb12ae119b9b2ba18d0216e7235b403229e92fd0743ede48fe7f1a2c6f45d594,"{""distance"":5,""physical_error_rate"":0.0005}","{""detection_events"":1620,""detectors_checked"":688128}"
     13312,         0,         0,   0.108,exact_mw,cb12ae119b9b2ba18d0216e7235b403229e92fd0743ede48fe7f1a2c6f45d594,"{""distance"":5,""physical_error_rate"":0.0005}","{""detection_events"":6524,""detectors_checked"":2981888}"
     10240,         0,         0,   0.111,exact_mw,cb12ae119b9b2ba18d0216e7235b403229e92fd0743ede48fe7f1a2c6f45d594,"{""distance"":5,""physical_error_rate"":0.0005}","{""detection_events"":5083,""detectors_checked"":2293760}"
      6144,         0,         0,   0.058,exact_mw,cb12ae119b9b2ba18d0216e7235b403229e92fd0743ede48fe7f1a2c6f45d594,"{""distance"":5,""physical_error_rate"":0.0005}","{""detection_events"":2865,""detectors_checked"":1376256}"
      7168,         0,         0,   0.074,exact_mw,cb12ae119b9b2ba18d0216e7235b403229e92fd0743ede48fe7f1a2c6f45d594,"{""distance"":5,""physical_error_rate"":0.0005}","{""detection_events"":3444,""detectors_checked"":1605632}"
      1024,         0,         0,   0.008,exact_mw,cb12ae119b9b2ba18d0216e7235b403229e92fd0743ede48fe7f1a2c6f45d594,"{""distance"":5,""physical_error_rate"":0.0005}","{""detection_events"":502,""detectors_checked"":229376}"
      5120,         0,         0,   0.046,exact_mw,cb12ae119b9b2ba18d0216e7235b403229e92fd0743ede48fe7f1a2c6f45d594,"{""distance"":5,""physical_error_rate"":0.0005}","{""detection_events"":2430,""detectors_checked"":1146880}"
      7168,         0,         0,   0.054,exact_mw,cb12ae119b9b2ba18d0216e7235b403229e92fd0743ede48fe7f1a2c6f45d594,"{""distance"":5,""physical_error_rate"":0.0005}","{""detection_events"":3379,""detectors_checked"":1605632}"
      3072,         0,         0,   0.049,exact_mw,cb12ae119b9b2ba18d0216e7235b403229e92fd0743ede48fe7f1a2c6f45d594,"{""distance"":5,""physical_error_rate"":0.0005}","{""detection_events"":1584,""detectors_checked"":688128}"
     10240,         0,         0,   0.078,exact_mw,cb12ae119b9b2ba18d0216e7235b403229e92fd0743ede48fe7f1a2c6f45d594,"{""distance"":5,""physical_error_rate"":0.0005}","{""detection_events"":4938,""detectors_checked"":2293760}"
      3072,         0,         0,   0.029,exact_mw,cb12ae119b9b2ba18d0216e7235b403229e92fd0743ede48fe7f1a2c6f45d594,"{""distance"":5,""physical_error_rate"":0.0005}","{""detection_events"":1540,""detectors_checked"":688128}"
     12288,         0,         0,   0.056,exact_mw,cb12ae119b9b2ba18d0216e7235b403229e92fd0743ede48fe7f1a2c6f45d594,"{""distance"":5,""physical_error_rate"":0.0005}","{""detection_events"":6235,""detectors_checked"":2752512}"
      7168,         0,         0,   0.053,exact_mw,cb12ae119b9b2ba18d0216e7235b403229e92fd0743ede48fe7f1a2c6f45d594,"{""distance"":5,""physical_error_rate"":0.0005}","{""detection_events"":3529,""detectors_checked"":1605632}"
      8192,         0,         0,   0.100,exact_mw,cb12ae119b9b2ba18d0216e7235b403229e92fd0743ede48fe7f1a2c6f45d594,"{""distance"":5,""physical_error_rate"":0.0005}","{""detection_events"":4230,""detectors_checked"":1835008}"
      3072,         0,         0,   0.031,exact_mw,cb12ae119b9b2ba18d0216e7235b403229e92fd0743ede48fe7f1a2c6f45d594,"{""distance"":5,""physical_error_rate"":0.0005}","{""detection_events"":1570,""detectors_checked"":688128}"
     14336,         0,         0,   0.111,exact_mw,cb12ae119b9b2ba18d0216e7235b403229e92fd0743ede48fe7f1a2c6f45d594,"{""distance"":5,""physical_error_rate"":0.0005}","{""detection_events"":6913,""detectors_checked"":3211264}"
      5120,         0,         0,   0.057,exact_mw,cb12ae119b9b2ba18d0216e7235b403229e92fd0743ede48fe7f1a2c6f45d594,"{""distance"":5,""physical_error_rate"":0.0005}","{""detection_events"":2555,""detectors_checked"":1146880}"
      8192,         0,         0,   0.056,exact_mw,cb12ae119b9b2ba18d0216e7235b403229e92fd0743ede48fe7f1a2c6f45d594,"{""distance"":5,""physical_error_rate"":0.0005}","{""detection_events"":4044,""detectors_checked"":1835008}"
      7168,         0,         0,   0.057,exact_mw,cb12ae119b9b2ba18d0216e7235b403229e92fd0743ede48fe7f1a2c6f45d594,"{""distance"":5,""physical_error_rate"":0.0005}","{""detection_events"":3602,""detectors_checked"":1605632}"
      8192,         0,         0,   0.105,exact_mw,cb12ae119b9b2ba18d0216e7235b403229e92fd0743ede48fe7f1a2c6f45d594,"{""distance"":5,""physical_error_rate"":0.0005}","{""detection_events"":4138,""detectors_checked"":1835008}"
      3072,         0,         0,   0.028,exact_mw,cb12ae119b9b2ba18d0216e7235b403229e92fd0743ede48fe7f1a2c6f45d594,"{""distance"":5,""physical_error_rate"":0.0005}","{""detection_events"":1426,""detectors_checked"":688128}"
      6144,         0,         0,   0.052,exact_mw,cb12ae119b9b2ba18d0216e7235b403229e92fd0743ede48fe7f1a2c6f45d594,"{""distance"":5,""physical_error_rate"":0.0005}","{""detection_events"":3121,""detectors_checked"":1376256}"
     14336,         0,         0,   0.106,exact_mw,cb12ae119b9b2ba18d0216e7235b403229e92fd0743ede48fe7f1a2c6f45d594,"{""distance"":5,""physical_error_rate"":0.0005}","{""detection_events"":7034,""detectors_checked"":3211264}"
      6144,         0,         0,   0.082,exact_mw,cb12ae119b9b2ba18d0216e7235b403229e92fd0743ede48fe7f1a2c6f45d594,"{""distance"":5,""physical_error_rate"":0.0005}","{""detection_events"":2998,""detectors_checked"":1376256}"
      6144,         0,         0,   0.054,exact_mw,cb12ae119b9b2ba18d0216e7235b403229e92fd0743ede48fe7f1a2c6f45d594,"{""distance"":5,""physical_error_rate"":0.0005}","{""detection_events"":3007,""detectors_checked"":1376256}"
         1,         0,         0,   0.000,exact_mw,cb12ae119b9b2ba18d0216e7235b403229e92fd0743ede48fe7f1a2c6f45d594,"{""distance"":5,""physical_error_rate"":0.0005}","{""detectors_checked"":224}"
      1297,         0,         0,   0.016,exact_mw,cb12ae119b9b2ba18d0216e7235b403229e92fd0743ede48fe7f1a2c6f45d594,"{""distance"":5,""physical_error_rate"":0.0005}","{""detection_events"":646,""detectors_checked"":290528}"
      2048,         0,         0,   0.011,exact_mw,cb12ae119b9b2ba18d0216e7235b403229e92fd0743ede48fe7f1a2c6f45d594,"{""distance"":5,""physical_error_rate"":0.0005}","{""detection_events"":996,""detectors_checked"":458752}"
     12288,         0,         0,   0.080,exact_mw,cb12ae119b9b2ba18d0216e7235b403229e92fd0743ede48fe7f1a2c6f45d594,"{""distance"":5,""physical_error_rate"":0.0005}","{""detection_events"":6173,""detectors_checked"":2752512}"
      9216,         0,         0,   0.078,exact_mw,cb12ae119b9b2ba18d0216e7235b403229e92fd0743ede48fe7f1a2c6f45d594,"{""distance"":5,""physical_error_rate"":0.0005}","{""detection_events"":4642,""detectors_checked"":2064384}"
    879616,         0,         0,    5.92,exact_mw,cb12ae119b9b2ba18d0216e7235b403229e92fd0743ede48fe7f1a2c6f45d594,"{""distance"":5,""physical_error_rate"":0.0005}","{""detection_events"":431839,""detectors_checked"":197033984}"
      1024,         0,         0,   0.017,exact_mw,cb12ae119b9b2ba18d0216e7235b403229e92fd0743ede48fe7f1a2c6f45d594,"{""distance"":5,""physical_error_rate"":0.0005}","{""detection_events"":479,""detectors_checked"":229376}"
      2320,         0,         0,   0.023,exact_mw,cb12ae119b9b2ba18d0216e7235b403229e92fd0743ede48fe7f1a2c6f45d594,"{""distance"":5,""physical_error_rate"":0.0005}","{""detection_events"":1201,""detectors_checked"":519680}"
     12288,         0,         0,   0.092,exact_mw,cb12ae119b9b2ba18d0216e7235b403229e92fd0743ede48fe7f1a2c6f45d594,"{""distance"":5,""physical_error_rate"":0.0005}","{""detection_events"":6138,""detectors_checked"":2752512}"
      2048,         0,         0,   0.010,exact_mw,cb12ae119b9b2ba18d0216e7235b403229e92fd0743ede48fe7f1a2c6f45d594,"{""distance"":5,""physical_error_rate"":0.0005}","{""detection_events"":930,""detectors_checked"":458752}"
      6144,         0,         0,   0.063,exact_mw,cb12ae119b9b2ba18d0216e7235b403229e92fd0743ede48fe7f1a2c6f45d594,"{""distance"":5,""physical_error_rate"":0.0005}","{""detection_events"":2930,""detectors_checked"":1376256}"
      9216,         0,         0,   0.078,exact_mw,cb12ae119b9b2ba18d0216e7235b403229e92fd0743ede48fe7f1a2c6f45d594,"{""distance"":5,""physical_error_rate"":0.0005}","{""detection_events"":4438,""detectors_checked"":2064384}"
     18432,         0,         0,   0.152,exact_mw,cb12ae119b9b2ba18d0216e7235b403229e92fd0743ede48fe7f1a2c6f45d594,"{""distance"":5,""physical_error_rate"":0.0005}","{""detection_events"":9227,""detectors_checked"":4128768}"
     16384,         0,         0,   0.154,exact_mw,cb12ae119b9b2ba18d0216e7235b403229e92fd0743ede48fe7f1a2c6f45d594,"{""distance"":5,""physical_error_rate"":0.0005}","{""detection_events"":8228,""detectors_checked"":3670016}"
     24576,         0,         0,   0.208,exact_mw,cb12ae119b9b2ba18d0216e7235b403229e92fd0743ede48fe7f1a2c6f45d594,"{""distance"":5,""physical_error_rate"":0.0005}","{""detection_events"":12152,""detectors_checked"":5505024}"
      9216,         0,         0,   0.073,exact_mw,cb12ae119b9b2ba18d0216e7235b403229e92fd0743ede48fe7f1a2c6f45d594,"{""distance"":5,""physical_error_rate"":0.0005}","{""detection_events"":4369,""detectors_checked"":2064384}"
      2048,         0,         0,   0.029,exact_mw,cb12ae119b9b2ba18d0216e7235b403229e92fd0743ede48fe7f1a2c6f45d594,"{""distance"":5,""physical_error_rate"":0.0005}","{""detection_events"":848,""detectors_checked"":458752}"
      7168,         0,         0,   0.055,exact_mw,cb12ae119b9b2ba18d0216e7235b403229e92fd0743ede48fe7f1a2c6f45d594,"{""distance"":5,""physical_error_rate"":0.0005}","{""detection_events"":3435,""detectors_checked"":1605632}"
      9216,         0,         0,   0.065,exact_mw,cb12ae119b9b2ba18d0216e7235b403229e92fd0743ede48fe7f1a2c6f45d594,"{""distance"":5,""physical_error_rate"":0.0005}","{""detection_events"":4694,""detectors_checked"":2064384}"
      9216,         0,         0,   0.079,exact_mw,cb12ae119b9b2ba18d0216e7235b403229e92fd0743ede48fe7f1a2c6f45d594,"{""distance"":5,""physical_error_rate"":0.0005}","{""detection_events"":4465,""detectors_checked"":2064384}"
      4096,         0,         0,   0.044,exact_mw,cb12ae119b9b2ba18d0216e7235b403229e92fd0743ede48fe7f1a2c6f45d594,"{""distance"":5,""physical_error_rate"":0.0005}","{""detection_events"":2115,""detectors_checked"":917504}"
      2048,         0,         0,   0.028,exact_mw,cb12ae119b9b2ba18d0216e7235b403229e92fd0743ede48fe7f1a2c6f45d594,"{""distance"":5,""physical_error_rate"":0.0005}","{""detection_events"":969,""detectors_checked"":458752}"
      9216,         0,         0,   0.099,exact_mw,cb12ae119b9b2ba18d0216e7235b403229e92fd0743ede48fe7f1a2c6f45d594,"{""distance"":5,""physical_error_rate"":0.0005}","{""detection_events"":4519,""detectors_checked"":2064384}"
     18432,         0,         0,   0.135,exact_mw,cb12ae119b9b2ba18d0216e7235b403229e92fd0743ede48fe7f1a2c6f45d594,"{""distance"":5,""physical_error_rate"":0.0005}","{""detection_events"":8962,""detectors_checked"":4128768}"
      2321,         0,         0,   0.026,exact_mw,cb12ae119b9b2ba18d0216e7235b403229e92fd0743ede48fe7f1a2c6f45d594,"{""distance"":5,""physical_error_rate"":0.0005}","{""detection_events"":1215,""detectors_checked"":519904}"
     13312,         0,         0,   0.106,exact_mw,cb12ae119b9b2ba18d0216e7235b403229e92fd0743ede48fe7f1a2c6f45d594,"{""distance"":5,""physical_error_rate"":0.0005}","{""detection_events"":6366,""detectors_checked"":2981888}"
     12288,         0,         0,   0.109,exact_mw,cb12ae119b9b2ba18d0216e7235b403229e92fd0743ede48fe7f1a2c6f45d594,"{""distance"":5,""physical_error_rate"":0.0005}","{""detection_events"":6262,""detectors_checked"":2752512}"
     16384,         0,         0,   0.129,exact_mw,cb12ae119b9b2ba18d0216e7235b403229e92fd0743ede48fe7f1a2c6f45d594,"{""distance"":5,""physical_error_rate"":0.0005}","{""detection_events"":8060,""detectors_checked"":3670016}"
      8192,         0,         0,   0.076,exact_mw,cb12ae119b9b2ba18d0216e7235b403229e92fd0743ede48fe7f1a2c6f45d594,"{""distance"":5,""physical_error_rate"":0.0005}","{""detection_events"":4067,""detectors_checked"":1835008}"
      3072,         0,         0,   0.027,exact_mw,cb12ae119b9b2ba18d0216e7235b403229e92fd0743ede48fe7f1a2c6f45d594,"{""distance"":5,""physical_error_rate"":0.0005}","{""detection_events"":1517,""detectors_checked"":688128}"
      7168,         0,         0,   0.042,exact_mw,cb12ae119b9b2ba18d0216e7235b403229e92fd0743ede48fe7f1a2c6f45d594,"{""distance"":5,""physical_error_rate"":0.0005}","{""detection_events"":3494,""detectors_checked"":1605632}"
      3072,         0,         0,   0.054,exact_mw,cb12ae119b9b2ba18d0216e7235b403229e92fd0743ede48fe7f1a2c6f45d594,"{""distance"":5,""physical_error_rate"":0.0005}","{""detection_events"":1496,""detectors_checked"":688128}"
     26624,         0,         0,   0.207,exact_mw,cb12ae119b9b2ba18d0216e7235b403229e92fd0743ede48fe7f1a2c6f45d594,"{""distance"":5,""physical_error_rate"":0.0005}","{""detection_events"":13159,""detectors_checked"":5963776}"
     18432,         0,         0,   0.135,exact_mw,cb12ae119b9b2ba18d0216e7235b403229e92fd0743ede48fe7f1a2c6f45d594,"{""distance"":5,""physical_error_rate"":0.0005}","{""detection_events"":9033,""detectors_checked"":4128768}"
     12288,         0,         0,   0.106,exact_mw,cb12ae119b9b2ba18d0216e7235b403229e92fd0743ede48fe7f1a2c6f45d594,"{""distance"":5,""physical_error_rate"":0.0005}","{""detection_events"":6154,""detectors_checked"":2752512}"
      2048,         0,         0,   0.020,exact_mw,cb12ae119b9b2ba18d0216e7235b403229e92fd0743ede48fe7f1a2c6f45d594,"{""distance"":5,""physical_error_rate"":0.0005}","{""detection_events"":920,""detectors_checked"":458752}"
    101376,         0,         0,   0.403,exact_mw,cb12ae119b9b2ba18d0216e7235b403229e92fd0743ede48fe7f1a2c6f45d594,"{""distance"":5,""physical_error_rate"":0.0005}","{""detection_events"":49517,""detectors_checked"":22708224}"
     15360,         0,         0,   0.115,exact_mw,cb12ae119b9b2ba18d0216e7235b403229e92fd0743ede48fe7f1a2c6f45d594,"{""distance"":5,""physical_error_rate"":0.0005}","{""detection_events"":7499,""detectors_checked"":3440640}"
      7168,         0,         0,   0.126,exact_mw,cb12ae119b9b2ba18d0216e7235b403229e92fd0743ede48fe7f1a2c6f45d594,"{""distance"":5,""physical_error_rate"":0.0005}","{""detection_events"":3643,""detectors_checked"":1605632}"
     15360,         0,         0,   0.118,exact_mw,cb12ae119b9b2ba18d0216e7235b403229e92fd0743ede48fe7f1a2c6f45d594,"{""distance"":5,""physical_error_rate"":0.0005}","{""detection_events"":7371,""detectors_checked"":3440640}"
     13312,         0,         0,   0.108,exact_mw,cb12ae119b9b2ba18d0216e7235b403229e92fd0743ede48fe7f1a2c6f45d594,"{""distance"":5,""physical_error_rate"":0.0005}","{""detection_events"":6439,""detectors_checked"":2981888}"
     18432,         0,         0,   0.142,exact_mw,cb12ae119b9b2ba18d0216e7235b403229e92fd0743ede48fe7f1a2c6f45d594,"{""distance"":5,""physical_error_rate"":0.0005}","{""detection_events"":8981,""detectors_checked"":4128768}"
      4096,         0,         0,   0.030,exact_mw,cb12ae119b9b2ba18d0216e7235b403229e92fd0743ede48fe7f1a2c6f45d594,"{""distance"":5,""physical_error_rate"":0.0005}","{""detection_events"":1894,""detectors_checked"":917504}"
      6144,         0,         0,   0.055,exact_mw,cb12ae119b9b2ba18d0216e7235b403229e92fd0743ede48fe7f1a2c6f45d594,"{""distance"":5,""physical_error_rate"":0.0005}","{""detection_events"":3030,""detectors_checked"":1376256}"
      4096,         0,         0,   0.054,exact_mw,cb12ae119b9b2ba18d0216e7235b403229e92fd0743ede48fe7f1a2c6f45d594,"{""distance"":5,""physical_error_rate"":0.0005}","{""detection_events"":1916,""detectors_checked"":917504}"
      4096,         0,         0,   0.044,exact_mw,cb12ae119b9b2ba18d0216e7235b403229e92fd0743ede48fe7f1a2c6f45d594,"{""distance"":5,""physical_error_rate"":0.0005}","{""detection_events"":1988,""detectors_checked"":917504}"
     10240,         0,         0,   0.107,exact_mw,cb12ae119b9b2ba18d0216e7235b403229e92fd0743ede48fe7f1a2c6f45d594,"{""distance"":5,""physical_error_rate"":0.0005}","{""detection_events"":5161,""detectors_checked"":2293760}"
     19456,         0,         0,   0.140,exact_mw,cb12ae119b9b2ba18d0216e7235b403229e92fd0743ede48fe7f1a2c6f45d594,"{""distance"":5,""physical_error_rate"":0.0005}","{""detection_events"":9435,""detectors_checked"":4358144}"
     22528,         0,         0,   0.207,exact_mw,cb12ae119b9b2ba18d0216e7235b403229e92fd0743ede48fe7f1a2c6f45d594,"{""distance"":5,""physical_error_rate"":0.0005}","{""detection_events"":10911,""detectors_checked"":5046272}"
     24576,         0,         0,   0.198,exact_mw,cb12ae119b9b2ba18d0216e7235b403229e92fd0743ede48fe7f1a2c6f45d594,"{""distance"":5,""physical_error_rate"":0.0005}","{""detection_events"":12231,""detectors_checked"":5505024}"
     17408,         0,         0,   0.134,exact_mw,cb12ae119b9b2ba18d0216e7235b403229e92fd0743ede48fe7f1a2c6f45d594,"{""distance"":5,""physical_error_rate"":0.0005}","{""detection_events"":8612,""detectors_checked"":3899392}"
      9216,         0,         0,   0.076,exact_mw,cb12ae119b9b2ba18d0216e7235b403229e92fd0743ede48fe7f1a2c6f45d594,"{""distance"":5,""physical_error_rate"":0.0005}","{""detection_events"":4484,""detectors_checked"":2064384}"
    641024,         0,         0,    5.92,exact_mw,cb12ae119b9b2ba18d0216e7235b403229e92fd0743ede48fe7f1a2c6f45d594,"{""distance"":5,""physical_error_rate"":0.0005}","{""detection_events"":316547,""detectors_checked"":143589376}"
      5120,         0,         0,   0.081,exact_mw,cb12ae119b9b2ba18d0216e7235b403229e92fd0743ede48fe7f1a2c6f45d594,"{""distance"":5,""physical_error_rate"":0.0005}","{""detection_events"":2566,""detectors_checked"":1146880}"
     17408,         0,         0,   0.150,exact_mw,cb12ae119b9b2ba18d0216e7235b403229e92fd0743ede48fe7f1a2c6f45d594,"{""distance"":5,""physical_error_rate"":0.0005}","{""detection_events"":8699,""detectors_checked"":3899392}"
      7168,         0,         0,   0.053,exact_mw,cb12ae119b9b2ba18d0216e7235b403229e92fd0743ede48fe7f1a2c6f45d594,"{""distance"":5,""physical_error_rate"":0.0005}","{""detection_events"":3505,""detectors_checked"":1605632}"
     19456,         0,         0,   0.153,exact_mw,cb12ae119b9b2ba18d0216e7235b403229e92fd0743ede48fe7f1a2c6f45d594,"{""distance"":5,""physical_error_rate"":0.0005}","{""detection_events"":9124,""detectors_checked"":4358144}"
     26624,         0,         0,   0.210,exact_mw,cb12ae119b9b2ba18d0216e7235b403229e92fd0743ede48fe7f1a2c6f45d594,"{""distance"":5,""physical_error_rate"":0.0005}","{""detection_events"":13312,""detectors_checked"":5963776}"
     16384,         0,         0,   0.149,exact_mw,cb12ae119b9b2ba18d0216e7235b403229e92fd0743ede48fe7f1a2c6f45d594,"{""distance"":5,""physical_error_rate"":0.0005}","{""detection_events"":7885,""detectors_checked"":3670016}"
     18432,         0,         0,   0.157,exact_mw,cb12ae119b9b2ba18d0216e7235b403229e92fd0743ede48fe7f1a2c6f45d594,"{""distance"":5,""physical_error_rate"":0.0005}","{""detection_events"":9431,""detectors_checked"":4128768}"
     20480,         0,         0,   0.157,exact_mw,cb12ae119b9b2ba18d0216e7235b403229e92fd0743ede48fe7f1a2c6f45d594,"{""distance"":5,""physical_error_rate"":0.0005}","{""detection_events"":9676,""detectors_checked"":4587520}"
     19456,         0,         0,   0.155,exact_mw,cb12ae119b9b2ba18d0216e7235b403229e92fd0743ede48fe7f1a2c6f45d594,"{""distance"":5,""physical_error_rate"":0.0005}","{""detection_events"":9560,""detectors_checked"":4358144}"
     25600,         0,         0,   0.208,exact_mw,cb12ae119b9b2ba18d0216e7235b403229e92fd0743ede48fe7f1a2c6f45d594,"{""distance"":5,""physical_error_rate"":0.0005}","{""detection_events"":12257,""detectors_checked"":5734400}"
     33792,         0,         0,   0.288,exact_mw,cb12ae119b9b2ba18d0216e7235b403229e92fd0743ede48fe7f1a2c6f45d594,"{""distance"":5,""physical_error_rate"":0.0005}","{""detection_events"":16216,""detectors_checked"":7569408}"
     27648,         0,         0,   0.210,exact_mw,cb12ae119b9b2ba18d0216e7235b403229e92fd0743ede48fe7f1a2c6f45d594,"{""distance"":5,""physical_error_rate"":0.0005}","{""detection_events"":13768,""detectors_checked"":6193152}"
      9216,         0,         0,   0.076,exact_mw,cb12ae119b9b2ba18d0216e7235b403229e92fd0743ede48fe7f1a2c6f45d594,"{""distance"":5,""physical_error_rate"":0.0005}","{""detection_events"":4691,""detectors_checked"":2064384}"
         1,         0,         0,   0.013,exact_mw,cb12ae119b9b2ba18d0216e7235b403229e92fd0743ede48fe7f1a2c6f45d594,"{""distance"":5,""physical_error_rate"":0.0005}","{""detectors_checked"":224}"
     13312,         0,         0,   0.110,exact_mw,cb12ae119b9b2ba18d0216e7235b403229e92fd0743ede48fe7f1a2c6f45d594,"{""distance"":5,""physical_error_rate"":0.0005}","{""detection_events"":6691,""detectors_checked"":2981888}"
     10240,         0,         0,   0.110,exact_mw,cb12ae119b9b2ba18d0216e7235b403229e92fd0743ede48fe7f1a2c6f45d594,"{""distance"":5,""physical_error_rate"":0.0005}","{""detection_events"":4874,""detectors_checked"":2293760}"
     23552,         0,         0,   0.207,exact_mw,cb12ae119b9b2ba18d0216e7235b403229e92fd0743ede48fe7f1a2c6f45d594,"{""distance"":5,""physical_error_rate"":0.0005}","{""detection_events"":11805,""detectors_checked"":5275648}"
     13312,         0,         0,   0.158,exact_mw,cb12ae119b9b2ba18d0216e7235b403229e92fd0743ede48fe7f1a2c6f45d594,"{""distance"":5,""physical_error_rate"":0.0005}","{""detection_events"":6685,""detectors_checked"":2981888}"
      3344,         0,         0,   0.029,exact_mw,cb12ae119b9b2ba18d0216e7235b403229e92fd0743ede48fe7f1a2c6f45d594,"{""distance"":5,""physical_error_rate"":0.0005}","{""detection_events"":1649,""detectors_checked"":749056}"
     37888,         0,         0,   0.289,exact_mw,cb12ae119b9b2ba18d0216e7235b403229e92fd0743ede48fe7f1a2c6f45d594,"{""distance"":5,""physical_error_rate"":0.0005}","{""detection_events"":18751,""detectors_checked"":8486912}"
      3072,         0,         0,   0.028,exact_mw,cb12ae119b9b2ba18d0216e7235b403229e92fd0743ede48fe7f1a2c6f45d594,"{""distance"":5,""physical_error_rate"":0.0005}","{""detection_events"":1494,""detectors_checked"":688128}"
      2321,         0,         0,   0.031,exact_mw,cb12ae119b9b2ba18d0216e7235b403229e92fd0743ede48fe7f1a2c6f45d594,"{""distance"":5,""physical_error_rate"":0.0005}","{""detection_events"":1066,""detectors_checked"":519904}"
     23552,         0,         0,   0.206,exact_mw,cb12ae119b9b2ba18d0216e7235b403229e92fd0743ede48fe7f1a2c6f45d594,"{""distance"":5,""physical_error_rate"":0.0005}","{""detection_events"":11568,""detectors_checked"":5275648}"
      4096,         0,         0,   0.030,exact_mw,cb12ae119b9b2ba18d0216e7235b403229e92fd0743ede48fe7f1a2c6f45d594,"{""distance"":5,""physical_error_rate"":0.0005}","{""detection_events"":2040,""detectors_checked"":917504}"
     12288,         0,         0,   0.108,exact_mw,cb12ae119b9b2ba18d0216e7235b403229e92fd0743ede48fe7f1a2c6f45d594,"{""distance"":5,""physical_error_rate"":0.0005}","{""detection_events"":6185,""detectors_checked"":2752512}"
      3072,         0,         0,   0.027,exact_mw,cb12ae119b9b2ba18d0216e7235b403229e92fd0743ede48fe7f1a2c6f45d594,"{""distance"":5,""physical_error_rate"":0.0005}","{""detection_events"":1494,""detectors_checked"":688128}"
     23552,         0,         0,   0.210,exact_mw,cb12ae119b9b2ba18d0216e7235b403229e92fd0743ede48fe7f1a2c6f45d594,"{""distance"":5,""physical_error_rate"":0.0005}","{""detection_events"":11674,""detectors_checked"":5275648}"
     24576,         0,         0,   0.208,exact_mw,cb12ae119b9b2ba18d0216e7235b403229e92fd0743ede48fe7f1a2c6f45d594,"{""distance"":5,""physical_error_rate"":0.0005}","{""detection_events"":12112,""detectors_checked"":5505024}"
      4096,         0,         0,   0.028,exact_mw,cb12ae119b9b2ba18d0216e7235b403229e92fd0743ede48fe7f1a2c6f45d594,"{""distance"":5,""physical_error_rate"":0.0005}","{""detection_events"":2029,""detectors_checked"":917504}"
      3072,         0,         0,   0.028,exact_mw,cb12ae119b9b2ba18d0216e7235b403229e92fd0743ede48fe7f1a2c6f45d594,"{""distance"":5,""physical_error_rate"":0.0005}","{""detection_events"":1446,""detectors_checked"":688128}"
     26624,         0,         0,   0.211,exact_mw,cb12ae119b9b2ba18d0216e7235b403229e92fd0743ede48fe7f1a2c6f45d594,"{""distance"":5,""physical_error_rate"":0.0005}","{""detection_events"":13482,""detectors_checked"":5963776}"
      3072,         0,         0,   0.028,exact_mw,cb12ae119b9b2ba18d0216e7235b403229e92fd0743ede48fe7f1a2c6f45d594,"{""distance"":5,""physical_error_rate"":0.0005}","{""detection_events"":1533,""detectors_checked"":688128}"
     15360,         0,         0,   0.154,exact_mw,cb12ae119b9b2ba18d0216e7235b403229e92fd0743ede48fe7f1a2c6f45d594,"{""distance"":5,""physical_error_rate"":0.0005}","{""detection_events"":7582,""detectors_checked"":3440640}"
      3345,         0,         0,   0.030,exact_mw,cb12ae119b9b2ba18d0216e7235b403229e92fd0743ede48fe7f1a2c6f45d594,"{""distance"":5,""physical_error_rate"":0.0005}","{""detection_events"":1582,""detectors_checked"":749280}"
     23552,         0,         0,   0.207,exact_mw,cb12ae119b9b2ba18d0216e7235b403229e92fd0743ede48fe7f1a2c6f45d594,"{""distance"":5,""physical_error_rate"":0.0005}","{""detection_events"":11528,""detectors_checked"":5275648}"
     17408,         0,         0,   0.154,exact_mw,cb12ae119b9b2ba18d0216e7235b403229e92fd0743ede48fe7f1a2c6f45d594,"{""distance"":5,""physical_error_rate"":0.0005}","{""detection_events"":8500,""detectors_checked"":3899392}"
     26624,         0,         0,   0.215,exact_mw,cb12ae119b9b2ba18d0216e7235b403229e92fd0743ede48fe7f1a2c6f45d594,"{""distance"":5,""physical_error_rate"":0.0005}","{""detection_events"":13104,""detectors_checked"":5963776}"
     16384,         0,         0,   0.218,exact_mw,cb12ae119b9b2ba18d0216e7235b403229e92fd0743ede48fe7f1a2c6f45d594,"{""distance"":5,""physical_error_rate"":0.0005}","{""detection_events"":8321,""detectors_checked"":3670016}"
     25600,         0,         0,   0.221,exact_mw,cb12ae119b9b2ba18d0216e7235b403229e92fd0743ede48fe7f1a2c6f45d594,"{""distance"":5,""physical_error_rate"":0.0005}","{""detection_events"":12506,""detectors_checked"":5734400}"
     34816,         0,         0,   0.289,exact_mw,cb12ae119b9b2ba18d0216e7235b403229e92fd0743ede48fe7f1a2c6f45d594,"{""distance"":5,""physical_error_rate"":0.0005}","{""detection_events"":17305,""detectors_checked"":7798784}"
      7168,         0,         0,   0.054,exact_mw,cb12ae119b9b2ba18d0216e7235b403229e92fd0743ede48fe7f1a2c6f45d594,"{""distance"":5,""physical_error_rate"":0.0005}","{""detection_events"":3560,""detectors_checked"":1605632}"
     33792,         0,         0,   0.303,exact_mw,cb12ae119b9b2ba18d0216e7235b403229e92fd0743ede48fe7f1a2c6f45d594,"{""distance"":5,""physical_error_rate"":0.0005}","{""detection_events"":16852,""detectors_checked"":7569408}"
      2048,         0,         0,   0.029,exact_mw,cb12ae119b9b2ba18d0216e7235b403229e92fd0743ede48fe7f1a2c6f45d594,"{""distance"":5,""physical_error_rate"":0.0005}","{""detection_events"":932,""detectors_checked"":458752}"
      7168,         0,         0,   0.053,exact_mw,cb12ae119b9b2ba18d0216e7235b403229e92fd0743ede48fe7f1a2c6f45d594,"{""distance"":5,""physical_error_rate"":0.0005}","{""detection_events"":3731,""detectors_checked"":1605632}"
      3072,         0,         0,   0.026,exact_mw,cb12ae119b9b2ba18d0216e7235b403229e92fd0743ede48fe7f1a2c6f45d594,"{""distance"":5,""physical_error_rate"":0.0005}","{""detection_events"":1588,""detectors_checked"":688128}"
     32768,         0,         0,   0.278,exact_mw,cb12ae119b9b2ba18d0216e7235b403229e92fd0743ede48fe7f1a2c6f45d594,"{""distance"":5,""physical_error_rate"":0.0005}","{""detection_events"":16292,""detectors_checked"":7340032}"
     24576,         0,         0,   0.208,exact_mw,cb12ae119b9b2ba18d0216e7235b403229e92fd0743ede48fe7f1a2c6f45d594,"{""distance"":5,""physical_error_rate"":0.0005}","{""detection_events"":11668,""detectors_checked"":5505024}"
      4096,         0,         0,   0.015,exact_mw,cb12ae119b9b2ba18d0216e7235b403229e92fd0743ede48fe7f1a2c6f45d594,"{""distance"":5,""physical_error_rate"":0.0005}","{""detection_events"":2017,""detectors_checked"":917504}"
     30720,         0,         0,   0.145,exact_mw,cb12ae119b9b2ba18d0216e7235b403229e92fd0743ede48fe7f1a2c6f45d594,"{""distance"":5,""physical_error_rate"":0.0005}","{""detection_events"":15446,""detectors_checked"":6881280}"
    726016,         3,         0,    5.92,exact_mw,cb12ae119b9b2ba18d0216e7235b403229e92fd0743ede48fe7f1a2c6f45d594,"{""distance"":5,""physical_error_rate"":0.0005}","{""detection_events"":356800,""detectors_checked"":162627584,""obs_mistake_mask=E"":3}"
     36864,         0,         0,   0.294,exact_mw,cb12ae119b9b2ba18d0216e7235b403229e92fd0743ede48fe7f1a2c6f45d594,"{""distance"":5,""physical_error_rate"":0.0005}","{""detection_events"":17891,""detectors_checked"":8257536}"
      9216,         0,         0,   0.076,exact_mw,cb12ae119b9b2ba18d0216e7235b403229e92fd0743ede48fe7f1a2c6f45d594,"{""distance"":5,""physical_error_rate"":0.0005}","{""detection_events"":4346,""detectors_checked"":2064384}"
      6144,         0,         0,   0.054,exact_mw,cb12ae119b9b2ba18d0216e7235b403229e92fd0743ede48fe7f1a2c6f45d594,"{""distance"":5,""physical_error_rate"":0.0005}","{""detection_events"":2994,""detectors_checked"":1376256}"
     34816,         0,         0,   0.293,exact_mw,cb12ae119b9b2ba18d0216e7235b403229e92fd0743ede48fe7f1a2c6f45d594,"{""distance"":5,""physical_error_rate"":0.0005}","{""detection_events"":17332,""detectors_checked"":7798784}"
      7168,         0,         0,   0.040,exact_mw,cb12ae119b9b2ba18d0216e7235b403229e92fd0743ede48fe7f1a2c6f45d594,"{""distance"":5,""physical_error_rate"":0.0005}","{""detection_events"":3612,""detectors_checked"":1605632}"
     35840,         0,         0,   0.292,exact_mw,cb12ae119b9b2ba18d0216e7235b403229e92fd0743ede48fe7f1a2c6f45d594,"{""distance"":5,""physical_error_rate"":0.0005}","{""detection_events"":17599,""detectors_checked"":8028160}"
     10240,         0,         0,   0.077,exact_mw,cb12ae119b9b2ba18d0216e7235b403229e92fd0743ede48fe7f1a2c6f45d594,"{""distance"":5,""physical_error_rate"":0.0005}","{""detection_events"":5216,""detectors_checked"":2293760}"
      6144,         0,         0,   0.053,exact_mw,cb12ae119b9b2ba18d0216e7235b403229e92fd0743ede48fe7f1a2c6f45d594,"{""distance"":5,""physical_error_rate"":0.0005}","{""detection_events"":3174,""detectors_checked"":1376256}"
    149504,         1,         0,   0.564,exact_mw,cb12ae119b9b2ba18d0216e7235b403229e92fd0743ede48fe7f1a2c6f45d594,"{""distance"":5,""physical_error_rate"":0.0005}","{""detection_events"":73107,""detectors_checked"":33488896,""obs_mistake_mask=E"":1}"
     12288,         0,         0,   0.105,exact_mw,cb12ae119b9b2ba18d0216e7235b403229e92fd0743ede48fe7f1a2c6f45d594,"{""distance"":5,""physical_error_rate"":0.0005}","{""detection_events"":6252,""detectors_checked"":2752512}"
     26624,         0,         0,   0.209,exact_mw,cb12ae119b9b2ba18d0216e7235b403229e92fd0743ede48fe7f1a2c6f45d594,"{""distance"":5,""physical_error_rate"":0.0005}","{""detection_events"":12938,""detectors_checked"":5963776}"
     35840,         1,         0,   0.276,exact_mw,cb12ae119b9b2ba18d0216e7235b403229e92fd0743ede48fe7f1a2c6f45d594,"{""distance"":5,""physical_error_rate"":0.0005}","{""detection_events"":17739,""detectors_checked"":8028160,""obs_mistake_mask=E"":1}"
     43008,         0,         0,   0.404,exact_mw,cb12ae119b9b2ba18d0216e7235b403229e92fd0743ede48fe7f1a2c6f45d594,"{""distance"":5,""physical_error_rate"":0.0005}","{""detection_events"":21460,""detectors_checked"":9633792}"
     24576,         0,         0,   0.209,exact_mw,cb12ae119b9b2ba18d0216e7235b403229e92fd0743ede48fe7f1a2c6f45d594,"{""distance"":5,""physical_error_rate"":0.0005}","{""detection_events"":12043,""detectors_checked"":5505024}"
     36864,         0,         0,   0.289,exact_mw,cb12ae119b9b2ba18d0216e7235b403229e92fd0743ede48fe7f1a2c6f45d594,"{""distance"":5,""physical_error_rate"":0.0005}","{""detection_events"":18031,""detectors_checked"":8257536}"
     37888,         0,         0,   0.290,exact_mw,cb12ae119b9b2ba18d0216e7235b403229e92fd0743ede48fe7f1a2c6f45d594,"{""distance"":5,""physical_error_rate"":0.0005}","{""detection_events"":18750,""detectors_checked"":8486912}"
     33792,         0,         0,   0.272,exact_mw,cb12ae119b9b2ba18d0216e7235b403229e92fd0743ede48fe7f1a2c6f45d594,"{""distance"":5,""physical_error_rate"":0.0005}","{""detection_events"":16686,""detectors_checked"":7569408}"
      9216,         0,         0,   0.082,exact_mw,cb12ae119b9b2ba18d0216e7235b403229e92fd0743ede48fe7f1a2c6f45d594,"{""distance"":5,""physical_error_rate"":0.0005}","{""detection_events"":4561,""detectors_checked"":2064384}"
     13312,         0,         0,   0.107,exact_mw,cb12ae119b9b2ba18d0216e7235b403229e92fd0743ede48fe7f1a2c6f45d594,"{""distance"":5,""physical_error_rate"":0.0005}","{""detection_events"":6430,""detectors_checked"":2981888}"
     50176,         0,         0,   0.206,exact_mw,cb12ae119b9b2ba18d0216e7235b403229e92fd0743ede48fe7f1a2c6f45d594,"{""distance"":5,""physical_error_rate"":0.0005}","{""detection_events"":24635,""detectors_checked"":11239424}"
     28672,         0,         0,   0.294,exact_mw,cb12ae119b9b2ba18d0216e7235b403229e92fd0743ede48fe7f1a2c6f45d594,"{""distance"":5,""physical_error_rate"":0.0005}","{""detection_events"":14285,""detectors_checked"":6422528}"
     35840,         0,         0,   0.299,exact_mw,cb12ae119b9b2ba18d0216e7235b403229e92fd0743ede48fe7f1a2c6f45d594,"{""distance"":5,""physical_error_rate"":0.0005}","{""detection_events"":17911,""detectors_checked"":8028160}"
     43008,         0,         0,   0.416,exact_mw,cb12ae119b9b2ba18d0216e7235b403229e92fd0743ede48fe7f1a2c6f45d594,"{""distance"":5,""physical_error_rate"":0.0005}","{""detection_events"":21551,""detectors_checked"":9633792}"
     34816,         0,         0,   0.292,exact_mw,cb12ae119b9b2ba18d0216e7235b403229e92fd0743ede48fe7f1a2c6f45d594,"{""distance"":5,""physical_error_rate"":0.0005}","{""detection_events"":16934,""detectors_checked"":7798784}"
     25600,         0,         0,   0.277,exact_mw,cb12ae119b9b2ba18d0216e7235b403229e92fd0743ede48fe7f1a2c6f45d594,"{""distance"":5,""physical_error_rate"":0.0005}","{""detection_events"":12312,""detectors_checked"":5734400}"
    636928,         0,         0,    5.96,exact_mw,cb12ae119b9b2ba18d0216e7235b403229e92fd0743ede48fe7f1a2c6f45d594,"{""distance"":5,""physical_error_rate"":0.0005}","{""detection_events"":314492,""detectors_checked"":142671872}"
     17408,         0,         0,   0.152,exact_mw,cb12ae119b9b2ba18d0216e7235b403229e92fd0743ede48fe7f1a2c6f45d594,"{""distance"":5,""physical_error_rate"":0.0005}","{""detection_events"":8456,""detectors_checked"":3899392}"
     35840,         0,         0,   0.276,exact_mw,cb12ae119b9b2ba18d0216e7235b403229e92fd0743ede48fe7f1a2c6f45d594,"{""distance"":5,""physical_error_rate"":0.0005}","{""detection_events"":17517,""detectors_checked"":8028160}"
     14336,         0,         0,   0.108,exact_mw,cb12ae119b9b2ba18d0216e7235b403229e92fd0743ede48fe7f1a2c6f45d594,"{""distance"":5,""physical_error_rate"":0.0005}","{""detection_events"":7295,""detectors_checked"":3211264}"
     50176,         0,         0,   0.405,exact_mw,cb12ae119b9b2ba18d0216e7235b403229e92fd0743ede48fe7f1a2c6f45d594,"{""distance"":5,""physical_error_rate"":0.0005}","{""detection_events"":24460,""detectors_checked"":11239424}"
     47104,         0,         0,   0.401,exact_mw,cb12ae119b9b2ba18d0216e7235b403229e92fd0743ede48fe7f1a2c6f45d594,"{""distance"":5,""physical_error_rate"":0.0005}","{""detection_events"":22863,""detectors_checked"":10551296}"
     16384,         0,         0,   0.147,exact_mw,cb12ae119b9b2ba18d0216e7235b403229e92fd0743ede48fe7f1a2c6f45d594,"{""distance"":5,""physical_error_rate"":0.0005}","{""detection_events"":7946,""detectors_checked"":3670016}"
    568320,         0,         0,    5.91,exact_mw,cb12ae119b9b2ba18d0216e7235b403229e92fd0743ede48fe7f1a2c6f45d594,"{""distance"":5,""physical_error_rate"":0.0005}","{""detection_events"":281061,""detectors_checked"":127303680}"
     52224,         0,         0,   0.405,exact_mw,cb12ae119b9b2ba18d0216e7235b403229e92fd0743ede48fe7f1a2c6f45d594,"{""distance"":5,""physical_error_rate"":0.0005}","{""detection_events"":25899,""detectors_checked"":11698176}"
     35840,         0,         0,   0.263,exact_mw,cb12ae119b9b2ba18d0216e7235b403229e92fd0743ede48fe7f1a2c6f45d594,"{""distance"":5,""physical_error_rate"":0.0005}","{""detection_events"":17439,""detectors_checked"":8028160}"
     36864,         0,         0,   0.289,exact_mw,cb12ae119b9b2ba18d0216e7235b403229e92fd0743ede48fe7f1a2c6f45d594,"{""distance"":5,""physical_error_rate"":0.0005}","{""detection_events"":18277,""detectors_checked"":8257536}"
     47104,         0,         0,   0.411,exact_mw,cb12ae119b9b2ba18d0216e7235b403229e92fd0743ede48fe7f1a2c6f45d594,"{""distance"":5,""physical_error_rate"":0.0005}","{""detection_events"":23257,""detectors_checked"":10551296}"
     50176,         0,         0,   0.393,exact_mw,cb12ae119b9b2ba18d0216e7235b403229e92fd0743ede48fe7f1a2c6f45d594,"{""distance"":5,""physical_error_rate"":0.0005}","{""detection_events"":25244,""detectors_checked"":11239424}"
     18432,         0,         0,   0.134,exact_mw,cb12ae119b9b2ba18d0216e7235b403229e92fd0743ede48fe7f1a2c6f45d594,"{""distance"":5,""physical_error_rate"":0.0005}","{""detection_events"":8917,""detectors_checked"":4128768}"
     49152,         0,         0,   0.412,exact_mw,cb12ae119b9b2ba18d0216e7235b403229e92fd0743ede48fe7f1a2c6f45d594,"{""distance"":5,""physical_error_rate"":0.0005}","{""detection_events"":24302,""detectors_checked"":11010048}"
     18432,         0,         0,   0.208,exact_mw,cb12ae119b9b2ba18d0216e7235b403229e92fd0743ede48fe7f1a2c6f45d594,"{""distance"":5,""physical_error_rate"":0.0005}","{""detection_events"":9042,""detectors_checked"":4128768}"
     72704,         0,         0,   0.289,exact_mw,cb12ae119b9b2ba18d0216e7235b403229e92fd0743ede48fe7f1a2c6f45d594,"{""distance"":5,""physical_error_rate"":0.0005}","{""detection_events"":35406,""detectors_checked"":16285696}"
     44032,         0,         0,   0.429,exact_mw,cb12ae119b9b2ba18d0216e7235b403229e92fd0743ede48fe7f1a2c6f45d594,"{""distance"":5,""physical_error_rate"":0.0005}","{""detection_events"":21900,""detectors_checked"":9863168}"
     28672,         0,         0,   0.202,exact_mw,cb12ae119b9b2ba18d0216e7235b403229e92fd0743ede48fe7f1a2c6f45d594,"{""distance"":5,""physical_error_rate"":0.0005}","{""detection_events"":13709,""detectors_checked"":6422528}"
     49152,         0,         0,   0.406,exact_mw,cb12ae119b9b2ba18d0216e7235b403229e92fd0743ede48fe7f1a2c6f45d594,"{""distance"":5,""physical_error_rate"":0.0005}","{""detection_events"":23848,""detectors_checked"":11010048}"
     49152,         0,         0,   0.412,exact_mw,cb12ae119b9b2ba18d0216e7235b403229e92fd0743ede48fe7f1a2c6f45d594,"{""distance"":5,""physical_error_rate"":0.0005}","{""detection_events"":24748,""detectors_checked"":11010048}"
     52224,         0,         0,   0.412,exact_mw,cb12ae119b9b2ba18d0216e7235b403229e92fd0743ede48fe7f1a2c6f45d594,"{""distance"":5,""physical_error_rate"":0.0005}","{""detection_events"":25821,""detectors_checked"":11698176}"
     48128,         0,         0,   0.393,exact_mw,cb12ae119b9b2ba18d0216e7235b403229e92fd0743ede48fe7f1a2c6f45d594,"{""distance"":5,""physical_error_rate"":0.0005}","{""detection_events"":23796,""detectors_checked"":10780672}"
     48128,         0,         0,   0.410,exact_mw,cb12ae119b9b2ba18d0216e7235b403229e92fd0743ede48fe7f1a2c6f45d594,"{""distance"":5,""physical_error_rate"":0.0005}","{""detection_events"":23775,""detectors_checked"":10780672}"
     52224,         0,         0,   0.406,exact_mw,cb12ae119b9b2ba18d0216e7235b403229e92fd0743ede48fe7f1a2c6f45d594,"{""distance"":5,""physical_error_rate"":0.0005}","{""detection_events"":25620,""detectors_checked"":11698176}"
     52224,         0,         0,   0.414,exact_mw,cb12ae119b9b2ba18d0216e7235b403229e92fd0743ede48fe7f1a2c6f45d594,"{""distance"":5,""physical_error_rate"":0.0005}","{""detection_events"":25898,""detectors_checked"":11698176}"
     23552,         0,         0,   0.195,exact_mw,cb12ae119b9b2ba18d0216e7235b403229e92fd0743ede48fe7f1a2c6f45d594,"{""distance"":5,""physical_error_rate"":0.0005}","{""detection_events"":11600,""detectors_checked"":5275648}"
     50176,         0,         0,   0.417,exact_mw,cb12ae119b9b2ba18d0216e7235b403229e92fd0743ede48fe7f1a2c6f45d594,"{""distance"":5,""physical_error_rate"":0.0005}","{""detection_events"":24341,""detectors_checked"":11239424}"
     68608,         0,         0,   0.548,exact_mw,cb12ae119b9b2ba18d0216e7235b403229e92fd0743ede48fe7f1a2c6f45d594,"{""distance"":5,""physical_error_rate"":0.0005}","{""detection_events"":33779,""detectors_checked"":15368192}"
     32768,         0,         0,   0.262,exact_mw,cb12ae119b9b2ba18d0216e7235b403229e92fd0743ede48fe7f1a2c6f45d594,"{""distance"":5,""physical_error_rate"":0.0005}","{""detection_events"":16165,""detectors_checked"":7340032}"
     76800,         0,         0,   0.567,exact_mw,cb12ae119b9b2ba18d0216e7235b403229e92fd0743ede48fe7f1a2c6f45d594,"{""distance"":5,""physical_error_rate"":0.0005}","{""detection_events"":37730,""detectors_checked"":17203200}"
     35840,         0,         0,   0.407,exact_mw,cb12ae119b9b2ba18d0216e7235b403229e92fd0743ede48fe7f1a2c6f45d594,"{""distance"":5,""physical_error_rate"":0.0005}","{""detection_events"":18053,""detectors_checked"":8028160}"
     41984,         0,         0,   0.420,exact_mw,cb12ae119b9b2ba18d0216e7235b403229e92fd0743ede48fe7f1a2c6f45d594,"{""distance"":5,""physical_error_rate"":0.0005}","{""detection_events"":20549,""detectors_checked"":9404416}"
     34816,         0,         0,   0.291,exact_mw,cb12ae119b9b2ba18d0216e7235b403229e92fd0743ede48fe7f1a2c6f45d594,"{""distance"":5,""physical_error_rate"":0.0005}","{""detection_events"":17066,""detectors_checked"":7798784}"
     95232,         0,         0,   0.405,exact_mw,cb12ae119b9b2ba18d0216e7235b403229e92fd0743ede48fe7f1a2c6f45d594,"{""distance"":5,""physical_error_rate"":0.0005}","{""detection_events"":46845,""detectors_checked"":21331968}"
    200704,         0,         0,   0.789,exact_mw,cb12ae119b9b2ba18d0216e7235b403229e92fd0743ede48fe7f1a2c6f45d594,"{""distance"":5,""physical_error_rate"":0.0005}","{""detection_events"":98952,""detectors_checked"":44957696}"
     66560,         0,         0,   0.555,exact_mw,cb12ae119b9b2ba18d0216e7235b403229e92fd0743ede48fe7f1a2c6f45d594,"{""distance"":5,""physical_error_rate"":0.0005}","{""detection_events"":32387,""detectors_checked"":14909440}"
     62464,         0,         0,   0.568,exact_mw,cb12ae119b9b2ba18d0216e7235b403229e92fd0743ede48fe7f1a2c6f45d594,"{""distance"":5,""physical_error_rate"":0.0005}","{""detection_events"":29942,""detectors_checked"":13991936}"
     23552,         0,         0,   0.301,exact_mw,cb12ae119b9b2ba18d0216e7235b403229e92fd0743ede48fe7f1a2c6f45d594,"{""distance"":5,""physical_error_rate"":0.0005}","{""detection_events"":11607,""detectors_checked"":5275648}"
     67584,         0,         0,   0.578,exact_mw,cb12ae119b9b2ba18d0216e7235b403229e92fd0743ede48fe7f1a2c6f45d594,"{""distance"":5,""physical_error_rate"":0.0005}","{""detection_events"":32942,""detectors_checked"":15138816}"
     70656,         0,         0,   0.573,exact_mw,cb12ae119b9b2ba18d0216e7235b403229e92fd0743ede48fe7f1a2c6f45d594,"{""distance"":5,""physical_error_rate"":0.0005}","{""detection_events"":34891,""detectors_checked"":15826944}"
     69632,         0,         0,   0.566,exact_mw,cb12ae119b9b2ba18d0216e7235b403229e92fd0743ede48fe7f1a2c6f45d594,"{""distance"":5,""physical_error_rate"":0.0005}","{""detection_events"":34189,""detectors_checked"":15597568}"
     68608,         0,         0,   0.569,exact_mw,cb12ae119b9b2ba18d0216e7235b403229e92fd0743ede48fe7f1a2c6f45d594,"{""distance"":5,""physical_error_rate"":0.0005}","{""detection_events"":33783,""detectors_checked"":15368192}"
     60416,         0,         0,   0.568,exact_mw,cb12ae119b9b2ba18d0216e7235b403229e92fd0743ede48fe7f1a2c6f45d594,"{""distance"":5,""physical_error_rate"":0.0005}","{""detection_events"":29539,""detectors_checked"":13533184}"
     67584,         0,         0,   0.572,exact_mw,cb12ae119b9b2ba18d0216e7235b403229e92fd0743ede48fe7f1a2c6f45d594,"{""distance"":5,""physical_error_rate"":0.0005}","{""detection_events"":32950,""detectors_checked"":15138816}"
     63488,         0,         0,   0.573,exact_mw,cb12ae119b9b2ba18d0216e7235b403229e92fd0743ede48fe7f1a2c6f45d594,"{""distance"":5,""physical_error_rate"":0.0005}","{""detection_events"":31475,""detectors_checked"":14221312}"
     71680,         0,         0,   0.569,exact_mw,cb12ae119b9b2ba18d0216e7235b403229e92fd0743ede48fe7f1a2c6f45d594,"{""distance"":5,""physical_error_rate"":0.0005}","{""detection_events"":35135,""detectors_checked"":16056320}"
     72704,         0,         0,   0.556,exact_mw,cb12ae119b9b2ba18d0216e7235b403229e92fd0743ede48fe7f1a2c6f45d594,"{""distance"":5,""physical_error_rate"":0.0005}","{""detection_events"":36053,""detectors_checked"":16285696}"
     45056,         0,         0,   0.421,exact_mw,cb12ae119b9b2ba18d0216e7235b403229e92fd0743ede48fe7f1a2c6f45d594,"{""distance"":5,""physical_error_rate"":0.0005}","{""detection_events"":22502,""detectors_checked"":10092544}"
     63488,         0,         0,   0.555,exact_mw,cb12ae119b9b2ba18d0216e7235b403229e92fd0743ede48fe7f1a2c6f45d594,"{""distance"":5,""physical_error_rate"":0.0005}","{""detection_events"":31723,""detectors_checked"":14221312}"
     73728,         0,         0,   0.577,exact_mw,cb12ae119b9b2ba18d0216e7235b403229e92fd0743ede48fe7f1a2c6f45d594,"{""distance"":5,""physical_error_rate"":0.0005}","{""detection_events"":36689,""detectors_checked"":16515072}"
     61440,         0,         0,   0.580,exact_mw,cb12ae119b9b2ba18d0216e7235b403229e92fd0743ede48fe7f1a2c6f45d594,"{""distance"":5,""physical_error_rate"":0.0005}","{""detection_events"":30178,""detectors_checked"":13762560}"
     68608,         0,         0,   0.565,exact_mw,cb12ae119b9b2ba18d0216e7235b403229e92fd0743ede48fe7f1a2c6f45d594,"{""distance"":5,""physical_error_rate"":0.0005}","{""detection_events"":33701,""detectors_checked"":15368192}"
     48128,         0,         0,   0.412,exact_mw,cb12ae119b9b2ba18d0216e7235b403229e92fd0743ede48fe7f1a2c6f45d594,"{""distance"":5,""physical_error_rate"":0.0005}","{""detection_events"":23117,""detectors_checked"":10780672}"
     49152,         0,         0,   0.407,exact_mw,cb12ae119b9b2ba18d0216e7235b403229e92fd0743ede48fe7f1a2c6f45d594,"{""distance"":5,""physical_error_rate"":0.0005}","{""detection_events"":23614,""detectors_checked"":11010048}"
     69632,         0,         0,   0.570,exact_mw,cb12ae119b9b2ba18d0216e7235b403229e92fd0743ede48fe7f1a2c6f45d594,"{""distance"":5,""physical_error_rate"":0.0005}","{""detection_events"":35010,""detectors_checked"":15597568}"
     59392,         0,         0,   0.576,exact_mw,cb12ae119b9b2ba18d0216e7235b403229e92fd0743ede48fe7f1a2c6f45d594,"{""distance"":5,""physical_error_rate"":0.0005}","{""detection_events"":29145,""detectors_checked"":13303808}"
     66560,         0,         0,   0.568,exact_mw,cb12ae119b9b2ba18d0216e7235b403229e92fd0743ede48fe7f1a2c6f45d594,"{""distance"":5,""physical_error_rate"":0.0005}","{""detection_events"":32507,""detectors_checked"":14909440}"
     88064,         0,         0,   0.801,exact_mw,cb12ae119b9b2ba18d0216e7235b403229e92fd0743ede48fe7f1a2c6f45d594,"{""distance"":5,""physical_error_rate"":0.0005}","{""detection_events"":43150,""detectors_checked"":19726336}"
   1434779,         0,         0,    6.02,exact_mw,cb12ae119b9b2ba18d0216e7235b403229e92fd0743ede48fe7f1a2c6f45d594,"{""distance"":5,""physical_error_rate"":0.0005}","{""detection_events"":707066,""detectors_checked"":321390496}"
   1223680,         0,         0,    9.22,exact_mw,cb12ae119b9b2ba18d0216e7235b403229e92fd0743ede48fe7f1a2c6f45d594,"{""distance"":5,""physical_error_rate"":0.0005}","{""detection_events"":602384,""detectors_checked"":274104320}"
   1359872,         3,         0,    8.85,exact_mw,cb12ae119b9b2ba18d0216e7235b403229e92fd0743ede48fe7f1a2c6f45d594,"{""distance"":5,""physical_error_rate"":0.0005}","{""detection_events"":669606,""detectors_checked"":304611328,""obs_mistake_mask=E"":3}"
   1225728,         0,         0,    9.18,exact_mw,cb12ae119b9b2ba18d0216e7235b403229e92fd0743ede48fe7f1a2c6f45d594,"{""distance"":5,""physical_error_rate"":0.0005}","{""detection_events"":601584,""detectors_checked"":274563072}"
    101376,         0,         0,   0.772,exact_mw,cb12ae119b9b2ba18d0216e7235b403229e92fd0743ede48fe7f1a2c6f45d594,"{""distance"":5,""physical_error_rate"":0.0005}","{""detection_events"":49355,""detectors_checked"":22708224}"
    100352,         0,         0,   0.790,exact_mw,cb12ae119b9b2ba18d0216e7235b403229e92fd0743ede48fe7f1a2c6f45d594,"{""distance"":5,""physical_error_rate"":0.0005}","{""detection_events"":48555,""detectors_checked"":22478848}"
    105472,         0,         0,   0.793,exact_mw,cb12ae119b9b2ba18d0216e7235b403229e92fd0743ede48fe7f1a2c6f45d594,"{""distance"":5,""physical_error_rate"":0.0005}","{""detection_events"":52207,""detectors_checked"":23625728}"
     65536,         0,         0,   0.562,exact_mw,cb12ae119b9b2ba18d0216e7235b403229e92fd0743ede48fe7f1a2c6f45d594,"{""distance"":5,""physical_error_rate"":0.0005}","{""detection_events"":31872,""detectors_checked"":14680064}"
    103424,         0,         0,   0.786,exact_mw,cb12ae119b9b2ba18d0216e7235b403229e92fd0743ede48fe7f1a2c6f45d594,"{""distance"":5,""physical_error_rate"":0.0005}","{""detection_events"":50408,""detectors_checked"":23166976}"
    100352,         0,         0,   0.802,exact_mw,cb12ae119b9b2ba18d0216e7235b403229e92fd0743ede48fe7f1a2c6f45d594,"{""distance"":5,""physical_error_rate"":0.0005}","{""detection_events"":48981,""detectors_checked"":22478848}"
     97280,         0,         0,   0.807,exact_mw,cb12ae119b9b2ba18d0216e7235b403229e92fd0743ede48fe7f1a2c6f45d594,"{""distance"":5,""physical_error_rate"":0.0005}","{""detection_events"":47641,""detectors_checked"":21790720}"
     61440,         0,         0,   0.566,exact_mw,cb12ae119b9b2ba18d0216e7235b403229e92fd0743ede48fe7f1a2c6f45d594,"{""distance"":5,""physical_error_rate"":0.0005}","{""detection_events"":30572,""detectors_checked"":13762560}"
     89088,         0,         0,   0.794,exact_mw,cb12ae119b9b2ba18d0216e7235b403229e92fd0743ede48fe7f1a2c6f45d594,"{""distance"":5,""physical_error_rate"":0.0005}","{""detection_events"":43814,""detectors_checked"":19955712}"
     90112,         0,         0,   0.791,exact_mw,cb12ae119b9b2ba18d0216e7235b403229e92fd0743ede48fe7f1a2c6f45d594,"{""distance"":5,""physical_error_rate"":0.0005}","{""detection_events"":44187,""detectors_checked"":20185088}"
    100352,         0,         0,   0.804,exact_mw,cb12ae119b9b2ba18d0216e7235b403229e92fd0743ede48fe7f1a2c6f45d594,"{""distance"":5,""physical_error_rate"":0.0005}","{""detection_events"":48582,""detectors_checked"":22478848}"
     91136,         0,         0,   0.800,exact_mw,cb12ae119b9b2ba18d0216e7235b403229e92fd0743ede48fe7f1a2c6f45d594,"{""distance"":5,""physical_error_rate"":0.0005}","{""detection_events"":45309,""detectors_checked"":20414464}"
     61440,         0,         0,   0.578,exact_mw,cb12ae119b9b2ba18d0216e7235b403229e92fd0743ede48fe7f1a2c6f45d594,"{""distance"":5,""physical_error_rate"":0.0005}","{""detection_events"":30402,""detectors_checked"":13762560}"
    102400,         0,         0,   0.798,exact_mw,cb12ae119b9b2ba18d0216e7235b403229e92fd0743ede48fe7f1a2c6f45d594,"{""distance"":5,""physical_error_rate"":0.0005}","{""detection_events"":50244,""detectors_checked"":22937600}"
    100352,         0,         0,   0.796,exact_mw,cb12ae119b9b2ba18d0216e7235b403229e92fd0743ede48fe7f1a2c6f45d594,"{""distance"":5,""physical_error_rate"":0.0005}","{""detection_events"":49229,""detectors_checked"":22478848}"
     95232,         0,         0,   0.795,exact_mw,cb12ae119b9b2ba18d0216e7235b403229e92fd0743ede48fe7f1a2c6f45d594,"{""distance"":5,""physical_error_rate"":0.0005}","{""detection_events"":47487,""detectors_checked"":21331968}"
    101376,         0,         0,   0.791,exact_mw,cb12ae119b9b2ba18d0216e7235b403229e92fd0743ede48fe7f1a2c6f45d594,"{""distance"":5,""physical_error_rate"":0.0005}","{""detection_events"":49927,""detectors_checked"":22708224}"
     92160,         0,         0,   0.786,exact_mw,cb12ae119b9b2ba18d0216e7235b403229e92fd0743ede48fe7f1a2c6f45d594,"{""distance"":5,""physical_error_rate"":0.0005}","{""detection_events"":45420,""detectors_checked"":20643840}"
    267264,         0,         0,    1.11,exact_mw,cb12ae119b9b2ba18d0216e7235b403229e92fd0743ede48fe7f1a2c6f45d594,"{""distance"":5,""physical_error_rate"":0.0005}","{""detection_events"":131838,""detectors_checked"":59867136}"
     94208,         0,         0,   0.795,exact_mw,cb12ae119b9b2ba18d0216e7235b403229e92fd0743ede48fe7f1a2c6f45d594,"{""distance"":5,""physical_error_rate"":0.0005}","{""detection_events"":45708,""detectors_checked"":21102592}"
     93184,         1,         0,   0.804,exact_mw,cb12ae119b9b2ba18d0216e7235b403229e92fd0743ede48fe7f1a2c6f45d594,"{""distance"":5,""physical_error_rate"":0.0005}","{""detection_events"":46321,""detectors_checked"":20873216,""obs_mistake_mask=E"":1}"
     84992,         0,         0,   0.779,exact_mw,cb12ae119b9b2ba18d0216e7235b403229e92fd0743ede48fe7f1a2c6f45d594,"{""distance"":5,""physical_error_rate"":0.0005}","{""detection_events"":41458,""detectors_checked"":19038208}"
     76800,         0,         0,   0.798,exact_mw,cb12ae119b9b2ba18d0216e7235b403229e92fd0743ede48fe7f1a2c6f45d594,"{""distance"":5,""physical_error_rate"":0.0005}","{""detection_events"":38088,""detectors_checked"":17203200}"
   1161152,         0,         0,    5.94,exact_mw,cb12ae119b9b2ba18d0216e7235b403229e92fd0743ede48fe7f1a2c6f45d594,"{""distance"":5,""physical_error_rate"":0.0005}","{""detection_events"":570643,""detectors_checked"":260098048}"
   1131520,         1,         0,    9.51,exact_mw,cb12ae119b9b2ba18d0216e7235b403229e92fd0743ede48fe7f1a2c6f45d594,"{""distance"":5,""physical_error_rate"":0.0005}","{""detection_events"":555519,""detectors_checked"":253460480,""obs_mistake_mask=E"":1}"
   1027072,         0,         0,    9.45,exact_mw,cb12ae119b9b2ba18d0216e7235b403229e92fd0743ede48fe7f1a2c6f45d594,"{""distance"":5,""physical_error_rate"":0.0005}","{""detection_events"":505577,""detectors_checked"":230064128}"
   1020928,         0,         0,    3.87,exact_mw,cb12ae119b9b2ba18d0216e7235b403229e92fd0743ede48fe7f1a2c6f45d594,"{""distance"":5,""physical_error_rate"":0.0005}","{""detection_events"":503523,""detectors_checked"":228687872}"
     93184,         0,         0,   0.789,exact_mw,cb12ae119b9b2ba18d0216e7235b403229e92fd0743ede48fe7f1a2c6f45d594,"{""distance"":5,""physical_error_rate"":0.0005}","{""detection_events"":46318,""detectors_checked"":20873216}"
    134144,         0,         0,    1.12,exact_mw,cb12ae119b9b2ba18d0216e7235b403229e92fd0743ede48fe7f1a2c6f45d594,"{""distance"":5,""physical_error_rate"":0.0005}","{""detection_events"":65485,""detectors_checked"":30048256}"
     68608,         0,         0,   0.792,exact_mw,cb12ae119b9b2ba18d0216e7235b403229e92fd0743ede48fe7f1a2c6f45d594,"{""distance"":5,""physical_error_rate"":0.0005}","{""detection_events"":33548,""detectors_checked"":15368192}"
    120832,         0,         0,    1.09,exact_mw,cb12ae119b9b2ba18d0216e7235b403229e92fd0743ede48fe7f1a2c6f45d594,"{""distance"":5,""physical_error_rate"":0.0005}","{""detection_events"":58913,""detectors_checked"":27066368}"
     87040,         0,         0,   0.774,exact_mw,cb12ae119b9b2ba18d0216e7235b403229e92fd0743ede48fe7f1a2c6f45d594,"{""distance"":5,""physical_error_rate"":0.0005}","{""detection_events"":43346,""detectors_checked"":19496960}"
    134144,         0,         0,    1.10,exact_mw,cb12ae119b9b2ba18d0216e7235b403229e92fd0743ede48fe7f1a2c6f45d594,"{""distance"":5,""physical_error_rate"":0.0005}","{""detection_events"":66503,""detectors_checked"":30048256}"
    200704,         0,         0,    1.12,exact_mw,cb12ae119b9b2ba18d0216e7235b403229e92fd0743ede48fe7f1a2c6f45d594,"{""distance"":5,""physical_error_rate"":0.0005}","{""detection_events"":99609,""detectors_checked"":44957696}"
    142336,         0,         0,    1.11,exact_mw,cb12ae119b9b2ba18d0216e7235b403229e92fd0743ede48fe7f1a2c6f45d594,"{""distance"":5,""physical_error_rate"":0.0005}","{""detection_events"":70069,""detectors_checked"":31883264}"
    131072,         0,         0,    1.10,exact_mw,cb12ae119b9b2ba18d0216e7235b403229e92fd0743ede48fe7f1a2c6f45d594,"{""distance"":5,""physical_error_rate"":0.0005}","{""detection_events"":63953,""detectors_checked"":29360128}"
    123904,         0,         0,    1.11,exact_mw,cb12ae119b9b2ba18d0216e7235b403229e92fd0743ede48fe7f1a2c6f45d594,"{""distance"":5,""physical_error_rate"":0.0005}","{""detection_events"":60981,""detectors_checked"":27754496}"
    124928,         0,         0,    1.07,exact_mw,cb12ae119b9b2ba18d0216e7235b403229e92fd0743ede48fe7f1a2c6f45d594,"{""distance"":5,""physical_error_rate"":0.0005}","{""detection_events"":61468,""detectors_checked"":27983872}"
   1010199,         0,         0,    7.44,exact_mw,cb12ae119b9b2ba18d0216e7235b403229e92fd0743ede48fe7f1a2c6f45d594,"{""distance"":5,""physical_error_rate"":0.0005}","{""detection_events"":496316,""detectors_checked"":226284576}"
    912384,         0,         0,    7.43,exact_mw,cb12ae119b9b2ba18d0216e7235b403229e92fd0743ede48fe7f1a2c6f45d594,"{""distance"":5,""physical_error_rate"":0.0005}","{""detection_events"":448687,""detectors_checked"":204374016}"
    131072,         0,         0,    1.09,exact_mw,cb12ae119b9b2ba18d0216e7235b403229e92fd0743ede48fe7f1a2c6f45d594,"{""distance"":5,""physical_error_rate"":0.0005}","{""detection_events"":64236,""detectors_checked"":29360128}"
    129024,         0,         0,    1.11,exact_mw,cb12ae119b9b2ba18d0216e7235b403229e92fd0743ede48fe7f1a2c6f45d594,"{""distance"":5,""physical_error_rate"":0.0005}","{""detection_events"":62979,""detectors_checked"":28901376}"
    135168,         0,         0,    1.12,exact_mw,cb12ae119b9b2ba18d0216e7235b403229e92fd0743ede48fe7f1a2c6f45d594,"{""distance"":5,""physical_error_rate"":0.0005}","{""detection_events"":66522,""detectors_checked"":30277632}"
    117760,         1,         0,    1.11,exact_mw,cb12ae119b9b2ba18d0216e7235b403229e92fd0743ede48fe7f1a2c6f45d594,"{""distance"":5,""physical_error_rate"":0.0005}","{""detection_events"":57717,""detectors_checked"":26378240,""obs_mistake_mask=E"":1}"
    894561,         0,         0,    7.45,exact_mw,cb12ae119b9b2ba18d0216e7235b403229e92fd0743ede48fe7f1a2c6f45d594,"{""distance"":5,""physical_error_rate"":0.0005}","{""detection_events"":438844,""detectors_checked"":200381664}"
    862208,         2,         0,    6.15,exact_mw,cb12ae119b9b2ba18d0216e7235b403229e92fd0743ede48fe7f1a2c6f45d594,"{""distance"":5,""physical_error_rate"":0.0005}","{""detection_events"":424402,""detectors_checked"":193134592,""obs_mistake_mask=E"":2}"
    138240,         0,         0,    1.09,exact_mw,cb12ae119b9b2ba18d0216e7235b403229e92fd0743ede48fe7f1a2c6f45d594,"{""distance"":5,""physical_error_rate"":0.0005}","{""detection_events"":67903,""detectors_checked"":30965760}"
    134144,         0,         0,    1.09,exact_mw,cb12ae119b9b2ba18d0216e7235b403229e92fd0743ede48fe7f1a2c6f45d594,"{""distance"":5,""physical_error_rate"":0.0005}","{""detection_events"":66150,""detectors_checked"":30048256}"
    114688,         0,         0,    1.10,exact_mw,cb12ae119b9b2ba18d0216e7235b403229e92fd0743ede48fe7f1a2c6f45d594,"{""distance"":5,""physical_error_rate"":0.0005}","{""detection_events"":56443,""detectors_checked"":25690112}"
    139264,         0,         0,    1.11,exact_mw,cb12ae119b9b2ba18d0216e7235b403229e92fd0743ede48fe7f1a2c6f45d594,"{""distance"":5,""physical_error_rate"":0.0005}","{""detection_events"":67512,""detectors_checked"":31195136}"
     91136,         0,         0,    1.11,exact_mw,cb12ae119b9b2ba18d0216e7235b403229e92fd0743ede48fe7f1a2c6f45d594,"{""distance"":5,""physical_error_rate"":0.0005}","{""detection_events"":46095,""detectors_checked"":20414464}"
    119808,         0,         0,    1.10,exact_mw,cb12ae119b9b2ba18d0216e7235b403229e92fd0743ede48fe7f1a2c6f45d594,"{""distance"":5,""physical_error_rate"":0.0005}","{""detection_events"":57633,""detectors_checked"":26836992}"
    128000,         0,         0,    1.12,exact_mw,cb12ae119b9b2ba18d0216e7235b403229e92fd0743ede48fe7f1a2c6f45d594,"{""distance"":5,""physical_error_rate"":0.0005}","{""detection_events"":63638,""detectors_checked"":28672000}"
    122880,         0,         0,    1.10,exact_mw,cb12ae119b9b2ba18d0216e7235b403229e92fd0743ede48fe7f1a2c6f45d594,"{""distance"":5,""physical_error_rate"":0.0005}","{""detection_events"":61123,""detectors_checked"":27525120}"
    410624,         0,         0,    1.55,exact_mw,cb12ae119b9b2ba18d0216e7235b403229e92fd0743ede48fe7f1a2c6f45d594,"{""distance"":5,""physical_error_rate"":0.0005}","{""detection_events"":202156,""detectors_checked"":91979776}"
    846228,         0,         0,    6.75,exact_mw,cb12ae119b9b2ba18d0216e7235b403229e92fd0743ede48fe7f1a2c6f45d594,"{""distance"":5,""physical_error_rate"":0.0005}","{""detection_events"":415988,""detectors_checked"":189555072}"
    785408,         0,         0,    6.75,exact_mw,cb12ae119b9b2ba18d0216e7235b403229e92fd0743ede48fe7f1a2c6f45d594,"{""distance"":5,""physical_error_rate"":0.0005}","{""detection_events"":387838,""detectors_checked"":175931392}"
    791552,         0,         0,    6.72,exact_mw,cb12ae119b9b2ba18d0216e7235b403229e92fd0743ede48fe7f1a2c6f45d594,"{""distance"":5,""physical_error_rate"":0.0005}","{""detection_events"":388816,""detectors_checked"":177307648}"
    134144,         0,         0,    1.12,exact_mw,cb12ae119b9b2ba18d0216e7235b403229e92fd0743ede48fe7f1a2c6f45d594,"{""distance"":5,""physical_error_rate"":0.0005}","{""detection_events"":65593,""detectors_checked"":30048256}"
    132096,         0,         0,    1.11,exact_mw,cb12ae119b9b2ba18d0216e7235b403229e92fd0743ede48fe7f1a2c6f45d594,"{""distance"":5,""physical_error_rate"":0.0005}","{""detection_events"":64949,""detectors_checked"":29589504}"
    781495,         0,         0,    6.88,exact_mw,cb12ae119b9b2ba18d0216e7235b403229e92fd0743ede48fe7f1a2c6f45d594,"{""distance"":5,""physical_error_rate"":0.0005}","{""detection_events"":383126,""detectors_checked"":175054880}"
    136192,         0,         0,    1.09,exact_mw,cb12ae119b9b2ba18d0216e7235b403229e92fd0743ede48fe7f1a2c6f45d594,"{""distance"":5,""physical_error_rate"":0.0005}","{""detection_events"":66760,""detectors_checked"":30507008}"
    195584,         0,         0,    1.55,exact_mw,cb12ae119b9b2ba18d0216e7235b403229e92fd0743ede48fe7f1a2c6f45d594,"{""distance"":5,""physical_error_rate"":0.0005}","{""detection_events"":96913,""detectors_checked"":43810816}"
    159744,         0,         0,    1.54,exact_mw,cb12ae119b9b2ba18d0216e7235b403229e92fd0743ede48fe7f1a2c6f45d594,"{""distance"":5,""physical_error_rate"":0.0005}","{""detection_events"":77463,""detectors_checked"":35782656}"
    243712,         0,         0,    1.55,exact_mw,cb12ae119b9b2ba18d0216e7235b403229e92fd0743ede48fe7f1a2c6f45d594,"{""distance"":5,""physical_error_rate"":0.0005}","{""detection_events"":119573,""detectors_checked"":54591488}"
    195584,         0,         0,    1.56,exact_mw,cb12ae119b9b2ba18d0216e7235b403229e92fd0743ede48fe7f1a2c6f45d594,"{""distance"":5,""physical_error_rate"":0.0005}","{""detection_events"":96648,""detectors_checked"":43810816}"
    128000,         0,         0,    1.52,exact_mw,cb12ae119b9b2ba18d0216e7235b403229e92fd0743ede48fe7f1a2c6f45d594,"{""distance"":5,""physical_error_rate"":0.0005}","{""detection_events"":63283,""detectors_checked"":28672000}"
    186368,         0,         0,    1.52,exact_mw,cb12ae119b9b2ba18d0216e7235b403229e92fd0743ede48fe7f1a2c6f45d594,"{""distance"":5,""physical_error_rate"":0.0005}","{""detection_events"":90649,""detectors_checked"":41746432}"
    125952,         0,         0,    1.54,exact_mw,cb12ae119b9b2ba18d0216e7235b403229e92fd0743ede48fe7f1a2c6f45d594,"{""distance"":5,""physical_error_rate"":0.0005}","{""detection_events"":62580,""detectors_checked"":28213248}"
    185344,         0,         0,    1.54,exact_mw,cb12ae119b9b2ba18d0216e7235b403229e92fd0743ede48fe7f1a2c6f45d594,"{""distance"":5,""physical_error_rate"":0.0005}","{""detection_events"":90168,""detectors_checked"":41517056}"
    163840,         0,         0,    1.55,exact_mw,cb12ae119b9b2ba18d0216e7235b403229e92fd0743ede48fe7f1a2c6f45d594,"{""distance"":5,""physical_error_rate"":0.0005}","{""detection_events"":80348,""detectors_checked"":36700160}"
    193536,         0,         0,    1.55,exact_mw,cb12ae119b9b2ba18d0216e7235b403229e92fd0743ede48fe7f1a2c6f45d594,"{""distance"":5,""physical_error_rate"":0.0005}","{""detection_events"":95997,""detectors_checked"":43352064}"
    201728,         0,         0,    1.55,exact_mw,cb12ae119b9b2ba18d0216e7235b403229e92fd0743ede48fe7f1a2c6f45d594,"{""distance"":5,""physical_error_rate"":0.0005}","{""detection_events"":99571,""detectors_checked"":45187072}"
    155648,         0,         0,    1.56,exact_mw,cb12ae119b9b2ba18d0216e7235b403229e92fd0743ede48fe7f1a2c6f45d594,"{""distance"":5,""physical_error_rate"":0.0005}","{""detection_events"":75609,""detectors_checked"":34865152}"
    189440,         0,         0,    1.54,exact_mw,cb12ae119b9b2ba18d0216e7235b403229e92fd0743ede48fe7f1a2c6f45d594,"{""distance"":5,""physical_error_rate"":0.0005}","{""detection_events"":93441,""detectors_checked"":42434560}"
    186368,         0,         0,    1.55,exact_mw,cb12ae119b9b2ba18d0216e7235b403229e92fd0743ede48fe7f1a2c6f45d594,"{""distance"":5,""physical_error_rate"":0.0005}","{""detection_events"":91332,""detectors_checked"":41746432}"
    174080,         0,         0,    1.53,exact_mw,cb12ae119b9b2ba18d0216e7235b403229e92fd0743ede48fe7f1a2c6f45d594,"{""distance"":5,""physical_error_rate"":0.0005}","{""detection_events"":85786,""detectors_checked"":38993920}"
    193536,         0,         0,    1.55,exact_mw,cb12ae119b9b2ba18d0216e7235b403229e92fd0743ede48fe7f1a2c6f45d594,"{""distance"":5,""physical_error_rate"":0.0005}","{""detection_events"":95088,""detectors_checked"":43352064}"
    130048,         0,         0,    1.55,exact_mw,cb12ae119b9b2ba18d0216e7235b403229e92fd0743ede48fe7f1a2c6f45d594,"{""distance"":5,""physical_error_rate"":0.0005}","{""detection_events"":63141,""detectors_checked"":29130752}"
    726813,         0,         0,    5.62,exact_mw,cb12ae119b9b2ba18d0216e7235b403229e92fd0743ede48fe7f1a2c6f45d594,"{""distance"":5,""physical_error_rate"":0.0005}","{""detection_events"":357906,""detectors_checked"":162806112}"
    690176,         2,         0,    3.16,exact_mw,cb12ae119b9b2ba18d0216e7235b403229e92fd0743ede48fe7f1a2c6f45d594,"{""distance"":5,""physical_error_rate"":0.0005}","{""detection_events"":339607,""detectors_checked"":154599424,""obs_mistake_mask=E"":2}"
    705536,         2,         0,    5.54,exact_mw,cb12ae119b9b2ba18d0216e7235b403229e92fd0743ede48fe7f1a2c6f45d594,"{""distance"":5,""physical_error_rate"":0.0005}","{""detection_events"":347777,""detectors_checked"":158040064,""obs_mistake_mask=E"":2}"
    663552,         0,         0,    5.66,exact_mw,cb12ae119b9b2ba18d0216e7235b403229e92fd0743ede48fe7f1a2c6f45d594,"{""distance"":5,""physical_error_rate"":0.0005}","{""detection_events"":325540,""detectors_checked"":148635648}"
    685056,         0,         0,    5.37,exact_mw,cb12ae119b9b2ba18d0216e7235b403229e92fd0743ede48fe7f1a2c6f45d594,"{""distance"":5,""physical_error_rate"":0.0005}","{""detection_events"":335973,""detectors_checked"":153452544}"
    171008,         0,         0,    1.57,exact_mw,cb12ae119b9b2ba18d0216e7235b403229e92fd0743ede48fe7f1a2c6f45d594,"{""distance"":5,""physical_error_rate"":0.0005}","{""detection_events"":84498,""detectors_checked"":38305792}"
    188416,         0,         0,    1.56,exact_mw,cb12ae119b9b2ba18d0216e7235b403229e92fd0743ede48fe7f1a2c6f45d594,"{""distance"":5,""physical_error_rate"":0.0005}","{""detection_events"":93819,""detectors_checked"":42205184}"
    186368,         1,         0,    1.56,exact_mw,cb12ae119b9b2ba18d0216e7235b403229e92fd0743ede48fe7f1a2c6f45d594,"{""distance"":5,""physical_error_rate"":0.0005}","{""detection_events"":92291,""detectors_checked"":41746432,""obs_mistake_mask=E"":1}"
    646157,         0,         0,    3.30,exact_mw,cb12ae119b9b2ba18d0216e7235b403229e92fd0743ede48fe7f1a2c6f45d594,"{""distance"":5,""physical_error_rate"":0.0005}","{""detection_events"":319301,""detectors_checked"":144739168}"
    582656,         0,         0,    4.65,exact_mw,cb12ae119b9b2ba18d0216e7235b403229e92fd0743ede48fe7f1a2c6f45d594,"{""distance"":5,""physical_error_rate"":0.0005}","{""detection_events"":287575,""detectors_checked"":130514944}"
    598016,         1,         0,    4.93,exact_mw,cb12ae119b9b2ba18d0216e7235b403229e92fd0743ede48fe7f1a2c6f45d594,"{""distance"":5,""physical_error_rate"":0.0005}","{""detection_events"":294939,""detectors_checked"":133955584,""obs_mistake_mask=E"":1}"
    605184,         1,         0,    5.23,exact_mw,cb12ae119b9b2ba18d0216e7235b403229e92fd0743ede48fe7f1a2c6f45d594,"{""distance"":5,""physical_error_rate"":0.0005}","{""detection_events"":298351,""detectors_checked"":135561216,""obs_mistake_mask=E"":1}"
    564151,         0,         0,    2.54,exact_mw,cb12ae119b9b2ba18d0216e7235b403229e92fd0743ede48fe7f1a2c6f45d594,"{""distance"":5,""physical_error_rate"":0.0005}","{""detection_events"":276984,""detectors_checked"":126369824}"
    189440,         0,         0,    1.52,exact_mw,cb12ae119b9b2ba18d0216e7235b403229e92fd0743ede48fe7f1a2c6f45d594,"{""distance"":5,""physical_error_rate"":0.0005}","{""detection_events"":92585,""detectors_checked"":42434560}"
    182272,         1,         0,    1.54,exact_mw,cb12ae119b9b2ba18d0216e7235b403229e92fd0743ede48fe7f1a2c6f45d594,"{""distance"":5,""physical_error_rate"":0.0005}","{""detection_events"":88887,""detectors_checked"":40828928,""obs_mistake_mask=E"":1}"
    515193,         0,         0,    4.93,exact_mw,cb12ae119b9b2ba18d0216e7235b403229e92fd0743ede48fe7f1a2c6f45d594,"{""distance"":5,""physical_error_rate"":0.0005}","{""detection_events"":253438,""detectors_checked"":115403232}"
    510976,         0,         0,    2.91,exact_mw,cb12ae119b9b2ba18d0216e7235b403229e92fd0743ede48fe7f1a2c6f45d594,"{""distance"":5,""physical_error_rate"":0.0005}","{""detection_events"":250916,""detectors_checked"":114458624}"
    184320,         0,         0,    1.50,exact_mw,cb12ae119b9b2ba18d0216e7235b403229e92fd0743ede48fe7f1a2c6f45d594,"{""distance"":5,""physical_error_rate"":0.0005}","{""detection_events"":90158,""detectors_checked"":41287680}"
    496715,         0,         0,    3.86,exact_mw,cb12ae119b9b2ba18d0216e7235b403229e92fd0743ede48fe7f1a2c6f45d594,"{""distance"":5,""physical_error_rate"":0.0005}","{""detection_events"":243609,""detectors_checked"":111264160}"
    492544,         0,         0,    3.83,exact_mw,cb12ae119b9b2ba18d0216e7235b403229e92fd0743ede48fe7f1a2c6f45d594,"{""distance"":5,""physical_error_rate"":0.0005}","{""detection_events"":242571,""detectors_checked"":110329856}"
    471882,         0,         0,    2.07,exact_mw,cb12ae119b9b2ba18d0216e7235b403229e92fd0743ede48fe7f1a2c6f45d594,"{""distance"":5,""physical_error_rate"":0.0005}","{""detection_events"":231935,""detectors_checked"":105701568}"
    451790,         1,         0,    3.52,exact_mw,cb12ae119b9b2ba18d0216e7235b403229e92fd0743ede48fe7f1a2c6f45d594,"{""distance"":5,""physical_error_rate"":0.0005}","{""detection_events"":223154,""detectors_checked"":101200960,""obs_mistake_mask=E"":1}"
    442377,         0,         0,    3.06,exact_mw,cb12ae119b9b2ba18d0216e7235b403229e92fd0743ede48fe7f1a2c6f45d594,"{""distance"":5,""physical_error_rate"":0.0005}","{""detection_events"":217953,""detectors_checked"":99092448}"
    433161,         0,         0,    3.21,exact_mw,cb12ae119b9b2ba18d0216e7235b403229e92fd0743ede48fe7f1a2c6f45d594,"{""distance"":5,""physical_error_rate"":0.0005}","{""detection_events"":212825,""detectors_checked"":97028064}"
    424137,         0,         0,    3.76,exact_mw,cb12ae119b9b2ba18d0216e7235b403229e92fd0743ede48fe7f1a2c6f45d594,"{""distance"":5,""physical_error_rate"":0.0005}","{""detection_events"":209863,""detectors_checked"":95006688}"
    415301,         1,         0,    3.24,exact_mw,cb12ae119b9b2ba18d0216e7235b403229e92fd0743ede48fe7f1a2c6f45d594,"{""distance"":5,""physical_error_rate"":0.0005}","{""detection_events"":203835,""detectors_checked"":93027424,""obs_mistake_mask=E"":1}"
    379904,         0,         0,    2.12,exact_mw,cb12ae119b9b2ba18d0216e7235b403229e92fd0743ede48fe7f1a2c6f45d594,"{""distance"":5,""physical_error_rate"":0.0005}","{""detection_events"":186758,""detectors_checked"":85098496}"
    289792,         1,         0,    2.11,exact_mw,cb12ae119b9b2ba18d0216e7235b403229e92fd0743ede48fe7f1a2c6f45d594,"{""distance"":5,""physical_error_rate"":0.0005}","{""detection_events"":142300,""detectors_checked"":64913408,""obs_mistake_mask=E"":1}"
    331776,         0,         0,    2.08,exact_mw,cb12ae119b9b2ba18d0216e7235b403229e92fd0743ede48fe7f1a2c6f45d594,"{""distance"":5,""physical_error_rate"":0.0005}","{""detection_events"":162955,""detectors_checked"":74317824}"
    387072,         0,         0,    2.15,exact_mw,cb12ae119b9b2ba18d0216e7235b403229e92fd0743ede48fe7f1a2c6f45d594,"{""distance"":5,""physical_error_rate"":0.0005}","{""detection_events"":189811,""detectors_checked"":86704128}"
    406649,         1,         0,    1.72,exact_mw,cb12ae119b9b2ba18d0216e7235b403229e92fd0743ede48fe7f1a2c6f45d594,"{""distance"":5,""physical_error_rate"":0.0005}","{""detection_events"":200093,""detectors_checked"":91089376,""obs_mistake_mask=E"":1}"
    395264,         0,         0,    3.39,exact_mw,cb12ae119b9b2ba18d0216e7235b403229e92fd0743ede48fe7f1a2c6f45d594,"{""distance"":5,""physical_error_rate"":0.0005}","{""detection_events"":195115,""detectors_checked"":88539136}"
    223232,         0,         0,    2.07,exact_mw,cb12ae119b9b2ba18d0216e7235b403229e92fd0743ede48fe7f1a2c6f45d594,"{""distance"":5,""physical_error_rate"":0.0005}","{""detection_events"":108784,""detectors_checked"":50003968}"
    389120,         0,         0,    2.87,exact_mw,cb12ae119b9b2ba18d0216e7235b403229e92fd0743ede48fe7f1a2c6f45d594,"{""distance"":5,""physical_error_rate"":0.0005}","{""detection_events"":191492,""detectors_checked"":87162880}"
    224256,         0,         0,    2.06,exact_mw,cb12ae119b9b2ba18d0216e7235b403229e92fd0743ede48fe7f1a2c6f45d594,"{""distance"":5,""physical_error_rate"":0.0005}","{""detection_events"":109955,""detectors_checked"":50233344}"
    247808,         0,         0,    2.09,exact_mw,cb12ae119b9b2ba18d0216e7235b403229e92fd0743ede48fe7f1a2c6f45d594,"{""distance"":5,""physical_error_rate"":0.0005}","{""detection_events"":121070,""detectors_checked"":55508992}"
    239616,         1,         0,    2.12,exact_mw,cb12ae119b9b2ba18d0216e7235b403229e92fd0743ede48fe7f1a2c6f45d594,"{""distance"":5,""physical_error_rate"":0.0005}","{""detection_events"":117852,""detectors_checked"":53673984,""obs_mistake_mask=E"":1}"
    369249,         0,         0,    2.94,exact_mw,cb12ae119b9b2ba18d0216e7235b403229e92fd0743ede48fe7f1a2c6f45d594,"{""distance"":5,""physical_error_rate"":0.0005}","{""detection_events"":180639,""detectors_checked"":82711776}"
    368640,         1,         0,    2.94,exact_mw,cb12ae119b9b2ba18d0216e7235b403229e92fd0743ede48fe7f1a2c6f45d594,"{""distance"":5,""physical_error_rate"":0.0005}","{""detection_events"":181428,""detectors_checked"":82575360,""obs_mistake_mask=E"":1}"
    264192,         0,         0,    2.10,exact_mw,cb12ae119b9b2ba18d0216e7235b403229e92fd0743ede48fe7f1a2c6f45d594,"{""distance"":5,""physical_error_rate"":0.0005}","{""detection_events"":130494,""detectors_checked"":59179008}"
    196608,         0,         0,    1.98,exact_mw,cb12ae119b9b2ba18d0216e7235b403229e92fd0743ede48fe7f1a2c6f45d594,"{""distance"":5,""physical_error_rate"":0.0005}","{""detection_events"":97044,""detectors_checked"":44040192}"
    292864,         0,         0,    2.04,exact_mw,cb12ae119b9b2ba18d0216e7235b403229e92fd0743ede48fe7f1a2c6f45d594,"{""distance"":5,""physical_error_rate"":0.0005}","{""detection_events"":143744,""detectors_checked"":65601536}"
    211968,         0,         0,    2.01,exact_mw,cb12ae119b9b2ba18d0216e7235b403229e92fd0743ede48fe7f1a2c6f45d594,"{""distance"":5,""physical_error_rate"":0.0005}","{""detection_events"":103857,""detectors_checked"":47480832}"
    325738,         0,         0,    1.67,exact_mw,cb12ae119b9b2ba18d0216e7235b403229e92fd0743ede48fe7f1a2c6f45d594,"{""distance"":5,""physical_error_rate"":0.0005}","{""detection_events"":160567,""detectors_checked"":72965312}"
    303104,         0,         0,    1.92,exact_mw,cb12ae119b9b2ba18d0216e7235b403229e92fd0743ede48fe7f1a2c6f45d594,"{""distance"":5,""physical_error_rate"":0.0005}","{""detection_events"":148594,""detectors_checked"":67895296}"
    243712,         1,         0,    2.09,exact_mw,cb12ae119b9b2ba18d0216e7235b403229e92fd0743ede48fe7f1a2c6f45d594,"{""distance"":5,""physical_error_rate"":0.0005}","{""detection_events"":121014,""detectors_checked"":54591488,""obs_mistake_mask=E"":1}"
    291154,         0,         0,    2.88,exact_mw,cb12ae119b9b2ba18d0216e7235b403229e92fd0743ede48fe7f1a2c6f45d594,"{""distance"":5,""physical_error_rate"":0.0005}","{""detection_events"":142951,""detectors_checked"":65218496}"
    282624,         0,         0,    2.08,exact_mw,cb12ae119b9b2ba18d0216e7235b403229e92fd0743ede48fe7f1a2c6f45d594,"{""distance"":5,""physical_error_rate"":0.0005}","{""detection_events"":138247,""detectors_checked"":63307776}"
    254976,         0,         0,    2.10,exact_mw,cb12ae119b9b2ba18d0216e7235b403229e92fd0743ede48fe7f1a2c6f45d594,"{""distance"":5,""physical_error_rate"":0.0005}","{""detection_events"":125854,""detectors_checked"":57114624}"
    273696,         0,         0,    1.91,exact_mw,cb12ae119b9b2ba18d0216e7235b403229e92fd0743ede48fe7f1a2c6f45d594,"{""distance"":5,""physical_error_rate"":0.0005}","{""detection_events"":134544,""detectors_checked"":61307904}"
    269312,         0,         0,    1.93,exact_mw,cb12ae119b9b2ba18d0216e7235b403229e92fd0743ede48fe7f1a2c6f45d594,"{""distance"":5,""physical_error_rate"":0.0005}","{""detection_events"":131851,""detectors_checked"":60325888}"
    234496,         0,         0,    2.11,exact_mw,cb12ae119b9b2ba18d0216e7235b403229e92fd0743ede48fe7f1a2c6f45d594,"{""distance"":5,""physical_error_rate"":0.0005}","{""detection_events"":115651,""detectors_checked"":52527104}"
    229376,         0,         0,    2.03,exact_mw,cb12ae119b9b2ba18d0216e7235b403229e92fd0743ede48fe7f1a2c6f45d594,"{""distance"":5,""physical_error_rate"":0.0005}","{""detection_events"":112356,""detectors_checked"":51380224}"
    256794,         0,         0,    1.44,exact_mw,cb12ae119b9b2ba18d0216e7235b403229e92fd0743ede48fe7f1a2c6f45d594,"{""distance"":5,""physical_error_rate"":0.0005}","{""detection_events"":126706,""detectors_checked"":57521856}"
    242688,         0,         0,    2.01,exact_mw,cb12ae119b9b2ba18d0216e7235b403229e92fd0743ede48fe7f1a2c6f45d594,"{""distance"":5,""physical_error_rate"":0.0005}","{""detection_events"":119723,""detectors_checked"":54362112}"
    253952,         0,         0,    1.96,exact_mw,cb12ae119b9b2ba18d0216e7235b403229e92fd0743ede48fe7f1a2c6f45d594,"{""distance"":5,""physical_error_rate"":0.0005}","{""detection_events"":124874,""detectors_checked"":56885248}"
    236170,         0,         0,    1.16,exact_mw,cb12ae119b9b2ba18d0216e7235b403229e92fd0743ede48fe7f1a2c6f45d594,"{""distance"":5,""physical_error_rate"":0.0005}","{""detection_events"":116670,""detectors_checked"":52902080}"
    236170,         0,         0,    1.90,exact_mw,cb12ae119b9b2ba18d0216e7235b403229e92fd0743ede48fe7f1a2c6f45d594,"{""distance"":5,""physical_error_rate"":0.0005}","{""detection_events"":115982,""detectors_checked"":52902080}"
    218112,         0,         0,    2.00,exact_mw,cb12ae119b9b2ba18d0216e7235b403229e92fd0743ede48fe7f1a2c6f45d594,"{""distance"":5,""physical_error_rate"":0.0005}","{""detection_events"":106974,""detectors_checked"":48857088}"
    235520,         0,         0,    1.93,exact_mw,cb12ae119b9b2ba18d0216e7235b403229e92fd0743ede48fe7f1a2c6f45d594,"{""distance"":5,""physical_error_rate"":0.0005}","{""detection_events"":115175,""detectors_checked"":52756480}"
    220903,         0,         0,    1.93,exact_mw,cb12ae119b9b2ba18d0216e7235b403229e92fd0743ede48fe7f1a2c6f45d594,"{""distance"":5,""physical_error_rate"":0.0005}","{""detection_events"":108467,""detectors_checked"":49482272}"
    205824,         0,         0,    1.71,exact_mw,cb12ae119b9b2ba18d0216e7235b403229e92fd0743ede48fe7f1a2c6f45d594,"{""distance"":5,""physical_error_rate"":0.0005}","{""detection_events"":101782,""detectors_checked"":46104576}"
    217088,         0,         0,    1.92,exact_mw,cb12ae119b9b2ba18d0216e7235b403229e92fd0743ede48fe7f1a2c6f45d594,"{""distance"":5,""physical_error_rate"":0.0005}","{""detection_events"":106353,""detectors_checked"":48627712}"
    220160,         0,         0,    1.96,exact_mw,cb12ae119b9b2ba18d0216e7235b403229e92fd0743ede48fe7f1a2c6f45d594,"{""distance"":5,""physical_error_rate"":0.0005}","{""detection_events"":108094,""detectors_checked"":49315840}"
    201930,         0,         0,    1.69,exact_mw,cb12ae119b9b2ba18d0216e7235b403229e92fd0743ede48fe7f1a2c6f45d594,"{""distance"":5,""physical_error_rate"":0.0005}","{""detection_events"":99463,""detectors_checked"":45232320}"
    187392,         0,         0,    1.03,exact_mw,cb12ae119b9b2ba18d0216e7235b403229e92fd0743ede48fe7f1a2c6f45d594,"{""distance"":5,""physical_error_rate"":0.0005}","{""detection_events"":92521,""detectors_checked"":41975808}"
    195584,         0,         0,    1.54,exact_mw,cb12ae119b9b2ba18d0216e7235b403229e92fd0743ede48fe7f1a2c6f45d594,"{""distance"":5,""physical_error_rate"":0.0005}","{""detection_events"":96997,""detectors_checked"":43810816}"
    184326,         0,         0,    1.55,exact_mw,cb12ae119b9b2ba18d0216e7235b403229e92fd0743ede48fe7f1a2c6f45d594,"{""distance"":5,""physical_error_rate"":0.0005}","{""detection_events"":90511,""detectors_checked"":41289024}"
    172507,         0,         0,    1.65,exact_mw,cb12ae119b9b2ba18d0216e7235b403229e92fd0743ede48fe7f1a2c6f45d594,"{""distance"":5,""physical_error_rate"":0.0005}","{""detection_events"":85499,""detectors_checked"":38641568}"
    168913,         0,         0,   0.646,exact_mw,cb12ae119b9b2ba18d0216e7235b403229e92fd0743ede48fe7f1a2c6f45d594,"{""distance"":5,""physical_error_rate"":0.0005}","{""detection_events"":83665,""detectors_checked"":37836512}"
    172507,         0,         0,    1.74,exact_mw,cb12ae119b9b2ba18d0216e7235b403229e92fd0743ede48fe7f1a2c6f45d594,"{""distance"":5,""physical_error_rate"":0.0005}","{""detection_events"":84991,""detectors_checked"":38641568}"
    165394,         0,         0,   0.951,exact_mw,cb12ae119b9b2ba18d0216e7235b403229e92fd0743ede48fe7f1a2c6f45d594,"{""distance"":5,""physical_error_rate"":0.0005}","{""detection_events"":81475,""detectors_checked"":37048256}"
    158720,         0,         0,   0.951,exact_mw,cb12ae119b9b2ba18d0216e7235b403229e92fd0743ede48fe7f1a2c6f45d594,"{""distance"":5,""physical_error_rate"":0.0005}","{""detection_events"":77436,""detectors_checked"":35553280}"
    158354,         0,         0,   0.768,exact_mw,cb12ae119b9b2ba18d0216e7235b403229e92fd0743ede48fe7f1a2c6f45d594,"{""distance"":5,""physical_error_rate"":0.0005}","{""detection_events"":78305,""detectors_checked"":35471296}"
    151749,         0,         0,   0.621,exact_mw,cb12ae119b9b2ba18d0216e7235b403229e92fd0743ede48fe7f1a2c6f45d594,"{""distance"":5,""physical_error_rate"":0.0005}","{""detection_events"":74847,""detectors_checked"":33991776}"
    148587,         1,         0,    1.14,exact_mw,cb12ae119b9b2ba18d0216e7235b403229e92fd0743ede48fe7f1a2c6f45d594,"{""distance"":5,""physical_error_rate"":0.0005}","{""detection_events"":72845,""detectors_checked"":33283488,""obs_mistake_mask=E"":1}"
    145492,         0,         0,    1.15,exact_mw,cb12ae119b9b2ba18d0216e7235b403229e92fd0743ede48fe7f1a2c6f45d594,"{""distance"":5,""physical_error_rate"":0.0005}","{""detection_events"":71086,""detectors_checked"":32590208}"
    142461,         0,         0,   0.566,exact_mw,cb12ae119b9b2ba18d0216e7235b403229e92fd0743ede48fe7f1a2c6f45d594,"{""distance"":5,""physical_error_rate"":0.0005}","{""detection_events"":70213,""detectors_checked"":31911264}"
    139493,         0,         0,   0.927,exact_mw,cb12ae119b9b2ba18d0216e7235b403229e92fd0743ede48fe7f1a2c6f45d594,"{""distance"":5,""physical_error_rate"":0.0005}","{""detection_events"":69002,""detectors_checked"":31246432}"
    142336,         1,         0,    1.18,exact_mw,cb12ae119b9b2ba18d0216e7235b403229e92fd0743ede48fe7f1a2c6f45d594,"{""distance"":5,""physical_error_rate"":0.0005}","{""detection_events"":69837,""detectors_checked"":31883264,""obs_mistake_mask=E"":1}"
    139493,         0,         0,   0.784,exact_mw,cb12ae119b9b2ba18d0216e7235b403229e92fd0743ede48fe7f1a2c6f45d594,"{""distance"":5,""physical_error_rate"":0.0005}","{""detection_events"":68898,""detectors_checked"":31246432}"
    133120,         0,         0,    1.06,exact_mw,cb12ae119b9b2ba18d0216e7235b403229e92fd0743ede48fe7f1a2c6f45d594,"{""distance"":5,""physical_error_rate"":0.0005}","{""detection_events"":66143,""detectors_checked"":29818880}"
    130715,         0,         0,    1.01,exact_mw,cb12ae119b9b2ba18d0216e7235b403229e92fd0743ede48fe7f1a2c6f45d594,"{""distance"":5,""physical_error_rate"":0.0005}","{""detection_events"":64576,""detectors_checked"":29280160}"
    125219,         0,         0,   0.709,exact_mw,cb12ae119b9b2ba18d0216e7235b403229e92fd0743ede48fe7f1a2c6f45d594,"{""distance"":5,""physical_error_rate"":0.0005}","{""detection_events"":62165,""detectors_checked"":28049056}"
    129024,         0,         0,    1.21,exact_mw,cb12ae119b9b2ba18d0216e7235b403229e92fd0743ede48fe7f1a2c6f45d594,"{""distance"":5,""physical_error_rate"":0.0005}","{""detection_events"":63688,""detectors_checked"":28901376}"
    122610,         0,         0,   0.912,exact_mw,cb12ae119b9b2ba18d0216e7235b403229e92fd0743ede48fe7f1a2c6f45d594,"{""distance"":5,""physical_error_rate"":0.0005}","{""detection_events"":60830,""detectors_checked"":27464640}"
    120832,         0,         0,   0.822,exact_mw,cb12ae119b9b2ba18d0216e7235b403229e92fd0743ede48fe7f1a2c6f45d594,"{""distance"":5,""physical_error_rate"":0.0005}","{""detection_events"":59254,""detectors_checked"":27066368}"
    123904,         0,         0,    1.09,exact_mw,cb12ae119b9b2ba18d0216e7235b403229e92fd0743ede48fe7f1a2c6f45d594,"{""distance"":5,""physical_error_rate"":0.0005}","{""detection_events"":60992,""detectors_checked"":27754496}"
    119808,         2,         0,    1.07,exact_mw,cb12ae119b9b2ba18d0216e7235b403229e92fd0743ede48fe7f1a2c6f45d594,"{""distance"":5,""physical_error_rate"":0.0005}","{""detection_events"":59064,""detectors_checked"":26836992,""obs_mistake_mask=E"":2}"
    117367,         0,         0,   0.951,exact_mw,cb12ae119b9b2ba18d0216e7235b403229e92fd0743ede48fe7f1a2c6f45d594,"{""distance"":5,""physical_error_rate"":0.0005}","{""detection_events"":57540,""detectors_checked"":26290208}"
    112640,         0,         0,   0.912,exact_mw,cb12ae119b9b2ba18d0216e7235b403229e92fd0743ede48fe7f1a2c6f45d594,"{""distance"":5,""physical_error_rate"":0.0005}","{""detection_events"":55186,""detectors_checked"":25231360}"
    108544,         0,         0,   0.854,exact_mw,cb12ae119b9b2ba18d0216e7235b403229e92fd0743ede48fe7f1a2c6f45d594,"{""distance"":5,""physical_error_rate"":0.0005}","{""detection_events"":54109,""detectors_checked"":24313856}"
    115712,         0,         0,   0.888,exact_mw,cb12ae119b9b2ba18d0216e7235b403229e92fd0743ede48fe7f1a2c6f45d594,"{""distance"":5,""physical_error_rate"":0.0005}","{""detection_events"":57544,""detectors_checked"":25919488}"
    107328,         0,         0,    1.01,exact_mw,cb12ae119b9b2ba18d0216e7235b403229e92fd0743ede48fe7f1a2c6f45d594,"{""distance"":5,""physical_error_rate"":0.0005}","{""detection_events"":52542,""detectors_checked"":24041472}"
    105472,         0,         0,   0.901,exact_mw,cb12ae119b9b2ba18d0216e7235b403229e92fd0743ede48fe7f1a2c6f45d594,"{""distance"":5,""physical_error_rate"":0.0005}","{""detection_events"":52061,""detectors_checked"":23625728}"
     98304,         0,         0,   0.918,exact_mw,cb12ae119b9b2ba18d0216e7235b403229e92fd0743ede48fe7f1a2c6f45d594,"{""distance"":5,""physical_error_rate"":0.0005}","{""detection_events"":48684,""detectors_checked"":22020096}"
    102400,         0,         0,    1.00,exact_mw,cb12ae119b9b2ba18d0216e7235b403229e92fd0743ede48fe7f1a2c6f45d594,"{""distance"":5,""physical_error_rate"":0.0005}","{""detection_events"":50691,""detectors_checked"":22937600}"
    110592,         0,         0,   0.964,exact_mw,cb12ae119b9b2ba18d0216e7235b403229e92fd0743ede48fe7f1a2c6f45d594,"{""distance"":5,""physical_error_rate"":0.0005}","{""detection_events"":53660,""detectors_checked"":24772608}"
     98073,         0,         0,   0.797,exact_mw,cb12ae119b9b2ba18d0216e7235b403229e92fd0743ede48fe7f1a2c6f45d594,"{""distance"":5,""physical_error_rate"":0.0005}","{""detection_events"":48361,""detectors_checked"":21968352}"
     91136,         0,         0,   0.855,exact_mw,cb12ae119b9b2ba18d0216e7235b403229e92fd0743ede48fe7f1a2c6f45d594,"{""distance"":5,""physical_error_rate"":0.0005}","{""detection_events"":45448,""detectors_checked"":20414464}"
     96256,         0,         0,   0.717,exact_mw,cb12ae119b9b2ba18d0216e7235b403229e92fd0743ede48fe7f1a2c6f45d594,"{""distance"":5,""physical_error_rate"":0.0005}","{""detection_events"":47144,""detectors_checked"":21561344}"
     94208,         0,         0,   0.697,exact_mw,cb12ae119b9b2ba18d0216e7235b403229e92fd0743ede48fe7f1a2c6f45d594,"{""distance"":5,""physical_error_rate"":0.0005}","{""detection_events"":46514,""detectors_checked"":21102592}"
    103424,         0,         0,   0.803,exact_mw,cb12ae119b9b2ba18d0216e7235b403229e92fd0743ede48fe7f1a2c6f45d594,"{""distance"":5,""physical_error_rate"":0.0005}","{""detection_events"":50991,""detectors_checked"":23166976}"
     98073,         0,         0,   0.901,exact_mw,cb12ae119b9b2ba18d0216e7235b403229e92fd0743ede48fe7f1a2c6f45d594,"{""distance"":5,""physical_error_rate"":0.0005}","{""detection_events"":48148,""detectors_checked"":21968352}"
    101376,         0,         0,   0.927,exact_mw,cb12ae119b9b2ba18d0216e7235b403229e92fd0743ede48fe7f1a2c6f45d594,"{""distance"":5,""physical_error_rate"":0.0005}","{""detection_events"":49821,""detectors_checked"":22708224}"
    104448,         0,         0,   0.815,exact_mw,cb12ae119b9b2ba18d0216e7235b403229e92fd0743ede48fe7f1a2c6f45d594,"{""distance"":5,""physical_error_rate"":0.0005}","{""detection_events"":52017,""detectors_checked"":23396352}"
     87347,         0,         0,   0.646,exact_mw,cb12ae119b9b2ba18d0216e7235b403229e92fd0743ede48fe7f1a2c6f45d594,"{""distance"":5,""physical_error_rate"":0.0005}","{""detection_events"":42777,""detectors_checked"":19565728}"
     98073,         0,         0,   0.748,exact_mw,cb12ae119b9b2ba18d0216e7235b403229e92fd0743ede48fe7f1a2c6f45d594,"{""distance"":5,""physical_error_rate"":0.0005}","{""detection_events"":48009,""detectors_checked"":21968352}"
     84992,         0,         0,   0.627,exact_mw,cb12ae119b9b2ba18d0216e7235b403229e92fd0743ede48fe7f1a2c6f45d594,"{""distance"":5,""physical_error_rate"":0.0005}","{""detection_events"":41955,""detectors_checked"":19038208}"
     92160,         0,         0,   0.929,exact_mw,cb12ae119b9b2ba18d0216e7235b403229e92fd0743ede48fe7f1a2c6f45d594,"{""distance"":5,""physical_error_rate"":0.0005}","{""detection_events"":45395,""detectors_checked"":20643840}"
     79872,         0,         0,   0.493,exact_mw,cb12ae119b9b2ba18d0216e7235b403229e92fd0743ede48fe7f1a2c6f45d594,"{""distance"":5,""physical_error_rate"":0.0005}","{""detection_events"":39629,""detectors_checked"":17891328}"
     91136,         0,         0,   0.438,exact_mw,cb12ae119b9b2ba18d0216e7235b403229e92fd0743ede48fe7f1a2c6f45d594,"{""distance"":5,""physical_error_rate"":0.0005}","{""detection_events"":44460,""detectors_checked"":20414464}"
     84992,         0,         0,   0.678,exact_mw,cb12ae119b9b2ba18d0216e7235b403229e92fd0743ede48fe7f1a2c6f45d594,"{""distance"":5,""physical_error_rate"":0.0005}","{""detection_events"":42106,""detectors_checked"":19038208}"
     82944,         0,         0,   0.719,exact_mw,cb12ae119b9b2ba18d0216e7235b403229e92fd0743ede48fe7f1a2c6f45d594,"{""distance"":5,""physical_error_rate"":0.0005}","{""detection_events"":40445,""detectors_checked"":18579456}"
     77824,         0,         0,   0.675,exact_mw,cb12ae119b9b2ba18d0216e7235b403229e92fd0743ede48fe7f1a2c6f45d594,"{""distance"":5,""physical_error_rate"":0.0005}","{""detection_events"":38305,""detectors_checked"":17432576}"
     76800,         0,         0,   0.646,exact_mw,cb12ae119b9b2ba18d0216e7235b403229e92fd0743ede48fe7f1a2c6f45d594,"{""distance"":5,""physical_error_rate"":0.0005}","{""detection_events"":38008,""detectors_checked"":17203200}"
       483,         0,         0,   0.002,exact_mw,cb12ae119b9b2ba18d0216e7235b403229e92fd0743ede48fe7f1a2c6f45d594,"{""distance"":5,""physical_error_rate"":0.0005}","{""detection_events"":226,""detectors_checked"":108192}"
     75776,         0,         0,   0.696,exact_mw,cb12ae119b9b2ba18d0216e7235b403229e92fd0743ede48fe7f1a2c6f45d594,"{""distance"":5,""physical_error_rate"":0.0005}","{""detection_events"":37413,""detectors_checked"":16973824}"
     73728,         0,         0,   0.627,exact_mw,cb12ae119b9b2ba18d0216e7235b403229e92fd0743ede48fe7f1a2c6f45d594,"{""distance"":5,""physical_error_rate"":0.0005}","{""detection_events"":36230,""detectors_checked"":16515072}"
     64512,         1,         0,   0.492,exact_mw,cb12ae119b9b2ba18d0216e7235b403229e92fd0743ede48fe7f1a2c6f45d594,"{""distance"":5,""physical_error_rate"":0.0005}","{""detection_events"":32031,""detectors_checked"":14450688,""obs_mistake_mask=E"":1}"
     55296,         0,         0,   0.432,exact_mw,cb12ae119b9b2ba18d0216e7235b403229e92fd0743ede48fe7f1a2c6f45d594,"{""distance"":5,""physical_error_rate"":0.0005}","{""detection_events"":27421,""detectors_checked"":12386304}"
     76800,         0,         0,   0.330,exact_mw,cb12ae119b9b2ba18d0216e7235b403229e92fd0743ede48fe7f1a2c6f45d594,"{""distance"":5,""physical_error_rate"":0.0005}","{""detection_events"":37933,""detectors_checked"":17203200}"
     65536,         0,         0,   0.590,exact_mw,cb12ae119b9b2ba18d0216e7235b403229e92fd0743ede48fe7f1a2c6f45d594,"{""distance"":5,""physical_error_rate"":0.0005}","{""detection_events"":32022,""detectors_checked"":14680064}"
     55148,         0,         0,   0.563,exact_mw,cb12ae119b9b2ba18d0216e7235b403229e92fd0743ede48fe7f1a2c6f45d594,"{""distance"":5,""physical_error_rate"":0.0005}","{""detection_events"":26933,""detectors_checked"":12353152}"
     53248,         0,         0,   0.361,exact_mw,cb12ae119b9b2ba18d0216e7235b403229e92fd0743ede48fe7f1a2c6f45d594,"{""distance"":5,""physical_error_rate"":0.0005}","{""detection_events"":26197,""detectors_checked"":11927552}"
     55148,         0,         0,   0.314,exact_mw,cb12ae119b9b2ba18d0216e7235b403229e92fd0743ede48fe7f1a2c6f45d594,"{""distance"":5,""physical_error_rate"":0.0005}","{""detection_events"":26848,""detectors_checked"":12353152}"
     51200,         0,         0,   0.203,exact_mw,cb12ae119b9b2ba18d0216e7235b403229e92fd0743ede48fe7f1a2c6f45d594,"{""distance"":5,""physical_error_rate"":0.0005}","{""detection_events"":25073,""detectors_checked"":11468800}"
     55148,         0,         0,   0.233,exact_mw,cb12ae119b9b2ba18d0216e7235b403229e92fd0743ede48fe7f1a2c6f45d594,"{""distance"":5,""physical_error_rate"":0.0005}","{""detection_events"":27773,""detectors_checked"":12353152}"
     43165,         0,         0,   0.319,exact_mw,cb12ae119b9b2ba18d0216e7235b403229e92fd0743ede48fe7f1a2c6f45d594,"{""distance"":5,""physical_error_rate"":0.0005}","{""detection_events"":21753,""detectors_checked"":9668960}"
     45423,         0,         0,   0.322,exact_mw,cb12ae119b9b2ba18d0216e7235b403229e92fd0743ede48fe7f1a2c6f45d594,"{""distance"":5,""physical_error_rate"":0.0005}","{""detection_events"":22637,""detectors_checked"":10174752}"
     41984,         0,         0,   0.376,exact_mw,cb12ae119b9b2ba18d0216e7235b403229e92fd0743ede48fe7f1a2c6f45d594,"{""distance"":5,""physical_error_rate"":0.0005}","{""detection_events"":20565,""detectors_checked"":9404416}"
     34974,         0,         0,   0.130,exact_mw,cb12ae119b9b2ba18d0216e7235b403229e92fd0743ede48fe7f1a2c6f45d594,"{""distance"":5,""physical_error_rate"":0.0005}","{""detection_events"":17174,""detectors_checked"":7834176}"
     39104,         0,         0,   0.203,exact_mw,cb12ae119b9b2ba18d0216e7235b403229e92fd0743ede48fe7f1a2c6f45d594,"{""distance"":5,""physical_error_rate"":0.0005}","{""detection_events"":19205,""detectors_checked"":8759296}"
     38912,         0,         0,   0.216,exact_mw,cb12ae119b9b2ba18d0216e7235b403229e92fd0743ede48fe7f1a2c6f45d594,"{""distance"":5,""physical_error_rate"":0.0005}","{""detection_events"":19530,""detectors_checked"":8716288}"
     36686,         0,         0,   0.202,exact_mw,cb12ae119b9b2ba18d0216e7235b403229e92fd0743ede48fe7f1a2c6f45d594,"{""distance"":5,""physical_error_rate"":0.0005}","{""detection_events"":17793,""detectors_checked"":8217664}"
     36686,         0,         0,   0.301,exact_mw,cb12ae119b9b2ba18d0216e7235b403229e92fd0743ede48fe7f1a2c6f45d594,"{""distance"":5,""physical_error_rate"":0.0005}","{""detection_events"":18053,""detectors_checked"":8217664}"
     36686,         0,         0,   0.256,exact_mw,cb12ae119b9b2ba18d0216e7235b403229e92fd0743ede48fe7f1a2c6f45d594,"{""distance"":5,""physical_error_rate"":0.0005}","{""detection_events"":17645,""detectors_checked"":8217664}"
     34816,         0,         0,   0.235,exact_mw,cb12ae119b9b2ba18d0216e7235b403229e92fd0743ede48fe7f1a2c6f45d594,"{""distance"":5,""physical_error_rate"":0.0005}","{""detection_events"":16979,""detectors_checked"":7798784}"
     35840,         0,         0,   0.299,exact_mw,cb12ae119b9b2ba18d0216e7235b403229e92fd0743ede48fe7f1a2c6f45d594,"{""distance"":5,""physical_error_rate"":0.0005}","{""detection_events"":17505,""detectors_checked"":8028160}"
     35111,         0,         0,   0.195,exact_mw,cb12ae119b9b2ba18d0216e7235b403229e92fd0743ede48fe7f1a2c6f45d594,"{""distance"":5,""physical_error_rate"":0.0005}","{""detection_events"":17355,""detectors_checked"":7864864}"
     35111,         0,         0,   0.233,exact_mw,cb12ae119b9b2ba18d0216e7235b403229e92fd0743ede48fe7f1a2c6f45d594,"{""distance"":5,""physical_error_rate"":0.0005}","{""detection_events"":17490,""detectors_checked"":7864864}"
     31379,         0,         0,   0.259,exact_mw,cb12ae119b9b2ba18d0216e7235b403229e92fd0743ede48fe7f1a2c6f45d594,"{""distance"":5,""physical_error_rate"":0.0005}","{""detection_events"":15364,""detectors_checked"":7028896}"
     31379,         0,         0,   0.229,exact_mw,cb12ae119b9b2ba18d0216e7235b403229e92fd0743ede48fe7f1a2c6f45d594,"{""distance"":5,""physical_error_rate"":0.0005}","{""detection_events"":15220,""detectors_checked"":7028896}"
     30720,         0,         0,   0.229,exact_mw,cb12ae119b9b2ba18d0216e7235b403229e92fd0743ede48fe7f1a2c6f45d594,"{""distance"":5,""physical_error_rate"":0.0005}","{""detection_events"":15030,""detectors_checked"":6881280}"
     30720,         0,         0,   0.245,exact_mw,cb12ae119b9b2ba18d0216e7235b403229e92fd0743ede48fe7f1a2c6f45d594,"{""distance"":5,""physical_error_rate"":0.0005}","{""detection_events"":15229,""detectors_checked"":6881280}"
     29994,         0,         0,   0.217,exact_mw,cb12ae119b9b2ba18d0216e7235b403229e92fd0743ede48fe7f1a2c6f45d594,"{""distance"":5,""physical_error_rate"":0.0005}","{""detection_events"":14941,""detectors_checked"":6718656}"
     29994,         0,         0,   0.175,exact_mw,cb12ae119b9b2ba18d0216e7235b403229e92fd0743ede48fe7f1a2c6f45d594,"{""distance"":5,""physical_error_rate"":0.0005}","{""detection_events"":14632,""detectors_checked"":6718656}"
     29994,         0,         0,   0.208,exact_mw,cb12ae119b9b2ba18d0216e7235b403229e92fd0743ede48fe7f1a2c6f45d594,"{""distance"":5,""physical_error_rate"":0.0005}","{""detection_events"":14725,""detectors_checked"":6718656}"
     29994,         0,         0,   0.226,exact_mw,cb12ae119b9b2ba18d0216e7235b403229e92fd0743ede48fe7f1a2c6f45d594,"{""distance"":5,""physical_error_rate"":0.0005}","{""detection_events"":14697,""detectors_checked"":6718656}"
     35840,         0,         0,   0.295,exact_mw,cb12ae119b9b2ba18d0216e7235b403229e92fd0743ede48fe7f1a2c6f45d594,"{""distance"":5,""physical_error_rate"":0.0005}","{""detection_events"":18021,""detectors_checked"":8028160}"
     33792,         0,         0,   0.270,exact_mw,cb12ae119b9b2ba18d0216e7235b403229e92fd0743ede48fe7f1a2c6f45d594,"{""distance"":5,""physical_error_rate"":0.0005}","{""detection_events"":16695,""detectors_checked"":7569408}"
     29994,         0,         0,   0.202,exact_mw,cb12ae119b9b2ba18d0216e7235b403229e92fd0743ede48fe7f1a2c6f45d594,"{""distance"":5,""physical_error_rate"":0.0005}","{""detection_events"":14565,""detectors_checked"":6718656}"
     30720,         0,         0,   0.262,exact_mw,cb12ae119b9b2ba18d0216e7235b403229e92fd0743ede48fe7f1a2c6f45d594,"{""distance"":5,""physical_error_rate"":0.0005}","{""detection_events"":15109,""detectors_checked"":6881280}"
     29994,         1,         0,   0.231,exact_mw,cb12ae119b9b2ba18d0216e7235b403229e92fd0743ede48fe7f1a2c6f45d594,"{""distance"":5,""physical_error_rate"":0.0005}","{""detection_events"":15147,""detectors_checked"":6718656,""obs_mistake_mask=E"":1}"
     35111,         0,         0,   0.268,exact_mw,cb12ae119b9b2ba18d0216e7235b403229e92fd0743ede48fe7f1a2c6f45d594,"{""distance"":5,""physical_error_rate"":0.0005}","{""detection_events"":17238,""detectors_checked"":7864864}"
     28672,         0,         0,   0.249,exact_mw,cb12ae119b9b2ba18d0216e7235b403229e92fd0743ede48fe7f1a2c6f45d594,"{""distance"":5,""physical_error_rate"":0.0005}","{""detection_events"":13575,""detectors_checked"":6422528}"
     26624,         0,         0,   0.227,exact_mw,cb12ae119b9b2ba18d0216e7235b403229e92fd0743ede48fe7f1a2c6f45d594,"{""distance"":5,""physical_error_rate"":0.0005}","{""detection_events"":13015,""detectors_checked"":5963776}"
     31744,         0,         0,   0.222,exact_mw,cb12ae119b9b2ba18d0216e7235b403229e92fd0743ede48fe7f1a2c6f45d594,"{""distance"":5,""physical_error_rate"":0.0005}","{""detection_events"":15635,""detectors_checked"":7110656}"
     33792,         0,         0,   0.256,exact_mw,cb12ae119b9b2ba18d0216e7235b403229e92fd0743ede48fe7f1a2c6f45d594,"{""distance"":5,""physical_error_rate"":0.0005}","{""detection_events"":16496,""detectors_checked"":7569408}"
     27648,         0,         0,   0.133,exact_mw,cb12ae119b9b2ba18d0216e7235b403229e92fd0743ede48fe7f1a2c6f45d594,"{""distance"":5,""physical_error_rate"":0.0005}","{""detection_events"":13648,""detectors_checked"":6193152}"
     28672,         0,         0,   0.235,exact_mw,cb12ae119b9b2ba18d0216e7235b403229e92fd0743ede48fe7f1a2c6f45d594,"{""distance"":5,""physical_error_rate"":0.0005}","{""detection_events"":14238,""detectors_checked"":6422528}"
       846,         0,         0,   0.003,exact_mw,cb12ae119b9b2ba18d0216e7235b403229e92fd0743ede48fe7f1a2c6f45d594,"{""distance"":5,""physical_error_rate"":0.0005}","{""detection_events"":432,""detectors_checked"":189504}"
     26624,         0,         0,   0.267,exact_mw,cb12ae119b9b2ba18d0216e7235b403229e92fd0743ede48fe7f1a2c6f45d594,"{""distance"":5,""physical_error_rate"":0.0005}","{""detection_events"":13045,""detectors_checked"":5963776}"
     29994,         0,         0,   0.212,exact_mw,cb12ae119b9b2ba18d0216e7235b403229e92fd0743ede48fe7f1a2c6f45d594,"{""distance"":5,""physical_error_rate"":0.0005}","{""detection_events"":14318,""detectors_checked"":6718656}"
     25600,         0,         0,   0.146,exact_mw,cb12ae119b9b2ba18d0216e7235b403229e92fd0743ede48fe7f1a2c6f45d594,"{""distance"":5,""physical_error_rate"":0.0005}","{""detection_events"":12765,""detectors_checked"":5734400}"
     19456,         0,         0,   0.133,exact_mw,cb12ae119b9b2ba18d0216e7235b403229e92fd0743ede48fe7f1a2c6f45d594,"{""distance"":5,""physical_error_rate"":0.0005}","{""detection_events"":9569,""detectors_checked"":4358144}"
     26624,         0,         0,   0.200,exact_mw,cb12ae119b9b2ba18d0216e7235b403229e92fd0743ede48fe7f1a2c6f45d594,"{""distance"":5,""physical_error_rate"":0.0005}","{""detection_events"":13092,""detectors_checked"":5963776}"
     24576,         0,         0,   0.118,exact_mw,cb12ae119b9b2ba18d0216e7235b403229e92fd0743ede48fe7f1a2c6f45d594,"{""distance"":5,""physical_error_rate"":0.0005}","{""detection_events"":12014,""detectors_checked"":5505024}"
     26624,         0,         0,   0.262,exact_mw,cb12ae119b9b2ba18d0216e7235b403229e92fd0743ede48fe7f1a2c6f45d594,"{""distance"":5,""physical_error_rate"":0.0005}","{""detection_events"":12988,""detectors_checked"":5963776}"
     25600,         0,         0,   0.256,exact_mw,cb12ae119b9b2ba18d0216e7235b403229e92fd0743ede48fe7f1a2c6f45d594,"{""distance"":5,""physical_error_rate"":0.0005}","{""detection_events"":12289,""detectors_checked"":5734400}"
     27435,         0,         0,   0.264,exact_mw,cb12ae119b9b2ba18d0216e7235b403229e92fd0743ede48fe7f1a2c6f45d594,"{""distance"":5,""physical_error_rate"":0.0005}","{""detection_events"":13555,""detectors_checked"":6145440}"
      3732,         0,         0,   0.015,exact_mw,cb12ae119b9b2ba18d0216e7235b403229e92fd0743ede48fe7f1a2c6f45d594,"{""distance"":5,""physical_error_rate"":0.0005}","{""detection_events"":1768,""detectors_checked"":835968}"
     28672,         0,         0,   0.246,exact_mw,cb12ae119b9b2ba18d0216e7235b403229e92fd0743ede48fe7f1a2c6f45d594,"{""distance"":5,""physical_error_rate"":0.0005}","{""detection_events"":14095,""detectors_checked"":6422528}"
     14336,         0,         0,   0.066,exact_mw,cb12ae119b9b2ba18d0216e7235b403229e92fd0743ede48fe7f1a2c6f45d594,"{""distance"":5,""physical_error_rate"":0.0005}","{""detection_events"":6893,""detectors_checked"":3211264}"
     13312,         0,         0,   0.091,exact_mw,cb12ae119b9b2ba18d0216e7235b403229e92fd0743ede48fe7f1a2c6f45d594,"{""distance"":5,""physical_error_rate"":0.0005}","{""detection_events"":6753,""detectors_checked"":2981888}"
     15360,         0,         0,   0.111,exact_mw,cb12ae119b9b2ba18d0216e7235b403229e92fd0743ede48fe7f1a2c6f45d594,"{""distance"":5,""physical_error_rate"":0.0005}","{""detection_events"":7751,""detectors_checked"":3440640}"
     14336,         0,         0,   0.060,exact_mw,cb12ae119b9b2ba18d0216e7235b403229e92fd0743ede48fe7f1a2c6f45d594,"{""distance"":5,""physical_error_rate"":0.0005}","{""detection_events"":7200,""detectors_checked"":3211264}"
     28672,         0,         0,   0.243,exact_mw,cb12ae119b9b2ba18d0216e7235b403229e92fd0743ede48fe7f1a2c6f45d594,"{""distance"":5,""physical_error_rate"":0.0005}","{""detection_events"":13990,""detectors_checked"":6422528}"
     21504,         0,         0,   0.140,exact_mw,cb12ae119b9b2ba18d0216e7235b403229e92fd0743ede48fe7f1a2c6f45d594,"{""distance"":5,""physical_error_rate"":0.0005}","{""detection_events"":10666,""detectors_checked"":4816896}"
     12936,         0,         0,   0.053,exact_mw,cb12ae119b9b2ba18d0216e7235b403229e92fd0743ede48fe7f1a2c6f45d594,"{""distance"":5,""physical_error_rate"":0.0005}","{""detection_events"":6634,""detectors_checked"":2897664}"
     23485,         0,         0,   0.140,exact_mw,cb12ae119b9b2ba18d0216e7235b403229e92fd0743ede48fe7f1a2c6f45d594,"{""distance"":5,""physical_error_rate"":0.0005}","{""detection_events"":11413,""detectors_checked"":5260640}"
     10240,         0,         0,   0.055,exact_mw,cb12ae119b9b2ba18d0216e7235b403229e92fd0743ede48fe7f1a2c6f45d594,"{""distance"":5,""physical_error_rate"":0.0005}","{""detection_events"":5258,""detectors_checked"":2293760}"
     22528,         0,         0,   0.194,exact_mw,cb12ae119b9b2ba18d0216e7235b403229e92fd0743ede48fe7f1a2c6f45d594,"{""distance"":5,""physical_error_rate"":0.0005}","{""detection_events"":11120,""detectors_checked"":5046272}"
     28672,         0,         0,   0.271,exact_mw,cb12ae119b9b2ba18d0216e7235b403229e92fd0743ede48fe7f1a2c6f45d594,"{""distance"":5,""physical_error_rate"":0.0005}","{""detection_events"":13888,""detectors_checked"":6422528}"
      4762,         0,         0,   0.018,exact_mw,cb12ae119b9b2ba18d0216e7235b403229e92fd0743ede48fe7f1a2c6f45d594,"{""distance"":5,""physical_error_rate"":0.0005}","{""detection_events"":2438,""detectors_checked"":1066688}"
     23552,         0,         0,   0.115,exact_mw,cb12ae119b9b2ba18d0216e7235b403229e92fd0743ede48fe7f1a2c6f45d594,"{""distance"":5,""physical_error_rate"":0.0005}","{""detection_events"":11961,""detectors_checked"":5275648}"
     11264,         0,         0,   0.073,exact_mw,cb12ae119b9b2ba18d0216e7235b403229e92fd0743ede48fe7f1a2c6f45d594,"{""distance"":5,""physical_error_rate"":0.0005}","{""detection_events"":5896,""detectors_checked"":2523136}"
      9216,         0,         0,   0.058,exact_mw,cb12ae119b9b2ba18d0216e7235b403229e92fd0743ede48fe7f1a2c6f45d594,"{""distance"":5,""physical_error_rate"":0.0005}","{""detection_events"":4572,""detectors_checked"":2064384}"
      3732,         0,         0,   0.022,exact_mw,cb12ae119b9b2ba18d0216e7235b403229e92fd0743ede48fe7f1a2c6f45d594,"{""distance"":5,""physical_error_rate"":0.0005}","{""detection_events"":1772,""detectors_checked"":835968}"
      9751,         0,         0,   0.049,exact_mw,cb12ae119b9b2ba18d0216e7235b403229e92fd0743ede48fe7f1a2c6f45d594,"{""distance"":5,""physical_error_rate"":0.0005}","{""detection_events"":4676,""detectors_checked"":2184224}"
      8192,         0,         0,   0.060,exact_mw,cb12ae119b9b2ba18d0216e7235b403229e92fd0743ede48fe7f1a2c6f45d594,"{""distance"":5,""physical_error_rate"":0.0005}","{""detection_events"":4064,""detectors_checked"":1835008}"
     27648,         0,         0,   0.198,exact_mw,cb12ae119b9b2ba18d0216e7235b403229e92fd0743ede48fe7f1a2c6f45d594,"{""distance"":5,""physical_error_rate"":0.0005}","{""detection_events"":13470,""detectors_checked"":6193152}"
      3877,         0,         0,   0.015,exact_mw,cb12ae119b9b2ba18d0216e7235b403229e92fd0743ede48fe7f1a2c6f45d594,"{""distance"":5,""physical_error_rate"":0.0005}","{""detection_events"":1813,""detectors_checked"":868448}"
      6888,         0,         0,   0.028,exact_mw,cb12ae119b9b2ba18d0216e7235b403229e92fd0743ede48fe7f1a2c6f45d594,"{""distance"":5,""physical_error_rate"":0.0005}","{""detection_events"":3196,""detectors_checked"":1542912}"
      9216,         0,         0,   0.060,exact_mw,cb12ae119b9b2ba18d0216e7235b403229e92fd0743ede48fe7f1a2c6f45d594,"{""distance"":5,""physical_error_rate"":0.0005}","{""detection_events"":4508,""detectors_checked"":2064384}"
      4394,         0,         0,   0.017,exact_mw,cb12ae119b9b2ba18d0216e7235b403229e92fd0743ede48fe7f1a2c6f45d594,"{""distance"":5,""physical_error_rate"":0.0005}","{""detection_events"":2107,""detectors_checked"":984256}"
      6888,         0,         0,   0.028,exact_mw,cb12ae119b9b2ba18d0216e7235b403229e92fd0743ede48fe7f1a2c6f45d594,"{""distance"":5,""physical_error_rate"":0.0005}","{""detection_events"":3370,""detectors_checked"":1542912}"
      6888,         0,         0,   0.034,exact_mw,cb12ae119b9b2ba18d0216e7235b403229e92fd0743ede48fe7f1a2c6f45d594,"{""distance"":5,""physical_error_rate"":0.0005}","{""detection_events"":3288,""detectors_checked"":1542912}"
      5044,         0,         0,   0.039,exact_mw,cb12ae119b9b2ba18d0216e7235b403229e92fd0743ede48fe7f1a2c6f45d594,"{""distance"":5,""physical_error_rate"":0.0005}","{""detection_events"":2304,""detectors_checked"":1129856}"
      6144,         0,         0,   0.043,exact_mw,cb12ae119b9b2ba18d0216e7235b403229e92fd0743ede48fe7f1a2c6f45d594,"{""distance"":5,""physical_error_rate"":0.0005}","{""detection_events"":2881,""detectors_checked"":1376256}"
      5143,         0,         0,   0.036,exact_mw,cb12ae119b9b2ba18d0216e7235b403229e92fd0743ede48fe7f1a2c6f45d594,"{""distance"":5,""physical_error_rate"":0.0005}","{""detection_events"":2407,""detectors_checked"":1152032}"
      5857,         0,         0,   0.036,exact_mw,cb12ae119b9b2ba18d0216e7235b403229e92fd0743ede48fe7f1a2c6f45d594,"{""distance"":5,""physical_error_rate"":0.0005}","{""detection_events"":3123,""detectors_checked"":1311968}"
      4147,         0,         0,   0.026,exact_mw,cb12ae119b9b2ba18d0216e7235b403229e92fd0743ede48fe7f1a2c6f45d594,"{""distance"":5,""physical_error_rate"":0.0005}","{""detection_events"":2041,""detectors_checked"":928928}"
      3667,         0,         0,   0.013,exact_mw,cb12ae119b9b2ba18d0216e7235b403229e92fd0743ede48fe7f1a2c6f45d594,"{""distance"":5,""physical_error_rate"":0.0005}","{""detection_events"":1885,""detectors_checked"":821408}"
      5120,         0,         0,   0.030,exact_mw,cb12ae119b9b2ba18d0216e7235b403229e92fd0743ede48fe7f1a2c6f45d594,"{""distance"":5,""physical_error_rate"":0.0005}","{""detection_events"":2309,""detectors_checked"":1146880}"
      6888,         0,         0,   0.043,exact_mw,cb12ae119b9b2ba18d0216e7235b403229e92fd0743ede48fe7f1a2c6f45d594,"{""distance"":5,""physical_error_rate"":0.0005}","{""detection_events"":3367,""detectors_checked"":1542912}"
      6144,         0,         0,   0.043,exact_mw,cb12ae119b9b2ba18d0216e7235b403229e92fd0743ede48fe7f1a2c6f45d594,"{""distance"":5,""physical_error_rate"":0.0005}","{""detection_events"":3249,""detectors_checked"":1376256}"
      2403,         0,         0,   0.010,exact_mw,cb12ae119b9b2ba18d0216e7235b403229e92fd0743ede48fe7f1a2c6f45d594,"{""distance"":5,""physical_error_rate"":0.0005}","{""detection_events"":1213,""detectors_checked"":538272}"
      6888,         0,         0,   0.042,exact_mw,cb12ae119b9b2ba18d0216e7235b403229e92fd0743ede48fe7f1a2c6f45d594,"{""distance"":5,""physical_error_rate"":0.0005}","{""detection_events"":3382,""detectors_checked"":1542912}"
      5120,         0,         0,   0.043,exact_mw,cb12ae119b9b2ba18d0216e7235b403229e92fd0743ede48fe7f1a2c6f45d594,"{""distance"":5,""physical_error_rate"":0.0005}","{""detection_events"":2473,""detectors_checked"":1146880}"
      2568,         0,         0,   0.011,exact_mw,cb12ae119b9b2ba18d0216e7235b403229e92fd0743ede48fe7f1a2c6f45d594,"{""distance"":5,""physical_error_rate"":0.0005}","{""detection_events"":1273,""detectors_checked"":575232}"
      4803,         0,         0,   0.050,exact_mw,cb12ae119b9b2ba18d0216e7235b403229e92fd0743ede48fe7f1a2c6f45d594,"{""distance"":5,""physical_error_rate"":0.0005}","{""detection_events"":2301,""detectors_checked"":1075872}"
      6685,         0,         0,   0.030,exact_mw,cb12ae119b9b2ba18d0216e7235b403229e92fd0743ede48fe7f1a2c6f45d594,"{""distance"":5,""physical_error_rate"":0.0005}","{""detection_events"":3306,""detectors_checked"":1497440}"
      2877,         0,         0,   0.012,exact_mw,cb12ae119b9b2ba18d0216e7235b403229e92fd0743ede48fe7f1a2c6f45d594,"{""distance"":5,""physical_error_rate"":0.0005}","{""detection_events"":1405,""detectors_checked"":644448}"
      4096,         0,         0,   0.022,exact_mw,cb12ae119b9b2ba18d0216e7235b403229e92fd0743ede48fe7f1a2c6f45d594,"{""distance"":5,""physical_error_rate"":0.0005}","{""detection_events"":1969,""detectors_checked"":917504}"
      3258,         0,         0,   0.016,exact_mw,cb12ae119b9b2ba18d0216e7235b403229e92fd0743ede48fe7f1a2c6f45d594,"{""distance"":5,""physical_error_rate"":0.0005}","{""detection_events"":1567,""detectors_checked"":729792}"
      4096,         0,         0,   0.016,exact_mw,cb12ae119b9b2ba18d0216e7235b403229e92fd0743ede48fe7f1a2c6f45d594,"{""distance"":5,""physical_error_rate"":0.0005}","{""detection_events"":1980,""detectors_checked"":917504}"
      1167,         0,         0,   0.005,exact_mw,cb12ae119b9b2ba18d0216e7235b403229e92fd0743ede48fe7f1a2c6f45d594,"{""distance"":5,""physical_error_rate"":0.0005}","{""detection_events"":620,""detectors_checked"":261408}"
      1149,         0,         0,   0.004,exact_mw,cb12ae119b9b2ba18d0216e7235b403229e92fd0743ede48fe7f1a2c6f45d594,"{""distance"":5,""physical_error_rate"":0.0005}","{""detection_events"":548,""detectors_checked"":257376}"
      2191,         0,         0,   0.007,exact_mw,cb12ae119b9b2ba18d0216e7235b403229e92fd0743ede48fe7f1a2c6f45d594,"{""distance"":5,""physical_error_rate"":0.0005}","{""detection_events"":1023,""detectors_checked"":490784}"
      1034,         0,         0,   0.003,exact_mw,cb12ae119b9b2ba18d0216e7235b403229e92fd0743ede48fe7f1a2c6f45d594,"{""distance"":5,""physical_error_rate"":0.0005}","{""detection_events"":510,""detectors_checked"":231616}"
      4096,         0,         0,   0.020,exact_mw,cb12ae119b9b2ba18d0216e7235b403229e92fd0743ede48fe7f1a2c6f45d594,"{""distance"":5,""physical_error_rate"":0.0005}","{""detection_events"":2049,""detectors_checked"":917504}"
      4598,         0,         0,   0.048,exact_mw,cb12ae119b9b2ba18d0216e7235b403229e92fd0743ede48fe7f1a2c6f45d594,"{""distance"":5,""physical_error_rate"":0.0005}","{""detection_events"":2312,""detectors_checked"":1029952}"
      4681,         0,         0,   0.035,exact_mw,cb12ae119b9b2ba18d0216e7235b403229e92fd0743ede48fe7f1a2c6f45d594,"{""distance"":5,""physical_error_rate"":0.0005}","{""detection_events"":2513,""detectors_checked"":1048544}"
      4096,         0,         0,   0.029,exact_mw,cb12ae119b9b2ba18d0216e7235b403229e92fd0743ede48fe7f1a2c6f45d594,"{""distance"":5,""physical_error_rate"":0.0005}","{""detection_events"":2045,""detectors_checked"":917504}"
      4096,         0,         0,   0.026,exact_mw,cb12ae119b9b2ba18d0216e7235b403229e92fd0743ede48fe7f1a2c6f45d594,"{""distance"":5,""physical_error_rate"":0.0005}","{""detection_events"":2078,""detectors_checked"":917504}"
      3786,         0,         0,   0.023,exact_mw,cb12ae119b9b2ba18d0216e7235b403229e92fd0743ede48fe7f1a2c6f45d594,"{""distance"":5,""physical_error_rate"":0.0005}","{""detection_events"":1790,""detectors_checked"":848064}"
      4411,         0,         0,   0.031,exact_mw,cb12ae119b9b2ba18d0216e7235b403229e92fd0743ede48fe7f1a2c6f45d594,"{""distance"":5,""physical_error_rate"":0.0005}","{""detection_events"":2188,""detectors_checked"":988064}"
      5120,         0,         0,   0.033,exact_mw,cb12ae119b9b2ba18d0216e7235b403229e92fd0743ede48fe7f1a2c6f45d594,"{""distance"":5,""physical_error_rate"":0.0005}","{""detection_events"":2362,""detectors_checked"":1146880}"
      3224,         0,         0,   0.012,exact_mw,cb12ae119b9b2ba18d0216e7235b403229e92fd0743ede48fe7f1a2c6f45d594,"{""distance"":5,""physical_error_rate"":0.0005}","{""detection_events"":1592,""detectors_checked"":722176}"
      3402,         0,         0,   0.028,exact_mw,cb12ae119b9b2ba18d0216e7235b403229e92fd0743ede48fe7f1a2c6f45d594,"{""distance"":5,""physical_error_rate"":0.0005}","{""detection_events"":1649,""detectors_checked"":762048}"
      4096,         0,         0,   0.021,exact_mw,cb12ae119b9b2ba18d0216e7235b403229e92fd0743ede48fe7f1a2c6f45d594,"{""distance"":5,""physical_error_rate"":0.0005}","{""detection_events"":1953,""detectors_checked"":917504}"
      4096,         0,         0,   0.016,exact_mw,cb12ae119b9b2ba18d0216e7235b403229e92fd0743ede48fe7f1a2c6f45d594,"{""distance"":5,""physical_error_rate"":0.0005}","{""detection_events"":1927,""detectors_checked"":917504}"
      4096,         0,         0,   0.029,exact_mw,cb12ae119b9b2ba18d0216e7235b403229e92fd0743ede48fe7f1a2c6f45d594,"{""distance"":5,""physical_error_rate"":0.0005}","{""detection_events"":2083,""detectors_checked"":917504}"
      1072,         0,         0,   0.004,exact_mw,cb12ae119b9b2ba18d0216e7235b403229e92fd0743ede48fe7f1a2c6f45d594,"{""distance"":5,""physical_error_rate"":0.0005}","{""detection_events"":527,""detectors_checked"":240128}"
       707,         0,         0,   0.002,exact_mw,cb12ae119b9b2ba18d0216e7235b403229e92fd0743ede48fe7f1a2c6f45d594,"{""distance"":5,""physical_error_rate"":0.0005}","{""detection_events"":321,""detectors_checked"":158368}"
      4096,         0,         0,   0.022,exact_mw,cb12ae119b9b2ba18d0216e7235b403229e92fd0743ede48fe7f1a2c6f45d594,"{""distance"":5,""physical_error_rate"":0.0005}","{""detection_events"":2085,""detectors_checked"":917504}"
      3154,         0,         0,   0.011,exact_mw,cb12ae119b9b2ba18d0216e7235b403229e92fd0743ede48fe7f1a2c6f45d594,"{""distance"":5,""physical_error_rate"":0.0005}","{""detection_events"":1567,""detectors_checked"":706496}"
      1080,         0,         0,   0.004,exact_mw,cb12ae119b9b2ba18d0216e7235b403229e92fd0743ede48fe7f1a2c6f45d594,"{""distance"":5,""physical_error_rate"":0.0005}","{""detection_events"":578,""detectors_checked"":241920}"
      1031,         0,         0,   0.004,exact_mw,cb12ae119b9b2ba18d0216e7235b403229e92fd0743ede48fe7f1a2c6f45d594,"{""distance"":5,""physical_error_rate"":0.0005}","{""detection_events"":470,""detectors_checked"":230944}"
      1624,         0,         0,   0.005,exact_mw,cb12ae119b9b2ba18d0216e7235b403229e92fd0743ede48fe7f1a2c6f45d594,"{""distance"":5,""physical_error_rate"":0.0005}","{""detection_events"":813,""detectors_checked"":363776}"
      3072,         0,         0,   0.025,exact_mw,cb12ae119b9b2ba18d0216e7235b403229e92fd0743ede48fe7f1a2c6f45d594,"{""distance"":5,""physical_error_rate"":0.0005}","{""detection_events"":1605,""detectors_checked"":688128}"
      1033,         0,         0,   0.004,exact_mw,cb12ae119b9b2ba18d0216e7235b403229e92fd0743ede48fe7f1a2c6f45d594,"{""distance"":5,""physical_error_rate"":0.0005}","{""detection_events"":504,""detectors_checked"":231392}"
      4015,         0,         0,   0.029,exact_mw,cb12ae119b9b2ba18d0216e7235b403229e92fd0743ede48fe7f1a2c6f45d594,"{""distance"":5,""physical_error_rate"":0.0005}","{""detection_events"":2001,""detectors_checked"":899360}"
      3072,         0,         0,   0.025,exact_mw,cb12ae119b9b2ba18d0216e7235b403229e92fd0743ede48fe7f1a2c6f45d594,"{""distance"":5,""physical_error_rate"":0.0005}","{""detection_events"":1548,""detectors_checked"":688128}"
      3072,         0,         0,   0.014,exact_mw,cb12ae119b9b2ba18d0216e7235b403229e92fd0743ede48fe7f1a2c6f45d594,"{""distance"":5,""physical_error_rate"":0.0005}","{""detection_events"":1654,""detectors_checked"":688128}"
      1321,         0,         0,   0.007,exact_mw,cb12ae119b9b2ba18d0216e7235b403229e92fd0743ede48fe7f1a2c6f45d594,"{""distance"":5,""physical_error_rate"":0.0005}","{""detection_events"":669,""detectors_checked"":295904}"
      2513,         0,         0,   0.036,exact_mw,cb12ae119b9b2ba18d0216e7235b403229e92fd0743ede48fe7f1a2c6f45d594,"{""distance"":5,""physical_error_rate"":0.0005}","{""detection_events"":1199,""detectors_checked"":562912}"
      4096,         0,         0,   0.033,exact_mw,cb12ae119b9b2ba18d0216e7235b403229e92fd0743ede48fe7f1a2c6f45d594,"{""distance"":5,""physical_error_rate"":0.0005}","{""detection_events"":1959,""detectors_checked"":917504}"
      2339,         0,         0,   0.009,exact_mw,cb12ae119b9b2ba18d0216e7235b403229e92fd0743ede48fe7f1a2c6f45d594,"{""distance"":5,""physical_error_rate"":0.0005}","{""detection_events"":1204,""detectors_checked"":523936}"
      2012,         0,         0,   0.007,exact_mw,cb12ae119b9b2ba18d0216e7235b403229e92fd0743ede48fe7f1a2c6f45d594,"{""distance"":5,""physical_error_rate"":0.0005}","{""detection_events"":891,""detectors_checked"":450688}"
      2048,         0,         0,   0.007,exact_mw,cb12ae119b9b2ba18d0216e7235b403229e92fd0743ede48fe7f1a2c6f45d594,"{""distance"":5,""physical_error_rate"":0.0005}","{""detection_events"":916,""detectors_checked"":458752}"
      3072,         0,         0,   0.021,exact_mw,cb12ae119b9b2ba18d0216e7235b403229e92fd0743ede48fe7f1a2c6f45d594,"{""distance"":5,""physical_error_rate"":0.0005}","{""detection_events"":1339,""detectors_checked"":688128}"
      1284,         0,         0,   0.006,exact_mw,cb12ae119b9b2ba18d0216e7235b403229e92fd0743ede48fe7f1a2c6f45d594,"{""distance"":5,""physical_error_rate"":0.0005}","{""detection_events"":712,""detectors_checked"":287616}"
      4268,         0,         0,   0.024,exact_mw,cb12ae119b9b2ba18d0216e7235b403229e92fd0743ede48fe7f1a2c6f45d594,"{""distance"":5,""physical_error_rate"":0.0005}","{""detection_events"":2095,""detectors_checked"":956032}"
        60,         0,         0,   0.000,exact_mw,cb12ae119b9b2ba18d0216e7235b403229e92fd0743ede48fe7f1a2c6f45d594,"{""distance"":5,""physical_error_rate"":0.0005}","{""detection_events"":29,""detectors_checked"":13440}"
       895,         0,         0,   0.003,exact_mw,cb12ae119b9b2ba18d0216e7235b403229e92fd0743ede48fe7f1a2c6f45d594,"{""distance"":5,""physical_error_rate"":0.0005}","{""detection_events"":487,""detectors_checked"":200480}"
       707,         0,         0,   0.002,exact_mw,cb12ae119b9b2ba18d0216e7235b403229e92fd0743ede48fe7f1a2c6f45d594,"{""distance"":5,""physical_error_rate"":0.0005}","{""detection_events"":364,""detectors_checked"":158368}"
      1824,         0,         0,   0.007,exact_mw,cb12ae119b9b2ba18d0216e7235b403229e92fd0743ede48fe7f1a2c6f45d594,"{""distance"":5,""physical_error_rate"":0.0005}","{""detection_events"":918,""detectors_checked"":408576}"
        58,         0,         0,   0.000,exact_mw,cb12ae119b9b2ba18d0216e7235b403229e92fd0743ede48fe7f1a2c6f45d594,"{""distance"":5,""physical_error_rate"":0.0005}","{""detection_events"":35,""detectors_checked"":12992}"
       126,         0,         0,   0.001,exact_mw,cb12ae119b9b2ba18d0216e7235b403229e92fd0743ede48fe7f1a2c6f45d594,"{""distance"":5,""physical_error_rate"":0.0005}","{""detection_events"":65,""detectors_checked"":28224}"
      3686,         0,         0,   0.022,exact_mw,cb12ae119b9b2ba18d0216e7235b403229e92fd0743ede48fe7f1a2c6f45d594,"{""distance"":5,""physical_error_rate"":0.0005}","{""detection_events"":1696,""detectors_checked"":825664}"
       118,         0,         0,   0.001,exact_mw,cb12ae119b9b2ba18d0216e7235b403229e92fd0743ede48fe7f1a2c6f45d594,"{""distance"":5,""physical_error_rate"":0.0005}","{""detection_events"":53,""detectors_checked"":26432}"
       422,         0,         0,   0.002,exact_mw,cb12ae119b9b2ba18d0216e7235b403229e92fd0743ede48fe7f1a2c6f45d594,"{""distance"":5,""physical_error_rate"":0.0005}","{""detection_events"":202,""detectors_checked"":94528}"
      1682,         0,         0,   0.005,exact_mw,cb12ae119b9b2ba18d0216e7235b403229e92fd0743ede48fe7f1a2c6f45d594,"{""distance"":5,""physical_error_rate"":0.0005}","{""detection_events"":815,""detectors_checked"":376768}"
       184,         0,         0,   0.001,exact_mw,cb12ae119b9b2ba18d0216e7235b403229e92fd0743ede48fe7f1a2c6f45d594,"{""distance"":5,""physical_error_rate"":0.0005}","{""detection_events"":85,""detectors_checked"":41216}"
       857,         0,         0,   0.003,exact_mw,cb12ae119b9b2ba18d0216e7235b403229e92fd0743ede48fe7f1a2c6f45d594,"{""distance"":5,""physical_error_rate"":0.0005}","{""detection_events"":431,""detectors_checked"":191968}"
      1577,         0,         0,   0.013,exact_mw,cb12ae119b9b2ba18d0216e7235b403229e92fd0743ede48fe7f1a2c6f45d594,"{""distance"":5,""physical_error_rate"":0.0005}","{""detection_events"":737,""detectors_checked"":353248}"
      4096,         0,         0,   0.056,exact_mw,cb12ae119b9b2ba18d0216e7235b403229e92fd0743ede48fe7f1a2c6f45d594,"{""distance"":5,""physical_error_rate"":0.0005}","{""detection_events"":2067,""detectors_checked"":917504}"
      1151,         0,         0,   0.004,exact_mw,cb12ae119b9b2ba18d0216e7235b403229e92fd0743ede48fe7f1a2c6f45d594,"{""distance"":5,""physical_error_rate"":0.0005}","{""detection_events"":520,""detectors_checked"":257824}"
      1682,         0,         0,   0.007,exact_mw,cb12ae119b9b2ba18d0216e7235b403229e92fd0743ede48fe7f1a2c6f45d594,"{""distance"":5,""physical_error_rate"":0.0005}","{""detection_events"":831,""detectors_checked"":376768}"
       562,         0,         0,   0.002,exact_mw,cb12ae119b9b2ba18d0216e7235b403229e92fd0743ede48fe7f1a2c6f45d594,"{""distance"":5,""physical_error_rate"":0.0005}","{""detection_events"":301,""detectors_checked"":125888}"
       110,         0,         0,   0.000,exact_mw,cb12ae119b9b2ba18d0216e7235b403229e92fd0743ede48fe7f1a2c6f45d594,"{""distance"":5,""physical_error_rate"":0.0005}","{""detection_events"":31,""detectors_checked"":24640}"
        83,         0,         0,   0.000,exact_mw,cb12ae119b9b2ba18d0216e7235b403229e92fd0743ede48fe7f1a2c6f45d594,"{""distance"":5,""physical_error_rate"":0.0005}","{""detection_events"":46,""detectors_checked"":18592}"
      1060,         0,         0,   0.005,exact_mw,cb12ae119b9b2ba18d0216e7235b403229e92fd0743ede48fe7f1a2c6f45d594,"{""distance"":5,""physical_error_rate"":0.0005}","{""detection_events"":482,""detectors_checked"":237440}"
       585,         0,         0,   0.002,exact_mw,cb12ae119b9b2ba18d0216e7235b403229e92fd0743ede48fe7f1a2c6f45d594,"{""distance"":5,""physical_error_rate"":0.0005}","{""detection_events"":290,""detectors_checked"":131040}"
      1024,         0,         0,   0.004,exact_mw,cb12ae119b9b2ba18d0216e7235b403229e92fd0743ede48fe7f1a2c6f45d594,"{""distance"":5,""physical_error_rate"":0.0005}","{""detection_events"":524,""detectors_checked"":229376}"
       737,         0,         0,   0.002,exact_mw,cb12ae119b9b2ba18d0216e7235b403229e92fd0743ede48fe7f1a2c6f45d594,"{""distance"":5,""physical_error_rate"":0.0005}","{""detection_events"":330,""detectors_checked"":165088}"
       172,         0,         0,   0.002,exact_mw,cb12ae119b9b2ba18d0216e7235b403229e92fd0743ede48fe7f1a2c6f45d594,"{""distance"":5,""physical_error_rate"":0.0005}","{""detection_events"":101,""detectors_checked"":38528}"
       423,         0,         0,   0.002,exact_mw,cb12ae119b9b2ba18d0216e7235b403229e92fd0743ede48fe7f1a2c6f45d594,"{""distance"":5,""physical_error_rate"":0.0005}","{""detection_events"":222,""detectors_checked"":94752}"
      1024,         0,         0,   0.006,exact_mw,cb12ae119b9b2ba18d0216e7235b403229e92fd0743ede48fe7f1a2c6f45d594,"{""distance"":5,""physical_error_rate"":0.0005}","{""detection_events"":564,""detectors_checked"":229376}"
        49,         0,         0,   0.001,exact_mw,cb12ae119b9b2ba18d0216e7235b403229e92fd0743ede48fe7f1a2c6f45d594,"{""distance"":5,""physical_error_rate"":0.0005}","{""detection_events"":20,""detectors_checked"":10976}"
       472,         0,         0,   0.002,exact_mw,cb12ae119b9b2ba18d0216e7235b403229e92fd0743ede48fe7f1a2c6f45d594,"{""distance"":5,""physical_error_rate"":0.0005}","{""detection_events"":213,""detectors_checked"":105728}"
       898,         0,         0,   0.003,exact_mw,cb12ae119b9b2ba18d0216e7235b403229e92fd0743ede48fe7f1a2c6f45d594,"{""distance"":5,""physical_error_rate"":0.0005}","{""detection_events"":438,""detectors_checked"":201152}"
      1024,         0,         0,   0.004,exact_mw,cb12ae119b9b2ba18d0216e7235b403229e92fd0743ede48fe7f1a2c6f45d594,"{""distance"":5,""physical_error_rate"":0.0005}","{""detection_events"":483,""detectors_checked"":229376}"
       585,         0,         0,   0.004,exact_mw,cb12ae119b9b2ba18d0216e7235b403229e92fd0743ede48fe7f1a2c6f45d594,"{""distance"":5,""physical_error_rate"":0.0005}","{""detection_events"":308,""detectors_checked"":131040}"
       218,         0,         0,   0.001,exact_mw,cb12ae119b9b2ba18d0216e7235b403229e92fd0743ede48fe7f1a2c6f45d594,"{""distance"":5,""physical_error_rate"":0.0005}","{""detection_events"":108,""detectors_checked"":48832}"
        35,         0,         0,   0.001,exact_mw,cb12ae119b9b2ba18d0216e7235b403229e92fd0743ede48fe7f1a2c6f45d594,"{""distance"":5,""physical_error_rate"":0.0005}","{""detection_events"":29,""detectors_checked"":7840}"
      1024,         0,         0,   0.006,exact_mw,cb12ae119b9b2ba18d0216e7235b403229e92fd0743ede48fe7f1a2c6f45d594,"{""distance"":5,""physical_error_rate"":0.0005}","{""detection_events"":597,""detectors_checked"":229376}"
        45,         0,         0,   0.000,exact_mw,cb12ae119b9b2ba18d0216e7235b403229e92fd0743ede48fe7f1a2c6f45d594,"{""distance"":5,""physical_error_rate"":0.0005}","{""detection_events"":23,""detectors_checked"":10080}"
        45,         0,         0,   0.000,exact_mw,cb12ae119b9b2ba18d0216e7235b403229e92fd0743ede48fe7f1a2c6f45d594,"{""distance"":5,""physical_error_rate"":0.0005}","{""detection_events"":14,""detectors_checked"":10080}"
      1024,         0,         0,   0.004,exact_mw,cb12ae119b9b2ba18d0216e7235b403229e92fd0743ede48fe7f1a2c6f45d594,"{""distance"":5,""physical_error_rate"":0.0005}","{""detection_events"":537,""detectors_checked"":229376}"
      1024,         0,         0,   0.005,exact_mw,cb12ae119b9b2ba18d0216e7235b403229e92fd0743ede48fe7f1a2c6f45d594,"{""distance"":5,""physical_error_rate"":0.0005}","{""detection_events"":474,""detectors_checked"":229376}"
       473,         0,         0,   0.002,exact_mw,cb12ae119b9b2ba18d0216e7235b403229e92fd0743ede48fe7f1a2c6f45d594,"{""distance"":5,""physical_error_rate"":0.0005}","{""detection_events"":240,""detectors_checked"":105952}"
      1024,         0,         0,   0.003,exact_mw,cb12ae119b9b2ba18d0216e7235b403229e92fd0743ede48fe7f1a2c6f45d594,"{""distance"":5,""physical_error_rate"":0.0005}","{""detection_events"":482,""detectors_checked"":229376}"
        13,         0,         0,   0.000,exact_mw,cb12ae119b9b2ba18d0216e7235b403229e92fd0743ede48fe7f1a2c6f45d594,"{""distance"":5,""physical_error_rate"":0.0005}","{""detection_events"":5,""detectors_checked"":2912}"
        74,         0,         0,   0.000,exact_mw,cb12ae119b9b2ba18d0216e7235b403229e92fd0743ede48fe7f1a2c6f45d594,"{""distance"":5,""physical_error_rate"":0.0005}","{""detection_events"":38,""detectors_checked"":16576}"
       607,         0,         0,   0.003,exact_mw,cb12ae119b9b2ba18d0216e7235b403229e92fd0743ede48fe7f1a2c6f45d594,"{""distance"":5,""physical_error_rate"":0.0005}","{""detection_events"":296,""detectors_checked"":135968}"
      1024,         0,         0,   0.003,exact_mw,cb12ae119b9b2ba18d0216e7235b403229e92fd0743ede48fe7f1a2c6f45d594,"{""distance"":5,""physical_error_rate"":0.0005}","{""detection_events"":488,""detectors_checked"":229376}"
       285,         0,         0,   0.001,exact_mw,cb12ae119b9b2ba18d0216e7235b403229e92fd0743ede48fe7f1a2c6f45d594,"{""distance"":5,""physical_error_rate"":0.0005}","{""detection_events"":151,""detectors_checked"":63840}"
       358,         0,         0,   0.002,exact_mw,cb12ae119b9b2ba18d0216e7235b403229e92fd0743ede48fe7f1a2c6f45d594,"{""distance"":5,""physical_error_rate"":0.0005}","{""detection_events"":151,""detectors_checked"":80192}"
      1024,         0,         0,   0.003,exact_mw,cb12ae119b9b2ba18d0216e7235b403229e92fd0743ede48fe7f1a2c6f45d594,"{""distance"":5,""physical_error_rate"":0.0005}","{""detection_events"":470,""detectors_checked"":229376}"
        24,         0,         0,   0.000,exact_mw,cb12ae119b9b2ba18d0216e7235b403229e92fd0743ede48fe7f1a2c6f45d594,"{""distance"":5,""physical_error_rate"":0.0005}","{""detection_events"":9,""detectors_checked"":5376}"
        49,         0,         0,   0.000,exact_mw,cb12ae119b9b2ba18d0216e7235b403229e92fd0743ede48fe7f1a2c6f45d594,"{""distance"":5,""physical_error_rate"":0.0005}","{""detection_events"":15,""detectors_checked"":10976}"
        40,         0,         0,   0.000,exact_mw,cb12ae119b9b2ba18d0216e7235b403229e92fd0743ede48fe7f1a2c6f45d594,"{""distance"":5,""physical_error_rate"":0.0005}","{""detection_events"":15,""detectors_checked"":8960}"
       486,         0,         0,   0.001,exact_mw,cb12ae119b9b2ba18d0216e7235b403229e92fd0743ede48fe7f1a2c6f45d594,"{""distance"":5,""physical_error_rate"":0.0005}","{""detection_events"":237,""detectors_checked"":108864}"
       818,         0,         0,   0.003,exact_mw,cb12ae119b9b2ba18d0216e7235b403229e92fd0743ede48fe7f1a2c6f45d594,"{""distance"":5,""physical_error_rate"":0.0005}","{""detection_events"":377,""detectors_checked"":183232}"
       557,         0,         0,   0.002,exact_mw,cb12ae119b9b2ba18d0216e7235b403229e92fd0743ede48fe7f1a2c6f45d594,"{""distance"":5,""physical_error_rate"":0.0005}","{""detection_events"":242,""detectors_checked"":124768}"
        63,         0,         0,   0.000,exact_mw,cb12ae119b9b2ba18d0216e7235b403229e92fd0743ede48fe7f1a2c6f45d594,"{""distance"":5,""physical_error_rate"":0.0005}","{""detection_events"":32,""detectors_checked"":14112}"
       631,         0,         0,   0.002,exact_mw,cb12ae119b9b2ba18d0216e7235b403229e92fd0743ede48fe7f1a2c6f45d594,"{""distance"":5,""physical_error_rate"":0.0005}","{""detection_events"":288,""detectors_checked"":141344}"
        20,         0,         0,   0.000,exact_mw,cb12ae119b9b2ba18d0216e7235b403229e92fd0743ede48fe7f1a2c6f45d594,"{""distance"":5,""physical_error_rate"":0.0005}","{""detection_events"":6,""detectors_checked"":4480}"
        15,         0,         0,   0.000,exact_mw,cb12ae119b9b2ba18d0216e7235b403229e92fd0743ede48fe7f1a2c6f45d594,"{""distance"":5,""physical_error_rate"":0.0005}","{""detection_events"":14,""detectors_checked"":3360}"
       557,         0,         0,   0.003,exact_mw,cb12ae119b9b2ba18d0216e7235b403229e92fd0743ede48fe7f1a2c6f45d594,"{""distance"":5,""physical_error_rate"":0.0005}","{""detection_events"":247,""detectors_checked"":124768}"
       486,         0,         0,   0.002,exact_mw,cb12ae119b9b2ba18d0216e7235b403229e92fd0743ede48fe7f1a2c6f45d594,"{""distance"":5,""physical_error_rate"":0.0005}","{""detection_events"":291,""detectors_checked"":108864}"
      1024,         0,         0,   0.007,exact_mw,cb12ae119b9b2ba18d0216e7235b403229e92fd0743ede48fe7f1a2c6f45d594,"{""distance"":5,""physical_error_rate"":0.0005}","{""detection_events"":502,""detectors_checked"":229376}"
         7,         0,         0,   0.000,exact_mw,cb12ae119b9b2ba18d0216e7235b403229e92fd0743ede48fe7f1a2c6f45d594,"{""distance"":5,""physical_error_rate"":0.0005}","{""detection_events"":3,""detectors_checked"":1568}"
       631,         0,         0,   0.002,exact_mw,cb12ae119b9b2ba18d0216e7235b403229e92fd0743ede48fe7f1a2c6f45d594,"{""distance"":5,""physical_error_rate"":0.0005}","{""detection_events"":312,""detectors_checked"":141344}"
       216,         0,         0,   0.001,exact_mw,cb12ae119b9b2ba18d0216e7235b403229e92fd0743ede48fe7f1a2c6f45d594,"{""distance"":5,""physical_error_rate"":0.0005}","{""detection_events"":109,""detectors_checked"":48384}"
        21,         0,         0,   0.000,exact_mw,cb12ae119b9b2ba18d0216e7235b403229e92fd0743ede48fe7f1a2c6f45d594,"{""distance"":5,""physical_error_rate"":0.0005}","{""detection_events"":16,""detectors_checked"":4704}"
        91,         0,         0,   0.000,exact_mw,cb12ae119b9b2ba18d0216e7235b403229e92fd0743ede48fe7f1a2c6f45d594,"{""distance"":5,""physical_error_rate"":0.0005}","{""detection_events"":29,""detectors_checked"":20384}"
        81,         0,         0,   0.000,exact_mw,cb12ae119b9b2ba18d0216e7235b403229e92fd0743ede48fe7f1a2c6f45d594,"{""distance"":5,""physical_error_rate"":0.0005}","{""detection_events"":34,""detectors_checked"":18144}"
         1,         0,         0,   0.000,exact_mw,cb12ae119b9b2ba18d0216e7235b403229e92fd0743ede48fe7f1a2c6f45d594,"{""distance"":5,""physical_error_rate"":0.0005}","{""detection_events"":2,""detectors_checked"":224}"
        15,         0,         0,   0.000,exact_mw,cb12ae119b9b2ba18d0216e7235b403229e92fd0743ede48fe7f1a2c6f45d594,"{""distance"":5,""physical_error_rate"":0.0005}","{""detection_events"":4,""detectors_checked"":3360}"
       487,         0,         0,   0.002,exact_mw,cb12ae119b9b2ba18d0216e7235b403229e92fd0743ede48fe7f1a2c6f45d594,"{""distance"":5,""physical_error_rate"":0.0005}","{""detection_events"":239,""detectors_checked"":109088}"
        21,         0,         0,   0.000,exact_mw,cb12ae119b9b2ba18d0216e7235b403229e92fd0743ede48fe7f1a2c6f45d594,"{""distance"":5,""physical_error_rate"":0.0005}","{""detection_events"":4,""detectors_checked"":4704}"
       321,         0,         0,   0.001,exact_mw,cb12ae119b9b2ba18d0216e7235b403229e92fd0743ede48fe7f1a2c6f45d594,"{""distance"":5,""physical_error_rate"":0.0005}","{""detection_events"":135,""detectors_checked"":71904}"
       501,         0,         0,   0.002,exact_mw,cb12ae119b9b2ba18d0216e7235b403229e92fd0743ede48fe7f1a2c6f45d594,"{""distance"":5,""physical_error_rate"":0.0005}","{""detection_events"":279,""detectors_checked"":112224}"
       451,         0,         0,   0.002,exact_mw,cb12ae119b9b2ba18d0216e7235b403229e92fd0743ede48fe7f1a2c6f45d594,"{""distance"":5,""physical_error_rate"":0.0005}","{""detection_events"":233,""detectors_checked"":101024}"
        84,         0,         0,   0.000,exact_mw,cb12ae119b9b2ba18d0216e7235b403229e92fd0743ede48fe7f1a2c6f45d594,"{""distance"":5,""physical_error_rate"":0.0005}","{""detection_events"":32,""detectors_checked"":18816}"
         4,         0,         0,   0.000,exact_mw,cb12ae119b9b2ba18d0216e7235b403229e92fd0743ede48fe7f1a2c6f45d594,"{""distance"":5,""physical_error_rate"":0.0005}","{""detection_events"":10,""detectors_checked"":896}"
       389,         0,         0,   0.001,exact_mw,cb12ae119b9b2ba18d0216e7235b403229e92fd0743ede48fe7f1a2c6f45d594,"{""distance"":5,""physical_error_rate"":0.0005}","{""detection_events"":140,""detectors_checked"":87136}"
       251,         0,         0,   0.001,exact_mw,cb12ae119b9b2ba18d0216e7235b403229e92fd0743ede48fe7f1a2c6f45d594,"{""distance"":5,""physical_error_rate"":0.0005}","{""detection_events"":102,""detectors_checked"":56224}"
        47,         0,         0,   0.000,exact_mw,cb12ae119b9b2ba18d0216e7235b403229e92fd0743ede48fe7f1a2c6f45d594,"{""distance"":5,""physical_error_rate"":0.0005}","{""detection_events"":35,""detectors_checked"":10528}"
         1,         0,         0,   0.000,exact_mw,cb12ae119b9b2ba18d0216e7235b403229e92fd0743ede48fe7f1a2c6f45d594,"{""distance"":5,""physical_error_rate"":0.0005}","{""detectors_checked"":224}"
        36,         0,         0,   0.000,exact_mw,cb12ae119b9b2ba18d0216e7235b403229e92fd0743ede48fe7f1a2c6f45d594,"{""distance"":5,""physical_error_rate"":0.0005}","{""detection_events"":4,""detectors_checked"":8064}"
       308,         0,         0,   0.001,exact_mw,cb12ae119b9b2ba18d0216e7235b403229e92fd0743ede48fe7f1a2c6f45d594,"{""distance"":5,""physical_error_rate"":0.0005}","{""detection_events"":148,""detectors_checked"":68992}"
       308,         0,         0,   0.001,exact_mw,cb12ae119b9b2ba18d0216e7235b403229e92fd0743ede48fe7f1a2c6f45d594,"{""distance"":5,""physical_error_rate"":0.0005}","{""detection_events"":136,""detectors_checked"":68992}"
         1,         0,         0,   0.000,exact_mw,cb12ae119b9b2ba18d0216e7235b403229e92fd0743ede48fe7f1a2c6f45d594,"{""distance"":5,""physical_error_rate"":0.0005}","{""detectors_checked"":224}"
       286,         0,         0,   0.001,exact_mw,cb12ae119b9b2ba18d0216e7235b403229e92fd0743ede48fe7f1a2c6f45d594,"{""distance"":5,""physical_error_rate"":0.0005}","{""detection_events"":172,""detectors_checked"":64064}"
       286,         0,         0,   0.001,exact_mw,cb12ae119b9b2ba18d0216e7235b403229e92fd0743ede48fe7f1a2c6f45d594,"{""distance"":5,""physical_error_rate"":0.0005}","{""detection_events"":121,""detectors_checked"":64064}"
        34,         0,         0,   0.000,exact_mw,cb12ae119b9b2ba18d0216e7235b403229e92fd0743ede48fe7f1a2c6f45d594,"{""distance"":5,""physical_error_rate"":0.0005}","{""detection_events"":27,""detectors_checked"":7616}"
        10,         0,         0,   0.000,exact_mw,cb12ae119b9b2ba18d0216e7235b403229e92fd0743ede48fe7f1a2c6f45d594,"{""distance"":5,""physical_error_rate"":0.0005}","{""detection_events"":4,""detectors_checked"":2240}"
       204,         0,         0,   0.001,exact_mw,cb12ae119b9b2ba18d0216e7235b403229e92fd0743ede48fe7f1a2c6f45d594,"{""distance"":5,""physical_error_rate"":0.0005}","{""detection_events"":98,""detectors_checked"":45696}"
        13,         0,         0,   0.000,exact_mw,cb12ae119b9b2ba18d0216e7235b403229e92fd0743ede48fe7f1a2c6f45d594,"{""distance"":5,""physical_error_rate"":0.0005}","{""detection_events"":1,""detectors_checked"":2912}"
       103,         0,         0,   0.000,exact_mw,cb12ae119b9b2ba18d0216e7235b403229e92fd0743ede48fe7f1a2c6f45d594,"{""distance"":5,""physical_error_rate"":0.0005}","{""detection_events"":39,""detectors_checked"":23072}"
        42,         0,         0,   0.001,exact_mw,cb12ae119b9b2ba18d0216e7235b403229e92fd0743ede48fe7f1a2c6f45d594,"{""distance"":5,""physical_error_rate"":0.0005}","{""detection_events"":46,""detectors_checked"":9408}"
        11,         0,         0,   0.000,exact_mw,cb12ae119b9b2ba18d0216e7235b403229e92fd0743ede48fe7f1a2c6f45d594,"{""distance"":5,""physical_error_rate"":0.0005}","{""detection_events"":7,""detectors_checked"":2464}"
       103,         0,         0,   0.000,exact_mw,cb12ae119b9b2ba18d0216e7235b403229e92fd0743ede48fe7f1a2c6f45d594,"{""distance"":5,""physical_error_rate"":0.0005}","{""detection_events"":25,""detectors_checked"":23072}"
       117,         0,         0,   0.000,exact_mw,cb12ae119b9b2ba18d0216e7235b403229e92fd0743ede48fe7f1a2c6f45d594,"{""distance"":5,""physical_error_rate"":0.0005}","{""detection_events"":45,""detectors_checked"":26208}"
         5,         0,         0,   0.000,exact_mw,cb12ae119b9b2ba18d0216e7235b403229e92fd0743ede48fe7f1a2c6f45d594,"{""distance"":5,""physical_error_rate"":0.0005}","{""detection_events"":7,""detectors_checked"":1120}"
         1,         0,         0,   0.000,exact_mw,cb12ae119b9b2ba18d0216e7235b403229e92fd0743ede48fe7f1a2c6f45d594,"{""distance"":5,""physical_error_rate"":0.0005}","{""detectors_checked"":224}"
         8,         0,         0,   0.000,exact_mw,cb12ae119b9b2ba18d0216e7235b403229e92fd0743ede48fe7f1a2c6f45d594,"{""distance"":5,""physical_error_rate"":0.0005}","{""detection_events"":4,""detectors_checked"":1792}"
         8,         0,         0,   0.000,exact_mw,cb12ae119b9b2ba18d0216e7235b403229e92fd0743ede48fe7f1a2c6f45d594,"{""distance"":5,""physical_error_rate"":0.0005}","{""detectors_checked"":1792}"
        11,         0,         0,   0.000,exact_mw,cb12ae119b9b2ba18d0216e7235b403229e92fd0743ede48fe7f1a2c6f45d594,"{""distance"":5,""physical_error_rate"":0.0005}","{""detection_events"":3,""detectors_checked"":2464}"
         8,         0,         0,   0.000,exact_mw,cb12ae119b9b2ba18d0216e7235b403229e92fd0743ede48fe7f1a2c6f45d594,"{""distance"":5,""physical_error_rate"":0.0005}","{""detectors_checked"":1792}"
        11,         0,         0,   0.000,exact_mw,cb12ae119b9b2ba18d0216e7235b403229e92fd0743ede48fe7f1a2c6f45d594,"{""distance"":5,""physical_error_rate"":0.0005}","{""detection_events"":5,""detectors_checked"":2464}"
         1,         0,         0,   0.000,exact_mw,cb12ae119b9b2ba18d0216e7235b403229e92fd0743ede48fe7f1a2c6f45d594,"{""distance"":5,""physical_error_rate"":0.0005}","{""detectors_checked"":224}"
         1,         0,         0,   0.000,exact_mw,cb12ae119b9b2ba18d0216e7235b403229e92fd0743ede48fe7f1a2c6f45d594,"{""distance"":5,""physical_error_rate"":0.0005}","{""detectors_checked"":224}"
         1,         0,         0,   0.000,exact_mw,cb12ae119b9b2ba18d0216e7235b403229e92fd0743ede48fe7f1a2c6f45d594,"{""distance"":5,""physical_error_rate"":0.0005}","{""detection_events"":2,""detectors_checked"":224}"
         2,         0,         0,   0.000,exact_mw,cb12ae119b9b2ba18d0216e7235b403229e92fd0743ede48fe7f1a2c6f45d594,"{""distance"":5,""physical_error_rate"":0.0005}","{""detection_events"":2,""detectors_checked"":448}"
         5,         0,         0,   0.000,exact_mw,cb12ae119b9b2ba18d0216e7235b403229e92fd0743ede48fe7f1a2c6f45d594,"{""distance"":5,""physical_error_rate"":0.0005}","{""detection_events"":4,""detectors_checked"":1120}"
         1,         0,         0,   0.000,exact_mw,cb12ae119b9b2ba18d0216e7235b403229e92fd0743ede48fe7f1a2c6f45d594,"{""distance"":5,""physical_error_rate"":0.0005}","{""detectors_checked"":224}"
         5,         0,         0,   0.000,exact_mw,cb12ae119b9b2ba18d0216e7235b403229e92fd0743ede48fe7f1a2c6f45d594,"{""distance"":5,""physical_error_rate"":0.0005}","{""detection_events"":2,""detectors_checked"":1120}"
         7,         0,         0,   0.000,exact_mw,cb12ae119b9b2ba18d0216e7235b403229e92fd0743ede48fe7f1a2c6f45d594,"{""distance"":5,""physical_error_rate"":0.0005}","{""detection_events"":10,""detectors_checked"":1568}"
         3,         0,         0,   0.000,exact_mw,cb12ae119b9b2ba18d0216e7235b403229e92fd0743ede48fe7f1a2c6f45d594,"{""distance"":5,""physical_error_rate"":0.0005}","{""detection_events"":4,""detectors_checked"":672}"
         1,         0,         0,   0.000,exact_mw,cb12ae119b9b2ba18d0216e7235b403229e92fd0743ede48fe7f1a2c6f45d594,"{""distance"":5,""physical_error_rate"":0.0005}","{""detectors_checked"":224}"
         1,         0,         0,   0.000,exact_mw,cb12ae119b9b2ba18d0216e7235b403229e92fd0743ede48fe7f1a2c6f45d594,"{""distance"":5,""physical_error_rate"":0.0005}","{""detectors_checked"":224}"
         1,         0,         0,   0.000,exact_mw,cb12ae119b9b2ba18d0216e7235b403229e92fd0743ede48fe7f1a2c6f45d594,"{""distance"":5,""physical_error_rate"":0.0005}","{""detectors_checked"":224}"
         1,         0,         0,   0.000,exact_mw,cb12ae119b9b2ba18d0216e7235b403229e92fd0743ede48fe7f1a2c6f45d594,"{""distance"":5,""physical_error_rate"":0.0005}","{""detectors_checked"":224}"
         1,         0,         0,   0.000,exact_mw,cb12ae119b9b2ba18d0216e7235b403229e92fd0743ede48fe7f1a2c6f45d594,"{""distance"":5,""physical_error_rate"":0.0005}","{""detectors_checked"":224}"
         1,         0,         0,   0.000,exact_mw,cb12ae119b9b2ba18d0216e7235b403229e92fd0743ede48fe7f1a2c6f45d594,"{""distance"":5,""physical_error_rate"":0.0005}","{""detectors_checked"":224}"
         1,         0,         0,   0.000,exact_mw,cb12ae119b9b2ba18d0216e7235b403229e92fd0743ede48fe7f1a2c6f45d594,"{""distance"":5,""physical_error_rate"":0.0005}","{""detection_events"":1,""detectors_checked"":224}"
         1,         0,         0,   0.000,exact_mw,cb12ae119b9b2ba18d0216e7235b403229e92fd0743ede48fe7f1a2c6f45d594,"{""distance"":5,""physical_error_rate"":0.0005}","{""detectors_checked"":224}"
         1,         0,         0,   0.000,exact_mw,cb12ae119b9b2ba18d0216e7235b403229e92fd0743ede48fe7f1a2c6f45d594,"{""distance"":5,""physical_error_rate"":0.0005}","{""detectors_checked"":224}"
         1,         0,         0,   0.000,exact_mw,cb12ae119b9b2ba18d0216e7235b403229e92fd0743ede48fe7f1a2c6f45d594,"{""distance"":5,""physical_error_rate"":0.0005}","{""detection_events"":4,""detectors_checked"":224}"
         1,         0,         0,   0.000,exact_mw,cb12ae119b9b2ba18d0216e7235b403229e92fd0743ede48fe7f1a2c6f45d594,"{""distance"":5,""physical_error_rate"":0.0005}","{""detectors_checked"":224}"
         1,         0,         0,   0.000,exact_mw,cb12ae119b9b2ba18d0216e7235b403229e92fd0743ede48fe7f1a2c6f45d594,"{""distance"":5,""physical_error_rate"":0.0005}","{""detectors_checked"":224}"
         1,         0,         0,   0.000,exact_mw,cb12ae119b9b2ba18d0216e7235b403229e92fd0743ede48fe7f1a2c6f45d594,"{""distance"":5,""physical_error_rate"":0.0005}","{""detectors_checked"":224}"
         1,         0,         0,   0.000,exact_mw,cb12ae119b9b2ba18d0216e7235b403229e92fd0743ede48fe7f1a2c6f45d594,"{""distance"":5,""physical_error_rate"":0.0005}","{""detectors_checked"":224}"
         1,         0,         0,   0.000,exact_mw,cb12ae119b9b2ba18d0216e7235b403229e92fd0743ede48fe7f1a2c6f45d594,"{""distance"":5,""physical_error_rate"":0.0005}","{""detectors_checked"":224}"
         1,         0,         0,   0.000,exact_mw,cb12ae119b9b2ba18d0216e7235b403229e92fd0743ede48fe7f1a2c6f45d594,"{""distance"":5,""physical_error_rate"":0.0005}","{""detectors_checked"":224}"
         1,         0,         0,   0.000,exact_mw,cb12ae119b9b2ba18d0216e7235b403229e92fd0743ede48fe7f1a2c6f45d594,"{""distance"":5,""physical_error_rate"":0.0005}","{""detectors_checked"":224}"
