     shots,    errors,  discards, seconds,decoder,strong_id,json_metadata,custom_counts
      1297,         0,         0,   0.011,standalone_exact_mw,72c27de2ebec78bb62b76c65eff3f0cc2d8f7d8d48378a61f4d3abf36bf8e189,"{""distance"":5,""physical_error_rate"":0.0002}","{""detection_events"":189,""detectors_checked"":290528}"
      1297,         0,         0,   0.012,standalone_exact_mw,e5b1593c0e383368e36e36cad39a29f258d2f8e653c88d1b733626fe43257e38,"{""distance"":5,""physical_error_rate"":0.0005}","{""detection_events"":436,""detectors_checked"":290528}"
      2321,         0,         0,   0.016,standalone_exact_mw,a1776e816afac70014f11f56bcdb5c816a7707d7213b56760e86cab507e42ef3,"{""distance"":5,""physical_error_rate"":0.0001}","{""detection_events"":171,""detectors_checked"":519904}"
      2048,         0,         0,   0.013,standalone_exact_mw,72c27de2ebec78bb62b76c65eff3f0cc2d8f7d8d48378a61f4d3abf36bf8e189,"{""distance"":5,""physical_error_rate"":0.0002}","{""detection_events"":338,""detectors_checked"":458752}"
      2048,         0,         0,   0.016,standalone_exact_mw,e5b1593c0e383368e36e36cad39a29f258d2f8e653c88d1b733626fe43257e38,"{""distance"":5,""physical_error_rate"":0.0005}","{""detection_events"":797,""detectors_checked"":458752}"
      3072,         0,         0,   0.019,standalone_exact_mw,a1776e816afac70014f11f56bcdb5c816a7707d7213b56760e86cab507e42ef3,"{""distance"":5,""physical_error_rate"":0.0001}","{""detection_events"":246,""detectors_checked"":688128}"
      3072,         0,         0,   0.020,standalone_exact_mw,72c27de2ebec78bb62b76c65eff3f0cc2d8f7d8d48378a61f4d3abf36bf8e189,"{""distance"":5,""physical_error_rate"":0.0002}","{""detection_events"":510,""detectors_checked"":688128}"
      3072,         0,         0,   0.025,standalone_exact_mw,e5b1593c0e383368e36e36cad39a29f258d2f8e653c88d1b733626fe43257e38,"{""distance"":5,""physical_error_rate"":0.0005}","{""detection_events"":1353,""detectors_checked"":688128}"
      4096,         0,         0,   0.025,standalone_exact_mw,a1776e816afac70014f11f56bcdb5c816a7707d7213b56760e86cab507e42ef3,"{""distance"":5,""physical_error_rate"":0.0001}","{""detection_events"":358,""detectors_checked"":917504}"
      5120,         0,         0,   0.033,standalone_exact_mw,72c27de2ebec78bb62b76c65eff3f0cc2d8f7d8d48378a61f4d3abf36bf8e189,"{""distance"":5,""physical_error_rate"":0.0002}","{""detection_events"":825,""detectors_checked"":1146880}"
         1,         0,         0,   0.011,standalone_exact_mw,de6a295f210c83b37b518258a443dfad0a769b8b8d4d527e6134d1d534ff1ab2,"{""distance"":5,""physical_error_rate"":0.02}","{""detection_events"":17,""detectors_checked"":224}"
      4096,         0,         0,   0.032,standalone_exact_mw,e5b1593c0e383368e36e36cad39a29f258d2f8e653c88d1b733626fe43257e38,"{""distance"":5,""physical_error_rate"":0.0005}","{""detection_events"":1662,""detectors_checked"":917504}"
      5120,         0,         0,   0.031,standalone_exact_mw,a1776e816afac70014f11f56bcdb5c816a7707d7213b56760e86cab507e42ef3,"{""distance"":5,""physical_error_rate"":0.0001}","{""detection_events"":412,""detectors_checked"":1146880}"
      6144,         0,         0,   0.040,standalone_exact_mw,72c27de2ebec78bb62b76c65eff3f0cc2d8f7d8d48378a61f4d3abf36bf8e189,"{""distance"":5,""physical_error_rate"":0.0002}","{""detection_events"":971,""detectors_checked"":1376256}"
      5120,         0,         0,   0.040,standalone_exact_mw,e5b1593c0e383368e36e36cad39a29f258d2f8e653c88d1b733626fe43257e38,"{""distance"":5,""physical_error_rate"":0.0005}","{""detection_events"":2006,""detectors_checked"":1146880}"
      2321,         0,         0,   0.024,standalone_exact_mw,da1b05328a50158d3ddc50a94fd8dc063895f28eb3c937e1bf932a9499513bc0,"{""distance"":5,""physical_error_rate"":5e-05}","{""detection_events"":69,""detectors_checked"":519904}"
        17,         0,         0,   0.025,standalone_exact_mw,55247ead609f7a81f68de1baef512098855a39f2e1c761272d065411e4c998b3,"{""distance"":5,""physical_error_rate"":0.05}","{""detection_events"":561,""detectors_checked"":3808}"
      7168,         0,         0,   0.043,standalone_exact_mw,a1776e816afac70014f11f56bcdb5c816a7707d7213b56760e86cab507e42ef3,"{""distance"":5,""physical_error_rate"":0.0001}","{""detection_events"":512,""detectors_checked"":1605632}"
      1297,         0,         0,   0.014,standalone_exact_mw,a08eb9916bd7e95ca8a954036fa5b6d2576fbe4960b891dec8536a92078ec5d6,"{""distance"":5,""physical_error_rate"":0.001}","{""detection_events"":993,""detectors_checked"":290528}"
      2048,         0,         0,   0.031,standalone_exact_mw,da1b05328a50158d3ddc50a94fd8dc063895f28eb3c937e1bf932a9499513bc0,"{""distance"":5,""physical_error_rate"":5e-05}","{""detection_events"":73,""detectors_checked"":458752}"
        17,         0,         0,   0.035,standalone_exact_mw,55247ead609f7a81f68de1baef512098855a39f2e1c761272d065411e4c998b3,"{""distance"":5,""physical_error_rate"":0.05}","{""detection_events"":524,""detectors_checked"":3808}"
      8192,         0,         0,   0.054,standalone_exact_mw,72c27de2ebec78bb62b76c65eff3f0cc2d8f7d8d48378a61f4d3abf36bf8e189,"{""distance"":5,""physical_error_rate"":0.0002}","{""detection_events"":1258,""detectors_checked"":1835008}"
       272,         2,         0,   0.101,standalone_exact_mw,de6a295f210c83b37b518258a443dfad0a769b8b8d4d527e6134d1d534ff1ab2,"{""distance"":5,""physical_error_rate"":0.02}","{""detection_events"":4136,""detectors_checked"":60928,""obs_mistake_mask=E"":2}"
      2048,         0,         0,   0.021,standalone_exact_mw,a08eb9916bd7e95ca8a954036fa5b6d2576fbe4960b891dec8536a92078ec5d6,"{""distance"":5,""physical_error_rate"":0.001}","{""detection_events"":1720,""detectors_checked"":458752}"
      7168,         0,         0,   0.056,standalone_exact_mw,e5b1593c0e383368e36e36cad39a29f258d2f8e653c88d1b733626fe43257e38,"{""distance"":5,""physical_error_rate"":0.0005}","{""detection_events"":2957,""detectors_checked"":1605632}"
      2048,         0,         0,   0.025,standalone_exact_mw,da1b05328a50158d3ddc50a94fd8dc063895f28eb3c937e1bf932a9499513bc0,"{""distance"":5,""physical_error_rate"":5e-05}","{""detection_events"":76,""detectors_checked"":458752}"
         1,         0,         0,   0.015,standalone_exact_mw,8d62d696502520a4205321baeffc0ef8012c612a1e90d1f0cdd556a0b654afea,"{""distance"":5,""physical_error_rate"":0.5}","{""detection_events"":109,""detectors_checked"":224}"
      9216,         0,         0,   0.056,standalone_exact_mw,a1776e816afac70014f11f56bcdb5c816a7707d7213b56760e86cab507e42ef3,"{""distance"":5,""physical_error_rate"":0.0001}","{""detection_events"":828,""detectors_checked"":2064384}"
      2048,         0,         0,   0.020,standalone_exact_mw,a08eb9916bd7e95ca8a954036fa5b6d2576fbe4960b891dec8536a92078ec5d6,"{""distance"":5,""physical_error_rate"":0.001}","{""detection_events"":1713,""detectors_checked"":458752}"
      3072,         0,         0,   0.031,standalone_exact_mw,da1b05328a50158d3ddc50a94fd8dc063895f28eb3c937e1bf932a9499513bc0,"{""distance"":5,""physical_error_rate"":5e-05}","{""detection_events"":144,""detectors_checked"":688128}"
      3072,         0,         0,   0.030,standalone_exact_mw,a08eb9916bd7e95ca8a954036fa5b6d2576fbe4960b891dec8536a92078ec5d6,"{""distance"":5,""physical_error_rate"":0.001}","{""detection_events"":2472,""detectors_checked"":688128}"
        16,         7,         0,   0.047,standalone_exact_mw,8d62d696502520a4205321baeffc0ef8012c612a1e90d1f0cdd556a0b654afea,"{""distance"":5,""physical_error_rate"":0.5}","{""detection_events"":1604,""detectors_checked"":3584,""obs_mistake_mask=E"":7}"
         1,         0,         0,   0.014,standalone_exact_mw,82cde5da083f9d53e67262bb98cd5aaa35303847977efb0685bd0a8870fdc07b,"{""distance"":5,""physical_error_rate"":0.002}","{""detection_events"":2,""detectors_checked"":224}"
     12288,         0,         0,   0.080,standalone_exact_mw,72c27de2ebec78bb62b76c65eff3f0cc2d8f7d8d48378a61f4d3abf36bf8e189,"{""distance"":5,""physical_error_rate"":0.0002}","{""detection_events"":2018,""detectors_checked"":2752512}"
      5120,         0,         0,   0.043,standalone_exact_mw,da1b05328a50158d3ddc50a94fd8dc063895f28eb3c937e1bf932a9499513bc0,"{""distance"":5,""physical_error_rate"":5e-05}","{""detection_events"":162,""detectors_checked"":1146880}"
     10240,         0,         0,   0.081,standalone_exact_mw,e5b1593c0e383368e36e36cad39a29f258d2f8e653c88d1b733626fe43257e38,"{""distance"":5,""physical_error_rate"":0.0005}","{""detection_events"":4252,""detectors_checked"":2293760}"
      4096,         0,         0,   0.042,standalone_exact_mw,a08eb9916bd7e95ca8a954036fa5b6d2576fbe4960b891dec8536a92078ec5d6,"{""distance"":5,""physical_error_rate"":0.001}","{""detection_events"":3369,""detectors_checked"":917504}"
     12288,         0,         0,   0.075,standalone_exact_mw,a1776e816afac70014f11f56bcdb5c816a7707d7213b56760e86cab507e42ef3,"{""distance"":5,""physical_error_rate"":0.0001}","{""detection_events"":999,""detectors_checked"":2752512}"
      1296,         0,         0,   0.028,standalone_exact_mw,82cde5da083f9d53e67262bb98cd5aaa35303847977efb0685bd0a8870fdc07b,"{""distance"":5,""physical_error_rate"":0.002}","{""detection_events"":2156,""detectors_checked"":290304}"
      1024,         0,         0,   0.027,standalone_exact_mw,82cde5da083f9d53e67262bb98cd5aaa35303847977efb0685bd0a8870fdc07b,"{""distance"":5,""physical_error_rate"":0.002}","{""detection_events"":1656,""detectors_checked"":229376}"
      9216,         0,         0,   0.054,standalone_exact_mw,da1b05328a50158d3ddc50a94fd8dc063895f28eb3c937e1bf932a9499513bc0,"{""distance"":5,""physical_error_rate"":5e-05}","{""detection_events"":351,""detectors_checked"":2064384}"
         1,         0,         0,   0.001,standalone_exact_mw,2222fd48ffc99c074beed89df8eb5cc98fa8d5ea3fc0ef340218310f146ac856,"{""distance"":5,""physical_error_rate"":0.01}","{""detection_events"":9,""detectors_checked"":224}"
      6144,         0,         0,   0.059,standalone_exact_mw,a08eb9916bd7e95ca8a954036fa5b6d2576fbe4960b891dec8536a92078ec5d6,"{""distance"":5,""physical_error_rate"":0.001}","{""detection_events"":5173,""detectors_checked"":1376256}"
         1,         0,         0,   0.003,standalone_exact_mw,fe716bba07e47e753615761fca5bd6bfa1c7f1b5a969d8468cc2b3cf2319a54f,"{""distance"":5,""physical_error_rate"":0.1}","{""detection_events"":45,""detectors_checked"":224}"
         1,         1,         0,   0.003,standalone_exact_mw,1525e016f10ae3b72a2a320790de10f0e155bf4503e2c570a159c686d115d952,"{""distance"":5,""physical_error_rate"":0.2}","{""detection_events"":80,""detectors_checked"":224,""obs_mistake_mask=E"":1}"
      1024,         0,         0,   0.029,standalone_exact_mw,82cde5da083f9d53e67262bb98cd5aaa35303847977efb0685bd0a8870fdc07b,"{""distance"":5,""physical_error_rate"":0.002}","{""detection_events"":1742,""detectors_checked"":229376}"
         1,         0,         0,   0.003,standalone_exact_mw,8d62d696502520a4205321baeffc0ef8012c612a1e90d1f0cdd556a0b654afea,"{""distance"":5,""physical_error_rate"":0.5}","{""detection_events"":106,""detectors_checked"":224}"
         1,         1,         0,   0.015,standalone_exact_mw,1525e016f10ae3b72a2a320790de10f0e155bf4503e2c570a159c686d115d952,"{""distance"":5,""physical_error_rate"":0.2}","{""detection_events"":67,""detectors_checked"":224,""obs_mistake_mask=E"":1}"
      8192,         0,         0,   0.106,standalone_exact_mw,72c27de2ebec78bb62b76c65eff3f0cc2d8f7d8d48378a61f4d3abf36bf8e189,"{""distance"":5,""physical_error_rate"":0.0002}","{""detection_events"":1463,""detectors_checked"":1835008}"
         1,         0,         0,   0.011,standalone_exact_mw,2222fd48ffc99c074beed89df8eb5cc98fa8d5ea3fc0ef340218310f146ac856,"{""distance"":5,""physical_error_rate"":0.01}","{""detection_events"":13,""detectors_checked"":224}"
         1,         0,         0,   0.013,standalone_exact_mw,82cde5da083f9d53e67262bb98cd5aaa35303847977efb0685bd0a8870fdc07b,"{""distance"":5,""physical_error_rate"":0.002}","{""detectors_checked"":224}"
         1,         0,         0,   0.001,standalone_exact_mw,a1776e816afac70014f11f56bcdb5c816a7707d7213b56760e86cab507e42ef3,"{""distance"":5,""physical_error_rate"":0.0001}","{""detection_events"":2,""detectors_checked"":224}"
      1297,         0,         0,   0.012,standalone_exact_mw,72c27de2ebec78bb62b76c65eff3f0cc2d8f7d8d48378a61f4d3abf36bf8e189,"{""distance"":5,""physical_error_rate"":0.0002}","{""detection_events"":233,""detectors_checked"":290528}"
       272,         1,         0,   0.055,standalone_exact_mw,2222fd48ffc99c074beed89df8eb5cc98fa8d5ea3fc0ef340218310f146ac856,"{""distance"":5,""physical_error_rate"":0.01}","{""detection_events"":2133,""detectors_checked"":60928,""obs_mistake_mask=E"":1}"
     14336,         0,         0,   0.112,standalone_exact_mw,e5b1593c0e383368e36e36cad39a29f258d2f8e653c88d1b733626fe43257e38,"{""distance"":5,""physical_error_rate"":0.0005}","{""detection_events"":5574,""detectors_checked"":3211264}"
     17408,         0,         0,   0.107,standalone_exact_mw,a1776e816afac70014f11f56bcdb5c816a7707d7213b56760e86cab507e42ef3,"{""distance"":5,""physical_error_rate"":0.0001}","{""detection_events"":1550,""detectors_checked"":3899392}"
        16,         5,         0,   0.038,standalone_exact_mw,fe716bba07e47e753615761fca5bd6bfa1c7f1b5a969d8468cc2b3cf2319a54f,"{""distance"":5,""physical_error_rate"":0.1}","{""detection_events"":870,""detectors_checked"":3584,""obs_mistake_mask=E"":5}"
      1297,         0,         0,   0.027,standalone_exact_mw,a08eb9916bd7e95ca8a954036fa5b6d2576fbe4960b891dec8536a92078ec5d6,"{""distance"":5,""physical_error_rate"":0.001}","{""detection_events"":988,""detectors_checked"":290528}"
      1297,         0,         0,   0.026,standalone_exact_mw,e5b1593c0e383368e36e36cad39a29f258d2f8e653c88d1b733626fe43257e38,"{""distance"":5,""physical_error_rate"":0.0005}","{""detection_events"":503,""detectors_checked"":290528}"
         1,         0,         0,   0.015,standalone_exact_mw,da1b05328a50158d3ddc50a94fd8dc063895f28eb3c937e1bf932a9499513bc0,"{""distance"":5,""physical_error_rate"":5e-05}","{""detectors_checked"":224}"
       272,         1,         0,   0.032,standalone_exact_mw,2222fd48ffc99c074beed89df8eb5cc98fa8d5ea3fc0ef340218310f146ac856,"{""distance"":5,""physical_error_rate"":0.01}","{""detection_events"":2322,""detectors_checked"":60928,""obs_mistake_mask=E"":1}"
        16,        11,         0,   0.046,standalone_exact_mw,8d62d696502520a4205321baeffc0ef8012c612a1e90d1f0cdd556a0b654afea,"{""distance"":5,""physical_error_rate"":0.5}","{""detection_events"":1608,""detectors_checked"":3584,""obs_mistake_mask=E"":11}"
      2320,         0,         0,   0.020,standalone_exact_mw,a1776e816afac70014f11f56bcdb5c816a7707d7213b56760e86cab507e42ef3,"{""distance"":5,""physical_error_rate"":0.0001}","{""detection_events"":174,""detectors_checked"":519680}"
     13312,         0,         0,   0.078,standalone_exact_mw,da1b05328a50158d3ddc50a94fd8dc063895f28eb3c937e1bf932a9499513bc0,"{""distance"":5,""physical_error_rate"":5e-05}","{""detection_events"":568,""detectors_checked"":2981888}"
         1,         0,         0,   0.002,standalone_exact_mw,fe716bba07e47e753615761fca5bd6bfa1c7f1b5a969d8468cc2b3cf2319a54f,"{""distance"":5,""physical_error_rate"":0.1}","{""detection_events"":44,""detectors_checked"":224}"
        16,         9,         0,   0.063,standalone_exact_mw,1525e016f10ae3b72a2a320790de10f0e155bf4503e2c570a159c686d115d952,"{""distance"":5,""physical_error_rate"":0.2}","{""detection_events"":1233,""detectors_checked"":3584,""obs_mistake_mask=E"":9}"
      1024,         0,         0,   0.007,standalone_exact_mw,72c27de2ebec78bb62b76c65eff3f0cc2d8f7d8d48378a61f4d3abf36bf8e189,"{""distance"":5,""physical_error_rate"":0.0002}","{""detection_events"":199,""detectors_checked"":229376}"
      1296,         0,         0,   0.043,standalone_exact_mw,82cde5da083f9d53e67262bb98cd5aaa35303847977efb0685bd0a8870fdc07b,"{""distance"":5,""physical_error_rate"":0.002}","{""detection_events"":2051,""detectors_checked"":290304}"
      1024,         0,         0,   0.006,standalone_exact_mw,a1776e816afac70014f11f56bcdb5c816a7707d7213b56760e86cab507e42ef3,"{""distance"":5,""physical_error_rate"":0.0001}","{""detection_events"":81,""detectors_checked"":229376}"
      1024,         0,         0,   0.007,standalone_exact_mw,72c27de2ebec78bb62b76c65eff3f0cc2d8f7d8d48378a61f4d3abf36bf8e189,"{""distance"":5,""physical_error_rate"":0.0002}","{""detection_events"":191,""detectors_checked"":229376}"
      4096,         0,         0,   0.073,standalone_exact_mw,a08eb9916bd7e95ca8a954036fa5b6d2576fbe4960b891dec8536a92078ec5d6,"{""distance"":5,""physical_error_rate"":0.001}","{""detection_events"":3321,""detectors_checked"":917504}"
      2048,         0,         0,   0.027,standalone_exact_mw,e5b1593c0e383368e36e36cad39a29f258d2f8e653c88d1b733626fe43257e38,"{""distance"":5,""physical_error_rate"":0.0005}","{""detection_events"":808,""detectors_checked"":458752}"
      2048,         0,         0,   0.053,standalone_exact_mw,82cde5da083f9d53e67262bb98cd5aaa35303847977efb0685bd0a8870fdc07b,"{""distance"":5,""physical_error_rate"":0.002}","{""detection_events"":3368,""detectors_checked"":458752}"
      1296,         0,         0,   0.008,standalone_exact_mw,da1b05328a50158d3ddc50a94fd8dc063895f28eb3c937e1bf932a9499513bc0,"{""distance"":5,""physical_error_rate"":5e-05}","{""detection_events"":66,""detectors_checked"":290304}"
         1,         0,         0,   0.001,standalone_exact_mw,a1776e816afac70014f11f56bcdb5c816a7707d7213b56760e86cab507e42ef3,"{""distance"":5,""physical_error_rate"":0.0001}","{""detectors_checked"":224}"
      2048,         0,         0,   0.026,standalone_exact_mw,a08eb9916bd7e95ca8a954036fa5b6d2576fbe4960b891dec8536a92078ec5d6,"{""distance"":5,""physical_error_rate"":0.001}","{""detection_events"":1630,""detectors_checked"":458752}"
         1,         0,         0,   0.001,standalone_exact_mw,72c27de2ebec78bb62b76c65eff3f0cc2d8f7d8d48378a61f4d3abf36bf8e189,"{""distance"":5,""physical_error_rate"":0.0002}","{""detectors_checked"":224}"
        16,         7,         0,   0.056,standalone_exact_mw,1525e016f10ae3b72a2a320790de10f0e155bf4503e2c570a159c686d115d952,"{""distance"":5,""physical_error_rate"":0.2}","{""detection_events"":1281,""detectors_checked"":3584,""obs_mistake_mask=E"":7}"
      1024,         0,         0,   0.006,standalone_exact_mw,da1b05328a50158d3ddc50a94fd8dc063895f28eb3c937e1bf932a9499513bc0,"{""distance"":5,""physical_error_rate"":5e-05}","{""detection_events"":34,""detectors_checked"":229376}"
         1,         0,         0,   0.016,standalone_exact_mw,82cde5da083f9d53e67262bb98cd5aaa35303847977efb0685bd0a8870fdc07b,"{""distance"":5,""physical_error_rate"":0.002}","{""detectors_checked"":224}"
         1,         0,         0,   0.009,standalone_exact_mw,cc95771e0bd58ea6a89c22fb016f20b51e176746ec2b43c37416d9fe9b0eecfa,"{""distance"":5,""physical_error_rate"":0.005}","{""detection_events"":5,""detectors_checked"":224}"
      1024,         0,         0,   0.010,standalone_exact_mw,a08eb9916bd7e95ca8a954036fa5b6d2576fbe4960b891dec8536a92078ec5d6,"{""distance"":5,""physical_error_rate"":0.001}","{""detection_events"":861,""detectors_checked"":229376}"
      1297,         0,         0,   0.013,standalone_exact_mw,e5b1593c0e383368e36e36cad39a29f258d2f8e653c88d1b733626fe43257e38,"{""distance"":5,""physical_error_rate"":0.0005}","{""detection_events"":467,""detectors_checked"":290528}"
      3072,         0,         0,   0.032,standalone_exact_mw,a1776e816afac70014f11f56bcdb5c816a7707d7213b56760e86cab507e42ef3,"{""distance"":5,""physical_error_rate"":0.0001}","{""detection_events"":284,""detectors_checked"":688128}"
      1024,         0,         0,   0.031,standalone_exact_mw,82cde5da083f9d53e67262bb98cd5aaa35303847977efb0685bd0a8870fdc07b,"{""distance"":5,""physical_error_rate"":0.002}","{""detection_events"":1556,""detectors_checked"":229376}"
      1297,         0,         0,   0.039,standalone_exact_mw,da1b05328a50158d3ddc50a94fd8dc063895f28eb3c937e1bf932a9499513bc0,"{""distance"":5,""physical_error_rate"":5e-05}","{""detection_events"":48,""detectors_checked"":290528}"
      2048,         0,         0,   0.029,standalone_exact_mw,e5b1593c0e383368e36e36cad39a29f258d2f8e653c88d1b733626fe43257e38,"{""distance"":5,""physical_error_rate"":0.0005}","{""detection_events"":819,""detectors_checked"":458752}"
      1296,         0,         0,   0.023,standalone_exact_mw,72c27de2ebec78bb62b76c65eff3f0cc2d8f7d8d48378a61f4d3abf36bf8e189,"{""distance"":5,""physical_error_rate"":0.0002}","{""detection_events"":186,""detectors_checked"":290304}"
        16,         3,         0,   0.038,standalone_exact_mw,fe716bba07e47e753615761fca5bd6bfa1c7f1b5a969d8468cc2b3cf2319a54f,"{""distance"":5,""physical_error_rate"":0.1}","{""detection_events"":868,""detectors_checked"":3584,""obs_mistake_mask=E"":3}"
      1024,         0,         0,   0.008,standalone_exact_mw,e5b1593c0e383368e36e36cad39a29f258d2f8e653c88d1b733626fe43257e38,"{""distance"":5,""physical_error_rate"":0.0005}","{""detection_events"":356,""detectors_checked"":229376}"
      2048,         0,         0,   0.041,standalone_exact_mw,72c27de2ebec78bb62b76c65eff3f0cc2d8f7d8d48378a61f4d3abf36bf8e189,"{""distance"":5,""physical_error_rate"":0.0002}","{""detection_events"":379,""detectors_checked"":458752}"
      2320,         0,         0,   0.024,standalone_exact_mw,a1776e816afac70014f11f56bcdb5c816a7707d7213b56760e86cab507e42ef3,"{""distance"":5,""physical_error_rate"":0.0001}","{""detection_events"":183,""detectors_checked"":519680}"
       272,         0,         0,   0.016,standalone_exact_mw,cc95771e0bd58ea6a89c22fb016f20b51e176746ec2b43c37416d9fe9b0eecfa,"{""distance"":5,""physical_error_rate"":0.005}","{""detection_events"":1064,""detectors_checked"":60928}"
      1024,         0,         0,   0.006,standalone_exact_mw,a1776e816afac70014f11f56bcdb5c816a7707d7213b56760e86cab507e42ef3,"{""distance"":5,""physical_error_rate"":0.0001}","{""detection_events"":89,""detectors_checked"":229376}"
      1296,         0,         0,   0.040,standalone_exact_mw,82cde5da083f9d53e67262bb98cd5aaa35303847977efb0685bd0a8870fdc07b,"{""distance"":5,""physical_error_rate"":0.002}","{""detection_events"":2129,""detectors_checked"":290304}"
      2048,         0,         0,   0.056,standalone_exact_mw,82cde5da083f9d53e67262bb98cd5aaa35303847977efb0685bd0a8870fdc07b,"{""distance"":5,""physical_error_rate"":0.002}","{""detection_events"":3361,""detectors_checked"":458752}"
      2048,         0,         0,   0.048,standalone_exact_mw,da1b05328a50158d3ddc50a94fd8dc063895f28eb3c937e1bf932a9499513bc0,"{""distance"":5,""physical_error_rate"":5e-05}","{""detection_events"":118,""detectors_checked"":458752}"
      1024,         0,         0,   0.027,standalone_exact_mw,da1b05328a50158d3ddc50a94fd8dc063895f28eb3c937e1bf932a9499513bc0,"{""distance"":5,""physical_error_rate"":5e-05}","{""detection_events"":50,""detectors_checked"":229376}"
      2048,         0,         0,   0.029,standalone_exact_mw,e5b1593c0e383368e36e36cad39a29f258d2f8e653c88d1b733626fe43257e38,"{""distance"":5,""physical_error_rate"":0.0005}","{""detection_events"":768,""detectors_checked"":458752}"
      2048,         0,         0,   0.024,standalone_exact_mw,e5b1593c0e383368e36e36cad39a29f258d2f8e653c88d1b733626fe43257e38,"{""distance"":5,""physical_error_rate"":0.0005}","{""detection_events"":756,""detectors_checked"":458752}"
      2048,         0,         0,   0.047,standalone_exact_mw,a08eb9916bd7e95ca8a954036fa5b6d2576fbe4960b891dec8536a92078ec5d6,"{""distance"":5,""physical_error_rate"":0.001}","{""detection_events"":1783,""detectors_checked"":458752}"
      2048,         0,         0,   0.034,standalone_exact_mw,72c27de2ebec78bb62b76c65eff3f0cc2d8f7d8d48378a61f4d3abf36bf8e189,"{""distance"":5,""physical_error_rate"":0.0002}","{""detection_events"":351,""detectors_checked"":458752}"
      1024,         0,         0,   0.026,standalone_exact_mw,82cde5da083f9d53e67262bb98cd5aaa35303847977efb0685bd0a8870fdc07b,"{""distance"":5,""physical_error_rate"":0.002}","{""detection_events"":1648,""detectors_checked"":229376}"
       256,        27,         0,   0.333,standalone_exact_mw,55247ead609f7a81f68de1baef512098855a39f2e1c761272d065411e4c998b3,"{""distance"":5,""physical_error_rate"":0.05}","{""detection_events"":8477,""detectors_checked"":57344,""obs_mistake_mask=E"":27}"
      1024,         0,         0,   0.046,standalone_exact_mw,82cde5da083f9d53e67262bb98cd5aaa35303847977efb0685bd0a8870fdc07b,"{""distance"":5,""physical_error_rate"":0.002}","{""detection_events"":1627,""detectors_checked"":229376}"
      3072,         0,         0,   0.031,standalone_exact_mw,a1776e816afac70014f11f56bcdb5c816a7707d7213b56760e86cab507e42ef3,"{""distance"":5,""physical_error_rate"":0.0001}","{""detection_events"":224,""detectors_checked"":688128}"
     20480,         0,         0,   0.147,standalone_exact_mw,72c27de2ebec78bb62b76c65eff3f0cc2d8f7d8d48378a61f4d3abf36bf8e189,"{""distance"":5,""physical_error_rate"":0.0002}","{""detection_events"":3217,""detectors_checked"":4587520}"
      2048,         0,         0,   0.040,standalone_exact_mw,a1776e816afac70014f11f56bcdb5c816a7707d7213b56760e86cab507e42ef3,"{""distance"":5,""physical_error_rate"":0.0001}","{""detection_events"":139,""detectors_checked"":458752}"
      2048,         0,         0,   0.030,standalone_exact_mw,da1b05328a50158d3ddc50a94fd8dc063895f28eb3c937e1bf932a9499513bc0,"{""distance"":5,""physical_error_rate"":5e-05}","{""detection_events"":94,""detectors_checked"":458752}"
      1024,         6,         0,   0.341,standalone_exact_mw,de6a295f210c83b37b518258a443dfad0a769b8b8d4d527e6134d1d534ff1ab2,"{""distance"":5,""physical_error_rate"":0.02}","{""detection_events"":15259,""detectors_checked"":229376,""obs_mistake_mask=E"":6}"
      3072,         0,         0,   0.056,standalone_exact_mw,72c27de2ebec78bb62b76c65eff3f0cc2d8f7d8d48378a61f4d3abf36bf8e189,"{""distance"":5,""physical_error_rate"":0.0002}","{""detection_events"":506,""detectors_checked"":688128}"
      9216,         0,         0,   0.106,standalone_exact_mw,da1b05328a50158d3ddc50a94fd8dc063895f28eb3c937e1bf932a9499513bc0,"{""distance"":5,""physical_error_rate"":5e-05}","{""detection_events"":360,""detectors_checked"":2064384}"
      2048,         0,         0,   0.042,standalone_exact_mw,e5b1593c0e383368e36e36cad39a29f258d2f8e653c88d1b733626fe43257e38,"{""distance"":5,""physical_error_rate"":0.0005}","{""detection_events"":730,""detectors_checked"":458752}"
      1024,         0,         0,   0.028,standalone_exact_mw,82cde5da083f9d53e67262bb98cd5aaa35303847977efb0685bd0a8870fdc07b,"{""distance"":5,""physical_error_rate"":0.002}","{""detection_events"":1707,""detectors_checked"":229376}"
     18432,         0,         0,   0.148,standalone_exact_mw,e5b1593c0e383368e36e36cad39a29f258d2f8e653c88d1b733626fe43257e38,"{""distance"":5,""physical_error_rate"":0.0005}","{""detection_events"":7559,""detectors_checked"":4128768}"
      1024,         1,         0,   0.063,standalone_exact_mw,cc95771e0bd58ea6a89c22fb016f20b51e176746ec2b43c37416d9fe9b0eecfa,"{""distance"":5,""physical_error_rate"":0.005}","{""detection_events"":4224,""detectors_checked"":229376,""obs_mistake_mask=E"":1}"
     24576,         0,         0,   0.150,standalone_exact_mw,a1776e816afac70014f11f56bcdb5c816a7707d7213b56760e86cab507e42ef3,"{""distance"":5,""physical_error_rate"":0.0001}","{""detection_events"":1909,""detectors_checked"":5505024}"
      3072,         0,         0,   0.054,standalone_exact_mw,da1b05328a50158d3ddc50a94fd8dc063895f28eb3c937e1bf932a9499513bc0,"{""distance"":5,""physical_error_rate"":5e-05}","{""detection_events"":139,""detectors_checked"":688128}"
      3072,         0,         0,   0.050,standalone_exact_mw,e5b1593c0e383368e36e36cad39a29f258d2f8e653c88d1b733626fe43257e38,"{""distance"":5,""physical_error_rate"":0.0005}","{""detection_events"":1316,""detectors_checked"":688128}"
      2048,         0,         0,   0.045,standalone_exact_mw,72c27de2ebec78bb62b76c65eff3f0cc2d8f7d8d48378a61f4d3abf36bf8e189,"{""distance"":5,""physical_error_rate"":0.0002}","{""detection_events"":327,""detectors_checked"":458752}"
      3072,         0,         0,   0.055,standalone_exact_mw,a08eb9916bd7e95ca8a954036fa5b6d2576fbe4960b891dec8536a92078ec5d6,"{""distance"":5,""physical_error_rate"":0.001}","{""detection_events"":2507,""detectors_checked"":688128}"
       256,        28,         0,   0.405,standalone_exact_mw,55247ead609f7a81f68de1baef512098855a39f2e1c761272d065411e4c998b3,"{""distance"":5,""physical_error_rate"":0.05}","{""detection_events"":8454,""detectors_checked"":57344,""obs_mistake_mask=E"":28}"
      1024,         0,         0,   0.047,standalone_exact_mw,82cde5da083f9d53e67262bb98cd5aaa35303847977efb0685bd0a8870fdc07b,"{""distance"":5,""physical_error_rate"":0.002}","{""detection_events"":1608,""detectors_checked"":229376}"
      6144,         0,         0,   0.133,standalone_exact_mw,a08eb9916bd7e95ca8a954036fa5b6d2576fbe4960b891dec8536a92078ec5d6,"{""distance"":5,""physical_error_rate"":0.001}","{""detection_events"":4890,""detectors_checked"":1376256}"
      5120,         0,         0,   0.057,standalone_exact_mw,a1776e816afac70014f11f56bcdb5c816a7707d7213b56760e86cab507e42ef3,"{""distance"":5,""physical_error_rate"":0.0001}","{""detection_events"":451,""detectors_checked"":1146880}"
         1,         0,         0,   0.001,standalone_exact_mw,cc95771e0bd58ea6a89c22fb016f20b51e176746ec2b43c37416d9fe9b0eecfa,"{""distance"":5,""physical_error_rate"":0.005}","{""detection_events"":4,""detectors_checked"":224}"
      3072,         0,         0,   0.082,standalone_exact_mw,82cde5da083f9d53e67262bb98cd5aaa35303847977efb0685bd0a8870fdc07b,"{""distance"":5,""physical_error_rate"":0.002}","{""detection_events"":5073,""detectors_checked"":688128}"
      3072,         0,         0,   0.055,standalone_exact_mw,a1776e816afac70014f11f56bcdb5c816a7707d7213b56760e86cab507e42ef3,"{""distance"":5,""physical_error_rate"":0.0001}","{""detection_events"":238,""detectors_checked"":688128}"
      1024,         2,         0,   0.167,standalone_exact_mw,2222fd48ffc99c074beed89df8eb5cc98fa8d5ea3fc0ef340218310f146ac856,"{""distance"":5,""physical_error_rate"":0.01}","{""detection_events"":7903,""detectors_checked"":229376,""obs_mistake_mask=E"":2}"
         1,         0,         0,   0.013,standalone_exact_mw,de6a295f210c83b37b518258a443dfad0a769b8b8d4d527e6134d1d534ff1ab2,"{""distance"":5,""physical_error_rate"":0.02}","{""detection_events"":23,""detectors_checked"":224}"
      3072,         0,         0,   0.062,standalone_exact_mw,da1b05328a50158d3ddc50a94fd8dc063895f28eb3c937e1bf932a9499513bc0,"{""distance"":5,""physical_error_rate"":5e-05}","{""detection_events"":167,""detectors_checked"":688128}"
      2048,         0,         0,   0.062,standalone_exact_mw,82cde5da083f9d53e67262bb98cd5aaa35303847977efb0685bd0a8870fdc07b,"{""distance"":5,""physical_error_rate"":0.002}","{""detection_events"":3231,""detectors_checked"":458752}"
      4096,         0,         0,   0.060,standalone_exact_mw,da1b05328a50158d3ddc50a94fd8dc063895f28eb3c937e1bf932a9499513bc0,"{""distance"":5,""physical_error_rate"":5e-05}","{""detection_events"":163,""detectors_checked"":917504}"
      4096,         0,         0,   0.050,standalone_exact_mw,72c27de2ebec78bb62b76c65eff3f0cc2d8f7d8d48378a61f4d3abf36bf8e189,"{""distance"":5,""physical_error_rate"":0.0002}","{""detection_events"":650,""detectors_checked"":917504}"
      4096,         0,         0,   0.071,standalone_exact_mw,e5b1593c0e383368e36e36cad39a29f258d2f8e653c88d1b733626fe43257e38,"{""distance"":5,""physical_error_rate"":0.0005}","{""detection_events"":1685,""detectors_checked"":917504}"
      3072,         0,         0,   0.070,standalone_exact_mw,72c27de2ebec78bb62b76c65eff3f0cc2d8f7d8d48378a61f4d3abf36bf8e189,"{""distance"":5,""physical_error_rate"":0.0002}","{""detection_events"":479,""detectors_checked"":688128}"
      2048,         0,         0,   0.060,standalone_exact_mw,a08eb9916bd7e95ca8a954036fa5b6d2576fbe4960b891dec8536a92078ec5d6,"{""distance"":5,""physical_error_rate"":0.001}","{""detection_events"":1724,""detectors_checked"":458752}"
      4096,         0,         0,   0.056,standalone_exact_mw,e5b1593c0e383368e36e36cad39a29f258d2f8e653c88d1b733626fe43257e38,"{""distance"":5,""physical_error_rate"":0.0005}","{""detection_events"":1734,""detectors_checked"":917504}"
         1,         0,         0,   0.001,standalone_exact_mw,a08eb9916bd7e95ca8a954036fa5b6d2576fbe4960b891dec8536a92078ec5d6,"{""distance"":5,""physical_error_rate"":0.001}","{""detectors_checked"":224}"
       128,        59,         0,   0.371,standalone_exact_mw,8d62d696502520a4205321baeffc0ef8012c612a1e90d1f0cdd556a0b654afea,"{""distance"":5,""physical_error_rate"":0.5}","{""detection_events"":13161,""detectors_checked"":28672,""obs_mistake_mask=E"":59}"
      1024,         0,         0,   0.057,standalone_exact_mw,cc95771e0bd58ea6a89c22fb016f20b51e176746ec2b43c37416d9fe9b0eecfa,"{""distance"":5,""physical_error_rate"":0.005}","{""detection_events"":4109,""detectors_checked"":229376}"
      2048,         0,         0,   0.077,standalone_exact_mw,82cde5da083f9d53e67262bb98cd5aaa35303847977efb0685bd0a8870fdc07b,"{""distance"":5,""physical_error_rate"":0.002}","{""detection_events"":3264,""detectors_checked"":458752}"
      1296,         0,         0,   0.025,standalone_exact_mw,a08eb9916bd7e95ca8a954036fa5b6d2576fbe4960b891dec8536a92078ec5d6,"{""distance"":5,""physical_error_rate"":0.001}","{""detection_events"":1003,""detectors_checked"":290304}"
      3072,         0,         0,   0.057,standalone_exact_mw,da1b05328a50158d3ddc50a94fd8dc063895f28eb3c937e1bf932a9499513bc0,"{""distance"":5,""physical_error_rate"":5e-05}","{""detection_events"":121,""detectors_checked"":688128}"
      5120,         0,         0,   0.069,standalone_exact_mw,a1776e816afac70014f11f56bcdb5c816a7707d7213b56760e86cab507e42ef3,"{""distance"":5,""physical_error_rate"":0.0001}","{""detection_events"":408,""detectors_checked"":1146880}"
      1296,         0,         0,   0.085,standalone_exact_mw,cc95771e0bd58ea6a89c22fb016f20b51e176746ec2b43c37416d9fe9b0eecfa,"{""distance"":5,""physical_error_rate"":0.005}","{""detection_events"":5186,""detectors_checked"":290304}"
      2048,         0,         0,   0.056,standalone_exact_mw,82cde5da083f9d53e67262bb98cd5aaa35303847977efb0685bd0a8870fdc07b,"{""distance"":5,""physical_error_rate"":0.002}","{""detection_events"":3291,""detectors_checked"":458752}"
      3072,         0,         0,   0.055,standalone_exact_mw,72c27de2ebec78bb62b76c65eff3f0cc2d8f7d8d48378a61f4d3abf36bf8e189,"{""distance"":5,""physical_error_rate"":0.0002}","{""detection_events"":434,""detectors_checked"":688128}"
      6144,         0,         0,   0.091,standalone_exact_mw,a1776e816afac70014f11f56bcdb5c816a7707d7213b56760e86cab507e42ef3,"{""distance"":5,""physical_error_rate"":0.0001}","{""detection_events"":487,""detectors_checked"":1376256}"
      4096,         0,         0,   0.057,standalone_exact_mw,e5b1593c0e383368e36e36cad39a29f258d2f8e653c88d1b733626fe43257e38,"{""distance"":5,""physical_error_rate"":0.0005}","{""detection_events"":1652,""detectors_checked"":917504}"
      1024,         0,         0,   0.028,standalone_exact_mw,a08eb9916bd7e95ca8a954036fa5b6d2576fbe4960b891dec8536a92078ec5d6,"{""distance"":5,""physical_error_rate"":0.001}","{""detection_events"":788,""detectors_checked"":229376}"
      1024,         0,         0,   0.060,standalone_exact_mw,cc95771e0bd58ea6a89c22fb016f20b51e176746ec2b43c37416d9fe9b0eecfa,"{""distance"":5,""physical_error_rate"":0.005}","{""detection_events"":4029,""detectors_checked"":229376}"
     21504,         0,         0,   0.152,standalone_exact_mw,da1b05328a50158d3ddc50a94fd8dc063895f28eb3c937e1bf932a9499513bc0,"{""distance"":5,""physical_error_rate"":5e-05}","{""detection_events"":881,""detectors_checked"":4816896}"
      7168,         0,         0,   0.081,standalone_exact_mw,da1b05328a50158d3ddc50a94fd8dc063895f28eb3c937e1bf932a9499513bc0,"{""distance"":5,""physical_error_rate"":5e-05}","{""detection_events"":284,""detectors_checked"":1605632}"
      1024,         0,         0,   0.297,standalone_exact_mw,2222fd48ffc99c074beed89df8eb5cc98fa8d5ea3fc0ef340218310f146ac856,"{""distance"":5,""physical_error_rate"":0.01}","{""detection_events"":7901,""detectors_checked"":229376}"
      5120,         0,         0,   0.079,standalone_exact_mw,e5b1593c0e383368e36e36cad39a29f258d2f8e653c88d1b733626fe43257e38,"{""distance"":5,""physical_error_rate"":0.0005}","{""detection_events"":2065,""detectors_checked"":1146880}"
      4096,         0,         0,   0.086,standalone_exact_mw,a08eb9916bd7e95ca8a954036fa5b6d2576fbe4960b891dec8536a92078ec5d6,"{""distance"":5,""physical_error_rate"":0.001}","{""detection_events"":3308,""detectors_checked"":917504}"
       128,        73,         0,   0.275,standalone_exact_mw,1525e016f10ae3b72a2a320790de10f0e155bf4503e2c570a159c686d115d952,"{""distance"":5,""physical_error_rate"":0.2}","{""detection_events"":10060,""detectors_checked"":28672,""obs_mistake_mask=E"":73}"
      4096,         0,         0,   0.080,standalone_exact_mw,72c27de2ebec78bb62b76c65eff3f0cc2d8f7d8d48378a61f4d3abf36bf8e189,"{""distance"":5,""physical_error_rate"":0.0002}","{""detection_events"":605,""detectors_checked"":917504}"
      5120,         0,         0,   0.140,standalone_exact_mw,82cde5da083f9d53e67262bb98cd5aaa35303847977efb0685bd0a8870fdc07b,"{""distance"":5,""physical_error_rate"":0.002}","{""detection_events"":8379,""detectors_checked"":1146880}"
      5120,         0,         0,   0.057,standalone_exact_mw,da1b05328a50158d3ddc50a94fd8dc063895f28eb3c937e1bf932a9499513bc0,"{""distance"":5,""physical_error_rate"":5e-05}","{""detection_events"":189,""detectors_checked"":1146880}"
      3072,         0,         0,   0.082,standalone_exact_mw,82cde5da083f9d53e67262bb98cd5aaa35303847977efb0685bd0a8870fdc07b,"{""distance"":5,""physical_error_rate"":0.002}","{""detection_events"":5111,""detectors_checked"":688128}"
      1024,         0,         0,   0.062,standalone_exact_mw,cc95771e0bd58ea6a89c22fb016f20b51e176746ec2b43c37416d9fe9b0eecfa,"{""distance"":5,""physical_error_rate"":0.005}","{""detection_events"":4015,""detectors_checked"":229376}"
      8192,         0,         0,   0.155,standalone_exact_mw,a08eb9916bd7e95ca8a954036fa5b6d2576fbe4960b891dec8536a92078ec5d6,"{""distance"":5,""physical_error_rate"":0.001}","{""detection_events"":6555,""detectors_checked"":1835008}"
      2048,         0,         0,   0.048,standalone_exact_mw,a08eb9916bd7e95ca8a954036fa5b6d2576fbe4960b891dec8536a92078ec5d6,"{""distance"":5,""physical_error_rate"":0.001}","{""detection_events"":1580,""detectors_checked"":458752}"
     29696,         0,         0,   0.209,standalone_exact_mw,72c27de2ebec78bb62b76c65eff3f0cc2d8f7d8d48378a61f4d3abf36bf8e189,"{""distance"":5,""physical_error_rate"":0.0002}","{""detection_events"":4671,""detectors_checked"":6651904}"
      7168,         0,         0,   0.083,standalone_exact_mw,a1776e816afac70014f11f56bcdb5c816a7707d7213b56760e86cab507e42ef3,"{""distance"":5,""physical_error_rate"":0.0001}","{""detection_events"":578,""detectors_checked"":1605632}"
       272,         2,         0,   0.157,standalone_exact_mw,de6a295f210c83b37b518258a443dfad0a769b8b8d4d527e6134d1d534ff1ab2,"{""distance"":5,""physical_error_rate"":0.02}","{""detection_events"":3991,""detectors_checked"":60928,""obs_mistake_mask=E"":2}"
      5120,         0,         0,   0.079,standalone_exact_mw,e5b1593c0e383368e36e36cad39a29f258d2f8e653c88d1b733626fe43257e38,"{""distance"":5,""physical_error_rate"":0.0005}","{""detection_events"":2167,""detectors_checked"":1146880}"
     21504,         0,         0,   0.207,standalone_exact_mw,e5b1593c0e383368e36e36cad39a29f258d2f8e653c88d1b733626fe43257e38,"{""distance"":5,""physical_error_rate"":0.0005}","{""detection_events"":8727,""detectors_checked"":4816896}"
      3072,         0,         0,   0.088,standalone_exact_mw,82cde5da083f9d53e67262bb98cd5aaa35303847977efb0685bd0a8870fdc07b,"{""distance"":5,""physical_error_rate"":0.002}","{""detection_events"":5125,""detectors_checked"":688128}"
     31744,         0,         0,   0.206,standalone_exact_mw,a1776e816afac70014f11f56bcdb5c816a7707d7213b56760e86cab507e42ef3,"{""distance"":5,""physical_error_rate"":0.0001}","{""detection_events"":2571,""detectors_checked"":7110656}"
      6144,         0,         0,   0.080,standalone_exact_mw,72c27de2ebec78bb62b76c65eff3f0cc2d8f7d8d48378a61f4d3abf36bf8e189,"{""distance"":5,""physical_error_rate"":0.0002}","{""detection_events"":1009,""detectors_checked"":1376256}"
       128,        61,         0,   0.300,standalone_exact_mw,1525e016f10ae3b72a2a320790de10f0e155bf4503e2c570a159c686d115d952,"{""distance"":5,""physical_error_rate"":0.2}","{""detection_events"":10135,""detectors_checked"":28672,""obs_mistake_mask=E"":61}"
      1024,         0,         0,   0.064,standalone_exact_mw,cc95771e0bd58ea6a89c22fb016f20b51e176746ec2b43c37416d9fe9b0eecfa,"{""distance"":5,""physical_error_rate"":0.005}","{""detection_events"":4090,""detectors_checked"":229376}"
      1024,         2,         0,   0.180,standalone_exact_mw,2222fd48ffc99c074beed89df8eb5cc98fa8d5ea3fc0ef340218310f146ac856,"{""distance"":5,""physical_error_rate"":0.01}","{""detection_events"":7827,""detectors_checked"":229376,""obs_mistake_mask=E"":2}"
      9216,         0,         0,   0.108,standalone_exact_mw,a1776e816afac70014f11f56bcdb5c816a7707d7213b56760e86cab507e42ef3,"{""distance"":5,""physical_error_rate"":0.0001}","{""detection_events"":739,""detectors_checked"":2064384}"
      2048,         0,         0,   0.047,standalone_exact_mw,a08eb9916bd7e95ca8a954036fa5b6d2576fbe4960b891dec8536a92078ec5d6,"{""distance"":5,""physical_error_rate"":0.001}","{""detection_events"":1593,""detectors_checked"":458752}"
       128,        51,         0,   0.392,standalone_exact_mw,fe716bba07e47e753615761fca5bd6bfa1c7f1b5a969d8468cc2b3cf2319a54f,"{""distance"":5,""physical_error_rate"":0.1}","{""detection_events"":6914,""detectors_checked"":28672,""obs_mistake_mask=E"":51}"
      1024,         0,         0,   0.067,standalone_exact_mw,cc95771e0bd58ea6a89c22fb016f20b51e176746ec2b43c37416d9fe9b0eecfa,"{""distance"":5,""physical_error_rate"":0.005}","{""detection_events"":4038,""detectors_checked"":229376}"
      7168,         0,         0,   0.081,standalone_exact_mw,da1b05328a50158d3ddc50a94fd8dc063895f28eb3c937e1bf932a9499513bc0,"{""distance"":5,""physical_error_rate"":5e-05}","{""detection_events"":297,""detectors_checked"":1605632}"
      7168,         0,         0,   0.108,standalone_exact_mw,e5b1593c0e383368e36e36cad39a29f258d2f8e653c88d1b733626fe43257e38,"{""distance"":5,""physical_error_rate"":0.0005}","{""detection_events"":2776,""detectors_checked"":1605632}"
      7168,         0,         0,   0.111,standalone_exact_mw,da1b05328a50158d3ddc50a94fd8dc063895f28eb3c937e1bf932a9499513bc0,"{""distance"":5,""physical_error_rate"":5e-05}","{""detection_events"":266,""detectors_checked"":1605632}"
      6144,         0,         0,   0.112,standalone_exact_mw,a08eb9916bd7e95ca8a954036fa5b6d2576fbe4960b891dec8536a92078ec5d6,"{""distance"":5,""physical_error_rate"":0.001}","{""detection_events"":5077,""detectors_checked"":1376256}"
      6144,         0,         0,   0.112,standalone_exact_mw,72c27de2ebec78bb62b76c65eff3f0cc2d8f7d8d48378a61f4d3abf36bf8e189,"{""distance"":5,""physical_error_rate"":0.0002}","{""detection_events"":936,""detectors_checked"":1376256}"
       256,        24,         0,   0.261,standalone_exact_mw,55247ead609f7a81f68de1baef512098855a39f2e1c761272d065411e4c998b3,"{""distance"":5,""physical_error_rate"":0.05}","{""detection_events"":8562,""detectors_checked"":57344,""obs_mistake_mask=E"":24}"
      4096,         0,         0,   0.106,standalone_exact_mw,82cde5da083f9d53e67262bb98cd5aaa35303847977efb0685bd0a8870fdc07b,"{""distance"":5,""physical_error_rate"":0.002}","{""detection_events"":6410,""detectors_checked"":917504}"
      3072,         0,         0,   0.056,standalone_exact_mw,a08eb9916bd7e95ca8a954036fa5b6d2576fbe4960b891dec8536a92078ec5d6,"{""distance"":5,""physical_error_rate"":0.001}","{""detection_events"":2529,""detectors_checked"":688128}"
      1024,         0,         0,   0.057,standalone_exact_mw,cc95771e0bd58ea6a89c22fb016f20b51e176746ec2b43c37416d9fe9b0eecfa,"{""distance"":5,""physical_error_rate"":0.005}","{""detection_events"":4174,""detectors_checked"":229376}"
      9216,         0,         0,   0.109,standalone_exact_mw,a1776e816afac70014f11f56bcdb5c816a7707d7213b56760e86cab507e42ef3,"{""distance"":5,""physical_error_rate"":0.0001}","{""detection_events"":798,""detectors_checked"":2064384}"
      7168,         0,         0,   0.108,standalone_exact_mw,e5b1593c0e383368e36e36cad39a29f258d2f8e653c88d1b733626fe43257e38,"{""distance"":5,""physical_error_rate"":0.0005}","{""detection_events"":2886,""detectors_checked"":1605632}"
      8192,         0,         0,   0.106,standalone_exact_mw,72c27de2ebec78bb62b76c65eff3f0cc2d8f7d8d48378a61f4d3abf36bf8e189,"{""distance"":5,""physical_error_rate"":0.0002}","{""detection_events"":1352,""detectors_checked"":1835008}"
      4096,         0,         0,   0.122,standalone_exact_mw,82cde5da083f9d53e67262bb98cd5aaa35303847977efb0685bd0a8870fdc07b,"{""distance"":5,""physical_error_rate"":0.002}","{""detection_events"":6423,""detectors_checked"":917504}"
      5120,         0,         0,   0.166,standalone_exact_mw,82cde5da083f9d53e67262bb98cd5aaa35303847977efb0685bd0a8870fdc07b,"{""distance"":5,""physical_error_rate"":0.002}","{""detection_events"":8316,""detectors_checked"":1146880}"
      2048,         1,         0,   0.137,standalone_exact_mw,cc95771e0bd58ea6a89c22fb016f20b51e176746ec2b43c37416d9fe9b0eecfa,"{""distance"":5,""physical_error_rate"":0.005}","{""detection_events"":8433,""detectors_checked"":458752,""obs_mistake_mask=E"":1}"
     34816,         0,         0,   0.204,standalone_exact_mw,da1b05328a50158d3ddc50a94fd8dc063895f28eb3c937e1bf932a9499513bc0,"{""distance"":5,""physical_error_rate"":5e-05}","{""detection_events"":1422,""detectors_checked"":7798784}"
       128,        53,         0,   0.432,standalone_exact_mw,fe716bba07e47e753615761fca5bd6bfa1c7f1b5a969d8468cc2b3cf2319a54f,"{""distance"":5,""physical_error_rate"":0.1}","{""detection_events"":6981,""detectors_checked"":28672,""obs_mistake_mask=E"":53}"
      1024,         3,         0,   0.190,standalone_exact_mw,2222fd48ffc99c074beed89df8eb5cc98fa8d5ea3fc0ef340218310f146ac856,"{""distance"":5,""physical_error_rate"":0.01}","{""detection_events"":8070,""detectors_checked"":229376,""obs_mistake_mask=E"":3}"
      7168,         0,         0,   0.106,standalone_exact_mw,da1b05328a50158d3ddc50a94fd8dc063895f28eb3c937e1bf932a9499513bc0,"{""distance"":5,""physical_error_rate"":5e-05}","{""detection_events"":309,""detectors_checked"":1605632}"
      4096,         0,         0,   0.080,standalone_exact_mw,a08eb9916bd7e95ca8a954036fa5b6d2576fbe4960b891dec8536a92078ec5d6,"{""distance"":5,""physical_error_rate"":0.001}","{""detection_events"":3374,""detectors_checked"":917504}"
      1024,         1,         0,   0.061,standalone_exact_mw,cc95771e0bd58ea6a89c22fb016f20b51e176746ec2b43c37416d9fe9b0eecfa,"{""distance"":5,""physical_error_rate"":0.005}","{""detection_events"":4031,""detectors_checked"":229376,""obs_mistake_mask=E"":1}"
       256,        29,         0,   0.414,standalone_exact_mw,55247ead609f7a81f68de1baef512098855a39f2e1c761272d065411e4c998b3,"{""distance"":5,""physical_error_rate"":0.05}","{""detection_events"":8430,""detectors_checked"":57344,""obs_mistake_mask=E"":29}"
     12288,         0,         0,   0.152,standalone_exact_mw,a1776e816afac70014f11f56bcdb5c816a7707d7213b56760e86cab507e42ef3,"{""distance"":5,""physical_error_rate"":0.0001}","{""detection_events"":962,""detectors_checked"":2752512}"
       128,        61,         0,   0.508,standalone_exact_mw,8d62d696502520a4205321baeffc0ef8012c612a1e90d1f0cdd556a0b654afea,"{""distance"":5,""physical_error_rate"":0.5}","{""detection_events"":13047,""detectors_checked"":28672,""obs_mistake_mask=E"":61}"
     11264,         0,         0,   0.212,standalone_exact_mw,a08eb9916bd7e95ca8a954036fa5b6d2576fbe4960b891dec8536a92078ec5d6,"{""distance"":5,""physical_error_rate"":0.001}","{""detection_events"":8842,""detectors_checked"":2523136}"
      1024,         2,         0,   0.181,standalone_exact_mw,2222fd48ffc99c074beed89df8eb5cc98fa8d5ea3fc0ef340218310f146ac856,"{""distance"":5,""physical_error_rate"":0.01}","{""detection_events"":8058,""detectors_checked"":229376,""obs_mistake_mask=E"":2}"
      9216,         0,         0,   0.150,standalone_exact_mw,e5b1593c0e383368e36e36cad39a29f258d2f8e653c88d1b733626fe43257e38,"{""distance"":5,""physical_error_rate"":0.0005}","{""detection_events"":3825,""detectors_checked"":2064384}"
      7168,         0,         0,   0.148,standalone_exact_mw,a08eb9916bd7e95ca8a954036fa5b6d2576fbe4960b891dec8536a92078ec5d6,"{""distance"":5,""physical_error_rate"":0.001}","{""detection_events"":5718,""detectors_checked"":1605632}"
     13312,         0,         0,   0.156,standalone_exact_mw,da1b05328a50158d3ddc50a94fd8dc063895f28eb3c937e1bf932a9499513bc0,"{""distance"":5,""physical_error_rate"":5e-05}","{""detection_events"":516,""detectors_checked"":2981888}"
      5120,         0,         0,   0.135,standalone_exact_mw,82cde5da083f9d53e67262bb98cd5aaa35303847977efb0685bd0a8870fdc07b,"{""distance"":5,""physical_error_rate"":0.002}","{""detection_events"":8338,""detectors_checked"":1146880}"
     10240,         0,         0,   0.162,standalone_exact_mw,72c27de2ebec78bb62b76c65eff3f0cc2d8f7d8d48378a61f4d3abf36bf8e189,"{""distance"":5,""physical_error_rate"":0.0002}","{""detection_events"":1543,""detectors_checked"":2293760}"
     12288,         0,         0,   0.140,standalone_exact_mw,a1776e816afac70014f11f56bcdb5c816a7707d7213b56760e86cab507e42ef3,"{""distance"":5,""physical_error_rate"":0.0001}","{""detection_events"":1038,""detectors_checked"":2752512}"
      9216,         0,         0,   0.140,standalone_exact_mw,e5b1593c0e383368e36e36cad39a29f258d2f8e653c88d1b733626fe43257e38,"{""distance"":5,""physical_error_rate"":0.0005}","{""detection_events"":3729,""detectors_checked"":2064384}"
     11264,         0,         0,   0.140,standalone_exact_mw,72c27de2ebec78bb62b76c65eff3f0cc2d8f7d8d48378a61f4d3abf36bf8e189,"{""distance"":5,""physical_error_rate"":0.0002}","{""detection_events"":1909,""detectors_checked"":2523136}"
      1024,        14,         0,   0.485,standalone_exact_mw,de6a295f210c83b37b518258a443dfad0a769b8b8d4d527e6134d1d534ff1ab2,"{""distance"":5,""physical_error_rate"":0.02}","{""detection_events"":15297,""detectors_checked"":229376,""obs_mistake_mask=E"":14}"
     22528,         0,         0,   0.294,standalone_exact_mw,72c27de2ebec78bb62b76c65eff3f0cc2d8f7d8d48378a61f4d3abf36bf8e189,"{""distance"":5,""physical_error_rate"":0.0002}","{""detection_events"":3673,""detectors_checked"":5046272}"
      6144,         0,         0,   0.166,standalone_exact_mw,82cde5da083f9d53e67262bb98cd5aaa35303847977efb0685bd0a8870fdc07b,"{""distance"":5,""physical_error_rate"":0.002}","{""detection_events"":9868,""detectors_checked"":1376256}"
      6144,         0,         0,   0.107,standalone_exact_mw,a08eb9916bd7e95ca8a954036fa5b6d2576fbe4960b891dec8536a92078ec5d6,"{""distance"":5,""physical_error_rate"":0.001}","{""detection_events"":4801,""detectors_checked"":1376256}"
     35840,         0,         0,   0.295,standalone_exact_mw,e5b1593c0e383368e36e36cad39a29f258d2f8e653c88d1b733626fe43257e38,"{""distance"":5,""physical_error_rate"":0.0005}","{""detection_events"":14271,""detectors_checked"":8028160}"
      2048,         0,         0,   0.132,standalone_exact_mw,cc95771e0bd58ea6a89c22fb016f20b51e176746ec2b43c37416d9fe9b0eecfa,"{""distance"":5,""physical_error_rate"":0.005}","{""detection_events"":8213,""detectors_checked"":458752}"
     12288,         0,         0,   0.138,standalone_exact_mw,da1b05328a50158d3ddc50a94fd8dc063895f28eb3c937e1bf932a9499513bc0,"{""distance"":5,""physical_error_rate"":5e-05}","{""detection_events"":534,""detectors_checked"":2752512}"
      1024,         2,         0,   0.153,standalone_exact_mw,2222fd48ffc99c074beed89df8eb5cc98fa8d5ea3fc0ef340218310f146ac856,"{""distance"":5,""physical_error_rate"":0.01}","{""detection_events"":7886,""detectors_checked"":229376,""obs_mistake_mask=E"":2}"
      3072,         0,         0,   0.157,standalone_exact_mw,cc95771e0bd58ea6a89c22fb016f20b51e176746ec2b43c37416d9fe9b0eecfa,"{""distance"":5,""physical_error_rate"":0.005}","{""detection_events"":12116,""detectors_checked"":688128}"
     43008,         0,         0,   0.292,standalone_exact_mw,a1776e816afac70014f11f56bcdb5c816a7707d7213b56760e86cab507e42ef3,"{""distance"":5,""physical_error_rate"":0.0001}","{""detection_events"":3489,""detectors_checked"":9633792}"
      8192,         0,         0,   0.213,standalone_exact_mw,82cde5da083f9d53e67262bb98cd5aaa35303847977efb0685bd0a8870fdc07b,"{""distance"":5,""physical_error_rate"":0.002}","{""detection_events"":13157,""detectors_checked"":1835008}"
       128,        56,         0,   0.499,standalone_exact_mw,8d62d696502520a4205321baeffc0ef8012c612a1e90d1f0cdd556a0b654afea,"{""distance"":5,""physical_error_rate"":0.5}","{""detection_events"":13048,""detectors_checked"":28672,""obs_mistake_mask=E"":56}"
     17408,         0,         0,   0.209,standalone_exact_mw,a1776e816afac70014f11f56bcdb5c816a7707d7213b56760e86cab507e42ef3,"{""distance"":5,""physical_error_rate"":0.0001}","{""detection_events"":1332,""detectors_checked"":3899392}"
      1024,         4,         0,   0.190,standalone_exact_mw,2222fd48ffc99c074beed89df8eb5cc98fa8d5ea3fc0ef340218310f146ac856,"{""distance"":5,""physical_error_rate"":0.01}","{""detection_events"":7877,""detectors_checked"":229376,""obs_mistake_mask=E"":4}"
     10240,         0,         0,   0.207,standalone_exact_mw,a08eb9916bd7e95ca8a954036fa5b6d2576fbe4960b891dec8536a92078ec5d6,"{""distance"":5,""physical_error_rate"":0.001}","{""detection_events"":8295,""detectors_checked"":2293760}"
     17408,         0,         0,   0.211,standalone_exact_mw,da1b05328a50158d3ddc50a94fd8dc063895f28eb3c937e1bf932a9499513bc0,"{""distance"":5,""physical_error_rate"":5e-05}","{""detection_events"":637,""detectors_checked"":3899392}"
       128,        58,         0,   0.389,standalone_exact_mw,fe716bba07e47e753615761fca5bd6bfa1c7f1b5a969d8468cc2b3cf2319a54f,"{""distance"":5,""physical_error_rate"":0.1}","{""detection_events"":7061,""detectors_checked"":28672,""obs_mistake_mask=E"":58}"
      6144,         0,         0,   0.131,standalone_exact_mw,a08eb9916bd7e95ca8a954036fa5b6d2576fbe4960b891dec8536a92078ec5d6,"{""distance"":5,""physical_error_rate"":0.001}","{""detection_events"":4950,""detectors_checked"":1376256}"
     14336,         0,         0,   0.217,standalone_exact_mw,e5b1593c0e383368e36e36cad39a29f258d2f8e653c88d1b733626fe43257e38,"{""distance"":5,""physical_error_rate"":0.0005}","{""detection_events"":5839,""detectors_checked"":3211264}"
      7168,         0,         0,   0.210,standalone_exact_mw,82cde5da083f9d53e67262bb98cd5aaa35303847977efb0685bd0a8870fdc07b,"{""distance"":5,""physical_error_rate"":0.002}","{""detection_events"":11423,""detectors_checked"":1605632}"
       128,        56,         0,   0.434,standalone_exact_mw,1525e016f10ae3b72a2a320790de10f0e155bf4503e2c570a159c686d115d952,"{""distance"":5,""physical_error_rate"":0.2}","{""detection_events"":10070,""detectors_checked"":28672,""obs_mistake_mask=E"":56}"
      2048,         1,         0,   0.139,standalone_exact_mw,cc95771e0bd58ea6a89c22fb016f20b51e176746ec2b43c37416d9fe9b0eecfa,"{""distance"":5,""physical_error_rate"":0.005}","{""detection_events"":7978,""detectors_checked"":458752,""obs_mistake_mask=E"":1}"
     16384,         0,         0,   0.204,standalone_exact_mw,72c27de2ebec78bb62b76c65eff3f0cc2d8f7d8d48378a61f4d3abf36bf8e189,"{""distance"":5,""physical_error_rate"":0.0002}","{""detection_events"":2737,""detectors_checked"":3670016}"
     43008,         0,         0,   0.292,standalone_exact_mw,da1b05328a50158d3ddc50a94fd8dc063895f28eb3c937e1bf932a9499513bc0,"{""distance"":5,""physical_error_rate"":5e-05}","{""detection_events"":1861,""detectors_checked"":9633792}"
     16384,         0,         0,   0.198,standalone_exact_mw,a1776e816afac70014f11f56bcdb5c816a7707d7213b56760e86cab507e42ef3,"{""distance"":5,""physical_error_rate"":0.0001}","{""detection_events"":1298,""detectors_checked"":3670016}"
     16384,         0,         0,   0.210,standalone_exact_mw,72c27de2ebec78bb62b76c65eff3f0cc2d8f7d8d48378a61f4d3abf36bf8e189,"{""distance"":5,""physical_error_rate"":0.0002}","{""detection_events"":2909,""detectors_checked"":3670016}"
      1024,         1,         0,   0.154,standalone_exact_mw,2222fd48ffc99c074beed89df8eb5cc98fa8d5ea3fc0ef340218310f146ac856,"{""distance"":5,""physical_error_rate"":0.01}","{""detection_events"":7905,""detectors_checked"":229376,""obs_mistake_mask=E"":1}"
     14336,         0,         0,   0.217,standalone_exact_mw,e5b1593c0e383368e36e36cad39a29f258d2f8e653c88d1b733626fe43257e38,"{""distance"":5,""physical_error_rate"":0.0005}","{""detection_events"":5868,""detectors_checked"":3211264}"
     25600,         0,         0,   0.295,standalone_exact_mw,a08eb9916bd7e95ca8a954036fa5b6d2576fbe4960b891dec8536a92078ec5d6,"{""distance"":5,""physical_error_rate"":0.001}","{""detection_events"":20701,""detectors_checked"":5734400}"
      7168,         0,         0,   0.194,standalone_exact_mw,82cde5da083f9d53e67262bb98cd5aaa35303847977efb0685bd0a8870fdc07b,"{""distance"":5,""physical_error_rate"":0.002}","{""detection_events"":11629,""detectors_checked"":1605632}"
      3072,         1,         0,   0.182,standalone_exact_mw,cc95771e0bd58ea6a89c22fb016f20b51e176746ec2b43c37416d9fe9b0eecfa,"{""distance"":5,""physical_error_rate"":0.005}","{""detection_events"":12296,""detectors_checked"":688128,""obs_mistake_mask=E"":1}"
      1024,         1,         0,   0.129,standalone_exact_mw,2222fd48ffc99c074beed89df8eb5cc98fa8d5ea3fc0ef340218310f146ac856,"{""distance"":5,""physical_error_rate"":0.01}","{""detection_events"":7855,""detectors_checked"":229376,""obs_mistake_mask=E"":1}"
     18432,         0,         0,   0.201,standalone_exact_mw,da1b05328a50158d3ddc50a94fd8dc063895f28eb3c937e1bf932a9499513bc0,"{""distance"":5,""physical_error_rate"":5e-05}","{""detection_events"":761,""detectors_checked"":4128768}"
       128,        42,         0,   0.383,standalone_exact_mw,fe716bba07e47e753615761fca5bd6bfa1c7f1b5a969d8468cc2b3cf2319a54f,"{""distance"":5,""physical_error_rate"":0.1}","{""detection_events"":6973,""detectors_checked"":28672,""obs_mistake_mask=E"":42}"
       256,       137,         0,   0.608,standalone_exact_mw,1525e016f10ae3b72a2a320790de10f0e155bf4503e2c570a159c686d115d952,"{""distance"":5,""physical_error_rate"":0.2}","{""detection_events"":20144,""detectors_checked"":57344,""obs_mistake_mask=E"":137}"
      1024,         9,         0,   0.567,standalone_exact_mw,de6a295f210c83b37b518258a443dfad0a769b8b8d4d527e6134d1d534ff1ab2,"{""distance"":5,""physical_error_rate"":0.02}","{""detection_events"":15241,""detectors_checked"":229376,""obs_mistake_mask=E"":9}"
      3072,         0,         0,   0.152,standalone_exact_mw,cc95771e0bd58ea6a89c22fb016f20b51e176746ec2b43c37416d9fe9b0eecfa,"{""distance"":5,""physical_error_rate"":0.005}","{""detection_events"":11853,""detectors_checked"":688128}"
     11264,         0,         0,   0.220,standalone_exact_mw,a08eb9916bd7e95ca8a954036fa5b6d2576fbe4960b891dec8536a92078ec5d6,"{""distance"":5,""physical_error_rate"":0.001}","{""detection_events"":9230,""detectors_checked"":2523136}"
     16384,         0,         0,   0.300,standalone_exact_mw,82cde5da083f9d53e67262bb98cd5aaa35303847977efb0685bd0a8870fdc07b,"{""distance"":5,""physical_error_rate"":0.002}","{""detection_events"":25629,""detectors_checked"":3670016}"
      1024,         1,         0,   0.186,standalone_exact_mw,2222fd48ffc99c074beed89df8eb5cc98fa8d5ea3fc0ef340218310f146ac856,"{""distance"":5,""physical_error_rate"":0.01}","{""detection_events"":7874,""detectors_checked"":229376,""obs_mistake_mask=E"":1}"
      1024,         2,         0,   0.401,standalone_exact_mw,de6a295f210c83b37b518258a443dfad0a769b8b8d4d527e6134d1d534ff1ab2,"{""distance"":5,""physical_error_rate"":0.02}","{""detection_events"":14990,""detectors_checked"":229376,""obs_mistake_mask=E"":2}"
       256,        28,         0,   0.496,standalone_exact_mw,55247ead609f7a81f68de1baef512098855a39f2e1c761272d065411e4c998b3,"{""distance"":5,""physical_error_rate"":0.05}","{""detection_events"":8147,""detectors_checked"":57344,""obs_mistake_mask=E"":28}"
     24576,         0,         0,   0.292,standalone_exact_mw,a1776e816afac70014f11f56bcdb5c816a7707d7213b56760e86cab507e42ef3,"{""distance"":5,""physical_error_rate"":0.0001}","{""detection_events"":2054,""detectors_checked"":5505024}"
     32768,         0,         0,   0.397,standalone_exact_mw,72c27de2ebec78bb62b76c65eff3f0cc2d8f7d8d48378a61f4d3abf36bf8e189,"{""distance"":5,""physical_error_rate"":0.0002}","{""detection_events"":5256,""detectors_checked"":7340032}"
       128,        60,         0,   0.514,standalone_exact_mw,8d62d696502520a4205321baeffc0ef8012c612a1e90d1f0cdd556a0b654afea,"{""distance"":5,""physical_error_rate"":0.5}","{""detection_events"":12913,""detectors_checked"":28672,""obs_mistake_mask=E"":60}"
     57344,         0,         0,   0.378,standalone_exact_mw,a1776e816afac70014f11f56bcdb5c816a7707d7213b56760e86cab507e42ef3,"{""distance"":5,""physical_error_rate"":0.0001}","{""detection_events"":4690,""detectors_checked"":12845056}"
     33792,         0,         0,   0.409,standalone_exact_mw,e5b1593c0e383368e36e36cad39a29f258d2f8e653c88d1b733626fe43257e38,"{""distance"":5,""physical_error_rate"":0.0005}","{""detection_events"":13736,""detectors_checked"":7569408}"
     15360,         0,         0,   0.293,standalone_exact_mw,a08eb9916bd7e95ca8a954036fa5b6d2576fbe4960b891dec8536a92078ec5d6,"{""distance"":5,""physical_error_rate"":0.001}","{""detection_events"":12281,""detectors_checked"":3440640}"
     18432,         0,         0,   0.287,standalone_exact_mw,e5b1593c0e383368e36e36cad39a29f258d2f8e653c88d1b733626fe43257e38,"{""distance"":5,""physical_error_rate"":0.0005}","{""detection_events"":7338,""detectors_checked"":4128768}"
      4096,         0,         0,   0.205,standalone_exact_mw,cc95771e0bd58ea6a89c22fb016f20b51e176746ec2b43c37416d9fe9b0eecfa,"{""distance"":5,""physical_error_rate"":0.005}","{""detection_events"":16139,""detectors_checked"":917504}"
     11264,         1,         0,   0.297,standalone_exact_mw,82cde5da083f9d53e67262bb98cd5aaa35303847977efb0685bd0a8870fdc07b,"{""distance"":5,""physical_error_rate"":0.002}","{""detection_events"":18083,""detectors_checked"":2523136,""obs_mistake_mask=E"":1}"
     24576,         0,         0,   0.284,standalone_exact_mw,da1b05328a50158d3ddc50a94fd8dc063895f28eb3c937e1bf932a9499513bc0,"{""distance"":5,""physical_error_rate"":5e-05}","{""detection_events"":932,""detectors_checked"":5505024}"
      1024,         4,         0,   0.191,standalone_exact_mw,2222fd48ffc99c074beed89df8eb5cc98fa8d5ea3fc0ef340218310f146ac856,"{""distance"":5,""physical_error_rate"":0.01}","{""detection_events"":7938,""detectors_checked"":229376,""obs_mistake_mask=E"":4}"
     22528,         0,         0,   0.291,standalone_exact_mw,72c27de2ebec78bb62b76c65eff3f0cc2d8f7d8d48378a61f4d3abf36bf8e189,"{""distance"":5,""physical_error_rate"":0.0002}","{""detection_events"":3661,""detectors_checked"":5046272}"
     24576,         0,         0,   0.293,standalone_exact_mw,a1776e816afac70014f11f56bcdb5c816a7707d7213b56760e86cab507e42ef3,"{""distance"":5,""physical_error_rate"":0.0001}","{""detection_events"":1879,""detectors_checked"":5505024}"
     19456,         0,         0,   0.294,standalone_exact_mw,e5b1593c0e383368e36e36cad39a29f258d2f8e653c88d1b733626fe43257e38,"{""distance"":5,""physical_error_rate"":0.0005}","{""detection_events"":7893,""detectors_checked"":4358144}"
     22528,         0,         0,   0.290,standalone_exact_mw,72c27de2ebec78bb62b76c65eff3f0cc2d8f7d8d48378a61f4d3abf36bf8e189,"{""distance"":5,""physical_error_rate"":0.0002}","{""detection_events"":3689,""detectors_checked"":5046272}"
       128,        42,         0,   0.387,standalone_exact_mw,fe716bba07e47e753615761fca5bd6bfa1c7f1b5a969d8468cc2b3cf2319a54f,"{""distance"":5,""physical_error_rate"":0.1}","{""detection_events"":6961,""detectors_checked"":28672,""obs_mistake_mask=E"":42}"
      1024,         1,         0,   0.164,standalone_exact_mw,2222fd48ffc99c074beed89df8eb5cc98fa8d5ea3fc0ef340218310f146ac856,"{""distance"":5,""physical_error_rate"":0.01}","{""detection_events"":7779,""detectors_checked"":229376,""obs_mistake_mask=E"":1}"
     11264,         1,         0,   0.314,standalone_exact_mw,82cde5da083f9d53e67262bb98cd5aaa35303847977efb0685bd0a8870fdc07b,"{""distance"":5,""physical_error_rate"":0.002}","{""detection_events"":18242,""detectors_checked"":2523136,""obs_mistake_mask=E"":1}"
     24576,         0,         0,   0.288,standalone_exact_mw,da1b05328a50158d3ddc50a94fd8dc063895f28eb3c937e1bf932a9499513bc0,"{""distance"":5,""physical_error_rate"":5e-05}","{""detection_events"":911,""detectors_checked"":5505024}"
       512,        58,         0,   0.764,standalone_exact_mw,55247ead609f7a81f68de1baef512098855a39f2e1c761272d065411e4c998b3,"{""distance"":5,""physical_error_rate"":0.05}","{""detection_events"":17007,""detectors_checked"":114688,""obs_mistake_mask=E"":58}"
      4096,         2,         0,   0.245,standalone_exact_mw,cc95771e0bd58ea6a89c22fb016f20b51e176746ec2b43c37416d9fe9b0eecfa,"{""distance"":5,""physical_error_rate"":0.005}","{""detection_events"":16263,""detectors_checked"":917504,""obs_mistake_mask=E"":2}"
       128,        64,         0,   0.501,standalone_exact_mw,8d62d696502520a4205321baeffc0ef8012c612a1e90d1f0cdd556a0b654afea,"{""distance"":5,""physical_error_rate"":0.5}","{""detection_events"":13128,""detectors_checked"":28672,""obs_mistake_mask=E"":64}"
     49152,         0,         0,   0.407,standalone_exact_mw,da1b05328a50158d3ddc50a94fd8dc063895f28eb3c937e1bf932a9499513bc0,"{""distance"":5,""physical_error_rate"":5e-05}","{""detection_events"":1978,""detectors_checked"":11010048}"
       128,        63,         0,   0.442,standalone_exact_mw,1525e016f10ae3b72a2a320790de10f0e155bf4503e2c570a159c686d115d952,"{""distance"":5,""physical_error_rate"":0.2}","{""detection_events"":10031,""detectors_checked"":28672,""obs_mistake_mask=E"":63}"
      1024,         0,         0,   0.152,standalone_exact_mw,2222fd48ffc99c074beed89df8eb5cc98fa8d5ea3fc0ef340218310f146ac856,"{""distance"":5,""physical_error_rate"":0.01}","{""detection_events"":7782,""detectors_checked"":229376}"
     32768,         0,         0,   0.411,standalone_exact_mw,a08eb9916bd7e95ca8a954036fa5b6d2576fbe4960b891dec8536a92078ec5d6,"{""distance"":5,""physical_error_rate"":0.001}","{""detection_events"":26516,""detectors_checked"":7340032}"
       256,        26,         0,   0.276,standalone_exact_mw,55247ead609f7a81f68de1baef512098855a39f2e1c761272d065411e4c998b3,"{""distance"":5,""physical_error_rate"":0.05}","{""detection_events"":8414,""detectors_checked"":57344,""obs_mistake_mask=E"":26}"
     16384,         0,         0,   0.288,standalone_exact_mw,a08eb9916bd7e95ca8a954036fa5b6d2576fbe4960b891dec8536a92078ec5d6,"{""distance"":5,""physical_error_rate"":0.001}","{""detection_events"":13128,""detectors_checked"":3670016}"
       128,        45,         0,   0.458,standalone_exact_mw,fe716bba07e47e753615761fca5bd6bfa1c7f1b5a969d8468cc2b3cf2319a54f,"{""distance"":5,""physical_error_rate"":0.1}","{""detection_events"":7006,""detectors_checked"":28672,""obs_mistake_mask=E"":45}"
      8192,         1,         0,   0.300,standalone_exact_mw,cc95771e0bd58ea6a89c22fb016f20b51e176746ec2b43c37416d9fe9b0eecfa,"{""distance"":5,""physical_error_rate"":0.005}","{""detection_events"":32838,""detectors_checked"":1835008,""obs_mistake_mask=E"":1}"
      1024,         1,         0,   0.187,standalone_exact_mw,2222fd48ffc99c074beed89df8eb5cc98fa8d5ea3fc0ef340218310f146ac856,"{""distance"":5,""physical_error_rate"":0.01}","{""detection_events"":7964,""detectors_checked"":229376,""obs_mistake_mask=E"":1}"
     22528,         0,         0,   0.405,standalone_exact_mw,82cde5da083f9d53e67262bb98cd5aaa35303847977efb0685bd0a8870fdc07b,"{""distance"":5,""physical_error_rate"":0.002}","{""detection_events"":36646,""detectors_checked"":5046272}"
     29696,         0,         0,   0.414,standalone_exact_mw,a1776e816afac70014f11f56bcdb5c816a7707d7213b56760e86cab507e42ef3,"{""distance"":5,""physical_error_rate"":0.0001}","{""detection_events"":2335,""detectors_checked"":6651904}"
     20480,         0,         0,   0.397,standalone_exact_mw,a08eb9916bd7e95ca8a954036fa5b6d2576fbe4960b891dec8536a92078ec5d6,"{""distance"":5,""physical_error_rate"":0.001}","{""detection_events"":16327,""detectors_checked"":4587520}"
     26624,         0,         0,   0.408,standalone_exact_mw,e5b1593c0e383368e36e36cad39a29f258d2f8e653c88d1b733626fe43257e38,"{""distance"":5,""physical_error_rate"":0.0005}","{""detection_events"":10813,""detectors_checked"":5963776}"
     12288,         0,         0,   0.384,standalone_exact_mw,82cde5da083f9d53e67262bb98cd5aaa35303847977efb0685bd0a8870fdc07b,"{""distance"":5,""physical_error_rate"":0.002}","{""detection_events"":19685,""detectors_checked"":2752512}"
     29696,         0,         0,   0.397,standalone_exact_mw,da1b05328a50158d3ddc50a94fd8dc063895f28eb3c937e1bf932a9499513bc0,"{""distance"":5,""physical_error_rate"":5e-05}","{""detection_events"":1324,""detectors_checked"":6651904}"
      5120,         1,         0,   0.293,standalone_exact_mw,cc95771e0bd58ea6a89c22fb016f20b51e176746ec2b43c37416d9fe9b0eecfa,"{""distance"":5,""physical_error_rate"":0.005}","{""detection_events"":20198,""detectors_checked"":1146880,""obs_mistake_mask=E"":1}"
       256,       130,         0,   0.586,standalone_exact_mw,1525e016f10ae3b72a2a320790de10f0e155bf4503e2c570a159c686d115d952,"{""distance"":5,""physical_error_rate"":0.2}","{""detection_events"":20271,""detectors_checked"":57344,""obs_mistake_mask=E"":130}"
     24576,         0,         0,   0.395,standalone_exact_mw,a1776e816afac70014f11f56bcdb5c816a7707d7213b56760e86cab507e42ef3,"{""distance"":5,""physical_error_rate"":0.0001}","{""detection_events"":1823,""detectors_checked"":5505024}"
     31744,         0,         0,   0.416,standalone_exact_mw,72c27de2ebec78bb62b76c65eff3f0cc2d8f7d8d48378a61f4d3abf36bf8e189,"{""distance"":5,""physical_error_rate"":0.0002}","{""detection_events"":5275,""detectors_checked"":7110656}"
     30720,         0,         0,   0.385,standalone_exact_mw,72c27de2ebec78bb62b76c65eff3f0cc2d8f7d8d48378a61f4d3abf36bf8e189,"{""distance"":5,""physical_error_rate"":0.0002}","{""detection_events"":5144,""detectors_checked"":6881280}"
      1024,        11,         0,   0.610,standalone_exact_mw,de6a295f210c83b37b518258a443dfad0a769b8b8d4d527e6134d1d534ff1ab2,"{""distance"":5,""physical_error_rate"":0.02}","{""detection_events"":15204,""detectors_checked"":229376,""obs_mistake_mask=E"":11}"
     24576,         0,         0,   0.410,standalone_exact_mw,e5b1593c0e383368e36e36cad39a29f258d2f8e653c88d1b733626fe43257e38,"{""distance"":5,""physical_error_rate"":0.0005}","{""detection_events"":10528,""detectors_checked"":5505024}"
       128,        55,         0,   0.377,standalone_exact_mw,fe716bba07e47e753615761fca5bd6bfa1c7f1b5a969d8468cc2b3cf2319a54f,"{""distance"":5,""physical_error_rate"":0.1}","{""detection_events"":6977,""detectors_checked"":28672,""obs_mistake_mask=E"":55}"
       128,        70,         0,   0.515,standalone_exact_mw,8d62d696502520a4205321baeffc0ef8012c612a1e90d1f0cdd556a0b654afea,"{""distance"":5,""physical_error_rate"":0.5}","{""detection_events"":12915,""detectors_checked"":28672,""obs_mistake_mask=E"":70}"
     33792,         0,         0,   0.387,standalone_exact_mw,da1b05328a50158d3ddc50a94fd8dc063895f28eb3c937e1bf932a9499513bc0,"{""distance"":5,""physical_error_rate"":5e-05}","{""detection_events"":1425,""detectors_checked"":7569408}"
     14336,         0,         0,   0.400,standalone_exact_mw,82cde5da083f9d53e67262bb98cd5aaa35303847977efb0685bd0a8870fdc07b,"{""distance"":5,""physical_error_rate"":0.002}","{""detection_events"":22738,""detectors_checked"":3211264}"
     45056,         0,         0,   0.582,standalone_exact_mw,72c27de2ebec78bb62b76c65eff3f0cc2d8f7d8d48378a61f4d3abf36bf8e189,"{""distance"":5,""physical_error_rate"":0.0002}","{""detection_events"":7284,""detectors_checked"":10092544}"
     83968,         0,         0,   0.566,standalone_exact_mw,a1776e816afac70014f11f56bcdb5c816a7707d7213b56760e86cab507e42ef3,"{""distance"":5,""physical_error_rate"":0.0001}","{""detection_events"":6785,""detectors_checked"":18808832}"
      2048,         2,         0,   0.380,standalone_exact_mw,2222fd48ffc99c074beed89df8eb5cc98fa8d5ea3fc0ef340218310f146ac856,"{""distance"":5,""physical_error_rate"":0.01}","{""detection_events"":15957,""detectors_checked"":458752,""obs_mistake_mask=E"":2}"
     67584,         0,         0,   0.571,standalone_exact_mw,e5b1593c0e383368e36e36cad39a29f258d2f8e653c88d1b733626fe43257e38,"{""distance"":5,""physical_error_rate"":0.0005}","{""detection_events"":27310,""detectors_checked"":15138816}"
      1024,        10,         0,   0.626,standalone_exact_mw,de6a295f210c83b37b518258a443dfad0a769b8b8d4d527e6134d1d534ff1ab2,"{""distance"":5,""physical_error_rate"":0.02}","{""detection_events"":15432,""detectors_checked"":229376,""obs_mistake_mask=E"":10}"
       128,        59,         0,   0.453,standalone_exact_mw,1525e016f10ae3b72a2a320790de10f0e155bf4503e2c570a159c686d115d952,"{""distance"":5,""physical_error_rate"":0.2}","{""detection_events"":10096,""detectors_checked"":28672,""obs_mistake_mask=E"":59}"
      2048,         2,         0,   0.314,standalone_exact_mw,2222fd48ffc99c074beed89df8eb5cc98fa8d5ea3fc0ef340218310f146ac856,"{""distance"":5,""physical_error_rate"":0.01}","{""detection_events"":15984,""detectors_checked"":458752,""obs_mistake_mask=E"":2}"
     21504,         0,         0,   0.412,standalone_exact_mw,a08eb9916bd7e95ca8a954036fa5b6d2576fbe4960b891dec8536a92078ec5d6,"{""distance"":5,""physical_error_rate"":0.001}","{""detection_events"":17306,""detectors_checked"":4816896}"
       128,        42,         0,   0.400,standalone_exact_mw,fe716bba07e47e753615761fca5bd6bfa1c7f1b5a969d8468cc2b3cf2319a54f,"{""distance"":5,""physical_error_rate"":0.1}","{""detection_events"":7059,""detectors_checked"":28672,""obs_mistake_mask=E"":42}"
       128,        65,         0,   0.549,standalone_exact_mw,8d62d696502520a4205321baeffc0ef8012c612a1e90d1f0cdd556a0b654afea,"{""distance"":5,""physical_error_rate"":0.5}","{""detection_events"":13054,""detectors_checked"":28672,""obs_mistake_mask=E"":65}"
     10240,         0,         0,   0.412,standalone_exact_mw,cc95771e0bd58ea6a89c22fb016f20b51e176746ec2b43c37416d9fe9b0eecfa,"{""distance"":5,""physical_error_rate"":0.005}","{""detection_events"":40920,""detectors_checked"":2293760}"
     60416,         0,         0,   0.580,standalone_exact_mw,da1b05328a50158d3ddc50a94fd8dc063895f28eb3c937e1bf932a9499513bc0,"{""distance"":5,""physical_error_rate"":5e-05}","{""detection_events"":2377,""detectors_checked"":13533184}"
     51200,         0,         0,   0.582,standalone_exact_mw,a08eb9916bd7e95ca8a954036fa5b6d2576fbe4960b891dec8536a92078ec5d6,"{""distance"":5,""physical_error_rate"":0.001}","{""detection_events"":40998,""detectors_checked"":11468800}"
       128,        42,         0,   0.393,standalone_exact_mw,fe716bba07e47e753615761fca5bd6bfa1c7f1b5a969d8468cc2b3cf2319a54f,"{""distance"":5,""physical_error_rate"":0.1}","{""detection_events"":7031,""detectors_checked"":28672,""obs_mistake_mask=E"":42}"
      7168,         2,         0,   0.481,standalone_exact_mw,cc95771e0bd58ea6a89c22fb016f20b51e176746ec2b43c37416d9fe9b0eecfa,"{""distance"":5,""physical_error_rate"":0.005}","{""detection_events"":28551,""detectors_checked"":1605632,""obs_mistake_mask=E"":2}"
      2048,         1,         0,   0.345,standalone_exact_mw,2222fd48ffc99c074beed89df8eb5cc98fa8d5ea3fc0ef340218310f146ac856,"{""distance"":5,""physical_error_rate"":0.01}","{""detection_events"":15844,""detectors_checked"":458752,""obs_mistake_mask=E"":1}"
     33792,         1,         0,   0.580,standalone_exact_mw,82cde5da083f9d53e67262bb98cd5aaa35303847977efb0685bd0a8870fdc07b,"{""distance"":5,""physical_error_rate"":0.002}","{""detection_events"":54317,""detectors_checked"":7569408,""obs_mistake_mask=E"":1}"
     47104,         0,         0,   0.573,standalone_exact_mw,a1776e816afac70014f11f56bcdb5c816a7707d7213b56760e86cab507e42ef3,"{""distance"":5,""physical_error_rate"":0.0001}","{""detection_events"":3779,""detectors_checked"":10551296}"
       256,       132,         0,   0.529,standalone_exact_mw,1525e016f10ae3b72a2a320790de10f0e155bf4503e2c570a159c686d115d952,"{""distance"":5,""physical_error_rate"":0.2}","{""detection_events"":20194,""detectors_checked"":57344,""obs_mistake_mask=E"":132}"
     29696,         0,         0,   0.577,standalone_exact_mw,a08eb9916bd7e95ca8a954036fa5b6d2576fbe4960b891dec8536a92078ec5d6,"{""distance"":5,""physical_error_rate"":0.001}","{""detection_events"":24173,""detectors_checked"":6651904}"
     35840,         0,         0,   0.568,standalone_exact_mw,e5b1593c0e383368e36e36cad39a29f258d2f8e653c88d1b733626fe43257e38,"{""distance"":5,""physical_error_rate"":0.0005}","{""detection_events"":14575,""detectors_checked"":8028160}"
     20480,         1,         0,   0.567,standalone_exact_mw,82cde5da083f9d53e67262bb98cd5aaa35303847977efb0685bd0a8870fdc07b,"{""distance"":5,""physical_error_rate"":0.002}","{""detection_events"":33032,""detectors_checked"":4587520,""obs_mistake_mask=E"":1}"
     48128,         0,         0,   0.566,standalone_exact_mw,da1b05328a50158d3ddc50a94fd8dc063895f28eb3c937e1bf932a9499513bc0,"{""distance"":5,""physical_error_rate"":5e-05}","{""detection_events"":1915,""detectors_checked"":10780672}"
       128,        66,         0,   0.502,standalone_exact_mw,8d62d696502520a4205321baeffc0ef8012c612a1e90d1f0cdd556a0b654afea,"{""distance"":5,""physical_error_rate"":0.5}","{""detection_events"":12969,""detectors_checked"":28672,""obs_mistake_mask=E"":66}"
     45056,         0,         0,   0.568,standalone_exact_mw,a1776e816afac70014f11f56bcdb5c816a7707d7213b56760e86cab507e42ef3,"{""distance"":5,""physical_error_rate"":0.0001}","{""detection_events"":3742,""detectors_checked"":10092544}"
      2048,         2,         0,   0.394,standalone_exact_mw,2222fd48ffc99c074beed89df8eb5cc98fa8d5ea3fc0ef340218310f146ac856,"{""distance"":5,""physical_error_rate"":0.01}","{""detection_events"":15903,""detectors_checked"":458752,""obs_mistake_mask=E"":2}"
     43008,         0,         0,   0.570,standalone_exact_mw,72c27de2ebec78bb62b76c65eff3f0cc2d8f7d8d48378a61f4d3abf36bf8e189,"{""distance"":5,""physical_error_rate"":0.0002}","{""detection_events"":7122,""detectors_checked"":9633792}"
     43008,         0,         0,   0.567,standalone_exact_mw,72c27de2ebec78bb62b76c65eff3f0cc2d8f7d8d48378a61f4d3abf36bf8e189,"{""distance"":5,""physical_error_rate"":0.0002}","{""detection_events"":6951,""detectors_checked"":9633792}"
       512,        56,         0,   0.803,standalone_exact_mw,55247ead609f7a81f68de1baef512098855a39f2e1c761272d065411e4c998b3,"{""distance"":5,""physical_error_rate"":0.05}","{""detection_events"":17090,""detectors_checked"":114688,""obs_mistake_mask=E"":56}"
     36864,         0,         0,   0.571,standalone_exact_mw,e5b1593c0e383368e36e36cad39a29f258d2f8e653c88d1b733626fe43257e38,"{""distance"":5,""physical_error_rate"":0.0005}","{""detection_events"":14677,""detectors_checked"":8257536}"
       128,        65,         0,   0.445,standalone_exact_mw,1525e016f10ae3b72a2a320790de10f0e155bf4503e2c570a159c686d115d952,"{""distance"":5,""physical_error_rate"":0.2}","{""detection_events"":10064,""detectors_checked"":28672,""obs_mistake_mask=E"":65}"
       128,        46,         0,   0.401,standalone_exact_mw,fe716bba07e47e753615761fca5bd6bfa1c7f1b5a969d8468cc2b3cf2319a54f,"{""distance"":5,""physical_error_rate"":0.1}","{""detection_events"":7002,""detectors_checked"":28672,""obs_mistake_mask=E"":46}"
     48128,         0,         0,   0.569,standalone_exact_mw,da1b05328a50158d3ddc50a94fd8dc063895f28eb3c937e1bf932a9499513bc0,"{""distance"":5,""physical_error_rate"":5e-05}","{""detection_events"":2027,""detectors_checked"":10780672}"
     20480,         1,         0,   0.567,standalone_exact_mw,82cde5da083f9d53e67262bb98cd5aaa35303847977efb0685bd0a8870fdc07b,"{""distance"":5,""physical_error_rate"":0.002}","{""detection_events"":33563,""detectors_checked"":4587520,""obs_mistake_mask=E"":1}"
      1024,        14,         0,   0.649,standalone_exact_mw,de6a295f210c83b37b518258a443dfad0a769b8b8d4d527e6134d1d534ff1ab2,"{""distance"":5,""physical_error_rate"":0.02}","{""detection_events"":15236,""detectors_checked"":229376,""obs_mistake_mask=E"":14}"
       128,        61,         0,   0.487,standalone_exact_mw,8d62d696502520a4205321baeffc0ef8012c612a1e90d1f0cdd556a0b654afea,"{""distance"":5,""physical_error_rate"":0.5}","{""detection_events"":12979,""detectors_checked"":28672,""obs_mistake_mask=E"":61}"
     24576,         0,         0,   0.562,standalone_exact_mw,a08eb9916bd7e95ca8a954036fa5b6d2576fbe4960b891dec8536a92078ec5d6,"{""distance"":5,""physical_error_rate"":0.001}","{""detection_events"":19891,""detectors_checked"":5505024}"
      1024,        10,         0,   0.691,standalone_exact_mw,de6a295f210c83b37b518258a443dfad0a769b8b8d4d527e6134d1d534ff1ab2,"{""distance"":5,""physical_error_rate"":0.02}","{""detection_events"":15294,""detectors_checked"":229376,""obs_mistake_mask=E"":10}"
       128,        37,         0,   0.392,standalone_exact_mw,fe716bba07e47e753615761fca5bd6bfa1c7f1b5a969d8468cc2b3cf2319a54f,"{""distance"":5,""physical_error_rate"":0.1}","{""detection_events"":6921,""detectors_checked"":28672,""obs_mistake_mask=E"":37}"
     16384,         2,         0,   0.585,standalone_exact_mw,cc95771e0bd58ea6a89c22fb016f20b51e176746ec2b43c37416d9fe9b0eecfa,"{""distance"":5,""physical_error_rate"":0.005}","{""detection_events"":64607,""detectors_checked"":3670016,""obs_mistake_mask=E"":2}"
       512,        61,         0,    1.19,standalone_exact_mw,55247ead609f7a81f68de1baef512098855a39f2e1c761272d065411e4c998b3,"{""distance"":5,""physical_error_rate"":0.05}","{""detection_events"":16920,""detectors_checked"":114688,""obs_mistake_mask=E"":61}"
    109568,         0,         0,   0.787,standalone_exact_mw,a1776e816afac70014f11f56bcdb5c816a7707d7213b56760e86cab507e42ef3,"{""distance"":5,""physical_error_rate"":0.0001}","{""detection_events"":8898,""detectors_checked"":24543232}"
     60416,         0,         0,   0.783,standalone_exact_mw,72c27de2ebec78bb62b76c65eff3f0cc2d8f7d8d48378a61f4d3abf36bf8e189,"{""distance"":5,""physical_error_rate"":0.0002}","{""detection_events"":9848,""detectors_checked"":13533184}"
     80896,         0,         0,   0.789,standalone_exact_mw,e5b1593c0e383368e36e36cad39a29f258d2f8e653c88d1b733626fe43257e38,"{""distance"":5,""physical_error_rate"":0.0005}","{""detection_events"":32597,""detectors_checked"":18120704}"
       128,        50,         0,   0.395,standalone_exact_mw,fe716bba07e47e753615761fca5bd6bfa1c7f1b5a969d8468cc2b3cf2319a54f,"{""distance"":5,""physical_error_rate"":0.1}","{""detection_events"":6833,""detectors_checked"":28672,""obs_mistake_mask=E"":50}"
      9216,         1,         0,   0.568,standalone_exact_mw,cc95771e0bd58ea6a89c22fb016f20b51e176746ec2b43c37416d9fe9b0eecfa,"{""distance"":5,""physical_error_rate"":0.005}","{""detection_events"":36258,""detectors_checked"":2064384,""obs_mistake_mask=E"":1}"
      2048,         1,         0,   0.574,standalone_exact_mw,2222fd48ffc99c074beed89df8eb5cc98fa8d5ea3fc0ef340218310f146ac856,"{""distance"":5,""physical_error_rate"":0.01}","{""detection_events"":16113,""detectors_checked"":458752,""obs_mistake_mask=E"":1}"
       256,       133,         0,   0.553,standalone_exact_mw,1525e016f10ae3b72a2a320790de10f0e155bf4503e2c570a159c686d115d952,"{""distance"":5,""physical_error_rate"":0.2}","{""detection_events"":20260,""detectors_checked"":57344,""obs_mistake_mask=E"":133}"
       128,        66,         0,   0.443,standalone_exact_mw,1525e016f10ae3b72a2a320790de10f0e155bf4503e2c570a159c686d115d952,"{""distance"":5,""physical_error_rate"":0.2}","{""detection_events"":9931,""detectors_checked"":28672,""obs_mistake_mask=E"":66}"
       128,        66,         0,   0.520,standalone_exact_mw,8d62d696502520a4205321baeffc0ef8012c612a1e90d1f0cdd556a0b654afea,"{""distance"":5,""physical_error_rate"":0.5}","{""detection_events"":13148,""detectors_checked"":28672,""obs_mistake_mask=E"":66}"
     97280,         0,         0,   0.793,standalone_exact_mw,da1b05328a50158d3ddc50a94fd8dc063895f28eb3c937e1bf932a9499513bc0,"{""distance"":5,""physical_error_rate"":5e-05}","{""detection_events"":4033,""detectors_checked"":21790720}"
     73728,         0,         0,   0.797,standalone_exact_mw,a08eb9916bd7e95ca8a954036fa5b6d2576fbe4960b891dec8536a92078ec5d6,"{""distance"":5,""physical_error_rate"":0.001}","{""detection_events"":60014,""detectors_checked"":16515072}"
      3072,         5,         0,   0.573,standalone_exact_mw,2222fd48ffc99c074beed89df8eb5cc98fa8d5ea3fc0ef340218310f146ac856,"{""distance"":5,""physical_error_rate"":0.01}","{""detection_events"":24044,""detectors_checked"":688128,""obs_mistake_mask=E"":5}"
       128,        46,         0,   0.394,standalone_exact_mw,fe716bba07e47e753615761fca5bd6bfa1c7f1b5a969d8468cc2b3cf2319a54f,"{""distance"":5,""physical_error_rate"":0.1}","{""detection_events"":6967,""detectors_checked"":28672,""obs_mistake_mask=E"":46}"
       128,        71,         0,   0.485,standalone_exact_mw,8d62d696502520a4205321baeffc0ef8012c612a1e90d1f0cdd556a0b654afea,"{""distance"":5,""physical_error_rate"":0.5}","{""detection_events"":13246,""detectors_checked"":28672,""obs_mistake_mask=E"":71}"
      1024,         8,         0,   0.581,standalone_exact_mw,de6a295f210c83b37b518258a443dfad0a769b8b8d4d527e6134d1d534ff1ab2,"{""distance"":5,""physical_error_rate"":0.02}","{""detection_events"":15114,""detectors_checked"":229376,""obs_mistake_mask=E"":8}"
     47104,         0,         0,   0.798,standalone_exact_mw,82cde5da083f9d53e67262bb98cd5aaa35303847977efb0685bd0a8870fdc07b,"{""distance"":5,""physical_error_rate"":0.002}","{""detection_events"":76107,""detectors_checked"":10551296}"
     64512,         0,         0,   0.792,standalone_exact_mw,a1776e816afac70014f11f56bcdb5c816a7707d7213b56760e86cab507e42ef3,"{""distance"":5,""physical_error_rate"":0.0001}","{""detection_events"":5194,""detectors_checked"":14450688}"
     39936,         0,         0,   0.801,standalone_exact_mw,a08eb9916bd7e95ca8a954036fa5b6d2576fbe4960b891dec8536a92078ec5d6,"{""distance"":5,""physical_error_rate"":0.001}","{""detection_events"":32224,""detectors_checked"":8945664}"
     27648,         2,         0,   0.785,standalone_exact_mw,82cde5da083f9d53e67262bb98cd5aaa35303847977efb0685bd0a8870fdc07b,"{""distance"":5,""physical_error_rate"":0.002}","{""detection_events"":44646,""detectors_checked"":6193152,""obs_mistake_mask=E"":2}"
     52224,         0,         0,   0.811,standalone_exact_mw,e5b1593c0e383368e36e36cad39a29f258d2f8e653c88d1b733626fe43257e38,"{""distance"":5,""physical_error_rate"":0.0005}","{""detection_events"":21588,""detectors_checked"":11698176}"
     67584,         0,         0,   0.793,standalone_exact_mw,da1b05328a50158d3ddc50a94fd8dc063895f28eb3c937e1bf932a9499513bc0,"{""distance"":5,""physical_error_rate"":5e-05}","{""detection_events"":2722,""detectors_checked"":15138816}"
     59392,         0,         0,   0.785,standalone_exact_mw,72c27de2ebec78bb62b76c65eff3f0cc2d8f7d8d48378a61f4d3abf36bf8e189,"{""distance"":5,""physical_error_rate"":0.0002}","{""detection_events"":9596,""detectors_checked"":13303808}"
     65536,         0,         0,   0.806,standalone_exact_mw,a1776e816afac70014f11f56bcdb5c816a7707d7213b56760e86cab507e42ef3,"{""distance"":5,""physical_error_rate"":0.0001}","{""detection_events"":5288,""detectors_checked"":14680064}"
      1024,        12,         0,   0.558,standalone_exact_mw,de6a295f210c83b37b518258a443dfad0a769b8b8d4d527e6134d1d534ff1ab2,"{""distance"":5,""physical_error_rate"":0.02}","{""detection_events"":15149,""detectors_checked"":229376,""obs_mistake_mask=E"":12}"
     58368,         0,         0,   0.802,standalone_exact_mw,72c27de2ebec78bb62b76c65eff3f0cc2d8f7d8d48378a61f4d3abf36bf8e189,"{""distance"":5,""physical_error_rate"":0.0002}","{""detection_events"":9518,""detectors_checked"":13074432}"
       128,        45,         0,   0.394,standalone_exact_mw,fe716bba07e47e753615761fca5bd6bfa1c7f1b5a969d8468cc2b3cf2319a54f,"{""distance"":5,""physical_error_rate"":0.1}","{""detection_events"":6922,""detectors_checked"":28672,""obs_mistake_mask=E"":45}"
     50176,         0,         0,   0.803,standalone_exact_mw,e5b1593c0e383368e36e36cad39a29f258d2f8e653c88d1b733626fe43257e38,"{""distance"":5,""physical_error_rate"":0.0005}","{""detection_events"":20051,""detectors_checked"":11239424}"
     66560,         0,         0,   0.807,standalone_exact_mw,da1b05328a50158d3ddc50a94fd8dc063895f28eb3c937e1bf932a9499513bc0,"{""distance"":5,""physical_error_rate"":5e-05}","{""detection_events"":2742,""detectors_checked"":14909440}"
       512,        62,         0,   0.882,standalone_exact_mw,55247ead609f7a81f68de1baef512098855a39f2e1c761272d065411e4c998b3,"{""distance"":5,""physical_error_rate"":0.05}","{""detection_events"":16456,""detectors_checked"":114688,""obs_mistake_mask=E"":62}"
     29696,         0,         0,   0.812,standalone_exact_mw,82cde5da083f9d53e67262bb98cd5aaa35303847977efb0685bd0a8870fdc07b,"{""distance"":5,""physical_error_rate"":0.002}","{""detection_events"":47939,""detectors_checked"":6651904}"
       128,        72,         0,   0.446,standalone_exact_mw,1525e016f10ae3b72a2a320790de10f0e155bf4503e2c570a159c686d115d952,"{""distance"":5,""physical_error_rate"":0.2}","{""detection_events"":10245,""detectors_checked"":28672,""obs_mistake_mask=E"":72}"
       128,        70,         0,   0.487,standalone_exact_mw,8d62d696502520a4205321baeffc0ef8012c612a1e90d1f0cdd556a0b654afea,"{""distance"":5,""physical_error_rate"":0.5}","{""detection_events"":13057,""detectors_checked"":28672,""obs_mistake_mask=E"":70}"
     26624,         0,         0,   0.795,standalone_exact_mw,a08eb9916bd7e95ca8a954036fa5b6d2576fbe4960b891dec8536a92078ec5d6,"{""distance"":5,""physical_error_rate"":0.001}","{""detection_events"":21535,""detectors_checked"":5963776}"
       128,        51,         0,   0.373,standalone_exact_mw,fe716bba07e47e753615761fca5bd6bfa1c7f1b5a969d8468cc2b3cf2319a54f,"{""distance"":5,""physical_error_rate"":0.1}","{""detection_events"":6969,""detectors_checked"":28672,""obs_mistake_mask=E"":51}"
     24576,         6,         0,   0.799,standalone_exact_mw,cc95771e0bd58ea6a89c22fb016f20b51e176746ec2b43c37416d9fe9b0eecfa,"{""distance"":5,""physical_error_rate"":0.005}","{""detection_events"":97858,""detectors_checked"":5505024,""obs_mistake_mask=E"":6}"
       128,        67,         0,   0.497,standalone_exact_mw,8d62d696502520a4205321baeffc0ef8012c612a1e90d1f0cdd556a0b654afea,"{""distance"":5,""physical_error_rate"":0.5}","{""detection_events"":13063,""detectors_checked"":28672,""obs_mistake_mask=E"":67}"
      5120,         5,         0,   0.598,standalone_exact_mw,2222fd48ffc99c074beed89df8eb5cc98fa8d5ea3fc0ef340218310f146ac856,"{""distance"":5,""physical_error_rate"":0.01}","{""detection_events"":39959,""detectors_checked"":1146880,""obs_mistake_mask=E"":5}"
       128,        42,         0,   0.377,standalone_exact_mw,fe716bba07e47e753615761fca5bd6bfa1c7f1b5a969d8468cc2b3cf2319a54f,"{""distance"":5,""physical_error_rate"":0.1}","{""detection_events"":7059,""detectors_checked"":28672,""obs_mistake_mask=E"":42}"
      1024,         8,         0,   0.557,standalone_exact_mw,de6a295f210c83b37b518258a443dfad0a769b8b8d4d527e6134d1d534ff1ab2,"{""distance"":5,""physical_error_rate"":0.02}","{""detection_events"":14852,""detectors_checked"":229376,""obs_mistake_mask=E"":8}"
     14336,         3,         0,   0.839,standalone_exact_mw,cc95771e0bd58ea6a89c22fb016f20b51e176746ec2b43c37416d9fe9b0eecfa,"{""distance"":5,""physical_error_rate"":0.005}","{""detection_events"":56845,""detectors_checked"":3211264,""obs_mistake_mask=E"":3}"
       256,       119,         0,   0.880,standalone_exact_mw,1525e016f10ae3b72a2a320790de10f0e155bf4503e2c570a159c686d115d952,"{""distance"":5,""physical_error_rate"":0.2}","{""detection_events"":20405,""detectors_checked"":57344,""obs_mistake_mask=E"":119}"
       128,        42,         0,   0.382,standalone_exact_mw,fe716bba07e47e753615761fca5bd6bfa1c7f1b5a969d8468cc2b3cf2319a54f,"{""distance"":5,""physical_error_rate"":0.1}","{""detection_events"":7080,""detectors_checked"":28672,""obs_mistake_mask=E"":42}"
    164864,         0,         0,    1.11,standalone_exact_mw,a1776e816afac70014f11f56bcdb5c816a7707d7213b56760e86cab507e42ef3,"{""distance"":5,""physical_error_rate"":0.0001}","{""detection_events"":13361,""detectors_checked"":36929536}"
    123904,         0,         0,    1.11,standalone_exact_mw,e5b1593c0e383368e36e36cad39a29f258d2f8e653c88d1b733626fe43257e38,"{""distance"":5,""physical_error_rate"":0.0005}","{""detection_events"":50821,""detectors_checked"":27754496}"
    120832,         0,         0,    1.11,standalone_exact_mw,72c27de2ebec78bb62b76c65eff3f0cc2d8f7d8d48378a61f4d3abf36bf8e189,"{""distance"":5,""physical_error_rate"":0.0002}","{""detection_events"":19637,""detectors_checked"":27066368}"
      1024,        16,         0,   0.654,standalone_exact_mw,de6a295f210c83b37b518258a443dfad0a769b8b8d4d527e6134d1d534ff1ab2,"{""distance"":5,""physical_error_rate"":0.02}","{""detection_events"":15246,""detectors_checked"":229376,""obs_mistake_mask=E"":16}"
      3072,         6,         0,    1.01,standalone_exact_mw,2222fd48ffc99c074beed89df8eb5cc98fa8d5ea3fc0ef340218310f146ac856,"{""distance"":5,""physical_error_rate"":0.01}","{""detection_events"":24274,""detectors_checked"":688128,""obs_mistake_mask=E"":6}"
       128,        60,         0,   0.520,standalone_exact_mw,8d62d696502520a4205321baeffc0ef8012c612a1e90d1f0cdd556a0b654afea,"{""distance"":5,""physical_error_rate"":0.5}","{""detection_events"":13136,""detectors_checked"":28672,""obs_mistake_mask=E"":60}"
    173056,         0,         0,    1.11,standalone_exact_mw,da1b05328a50158d3ddc50a94fd8dc063895f28eb3c937e1bf932a9499513bc0,"{""distance"":5,""physical_error_rate"":5e-05}","{""detection_events"":7257,""detectors_checked"":38764544}"
    113664,         0,         0,    1.11,standalone_exact_mw,a08eb9916bd7e95ca8a954036fa5b6d2576fbe4960b891dec8536a92078ec5d6,"{""distance"":5,""physical_error_rate"":0.001}","{""detection_events"":91478,""detectors_checked"":25460736}"
       128,        62,         0,   0.482,standalone_exact_mw,8d62d696502520a4205321baeffc0ef8012c612a1e90d1f0cdd556a0b654afea,"{""distance"":5,""physical_error_rate"":0.5}","{""detection_events"":13302,""detectors_checked"":28672,""obs_mistake_mask=E"":62}"
      1024,         7,         0,   0.579,standalone_exact_mw,de6a295f210c83b37b518258a443dfad0a769b8b8d4d527e6134d1d534ff1ab2,"{""distance"":5,""physical_error_rate"":0.02}","{""detection_events"":14958,""detectors_checked"":229376,""obs_mistake_mask=E"":7}"
     70656,         0,         0,    1.13,standalone_exact_mw,82cde5da083f9d53e67262bb98cd5aaa35303847977efb0685bd0a8870fdc07b,"{""distance"":5,""physical_error_rate"":0.002}","{""detection_events"":113926,""detectors_checked"":15826944}"
     92160,         0,         0,    1.12,standalone_exact_mw,a1776e816afac70014f11f56bcdb5c816a7707d7213b56760e86cab507e42ef3,"{""distance"":5,""physical_error_rate"":0.0001}","{""detection_events"":7597,""detectors_checked"":20643840}"
     53248,         1,         0,    1.12,standalone_exact_mw,82cde5da083f9d53e67262bb98cd5aaa35303847977efb0685bd0a8870fdc07b,"{""distance"":5,""physical_error_rate"":0.002}","{""detection_events"":85219,""detectors_checked"":11927552,""obs_mistake_mask=E"":1}"
     57344,         0,         0,    1.11,standalone_exact_mw,a08eb9916bd7e95ca8a954036fa5b6d2576fbe4960b891dec8536a92078ec5d6,"{""distance"":5,""physical_error_rate"":0.001}","{""detection_events"":46626,""detectors_checked"":12845056}"
     70656,         0,         0,    1.11,standalone_exact_mw,e5b1593c0e383368e36e36cad39a29f258d2f8e653c88d1b733626fe43257e38,"{""distance"":5,""physical_error_rate"":0.0005}","{""detection_events"":29236,""detectors_checked"":15826944}"
     92160,         0,         0,    1.12,standalone_exact_mw,da1b05328a50158d3ddc50a94fd8dc063895f28eb3c937e1bf932a9499513bc0,"{""distance"":5,""physical_error_rate"":5e-05}","{""detection_events"":3623,""detectors_checked"":20643840}"
     90112,         0,         0,    1.10,standalone_exact_mw,a1776e816afac70014f11f56bcdb5c816a7707d7213b56760e86cab507e42ef3,"{""distance"":5,""physical_error_rate"":0.0001}","{""detection_events"":7561,""detectors_checked"":20185088}"
     84992,         0,         0,    1.10,standalone_exact_mw,72c27de2ebec78bb62b76c65eff3f0cc2d8f7d8d48378a61f4d3abf36bf8e189,"{""distance"":5,""physical_error_rate"":0.0002}","{""detection_events"":13971,""detectors_checked"":19038208}"
     86016,         0,         0,    1.13,standalone_exact_mw,72c27de2ebec78bb62b76c65eff3f0cc2d8f7d8d48378a61f4d3abf36bf8e189,"{""distance"":5,""physical_error_rate"":0.0002}","{""detection_events"":14073,""detectors_checked"":19267584}"
       512,        63,         0,    1.04,standalone_exact_mw,55247ead609f7a81f68de1baef512098855a39f2e1c761272d065411e4c998b3,"{""distance"":5,""physical_error_rate"":0.05}","{""detection_events"":16830,""detectors_checked"":114688,""obs_mistake_mask=E"":63}"
     38912,         0,         0,    1.13,standalone_exact_mw,e5b1593c0e383368e36e36cad39a29f258d2f8e653c88d1b733626fe43257e38,"{""distance"":5,""physical_error_rate"":0.0005}","{""detection_events"":15416,""detectors_checked"":8716288}"
     95232,         0,         0,    1.11,standalone_exact_mw,da1b05328a50158d3ddc50a94fd8dc063895f28eb3c937e1bf932a9499513bc0,"{""distance"":5,""physical_error_rate"":5e-05}","{""detection_events"":3913,""detectors_checked"":21331968}"
      8192,        13,         0,   0.839,standalone_exact_mw,2222fd48ffc99c074beed89df8eb5cc98fa8d5ea3fc0ef340218310f146ac856,"{""distance"":5,""physical_error_rate"":0.01}","{""detection_events"":64328,""detectors_checked"":1835008,""obs_mistake_mask=E"":13}"
       128,        68,         0,   0.513,standalone_exact_mw,8d62d696502520a4205321baeffc0ef8012c612a1e90d1f0cdd556a0b654afea,"{""distance"":5,""physical_error_rate"":0.5}","{""detection_events"":12997,""detectors_checked"":28672,""obs_mistake_mask=E"":68}"
     17408,         0,         0,    1.14,standalone_exact_mw,82cde5da083f9d53e67262bb98cd5aaa35303847977efb0685bd0a8870fdc07b,"{""distance"":5,""physical_error_rate"":0.002}","{""detection_events"":28324,""detectors_checked"":3899392}"
      1024,        13,         0,   0.668,standalone_exact_mw,de6a295f210c83b37b518258a443dfad0a769b8b8d4d527e6134d1d534ff1ab2,"{""distance"":5,""physical_error_rate"":0.02}","{""detection_events"":15460,""detectors_checked"":229376,""obs_mistake_mask=E"":13}"
         1,         0,         0,   0.001,standalone_exact_mw,2222fd48ffc99c074beed89df8eb5cc98fa8d5ea3fc0ef340218310f146ac856,"{""distance"":5,""physical_error_rate"":0.01}","{""detection_events"":1,""detectors_checked"":224}"
         1,         0,         0,   0.001,standalone_exact_mw,cc95771e0bd58ea6a89c22fb016f20b51e176746ec2b43c37416d9fe9b0eecfa,"{""distance"":5,""physical_error_rate"":0.005}","{""detection_events"":2,""detectors_checked"":224}"
       128,        64,         0,   0.496,standalone_exact_mw,8d62d696502520a4205321baeffc0ef8012c612a1e90d1f0cdd556a0b654afea,"{""distance"":5,""physical_error_rate"":0.5}","{""detection_events"":13096,""detectors_checked"":28672,""obs_mistake_mask=E"":64}"
     24576,         0,         0,    1.11,standalone_exact_mw,a08eb9916bd7e95ca8a954036fa5b6d2576fbe4960b891dec8536a92078ec5d6,"{""distance"":5,""physical_error_rate"":0.001}","{""detection_events"":19625,""detectors_checked"":5505024}"
       256,        99,         0,   0.772,standalone_exact_mw,fe716bba07e47e753615761fca5bd6bfa1c7f1b5a969d8468cc2b3cf2319a54f,"{""distance"":5,""physical_error_rate"":0.1}","{""detection_events"":13926,""detectors_checked"":57344,""obs_mistake_mask=E"":99}"
       272,         0,         0,   0.038,standalone_exact_mw,2222fd48ffc99c074beed89df8eb5cc98fa8d5ea3fc0ef340218310f146ac856,"{""distance"":5,""physical_error_rate"":0.01}","{""detection_events"":2257,""detectors_checked"":60928}"
     29696,         1,         0,    1.11,standalone_exact_mw,cc95771e0bd58ea6a89c22fb016f20b51e176746ec2b43c37416d9fe9b0eecfa,"{""distance"":5,""physical_error_rate"":0.005}","{""detection_events"":117813,""detectors_checked"":6651904,""obs_mistake_mask=E"":1}"
      1296,         0,         0,   0.061,standalone_exact_mw,cc95771e0bd58ea6a89c22fb016f20b51e176746ec2b43c37416d9fe9b0eecfa,"{""distance"":5,""physical_error_rate"":0.005}","{""detection_events"":5246,""detectors_checked"":290304}"
       384,       143,         0,    1.03,standalone_exact_mw,fe716bba07e47e753615761fca5bd6bfa1c7f1b5a969d8468cc2b3cf2319a54f,"{""distance"":5,""physical_error_rate"":0.1}","{""detection_events"":21060,""detectors_checked"":86016,""obs_mistake_mask=E"":143}"
      1024,         0,         0,   0.054,standalone_exact_mw,cc95771e0bd58ea6a89c22fb016f20b51e176746ec2b43c37416d9fe9b0eecfa,"{""distance"":5,""physical_error_rate"":0.005}","{""detection_events"":4008,""detectors_checked"":229376}"
      2048,         2,         0,   0.802,standalone_exact_mw,2222fd48ffc99c074beed89df8eb5cc98fa8d5ea3fc0ef340218310f146ac856,"{""distance"":5,""physical_error_rate"":0.01}","{""detection_events"":16172,""detectors_checked"":458752,""obs_mistake_mask=E"":2}"
      1024,         0,         0,   0.032,standalone_exact_mw,cc95771e0bd58ea6a89c22fb016f20b51e176746ec2b43c37416d9fe9b0eecfa,"{""distance"":5,""physical_error_rate"":0.005}","{""detection_events"":4029,""detectors_checked"":229376}"
      1024,         0,         0,   0.056,standalone_exact_mw,cc95771e0bd58ea6a89c22fb016f20b51e176746ec2b43c37416d9fe9b0eecfa,"{""distance"":5,""physical_error_rate"":0.005}","{""detection_events"":4176,""detectors_checked"":229376}"
      1024,         0,         0,   0.190,standalone_exact_mw,2222fd48ffc99c074beed89df8eb5cc98fa8d5ea3fc0ef340218310f146ac856,"{""distance"":5,""physical_error_rate"":0.01}","{""detection_events"":7911,""detectors_checked"":229376}"
       128,        64,         0,   0.383,standalone_exact_mw,8d62d696502520a4205321baeffc0ef8012c612a1e90d1f0cdd556a0b654afea,"{""distance"":5,""physical_error_rate"":0.5}","{""detection_events"":13043,""detectors_checked"":28672,""obs_mistake_mask=E"":64}"
      1024,         7,         0,   0.627,standalone_exact_mw,de6a295f210c83b37b518258a443dfad0a769b8b8d4d527e6134d1d534ff1ab2,"{""distance"":5,""physical_error_rate"":0.02}","{""detection_events"":15097,""detectors_checked"":229376,""obs_mistake_mask=E"":7}"
      1024,         0,         0,   0.064,standalone_exact_mw,cc95771e0bd58ea6a89c22fb016f20b51e176746ec2b43c37416d9fe9b0eecfa,"{""distance"":5,""physical_error_rate"":0.005}","{""detection_events"":4025,""detectors_checked"":229376}"
     18432,         4,         0,    1.17,standalone_exact_mw,cc95771e0bd58ea6a89c22fb016f20b51e176746ec2b43c37416d9fe9b0eecfa,"{""distance"":5,""physical_error_rate"":0.005}","{""detection_events"":73293,""detectors_checked"":4128768,""obs_mistake_mask=E"":4}"
       512,        42,         0,    2.24,standalone_exact_mw,55247ead609f7a81f68de1baef512098855a39f2e1c761272d065411e4c998b3,"{""distance"":5,""physical_error_rate"":0.05}","{""detection_events"":16872,""detectors_checked"":114688,""obs_mistake_mask=E"":42}"
      2048,         1,         0,   0.109,standalone_exact_mw,cc95771e0bd58ea6a89c22fb016f20b51e176746ec2b43c37416d9fe9b0eecfa,"{""distance"":5,""physical_error_rate"":0.005}","{""detection_events"":8183,""detectors_checked"":458752,""obs_mistake_mask=E"":1}"
      1024,         0,         0,   0.167,standalone_exact_mw,2222fd48ffc99c074beed89df8eb5cc98fa8d5ea3fc0ef340218310f146ac856,"{""distance"":5,""physical_error_rate"":0.01}","{""detection_events"":7747,""detectors_checked"":229376}"
       128,        48,         0,   0.393,standalone_exact_mw,fe716bba07e47e753615761fca5bd6bfa1c7f1b5a969d8468cc2b3cf2319a54f,"{""distance"":5,""physical_error_rate"":0.1}","{""detection_events"":7082,""detectors_checked"":28672,""obs_mistake_mask=E"":48}"
      2048,         1,         0,   0.138,standalone_exact_mw,cc95771e0bd58ea6a89c22fb016f20b51e176746ec2b43c37416d9fe9b0eecfa,"{""distance"":5,""physical_error_rate"":0.005}","{""detection_events"":7940,""detectors_checked"":458752,""obs_mistake_mask=E"":1}"
      1024,         0,         0,   0.170,standalone_exact_mw,2222fd48ffc99c074beed89df8eb5cc98fa8d5ea3fc0ef340218310f146ac856,"{""distance"":5,""physical_error_rate"":0.01}","{""detection_events"":7872,""detectors_checked"":229376}"
      1024,        11,         0,   0.649,standalone_exact_mw,de6a295f210c83b37b518258a443dfad0a769b8b8d4d527e6134d1d534ff1ab2,"{""distance"":5,""physical_error_rate"":0.02}","{""detection_events"":15387,""detectors_checked"":229376,""obs_mistake_mask=E"":11}"
        17,         3,         0,   0.019,standalone_exact_mw,55247ead609f7a81f68de1baef512098855a39f2e1c761272d065411e4c998b3,"{""distance"":5,""physical_error_rate"":0.05}","{""detection_events"":596,""detectors_checked"":3808,""obs_mistake_mask=E"":3}"
      3072,         1,         0,   0.164,standalone_exact_mw,cc95771e0bd58ea6a89c22fb016f20b51e176746ec2b43c37416d9fe9b0eecfa,"{""distance"":5,""physical_error_rate"":0.005}","{""detection_events"":12064,""detectors_checked"":688128,""obs_mistake_mask=E"":1}"
      1024,         2,         0,   0.194,standalone_exact_mw,2222fd48ffc99c074beed89df8eb5cc98fa8d5ea3fc0ef340218310f146ac856,"{""distance"":5,""physical_error_rate"":0.01}","{""detection_events"":7955,""detectors_checked"":229376,""obs_mistake_mask=E"":2}"
       512,        56,         0,    1.05,standalone_exact_mw,55247ead609f7a81f68de1baef512098855a39f2e1c761272d065411e4c998b3,"{""distance"":5,""physical_error_rate"":0.05}","{""detection_events"":16904,""detectors_checked"":114688,""obs_mistake_mask=E"":56}"
    241664,         0,         0,    1.56,standalone_exact_mw,a1776e816afac70014f11f56bcdb5c816a7707d7213b56760e86cab507e42ef3,"{""distance"":5,""physical_error_rate"":0.0001}","{""detection_events"":20065,""detectors_checked"":54132736}"
    187392,         0,         0,    1.55,standalone_exact_mw,e5b1593c0e383368e36e36cad39a29f258d2f8e653c88d1b733626fe43257e38,"{""distance"":5,""physical_error_rate"":0.0005}","{""detection_events"":75893,""detectors_checked"":41975808}"
    195584,         0,         0,    1.55,standalone_exact_mw,72c27de2ebec78bb62b76c65eff3f0cc2d8f7d8d48378a61f4d3abf36bf8e189,"{""distance"":5,""physical_error_rate"":0.0002}","{""detection_events"":31812,""detectors_checked"":43810816}"
      1024,         1,         0,   0.152,standalone_exact_mw,2222fd48ffc99c074beed89df8eb5cc98fa8d5ea3fc0ef340218310f146ac856,"{""distance"":5,""physical_error_rate"":0.01}","{""detection_events"":8133,""detectors_checked"":229376,""obs_mistake_mask=E"":1}"
      4096,         0,         0,   0.221,standalone_exact_mw,cc95771e0bd58ea6a89c22fb016f20b51e176746ec2b43c37416d9fe9b0eecfa,"{""distance"":5,""physical_error_rate"":0.005}","{""detection_events"":16608,""detectors_checked"":917504}"
       256,        28,         0,   0.311,standalone_exact_mw,55247ead609f7a81f68de1baef512098855a39f2e1c761272d065411e4c998b3,"{""distance"":5,""physical_error_rate"":0.05}","{""detection_events"":8429,""detectors_checked"":57344,""obs_mistake_mask=E"":28}"
      1024,         8,         0,   0.687,standalone_exact_mw,de6a295f210c83b37b518258a443dfad0a769b8b8d4d527e6134d1d534ff1ab2,"{""distance"":5,""physical_error_rate"":0.02}","{""detection_events"":15485,""detectors_checked"":229376,""obs_mistake_mask=E"":8}"
       256,        26,         0,   0.651,standalone_exact_mw,55247ead609f7a81f68de1baef512098855a39f2e1c761272d065411e4c998b3,"{""distance"":5,""physical_error_rate"":0.05}","{""detection_events"":8488,""detectors_checked"":57344,""obs_mistake_mask=E"":26}"
    226304,         0,         0,    1.55,standalone_exact_mw,da1b05328a50158d3ddc50a94fd8dc063895f28eb3c937e1bf932a9499513bc0,"{""distance"":5,""physical_error_rate"":5e-05}","{""detection_events"":9224,""detectors_checked"":50692096}"
     11264,        13,         0,    1.19,standalone_exact_mw,2222fd48ffc99c074beed89df8eb5cc98fa8d5ea3fc0ef340218310f146ac856,"{""distance"":5,""physical_error_rate"":0.01}","{""detection_events"":88037,""detectors_checked"":2523136,""obs_mistake_mask=E"":13}"
    115712,         0,         0,    1.57,standalone_exact_mw,a08eb9916bd7e95ca8a954036fa5b6d2576fbe4960b891dec8536a92078ec5d6,"{""distance"":5,""physical_error_rate"":0.001}","{""detection_events"":93593,""detectors_checked"":25919488}"
      2048,         3,         0,   0.178,standalone_exact_mw,2222fd48ffc99c074beed89df8eb5cc98fa8d5ea3fc0ef340218310f146ac856,"{""distance"":5,""physical_error_rate"":0.01}","{""detection_events"":16285,""detectors_checked"":458752,""obs_mistake_mask=E"":3}"
       273,         2,         0,   0.180,standalone_exact_mw,de6a295f210c83b37b518258a443dfad0a769b8b8d4d527e6134d1d534ff1ab2,"{""distance"":5,""physical_error_rate"":0.02}","{""detection_events"":4255,""detectors_checked"":61152,""obs_mistake_mask=E"":2}"
      1297,         0,         0,   0.022,standalone_exact_mw,da1b05328a50158d3ddc50a94fd8dc063895f28eb3c937e1bf932a9499513bc0,"{""distance"":5,""physical_error_rate"":5e-05}","{""detection_events"":58,""detectors_checked"":290528}"
      2321,         0,         0,   0.028,standalone_exact_mw,a1776e816afac70014f11f56bcdb5c816a7707d7213b56760e86cab507e42ef3,"{""distance"":5,""physical_error_rate"":0.0001}","{""detection_events"":184,""detectors_checked"":519904}"
      2048,         0,         0,   0.025,standalone_exact_mw,da1b05328a50158d3ddc50a94fd8dc063895f28eb3c937e1bf932a9499513bc0,"{""distance"":5,""physical_error_rate"":5e-05}","{""detection_events"":77,""detectors_checked"":458752}"
      2048,         0,         0,   0.026,standalone_exact_mw,a1776e816afac70014f11f56bcdb5c816a7707d7213b56760e86cab507e42ef3,"{""distance"":5,""physical_error_rate"":0.0001}","{""detection_events"":211,""detectors_checked"":458752}"
      2048,         0,         0,   0.025,standalone_exact_mw,da1b05328a50158d3ddc50a94fd8dc063895f28eb3c937e1bf932a9499513bc0,"{""distance"":5,""physical_error_rate"":5e-05}","{""detection_events"":82,""detectors_checked"":458752}"
     92160,         2,         0,    1.57,standalone_exact_mw,82cde5da083f9d53e67262bb98cd5aaa35303847977efb0685bd0a8870fdc07b,"{""distance"":5,""physical_error_rate"":0.002}","{""detection_events"":149049,""detectors_checked"":20643840,""obs_mistake_mask=E"":2}"
    144384,         0,         0,    1.56,standalone_exact_mw,a1776e816afac70014f11f56bcdb5c816a7707d7213b56760e86cab507e42ef3,"{""distance"":5,""physical_error_rate"":0.0001}","{""detection_events"":11986,""detectors_checked"":32342016}"
      4096,         0,         0,   0.025,standalone_exact_mw,a1776e816afac70014f11f56bcdb5c816a7707d7213b56760e86cab507e42ef3,"{""distance"":5,""physical_error_rate"":0.0001}","{""detection_events"":363,""detectors_checked"":917504}"
      5120,         1,         0,   0.282,standalone_exact_mw,cc95771e0bd58ea6a89c22fb016f20b51e176746ec2b43c37416d9fe9b0eecfa,"{""distance"":5,""physical_error_rate"":0.005}","{""detection_events"":20559,""detectors_checked"":1146880,""obs_mistake_mask=E"":1}"
      3072,         0,         0,   0.031,standalone_exact_mw,da1b05328a50158d3ddc50a94fd8dc063895f28eb3c937e1bf932a9499513bc0,"{""distance"":5,""physical_error_rate"":5e-05}","{""detection_events"":103,""detectors_checked"":688128}"
      5120,         0,         0,   0.032,standalone_exact_mw,a1776e816afac70014f11f56bcdb5c816a7707d7213b56760e86cab507e42ef3,"{""distance"":5,""physical_error_rate"":0.0001}","{""detection_events"":429,""detectors_checked"":1146880}"
     78848,         1,         0,    1.56,standalone_exact_mw,a08eb9916bd7e95ca8a954036fa5b6d2576fbe4960b891dec8536a92078ec5d6,"{""distance"":5,""physical_error_rate"":0.001}","{""detection_events"":64305,""detectors_checked"":17661952,""obs_mistake_mask=E"":1}"
    132096,         0,         0,    1.55,standalone_exact_mw,da1b05328a50158d3ddc50a94fd8dc063895f28eb3c937e1bf932a9499513bc0,"{""distance"":5,""physical_error_rate"":5e-05}","{""detection_events"":5476,""detectors_checked"":29589504}"
      1024,         7,         0,   0.673,standalone_exact_mw,de6a295f210c83b37b518258a443dfad0a769b8b8d4d527e6134d1d534ff1ab2,"{""distance"":5,""physical_error_rate"":0.02}","{""detection_events"":15295,""detectors_checked"":229376,""obs_mistake_mask=E"":7}"
      3072,         0,         0,   0.044,standalone_exact_mw,da1b05328a50158d3ddc50a94fd8dc063895f28eb3c937e1bf932a9499513bc0,"{""distance"":5,""physical_error_rate"":5e-05}","{""detection_events"":139,""detectors_checked"":688128}"
    124928,         0,         0,    1.54,standalone_exact_mw,a1776e816afac70014f11f56bcdb5c816a7707d7213b56760e86cab507e42ef3,"{""distance"":5,""physical_error_rate"":0.0001}","{""detection_events"":10107,""detectors_checked"":27983872}"
     62464,         0,         0,    1.58,standalone_exact_mw,82cde5da083f9d53e67262bb98cd5aaa35303847977efb0685bd0a8870fdc07b,"{""distance"":5,""physical_error_rate"":0.002}","{""detection_events"":100469,""detectors_checked"":13991936}"
    116736,         0,         0,    1.55,standalone_exact_mw,72c27de2ebec78bb62b76c65eff3f0cc2d8f7d8d48378a61f4d3abf36bf8e189,"{""distance"":5,""physical_error_rate"":0.0002}","{""detection_events"":18842,""detectors_checked"":26148864}"
      7168,         0,         0,   0.045,standalone_exact_mw,a1776e816afac70014f11f56bcdb5c816a7707d7213b56760e86cab507e42ef3,"{""distance"":5,""physical_error_rate"":0.0001}","{""detection_events"":647,""detectors_checked"":1605632}"
     99328,         0,         0,    1.58,standalone_exact_mw,e5b1593c0e383368e36e36cad39a29f258d2f8e653c88d1b733626fe43257e38,"{""distance"":5,""physical_error_rate"":0.0005}","{""detection_events"":40050,""detectors_checked"":22249472}"
    117760,         0,         0,    1.57,standalone_exact_mw,72c27de2ebec78bb62b76c65eff3f0cc2d8f7d8d48378a61f4d3abf36bf8e189,"{""distance"":5,""physical_error_rate"":0.0002}","{""detection_events"":18977,""detectors_checked"":26378240}"
      2048,         3,         0,   0.242,standalone_exact_mw,2222fd48ffc99c074beed89df8eb5cc98fa8d5ea3fc0ef340218310f146ac856,"{""distance"":5,""physical_error_rate"":0.01}","{""detection_events"":15688,""detectors_checked"":458752,""obs_mistake_mask=E"":3}"
      5120,         7,         0,    1.23,standalone_exact_mw,2222fd48ffc99c074beed89df8eb5cc98fa8d5ea3fc0ef340218310f146ac856,"{""distance"":5,""physical_error_rate"":0.01}","{""detection_events"":39843,""detectors_checked"":1146880,""obs_mistake_mask=E"":7}"
      5120,         0,         0,   0.056,standalone_exact_mw,da1b05328a50158d3ddc50a94fd8dc063895f28eb3c937e1bf932a9499513bc0,"{""distance"":5,""physical_error_rate"":5e-05}","{""detection_events"":198,""detectors_checked"":1146880}"
      9216,         0,         0,   0.056,standalone_exact_mw,a1776e816afac70014f11f56bcdb5c816a7707d7213b56760e86cab507e42ef3,"{""distance"":5,""physical_error_rate"":0.0001}","{""detection_events"":717,""detectors_checked"":2064384}"
     72704,         0,         0,    1.57,standalone_exact_mw,e5b1593c0e383368e36e36cad39a29f258d2f8e653c88d1b733626fe43257e38,"{""distance"":5,""physical_error_rate"":0.0005}","{""detection_events"":29070,""detectors_checked"":16285696}"
    130048,         0,         0,    1.55,standalone_exact_mw,da1b05328a50158d3ddc50a94fd8dc063895f28eb3c937e1bf932a9499513bc0,"{""distance"":5,""physical_error_rate"":5e-05}","{""detection_events"":4902,""detectors_checked"":29130752}"
      7168,         0,         0,   0.081,standalone_exact_mw,da1b05328a50158d3ddc50a94fd8dc063895f28eb3c937e1bf932a9499513bc0,"{""distance"":5,""physical_error_rate"":5e-05}","{""detection_events"":267,""detectors_checked"":1605632}"
       512,         6,         0,   0.291,standalone_exact_mw,de6a295f210c83b37b518258a443dfad0a769b8b8d4d527e6134d1d534ff1ab2,"{""distance"":5,""physical_error_rate"":0.02}","{""detection_events"":7701,""detectors_checked"":114688,""obs_mistake_mask=E"":6}"
     12288,         0,         0,   0.075,standalone_exact_mw,a1776e816afac70014f11f56bcdb5c816a7707d7213b56760e86cab507e42ef3,"{""distance"":5,""physical_error_rate"":0.0001}","{""detection_events"":966,""detectors_checked"":2752512}"
     46080,         1,         0,    1.55,standalone_exact_mw,82cde5da083f9d53e67262bb98cd5aaa35303847977efb0685bd0a8870fdc07b,"{""distance"":5,""physical_error_rate"":0.002}","{""detection_events"":74576,""detectors_checked"":10321920,""obs_mistake_mask=E"":1}"
       256,        40,         0,   0.546,standalone_exact_mw,55247ead609f7a81f68de1baef512098855a39f2e1c761272d065411e4c998b3,"{""distance"":5,""physical_error_rate"":0.05}","{""detection_events"":8507,""detectors_checked"":57344,""obs_mistake_mask=E"":40}"
     76800,         0,         0,    1.53,standalone_exact_mw,a08eb9916bd7e95ca8a954036fa5b6d2576fbe4960b891dec8536a92078ec5d6,"{""distance"":5,""physical_error_rate"":0.001}","{""detection_events"":61894,""detectors_checked"":17203200}"
      1024,        13,         0,   0.566,standalone_exact_mw,de6a295f210c83b37b518258a443dfad0a769b8b8d4d527e6134d1d534ff1ab2,"{""distance"":5,""physical_error_rate"":0.02}","{""detection_events"":15321,""detectors_checked"":229376,""obs_mistake_mask=E"":13}"
      9216,         0,         0,   0.106,standalone_exact_mw,da1b05328a50158d3ddc50a94fd8dc063895f28eb3c937e1bf932a9499513bc0,"{""distance"":5,""physical_error_rate"":5e-05}","{""detection_events"":366,""detectors_checked"":2064384}"
     10240,         0,         0,   0.115,standalone_exact_mw,a1776e816afac70014f11f56bcdb5c816a7707d7213b56760e86cab507e42ef3,"{""distance"":5,""physical_error_rate"":0.0001}","{""detection_events"":807,""detectors_checked"":2293760}"
      2048,         7,         0,   0.241,standalone_exact_mw,2222fd48ffc99c074beed89df8eb5cc98fa8d5ea3fc0ef340218310f146ac856,"{""distance"":5,""physical_error_rate"":0.01}","{""detection_events"":16055,""detectors_checked"":458752,""obs_mistake_mask=E"":7}"
       256,        20,         0,   0.587,standalone_exact_mw,55247ead609f7a81f68de1baef512098855a39f2e1c761272d065411e4c998b3,"{""distance"":5,""physical_error_rate"":0.05}","{""detection_events"":8455,""detectors_checked"":57344,""obs_mistake_mask=E"":20}"
     49152,         5,         0,    1.58,standalone_exact_mw,cc95771e0bd58ea6a89c22fb016f20b51e176746ec2b43c37416d9fe9b0eecfa,"{""distance"":5,""physical_error_rate"":0.005}","{""detection_events"":195242,""detectors_checked"":11010048,""obs_mistake_mask=E"":5}"
      7168,         1,         0,   0.441,standalone_exact_mw,cc95771e0bd58ea6a89c22fb016f20b51e176746ec2b43c37416d9fe9b0eecfa,"{""distance"":5,""physical_error_rate"":0.005}","{""detection_events"":28813,""detectors_checked"":1605632,""obs_mistake_mask=E"":1}"
     13312,         0,         0,   0.143,standalone_exact_mw,da1b05328a50158d3ddc50a94fd8dc063895f28eb3c937e1bf932a9499513bc0,"{""distance"":5,""physical_error_rate"":5e-05}","{""detection_events"":531,""detectors_checked"":2981888}"
     22528,         0,         0,   0.151,standalone_exact_mw,a1776e816afac70014f11f56bcdb5c816a7707d7213b56760e86cab507e42ef3,"{""distance"":5,""physical_error_rate"":0.0001}","{""detection_events"":1773,""detectors_checked"":5046272}"
       512,        54,         0,    1.01,standalone_exact_mw,55247ead609f7a81f68de1baef512098855a39f2e1c761272d065411e4c998b3,"{""distance"":5,""physical_error_rate"":0.05}","{""detection_events"":16674,""detectors_checked"":114688,""obs_mistake_mask=E"":54}"
     26624,         7,         0,    1.61,standalone_exact_mw,cc95771e0bd58ea6a89c22fb016f20b51e176746ec2b43c37416d9fe9b0eecfa,"{""distance"":5,""physical_error_rate"":0.005}","{""detection_events"":106802,""detectors_checked"":5963776,""obs_mistake_mask=E"":7}"
      1024,        16,         0,   0.605,standalone_exact_mw,de6a295f210c83b37b518258a443dfad0a769b8b8d4d527e6134d1d534ff1ab2,"{""distance"":5,""physical_error_rate"":0.02}","{""detection_events"":15567,""detectors_checked"":229376,""obs_mistake_mask=E"":16}"
     17408,         0,         0,   0.206,standalone_exact_mw,da1b05328a50158d3ddc50a94fd8dc063895f28eb3c937e1bf932a9499513bc0,"{""distance"":5,""physical_error_rate"":5e-05}","{""detection_events"":826,""detectors_checked"":3899392}"
     22528,         0,         0,   0.218,standalone_exact_mw,a1776e816afac70014f11f56bcdb5c816a7707d7213b56760e86cab507e42ef3,"{""distance"":5,""physical_error_rate"":0.0001}","{""detection_events"":1849,""detectors_checked"":5046272}"
      4096,         8,         0,   0.372,standalone_exact_mw,2222fd48ffc99c074beed89df8eb5cc98fa8d5ea3fc0ef340218310f146ac856,"{""distance"":5,""physical_error_rate"":0.01}","{""detection_events"":31666,""detectors_checked"":917504,""obs_mistake_mask=E"":8}"
      1024,         9,         0,   0.504,standalone_exact_mw,de6a295f210c83b37b518258a443dfad0a769b8b8d4d527e6134d1d534ff1ab2,"{""distance"":5,""physical_error_rate"":0.02}","{""detection_events"":15157,""detectors_checked"":229376,""obs_mistake_mask=E"":9}"
       256,        31,         0,   0.507,standalone_exact_mw,55247ead609f7a81f68de1baef512098855a39f2e1c761272d065411e4c998b3,"{""distance"":5,""physical_error_rate"":0.05}","{""detection_events"":8566,""detectors_checked"":57344,""obs_mistake_mask=E"":31}"
      1024,        10,         0,   0.629,standalone_exact_mw,de6a295f210c83b37b518258a443dfad0a769b8b8d4d527e6134d1d534ff1ab2,"{""distance"":5,""physical_error_rate"":0.02}","{""detection_events"":15135,""detectors_checked"":229376,""obs_mistake_mask=E"":10}"
     25600,         0,         0,   0.292,standalone_exact_mw,da1b05328a50158d3ddc50a94fd8dc063895f28eb3c937e1bf932a9499513bc0,"{""distance"":5,""physical_error_rate"":5e-05}","{""detection_events"":1032,""detectors_checked"":5734400}"
       256,        28,         0,   0.626,standalone_exact_mw,55247ead609f7a81f68de1baef512098855a39f2e1c761272d065411e4c998b3,"{""distance"":5,""physical_error_rate"":0.05}","{""detection_events"":8574,""detectors_checked"":57344,""obs_mistake_mask=E"":28}"
     45056,         0,         0,   0.290,standalone_exact_mw,a1776e816afac70014f11f56bcdb5c816a7707d7213b56760e86cab507e42ef3,"{""distance"":5,""physical_error_rate"":0.0001}","{""detection_events"":3751,""detectors_checked"":10092544}"
      9216,         1,         0,   0.576,standalone_exact_mw,cc95771e0bd58ea6a89c22fb016f20b51e176746ec2b43c37416d9fe9b0eecfa,"{""distance"":5,""physical_error_rate"":0.005}","{""detection_events"":36367,""detectors_checked"":2064384,""obs_mistake_mask=E"":1}"
      1024,        12,         0,   0.371,standalone_exact_mw,de6a295f210c83b37b518258a443dfad0a769b8b8d4d527e6134d1d534ff1ab2,"{""distance"":5,""physical_error_rate"":0.02}","{""detection_events"":15266,""detectors_checked"":229376,""obs_mistake_mask=E"":12}"
      4096,         7,         0,   0.475,standalone_exact_mw,2222fd48ffc99c074beed89df8eb5cc98fa8d5ea3fc0ef340218310f146ac856,"{""distance"":5,""physical_error_rate"":0.01}","{""detection_events"":31824,""detectors_checked"":917504,""obs_mistake_mask=E"":7}"
       256,        28,         0,   0.511,standalone_exact_mw,55247ead609f7a81f68de1baef512098855a39f2e1c761272d065411e4c998b3,"{""distance"":5,""physical_error_rate"":0.05}","{""detection_events"":8430,""detectors_checked"":57344,""obs_mistake_mask=E"":28}"
     33792,         0,         0,   0.395,standalone_exact_mw,da1b05328a50158d3ddc50a94fd8dc063895f28eb3c937e1bf932a9499513bc0,"{""distance"":5,""physical_error_rate"":5e-05}","{""detection_events"":1312,""detectors_checked"":7569408}"
     43008,         0,         0,   0.394,standalone_exact_mw,a1776e816afac70014f11f56bcdb5c816a7707d7213b56760e86cab507e42ef3,"{""distance"":5,""physical_error_rate"":0.0001}","{""detection_events"":3410,""detectors_checked"":9633792}"
      1024,         9,         0,   0.324,standalone_exact_mw,de6a295f210c83b37b518258a443dfad0a769b8b8d4d527e6134d1d534ff1ab2,"{""distance"":5,""physical_error_rate"":0.02}","{""detection_events"":15056,""detectors_checked"":229376,""obs_mistake_mask=E"":9}"
     15360,        26,         0,    1.64,standalone_exact_mw,2222fd48ffc99c074beed89df8eb5cc98fa8d5ea3fc0ef340218310f146ac856,"{""distance"":5,""physical_error_rate"":0.01}","{""detection_events"":120113,""detectors_checked"":3440640,""obs_mistake_mask=E"":26}"
       256,        28,         0,   0.512,standalone_exact_mw,55247ead609f7a81f68de1baef512098855a39f2e1c761272d065411e4c998b3,"{""distance"":5,""physical_error_rate"":0.05}","{""detection_events"":8434,""detectors_checked"":57344,""obs_mistake_mask=E"":28}"
      1024,         7,         0,   0.631,standalone_exact_mw,de6a295f210c83b37b518258a443dfad0a769b8b8d4d527e6134d1d534ff1ab2,"{""distance"":5,""physical_error_rate"":0.02}","{""detection_events"":15228,""detectors_checked"":229376,""obs_mistake_mask=E"":7}"
       512,        55,         0,    1.02,standalone_exact_mw,55247ead609f7a81f68de1baef512098855a39f2e1c761272d065411e4c998b3,"{""distance"":5,""physical_error_rate"":0.05}","{""detection_events"":16790,""detectors_checked"":114688,""obs_mistake_mask=E"":55}"
      8192,         7,         0,    1.60,standalone_exact_mw,2222fd48ffc99c074beed89df8eb5cc98fa8d5ea3fc0ef340218310f146ac856,"{""distance"":5,""physical_error_rate"":0.01}","{""detection_events"":63894,""detectors_checked"":1835008,""obs_mistake_mask=E"":7}"
      1024,        10,         0,   0.341,standalone_exact_mw,de6a295f210c83b37b518258a443dfad0a769b8b8d4d527e6134d1d534ff1ab2,"{""distance"":5,""physical_error_rate"":0.02}","{""detection_events"":15266,""detectors_checked"":229376,""obs_mistake_mask=E"":10}"
    177152,         0,         0,    2.15,standalone_exact_mw,a1776e816afac70014f11f56bcdb5c816a7707d7213b56760e86cab507e42ef3,"{""distance"":5,""physical_error_rate"":0.0001}","{""detection_events"":14586,""detectors_checked"":39682048}"
    177152,         0,         0,    2.19,standalone_exact_mw,e5b1593c0e383368e36e36cad39a29f258d2f8e653c88d1b733626fe43257e38,"{""distance"":5,""physical_error_rate"":0.0005}","{""detection_events"":72545,""detectors_checked"":39682048}"
    199680,         0,         0,    2.19,standalone_exact_mw,72c27de2ebec78bb62b76c65eff3f0cc2d8f7d8d48378a61f4d3abf36bf8e189,"{""distance"":5,""physical_error_rate"":0.0002}","{""detection_events"":32005,""detectors_checked"":44728320}"
       256,        35,         0,   0.526,standalone_exact_mw,55247ead609f7a81f68de1baef512098855a39f2e1c761272d065411e4c998b3,"{""distance"":5,""physical_error_rate"":0.05}","{""detection_events"":8499,""detectors_checked"":57344,""obs_mistake_mask=E"":35}"
      6144,        15,         0,   0.626,standalone_exact_mw,2222fd48ffc99c074beed89df8eb5cc98fa8d5ea3fc0ef340218310f146ac856,"{""distance"":5,""physical_error_rate"":0.01}","{""detection_events"":47857,""detectors_checked"":1376256,""obs_mistake_mask=E"":15}"
     13312,         2,         0,   0.802,standalone_exact_mw,cc95771e0bd58ea6a89c22fb016f20b51e176746ec2b43c37416d9fe9b0eecfa,"{""distance"":5,""physical_error_rate"":0.005}","{""detection_events"":53132,""detectors_checked"":2981888,""obs_mistake_mask=E"":2}"
      2048,        22,         0,    1.20,standalone_exact_mw,de6a295f210c83b37b518258a443dfad0a769b8b8d4d527e6134d1d534ff1ab2,"{""distance"":5,""physical_error_rate"":0.02}","{""detection_events"":30666,""detectors_checked"":458752,""obs_mistake_mask=E"":22}"
     49152,         0,         0,   0.565,standalone_exact_mw,da1b05328a50158d3ddc50a94fd8dc063895f28eb3c937e1bf932a9499513bc0,"{""distance"":5,""physical_error_rate"":5e-05}","{""detection_events"":2226,""detectors_checked"":11010048}"
    191488,         0,         0,    2.16,standalone_exact_mw,da1b05328a50158d3ddc50a94fd8dc063895f28eb3c937e1bf932a9499513bc0,"{""distance"":5,""physical_error_rate"":5e-05}","{""detection_events"":7931,""detectors_checked"":42893312}"
     71680,         0,         0,   0.569,standalone_exact_mw,a1776e816afac70014f11f56bcdb5c816a7707d7213b56760e86cab507e42ef3,"{""distance"":5,""physical_error_rate"":0.0001}","{""detection_events"":5844,""detectors_checked"":16056320}"
    177152,         1,         0,    2.17,standalone_exact_mw,a08eb9916bd7e95ca8a954036fa5b6d2576fbe4960b891dec8536a92078ec5d6,"{""distance"":5,""physical_error_rate"":0.001}","{""detection_events"":142983,""detectors_checked"":39682048,""obs_mistake_mask=E"":1}"
       256,        29,         0,   0.544,standalone_exact_mw,55247ead609f7a81f68de1baef512098855a39f2e1c761272d065411e4c998b3,"{""distance"":5,""physical_error_rate"":0.05}","{""detection_events"":8553,""detectors_checked"":57344,""obs_mistake_mask=E"":29}"
      1024,        21,         0,   0.380,standalone_exact_mw,de6a295f210c83b37b518258a443dfad0a769b8b8d4d527e6134d1d534ff1ab2,"{""distance"":5,""physical_error_rate"":0.02}","{""detection_events"":15396,""detectors_checked"":229376,""obs_mistake_mask=E"":21}"
    134144,         1,         0,    2.18,standalone_exact_mw,82cde5da083f9d53e67262bb98cd5aaa35303847977efb0685bd0a8870fdc07b,"{""distance"":5,""physical_error_rate"":0.002}","{""detection_events"":216081,""detectors_checked"":30048256,""obs_mistake_mask=E"":1}"
    166912,         0,         0,    2.17,standalone_exact_mw,a1776e816afac70014f11f56bcdb5c816a7707d7213b56760e86cab507e42ef3,"{""distance"":5,""physical_error_rate"":0.0001}","{""detection_events"":13617,""detectors_checked"":37388288}"
    183296,         0,         0,    2.16,standalone_exact_mw,da1b05328a50158d3ddc50a94fd8dc063895f28eb3c937e1bf932a9499513bc0,"{""distance"":5,""physical_error_rate"":5e-05}","{""detection_events"":7629,""detectors_checked"":41058304}"
    110592,         0,         0,    2.19,standalone_exact_mw,a08eb9916bd7e95ca8a954036fa5b6d2576fbe4960b891dec8536a92078ec5d6,"{""distance"":5,""physical_error_rate"":0.001}","{""detection_events"":89674,""detectors_checked"":24772608}"
    177152,         0,         0,    2.16,standalone_exact_mw,a1776e816afac70014f11f56bcdb5c816a7707d7213b56760e86cab507e42ef3,"{""distance"":5,""physical_error_rate"":0.0001}","{""detection_events"":14347,""detectors_checked"":39682048}"
     77824,         0,         0,    2.18,standalone_exact_mw,82cde5da083f9d53e67262bb98cd5aaa35303847977efb0685bd0a8870fdc07b,"{""distance"":5,""physical_error_rate"":0.002}","{""detection_events"":125961,""detectors_checked"":17432576}"
    135168,         0,         0,    2.16,standalone_exact_mw,e5b1593c0e383368e36e36cad39a29f258d2f8e653c88d1b733626fe43257e38,"{""distance"":5,""physical_error_rate"":0.0005}","{""detection_events"":55268,""detectors_checked"":30277632}"
    159744,         0,         0,    2.18,standalone_exact_mw,72c27de2ebec78bb62b76c65eff3f0cc2d8f7d8d48378a61f4d3abf36bf8e189,"{""distance"":5,""physical_error_rate"":0.0002}","{""detection_events"":26047,""detectors_checked"":35782656}"
    166912,         0,         0,    2.18,standalone_exact_mw,72c27de2ebec78bb62b76c65eff3f0cc2d8f7d8d48378a61f4d3abf36bf8e189,"{""distance"":5,""physical_error_rate"":0.0002}","{""detection_events"":26545,""detectors_checked"":37388288}"
    184320,         0,         0,    2.18,standalone_exact_mw,da1b05328a50158d3ddc50a94fd8dc063895f28eb3c937e1bf932a9499513bc0,"{""distance"":5,""physical_error_rate"":5e-05}","{""detection_events"":7665,""detectors_checked"":41287680}"
    141312,         0,         0,    2.16,standalone_exact_mw,e5b1593c0e383368e36e36cad39a29f258d2f8e653c88d1b733626fe43257e38,"{""distance"":5,""physical_error_rate"":0.0005}","{""detection_events"":57625,""detectors_checked"":31653888}"
       256,        27,         0,   0.543,standalone_exact_mw,55247ead609f7a81f68de1baef512098855a39f2e1c761272d065411e4c998b3,"{""distance"":5,""physical_error_rate"":0.05}","{""detection_events"":8442,""detectors_checked"":57344,""obs_mistake_mask=E"":27}"
     79872,         1,         0,    2.17,standalone_exact_mw,82cde5da083f9d53e67262bb98cd5aaa35303847977efb0685bd0a8870fdc07b,"{""distance"":5,""physical_error_rate"":0.002}","{""detection_events"":129469,""detectors_checked"":17891328,""obs_mistake_mask=E"":1}"
    109568,         0,         0,    2.19,standalone_exact_mw,a08eb9916bd7e95ca8a954036fa5b6d2576fbe4960b891dec8536a92078ec5d6,"{""distance"":5,""physical_error_rate"":0.001}","{""detection_events"":88917,""detectors_checked"":24543232}"
     40960,        10,         0,    2.19,standalone_exact_mw,cc95771e0bd58ea6a89c22fb016f20b51e176746ec2b43c37416d9fe9b0eecfa,"{""distance"":5,""physical_error_rate"":0.005}","{""detection_events"":162660,""detectors_checked"":9175040,""obs_mistake_mask=E"":10}"
      1024,        13,         0,   0.452,standalone_exact_mw,de6a295f210c83b37b518258a443dfad0a769b8b8d4d527e6134d1d534ff1ab2,"{""distance"":5,""physical_error_rate"":0.02}","{""detection_events"":15177,""detectors_checked"":229376,""obs_mistake_mask=E"":13}"
       512,        67,         0,    1.05,standalone_exact_mw,55247ead609f7a81f68de1baef512098855a39f2e1c761272d065411e4c998b3,"{""distance"":5,""physical_error_rate"":0.05}","{""detection_events"":17071,""detectors_checked"":114688,""obs_mistake_mask=E"":67}"
      7168,         9,         0,   0.882,standalone_exact_mw,2222fd48ffc99c074beed89df8eb5cc98fa8d5ea3fc0ef340218310f146ac856,"{""distance"":5,""physical_error_rate"":0.01}","{""detection_events"":55837,""detectors_checked"":1605632,""obs_mistake_mask=E"":9}"
     66560,         0,         0,   0.793,standalone_exact_mw,da1b05328a50158d3ddc50a94fd8dc063895f28eb3c937e1bf932a9499513bc0,"{""distance"":5,""physical_error_rate"":5e-05}","{""detection_events"":2710,""detectors_checked"":14909440}"
       256,        24,         0,   0.692,standalone_exact_mw,55247ead609f7a81f68de1baef512098855a39f2e1c761272d065411e4c998b3,"{""distance"":5,""physical_error_rate"":0.05}","{""detection_events"":8595,""detectors_checked"":57344,""obs_mistake_mask=E"":24}"
     77824,         0,         0,   0.803,standalone_exact_mw,a1776e816afac70014f11f56bcdb5c816a7707d7213b56760e86cab507e42ef3,"{""distance"":5,""physical_error_rate"":0.0001}","{""detection_events"":6271,""detectors_checked"":17432576}"
      2048,        24,         0,    1.20,standalone_exact_mw,de6a295f210c83b37b518258a443dfad0a769b8b8d4d527e6134d1d534ff1ab2,"{""distance"":5,""physical_error_rate"":0.02}","{""detection_events"":30327,""detectors_checked"":458752,""obs_mistake_mask=E"":24}"
       256,        30,         0,   0.525,standalone_exact_mw,55247ead609f7a81f68de1baef512098855a39f2e1c761272d065411e4c998b3,"{""distance"":5,""physical_error_rate"":0.05}","{""detection_events"":8371,""detectors_checked"":57344,""obs_mistake_mask=E"":30}"
     35840,         9,         0,    2.21,standalone_exact_mw,cc95771e0bd58ea6a89c22fb016f20b51e176746ec2b43c37416d9fe9b0eecfa,"{""distance"":5,""physical_error_rate"":0.005}","{""detection_events"":142315,""detectors_checked"":8028160,""obs_mistake_mask=E"":9}"
     18432,         3,         0,    1.16,standalone_exact_mw,cc95771e0bd58ea6a89c22fb016f20b51e176746ec2b43c37416d9fe9b0eecfa,"{""distance"":5,""physical_error_rate"":0.005}","{""detection_events"":72812,""detectors_checked"":4128768,""obs_mistake_mask=E"":3}"
      2048,        19,         0,    1.31,standalone_exact_mw,de6a295f210c83b37b518258a443dfad0a769b8b8d4d527e6134d1d534ff1ab2,"{""distance"":5,""physical_error_rate"":0.02}","{""detection_events"":30544,""detectors_checked"":458752,""obs_mistake_mask=E"":19}"
      1024,        13,         0,   0.703,standalone_exact_mw,de6a295f210c83b37b518258a443dfad0a769b8b8d4d527e6134d1d534ff1ab2,"{""distance"":5,""physical_error_rate"":0.02}","{""detection_events"":15047,""detectors_checked"":229376,""obs_mistake_mask=E"":13}"
       512,        63,         0,   0.868,standalone_exact_mw,55247ead609f7a81f68de1baef512098855a39f2e1c761272d065411e4c998b3,"{""distance"":5,""physical_error_rate"":0.05}","{""detection_events"":17147,""detectors_checked"":114688,""obs_mistake_mask=E"":63}"
     21504,        33,         0,    2.18,standalone_exact_mw,2222fd48ffc99c074beed89df8eb5cc98fa8d5ea3fc0ef340218310f146ac856,"{""distance"":5,""physical_error_rate"":0.01}","{""detection_events"":168077,""detectors_checked"":4816896,""obs_mistake_mask=E"":33}"
     94208,         0,         0,    1.11,standalone_exact_mw,da1b05328a50158d3ddc50a94fd8dc063895f28eb3c937e1bf932a9499513bc0,"{""distance"":5,""physical_error_rate"":5e-05}","{""detection_events"":3862,""detectors_checked"":21102592}"
     89088,         0,         0,    1.11,standalone_exact_mw,a1776e816afac70014f11f56bcdb5c816a7707d7213b56760e86cab507e42ef3,"{""distance"":5,""physical_error_rate"":0.0001}","{""detection_events"":7139,""detectors_checked"":19955712}"
      8192,        11,         0,    1.21,standalone_exact_mw,2222fd48ffc99c074beed89df8eb5cc98fa8d5ea3fc0ef340218310f146ac856,"{""distance"":5,""physical_error_rate"":0.01}","{""detection_events"":63570,""detectors_checked"":1835008,""obs_mistake_mask=E"":11}"
      1024,        13,         0,   0.640,standalone_exact_mw,de6a295f210c83b37b518258a443dfad0a769b8b8d4d527e6134d1d534ff1ab2,"{""distance"":5,""physical_error_rate"":0.02}","{""detection_events"":15482,""detectors_checked"":229376,""obs_mistake_mask=E"":13}"
      2048,        31,         0,    1.18,standalone_exact_mw,de6a295f210c83b37b518258a443dfad0a769b8b8d4d527e6134d1d534ff1ab2,"{""distance"":5,""physical_error_rate"":0.02}","{""detection_events"":30320,""detectors_checked"":458752,""obs_mistake_mask=E"":31}"
      9216,        10,         0,    2.27,standalone_exact_mw,2222fd48ffc99c074beed89df8eb5cc98fa8d5ea3fc0ef340218310f146ac856,"{""distance"":5,""physical_error_rate"":0.01}","{""detection_events"":72419,""detectors_checked"":2064384,""obs_mistake_mask=E"":10}"
       273,         0,         0,   0.016,standalone_exact_mw,72c27de2ebec78bb62b76c65eff3f0cc2d8f7d8d48378a61f4d3abf36bf8e189,"{""distance"":5,""physical_error_rate"":0.0002}","{""detection_events"":43,""detectors_checked"":61152}"
      2048,         0,         0,   0.026,standalone_exact_mw,72c27de2ebec78bb62b76c65eff3f0cc2d8f7d8d48378a61f4d3abf36bf8e189,"{""distance"":5,""physical_error_rate"":0.0002}","{""detection_events"":296,""detectors_checked"":458752}"
      2048,         0,         0,   0.026,standalone_exact_mw,72c27de2ebec78bb62b76c65eff3f0cc2d8f7d8d48378a61f4d3abf36bf8e189,"{""distance"":5,""physical_error_rate"":0.0002}","{""detection_events"":325,""detectors_checked"":458752}"
      3072,         0,         0,   0.033,standalone_exact_mw,72c27de2ebec78bb62b76c65eff3f0cc2d8f7d8d48378a61f4d3abf36bf8e189,"{""distance"":5,""physical_error_rate"":0.0002}","{""detection_events"":453,""detectors_checked"":688128}"
      3072,         0,         0,   0.046,standalone_exact_mw,72c27de2ebec78bb62b76c65eff3f0cc2d8f7d8d48378a61f4d3abf36bf8e189,"{""distance"":5,""physical_error_rate"":0.0002}","{""detection_events"":528,""detectors_checked"":688128}"
      1297,         0,         0,   0.024,standalone_exact_mw,e5b1593c0e383368e36e36cad39a29f258d2f8e653c88d1b733626fe43257e38,"{""distance"":5,""physical_error_rate"":0.0005}","{""detection_events"":565,""detectors_checked"":290528}"
      2048,         0,         0,   0.029,standalone_exact_mw,e5b1593c0e383368e36e36cad39a29f258d2f8e653c88d1b733626fe43257e38,"{""distance"":5,""physical_error_rate"":0.0005}","{""detection_events"":891,""detectors_checked"":458752}"
      5120,         0,         0,   0.060,standalone_exact_mw,72c27de2ebec78bb62b76c65eff3f0cc2d8f7d8d48378a61f4d3abf36bf8e189,"{""distance"":5,""physical_error_rate"":0.0002}","{""detection_events"":811,""detectors_checked"":1146880}"
      2048,         0,         0,   0.034,standalone_exact_mw,e5b1593c0e383368e36e36cad39a29f258d2f8e653c88d1b733626fe43257e38,"{""distance"":5,""physical_error_rate"":0.0005}","{""detection_events"":763,""detectors_checked"":458752}"
      2048,         0,         0,   0.029,standalone_exact_mw,e5b1593c0e383368e36e36cad39a29f258d2f8e653c88d1b733626fe43257e38,"{""distance"":5,""physical_error_rate"":0.0005}","{""detection_events"":792,""detectors_checked"":458752}"
      3072,         0,         0,   0.040,standalone_exact_mw,e5b1593c0e383368e36e36cad39a29f258d2f8e653c88d1b733626fe43257e38,"{""distance"":5,""physical_error_rate"":0.0005}","{""detection_events"":1148,""detectors_checked"":688128}"
     12288,         0,         0,   0.093,standalone_exact_mw,72c27de2ebec78bb62b76c65eff3f0cc2d8f7d8d48378a61f4d3abf36bf8e189,"{""distance"":5,""physical_error_rate"":0.0002}","{""detection_events"":2015,""detectors_checked"":2752512}"
      1024,         8,         0,   0.555,standalone_exact_mw,de6a295f210c83b37b518258a443dfad0a769b8b8d4d527e6134d1d534ff1ab2,"{""distance"":5,""physical_error_rate"":0.02}","{""detection_events"":15192,""detectors_checked"":229376,""obs_mistake_mask=E"":8}"
      4096,         0,         0,   0.058,standalone_exact_mw,e5b1593c0e383368e36e36cad39a29f258d2f8e653c88d1b733626fe43257e38,"{""distance"":5,""physical_error_rate"":0.0005}","{""detection_events"":1647,""detectors_checked"":917504}"
      8192,         0,         0,   0.107,standalone_exact_mw,72c27de2ebec78bb62b76c65eff3f0cc2d8f7d8d48378a61f4d3abf36bf8e189,"{""distance"":5,""physical_error_rate"":0.0002}","{""detection_events"":1498,""detectors_checked"":1835008}"
      5120,         0,         0,   0.079,standalone_exact_mw,e5b1593c0e383368e36e36cad39a29f258d2f8e653c88d1b733626fe43257e38,"{""distance"":5,""physical_error_rate"":0.0005}","{""detection_events"":2172,""detectors_checked"":1146880}"
     25600,         4,         0,    1.55,standalone_exact_mw,cc95771e0bd58ea6a89c22fb016f20b51e176746ec2b43c37416d9fe9b0eecfa,"{""distance"":5,""physical_error_rate"":0.005}","{""detection_events"":102115,""detectors_checked"":5734400,""obs_mistake_mask=E"":4}"
      7168,         0,         0,   0.109,standalone_exact_mw,e5b1593c0e383368e36e36cad39a29f258d2f8e653c88d1b733626fe43257e38,"{""distance"":5,""physical_error_rate"":0.0005}","{""detection_events"":2918,""detectors_checked"":1605632}"
     12288,         0,         0,   0.148,standalone_exact_mw,72c27de2ebec78bb62b76c65eff3f0cc2d8f7d8d48378a61f4d3abf36bf8e189,"{""distance"":5,""physical_error_rate"":0.0002}","{""detection_events"":1743,""detectors_checked"":2752512}"
      9216,         0,         0,   0.136,standalone_exact_mw,e5b1593c0e383368e36e36cad39a29f258d2f8e653c88d1b733626fe43257e38,"{""distance"":5,""physical_error_rate"":0.0005}","{""detection_events"":3556,""detectors_checked"":2064384}"
    406528,         0,         0,    3.04,standalone_exact_mw,a1776e816afac70014f11f56bcdb5c816a7707d7213b56760e86cab507e42ef3,"{""distance"":5,""physical_error_rate"":0.0001}","{""detection_events"":32760,""detectors_checked"":91062272}"
    313344,         0,         0,    3.04,standalone_exact_mw,e5b1593c0e383368e36e36cad39a29f258d2f8e653c88d1b733626fe43257e38,"{""distance"":5,""physical_error_rate"":0.0005}","{""detection_events"":127644,""detectors_checked"":70189056}"
    378880,         0,         0,    3.04,standalone_exact_mw,72c27de2ebec78bb62b76c65eff3f0cc2d8f7d8d48378a61f4d3abf36bf8e189,"{""distance"":5,""physical_error_rate"":0.0002}","{""detection_events"":61872,""detectors_checked"":84869120}"
     20480,         0,         0,   0.200,standalone_exact_mw,72c27de2ebec78bb62b76c65eff3f0cc2d8f7d8d48378a61f4d3abf36bf8e189,"{""distance"":5,""physical_error_rate"":0.0002}","{""detection_events"":3438,""detectors_checked"":4587520}"
    404480,         0,         0,    3.03,standalone_exact_mw,da1b05328a50158d3ddc50a94fd8dc063895f28eb3c937e1bf932a9499513bc0,"{""distance"":5,""physical_error_rate"":5e-05}","{""detection_events"":16664,""detectors_checked"":90603520}"
      5120,        51,         0,    1.85,standalone_exact_mw,de6a295f210c83b37b518258a443dfad0a769b8b8d4d527e6134d1d534ff1ab2,"{""distance"":5,""physical_error_rate"":0.02}","{""detection_events"":75412,""detectors_checked"":1146880,""obs_mistake_mask=E"":51}"
     17408,         0,         0,   0.210,standalone_exact_mw,e5b1593c0e383368e36e36cad39a29f258d2f8e653c88d1b733626fe43257e38,"{""distance"":5,""physical_error_rate"":0.0005}","{""detection_events"":7451,""detectors_checked"":3899392}"
    278528,         0,         0,    3.04,standalone_exact_mw,a08eb9916bd7e95ca8a954036fa5b6d2576fbe4960b891dec8536a92078ec5d6,"{""distance"":5,""physical_error_rate"":0.001}","{""detection_events"":224173,""detectors_checked"":62390272}"
      1024,        15,         0,   0.593,standalone_exact_mw,de6a295f210c83b37b518258a443dfad0a769b8b8d4d527e6134d1d534ff1ab2,"{""distance"":5,""physical_error_rate"":0.02}","{""detection_events"":15209,""detectors_checked"":229376,""obs_mistake_mask=E"":15}"
     39936,         0,         0,   0.288,standalone_exact_mw,72c27de2ebec78bb62b76c65eff3f0cc2d8f7d8d48378a61f4d3abf36bf8e189,"{""distance"":5,""physical_error_rate"":0.0002}","{""detection_events"":6484,""detectors_checked"":8945664}"
    184320,         5,         0,    3.04,standalone_exact_mw,82cde5da083f9d53e67262bb98cd5aaa35303847977efb0685bd0a8870fdc07b,"{""distance"":5,""physical_error_rate"":0.002}","{""detection_events"":297203,""detectors_checked"":41287680,""obs_mistake_mask=E"":5}"
    142336,         0,         0,    3.04,standalone_exact_mw,a1776e816afac70014f11f56bcdb5c816a7707d7213b56760e86cab507e42ef3,"{""distance"":5,""physical_error_rate"":0.0001}","{""detection_events"":11691,""detectors_checked"":31883264}"
    274432,         0,         0,    3.00,standalone_exact_mw,da1b05328a50158d3ddc50a94fd8dc063895f28eb3c937e1bf932a9499513bc0,"{""distance"":5,""physical_error_rate"":5e-05}","{""detection_events"":11043,""detectors_checked"":61472768}"
    244736,         0,         0,    3.03,standalone_exact_mw,a1776e816afac70014f11f56bcdb5c816a7707d7213b56760e86cab507e42ef3,"{""distance"":5,""physical_error_rate"":0.0001}","{""detection_events"":19853,""detectors_checked"":54820864}"
    145408,         0,         0,    3.05,standalone_exact_mw,a08eb9916bd7e95ca8a954036fa5b6d2576fbe4960b891dec8536a92078ec5d6,"{""distance"":5,""physical_error_rate"":0.001}","{""detection_events"":117826,""detectors_checked"":32571392}"
    106496,         0,         0,    3.05,standalone_exact_mw,82cde5da083f9d53e67262bb98cd5aaa35303847977efb0685bd0a8870fdc07b,"{""distance"":5,""physical_error_rate"":0.002}","{""detection_events"":170508,""detectors_checked"":23855104}"
    210944,         0,         0,    3.03,standalone_exact_mw,72c27de2ebec78bb62b76c65eff3f0cc2d8f7d8d48378a61f4d3abf36bf8e189,"{""distance"":5,""physical_error_rate"":0.0002}","{""detection_events"":34511,""detectors_checked"":47251456}"
    227328,         0,         0,    3.03,standalone_exact_mw,72c27de2ebec78bb62b76c65eff3f0cc2d8f7d8d48378a61f4d3abf36bf8e189,"{""distance"":5,""physical_error_rate"":0.0002}","{""detection_events"":36741,""detectors_checked"":50921472}"
    101376,         0,         0,    3.05,standalone_exact_mw,e5b1593c0e383368e36e36cad39a29f258d2f8e653c88d1b733626fe43257e38,"{""distance"":5,""physical_error_rate"":0.0005}","{""detection_events"":41128,""detectors_checked"":22708224}"
     37888,         0,         0,   0.291,standalone_exact_mw,e5b1593c0e383368e36e36cad39a29f258d2f8e653c88d1b733626fe43257e38,"{""distance"":5,""physical_error_rate"":0.0005}","{""detection_events"":15464,""detectors_checked"":8486912}"
    275456,         0,         0,    3.03,standalone_exact_mw,da1b05328a50158d3ddc50a94fd8dc063895f28eb3c937e1bf932a9499513bc0,"{""distance"":5,""physical_error_rate"":5e-05}","{""detection_events"":11564,""detectors_checked"":61702144}"
    194560,         0,         0,    3.04,standalone_exact_mw,e5b1593c0e383368e36e36cad39a29f258d2f8e653c88d1b733626fe43257e38,"{""distance"":5,""physical_error_rate"":0.0005}","{""detection_events"":78903,""detectors_checked"":43581440}"
    133120,         0,         0,    1.55,standalone_exact_mw,da1b05328a50158d3ddc50a94fd8dc063895f28eb3c937e1bf932a9499513bc0,"{""distance"":5,""physical_error_rate"":5e-05}","{""detection_events"":5571,""detectors_checked"":29818880}"
    128000,         0,         0,    1.56,standalone_exact_mw,a1776e816afac70014f11f56bcdb5c816a7707d7213b56760e86cab507e42ef3,"{""distance"":5,""physical_error_rate"":0.0001}","{""detection_events"":10121,""detectors_checked"":28672000}"
     61440,         1,         0,    3.05,standalone_exact_mw,82cde5da083f9d53e67262bb98cd5aaa35303847977efb0685bd0a8870fdc07b,"{""distance"":5,""physical_error_rate"":0.002}","{""detection_events"":98204,""detectors_checked"":13762560,""obs_mistake_mask=E"":1}"
     10240,        16,         0,    1.61,standalone_exact_mw,2222fd48ffc99c074beed89df8eb5cc98fa8d5ea3fc0ef340218310f146ac856,"{""distance"":5,""physical_error_rate"":0.01}","{""detection_events"":80078,""detectors_checked"":2293760,""obs_mistake_mask=E"":16}"
    151552,         0,         0,    3.06,standalone_exact_mw,a08eb9916bd7e95ca8a954036fa5b6d2576fbe4960b891dec8536a92078ec5d6,"{""distance"":5,""physical_error_rate"":0.001}","{""detection_events"":122414,""detectors_checked"":33947648}"
     48128,         0,         0,   0.407,standalone_exact_mw,72c27de2ebec78bb62b76c65eff3f0cc2d8f7d8d48378a61f4d3abf36bf8e189,"{""distance"":5,""physical_error_rate"":0.0002}","{""detection_events"":7879,""detectors_checked"":10780672}"
     93184,        15,         0,    3.05,standalone_exact_mw,cc95771e0bd58ea6a89c22fb016f20b51e176746ec2b43c37416d9fe9b0eecfa,"{""distance"":5,""physical_error_rate"":0.005}","{""detection_events"":370481,""detectors_checked"":20873216,""obs_mistake_mask=E"":15}"
      1297,         0,         0,   0.036,standalone_exact_mw,a08eb9916bd7e95ca8a954036fa5b6d2576fbe4960b891dec8536a92078ec5d6,"{""distance"":5,""physical_error_rate"":0.001}","{""detection_events"":1048,""detectors_checked"":290528}"
      1024,         0,         0,   0.052,standalone_exact_mw,a08eb9916bd7e95ca8a954036fa5b6d2576fbe4960b891dec8536a92078ec5d6,"{""distance"":5,""physical_error_rate"":0.001}","{""detection_events"":810,""detectors_checked"":229376}"
      1024,         0,         0,   0.031,standalone_exact_mw,a08eb9916bd7e95ca8a954036fa5b6d2576fbe4960b891dec8536a92078ec5d6,"{""distance"":5,""physical_error_rate"":0.001}","{""detection_events"":796,""detectors_checked"":229376}"
     27648,         0,         0,   0.408,standalone_exact_mw,e5b1593c0e383368e36e36cad39a29f258d2f8e653c88d1b733626fe43257e38,"{""distance"":5,""physical_error_rate"":0.0005}","{""detection_events"":11085,""detectors_checked"":6193152}"
      3072,        33,         0,    1.79,standalone_exact_mw,de6a295f210c83b37b518258a443dfad0a769b8b8d4d527e6134d1d534ff1ab2,"{""distance"":5,""physical_error_rate"":0.02}","{""detection_events"":45277,""detectors_checked"":688128,""obs_mistake_mask=E"":33}"
      1024,         6,         0,   0.680,standalone_exact_mw,de6a295f210c83b37b518258a443dfad0a769b8b8d4d527e6134d1d534ff1ab2,"{""distance"":5,""physical_error_rate"":0.02}","{""detection_events"":15532,""detectors_checked"":229376,""obs_mistake_mask=E"":6}"
      1024,         0,         0,   0.053,standalone_exact_mw,a08eb9916bd7e95ca8a954036fa5b6d2576fbe4960b891dec8536a92078ec5d6,"{""distance"":5,""physical_error_rate"":0.001}","{""detection_events"":711,""detectors_checked"":229376}"
      1024,         0,         0,   0.050,standalone_exact_mw,a08eb9916bd7e95ca8a954036fa5b6d2576fbe4960b891dec8536a92078ec5d6,"{""distance"":5,""physical_error_rate"":0.001}","{""detection_events"":837,""detectors_checked"":229376}"
      2048,         0,         0,   0.100,standalone_exact_mw,a08eb9916bd7e95ca8a954036fa5b6d2576fbe4960b891dec8536a92078ec5d6,"{""distance"":5,""physical_error_rate"":0.001}","{""detection_events"":1702,""detectors_checked"":458752}"
     50176,        11,         0,    3.05,standalone_exact_mw,cc95771e0bd58ea6a89c22fb016f20b51e176746ec2b43c37416d9fe9b0eecfa,"{""distance"":5,""physical_error_rate"":0.005}","{""detection_events"":200577,""detectors_checked"":11239424,""obs_mistake_mask=E"":11}"
      2048,         0,         0,   0.100,standalone_exact_mw,a08eb9916bd7e95ca8a954036fa5b6d2576fbe4960b891dec8536a92078ec5d6,"{""distance"":5,""physical_error_rate"":0.001}","{""detection_events"":1565,""detectors_checked"":458752}"
     72704,         0,         0,   0.567,standalone_exact_mw,72c27de2ebec78bb62b76c65eff3f0cc2d8f7d8d48378a61f4d3abf36bf8e189,"{""distance"":5,""physical_error_rate"":0.0002}","{""detection_events"":11970,""detectors_checked"":16285696}"
      3072,         0,         0,   0.150,standalone_exact_mw,a08eb9916bd7e95ca8a954036fa5b6d2576fbe4960b891dec8536a92078ec5d6,"{""distance"":5,""physical_error_rate"":0.001}","{""detection_events"":2477,""detectors_checked"":688128}"
     36864,         0,         0,   0.570,standalone_exact_mw,e5b1593c0e383368e36e36cad39a29f258d2f8e653c88d1b733626fe43257e38,"{""distance"":5,""physical_error_rate"":0.0005}","{""detection_events"":14791,""detectors_checked"":8257536}"
      3072,         0,         0,   0.150,standalone_exact_mw,a08eb9916bd7e95ca8a954036fa5b6d2576fbe4960b891dec8536a92078ec5d6,"{""distance"":5,""physical_error_rate"":0.001}","{""detection_events"":2448,""detectors_checked"":688128}"
      5120,         0,         0,   0.250,standalone_exact_mw,a08eb9916bd7e95ca8a954036fa5b6d2576fbe4960b891dec8536a92078ec5d6,"{""distance"":5,""physical_error_rate"":0.001}","{""detection_events"":4150,""detectors_checked"":1146880}"
     28672,        44,         0,    3.08,standalone_exact_mw,2222fd48ffc99c074beed89df8eb5cc98fa8d5ea3fc0ef340218310f146ac856,"{""distance"":5,""physical_error_rate"":0.01}","{""detection_events"":222729,""detectors_checked"":6422528,""obs_mistake_mask=E"":44}"
     60416,        11,         0,    2.23,standalone_exact_mw,cc95771e0bd58ea6a89c22fb016f20b51e176746ec2b43c37416d9fe9b0eecfa,"{""distance"":5,""physical_error_rate"":0.005}","{""detection_events"":238978,""detectors_checked"":13533184,""obs_mistake_mask=E"":11}"
      7168,         0,         0,   0.319,standalone_exact_mw,a08eb9916bd7e95ca8a954036fa5b6d2576fbe4960b891dec8536a92078ec5d6,"{""distance"":5,""physical_error_rate"":0.001}","{""detection_events"":5767,""detectors_checked"":1605632}"
    101376,         0,         0,   0.793,standalone_exact_mw,72c27de2ebec78bb62b76c65eff3f0cc2d8f7d8d48378a61f4d3abf36bf8e189,"{""distance"":5,""physical_error_rate"":0.0002}","{""detection_events"":16313,""detectors_checked"":22708224}"
      2048,        20,         0,    1.29,standalone_exact_mw,de6a295f210c83b37b518258a443dfad0a769b8b8d4d527e6134d1d534ff1ab2,"{""distance"":5,""physical_error_rate"":0.02}","{""detection_events"":30343,""detectors_checked"":458752,""obs_mistake_mask=E"":20}"
     51200,         0,         0,   0.802,standalone_exact_mw,e5b1593c0e383368e36e36cad39a29f258d2f8e653c88d1b733626fe43257e38,"{""distance"":5,""physical_error_rate"":0.0005}","{""detection_events"":20676,""detectors_checked"":11468800}"
      7168,        14,         0,    3.12,standalone_exact_mw,2222fd48ffc99c074beed89df8eb5cc98fa8d5ea3fc0ef340218310f146ac856,"{""distance"":5,""physical_error_rate"":0.01}","{""detection_events"":56230,""detectors_checked"":1605632,""obs_mistake_mask=E"":14}"
      6144,        71,         0,    2.24,standalone_exact_mw,de6a295f210c83b37b518258a443dfad0a769b8b8d4d527e6134d1d534ff1ab2,"{""distance"":5,""physical_error_rate"":0.02}","{""detection_events"":91888,""detectors_checked"":1376256,""obs_mistake_mask=E"":71}"
     11264,         0,         0,   0.423,standalone_exact_mw,a08eb9916bd7e95ca8a954036fa5b6d2576fbe4960b891dec8536a92078ec5d6,"{""distance"":5,""physical_error_rate"":0.001}","{""detection_events"":8859,""detectors_checked"":2523136}"
    186368,         0,         0,    2.16,standalone_exact_mw,da1b05328a50158d3ddc50a94fd8dc063895f28eb3c937e1bf932a9499513bc0,"{""distance"":5,""physical_error_rate"":5e-05}","{""detection_events"":7598,""detectors_checked"":41746432}"
    175104,         0,         0,    2.15,standalone_exact_mw,a1776e816afac70014f11f56bcdb5c816a7707d7213b56760e86cab507e42ef3,"{""distance"":5,""physical_error_rate"":0.0001}","{""detection_events"":14114,""detectors_checked"":39223296}"
     12288,        21,         0,    2.27,standalone_exact_mw,2222fd48ffc99c074beed89df8eb5cc98fa8d5ea3fc0ef340218310f146ac856,"{""distance"":5,""physical_error_rate"":0.01}","{""detection_events"":96520,""detectors_checked"":2752512,""obs_mistake_mask=E"":21}"
     14336,         0,         0,   0.565,standalone_exact_mw,a08eb9916bd7e95ca8a954036fa5b6d2576fbe4960b891dec8536a92078ec5d6,"{""distance"":5,""physical_error_rate"":0.001}","{""detection_events"":11474,""detectors_checked"":3211264}"
    136192,         0,         0,    1.11,standalone_exact_mw,72c27de2ebec78bb62b76c65eff3f0cc2d8f7d8d48378a61f4d3abf36bf8e189,"{""distance"":5,""physical_error_rate"":0.0002}","{""detection_events"":21898,""detectors_checked"":30507008}"
    104448,         0,         0,    1.11,standalone_exact_mw,e5b1593c0e383368e36e36cad39a29f258d2f8e653c88d1b733626fe43257e38,"{""distance"":5,""physical_error_rate"":0.0005}","{""detection_events"":42732,""detectors_checked"":23396352}"
      2048,        20,         0,    1.28,standalone_exact_mw,de6a295f210c83b37b518258a443dfad0a769b8b8d4d527e6134d1d534ff1ab2,"{""distance"":5,""physical_error_rate"":0.02}","{""detection_events"":30703,""detectors_checked"":458752,""obs_mistake_mask=E"":20}"
      4096,        45,         0,    2.86,standalone_exact_mw,de6a295f210c83b37b518258a443dfad0a769b8b8d4d527e6134d1d534ff1ab2,"{""distance"":5,""physical_error_rate"":0.02}","{""detection_events"":61387,""detectors_checked"":917504,""obs_mistake_mask=E"":45}"
     19456,         0,         0,   0.823,standalone_exact_mw,a08eb9916bd7e95ca8a954036fa5b6d2576fbe4960b891dec8536a92078ec5d6,"{""distance"":5,""physical_error_rate"":0.001}","{""detection_events"":15839,""detectors_checked"":4358144}"
    509952,         0,         0,    4.24,standalone_exact_mw,a1776e816afac70014f11f56bcdb5c816a7707d7213b56760e86cab507e42ef3,"{""distance"":5,""physical_error_rate"":0.0001}","{""detection_events"":41334,""detectors_checked"":114229248}"
    552960,         0,         0,    4.25,standalone_exact_mw,72c27de2ebec78bb62b76c65eff3f0cc2d8f7d8d48378a61f4d3abf36bf8e189,"{""distance"":5,""physical_error_rate"":0.0002}","{""detection_events"":90456,""detectors_checked"":123863040}"
    493568,         0,         0,    4.26,standalone_exact_mw,e5b1593c0e383368e36e36cad39a29f258d2f8e653c88d1b733626fe43257e38,"{""distance"":5,""physical_error_rate"":0.0005}","{""detection_events"":198232,""detectors_checked"":110559232}"
    610304,         0,         0,    4.26,standalone_exact_mw,da1b05328a50158d3ddc50a94fd8dc063895f28eb3c937e1bf932a9499513bc0,"{""distance"":5,""physical_error_rate"":5e-05}","{""detection_events"":24720,""detectors_checked"":136708096}"
    360448,         0,         0,    4.26,standalone_exact_mw,a08eb9916bd7e95ca8a954036fa5b6d2576fbe4960b891dec8536a92078ec5d6,"{""distance"":5,""physical_error_rate"":0.001}","{""detection_events"":292156,""detectors_checked"":80740352}"
    151552,         0,         0,    4.24,standalone_exact_mw,82cde5da083f9d53e67262bb98cd5aaa35303847977efb0685bd0a8870fdc07b,"{""distance"":5,""physical_error_rate"":0.002}","{""detection_events"":245670,""detectors_checked"":33947648}"
    342016,         0,         0,    4.23,standalone_exact_mw,a1776e816afac70014f11f56bcdb5c816a7707d7213b56760e86cab507e42ef3,"{""distance"":5,""physical_error_rate"":0.0001}","{""detection_events"":28030,""detectors_checked"":76611584}"
    234496,         0,         0,    4.24,standalone_exact_mw,da1b05328a50158d3ddc50a94fd8dc063895f28eb3c937e1bf932a9499513bc0,"{""distance"":5,""physical_error_rate"":5e-05}","{""detection_events"":9410,""detectors_checked"":52527104}"
    343040,         0,         0,    4.26,standalone_exact_mw,a1776e816afac70014f11f56bcdb5c816a7707d7213b56760e86cab507e42ef3,"{""distance"":5,""physical_error_rate"":0.0001}","{""detection_events"":28531,""detectors_checked"":76840960}"
    217088,         0,         0,    4.26,standalone_exact_mw,a08eb9916bd7e95ca8a954036fa5b6d2576fbe4960b891dec8536a92078ec5d6,"{""distance"":5,""physical_error_rate"":0.001}","{""detection_events"":175762,""detectors_checked"":48627712}"
    319488,         0,         0,    4.27,standalone_exact_mw,72c27de2ebec78bb62b76c65eff3f0cc2d8f7d8d48378a61f4d3abf36bf8e189,"{""distance"":5,""physical_error_rate"":0.0002}","{""detection_events"":51344,""detectors_checked"":71565312}"
    151552,         1,         0,    4.28,standalone_exact_mw,82cde5da083f9d53e67262bb98cd5aaa35303847977efb0685bd0a8870fdc07b,"{""distance"":5,""physical_error_rate"":0.002}","{""detection_events"":245029,""detectors_checked"":33947648,""obs_mistake_mask=E"":1}"
    293888,         0,         0,    4.28,standalone_exact_mw,72c27de2ebec78bb62b76c65eff3f0cc2d8f7d8d48378a61f4d3abf36bf8e189,"{""distance"":5,""physical_error_rate"":0.0002}","{""detection_events"":47856,""detectors_checked"":65830912}"
    131072,         0,         0,    4.28,standalone_exact_mw,e5b1593c0e383368e36e36cad39a29f258d2f8e653c88d1b733626fe43257e38,"{""distance"":5,""physical_error_rate"":0.0005}","{""detection_events"":52741,""detectors_checked"":29360128}"
    198656,         0,         0,    1.57,standalone_exact_mw,72c27de2ebec78bb62b76c65eff3f0cc2d8f7d8d48378a61f4d3abf36bf8e189,"{""distance"":5,""physical_error_rate"":0.0002}","{""detection_events"":32529,""detectors_checked"":44498944}"
    360448,         0,         0,    4.25,standalone_exact_mw,da1b05328a50158d3ddc50a94fd8dc063895f28eb3c937e1bf932a9499513bc0,"{""distance"":5,""physical_error_rate"":5e-05}","{""detection_events"":14280,""detectors_checked"":80740352}"
    271360,         0,         0,    4.27,standalone_exact_mw,e5b1593c0e383368e36e36cad39a29f258d2f8e653c88d1b733626fe43257e38,"{""distance"":5,""physical_error_rate"":0.0005}","{""detection_events"":110891,""detectors_checked"":60784640}"
     87040,         1,         0,    4.25,standalone_exact_mw,82cde5da083f9d53e67262bb98cd5aaa35303847977efb0685bd0a8870fdc07b,"{""distance"":5,""physical_error_rate"":0.002}","{""detection_events"":139500,""detectors_checked"":19496960,""obs_mistake_mask=E"":1}"
    150528,         0,         0,    1.55,standalone_exact_mw,e5b1593c0e383368e36e36cad39a29f258d2f8e653c88d1b733626fe43257e38,"{""distance"":5,""physical_error_rate"":0.0005}","{""detection_events"":60489,""detectors_checked"":33718272}"
    217088,         0,         0,    4.26,standalone_exact_mw,a08eb9916bd7e95ca8a954036fa5b6d2576fbe4960b891dec8536a92078ec5d6,"{""distance"":5,""physical_error_rate"":0.001}","{""detection_events"":175669,""detectors_checked"":48627712}"
     29696,         0,         0,    1.14,standalone_exact_mw,a08eb9916bd7e95ca8a954036fa5b6d2576fbe4960b891dec8536a92078ec5d6,"{""distance"":5,""physical_error_rate"":0.001}","{""detection_events"":24569,""detectors_checked"":6651904}"
     79872,        18,         0,    3.06,standalone_exact_mw,cc95771e0bd58ea6a89c22fb016f20b51e176746ec2b43c37416d9fe9b0eecfa,"{""distance"":5,""physical_error_rate"":0.005}","{""detection_events"":318018,""detectors_checked"":17891328,""obs_mistake_mask=E"":18}"
    111616,        16,         0,    4.30,standalone_exact_mw,cc95771e0bd58ea6a89c22fb016f20b51e176746ec2b43c37416d9fe9b0eecfa,"{""distance"":5,""physical_error_rate"":0.005}","{""detection_events"":442178,""detectors_checked"":25001984,""obs_mistake_mask=E"":16}"
     56320,        14,         0,    4.39,standalone_exact_mw,cc95771e0bd58ea6a89c22fb016f20b51e176746ec2b43c37416d9fe9b0eecfa,"{""distance"":5,""physical_error_rate"":0.005}","{""detection_events"":223585,""detectors_checked"":12615680,""obs_mistake_mask=E"":14}"
      4096,        53,         0,    2.15,standalone_exact_mw,de6a295f210c83b37b518258a443dfad0a769b8b8d4d527e6134d1d534ff1ab2,"{""distance"":5,""physical_error_rate"":0.02}","{""detection_events"":61395,""detectors_checked"":917504,""obs_mistake_mask=E"":53}"
      9216,        86,         0,    3.24,standalone_exact_mw,de6a295f210c83b37b518258a443dfad0a769b8b8d4d527e6134d1d534ff1ab2,"{""distance"":5,""physical_error_rate"":0.02}","{""detection_events"":136844,""detectors_checked"":2064384,""obs_mistake_mask=E"":86}"
    311296,         0,         0,    3.00,standalone_exact_mw,da1b05328a50158d3ddc50a94fd8dc063895f28eb3c937e1bf932a9499513bc0,"{""distance"":5,""physical_error_rate"":5e-05}","{""detection_events"":12621,""detectors_checked"":69730304}"
    243712,         0,         0,    3.05,standalone_exact_mw,a1776e816afac70014f11f56bcdb5c816a7707d7213b56760e86cab507e42ef3,"{""distance"":5,""physical_error_rate"":0.0001}","{""detection_events"":19953,""detectors_checked"":54591488}"
     21504,        34,         0,    3.11,standalone_exact_mw,2222fd48ffc99c074beed89df8eb5cc98fa8d5ea3fc0ef340218310f146ac856,"{""distance"":5,""physical_error_rate"":0.01}","{""detection_events"":167629,""detectors_checked"":4816896,""obs_mistake_mask=E"":34}"
     34816,        47,         0,    4.33,standalone_exact_mw,2222fd48ffc99c074beed89df8eb5cc98fa8d5ea3fc0ef340218310f146ac856,"{""distance"":5,""physical_error_rate"":0.01}","{""detection_events"":269084,""detectors_checked"":7798784,""obs_mistake_mask=E"":47}"
     39936,         0,         0,    1.57,standalone_exact_mw,a08eb9916bd7e95ca8a954036fa5b6d2576fbe4960b891dec8536a92078ec5d6,"{""distance"":5,""physical_error_rate"":0.001}","{""detection_events"":32008,""detectors_checked"":8945664}"
     13312,        27,         0,    4.55,standalone_exact_mw,2222fd48ffc99c074beed89df8eb5cc98fa8d5ea3fc0ef340218310f146ac856,"{""distance"":5,""physical_error_rate"":0.01}","{""detection_events"":103287,""detectors_checked"":2981888,""obs_mistake_mask=E"":27}"
      3072,        39,         0,    3.06,standalone_exact_mw,de6a295f210c83b37b518258a443dfad0a769b8b8d4d527e6134d1d534ff1ab2,"{""distance"":5,""physical_error_rate"":0.02}","{""detection_events"":45649,""detectors_checked"":688128,""obs_mistake_mask=E"":39}"
    292864,         0,         0,    2.17,standalone_exact_mw,72c27de2ebec78bb62b76c65eff3f0cc2d8f7d8d48378a61f4d3abf36bf8e189,"{""distance"":5,""physical_error_rate"":0.0002}","{""detection_events"":47769,""detectors_checked"":65601536}"
    225280,         0,         0,    2.18,standalone_exact_mw,e5b1593c0e383368e36e36cad39a29f258d2f8e653c88d1b733626fe43257e38,"{""distance"":5,""physical_error_rate"":0.0005}","{""detection_events"":91847,""detectors_checked"":50462720}"
      4096,        41,         0,    2.60,standalone_exact_mw,de6a295f210c83b37b518258a443dfad0a769b8b8d4d527e6134d1d534ff1ab2,"{""distance"":5,""physical_error_rate"":0.02}","{""detection_events"":61405,""detectors_checked"":917504,""obs_mistake_mask=E"":41}"
     64512,         0,         0,    2.18,standalone_exact_mw,a08eb9916bd7e95ca8a954036fa5b6d2576fbe4960b891dec8536a92078ec5d6,"{""distance"":5,""physical_error_rate"":0.001}","{""detection_events"":53056,""detectors_checked"":14450688}"
    124928,        35,         0,    4.27,standalone_exact_mw,cc95771e0bd58ea6a89c22fb016f20b51e176746ec2b43c37416d9fe9b0eecfa,"{""distance"":5,""physical_error_rate"":0.005}","{""detection_events"":495449,""detectors_checked"":27983872,""obs_mistake_mask=E"":35}"
    424960,         0,         0,    3.04,standalone_exact_mw,72c27de2ebec78bb62b76c65eff3f0cc2d8f7d8d48378a61f4d3abf36bf8e189,"{""distance"":5,""physical_error_rate"":0.0002}","{""detection_events"":69209,""detectors_checked"":95191040}"
    655360,         0,         0,    4.25,standalone_exact_mw,da1b05328a50158d3ddc50a94fd8dc063895f28eb3c937e1bf932a9499513bc0,"{""distance"":5,""physical_error_rate"":5e-05}","{""detection_events"":26668,""detectors_checked"":146800640}"
    484352,         0,         0,    4.26,standalone_exact_mw,a1776e816afac70014f11f56bcdb5c816a7707d7213b56760e86cab507e42ef3,"{""distance"":5,""physical_error_rate"":0.0001}","{""detection_events"":40018,""detectors_checked"":108494848}"
     12288,       133,         0,    4.48,standalone_exact_mw,de6a295f210c83b37b518258a443dfad0a769b8b8d4d527e6134d1d534ff1ab2,"{""distance"":5,""physical_error_rate"":0.02}","{""detection_events"":183553,""detectors_checked"":2752512,""obs_mistake_mask=E"":133}"
    331776,         0,         0,    3.04,standalone_exact_mw,e5b1593c0e383368e36e36cad39a29f258d2f8e653c88d1b733626fe43257e38,"{""distance"":5,""physical_error_rate"":0.0005}","{""detection_events"":134709,""detectors_checked"":74317824}"
      3072,        23,         0,    1.97,standalone_exact_mw,de6a295f210c83b37b518258a443dfad0a769b8b8d4d527e6134d1d534ff1ab2,"{""distance"":5,""physical_error_rate"":0.02}","{""detection_events"":45772,""detectors_checked"":688128,""obs_mistake_mask=E"":23}"
    521216,         0,         0,    5.95,standalone_exact_mw,e5b1593c0e383368e36e36cad39a29f258d2f8e653c88d1b733626fe43257e38,"{""distance"":5,""physical_error_rate"":0.0005}","{""detection_events"":211781,""detectors_checked"":116752384}"
    480256,         0,         0,    5.94,standalone_exact_mw,a1776e816afac70014f11f56bcdb5c816a7707d7213b56760e86cab507e42ef3,"{""distance"":5,""physical_error_rate"":0.0001}","{""detection_events"":38743,""detectors_checked"":107577344}"
    632832,         0,         0,    5.95,standalone_exact_mw,72c27de2ebec78bb62b76c65eff3f0cc2d8f7d8d48378a61f4d3abf36bf8e189,"{""distance"":5,""physical_error_rate"":0.0002}","{""detection_events"":104367,""detectors_checked"":141754368}"
     30720,        51,         0,    4.35,standalone_exact_mw,2222fd48ffc99c074beed89df8eb5cc98fa8d5ea3fc0ef340218310f146ac856,"{""distance"":5,""physical_error_rate"":0.01}","{""detection_events"":239700,""detectors_checked"":6881280,""obs_mistake_mask=E"":51}"
    669696,         0,         0,    5.96,standalone_exact_mw,da1b05328a50158d3ddc50a94fd8dc063895f28eb3c937e1bf932a9499513bc0,"{""distance"":5,""physical_error_rate"":5e-05}","{""detection_events"":27283,""detectors_checked"":150011904}"
    480256,         1,         0,    5.97,standalone_exact_mw,a08eb9916bd7e95ca8a954036fa5b6d2576fbe4960b891dec8536a92078ec5d6,"{""distance"":5,""physical_error_rate"":0.001}","{""detection_events"":388629,""detectors_checked"":107577344,""obs_mistake_mask=E"":1}"
    374784,         0,         0,    5.97,standalone_exact_mw,a1776e816afac70014f11f56bcdb5c816a7707d7213b56760e86cab507e42ef3,"{""distance"":5,""physical_error_rate"":0.0001}","{""detection_events"":30826,""detectors_checked"":83951616}"
    217088,         1,         0,    5.99,standalone_exact_mw,82cde5da083f9d53e67262bb98cd5aaa35303847977efb0685bd0a8870fdc07b,"{""distance"":5,""physical_error_rate"":0.002}","{""detection_events"":347617,""detectors_checked"":48627712,""obs_mistake_mask=E"":1}"
    439296,         0,         0,    5.97,standalone_exact_mw,da1b05328a50158d3ddc50a94fd8dc063895f28eb3c937e1bf932a9499513bc0,"{""distance"":5,""physical_error_rate"":5e-05}","{""detection_events"":18201,""detectors_checked"":98402304}"
    482304,         0,         0,    5.96,standalone_exact_mw,a1776e816afac70014f11f56bcdb5c816a7707d7213b56760e86cab507e42ef3,"{""distance"":5,""physical_error_rate"":0.0001}","{""detection_events"":39522,""detectors_checked"":108036096}"
    222208,         1,         0,    5.97,standalone_exact_mw,a08eb9916bd7e95ca8a954036fa5b6d2576fbe4960b891dec8536a92078ec5d6,"{""distance"":5,""physical_error_rate"":0.001}","{""detection_events"":179877,""detectors_checked"":49774592,""obs_mistake_mask=E"":1}"
    376832,         0,         0,    5.96,standalone_exact_mw,72c27de2ebec78bb62b76c65eff3f0cc2d8f7d8d48378a61f4d3abf36bf8e189,"{""distance"":5,""physical_error_rate"":0.0002}","{""detection_events"":61219,""detectors_checked"":84410368}"
    229376,         3,         0,    5.97,standalone_exact_mw,82cde5da083f9d53e67262bb98cd5aaa35303847977efb0685bd0a8870fdc07b,"{""distance"":5,""physical_error_rate"":0.002}","{""detection_events"":369207,""detectors_checked"":51380224,""obs_mistake_mask=E"":3}"
    396288,         0,         0,    5.96,standalone_exact_mw,72c27de2ebec78bb62b76c65eff3f0cc2d8f7d8d48378a61f4d3abf36bf8e189,"{""distance"":5,""physical_error_rate"":0.0002}","{""detection_events"":63483,""detectors_checked"":88768512}"
      4096,        43,         0,    3.88,standalone_exact_mw,de6a295f210c83b37b518258a443dfad0a769b8b8d4d527e6134d1d534ff1ab2,"{""distance"":5,""physical_error_rate"":0.02}","{""detection_events"":60231,""detectors_checked"":917504,""obs_mistake_mask=E"":43}"
    226304,         0,         0,    5.97,standalone_exact_mw,e5b1593c0e383368e36e36cad39a29f258d2f8e653c88d1b733626fe43257e38,"{""distance"":5,""physical_error_rate"":0.0005}","{""detection_events"":91495,""detectors_checked"":50692096}"
    500736,         0,         0,    5.93,standalone_exact_mw,da1b05328a50158d3ddc50a94fd8dc063895f28eb3c937e1bf932a9499513bc0,"{""distance"":5,""physical_error_rate"":5e-05}","{""detection_events"":20954,""detectors_checked"":112164864}"
    381952,         0,         0,    5.96,standalone_exact_mw,e5b1593c0e383368e36e36cad39a29f258d2f8e653c88d1b733626fe43257e38,"{""distance"":5,""physical_error_rate"":0.0005}","{""detection_events"":155141,""detectors_checked"":85557248}"
    221184,         0,         0,    5.96,standalone_exact_mw,82cde5da083f9d53e67262bb98cd5aaa35303847977efb0685bd0a8870fdc07b,"{""distance"":5,""physical_error_rate"":0.002}","{""detection_events"":357829,""detectors_checked"":49545216}"
    299008,         0,         0,    5.97,standalone_exact_mw,a08eb9916bd7e95ca8a954036fa5b6d2576fbe4960b891dec8536a92078ec5d6,"{""distance"":5,""physical_error_rate"":0.001}","{""detection_events"":242875,""detectors_checked"":66977792}"
    150528,        31,         0,    5.96,standalone_exact_mw,cc95771e0bd58ea6a89c22fb016f20b51e176746ec2b43c37416d9fe9b0eecfa,"{""distance"":5,""physical_error_rate"":0.005}","{""detection_events"":598884,""detectors_checked"":33718272,""obs_mistake_mask=E"":31}"
      1297,         0,         0,   0.031,standalone_exact_mw,82cde5da083f9d53e67262bb98cd5aaa35303847977efb0685bd0a8870fdc07b,"{""distance"":5,""physical_error_rate"":0.002}","{""detection_events"":2069,""detectors_checked"":290528}"
      1024,         0,         0,   0.015,standalone_exact_mw,82cde5da083f9d53e67262bb98cd5aaa35303847977efb0685bd0a8870fdc07b,"{""distance"":5,""physical_error_rate"":0.002}","{""detection_events"":1661,""detectors_checked"":229376}"
      2048,         0,         0,   0.027,standalone_exact_mw,82cde5da083f9d53e67262bb98cd5aaa35303847977efb0685bd0a8870fdc07b,"{""distance"":5,""physical_error_rate"":0.002}","{""detection_events"":3353,""detectors_checked"":458752}"
      2048,         0,         0,   0.028,standalone_exact_mw,82cde5da083f9d53e67262bb98cd5aaa35303847977efb0685bd0a8870fdc07b,"{""distance"":5,""physical_error_rate"":0.002}","{""detection_events"":3366,""detectors_checked"":458752}"
      3072,         0,         0,   0.041,standalone_exact_mw,82cde5da083f9d53e67262bb98cd5aaa35303847977efb0685bd0a8870fdc07b,"{""distance"":5,""physical_error_rate"":0.002}","{""detection_events"":4903,""detectors_checked"":688128}"
      4096,         0,         0,   0.068,standalone_exact_mw,82cde5da083f9d53e67262bb98cd5aaa35303847977efb0685bd0a8870fdc07b,"{""distance"":5,""physical_error_rate"":0.002}","{""detection_events"":6745,""detectors_checked"":917504}"
       273,         0,         0,   0.012,standalone_exact_mw,cc95771e0bd58ea6a89c22fb016f20b51e176746ec2b43c37416d9fe9b0eecfa,"{""distance"":5,""physical_error_rate"":0.005}","{""detection_events"":1144,""detectors_checked"":61152}"
      3072,         1,         0,   0.085,standalone_exact_mw,82cde5da083f9d53e67262bb98cd5aaa35303847977efb0685bd0a8870fdc07b,"{""distance"":5,""physical_error_rate"":0.002}","{""detection_events"":4894,""detectors_checked"":688128,""obs_mistake_mask=E"":1}"
      1024,         0,         0,   0.061,standalone_exact_mw,cc95771e0bd58ea6a89c22fb016f20b51e176746ec2b43c37416d9fe9b0eecfa,"{""distance"":5,""physical_error_rate"":0.005}","{""detection_events"":4283,""detectors_checked"":229376}"
     59392,         9,         0,    6.03,standalone_exact_mw,cc95771e0bd58ea6a89c22fb016f20b51e176746ec2b43c37416d9fe9b0eecfa,"{""distance"":5,""physical_error_rate"":0.005}","{""detection_events"":236826,""detectors_checked"":13303808,""obs_mistake_mask=E"":9}"
      1024,         0,         0,   0.075,standalone_exact_mw,cc95771e0bd58ea6a89c22fb016f20b51e176746ec2b43c37416d9fe9b0eecfa,"{""distance"":5,""physical_error_rate"":0.005}","{""detection_events"":4026,""detectors_checked"":229376}"
      5120,         0,         0,   0.105,standalone_exact_mw,82cde5da083f9d53e67262bb98cd5aaa35303847977efb0685bd0a8870fdc07b,"{""distance"":5,""physical_error_rate"":0.002}","{""detection_events"":8326,""detectors_checked"":1146880}"
      1024,         0,         0,   0.059,standalone_exact_mw,cc95771e0bd58ea6a89c22fb016f20b51e176746ec2b43c37416d9fe9b0eecfa,"{""distance"":5,""physical_error_rate"":0.005}","{""detection_events"":4083,""detectors_checked"":229376}"
      1024,         0,         0,   0.047,standalone_exact_mw,cc95771e0bd58ea6a89c22fb016f20b51e176746ec2b43c37416d9fe9b0eecfa,"{""distance"":5,""physical_error_rate"":0.005}","{""detection_events"":4006,""detectors_checked"":229376}"
     10240,         0,         0,   0.152,standalone_exact_mw,82cde5da083f9d53e67262bb98cd5aaa35303847977efb0685bd0a8870fdc07b,"{""distance"":5,""physical_error_rate"":0.002}","{""detection_events"":16165,""detectors_checked"":2293760}"
      1024,         0,         0,   0.056,standalone_exact_mw,cc95771e0bd58ea6a89c22fb016f20b51e176746ec2b43c37416d9fe9b0eecfa,"{""distance"":5,""physical_error_rate"":0.005}","{""detection_events"":4198,""detectors_checked"":229376}"
    121856,         0,         0,    3.04,standalone_exact_mw,a08eb9916bd7e95ca8a954036fa5b6d2576fbe4960b891dec8536a92078ec5d6,"{""distance"":5,""physical_error_rate"":0.001}","{""detection_events"":98446,""detectors_checked"":27295744}"
      2048,         0,         0,   0.132,standalone_exact_mw,cc95771e0bd58ea6a89c22fb016f20b51e176746ec2b43c37416d9fe9b0eecfa,"{""distance"":5,""physical_error_rate"":0.005}","{""detection_events"":8287,""detectors_checked"":458752}"
     11264,         1,         0,   0.212,standalone_exact_mw,82cde5da083f9d53e67262bb98cd5aaa35303847977efb0685bd0a8870fdc07b,"{""distance"":5,""physical_error_rate"":0.002}","{""detection_events"":18378,""detectors_checked"":2523136,""obs_mistake_mask=E"":1}"
         1,         0,         0,   0.001,standalone_exact_mw,2222fd48ffc99c074beed89df8eb5cc98fa8d5ea3fc0ef340218310f146ac856,"{""distance"":5,""physical_error_rate"":0.01}","{""detection_events"":7,""detectors_checked"":224}"
      2048,         1,         0,   0.113,standalone_exact_mw,cc95771e0bd58ea6a89c22fb016f20b51e176746ec2b43c37416d9fe9b0eecfa,"{""distance"":5,""physical_error_rate"":0.005}","{""detection_events"":7991,""detectors_checked"":458752,""obs_mistake_mask=E"":1}"
       272,         0,         0,   0.060,standalone_exact_mw,2222fd48ffc99c074beed89df8eb5cc98fa8d5ea3fc0ef340218310f146ac856,"{""distance"":5,""physical_error_rate"":0.01}","{""detection_events"":2088,""detectors_checked"":60928}"
      3072,         0,         0,   0.187,standalone_exact_mw,cc95771e0bd58ea6a89c22fb016f20b51e176746ec2b43c37416d9fe9b0eecfa,"{""distance"":5,""physical_error_rate"":0.005}","{""detection_events"":12134,""detectors_checked"":688128}"
     20480,         0,         0,   0.311,standalone_exact_mw,82cde5da083f9d53e67262bb98cd5aaa35303847977efb0685bd0a8870fdc07b,"{""distance"":5,""physical_error_rate"":0.002}","{""detection_events"":32507,""detectors_checked"":4587520}"
     55296,        75,         0,    6.15,standalone_exact_mw,2222fd48ffc99c074beed89df8eb5cc98fa8d5ea3fc0ef340218310f146ac856,"{""distance"":5,""physical_error_rate"":0.01}","{""detection_events"":430044,""detectors_checked"":12386304,""obs_mistake_mask=E"":75}"
      1024,         0,         0,   0.298,standalone_exact_mw,2222fd48ffc99c074beed89df8eb5cc98fa8d5ea3fc0ef340218310f146ac856,"{""distance"":5,""physical_error_rate"":0.01}","{""detection_events"":7962,""detectors_checked"":229376}"
      4096,         0,         0,   0.246,standalone_exact_mw,cc95771e0bd58ea6a89c22fb016f20b51e176746ec2b43c37416d9fe9b0eecfa,"{""distance"":5,""physical_error_rate"":0.005}","{""detection_events"":16308,""detectors_checked"":917504}"
      1024,         1,         0,   0.300,standalone_exact_mw,2222fd48ffc99c074beed89df8eb5cc98fa8d5ea3fc0ef340218310f146ac856,"{""distance"":5,""physical_error_rate"":0.01}","{""detection_events"":8015,""detectors_checked"":229376,""obs_mistake_mask=E"":1}"
     22528,         0,         0,   0.409,standalone_exact_mw,82cde5da083f9d53e67262bb98cd5aaa35303847977efb0685bd0a8870fdc07b,"{""distance"":5,""physical_error_rate"":0.002}","{""detection_events"":36980,""detectors_checked"":5046272}"
      5120,         1,         0,   0.324,standalone_exact_mw,cc95771e0bd58ea6a89c22fb016f20b51e176746ec2b43c37416d9fe9b0eecfa,"{""distance"":5,""physical_error_rate"":0.005}","{""detection_events"":20239,""detectors_checked"":1146880,""obs_mistake_mask=E"":1}"
      1024,         2,         0,   0.232,standalone_exact_mw,2222fd48ffc99c074beed89df8eb5cc98fa8d5ea3fc0ef340218310f146ac856,"{""distance"":5,""physical_error_rate"":0.01}","{""detection_events"":7792,""detectors_checked"":229376,""obs_mistake_mask=E"":2}"
     22528,        23,         0,    6.13,standalone_exact_mw,2222fd48ffc99c074beed89df8eb5cc98fa8d5ea3fc0ef340218310f146ac856,"{""distance"":5,""physical_error_rate"":0.01}","{""detection_events"":175886,""detectors_checked"":5046272,""obs_mistake_mask=E"":23}"
      1024,         4,         0,   0.297,standalone_exact_mw,2222fd48ffc99c074beed89df8eb5cc98fa8d5ea3fc0ef340218310f146ac856,"{""distance"":5,""physical_error_rate"":0.01}","{""detection_events"":8115,""detectors_checked"":229376,""obs_mistake_mask=E"":4}"
      6144,         0,         0,   0.414,standalone_exact_mw,cc95771e0bd58ea6a89c22fb016f20b51e176746ec2b43c37416d9fe9b0eecfa,"{""distance"":5,""physical_error_rate"":0.005}","{""detection_events"":24775,""detectors_checked"":1376256}"
     35840,         0,         0,   0.571,standalone_exact_mw,82cde5da083f9d53e67262bb98cd5aaa35303847977efb0685bd0a8870fdc07b,"{""distance"":5,""physical_error_rate"":0.002}","{""detection_events"":57937,""detectors_checked"":8028160}"
      1024,         2,         0,   0.331,standalone_exact_mw,2222fd48ffc99c074beed89df8eb5cc98fa8d5ea3fc0ef340218310f146ac856,"{""distance"":5,""physical_error_rate"":0.01}","{""detection_events"":8003,""detectors_checked"":229376,""obs_mistake_mask=E"":2}"
      9216,         1,         0,   0.569,standalone_exact_mw,cc95771e0bd58ea6a89c22fb016f20b51e176746ec2b43c37416d9fe9b0eecfa,"{""distance"":5,""physical_error_rate"":0.005}","{""detection_events"":37177,""detectors_checked"":2064384,""obs_mistake_mask=E"":1}"
      1024,         3,         0,   0.291,standalone_exact_mw,2222fd48ffc99c074beed89df8eb5cc98fa8d5ea3fc0ef340218310f146ac856,"{""distance"":5,""physical_error_rate"":0.01}","{""detection_events"":8027,""detectors_checked"":229376,""obs_mistake_mask=E"":3}"
     48128,         1,         0,   0.811,standalone_exact_mw,82cde5da083f9d53e67262bb98cd5aaa35303847977efb0685bd0a8870fdc07b,"{""distance"":5,""physical_error_rate"":0.002}","{""detection_events"":77922,""detectors_checked"":10780672,""obs_mistake_mask=E"":1}"
      1024,         0,         0,   0.270,standalone_exact_mw,2222fd48ffc99c074beed89df8eb5cc98fa8d5ea3fc0ef340218310f146ac856,"{""distance"":5,""physical_error_rate"":0.01}","{""detection_events"":7591,""detectors_checked"":229376}"
    422912,         0,         0,    4.26,standalone_exact_mw,72c27de2ebec78bb62b76c65eff3f0cc2d8f7d8d48378a61f4d3abf36bf8e189,"{""distance"":5,""physical_error_rate"":0.0002}","{""detection_events"":67996,""detectors_checked"":94732288}"
      1024,         3,         0,   0.271,standalone_exact_mw,2222fd48ffc99c074beed89df8eb5cc98fa8d5ea3fc0ef340218310f146ac856,"{""distance"":5,""physical_error_rate"":0.01}","{""detection_events"":7659,""detectors_checked"":229376,""obs_mistake_mask=E"":3}"
    483328,         0,         0,    4.25,standalone_exact_mw,e5b1593c0e383368e36e36cad39a29f258d2f8e653c88d1b733626fe43257e38,"{""distance"":5,""physical_error_rate"":0.0005}","{""detection_events"":196254,""detectors_checked"":108265472}"
     13312,         2,         0,   0.812,standalone_exact_mw,cc95771e0bd58ea6a89c22fb016f20b51e176746ec2b43c37416d9fe9b0eecfa,"{""distance"":5,""physical_error_rate"":0.005}","{""detection_events"":52471,""detectors_checked"":2981888,""obs_mistake_mask=E"":2}"
      1024,         0,         0,   0.286,standalone_exact_mw,2222fd48ffc99c074beed89df8eb5cc98fa8d5ea3fc0ef340218310f146ac856,"{""distance"":5,""physical_error_rate"":0.01}","{""detection_events"":8113,""detectors_checked"":229376}"
      2048,         4,         0,   0.491,standalone_exact_mw,2222fd48ffc99c074beed89df8eb5cc98fa8d5ea3fc0ef340218310f146ac856,"{""distance"":5,""physical_error_rate"":0.01}","{""detection_events"":15969,""detectors_checked"":458752,""obs_mistake_mask=E"":4}"
     67584,         0,         0,    1.11,standalone_exact_mw,82cde5da083f9d53e67262bb98cd5aaa35303847977efb0685bd0a8870fdc07b,"{""distance"":5,""physical_error_rate"":0.002}","{""detection_events"":108787,""detectors_checked"":15138816}"
    164864,        26,         0,    5.99,standalone_exact_mw,cc95771e0bd58ea6a89c22fb016f20b51e176746ec2b43c37416d9fe9b0eecfa,"{""distance"":5,""physical_error_rate"":0.005}","{""detection_events"":655418,""detectors_checked"":36929536,""obs_mistake_mask=E"":26}"
     18432,         5,         0,    1.14,standalone_exact_mw,cc95771e0bd58ea6a89c22fb016f20b51e176746ec2b43c37416d9fe9b0eecfa,"{""distance"":5,""physical_error_rate"":0.005}","{""detection_events"":73433,""detectors_checked"":4128768,""obs_mistake_mask=E"":5}"
      3072,         6,         0,   0.804,standalone_exact_mw,2222fd48ffc99c074beed89df8eb5cc98fa8d5ea3fc0ef340218310f146ac856,"{""distance"":5,""physical_error_rate"":0.01}","{""detection_events"":24112,""detectors_checked"":688128,""obs_mistake_mask=E"":6}"
    868352,         0,         0,    5.96,standalone_exact_mw,da1b05328a50158d3ddc50a94fd8dc063895f28eb3c937e1bf932a9499513bc0,"{""distance"":5,""physical_error_rate"":5e-05}","{""detection_events"":34793,""detectors_checked"":194510848}"
    833536,         0,         0,    5.96,standalone_exact_mw,a1776e816afac70014f11f56bcdb5c816a7707d7213b56760e86cab507e42ef3,"{""distance"":5,""physical_error_rate"":0.0001}","{""detection_events"":67979,""detectors_checked"":186712064}"
    218112,         0,         0,    4.25,standalone_exact_mw,a08eb9916bd7e95ca8a954036fa5b6d2576fbe4960b891dec8536a92078ec5d6,"{""distance"":5,""physical_error_rate"":0.001}","{""detection_events"":176036,""detectors_checked"":48857088}"
     55296,        85,         0,    6.05,standalone_exact_mw,2222fd48ffc99c074beed89df8eb5cc98fa8d5ea3fc0ef340218310f146ac856,"{""distance"":5,""physical_error_rate"":0.01}","{""detection_events"":430116,""detectors_checked"":12386304,""obs_mistake_mask=E"":85}"
     96256,         2,         0,    1.56,standalone_exact_mw,82cde5da083f9d53e67262bb98cd5aaa35303847977efb0685bd0a8870fdc07b,"{""distance"":5,""physical_error_rate"":0.002}","{""detection_events"":155117,""detectors_checked"":21561344,""obs_mistake_mask=E"":2}"
      3072,         6,         0,   0.810,standalone_exact_mw,2222fd48ffc99c074beed89df8eb5cc98fa8d5ea3fc0ef340218310f146ac856,"{""distance"":5,""physical_error_rate"":0.01}","{""detection_events"":23785,""detectors_checked"":688128,""obs_mistake_mask=E"":6}"
     33792,        10,         0,    1.55,standalone_exact_mw,cc95771e0bd58ea6a89c22fb016f20b51e176746ec2b43c37416d9fe9b0eecfa,"{""distance"":5,""physical_error_rate"":0.005}","{""detection_events"":135735,""detectors_checked"":7569408,""obs_mistake_mask=E"":10}"
      5120,         6,         0,    1.38,standalone_exact_mw,2222fd48ffc99c074beed89df8eb5cc98fa8d5ea3fc0ef340218310f146ac856,"{""distance"":5,""physical_error_rate"":0.01}","{""detection_events"":40265,""detectors_checked"":1146880,""obs_mistake_mask=E"":6}"
    675840,         0,         0,    8.30,standalone_exact_mw,72c27de2ebec78bb62b76c65eff3f0cc2d8f7d8d48378a61f4d3abf36bf8e189,"{""distance"":5,""physical_error_rate"":0.0002}","{""detection_events"":109833,""detectors_checked"":151388160}"
    662528,         0,         0,    8.31,standalone_exact_mw,a1776e816afac70014f11f56bcdb5c816a7707d7213b56760e86cab507e42ef3,"{""distance"":5,""physical_error_rate"":0.0001}","{""detection_events"":53674,""detectors_checked"":148406272}"
    521216,         0,         0,    8.36,standalone_exact_mw,e5b1593c0e383368e36e36cad39a29f258d2f8e653c88d1b733626fe43257e38,"{""distance"":5,""physical_error_rate"":0.0005}","{""detection_events"":212674,""detectors_checked"":116752384}"
    673792,         0,         0,    8.35,standalone_exact_mw,da1b05328a50158d3ddc50a94fd8dc063895f28eb3c937e1bf932a9499513bc0,"{""distance"":5,""physical_error_rate"":5e-05}","{""detection_events"":27602,""detectors_checked"":150929408}"
    610304,         1,         0,    8.35,standalone_exact_mw,a08eb9916bd7e95ca8a954036fa5b6d2576fbe4960b891dec8536a92078ec5d6,"{""distance"":5,""physical_error_rate"":0.001}","{""detection_events"":494174,""detectors_checked"":136708096,""obs_mistake_mask=E"":1}"
    128000,         0,         0,    2.19,standalone_exact_mw,82cde5da083f9d53e67262bb98cd5aaa35303847977efb0685bd0a8870fdc07b,"{""distance"":5,""physical_error_rate"":0.002}","{""detection_events"":205569,""detectors_checked"":28672000}"
    670720,         0,         0,    8.28,standalone_exact_mw,a1776e816afac70014f11f56bcdb5c816a7707d7213b56760e86cab507e42ef3,"{""distance"":5,""physical_error_rate"":0.0001}","{""detection_events"":54604,""detectors_checked"":150241280}"
    361472,         5,         0,    8.36,standalone_exact_mw,82cde5da083f9d53e67262bb98cd5aaa35303847977efb0685bd0a8870fdc07b,"{""distance"":5,""physical_error_rate"":0.002}","{""detection_events"":581614,""detectors_checked"":80969728,""obs_mistake_mask=E"":5}"
    706560,         0,         0,    8.35,standalone_exact_mw,da1b05328a50158d3ddc50a94fd8dc063895f28eb3c937e1bf932a9499513bc0,"{""distance"":5,""physical_error_rate"":5e-05}","{""detection_events"":28825,""detectors_checked"":158269440}"
    658432,         0,         0,    8.33,standalone_exact_mw,a1776e816afac70014f11f56bcdb5c816a7707d7213b56760e86cab507e42ef3,"{""distance"":5,""physical_error_rate"":0.0001}","{""detection_events"":53312,""detectors_checked"":147488768}"
    396288,         0,         0,    8.33,standalone_exact_mw,a08eb9916bd7e95ca8a954036fa5b6d2576fbe4960b891dec8536a92078ec5d6,"{""distance"":5,""physical_error_rate"":0.001}","{""detection_events"":321165,""detectors_checked"":88768512}"
    593920,         1,         0,    8.33,standalone_exact_mw,72c27de2ebec78bb62b76c65eff3f0cc2d8f7d8d48378a61f4d3abf36bf8e189,"{""distance"":5,""physical_error_rate"":0.0002}","{""detection_events"":96238,""detectors_checked"":133038080,""obs_mistake_mask=E"":1}"
    629760,         0,         0,    8.34,standalone_exact_mw,72c27de2ebec78bb62b76c65eff3f0cc2d8f7d8d48378a61f4d3abf36bf8e189,"{""distance"":5,""physical_error_rate"":0.0002}","{""detection_events"":102804,""detectors_checked"":141066240}"
    294912,         7,         0,    8.32,standalone_exact_mw,82cde5da083f9d53e67262bb98cd5aaa35303847977efb0685bd0a8870fdc07b,"{""distance"":5,""physical_error_rate"":0.002}","{""detection_events"":475329,""detectors_checked"":66060288,""obs_mistake_mask=E"":7}"
    540672,         0,         0,    8.35,standalone_exact_mw,e5b1593c0e383368e36e36cad39a29f258d2f8e653c88d1b733626fe43257e38,"{""distance"":5,""physical_error_rate"":0.0005}","{""detection_events"":220370,""detectors_checked"":121110528}"
    692224,         0,         0,    8.33,standalone_exact_mw,da1b05328a50158d3ddc50a94fd8dc063895f28eb3c937e1bf932a9499513bc0,"{""distance"":5,""physical_error_rate"":5e-05}","{""detection_events"":28415,""detectors_checked"":155058176}"
    534528,         0,         0,    8.31,standalone_exact_mw,e5b1593c0e383368e36e36cad39a29f258d2f8e653c88d1b733626fe43257e38,"{""distance"":5,""physical_error_rate"":0.0005}","{""detection_events"":217911,""detectors_checked"":119734272}"
    303104,         5,         0,    8.35,standalone_exact_mw,82cde5da083f9d53e67262bb98cd5aaa35303847977efb0685bd0a8870fdc07b,"{""distance"":5,""physical_error_rate"":0.002}","{""detection_events"":487180,""detectors_checked"":67895296,""obs_mistake_mask=E"":5}"
    413696,         1,         0,    8.35,standalone_exact_mw,a08eb9916bd7e95ca8a954036fa5b6d2576fbe4960b891dec8536a92078ec5d6,"{""distance"":5,""physical_error_rate"":0.001}","{""detection_events"":333986,""detectors_checked"":92667904,""obs_mistake_mask=E"":1}"
    153600,        31,         0,    8.39,standalone_exact_mw,cc95771e0bd58ea6a89c22fb016f20b51e176746ec2b43c37416d9fe9b0eecfa,"{""distance"":5,""physical_error_rate"":0.005}","{""detection_events"":611617,""detectors_checked"":34406400,""obs_mistake_mask=E"":31}"
     63488,         9,         0,    2.19,standalone_exact_mw,cc95771e0bd58ea6a89c22fb016f20b51e176746ec2b43c37416d9fe9b0eecfa,"{""distance"":5,""physical_error_rate"":0.005}","{""detection_events"":251136,""detectors_checked"":14221312,""obs_mistake_mask=E"":9}"
      6144,         5,         0,    1.70,standalone_exact_mw,2222fd48ffc99c074beed89df8eb5cc98fa8d5ea3fc0ef340218310f146ac856,"{""distance"":5,""physical_error_rate"":0.01}","{""detection_events"":48184,""detectors_checked"":1376256,""obs_mistake_mask=E"":5}"
     90112,        16,         0,    8.39,standalone_exact_mw,cc95771e0bd58ea6a89c22fb016f20b51e176746ec2b43c37416d9fe9b0eecfa,"{""distance"":5,""physical_error_rate"":0.005}","{""detection_events"":358676,""detectors_checked"":20185088,""obs_mistake_mask=E"":16}"
    451584,         0,         0,    5.97,standalone_exact_mw,72c27de2ebec78bb62b76c65eff3f0cc2d8f7d8d48378a61f4d3abf36bf8e189,"{""distance"":5,""physical_error_rate"":0.0002}","{""detection_events"":73542,""detectors_checked"":101154816}"
    647168,         0,         0,    5.98,standalone_exact_mw,e5b1593c0e383368e36e36cad39a29f258d2f8e653c88d1b733626fe43257e38,"{""distance"":5,""physical_error_rate"":0.0005}","{""detection_events"":262903,""detectors_checked"":144965632}"
     56320,        71,         0,    8.48,standalone_exact_mw,2222fd48ffc99c074beed89df8eb5cc98fa8d5ea3fc0ef340218310f146ac856,"{""distance"":5,""physical_error_rate"":0.01}","{""detection_events"":437694,""detectors_checked"":12615680,""obs_mistake_mask=E"":71}"
     32768,        38,         0,    8.60,standalone_exact_mw,2222fd48ffc99c074beed89df8eb5cc98fa8d5ea3fc0ef340218310f146ac856,"{""distance"":5,""physical_error_rate"":0.01}","{""detection_events"":254781,""detectors_checked"":7340032,""obs_mistake_mask=E"":38}"
    176128,         2,         0,    3.03,standalone_exact_mw,82cde5da083f9d53e67262bb98cd5aaa35303847977efb0685bd0a8870fdc07b,"{""distance"":5,""physical_error_rate"":0.002}","{""detection_events"":283976,""detectors_checked"":39452672,""obs_mistake_mask=E"":2}"
    342016,         0,         0,    5.95,standalone_exact_mw,a08eb9916bd7e95ca8a954036fa5b6d2576fbe4960b891dec8536a92078ec5d6,"{""distance"":5,""physical_error_rate"":0.001}","{""detection_events"":276464,""detectors_checked"":76611584}"
     10240,        13,         0,    2.22,standalone_exact_mw,2222fd48ffc99c074beed89df8eb5cc98fa8d5ea3fc0ef340218310f146ac856,"{""distance"":5,""physical_error_rate"":0.01}","{""detection_events"":79784,""detectors_checked"":2293760,""obs_mistake_mask=E"":13}"
     67584,        11,         0,    3.08,standalone_exact_mw,cc95771e0bd58ea6a89c22fb016f20b51e176746ec2b43c37416d9fe9b0eecfa,"{""distance"":5,""physical_error_rate"":0.005}","{""detection_events"":268457,""detectors_checked"":15138816,""obs_mistake_mask=E"":11}"
    234496,        43,         0,    8.36,standalone_exact_mw,cc95771e0bd58ea6a89c22fb016f20b51e176746ec2b43c37416d9fe9b0eecfa,"{""distance"":5,""physical_error_rate"":0.005}","{""detection_events"":932069,""detectors_checked"":52527104,""obs_mistake_mask=E"":43}"
   1188864,         0,         0,    8.32,standalone_exact_mw,da1b05328a50158d3ddc50a94fd8dc063895f28eb3c937e1bf932a9499513bc0,"{""distance"":5,""physical_error_rate"":5e-05}","{""detection_events"":48554,""detectors_checked"":266305536}"
    945152,         0,         0,    8.33,standalone_exact_mw,a1776e816afac70014f11f56bcdb5c816a7707d7213b56760e86cab507e42ef3,"{""distance"":5,""physical_error_rate"":0.0001}","{""detection_events"":76375,""detectors_checked"":211714048}"
     49152,        75,         0,    8.52,standalone_exact_mw,2222fd48ffc99c074beed89df8eb5cc98fa8d5ea3fc0ef340218310f146ac856,"{""distance"":5,""physical_error_rate"":0.01}","{""detection_events"":382775,""detectors_checked"":11010048,""obs_mistake_mask=E"":75}"
     18432,        33,         0,    3.23,standalone_exact_mw,2222fd48ffc99c074beed89df8eb5cc98fa8d5ea3fc0ef340218310f146ac856,"{""distance"":5,""physical_error_rate"":0.01}","{""detection_events"":143072,""detectors_checked"":4128768,""obs_mistake_mask=E"":33}"
    153600,         1,         0,    4.27,standalone_exact_mw,82cde5da083f9d53e67262bb98cd5aaa35303847977efb0685bd0a8870fdc07b,"{""distance"":5,""physical_error_rate"":0.002}","{""detection_events"":247141,""detectors_checked"":34406400,""obs_mistake_mask=E"":1}"
     70656,        10,         0,    4.32,standalone_exact_mw,cc95771e0bd58ea6a89c22fb016f20b51e176746ec2b43c37416d9fe9b0eecfa,"{""distance"":5,""physical_error_rate"":0.005}","{""detection_events"":281147,""detectors_checked"":15826944,""obs_mistake_mask=E"":10}"
    920576,         0,         0,    8.33,standalone_exact_mw,72c27de2ebec78bb62b76c65eff3f0cc2d8f7d8d48378a61f4d3abf36bf8e189,"{""distance"":5,""physical_error_rate"":0.0002}","{""detection_events"":149531,""detectors_checked"":206209024}"
    584704,         0,         0,    8.34,standalone_exact_mw,e5b1593c0e383368e36e36cad39a29f258d2f8e653c88d1b733626fe43257e38,"{""distance"":5,""physical_error_rate"":0.0005}","{""detection_events"":237520,""detectors_checked"":130973696}"
     28672,        45,         0,    4.33,standalone_exact_mw,2222fd48ffc99c074beed89df8eb5cc98fa8d5ea3fc0ef340218310f146ac856,"{""distance"":5,""physical_error_rate"":0.01}","{""detection_events"":222303,""detectors_checked"":6422528,""obs_mistake_mask=E"":45}"
    892928,         0,         0,    11.7,standalone_exact_mw,72c27de2ebec78bb62b76c65eff3f0cc2d8f7d8d48378a61f4d3abf36bf8e189,"{""distance"":5,""physical_error_rate"":0.0002}","{""detection_events"":146005,""detectors_checked"":200015872}"
    919552,         0,         0,    11.7,standalone_exact_mw,a1776e816afac70014f11f56bcdb5c816a7707d7213b56760e86cab507e42ef3,"{""distance"":5,""physical_error_rate"":0.0001}","{""detection_events"":74759,""detectors_checked"":205979648}"
    727040,         0,         0,    11.7,standalone_exact_mw,e5b1593c0e383368e36e36cad39a29f258d2f8e653c88d1b733626fe43257e38,"{""distance"":5,""physical_error_rate"":0.0005}","{""detection_events"":296232,""detectors_checked"":162856960}"
    794624,         1,         0,    8.34,standalone_exact_mw,a08eb9916bd7e95ca8a954036fa5b6d2576fbe4960b891dec8536a92078ec5d6,"{""distance"":5,""physical_error_rate"":0.001}","{""detection_events"":643626,""detectors_checked"":177995776,""obs_mistake_mask=E"":1}"
    937984,         0,         0,    11.7,standalone_exact_mw,da1b05328a50158d3ddc50a94fd8dc063895f28eb3c937e1bf932a9499513bc0,"{""distance"":5,""physical_error_rate"":5e-05}","{""detection_events"":37812,""detectors_checked"":210108416}"
    877568,         1,         0,    11.7,standalone_exact_mw,a08eb9916bd7e95ca8a954036fa5b6d2576fbe4960b891dec8536a92078ec5d6,"{""distance"":5,""physical_error_rate"":0.001}","{""detection_events"":710001,""detectors_checked"":196575232,""obs_mistake_mask=E"":1}"
    946176,         0,         0,    11.6,standalone_exact_mw,a1776e816afac70014f11f56bcdb5c816a7707d7213b56760e86cab507e42ef3,"{""distance"":5,""physical_error_rate"":0.0001}","{""detection_events"":76627,""detectors_checked"":211943424}"
    631808,        10,         0,    11.7,standalone_exact_mw,82cde5da083f9d53e67262bb98cd5aaa35303847977efb0685bd0a8870fdc07b,"{""distance"":5,""physical_error_rate"":0.002}","{""detection_events"":1020610,""detectors_checked"":141524992,""obs_mistake_mask=E"":10}"
    963584,         0,         0,    11.6,standalone_exact_mw,da1b05328a50158d3ddc50a94fd8dc063895f28eb3c937e1bf932a9499513bc0,"{""distance"":5,""physical_error_rate"":5e-05}","{""detection_events"":39146,""detectors_checked"":215842816}"
    582656,         0,         0,    11.7,standalone_exact_mw,a08eb9916bd7e95ca8a954036fa5b6d2576fbe4960b891dec8536a92078ec5d6,"{""distance"":5,""physical_error_rate"":0.001}","{""detection_events"":472532,""detectors_checked"":130514944}"
    926720,         0,         0,    11.7,standalone_exact_mw,a1776e816afac70014f11f56bcdb5c816a7707d7213b56760e86cab507e42ef3,"{""distance"":5,""physical_error_rate"":0.0001}","{""detection_events"":75942,""detectors_checked"":207585280}"
    855040,         0,         0,    11.7,standalone_exact_mw,72c27de2ebec78bb62b76c65eff3f0cc2d8f7d8d48378a61f4d3abf36bf8e189,"{""distance"":5,""physical_error_rate"":0.0002}","{""detection_events"":138926,""detectors_checked"":191528960}"
    411648,         4,         0,    11.7,standalone_exact_mw,82cde5da083f9d53e67262bb98cd5aaa35303847977efb0685bd0a8870fdc07b,"{""distance"":5,""physical_error_rate"":0.002}","{""detection_events"":663582,""detectors_checked"":92209152,""obs_mistake_mask=E"":4}"
    868352,         0,         0,    11.7,standalone_exact_mw,72c27de2ebec78bb62b76c65eff3f0cc2d8f7d8d48378a61f4d3abf36bf8e189,"{""distance"":5,""physical_error_rate"":0.0002}","{""detection_events"":141336,""detectors_checked"":194510848}"
    700416,         0,         0,    11.6,standalone_exact_mw,e5b1593c0e383368e36e36cad39a29f258d2f8e653c88d1b733626fe43257e38,"{""distance"":5,""physical_error_rate"":0.0005}","{""detection_events"":283271,""detectors_checked"":156893184}"
    955392,         0,         0,    11.7,standalone_exact_mw,da1b05328a50158d3ddc50a94fd8dc063895f28eb3c937e1bf932a9499513bc0,"{""distance"":5,""physical_error_rate"":5e-05}","{""detection_events"":38480,""detectors_checked"":214007808}"
    747520,         0,         0,    11.7,standalone_exact_mw,e5b1593c0e383368e36e36cad39a29f258d2f8e653c88d1b733626fe43257e38,"{""distance"":5,""physical_error_rate"":0.0005}","{""detection_events"":303026,""detectors_checked"":167444480}"
    421888,         6,         0,    11.7,standalone_exact_mw,82cde5da083f9d53e67262bb98cd5aaa35303847977efb0685bd0a8870fdc07b,"{""distance"":5,""physical_error_rate"":0.002}","{""detection_events"":679909,""detectors_checked"":94502912,""obs_mistake_mask=E"":6}"
    581632,         0,         0,    11.6,standalone_exact_mw,a08eb9916bd7e95ca8a954036fa5b6d2576fbe4960b891dec8536a92078ec5d6,"{""distance"":5,""physical_error_rate"":0.001}","{""detection_events"":471237,""detectors_checked"":130285568}"
    286720,        45,         0,    11.7,standalone_exact_mw,cc95771e0bd58ea6a89c22fb016f20b51e176746ec2b43c37416d9fe9b0eecfa,"{""distance"":5,""physical_error_rate"":0.005}","{""detection_events"":1140634,""detectors_checked"":64225280,""obs_mistake_mask=E"":45}"
    185344,        35,         0,    11.8,standalone_exact_mw,cc95771e0bd58ea6a89c22fb016f20b51e176746ec2b43c37416d9fe9b0eecfa,"{""distance"":5,""physical_error_rate"":0.005}","{""detection_events"":737897,""detectors_checked"":41517056,""obs_mistake_mask=E"":35}"
    230400,         2,         0,    5.97,standalone_exact_mw,82cde5da083f9d53e67262bb98cd5aaa35303847977efb0685bd0a8870fdc07b,"{""distance"":5,""physical_error_rate"":0.002}","{""detection_events"":371806,""detectors_checked"":51609600,""obs_mistake_mask=E"":2}"
     89088,       145,         0,    11.7,standalone_exact_mw,2222fd48ffc99c074beed89df8eb5cc98fa8d5ea3fc0ef340218310f146ac856,"{""distance"":5,""physical_error_rate"":0.01}","{""detection_events"":692215,""detectors_checked"":19955712,""obs_mistake_mask=E"":145}"
     55296,        81,         0,    11.1,standalone_exact_mw,2222fd48ffc99c074beed89df8eb5cc98fa8d5ea3fc0ef340218310f146ac856,"{""distance"":5,""physical_error_rate"":0.01}","{""detection_events"":430632,""detectors_checked"":12386304,""obs_mistake_mask=E"":81}"
     25600,        41,         0,    2.95,standalone_exact_mw,2222fd48ffc99c074beed89df8eb5cc98fa8d5ea3fc0ef340218310f146ac856,"{""distance"":5,""physical_error_rate"":0.01}","{""detection_events"":200239,""detectors_checked"":5734400,""obs_mistake_mask=E"":41}"
      1024,         0,         0,   0.078,standalone_exact_mw,2222fd48ffc99c074beed89df8eb5cc98fa8d5ea3fc0ef340218310f146ac856,"{""distance"":5,""physical_error_rate"":0.01}","{""detection_events"":7776,""detectors_checked"":229376}"
     40960,        60,         0,    7.71,standalone_exact_mw,2222fd48ffc99c074beed89df8eb5cc98fa8d5ea3fc0ef340218310f146ac856,"{""distance"":5,""physical_error_rate"":0.01}","{""detection_events"":319702,""detectors_checked"":9175040,""obs_mistake_mask=E"":60}"
     99328,        28,         0,    6.01,standalone_exact_mw,cc95771e0bd58ea6a89c22fb016f20b51e176746ec2b43c37416d9fe9b0eecfa,"{""distance"":5,""physical_error_rate"":0.005}","{""detection_events"":393957,""detectors_checked"":22249472,""obs_mistake_mask=E"":28}"
      2321,         0,         0,   0.015,standalone_exact_mw,a1776e816afac70014f11f56bcdb5c816a7707d7213b56760e86cab507e42ef3,"{""distance"":5,""physical_error_rate"":0.0001}","{""detection_events"":169,""detectors_checked"":519904}"
         1,         0,         0,   0.000,standalone_exact_mw,da1b05328a50158d3ddc50a94fd8dc063895f28eb3c937e1bf932a9499513bc0,"{""distance"":5,""physical_error_rate"":5e-05}","{""detectors_checked"":224}"
      1024,         0,         0,   0.007,standalone_exact_mw,a1776e816afac70014f11f56bcdb5c816a7707d7213b56760e86cab507e42ef3,"{""distance"":5,""physical_error_rate"":0.0001}","{""detection_events"":93,""detectors_checked"":229376}"
      2320,         0,         0,   0.015,standalone_exact_mw,da1b05328a50158d3ddc50a94fd8dc063895f28eb3c937e1bf932a9499513bc0,"{""distance"":5,""physical_error_rate"":5e-05}","{""detection_events"":115,""detectors_checked"":519680}"
      3072,         0,         0,   0.020,standalone_exact_mw,a1776e816afac70014f11f56bcdb5c816a7707d7213b56760e86cab507e42ef3,"{""distance"":5,""physical_error_rate"":0.0001}","{""detection_events"":320,""detectors_checked"":688128}"
      4096,         0,         0,   0.024,standalone_exact_mw,da1b05328a50158d3ddc50a94fd8dc063895f28eb3c937e1bf932a9499513bc0,"{""distance"":5,""physical_error_rate"":5e-05}","{""detection_events"":180,""detectors_checked"":917504}"
      5120,         0,         0,   0.032,standalone_exact_mw,a1776e816afac70014f11f56bcdb5c816a7707d7213b56760e86cab507e42ef3,"{""distance"":5,""physical_error_rate"":0.0001}","{""detection_events"":390,""detectors_checked"":1146880}"
      5120,         0,         0,   0.030,standalone_exact_mw,da1b05328a50158d3ddc50a94fd8dc063895f28eb3c937e1bf932a9499513bc0,"{""distance"":5,""physical_error_rate"":5e-05}","{""detection_events"":221,""detectors_checked"":1146880}"
      7168,         0,         0,   0.044,standalone_exact_mw,a1776e816afac70014f11f56bcdb5c816a7707d7213b56760e86cab507e42ef3,"{""distance"":5,""physical_error_rate"":0.0001}","{""detection_events"":505,""detectors_checked"":1605632}"
      7168,         0,         0,   0.042,standalone_exact_mw,da1b05328a50158d3ddc50a94fd8dc063895f28eb3c937e1bf932a9499513bc0,"{""distance"":5,""physical_error_rate"":5e-05}","{""detection_events"":306,""detectors_checked"":1605632}"
      9216,         0,         0,   0.057,standalone_exact_mw,a1776e816afac70014f11f56bcdb5c816a7707d7213b56760e86cab507e42ef3,"{""distance"":5,""physical_error_rate"":0.0001}","{""detection_events"":746,""detectors_checked"":2064384}"
      9216,         0,         0,   0.054,standalone_exact_mw,da1b05328a50158d3ddc50a94fd8dc063895f28eb3c937e1bf932a9499513bc0,"{""distance"":5,""physical_error_rate"":5e-05}","{""detection_events"":343,""detectors_checked"":2064384}"
     12288,         0,         0,   0.076,standalone_exact_mw,a1776e816afac70014f11f56bcdb5c816a7707d7213b56760e86cab507e42ef3,"{""distance"":5,""physical_error_rate"":0.0001}","{""detection_events"":955,""detectors_checked"":2752512}"
      2321,         0,         0,   0.030,standalone_exact_mw,72c27de2ebec78bb62b76c65eff3f0cc2d8f7d8d48378a61f4d3abf36bf8e189,"{""distance"":5,""physical_error_rate"":0.0002}","{""detection_events"":395,""detectors_checked"":519904}"
     12288,         0,         0,   0.086,standalone_exact_mw,da1b05328a50158d3ddc50a94fd8dc063895f28eb3c937e1bf932a9499513bc0,"{""distance"":5,""physical_error_rate"":5e-05}","{""detection_events"":506,""detectors_checked"":2752512}"
      1024,         0,         0,   0.020,standalone_exact_mw,72c27de2ebec78bb62b76c65eff3f0cc2d8f7d8d48378a61f4d3abf36bf8e189,"{""distance"":5,""physical_error_rate"":0.0002}","{""detection_events"":211,""detectors_checked"":229376}"
      2048,         0,         0,   0.026,standalone_exact_mw,72c27de2ebec78bb62b76c65eff3f0cc2d8f7d8d48378a61f4d3abf36bf8e189,"{""distance"":5,""physical_error_rate"":0.0002}","{""detection_events"":319,""detectors_checked"":458752}"
      3072,         0,         0,   0.033,standalone_exact_mw,72c27de2ebec78bb62b76c65eff3f0cc2d8f7d8d48378a61f4d3abf36bf8e189,"{""distance"":5,""physical_error_rate"":0.0002}","{""detection_events"":441,""detectors_checked"":688128}"
     17408,         0,         0,   0.109,standalone_exact_mw,a1776e816afac70014f11f56bcdb5c816a7707d7213b56760e86cab507e42ef3,"{""distance"":5,""physical_error_rate"":0.0001}","{""detection_events"":1416,""detectors_checked"":3899392}"
     18432,         0,         0,   0.108,standalone_exact_mw,da1b05328a50158d3ddc50a94fd8dc063895f28eb3c937e1bf932a9499513bc0,"{""distance"":5,""physical_error_rate"":5e-05}","{""detection_events"":729,""detectors_checked"":4128768}"
      3072,         0,         0,   0.046,standalone_exact_mw,72c27de2ebec78bb62b76c65eff3f0cc2d8f7d8d48378a61f4d3abf36bf8e189,"{""distance"":5,""physical_error_rate"":0.0002}","{""detection_events"":482,""detectors_checked"":688128}"
      5120,         0,         0,   0.054,standalone_exact_mw,72c27de2ebec78bb62b76c65eff3f0cc2d8f7d8d48378a61f4d3abf36bf8e189,"{""distance"":5,""physical_error_rate"":0.0002}","{""detection_events"":815,""detectors_checked"":1146880}"
      1297,         0,         0,   0.019,standalone_exact_mw,e5b1593c0e383368e36e36cad39a29f258d2f8e653c88d1b733626fe43257e38,"{""distance"":5,""physical_error_rate"":0.0005}","{""detection_events"":574,""detectors_checked"":290528}"
      1024,         0,         0,   0.021,standalone_exact_mw,e5b1593c0e383368e36e36cad39a29f258d2f8e653c88d1b733626fe43257e38,"{""distance"":5,""physical_error_rate"":0.0005}","{""detection_events"":432,""detectors_checked"":229376}"
     11264,         0,         0,   0.148,standalone_exact_mw,a1776e816afac70014f11f56bcdb5c816a7707d7213b56760e86cab507e42ef3,"{""distance"":5,""physical_error_rate"":0.0001}","{""detection_events"":797,""detectors_checked"":2523136}"
      2048,         0,         0,   0.029,standalone_exact_mw,e5b1593c0e383368e36e36cad39a29f258d2f8e653c88d1b733626fe43257e38,"{""distance"":5,""physical_error_rate"":0.0005}","{""detection_events"":834,""detectors_checked"":458752}"
     23552,         0,         0,   0.152,standalone_exact_mw,da1b05328a50158d3ddc50a94fd8dc063895f28eb3c937e1bf932a9499513bc0,"{""distance"":5,""physical_error_rate"":5e-05}","{""detection_events"":906,""detectors_checked"":5275648}"
      6144,         0,         0,   0.092,standalone_exact_mw,72c27de2ebec78bb62b76c65eff3f0cc2d8f7d8d48378a61f4d3abf36bf8e189,"{""distance"":5,""physical_error_rate"":0.0002}","{""detection_events"":995,""detectors_checked"":1376256}"
      2048,         0,         0,   0.033,standalone_exact_mw,e5b1593c0e383368e36e36cad39a29f258d2f8e653c88d1b733626fe43257e38,"{""distance"":5,""physical_error_rate"":0.0005}","{""detection_events"":791,""detectors_checked"":458752}"
      4096,         0,         0,   0.058,standalone_exact_mw,e5b1593c0e383368e36e36cad39a29f258d2f8e653c88d1b733626fe43257e38,"{""distance"":5,""physical_error_rate"":0.0005}","{""detection_events"":1604,""detectors_checked"":917504}"
      8192,         0,         0,   0.108,standalone_exact_mw,72c27de2ebec78bb62b76c65eff3f0cc2d8f7d8d48378a61f4d3abf36bf8e189,"{""distance"":5,""physical_error_rate"":0.0002}","{""detection_events"":1382,""detectors_checked"":1835008}"
      4096,         0,         0,   0.060,standalone_exact_mw,e5b1593c0e383368e36e36cad39a29f258d2f8e653c88d1b733626fe43257e38,"{""distance"":5,""physical_error_rate"":0.0005}","{""detection_events"":1677,""detectors_checked"":917504}"
     33792,         0,         0,   0.209,standalone_exact_mw,a1776e816afac70014f11f56bcdb5c816a7707d7213b56760e86cab507e42ef3,"{""distance"":5,""physical_error_rate"":0.0001}","{""detection_events"":2660,""detectors_checked"":7569408}"
     30720,         0,         0,   0.207,standalone_exact_mw,da1b05328a50158d3ddc50a94fd8dc063895f28eb3c937e1bf932a9499513bc0,"{""distance"":5,""physical_error_rate"":5e-05}","{""detection_events"":1317,""detectors_checked"":6881280}"
      5120,         0,         0,   0.078,standalone_exact_mw,e5b1593c0e383368e36e36cad39a29f258d2f8e653c88d1b733626fe43257e38,"{""distance"":5,""physical_error_rate"":0.0005}","{""detection_events"":2065,""detectors_checked"":1146880}"
     12288,         0,         0,   0.161,standalone_exact_mw,72c27de2ebec78bb62b76c65eff3f0cc2d8f7d8d48378a61f4d3abf36bf8e189,"{""distance"":5,""physical_error_rate"":0.0002}","{""detection_events"":1987,""detectors_checked"":2752512}"
      7168,         0,         0,   0.107,standalone_exact_mw,e5b1593c0e383368e36e36cad39a29f258d2f8e653c88d1b733626fe43257e38,"{""distance"":5,""physical_error_rate"":0.0005}","{""detection_events"":2827,""detectors_checked"":1605632}"
     34816,         0,         0,   0.281,standalone_exact_mw,a1776e816afac70014f11f56bcdb5c816a7707d7213b56760e86cab507e42ef3,"{""distance"":5,""physical_error_rate"":0.0001}","{""detection_events"":2755,""detectors_checked"":7798784}"
     16384,         0,         0,   0.215,standalone_exact_mw,72c27de2ebec78bb62b76c65eff3f0cc2d8f7d8d48378a61f4d3abf36bf8e189,"{""distance"":5,""physical_error_rate"":0.0002}","{""detection_events"":2757,""detectors_checked"":3670016}"
     10240,         0,         0,   0.151,standalone_exact_mw,e5b1593c0e383368e36e36cad39a29f258d2f8e653c88d1b733626fe43257e38,"{""distance"":5,""physical_error_rate"":0.0005}","{""detection_events"":4372,""detectors_checked"":2293760}"
     46080,         0,         0,   0.309,standalone_exact_mw,da1b05328a50158d3ddc50a94fd8dc063895f28eb3c937e1bf932a9499513bc0,"{""distance"":5,""physical_error_rate"":5e-05}","{""detection_events"":1871,""detectors_checked"":10321920}"
     13312,         0,         0,   0.196,standalone_exact_mw,e5b1593c0e383368e36e36cad39a29f258d2f8e653c88d1b733626fe43257e38,"{""distance"":5,""physical_error_rate"":0.0005}","{""detection_events"":5151,""detectors_checked"":2981888}"
     22528,         0,         0,   0.294,standalone_exact_mw,72c27de2ebec78bb62b76c65eff3f0cc2d8f7d8d48378a61f4d3abf36bf8e189,"{""distance"":5,""physical_error_rate"":0.0002}","{""detection_events"":3526,""detectors_checked"":5046272}"
     30720,         0,         0,   0.392,standalone_exact_mw,a1776e816afac70014f11f56bcdb5c816a7707d7213b56760e86cab507e42ef3,"{""distance"":5,""physical_error_rate"":0.0001}","{""detection_events"":2359,""detectors_checked"":6881280}"
     57344,         0,         0,   0.404,standalone_exact_mw,da1b05328a50158d3ddc50a94fd8dc063895f28eb3c937e1bf932a9499513bc0,"{""distance"":5,""physical_error_rate"":5e-05}","{""detection_events"":2379,""detectors_checked"":12845056}"
     19456,         0,         0,   0.301,standalone_exact_mw,e5b1593c0e383368e36e36cad39a29f258d2f8e653c88d1b733626fe43257e38,"{""distance"":5,""physical_error_rate"":0.0005}","{""detection_events"":8081,""detectors_checked"":4358144}"
     31744,         0,         0,   0.413,standalone_exact_mw,72c27de2ebec78bb62b76c65eff3f0cc2d8f7d8d48378a61f4d3abf36bf8e189,"{""distance"":5,""physical_error_rate"":0.0002}","{""detection_events"":5223,""detectors_checked"":7110656}"
     26624,         0,         0,   0.421,standalone_exact_mw,e5b1593c0e383368e36e36cad39a29f258d2f8e653c88d1b733626fe43257e38,"{""distance"":5,""physical_error_rate"":0.0005}","{""detection_events"":10954,""detectors_checked"":5963776}"
     44032,         0,         0,   0.546,standalone_exact_mw,a1776e816afac70014f11f56bcdb5c816a7707d7213b56760e86cab507e42ef3,"{""distance"":5,""physical_error_rate"":0.0001}","{""detection_events"":3557,""detectors_checked"":9863168}"
     80896,         0,         0,   0.567,standalone_exact_mw,da1b05328a50158d3ddc50a94fd8dc063895f28eb3c937e1bf932a9499513bc0,"{""distance"":5,""physical_error_rate"":5e-05}","{""detection_events"":3162,""detectors_checked"":18120704}"
    283648,        57,         0,    11.7,standalone_exact_mw,cc95771e0bd58ea6a89c22fb016f20b51e176746ec2b43c37416d9fe9b0eecfa,"{""distance"":5,""physical_error_rate"":0.005}","{""detection_events"":1127739,""detectors_checked"":63537152,""obs_mistake_mask=E"":57}"
     44032,         0,         0,   0.573,standalone_exact_mw,72c27de2ebec78bb62b76c65eff3f0cc2d8f7d8d48378a61f4d3abf36bf8e189,"{""distance"":5,""physical_error_rate"":0.0002}","{""detection_events"":7193,""detectors_checked"":9863168}"
     36864,         0,         0,   0.566,standalone_exact_mw,e5b1593c0e383368e36e36cad39a29f258d2f8e653c88d1b733626fe43257e38,"{""distance"":5,""physical_error_rate"":0.0005}","{""detection_events"":15057,""detectors_checked"":8257536}"
     94208,         0,         0,   0.791,standalone_exact_mw,a1776e816afac70014f11f56bcdb5c816a7707d7213b56760e86cab507e42ef3,"{""distance"":5,""physical_error_rate"":0.0001}","{""detection_events"":7572,""detectors_checked"":21102592}"
    112640,         0,         0,   0.794,standalone_exact_mw,da1b05328a50158d3ddc50a94fd8dc063895f28eb3c937e1bf932a9499513bc0,"{""distance"":5,""physical_error_rate"":5e-05}","{""detection_events"":4737,""detectors_checked"":25231360}"
   1465344,         0,         0,    11.6,standalone_exact_mw,da1b05328a50158d3ddc50a94fd8dc063895f28eb3c937e1bf932a9499513bc0,"{""distance"":5,""physical_error_rate"":5e-05}","{""detection_events"":59659,""detectors_checked"":328237056}"
   1115136,         0,         0,    11.7,standalone_exact_mw,a1776e816afac70014f11f56bcdb5c816a7707d7213b56760e86cab507e42ef3,"{""distance"":5,""physical_error_rate"":0.0001}","{""detection_events"":90358,""detectors_checked"":249790464}"
     60416,         0,         0,   0.769,standalone_exact_mw,72c27de2ebec78bb62b76c65eff3f0cc2d8f7d8d48378a61f4d3abf36bf8e189,"{""distance"":5,""physical_error_rate"":0.0002}","{""detection_events"":9837,""detectors_checked"":13533184}"
     53248,         0,         0,   0.810,standalone_exact_mw,e5b1593c0e383368e36e36cad39a29f258d2f8e653c88d1b733626fe43257e38,"{""distance"":5,""physical_error_rate"":0.0005}","{""detection_events"":21633,""detectors_checked"":11927552}"
    154624,         0,         0,    1.11,standalone_exact_mw,a1776e816afac70014f11f56bcdb5c816a7707d7213b56760e86cab507e42ef3,"{""distance"":5,""physical_error_rate"":0.0001}","{""detection_events"":12493,""detectors_checked"":34635776}"
    142336,         0,         0,    1.11,standalone_exact_mw,da1b05328a50158d3ddc50a94fd8dc063895f28eb3c937e1bf932a9499513bc0,"{""distance"":5,""physical_error_rate"":5e-05}","{""detection_events"":5935,""detectors_checked"":31883264}"
     86016,         0,         0,    1.11,standalone_exact_mw,72c27de2ebec78bb62b76c65eff3f0cc2d8f7d8d48378a61f4d3abf36bf8e189,"{""distance"":5,""physical_error_rate"":0.0002}","{""detection_events"":13850,""detectors_checked"":19267584}"
     72704,         0,         0,    1.12,standalone_exact_mw,e5b1593c0e383368e36e36cad39a29f258d2f8e653c88d1b733626fe43257e38,"{""distance"":5,""physical_error_rate"":0.0005}","{""detection_events"":29570,""detectors_checked"":16285696}"
    218112,         0,         0,    1.56,standalone_exact_mw,a1776e816afac70014f11f56bcdb5c816a7707d7213b56760e86cab507e42ef3,"{""distance"":5,""physical_error_rate"":0.0001}","{""detection_events"":17644,""detectors_checked"":48857088}"
    171008,         0,         0,    1.57,standalone_exact_mw,da1b05328a50158d3ddc50a94fd8dc063895f28eb3c937e1bf932a9499513bc0,"{""distance"":5,""physical_error_rate"":5e-05}","{""detection_events"":6929,""detectors_checked"":38305792}"
    119808,         0,         0,    1.56,standalone_exact_mw,72c27de2ebec78bb62b76c65eff3f0cc2d8f7d8d48378a61f4d3abf36bf8e189,"{""distance"":5,""physical_error_rate"":0.0002}","{""detection_events"":19527,""detectors_checked"":26836992}"
    101376,         0,         0,    1.56,standalone_exact_mw,e5b1593c0e383368e36e36cad39a29f258d2f8e653c88d1b733626fe43257e38,"{""distance"":5,""physical_error_rate"":0.0005}","{""detection_events"":40802,""detectors_checked"":22708224}"
   1074176,         0,         0,    11.7,standalone_exact_mw,72c27de2ebec78bb62b76c65eff3f0cc2d8f7d8d48378a61f4d3abf36bf8e189,"{""distance"":5,""physical_error_rate"":0.0002}","{""detection_events"":174158,""detectors_checked"":240615424}"
    991232,         0,         0,    11.7,standalone_exact_mw,e5b1593c0e383368e36e36cad39a29f258d2f8e653c88d1b733626fe43257e38,"{""distance"":5,""physical_error_rate"":0.0005}","{""detection_events"":402793,""detectors_checked"":222035968}"
    362496,         4,         0,    8.34,standalone_exact_mw,82cde5da083f9d53e67262bb98cd5aaa35303847977efb0685bd0a8870fdc07b,"{""distance"":5,""physical_error_rate"":0.002}","{""detection_events"":582068,""detectors_checked"":81199104,""obs_mistake_mask=E"":4}"
    301056,         0,         0,    2.16,standalone_exact_mw,a1776e816afac70014f11f56bcdb5c816a7707d7213b56760e86cab507e42ef3,"{""distance"":5,""physical_error_rate"":0.0001}","{""detection_events"":24508,""detectors_checked"":67436544}"
    218112,         0,         0,    2.18,standalone_exact_mw,da1b05328a50158d3ddc50a94fd8dc063895f28eb3c937e1bf932a9499513bc0,"{""distance"":5,""physical_error_rate"":5e-05}","{""detection_events"":8747,""detectors_checked"":48857088}"
    168960,         0,         0,    2.17,standalone_exact_mw,72c27de2ebec78bb62b76c65eff3f0cc2d8f7d8d48378a61f4d3abf36bf8e189,"{""distance"":5,""physical_error_rate"":0.0002}","{""detection_events"":26945,""detectors_checked"":37847040}"
    142336,         0,         0,    2.18,standalone_exact_mw,e5b1593c0e383368e36e36cad39a29f258d2f8e653c88d1b733626fe43257e38,"{""distance"":5,""physical_error_rate"":0.0005}","{""detection_events"":58025,""detectors_checked"":31883264}"
    180224,        38,         0,    8.37,standalone_exact_mw,cc95771e0bd58ea6a89c22fb016f20b51e176746ec2b43c37416d9fe9b0eecfa,"{""distance"":5,""physical_error_rate"":0.005}","{""detection_events"":718738,""detectors_checked"":40370176,""obs_mistake_mask=E"":38}"
    572416,         1,         0,    11.6,standalone_exact_mw,a08eb9916bd7e95ca8a954036fa5b6d2576fbe4960b891dec8536a92078ec5d6,"{""distance"":5,""physical_error_rate"":0.001}","{""detection_events"":463702,""detectors_checked"":128221184,""obs_mistake_mask=E"":1}"
    417792,         0,         0,    3.02,standalone_exact_mw,a1776e816afac70014f11f56bcdb5c816a7707d7213b56760e86cab507e42ef3,"{""distance"":5,""physical_error_rate"":0.0001}","{""detection_events"":33903,""detectors_checked"":93585408}"
    258048,         0,         0,    3.04,standalone_exact_mw,da1b05328a50158d3ddc50a94fd8dc063895f28eb3c937e1bf932a9499513bc0,"{""distance"":5,""physical_error_rate"":5e-05}","{""detection_events"":10584,""detectors_checked"":57802752}"
    232448,         0,         0,    3.04,standalone_exact_mw,72c27de2ebec78bb62b76c65eff3f0cc2d8f7d8d48378a61f4d3abf36bf8e189,"{""distance"":5,""physical_error_rate"":0.0002}","{""detection_events"":38121,""detectors_checked"":52068352}"
    197632,         0,         0,    3.03,standalone_exact_mw,e5b1593c0e383368e36e36cad39a29f258d2f8e653c88d1b733626fe43257e38,"{""distance"":5,""physical_error_rate"":0.0005}","{""detection_events"":80674,""detectors_checked"":44269568}"
   1436672,         0,         0,    16.3,standalone_exact_mw,72c27de2ebec78bb62b76c65eff3f0cc2d8f7d8d48378a61f4d3abf36bf8e189,"{""distance"":5,""physical_error_rate"":0.0002}","{""detection_events"":233542,""detectors_checked"":321814528}"
   1358848,         0,         0,    16.3,standalone_exact_mw,a1776e816afac70014f11f56bcdb5c816a7707d7213b56760e86cab507e42ef3,"{""distance"":5,""physical_error_rate"":0.0001}","{""detection_events"":110343,""detectors_checked"":304381952}"
   1159168,         2,         0,    16.3,standalone_exact_mw,e5b1593c0e383368e36e36cad39a29f258d2f8e653c88d1b733626fe43257e38,"{""distance"":5,""physical_error_rate"":0.0005}","{""detection_events"":469201,""detectors_checked"":259653632,""obs_mistake_mask=E"":2}"
   1480704,         0,         0,    16.4,standalone_exact_mw,da1b05328a50158d3ddc50a94fd8dc063895f28eb3c937e1bf932a9499513bc0,"{""distance"":5,""physical_error_rate"":5e-05}","{""detection_events"":59960,""detectors_checked"":331677696}"
   1043456,         3,         0,    16.4,standalone_exact_mw,a08eb9916bd7e95ca8a954036fa5b6d2576fbe4960b891dec8536a92078ec5d6,"{""distance"":5,""physical_error_rate"":0.001}","{""detection_events"":845298,""detectors_checked"":233734144,""obs_mistake_mask=E"":3}"
   1314816,         0,         0,    16.3,standalone_exact_mw,a1776e816afac70014f11f56bcdb5c816a7707d7213b56760e86cab507e42ef3,"{""distance"":5,""physical_error_rate"":0.0001}","{""detection_events"":106636,""detectors_checked"":294518784}"
    630784,         7,         0,    16.4,standalone_exact_mw,82cde5da083f9d53e67262bb98cd5aaa35303847977efb0685bd0a8870fdc07b,"{""distance"":5,""physical_error_rate"":0.002}","{""detection_events"":1017148,""detectors_checked"":141295616,""obs_mistake_mask=E"":7}"
   1348608,         0,         0,    16.3,standalone_exact_mw,da1b05328a50158d3ddc50a94fd8dc063895f28eb3c937e1bf932a9499513bc0,"{""distance"":5,""physical_error_rate"":5e-05}","{""detection_events"":55058,""detectors_checked"":302088192}"
   1292288,         0,         0,    16.3,standalone_exact_mw,a1776e816afac70014f11f56bcdb5c816a7707d7213b56760e86cab507e42ef3,"{""distance"":5,""physical_error_rate"":0.0001}","{""detection_events"":105597,""detectors_checked"":289472512}"
    803840,         1,         0,    16.4,standalone_exact_mw,a08eb9916bd7e95ca8a954036fa5b6d2576fbe4960b891dec8536a92078ec5d6,"{""distance"":5,""physical_error_rate"":0.001}","{""detection_events"":648996,""detectors_checked"":180060160,""obs_mistake_mask=E"":1}"
   1203200,         0,         0,    16.3,standalone_exact_mw,72c27de2ebec78bb62b76c65eff3f0cc2d8f7d8d48378a61f4d3abf36bf8e189,"{""distance"":5,""physical_error_rate"":0.0002}","{""detection_events"":195909,""detectors_checked"":269516800}"
   1210368,         0,         0,    16.3,standalone_exact_mw,72c27de2ebec78bb62b76c65eff3f0cc2d8f7d8d48378a61f4d3abf36bf8e189,"{""distance"":5,""physical_error_rate"":0.0002}","{""detection_events"":197831,""detectors_checked"":271122432}"
    568320,        11,         0,    16.4,standalone_exact_mw,82cde5da083f9d53e67262bb98cd5aaa35303847977efb0685bd0a8870fdc07b,"{""distance"":5,""physical_error_rate"":0.002}","{""detection_events"":915932,""detectors_checked"":127303680,""obs_mistake_mask=E"":11}"
    993280,         0,         0,    16.3,standalone_exact_mw,e5b1593c0e383368e36e36cad39a29f258d2f8e653c88d1b733626fe43257e38,"{""distance"":5,""physical_error_rate"":0.0005}","{""detection_events"":401774,""detectors_checked"":222494720}"
   1343488,         0,         0,    16.3,standalone_exact_mw,da1b05328a50158d3ddc50a94fd8dc063895f28eb3c937e1bf932a9499513bc0,"{""distance"":5,""physical_error_rate"":5e-05}","{""detection_events"":54525,""detectors_checked"":300941312}"
   1026048,         1,         0,    16.3,standalone_exact_mw,e5b1593c0e383368e36e36cad39a29f258d2f8e653c88d1b733626fe43257e38,"{""distance"":5,""physical_error_rate"":0.0005}","{""detection_events"":416966,""detectors_checked"":229834752,""obs_mistake_mask=E"":1}"
    573440,         7,         0,    16.3,standalone_exact_mw,82cde5da083f9d53e67262bb98cd5aaa35303847977efb0685bd0a8870fdc07b,"{""distance"":5,""physical_error_rate"":0.002}","{""detection_events"":925463,""detectors_checked"":128450560,""obs_mistake_mask=E"":7}"
    813056,         1,         0,    16.4,standalone_exact_mw,a08eb9916bd7e95ca8a954036fa5b6d2576fbe4960b891dec8536a92078ec5d6,"{""distance"":5,""physical_error_rate"":0.001}","{""detection_events"":658909,""detectors_checked"":182124544,""obs_mistake_mask=E"":1}"
    360448,        87,         0,    16.4,standalone_exact_mw,cc95771e0bd58ea6a89c22fb016f20b51e176746ec2b43c37416d9fe9b0eecfa,"{""distance"":5,""physical_error_rate"":0.005}","{""detection_events"":1432569,""detectors_checked"":80740352,""obs_mistake_mask=E"":87}"
    265216,        40,         0,    16.4,standalone_exact_mw,cc95771e0bd58ea6a89c22fb016f20b51e176746ec2b43c37416d9fe9b0eecfa,"{""distance"":5,""physical_error_rate"":0.005}","{""detection_events"":1055242,""detectors_checked"":59408384,""obs_mistake_mask=E"":40}"
    600064,         0,         0,    4.25,standalone_exact_mw,a1776e816afac70014f11f56bcdb5c816a7707d7213b56760e86cab507e42ef3,"{""distance"":5,""physical_error_rate"":0.0001}","{""detection_events"":48398,""detectors_checked"":134414336}"
    372736,         0,         0,    4.26,standalone_exact_mw,da1b05328a50158d3ddc50a94fd8dc063895f28eb3c937e1bf932a9499513bc0,"{""distance"":5,""physical_error_rate"":5e-05}","{""detection_events"":15038,""detectors_checked"":83492864}"
    327680,         0,         0,    4.25,standalone_exact_mw,72c27de2ebec78bb62b76c65eff3f0cc2d8f7d8d48378a61f4d3abf36bf8e189,"{""distance"":5,""physical_error_rate"":0.0002}","{""detection_events"":53155,""detectors_checked"":73400320}"
    277504,         0,         0,    4.26,standalone_exact_mw,e5b1593c0e383368e36e36cad39a29f258d2f8e653c88d1b733626fe43257e38,"{""distance"":5,""physical_error_rate"":0.0005}","{""detection_events"":113120,""detectors_checked"":62160896}"
    288768,        41,         0,    16.4,standalone_exact_mw,cc95771e0bd58ea6a89c22fb016f20b51e176746ec2b43c37416d9fe9b0eecfa,"{""distance"":5,""physical_error_rate"":0.005}","{""detection_events"":1148272,""detectors_checked"":64684032,""obs_mistake_mask=E"":41}"
    431104,         7,         0,    11.7,standalone_exact_mw,82cde5da083f9d53e67262bb98cd5aaa35303847977efb0685bd0a8870fdc07b,"{""distance"":5,""physical_error_rate"":0.002}","{""detection_events"":695733,""detectors_checked"":96567296,""obs_mistake_mask=E"":7}"
   1696768,         0,         0,    16.4,standalone_exact_mw,da1b05328a50158d3ddc50a94fd8dc063895f28eb3c937e1bf932a9499513bc0,"{""distance"":5,""physical_error_rate"":5e-05}","{""detection_events"":69368,""detectors_checked"":380076032}"
   1939456,         0,         0,    16.3,standalone_exact_mw,a1776e816afac70014f11f56bcdb5c816a7707d7213b56760e86cab507e42ef3,"{""distance"":5,""physical_error_rate"":0.0001}","{""detection_events"":156760,""detectors_checked"":434438144}"
    227328,        53,         0,    11.7,standalone_exact_mw,cc95771e0bd58ea6a89c22fb016f20b51e176746ec2b43c37416d9fe9b0eecfa,"{""distance"":5,""physical_error_rate"":0.005}","{""detection_events"":905239,""detectors_checked"":50921472,""obs_mistake_mask=E"":53}"
    481280,         0,         0,    5.95,standalone_exact_mw,a1776e816afac70014f11f56bcdb5c816a7707d7213b56760e86cab507e42ef3,"{""distance"":5,""physical_error_rate"":0.0001}","{""detection_events"":39258,""detectors_checked"":107806720}"
    756736,         0,         0,    5.96,standalone_exact_mw,da1b05328a50158d3ddc50a94fd8dc063895f28eb3c937e1bf932a9499513bc0,"{""distance"":5,""physical_error_rate"":5e-05}","{""detection_events"":30798,""detectors_checked"":169508864}"
    457728,         0,         0,    5.95,standalone_exact_mw,72c27de2ebec78bb62b76c65eff3f0cc2d8f7d8d48378a61f4d3abf36bf8e189,"{""distance"":5,""physical_error_rate"":0.0002}","{""detection_events"":75150,""detectors_checked"":102531072}"
    386048,         0,         0,    5.97,standalone_exact_mw,e5b1593c0e383368e36e36cad39a29f258d2f8e653c88d1b733626fe43257e38,"{""distance"":5,""physical_error_rate"":0.0005}","{""detection_events"":157348,""detectors_checked"":86474752}"
   1419264,         0,         0,    16.3,standalone_exact_mw,72c27de2ebec78bb62b76c65eff3f0cc2d8f7d8d48378a61f4d3abf36bf8e189,"{""distance"":5,""physical_error_rate"":0.0002}","{""detection_events"":231638,""detectors_checked"":317915136}"
   1420288,         1,         0,    16.3,standalone_exact_mw,e5b1593c0e383368e36e36cad39a29f258d2f8e653c88d1b733626fe43257e38,"{""distance"":5,""physical_error_rate"":0.0005}","{""detection_events"":574823,""detectors_checked"":318144512,""obs_mistake_mask=E"":1}"
   1376256,         1,         0,    16.3,standalone_exact_mw,a08eb9916bd7e95ca8a954036fa5b6d2576fbe4960b891dec8536a92078ec5d6,"{""distance"":5,""physical_error_rate"":0.001}","{""detection_events"":1114443,""detectors_checked"":308281344,""obs_mistake_mask=E"":1}"
    709632,         0,         0,    8.34,standalone_exact_mw,a1776e816afac70014f11f56bcdb5c816a7707d7213b56760e86cab507e42ef3,"{""distance"":5,""physical_error_rate"":0.0001}","{""detection_events"":57765,""detectors_checked"":158957568}"
    703488,         0,         0,    8.34,standalone_exact_mw,da1b05328a50158d3ddc50a94fd8dc063895f28eb3c937e1bf932a9499513bc0,"{""distance"":5,""physical_error_rate"":5e-05}","{""detection_events"":28697,""detectors_checked"":157581312}"
    640000,         0,         0,    8.35,standalone_exact_mw,72c27de2ebec78bb62b76c65eff3f0cc2d8f7d8d48378a61f4d3abf36bf8e189,"{""distance"":5,""physical_error_rate"":0.0002}","{""detection_events"":104144,""detectors_checked"":143360000}"
    543744,         1,         0,    8.36,standalone_exact_mw,e5b1593c0e383368e36e36cad39a29f258d2f8e653c88d1b733626fe43257e38,"{""distance"":5,""physical_error_rate"":0.0005}","{""detection_events"":220792,""detectors_checked"":121798656,""obs_mistake_mask=E"":1}"
    616448,         6,         0,    16.4,standalone_exact_mw,82cde5da083f9d53e67262bb98cd5aaa35303847977efb0685bd0a8870fdc07b,"{""distance"":5,""physical_error_rate"":0.002}","{""detection_events"":995830,""detectors_checked"":138084352,""obs_mistake_mask=E"":6}"
    259072,        44,         0,    16.4,standalone_exact_mw,cc95771e0bd58ea6a89c22fb016f20b51e176746ec2b43c37416d9fe9b0eecfa,"{""distance"":5,""physical_error_rate"":0.005}","{""detection_events"":1030796,""detectors_checked"":58032128,""obs_mistake_mask=E"":44}"
   2873344,         0,         0,    22.9,standalone_exact_mw,72c27de2ebec78bb62b76c65eff3f0cc2d8f7d8d48378a61f4d3abf36bf8e189,"{""distance"":5,""physical_error_rate"":0.0002}","{""detection_events"":467799,""detectors_checked"":643629056}"
   2783232,         0,         0,    22.9,standalone_exact_mw,a1776e816afac70014f11f56bcdb5c816a7707d7213b56760e86cab507e42ef3,"{""distance"":5,""physical_error_rate"":0.0001}","{""detection_events"":227317,""detectors_checked"":623443968}"
   2222080,         0,         0,    22.9,standalone_exact_mw,e5b1593c0e383368e36e36cad39a29f258d2f8e653c88d1b733626fe43257e38,"{""distance"":5,""physical_error_rate"":0.0005}","{""detection_events"":899044,""detectors_checked"":497745920}"
   2799616,         0,         0,    22.9,standalone_exact_mw,da1b05328a50158d3ddc50a94fd8dc063895f28eb3c937e1bf932a9499513bc0,"{""distance"":5,""physical_error_rate"":5e-05}","{""detection_events"":113064,""detectors_checked"":627113984}"
   1350656,         2,         0,    22.9,standalone_exact_mw,a08eb9916bd7e95ca8a954036fa5b6d2576fbe4960b891dec8536a92078ec5d6,"{""distance"":5,""physical_error_rate"":0.001}","{""detection_events"":1092377,""detectors_checked"":302546944,""obs_mistake_mask=E"":2}"
   1830912,         0,         0,    22.8,standalone_exact_mw,a1776e816afac70014f11f56bcdb5c816a7707d7213b56760e86cab507e42ef3,"{""distance"":5,""physical_error_rate"":0.0001}","{""detection_events"":149081,""detectors_checked"":410124288}"
    924672,        10,         0,    22.9,standalone_exact_mw,82cde5da083f9d53e67262bb98cd5aaa35303847977efb0685bd0a8870fdc07b,"{""distance"":5,""physical_error_rate"":0.002}","{""detection_events"":1492933,""detectors_checked"":207126528,""obs_mistake_mask=E"":10}"
   1896448,         0,         0,    22.9,standalone_exact_mw,da1b05328a50158d3ddc50a94fd8dc063895f28eb3c937e1bf932a9499513bc0,"{""distance"":5,""physical_error_rate"":5e-05}","{""detection_events"":76812,""detectors_checked"":424804352}"
   1821696,         0,         0,    22.9,standalone_exact_mw,a1776e816afac70014f11f56bcdb5c816a7707d7213b56760e86cab507e42ef3,"{""distance"":5,""physical_error_rate"":0.0001}","{""detection_events"":147109,""detectors_checked"":408059904}"
   1137664,         2,         0,    22.9,standalone_exact_mw,a08eb9916bd7e95ca8a954036fa5b6d2576fbe4960b891dec8536a92078ec5d6,"{""distance"":5,""physical_error_rate"":0.001}","{""detection_events"":919114,""detectors_checked"":254836736,""obs_mistake_mask=E"":2}"
   1707008,         0,         0,    22.9,standalone_exact_mw,72c27de2ebec78bb62b76c65eff3f0cc2d8f7d8d48378a61f4d3abf36bf8e189,"{""distance"":5,""physical_error_rate"":0.0002}","{""detection_events"":277588,""detectors_checked"":382369792}"
   1704960,         0,         0,    22.9,standalone_exact_mw,72c27de2ebec78bb62b76c65eff3f0cc2d8f7d8d48378a61f4d3abf36bf8e189,"{""distance"":5,""physical_error_rate"":0.0002}","{""detection_events"":277294,""detectors_checked"":381911040}"
    805888,         9,         0,    22.9,standalone_exact_mw,82cde5da083f9d53e67262bb98cd5aaa35303847977efb0685bd0a8870fdc07b,"{""distance"":5,""physical_error_rate"":0.002}","{""detection_events"":1299757,""detectors_checked"":180518912,""obs_mistake_mask=E"":9}"
   1437696,         0,         0,    22.9,standalone_exact_mw,e5b1593c0e383368e36e36cad39a29f258d2f8e653c88d1b733626fe43257e38,"{""distance"":5,""physical_error_rate"":0.0005}","{""detection_events"":582241,""detectors_checked"":322043904}"
   1898496,         0,         0,    22.8,standalone_exact_mw,da1b05328a50158d3ddc50a94fd8dc063895f28eb3c937e1bf932a9499513bc0,"{""distance"":5,""physical_error_rate"":5e-05}","{""detection_events"":76671,""detectors_checked"":425263104}"
   1447936,         0,         0,    22.8,standalone_exact_mw,e5b1593c0e383368e36e36cad39a29f258d2f8e653c88d1b733626fe43257e38,"{""distance"":5,""physical_error_rate"":0.0005}","{""detection_events"":586461,""detectors_checked"":324337664}"
    822272,        11,         0,    22.9,standalone_exact_mw,82cde5da083f9d53e67262bb98cd5aaa35303847977efb0685bd0a8870fdc07b,"{""distance"":5,""physical_error_rate"":0.002}","{""detection_events"":1321770,""detectors_checked"":184188928,""obs_mistake_mask=E"":11}"
   1150976,         3,         0,    22.8,standalone_exact_mw,a08eb9916bd7e95ca8a954036fa5b6d2576fbe4960b891dec8536a92078ec5d6,"{""distance"":5,""physical_error_rate"":0.001}","{""detection_events"":933653,""detectors_checked"":257818624,""obs_mistake_mask=E"":3}"
    386048,        87,         0,    23.0,standalone_exact_mw,cc95771e0bd58ea6a89c22fb016f20b51e176746ec2b43c37416d9fe9b0eecfa,"{""distance"":5,""physical_error_rate"":0.005}","{""detection_events"":1533331,""detectors_checked"":86474752,""obs_mistake_mask=E"":87}"
    366592,        48,         0,    23.0,standalone_exact_mw,cc95771e0bd58ea6a89c22fb016f20b51e176746ec2b43c37416d9fe9b0eecfa,"{""distance"":5,""physical_error_rate"":0.005}","{""detection_events"":1459926,""detectors_checked"":82116608,""obs_mistake_mask=E"":48}"
    347136,        69,         0,    19.3,standalone_exact_mw,cc95771e0bd58ea6a89c22fb016f20b51e176746ec2b43c37416d9fe9b0eecfa,"{""distance"":5,""physical_error_rate"":0.005}","{""detection_events"":1379423,""detectors_checked"":77758464,""obs_mistake_mask=E"":69}"
     26624,         3,         0,    1.64,standalone_exact_mw,cc95771e0bd58ea6a89c22fb016f20b51e176746ec2b43c37416d9fe9b0eecfa,"{""distance"":5,""physical_error_rate"":0.005}","{""detection_events"":106807,""detectors_checked"":5963776,""obs_mistake_mask=E"":3}"
     10240,         2,         0,   0.598,standalone_exact_mw,cc95771e0bd58ea6a89c22fb016f20b51e176746ec2b43c37416d9fe9b0eecfa,"{""distance"":5,""physical_error_rate"":0.005}","{""detection_events"":40138,""detectors_checked"":2293760,""obs_mistake_mask=E"":2}"
      1024,         0,         0,   0.072,standalone_exact_mw,cc95771e0bd58ea6a89c22fb016f20b51e176746ec2b43c37416d9fe9b0eecfa,"{""distance"":5,""physical_error_rate"":0.005}","{""detection_events"":3907,""detectors_checked"":229376}"
      1297,         0,         0,   0.024,standalone_exact_mw,82cde5da083f9d53e67262bb98cd5aaa35303847977efb0685bd0a8870fdc07b,"{""distance"":5,""physical_error_rate"":0.002}","{""detection_events"":2028,""detectors_checked"":290528}"
      1024,         0,         0,   0.030,standalone_exact_mw,82cde5da083f9d53e67262bb98cd5aaa35303847977efb0685bd0a8870fdc07b,"{""distance"":5,""physical_error_rate"":0.002}","{""detection_events"":1541,""detectors_checked"":229376}"
      1024,         0,         0,   0.026,standalone_exact_mw,82cde5da083f9d53e67262bb98cd5aaa35303847977efb0685bd0a8870fdc07b,"{""distance"":5,""physical_error_rate"":0.002}","{""detection_events"":1604,""detectors_checked"":229376}"
      2048,         0,         0,   0.056,standalone_exact_mw,82cde5da083f9d53e67262bb98cd5aaa35303847977efb0685bd0a8870fdc07b,"{""distance"":5,""physical_error_rate"":0.002}","{""detection_events"":3275,""detectors_checked"":458752}"
      2048,         0,         0,   0.053,standalone_exact_mw,82cde5da083f9d53e67262bb98cd5aaa35303847977efb0685bd0a8870fdc07b,"{""distance"":5,""physical_error_rate"":0.002}","{""detection_events"":3486,""detectors_checked"":458752}"
      2048,         0,         0,   0.053,standalone_exact_mw,82cde5da083f9d53e67262bb98cd5aaa35303847977efb0685bd0a8870fdc07b,"{""distance"":5,""physical_error_rate"":0.002}","{""detection_events"":3302,""detectors_checked"":458752}"
      1297,         0,         0,   0.038,standalone_exact_mw,82cde5da083f9d53e67262bb98cd5aaa35303847977efb0685bd0a8870fdc07b,"{""distance"":5,""physical_error_rate"":0.002}","{""detection_events"":2065,""detectors_checked"":290528}"
      1024,         0,         0,   0.027,standalone_exact_mw,82cde5da083f9d53e67262bb98cd5aaa35303847977efb0685bd0a8870fdc07b,"{""distance"":5,""physical_error_rate"":0.002}","{""detection_events"":1725,""detectors_checked"":229376}"
      1024,         0,         0,   0.031,standalone_exact_mw,82cde5da083f9d53e67262bb98cd5aaa35303847977efb0685bd0a8870fdc07b,"{""distance"":5,""physical_error_rate"":0.002}","{""detection_events"":1716,""detectors_checked"":229376}"
      3072,         0,         0,   0.078,standalone_exact_mw,82cde5da083f9d53e67262bb98cd5aaa35303847977efb0685bd0a8870fdc07b,"{""distance"":5,""physical_error_rate"":0.002}","{""detection_events"":4853,""detectors_checked"":688128}"
      1297,         0,         0,   0.031,standalone_exact_mw,a08eb9916bd7e95ca8a954036fa5b6d2576fbe4960b891dec8536a92078ec5d6,"{""distance"":5,""physical_error_rate"":0.001}","{""detection_events"":1016,""detectors_checked"":290528}"
      1024,         0,         0,   0.010,standalone_exact_mw,a08eb9916bd7e95ca8a954036fa5b6d2576fbe4960b891dec8536a92078ec5d6,"{""distance"":5,""physical_error_rate"":0.001}","{""detection_events"":857,""detectors_checked"":229376}"
      1024,         0,         0,   0.016,standalone_exact_mw,82cde5da083f9d53e67262bb98cd5aaa35303847977efb0685bd0a8870fdc07b,"{""distance"":5,""physical_error_rate"":0.002}","{""detection_events"":1695,""detectors_checked"":229376}"
      1297,         0,         0,   0.022,standalone_exact_mw,a08eb9916bd7e95ca8a954036fa5b6d2576fbe4960b891dec8536a92078ec5d6,"{""distance"":5,""physical_error_rate"":0.001}","{""detection_events"":1048,""detectors_checked"":290528}"
      2048,         0,         0,   0.033,standalone_exact_mw,a08eb9916bd7e95ca8a954036fa5b6d2576fbe4960b891dec8536a92078ec5d6,"{""distance"":5,""physical_error_rate"":0.001}","{""detection_events"":1706,""detectors_checked"":458752}"
      1024,         0,         0,   0.027,standalone_exact_mw,82cde5da083f9d53e67262bb98cd5aaa35303847977efb0685bd0a8870fdc07b,"{""distance"":5,""physical_error_rate"":0.002}","{""detection_events"":1575,""detectors_checked"":229376}"
      2048,         0,         0,   0.033,standalone_exact_mw,a08eb9916bd7e95ca8a954036fa5b6d2576fbe4960b891dec8536a92078ec5d6,"{""distance"":5,""physical_error_rate"":0.001}","{""detection_events"":1642,""detectors_checked"":458752}"
      1024,         0,         0,   0.023,standalone_exact_mw,a08eb9916bd7e95ca8a954036fa5b6d2576fbe4960b891dec8536a92078ec5d6,"{""distance"":5,""physical_error_rate"":0.001}","{""detection_events"":837,""detectors_checked"":229376}"
      1024,         0,         0,   0.023,standalone_exact_mw,a08eb9916bd7e95ca8a954036fa5b6d2576fbe4960b891dec8536a92078ec5d6,"{""distance"":5,""physical_error_rate"":0.001}","{""detection_events"":856,""detectors_checked"":229376}"
      4096,         0,         0,   0.109,standalone_exact_mw,82cde5da083f9d53e67262bb98cd5aaa35303847977efb0685bd0a8870fdc07b,"{""distance"":5,""physical_error_rate"":0.002}","{""detection_events"":6767,""detectors_checked"":917504}"
      2048,         0,         0,   0.055,standalone_exact_mw,82cde5da083f9d53e67262bb98cd5aaa35303847977efb0685bd0a8870fdc07b,"{""distance"":5,""physical_error_rate"":0.002}","{""detection_events"":3237,""detectors_checked"":458752}"
      2048,         0,         0,   0.033,standalone_exact_mw,a08eb9916bd7e95ca8a954036fa5b6d2576fbe4960b891dec8536a92078ec5d6,"{""distance"":5,""physical_error_rate"":0.001}","{""detection_events"":1677,""detectors_checked"":458752}"
      3072,         0,         0,   0.055,standalone_exact_mw,a08eb9916bd7e95ca8a954036fa5b6d2576fbe4960b891dec8536a92078ec5d6,"{""distance"":5,""physical_error_rate"":0.001}","{""detection_events"":2345,""detectors_checked"":688128}"
      2048,         0,         0,   0.047,standalone_exact_mw,a08eb9916bd7e95ca8a954036fa5b6d2576fbe4960b891dec8536a92078ec5d6,"{""distance"":5,""physical_error_rate"":0.001}","{""detection_events"":1689,""detectors_checked"":458752}"
      3072,         0,         0,   0.055,standalone_exact_mw,a08eb9916bd7e95ca8a954036fa5b6d2576fbe4960b891dec8536a92078ec5d6,"{""distance"":5,""physical_error_rate"":0.001}","{""detection_events"":2390,""detectors_checked"":688128}"
      3072,         0,         0,   0.082,standalone_exact_mw,82cde5da083f9d53e67262bb98cd5aaa35303847977efb0685bd0a8870fdc07b,"{""distance"":5,""physical_error_rate"":0.002}","{""detection_events"":5014,""detectors_checked"":688128}"
      3072,         0,         0,   0.057,standalone_exact_mw,a08eb9916bd7e95ca8a954036fa5b6d2576fbe4960b891dec8536a92078ec5d6,"{""distance"":5,""physical_error_rate"":0.001}","{""detection_events"":2305,""detectors_checked"":688128}"
      6144,         0,         0,   0.163,standalone_exact_mw,82cde5da083f9d53e67262bb98cd5aaa35303847977efb0685bd0a8870fdc07b,"{""distance"":5,""physical_error_rate"":0.002}","{""detection_events"":10050,""detectors_checked"":1376256}"
      4096,         0,         0,   0.083,standalone_exact_mw,a08eb9916bd7e95ca8a954036fa5b6d2576fbe4960b891dec8536a92078ec5d6,"{""distance"":5,""physical_error_rate"":0.001}","{""detection_events"":3324,""detectors_checked"":917504}"
      4096,         0,         0,   0.108,standalone_exact_mw,82cde5da083f9d53e67262bb98cd5aaa35303847977efb0685bd0a8870fdc07b,"{""distance"":5,""physical_error_rate"":0.002}","{""detection_events"":6702,""detectors_checked"":917504}"
      4096,         0,         0,   0.081,standalone_exact_mw,a08eb9916bd7e95ca8a954036fa5b6d2576fbe4960b891dec8536a92078ec5d6,"{""distance"":5,""physical_error_rate"":0.001}","{""detection_events"":3364,""detectors_checked"":917504}"
      6144,         0,         0,   0.110,standalone_exact_mw,a08eb9916bd7e95ca8a954036fa5b6d2576fbe4960b891dec8536a92078ec5d6,"{""distance"":5,""physical_error_rate"":0.001}","{""detection_events"":4825,""detectors_checked"":1376256}"
      6144,         0,         0,   0.114,standalone_exact_mw,a08eb9916bd7e95ca8a954036fa5b6d2576fbe4960b891dec8536a92078ec5d6,"{""distance"":5,""physical_error_rate"":0.001}","{""detection_events"":5129,""detectors_checked"":1376256}"
      5120,         0,         0,   0.151,standalone_exact_mw,82cde5da083f9d53e67262bb98cd5aaa35303847977efb0685bd0a8870fdc07b,"{""distance"":5,""physical_error_rate"":0.002}","{""detection_events"":8196,""detectors_checked"":1146880}"
      8192,         0,         0,   0.218,standalone_exact_mw,82cde5da083f9d53e67262bb98cd5aaa35303847977efb0685bd0a8870fdc07b,"{""distance"":5,""physical_error_rate"":0.002}","{""detection_events"":13221,""detectors_checked"":1835008}"
      8192,         0,         0,   0.157,standalone_exact_mw,a08eb9916bd7e95ca8a954036fa5b6d2576fbe4960b891dec8536a92078ec5d6,"{""distance"":5,""physical_error_rate"":0.001}","{""detection_events"":6455,""detectors_checked"":1835008}"
      7168,         0,         0,   0.151,standalone_exact_mw,a08eb9916bd7e95ca8a954036fa5b6d2576fbe4960b891dec8536a92078ec5d6,"{""distance"":5,""physical_error_rate"":0.001}","{""detection_events"":5991,""detectors_checked"":1605632}"
      8192,         0,         0,   0.233,standalone_exact_mw,82cde5da083f9d53e67262bb98cd5aaa35303847977efb0685bd0a8870fdc07b,"{""distance"":5,""physical_error_rate"":0.002}","{""detection_events"":13020,""detectors_checked"":1835008}"
     11264,         0,         0,   0.214,standalone_exact_mw,a08eb9916bd7e95ca8a954036fa5b6d2576fbe4960b891dec8536a92078ec5d6,"{""distance"":5,""physical_error_rate"":0.001}","{""detection_events"":9130,""detectors_checked"":2523136}"
     11264,         0,         0,   0.209,standalone_exact_mw,a08eb9916bd7e95ca8a954036fa5b6d2576fbe4960b891dec8536a92078ec5d6,"{""distance"":5,""physical_error_rate"":0.001}","{""detection_events"":8997,""detectors_checked"":2523136}"
     11264,         0,         0,   0.309,standalone_exact_mw,82cde5da083f9d53e67262bb98cd5aaa35303847977efb0685bd0a8870fdc07b,"{""distance"":5,""physical_error_rate"":0.002}","{""detection_events"":18278,""detectors_checked"":2523136}"
     11264,         0,         0,   0.314,standalone_exact_mw,82cde5da083f9d53e67262bb98cd5aaa35303847977efb0685bd0a8870fdc07b,"{""distance"":5,""physical_error_rate"":0.002}","{""detection_events"":18302,""detectors_checked"":2523136}"
     15360,         0,         0,   0.305,standalone_exact_mw,a08eb9916bd7e95ca8a954036fa5b6d2576fbe4960b891dec8536a92078ec5d6,"{""distance"":5,""physical_error_rate"":0.001}","{""detection_events"":12607,""detectors_checked"":3440640}"
     15360,         0,         0,   0.311,standalone_exact_mw,a08eb9916bd7e95ca8a954036fa5b6d2576fbe4960b891dec8536a92078ec5d6,"{""distance"":5,""physical_error_rate"":0.001}","{""detection_events"":12617,""detectors_checked"":3440640}"
     15360,         0,         0,   0.416,standalone_exact_mw,82cde5da083f9d53e67262bb98cd5aaa35303847977efb0685bd0a8870fdc07b,"{""distance"":5,""physical_error_rate"":0.002}","{""detection_events"":24886,""detectors_checked"":3440640}"
     15360,         0,         0,   0.412,standalone_exact_mw,82cde5da083f9d53e67262bb98cd5aaa35303847977efb0685bd0a8870fdc07b,"{""distance"":5,""physical_error_rate"":0.002}","{""detection_events"":24329,""detectors_checked"":3440640}"
     21504,         0,         0,   0.417,standalone_exact_mw,a08eb9916bd7e95ca8a954036fa5b6d2576fbe4960b891dec8536a92078ec5d6,"{""distance"":5,""physical_error_rate"":0.001}","{""detection_events"":17422,""detectors_checked"":4816896}"
     20480,         0,         0,   0.411,standalone_exact_mw,a08eb9916bd7e95ca8a954036fa5b6d2576fbe4960b891dec8536a92078ec5d6,"{""distance"":5,""physical_error_rate"":0.001}","{""detection_events"":16438,""detectors_checked"":4587520}"
     21504,         0,         0,   0.577,standalone_exact_mw,82cde5da083f9d53e67262bb98cd5aaa35303847977efb0685bd0a8870fdc07b,"{""distance"":5,""physical_error_rate"":0.002}","{""detection_events"":34750,""detectors_checked"":4816896}"
     21504,         0,         0,   0.579,standalone_exact_mw,82cde5da083f9d53e67262bb98cd5aaa35303847977efb0685bd0a8870fdc07b,"{""distance"":5,""physical_error_rate"":0.002}","{""detection_events"":34711,""detectors_checked"":4816896}"
     29696,         0,         0,   0.573,standalone_exact_mw,a08eb9916bd7e95ca8a954036fa5b6d2576fbe4960b891dec8536a92078ec5d6,"{""distance"":5,""physical_error_rate"":0.001}","{""detection_events"":24187,""detectors_checked"":6651904}"
     28672,         0,         0,   0.570,standalone_exact_mw,a08eb9916bd7e95ca8a954036fa5b6d2576fbe4960b891dec8536a92078ec5d6,"{""distance"":5,""physical_error_rate"":0.001}","{""detection_events"":23012,""detectors_checked"":6422528}"
    946176,         0,         0,    11.7,standalone_exact_mw,a1776e816afac70014f11f56bcdb5c816a7707d7213b56760e86cab507e42ef3,"{""distance"":5,""physical_error_rate"":0.0001}","{""detection_events"":77281,""detectors_checked"":211943424}"
    983040,         0,         0,    11.7,standalone_exact_mw,da1b05328a50158d3ddc50a94fd8dc063895f28eb3c937e1bf932a9499513bc0,"{""distance"":5,""physical_error_rate"":5e-05}","{""detection_events"":39917,""detectors_checked"":220200960}"
   1292288,         0,         0,    11.6,standalone_exact_mw,72c27de2ebec78bb62b76c65eff3f0cc2d8f7d8d48378a61f4d3abf36bf8e189,"{""distance"":5,""physical_error_rate"":0.0002}","{""detection_events"":210369,""detectors_checked"":289472512}"
     29696,         0,         0,   0.822,standalone_exact_mw,82cde5da083f9d53e67262bb98cd5aaa35303847977efb0685bd0a8870fdc07b,"{""distance"":5,""physical_error_rate"":0.002}","{""detection_events"":47749,""detectors_checked"":6651904}"
    749568,         0,         0,    11.7,standalone_exact_mw,e5b1593c0e383368e36e36cad39a29f258d2f8e653c88d1b733626fe43257e38,"{""distance"":5,""physical_error_rate"":0.0005}","{""detection_events"":303154,""detectors_checked"":167903232}"
     28672,         0,         0,   0.805,standalone_exact_mw,82cde5da083f9d53e67262bb98cd5aaa35303847977efb0685bd0a8870fdc07b,"{""distance"":5,""physical_error_rate"":0.002}","{""detection_events"":46333,""detectors_checked"":6422528}"
     40960,         1,         0,   0.801,standalone_exact_mw,a08eb9916bd7e95ca8a954036fa5b6d2576fbe4960b891dec8536a92078ec5d6,"{""distance"":5,""physical_error_rate"":0.001}","{""detection_events"":33122,""detectors_checked"":9175040,""obs_mistake_mask=E"":1}"
     39936,         0,         0,   0.798,standalone_exact_mw,a08eb9916bd7e95ca8a954036fa5b6d2576fbe4960b891dec8536a92078ec5d6,"{""distance"":5,""physical_error_rate"":0.001}","{""detection_events"":32222,""detectors_checked"":8945664}"
   2400256,         0,         0,    22.8,standalone_exact_mw,da1b05328a50158d3ddc50a94fd8dc063895f28eb3c937e1bf932a9499513bc0,"{""distance"":5,""physical_error_rate"":5e-05}","{""detection_events"":97375,""detectors_checked"":537657344}"
   1924096,         0,         0,    22.8,standalone_exact_mw,a1776e816afac70014f11f56bcdb5c816a7707d7213b56760e86cab507e42ef3,"{""distance"":5,""physical_error_rate"":0.0001}","{""detection_events"":155755,""detectors_checked"":430997504}"
     40960,         0,         0,    1.12,standalone_exact_mw,82cde5da083f9d53e67262bb98cd5aaa35303847977efb0685bd0a8870fdc07b,"{""distance"":5,""physical_error_rate"":0.002}","{""detection_events"":65459,""detectors_checked"":9175040}"
     40960,         0,         0,    1.12,standalone_exact_mw,82cde5da083f9d53e67262bb98cd5aaa35303847977efb0685bd0a8870fdc07b,"{""distance"":5,""physical_error_rate"":0.002}","{""detection_events"":65652,""detectors_checked"":9175040}"
     57344,         0,         0,    1.12,standalone_exact_mw,a08eb9916bd7e95ca8a954036fa5b6d2576fbe4960b891dec8536a92078ec5d6,"{""distance"":5,""physical_error_rate"":0.001}","{""detection_events"":46148,""detectors_checked"":12845056}"
     55296,         0,         0,    1.12,standalone_exact_mw,a08eb9916bd7e95ca8a954036fa5b6d2576fbe4960b891dec8536a92078ec5d6,"{""distance"":5,""physical_error_rate"":0.001}","{""detection_events"":44837,""detectors_checked"":12386304}"
     75776,         1,         0,    1.56,standalone_exact_mw,82cde5da083f9d53e67262bb98cd5aaa35303847977efb0685bd0a8870fdc07b,"{""distance"":5,""physical_error_rate"":0.002}","{""detection_events"":122219,""detectors_checked"":16973824,""obs_mistake_mask=E"":1}"
     61440,         1,         0,    1.58,standalone_exact_mw,82cde5da083f9d53e67262bb98cd5aaa35303847977efb0685bd0a8870fdc07b,"{""distance"":5,""physical_error_rate"":0.002}","{""detection_events"":99041,""detectors_checked"":13762560,""obs_mistake_mask=E"":1}"
     94208,         0,         0,    1.56,standalone_exact_mw,a08eb9916bd7e95ca8a954036fa5b6d2576fbe4960b891dec8536a92078ec5d6,"{""distance"":5,""physical_error_rate"":0.001}","{""detection_events"":76007,""detectors_checked"":21102592}"
     77824,         0,         0,    1.55,standalone_exact_mw,a08eb9916bd7e95ca8a954036fa5b6d2576fbe4960b891dec8536a92078ec5d6,"{""distance"":5,""physical_error_rate"":0.001}","{""detection_events"":63118,""detectors_checked"":17432576}"
    106496,         0,         0,    2.19,standalone_exact_mw,82cde5da083f9d53e67262bb98cd5aaa35303847977efb0685bd0a8870fdc07b,"{""distance"":5,""physical_error_rate"":0.002}","{""detection_events"":172295,""detectors_checked"":23855104}"
     77824,         1,         0,    2.18,standalone_exact_mw,82cde5da083f9d53e67262bb98cd5aaa35303847977efb0685bd0a8870fdc07b,"{""distance"":5,""physical_error_rate"":0.002}","{""detection_events"":125698,""detectors_checked"":17432576,""obs_mistake_mask=E"":1}"
   2207744,         0,         0,    22.9,standalone_exact_mw,72c27de2ebec78bb62b76c65eff3f0cc2d8f7d8d48378a61f4d3abf36bf8e189,"{""distance"":5,""physical_error_rate"":0.0002}","{""detection_events"":360422,""detectors_checked"":494534656}"
    192512,         2,         0,    2.18,standalone_exact_mw,a08eb9916bd7e95ca8a954036fa5b6d2576fbe4960b891dec8536a92078ec5d6,"{""distance"":5,""physical_error_rate"":0.001}","{""detection_events"":156259,""detectors_checked"":43122688,""obs_mistake_mask=E"":2}"
    108544,         0,         0,    2.19,standalone_exact_mw,a08eb9916bd7e95ca8a954036fa5b6d2576fbe4960b891dec8536a92078ec5d6,"{""distance"":5,""physical_error_rate"":0.001}","{""detection_events"":87900,""detectors_checked"":24313856}"
   1647616,         0,         0,    22.9,standalone_exact_mw,e5b1593c0e383368e36e36cad39a29f258d2f8e653c88d1b733626fe43257e38,"{""distance"":5,""physical_error_rate"":0.0005}","{""detection_events"":671437,""detectors_checked"":369065984}"
   2230272,         4,         0,    22.9,standalone_exact_mw,a08eb9916bd7e95ca8a954036fa5b6d2576fbe4960b891dec8536a92078ec5d6,"{""distance"":5,""physical_error_rate"":0.001}","{""detection_events"":1804414,""detectors_checked"":499580928,""obs_mistake_mask=E"":4}"
    162816,         0,         0,    3.05,standalone_exact_mw,82cde5da083f9d53e67262bb98cd5aaa35303847977efb0685bd0a8870fdc07b,"{""distance"":5,""physical_error_rate"":0.002}","{""detection_events"":261990,""detectors_checked"":36470784}"
    252928,         1,         0,    3.04,standalone_exact_mw,a08eb9916bd7e95ca8a954036fa5b6d2576fbe4960b891dec8536a92078ec5d6,"{""distance"":5,""physical_error_rate"":0.001}","{""detection_events"":205174,""detectors_checked"":56655872,""obs_mistake_mask=E"":1}"
    110592,         0,         0,    3.08,standalone_exact_mw,82cde5da083f9d53e67262bb98cd5aaa35303847977efb0685bd0a8870fdc07b,"{""distance"":5,""physical_error_rate"":0.002}","{""detection_events"":178877,""detectors_checked"":24772608}"
    150528,         0,         0,    3.05,standalone_exact_mw,a08eb9916bd7e95ca8a954036fa5b6d2576fbe4960b891dec8536a92078ec5d6,"{""distance"":5,""physical_error_rate"":0.001}","{""detection_events"":121448,""detectors_checked"":33718272}"
    227328,         2,         0,    4.27,standalone_exact_mw,82cde5da083f9d53e67262bb98cd5aaa35303847977efb0685bd0a8870fdc07b,"{""distance"":5,""physical_error_rate"":0.002}","{""detection_events"":365720,""detectors_checked"":50921472,""obs_mistake_mask=E"":2}"
    156672,         3,         0,    4.26,standalone_exact_mw,82cde5da083f9d53e67262bb98cd5aaa35303847977efb0685bd0a8870fdc07b,"{""distance"":5,""physical_error_rate"":0.002}","{""detection_events"":252131,""detectors_checked"":35094528,""obs_mistake_mask=E"":3}"
    226304,         0,         0,    4.26,standalone_exact_mw,a08eb9916bd7e95ca8a954036fa5b6d2576fbe4960b891dec8536a92078ec5d6,"{""distance"":5,""physical_error_rate"":0.001}","{""detection_events"":183154,""detectors_checked"":50692096}"
    205824,         0,         0,    4.28,standalone_exact_mw,a08eb9916bd7e95ca8a954036fa5b6d2576fbe4960b891dec8536a92078ec5d6,"{""distance"":5,""physical_error_rate"":0.001}","{""detection_events"":166735,""detectors_checked"":46104576}"
   1307648,         0,         0,    16.3,standalone_exact_mw,a1776e816afac70014f11f56bcdb5c816a7707d7213b56760e86cab507e42ef3,"{""distance"":5,""physical_error_rate"":0.0001}","{""detection_events"":106568,""detectors_checked"":292913152}"
   1897472,         0,         0,    16.4,standalone_exact_mw,da1b05328a50158d3ddc50a94fd8dc063895f28eb3c937e1bf932a9499513bc0,"{""distance"":5,""physical_error_rate"":5e-05}","{""detection_events"":77378,""detectors_checked"":425033728}"
   2521088,         0,         0,    16.3,standalone_exact_mw,72c27de2ebec78bb62b76c65eff3f0cc2d8f7d8d48378a61f4d3abf36bf8e189,"{""distance"":5,""physical_error_rate"":0.0002}","{""detection_events"":408517,""detectors_checked"":564723712}"
   1028096,         0,         0,    16.3,standalone_exact_mw,e5b1593c0e383368e36e36cad39a29f258d2f8e653c88d1b733626fe43257e38,"{""distance"":5,""physical_error_rate"":0.0005}","{""detection_events"":415067,""detectors_checked"":230293504}"
    954368,        12,         0,    22.9,standalone_exact_mw,82cde5da083f9d53e67262bb98cd5aaa35303847977efb0685bd0a8870fdc07b,"{""distance"":5,""physical_error_rate"":0.002}","{""detection_events"":1535605,""detectors_checked"":213778432,""obs_mistake_mask=E"":12}"
    239616,         4,         0,    5.99,standalone_exact_mw,82cde5da083f9d53e67262bb98cd5aaa35303847977efb0685bd0a8870fdc07b,"{""distance"":5,""physical_error_rate"":0.002}","{""detection_events"":386125,""detectors_checked"":53673984,""obs_mistake_mask=E"":4}"
    400384,         0,         0,    5.93,standalone_exact_mw,a08eb9916bd7e95ca8a954036fa5b6d2576fbe4960b891dec8536a92078ec5d6,"{""distance"":5,""physical_error_rate"":0.001}","{""detection_events"":323759,""detectors_checked"":89686016}"
    217088,         2,         0,    5.99,standalone_exact_mw,82cde5da083f9d53e67262bb98cd5aaa35303847977efb0685bd0a8870fdc07b,"{""distance"":5,""physical_error_rate"":0.002}","{""detection_events"":349150,""detectors_checked"":48627712,""obs_mistake_mask=E"":2}"
    299008,         0,         0,    5.97,standalone_exact_mw,a08eb9916bd7e95ca8a954036fa5b6d2576fbe4960b891dec8536a92078ec5d6,"{""distance"":5,""physical_error_rate"":0.001}","{""detection_events"":241016,""detectors_checked"":66977792}"
    303104,         5,         0,    8.33,standalone_exact_mw,82cde5da083f9d53e67262bb98cd5aaa35303847977efb0685bd0a8870fdc07b,"{""distance"":5,""physical_error_rate"":0.002}","{""detection_events"":489440,""detectors_checked"":67895296,""obs_mistake_mask=E"":5}"
    465920,         2,         0,    8.34,standalone_exact_mw,82cde5da083f9d53e67262bb98cd5aaa35303847977efb0685bd0a8870fdc07b,"{""distance"":5,""physical_error_rate"":0.002}","{""detection_events"":750773,""detectors_checked"":104366080,""obs_mistake_mask=E"":2}"
    487424,         1,         0,    8.37,standalone_exact_mw,a08eb9916bd7e95ca8a954036fa5b6d2576fbe4960b891dec8536a92078ec5d6,"{""distance"":5,""physical_error_rate"":0.001}","{""detection_events"":395015,""detectors_checked"":109182976,""obs_mistake_mask=E"":1}"
    417792,         0,         0,    8.35,standalone_exact_mw,a08eb9916bd7e95ca8a954036fa5b6d2576fbe4960b891dec8536a92078ec5d6,"{""distance"":5,""physical_error_rate"":0.001}","{""detection_events"":339220,""detectors_checked"":93585408}"
   2581504,         0,         0,    32.0,standalone_exact_mw,a1776e816afac70014f11f56bcdb5c816a7707d7213b56760e86cab507e42ef3,"{""distance"":5,""physical_error_rate"":0.0001}","{""detection_events"":209953,""detectors_checked"":578256896}"
   2670592,         0,         0,    32.0,standalone_exact_mw,72c27de2ebec78bb62b76c65eff3f0cc2d8f7d8d48378a61f4d3abf36bf8e189,"{""distance"":5,""physical_error_rate"":0.0002}","{""detection_events"":433825,""detectors_checked"":598212608}"
   2151424,         1,         0,    32.0,standalone_exact_mw,e5b1593c0e383368e36e36cad39a29f258d2f8e653c88d1b733626fe43257e38,"{""distance"":5,""physical_error_rate"":0.0005}","{""detection_events"":873543,""detectors_checked"":481918976,""obs_mistake_mask=E"":1}"
   2714624,         0,         0,    32.0,standalone_exact_mw,da1b05328a50158d3ddc50a94fd8dc063895f28eb3c937e1bf932a9499513bc0,"{""distance"":5,""physical_error_rate"":5e-05}","{""detection_events"":110106,""detectors_checked"":608075776}"
   2189312,         3,         0,    32.1,standalone_exact_mw,a08eb9916bd7e95ca8a954036fa5b6d2576fbe4960b891dec8536a92078ec5d6,"{""distance"":5,""physical_error_rate"":0.001}","{""detection_events"":1772487,""detectors_checked"":490405888,""obs_mistake_mask=E"":3}"
   2593792,         0,         0,    32.0,standalone_exact_mw,a1776e816afac70014f11f56bcdb5c816a7707d7213b56760e86cab507e42ef3,"{""distance"":5,""physical_error_rate"":0.0001}","{""detection_events"":211970,""detectors_checked"":581009408}"
   2690048,         0,         0,    31.9,standalone_exact_mw,da1b05328a50158d3ddc50a94fd8dc063895f28eb3c937e1bf932a9499513bc0,"{""distance"":5,""physical_error_rate"":5e-05}","{""detection_events"":108671,""detectors_checked"":602570752}"
   1334272,        22,         0,    32.1,standalone_exact_mw,82cde5da083f9d53e67262bb98cd5aaa35303847977efb0685bd0a8870fdc07b,"{""distance"":5,""physical_error_rate"":0.002}","{""detection_events"":2153340,""detectors_checked"":298876928,""obs_mistake_mask=E"":22}"
   2565120,         0,         0,    32.0,standalone_exact_mw,a1776e816afac70014f11f56bcdb5c816a7707d7213b56760e86cab507e42ef3,"{""distance"":5,""physical_error_rate"":0.0001}","{""detection_events"":209004,""detectors_checked"":574586880}"
   1599488,         2,         0,    32.0,standalone_exact_mw,a08eb9916bd7e95ca8a954036fa5b6d2576fbe4960b891dec8536a92078ec5d6,"{""distance"":5,""physical_error_rate"":0.001}","{""detection_events"":1293497,""detectors_checked"":358285312,""obs_mistake_mask=E"":2}"
   2398208,         0,         0,    32.0,standalone_exact_mw,72c27de2ebec78bb62b76c65eff3f0cc2d8f7d8d48378a61f4d3abf36bf8e189,"{""distance"":5,""physical_error_rate"":0.0002}","{""detection_events"":390664,""detectors_checked"":537198592}"
   2404352,         0,         0,    32.0,standalone_exact_mw,72c27de2ebec78bb62b76c65eff3f0cc2d8f7d8d48378a61f4d3abf36bf8e189,"{""distance"":5,""physical_error_rate"":0.0002}","{""detection_events"":392007,""detectors_checked"":538574848}"
   1122304,         9,         0,    32.0,standalone_exact_mw,82cde5da083f9d53e67262bb98cd5aaa35303847977efb0685bd0a8870fdc07b,"{""distance"":5,""physical_error_rate"":0.002}","{""detection_events"":1811775,""detectors_checked"":251396096,""obs_mistake_mask=E"":9}"
   2014208,         0,         0,    32.0,standalone_exact_mw,e5b1593c0e383368e36e36cad39a29f258d2f8e653c88d1b733626fe43257e38,"{""distance"":5,""physical_error_rate"":0.0005}","{""detection_events"":817371,""detectors_checked"":451182592}"
   2648064,         0,         0,    32.0,standalone_exact_mw,da1b05328a50158d3ddc50a94fd8dc063895f28eb3c937e1bf932a9499513bc0,"{""distance"":5,""physical_error_rate"":5e-05}","{""detection_events"":107748,""detectors_checked"":593166336}"
   2035712,         0,         0,    32.0,standalone_exact_mw,e5b1593c0e383368e36e36cad39a29f258d2f8e653c88d1b733626fe43257e38,"{""distance"":5,""physical_error_rate"":0.0005}","{""detection_events"":824641,""detectors_checked"":455999488}"
   1141760,        14,         0,    32.1,standalone_exact_mw,82cde5da083f9d53e67262bb98cd5aaa35303847977efb0685bd0a8870fdc07b,"{""distance"":5,""physical_error_rate"":0.002}","{""detection_events"":1841636,""detectors_checked"":255754240,""obs_mistake_mask=E"":14}"
   1601536,         5,         0,    32.0,standalone_exact_mw,a08eb9916bd7e95ca8a954036fa5b6d2576fbe4960b891dec8536a92078ec5d6,"{""distance"":5,""physical_error_rate"":0.001}","{""detection_events"":1297200,""detectors_checked"":358744064,""obs_mistake_mask=E"":5}"
   2989056,         0,         0,    31.9,standalone_exact_mw,da1b05328a50158d3ddc50a94fd8dc063895f28eb3c937e1bf932a9499513bc0,"{""distance"":5,""physical_error_rate"":5e-05}","{""detection_events"":120910,""detectors_checked"":669548544}"
   2831360,         0,         0,    32.0,standalone_exact_mw,a1776e816afac70014f11f56bcdb5c816a7707d7213b56760e86cab507e42ef3,"{""distance"":5,""physical_error_rate"":0.0001}","{""detection_events"":229819,""detectors_checked"":634224640}"
   2575360,         0,         0,    32.0,standalone_exact_mw,72c27de2ebec78bb62b76c65eff3f0cc2d8f7d8d48378a61f4d3abf36bf8e189,"{""distance"":5,""physical_error_rate"":0.0002}","{""detection_events"":417678,""detectors_checked"":576880640}"
   2514944,         0,         0,    32.0,standalone_exact_mw,e5b1593c0e383368e36e36cad39a29f258d2f8e653c88d1b733626fe43257e38,"{""distance"":5,""physical_error_rate"":0.0005}","{""detection_events"":1019565,""detectors_checked"":563347456}"
    429056,         1,         0,    11.7,standalone_exact_mw,82cde5da083f9d53e67262bb98cd5aaa35303847977efb0685bd0a8870fdc07b,"{""distance"":5,""physical_error_rate"":0.002}","{""detection_events"":690726,""detectors_checked"":96108544,""obs_mistake_mask=E"":1}"
    661504,         1,         0,    11.7,standalone_exact_mw,a08eb9916bd7e95ca8a954036fa5b6d2576fbe4960b891dec8536a92078ec5d6,"{""distance"":5,""physical_error_rate"":0.001}","{""detection_events"":535731,""detectors_checked"":148176896,""obs_mistake_mask=E"":1}"
    429056,         9,         0,    11.7,standalone_exact_mw,82cde5da083f9d53e67262bb98cd5aaa35303847977efb0685bd0a8870fdc07b,"{""distance"":5,""physical_error_rate"":0.002}","{""detection_events"":693392,""detectors_checked"":96108544,""obs_mistake_mask=E"":9}"
    569344,         0,         0,    11.7,standalone_exact_mw,a08eb9916bd7e95ca8a954036fa5b6d2576fbe4960b891dec8536a92078ec5d6,"{""distance"":5,""physical_error_rate"":0.001}","{""detection_events"":460116,""detectors_checked"":127533056}"
   2085888,         0,         0,    22.8,standalone_exact_mw,a1776e816afac70014f11f56bcdb5c816a7707d7213b56760e86cab507e42ef3,"{""distance"":5,""physical_error_rate"":0.0001}","{""detection_events"":169122,""detectors_checked"":467238912}"
   2024448,         0,         0,    22.8,standalone_exact_mw,da1b05328a50158d3ddc50a94fd8dc063895f28eb3c937e1bf932a9499513bc0,"{""distance"":5,""physical_error_rate"":5e-05}","{""detection_events"":82755,""detectors_checked"":453476352}"
   3226624,         2,         0,    32.0,standalone_exact_mw,a08eb9916bd7e95ca8a954036fa5b6d2576fbe4960b891dec8536a92078ec5d6,"{""distance"":5,""physical_error_rate"":0.001}","{""detection_events"":2617441,""detectors_checked"":722763776,""obs_mistake_mask=E"":2}"
   3528704,         0,         0,    22.9,standalone_exact_mw,72c27de2ebec78bb62b76c65eff3f0cc2d8f7d8d48378a61f4d3abf36bf8e189,"{""distance"":5,""physical_error_rate"":0.0002}","{""detection_events"":572715,""detectors_checked"":790429696}"
   1446912,         0,         0,    22.9,standalone_exact_mw,e5b1593c0e383368e36e36cad39a29f258d2f8e653c88d1b733626fe43257e38,"{""distance"":5,""physical_error_rate"":0.0005}","{""detection_events"":587027,""detectors_checked"":324108288}"
   1126400,        16,         0,    32.1,standalone_exact_mw,82cde5da083f9d53e67262bb98cd5aaa35303847977efb0685bd0a8870fdc07b,"{""distance"":5,""physical_error_rate"":0.002}","{""detection_events"":1813245,""detectors_checked"":252313600,""obs_mistake_mask=E"":16}"
    593920,        10,         0,    16.4,standalone_exact_mw,82cde5da083f9d53e67262bb98cd5aaa35303847977efb0685bd0a8870fdc07b,"{""distance"":5,""physical_error_rate"":0.002}","{""detection_events"":956451,""detectors_checked"":133038080,""obs_mistake_mask=E"":10}"
    831488,         1,         0,    16.4,standalone_exact_mw,a08eb9916bd7e95ca8a954036fa5b6d2576fbe4960b891dec8536a92078ec5d6,"{""distance"":5,""physical_error_rate"":0.001}","{""detection_events"":674572,""detectors_checked"":186253312,""obs_mistake_mask=E"":1}"
    595968,         6,         0,    16.4,standalone_exact_mw,82cde5da083f9d53e67262bb98cd5aaa35303847977efb0685bd0a8870fdc07b,"{""distance"":5,""physical_error_rate"":0.002}","{""detection_events"":959685,""detectors_checked"":133496832,""obs_mistake_mask=E"":6}"
    811008,         3,         0,    16.3,standalone_exact_mw,a08eb9916bd7e95ca8a954036fa5b6d2576fbe4960b891dec8536a92078ec5d6,"{""distance"":5,""physical_error_rate"":0.001}","{""detection_events"":656543,""detectors_checked"":181665792,""obs_mistake_mask=E"":3}"
   2567168,         0,         0,    32.0,standalone_exact_mw,a1776e816afac70014f11f56bcdb5c816a7707d7213b56760e86cab507e42ef3,"{""distance"":5,""physical_error_rate"":0.0001}","{""detection_events"":209171,""detectors_checked"":575045632}"
   2680832,         0,         0,    32.0,standalone_exact_mw,da1b05328a50158d3ddc50a94fd8dc063895f28eb3c937e1bf932a9499513bc0,"{""distance"":5,""physical_error_rate"":5e-05}","{""detection_events"":108384,""detectors_checked"":600506368}"
   4934656,         0,         0,    32.0,standalone_exact_mw,72c27de2ebec78bb62b76c65eff3f0cc2d8f7d8d48378a61f4d3abf36bf8e189,"{""distance"":5,""physical_error_rate"":0.0002}","{""detection_events"":801810,""detectors_checked"":1105362944}"
   2027520,         0,         0,    32.0,standalone_exact_mw,e5b1593c0e383368e36e36cad39a29f258d2f8e653c88d1b733626fe43257e38,"{""distance"":5,""physical_error_rate"":0.0005}","{""detection_events"":823270,""detectors_checked"":454164480}"
   4753408,         0,         0,    44.7,standalone_exact_mw,a1776e816afac70014f11f56bcdb5c816a7707d7213b56760e86cab507e42ef3,"{""distance"":5,""physical_error_rate"":0.0001}","{""detection_events"":386733,""detectors_checked"":1064763392}"
   4929536,         0,         0,    44.8,standalone_exact_mw,72c27de2ebec78bb62b76c65eff3f0cc2d8f7d8d48378a61f4d3abf36bf8e189,"{""distance"":5,""physical_error_rate"":0.0002}","{""detection_events"":801157,""detectors_checked"":1104216064}"
   4539392,         1,         0,    44.8,standalone_exact_mw,e5b1593c0e383368e36e36cad39a29f258d2f8e653c88d1b733626fe43257e38,"{""distance"":5,""physical_error_rate"":0.0005}","{""detection_events"":1845567,""detectors_checked"":1016823808,""obs_mistake_mask=E"":1}"
   5586944,         0,         0,    44.8,standalone_exact_mw,da1b05328a50158d3ddc50a94fd8dc063895f28eb3c937e1bf932a9499513bc0,"{""distance"":5,""physical_error_rate"":5e-05}","{""detection_events"":228903,""detectors_checked"":1251475456}"
   2499584,         4,         0,    44.8,standalone_exact_mw,a08eb9916bd7e95ca8a954036fa5b6d2576fbe4960b891dec8536a92078ec5d6,"{""distance"":5,""physical_error_rate"":0.001}","{""detection_events"":2023496,""detectors_checked"":559906816,""obs_mistake_mask=E"":4}"
   3628032,         0,         0,    44.8,standalone_exact_mw,a1776e816afac70014f11f56bcdb5c816a7707d7213b56760e86cab507e42ef3,"{""distance"":5,""physical_error_rate"":0.0001}","{""detection_events"":295132,""detectors_checked"":812679168}"
   3703808,         0,         0,    44.8,standalone_exact_mw,da1b05328a50158d3ddc50a94fd8dc063895f28eb3c937e1bf932a9499513bc0,"{""distance"":5,""physical_error_rate"":5e-05}","{""detection_events"":151635,""detectors_checked"":829652992}"
   3549184,         0,         0,    44.8,standalone_exact_mw,a1776e816afac70014f11f56bcdb5c816a7707d7213b56760e86cab507e42ef3,"{""distance"":5,""physical_error_rate"":0.0001}","{""detection_events"":287874,""detectors_checked"":795017216}"
   1699840,        20,         0,    44.9,standalone_exact_mw,82cde5da083f9d53e67262bb98cd5aaa35303847977efb0685bd0a8870fdc07b,"{""distance"":5,""physical_error_rate"":0.002}","{""detection_events"":2742279,""detectors_checked"":380764160,""obs_mistake_mask=E"":20}"
   2243584,         4,         0,    44.9,standalone_exact_mw,a08eb9916bd7e95ca8a954036fa5b6d2576fbe4960b891dec8536a92078ec5d6,"{""distance"":5,""physical_error_rate"":0.001}","{""detection_events"":1816180,""detectors_checked"":502562816,""obs_mistake_mask=E"":4}"
   1597440,        23,         0,    44.9,standalone_exact_mw,82cde5da083f9d53e67262bb98cd5aaa35303847977efb0685bd0a8870fdc07b,"{""distance"":5,""physical_error_rate"":0.002}","{""detection_events"":2569043,""detectors_checked"":357826560,""obs_mistake_mask=E"":23}"
   3381248,         0,         0,    44.8,standalone_exact_mw,72c27de2ebec78bb62b76c65eff3f0cc2d8f7d8d48378a61f4d3abf36bf8e189,"{""distance"":5,""physical_error_rate"":0.0002}","{""detection_events"":549825,""detectors_checked"":757399552}"
   3286016,         0,         0,    44.9,standalone_exact_mw,72c27de2ebec78bb62b76c65eff3f0cc2d8f7d8d48378a61f4d3abf36bf8e189,"{""distance"":5,""physical_error_rate"":0.0002}","{""detection_events"":532077,""detectors_checked"":736067584}"
   2830336,         0,         0,    44.8,standalone_exact_mw,e5b1593c0e383368e36e36cad39a29f258d2f8e653c88d1b733626fe43257e38,"{""distance"":5,""physical_error_rate"":0.0005}","{""detection_events"":1151860,""detectors_checked"":633995264}"
   3726336,         0,         0,    44.8,standalone_exact_mw,da1b05328a50158d3ddc50a94fd8dc063895f28eb3c937e1bf932a9499513bc0,"{""distance"":5,""physical_error_rate"":5e-05}","{""detection_events"":151939,""detectors_checked"":834699264}"
   2833408,         1,         0,    44.8,standalone_exact_mw,e5b1593c0e383368e36e36cad39a29f258d2f8e653c88d1b733626fe43257e38,"{""distance"":5,""physical_error_rate"":0.0005}","{""detection_events"":1148983,""detectors_checked"":634683392,""obs_mistake_mask=E"":1}"
   1603584,        16,         0,    44.9,standalone_exact_mw,82cde5da083f9d53e67262bb98cd5aaa35303847977efb0685bd0a8870fdc07b,"{""distance"":5,""physical_error_rate"":0.002}","{""detection_events"":2585402,""detectors_checked"":359202816,""obs_mistake_mask=E"":16}"
   2252800,         6,         0,    44.8,standalone_exact_mw,a08eb9916bd7e95ca8a954036fa5b6d2576fbe4960b891dec8536a92078ec5d6,"{""distance"":5,""physical_error_rate"":0.001}","{""detection_events"":1824011,""detectors_checked"":504627200,""obs_mistake_mask=E"":6}"
    900096,        10,         0,    22.9,standalone_exact_mw,82cde5da083f9d53e67262bb98cd5aaa35303847977efb0685bd0a8870fdc07b,"{""distance"":5,""physical_error_rate"":0.002}","{""detection_events"":1449439,""detectors_checked"":201621504,""obs_mistake_mask=E"":10}"
   1172480,         3,         0,    22.9,standalone_exact_mw,a08eb9916bd7e95ca8a954036fa5b6d2576fbe4960b891dec8536a92078ec5d6,"{""distance"":5,""physical_error_rate"":0.001}","{""detection_events"":948409,""detectors_checked"":262635520,""obs_mistake_mask=E"":3}"
    831488,        11,         0,    22.9,standalone_exact_mw,82cde5da083f9d53e67262bb98cd5aaa35303847977efb0685bd0a8870fdc07b,"{""distance"":5,""physical_error_rate"":0.002}","{""detection_events"":1340976,""detectors_checked"":186253312,""obs_mistake_mask=E"":11}"
   1134592,         1,         0,    22.9,standalone_exact_mw,a08eb9916bd7e95ca8a954036fa5b6d2576fbe4960b891dec8536a92078ec5d6,"{""distance"":5,""physical_error_rate"":0.001}","{""detection_events"":921184,""detectors_checked"":254148608,""obs_mistake_mask=E"":1}"
   3913728,         0,         0,    44.7,standalone_exact_mw,da1b05328a50158d3ddc50a94fd8dc063895f28eb3c937e1bf932a9499513bc0,"{""distance"":5,""physical_error_rate"":5e-05}","{""detection_events"":158885,""detectors_checked"":876675072}"
   3600384,         0,         0,    44.8,standalone_exact_mw,a1776e816afac70014f11f56bcdb5c816a7707d7213b56760e86cab507e42ef3,"{""distance"":5,""physical_error_rate"":0.0001}","{""detection_events"":291958,""detectors_checked"":806486016}"
   3485696,         0,         0,    44.8,standalone_exact_mw,72c27de2ebec78bb62b76c65eff3f0cc2d8f7d8d48378a61f4d3abf36bf8e189,"{""distance"":5,""physical_error_rate"":0.0002}","{""detection_events"":564511,""detectors_checked"":780795904}"
   2936832,         0,         0,    44.8,standalone_exact_mw,e5b1593c0e383368e36e36cad39a29f258d2f8e653c88d1b733626fe43257e38,"{""distance"":5,""physical_error_rate"":0.0005}","{""detection_events"":1190437,""detectors_checked"":657850368}"
   4422656,         5,         0,    44.9,standalone_exact_mw,a08eb9916bd7e95ca8a954036fa5b6d2576fbe4960b891dec8536a92078ec5d6,"{""distance"":5,""physical_error_rate"":0.001}","{""detection_events"":3576126,""detectors_checked"":990674944,""obs_mistake_mask=E"":5}"
   1751040,        23,         0,    44.9,standalone_exact_mw,82cde5da083f9d53e67262bb98cd5aaa35303847977efb0685bd0a8870fdc07b,"{""distance"":5,""physical_error_rate"":0.002}","{""detection_events"":2824726,""detectors_checked"":392232960,""obs_mistake_mask=E"":23}"
   1538048,        17,         0,    32.1,standalone_exact_mw,82cde5da083f9d53e67262bb98cd5aaa35303847977efb0685bd0a8870fdc07b,"{""distance"":5,""physical_error_rate"":0.002}","{""detection_events"":2481449,""detectors_checked"":344522752,""obs_mistake_mask=E"":17}"
   1644544,         4,         0,    32.0,standalone_exact_mw,a08eb9916bd7e95ca8a954036fa5b6d2576fbe4960b891dec8536a92078ec5d6,"{""distance"":5,""physical_error_rate"":0.001}","{""detection_events"":1328468,""detectors_checked"":368377856,""obs_mistake_mask=E"":4}"
   1465344,        19,         0,    32.1,standalone_exact_mw,82cde5da083f9d53e67262bb98cd5aaa35303847977efb0685bd0a8870fdc07b,"{""distance"":5,""physical_error_rate"":0.002}","{""detection_events"":2362491,""detectors_checked"":328237056,""obs_mistake_mask=E"":19}"
   1582080,         4,         0,    32.0,standalone_exact_mw,a08eb9916bd7e95ca8a954036fa5b6d2576fbe4960b891dec8536a92078ec5d6,"{""distance"":5,""physical_error_rate"":0.001}","{""detection_events"":1280901,""detectors_checked"":354385920,""obs_mistake_mask=E"":4}"
   4439040,         0,         0,    44.8,standalone_exact_mw,a1776e816afac70014f11f56bcdb5c816a7707d7213b56760e86cab507e42ef3,"{""distance"":5,""physical_error_rate"":0.0001}","{""detection_events"":360145,""detectors_checked"":994344960}"
   3768320,         0,         0,    44.7,standalone_exact_mw,da1b05328a50158d3ddc50a94fd8dc063895f28eb3c937e1bf932a9499513bc0,"{""distance"":5,""physical_error_rate"":5e-05}","{""detection_events"":152605,""detectors_checked"":844103680}"
   4911104,         0,         0,    44.8,standalone_exact_mw,72c27de2ebec78bb62b76c65eff3f0cc2d8f7d8d48378a61f4d3abf36bf8e189,"{""distance"":5,""physical_error_rate"":0.0002}","{""detection_events"":799046,""detectors_checked"":1100087296}"
   2842624,         0,         0,    44.9,standalone_exact_mw,e5b1593c0e383368e36e36cad39a29f258d2f8e653c88d1b733626fe43257e38,"{""distance"":5,""physical_error_rate"":0.0005}","{""detection_events"":1152236,""detectors_checked"":636747776}"
   5794816,         0,         0,    62.6,standalone_exact_mw,a1776e816afac70014f11f56bcdb5c816a7707d7213b56760e86cab507e42ef3,"{""distance"":5,""physical_error_rate"":0.0001}","{""detection_events"":471418,""detectors_checked"":1298038784}"
   6204416,         0,         0,    62.8,standalone_exact_mw,72c27de2ebec78bb62b76c65eff3f0cc2d8f7d8d48378a61f4d3abf36bf8e189,"{""distance"":5,""physical_error_rate"":0.0002}","{""detection_events"":1004318,""detectors_checked"":1389789184}"
   4792320,         1,         0,    62.7,standalone_exact_mw,e5b1593c0e383368e36e36cad39a29f258d2f8e653c88d1b733626fe43257e38,"{""distance"":5,""physical_error_rate"":0.0005}","{""detection_events"":1949160,""detectors_checked"":1073479680,""obs_mistake_mask=E"":1}"
   6571008,         0,         0,    62.7,standalone_exact_mw,da1b05328a50158d3ddc50a94fd8dc063895f28eb3c937e1bf932a9499513bc0,"{""distance"":5,""physical_error_rate"":5e-05}","{""detection_events"":268022,""detectors_checked"":1471905792}"
   3222528,         7,         0,    62.8,standalone_exact_mw,a08eb9916bd7e95ca8a954036fa5b6d2576fbe4960b891dec8536a92078ec5d6,"{""distance"":5,""physical_error_rate"":0.001}","{""detection_events"":2609518,""detectors_checked"":721846272,""obs_mistake_mask=E"":7}"
   5029888,         0,         0,    62.6,standalone_exact_mw,a1776e816afac70014f11f56bcdb5c816a7707d7213b56760e86cab507e42ef3,"{""distance"":5,""physical_error_rate"":0.0001}","{""detection_events"":407530,""detectors_checked"":1126694912}"
   5239808,         0,         0,    62.7,standalone_exact_mw,da1b05328a50158d3ddc50a94fd8dc063895f28eb3c937e1bf932a9499513bc0,"{""distance"":5,""physical_error_rate"":5e-05}","{""detection_events"":213100,""detectors_checked"":1173716992}"
   5011456,         0,         0,    62.7,standalone_exact_mw,a1776e816afac70014f11f56bcdb5c816a7707d7213b56760e86cab507e42ef3,"{""distance"":5,""physical_error_rate"":0.0001}","{""detection_events"":406629,""detectors_checked"":1122566144}"
   2244608,        29,         0,    62.9,standalone_exact_mw,82cde5da083f9d53e67262bb98cd5aaa35303847977efb0685bd0a8870fdc07b,"{""distance"":5,""physical_error_rate"":0.002}","{""detection_events"":3620790,""detectors_checked"":502792192,""obs_mistake_mask=E"":29}"
   3129344,         4,         0,    62.8,standalone_exact_mw,a08eb9916bd7e95ca8a954036fa5b6d2576fbe4960b891dec8536a92078ec5d6,"{""distance"":5,""physical_error_rate"":0.001}","{""detection_events"":2539036,""detectors_checked"":700973056,""obs_mistake_mask=E"":4}"
   4678656,         0,         0,    62.8,standalone_exact_mw,72c27de2ebec78bb62b76c65eff3f0cc2d8f7d8d48378a61f4d3abf36bf8e189,"{""distance"":5,""physical_error_rate"":0.0002}","{""detection_events"":760956,""detectors_checked"":1048018944}"
   2211840,        27,         0,    62.9,standalone_exact_mw,82cde5da083f9d53e67262bb98cd5aaa35303847977efb0685bd0a8870fdc07b,"{""distance"":5,""physical_error_rate"":0.002}","{""detection_events"":3570696,""detectors_checked"":495452160,""obs_mistake_mask=E"":27}"
   4680704,         0,         0,    62.7,standalone_exact_mw,72c27de2ebec78bb62b76c65eff3f0cc2d8f7d8d48378a61f4d3abf36bf8e189,"{""distance"":5,""physical_error_rate"":0.0002}","{""detection_events"":758913,""detectors_checked"":1048477696}"
   3929088,         0,         0,    62.8,standalone_exact_mw,e5b1593c0e383368e36e36cad39a29f258d2f8e653c88d1b733626fe43257e38,"{""distance"":5,""physical_error_rate"":0.0005}","{""detection_events"":1594073,""detectors_checked"":880115712}"
   5224448,         0,         0,    62.7,standalone_exact_mw,da1b05328a50158d3ddc50a94fd8dc063895f28eb3c937e1bf932a9499513bc0,"{""distance"":5,""physical_error_rate"":5e-05}","{""detection_events"":211909,""detectors_checked"":1170276352}"
   3989504,         0,         0,    62.8,standalone_exact_mw,e5b1593c0e383368e36e36cad39a29f258d2f8e653c88d1b733626fe43257e38,"{""distance"":5,""physical_error_rate"":0.0005}","{""detection_events"":1623814,""detectors_checked"":893648896}"
   2237440,        16,         0,    62.9,standalone_exact_mw,82cde5da083f9d53e67262bb98cd5aaa35303847977efb0685bd0a8870fdc07b,"{""distance"":5,""physical_error_rate"":0.002}","{""detection_events"":3609828,""detectors_checked"":501186560,""obs_mistake_mask=E"":16}"
   3129344,         3,         0,    62.8,standalone_exact_mw,a08eb9916bd7e95ca8a954036fa5b6d2576fbe4960b891dec8536a92078ec5d6,"{""distance"":5,""physical_error_rate"":0.001}","{""detection_events"":2536399,""detectors_checked"":700973056,""obs_mistake_mask=E"":3}"
   7169024,         0,         0,    62.7,standalone_exact_mw,da1b05328a50158d3ddc50a94fd8dc063895f28eb3c937e1bf932a9499513bc0,"{""distance"":5,""physical_error_rate"":5e-05}","{""detection_events"":291682,""detectors_checked"":1605861376}"
   5869568,         0,         0,    62.6,standalone_exact_mw,a1776e816afac70014f11f56bcdb5c816a7707d7213b56760e86cab507e42ef3,"{""distance"":5,""physical_error_rate"":0.0001}","{""detection_events"":477805,""detectors_checked"":1314783232}"
   5194752,         0,         0,    62.7,standalone_exact_mw,72c27de2ebec78bb62b76c65eff3f0cc2d8f7d8d48378a61f4d3abf36bf8e189,"{""distance"":5,""physical_error_rate"":0.0002}","{""detection_events"":843747,""detectors_checked"":1163624448}"
   5407744,         1,         0,    62.8,standalone_exact_mw,e5b1593c0e383368e36e36cad39a29f258d2f8e653c88d1b733626fe43257e38,"{""distance"":5,""physical_error_rate"":0.0005}","{""detection_events"":2197463,""detectors_checked"":1211334656,""obs_mistake_mask=E"":1}"
   5396480,         4,         0,    62.8,standalone_exact_mw,a08eb9916bd7e95ca8a954036fa5b6d2576fbe4960b891dec8536a92078ec5d6,"{""distance"":5,""physical_error_rate"":0.001}","{""detection_events"":4367255,""detectors_checked"":1208811520,""obs_mistake_mask=E"":4}"
   1856512,        26,         0,    44.9,standalone_exact_mw,82cde5da083f9d53e67262bb98cd5aaa35303847977efb0685bd0a8870fdc07b,"{""distance"":5,""physical_error_rate"":0.002}","{""detection_events"":2997047,""detectors_checked"":415858688,""obs_mistake_mask=E"":26}"
   2319360,         4,         0,    44.8,standalone_exact_mw,a08eb9916bd7e95ca8a954036fa5b6d2576fbe4960b891dec8536a92078ec5d6,"{""distance"":5,""physical_error_rate"":0.001}","{""detection_events"":1874881,""detectors_checked"":519536640,""obs_mistake_mask=E"":4}"
   1915904,        23,         0,    44.9,standalone_exact_mw,82cde5da083f9d53e67262bb98cd5aaa35303847977efb0685bd0a8870fdc07b,"{""distance"":5,""physical_error_rate"":0.002}","{""detection_events"":3087314,""detectors_checked"":429162496,""obs_mistake_mask=E"":23}"
   2233344,         3,         0,    44.9,standalone_exact_mw,a08eb9916bd7e95ca8a954036fa5b6d2576fbe4960b891dec8536a92078ec5d6,"{""distance"":5,""physical_error_rate"":0.001}","{""detection_events"":1812103,""detectors_checked"":500269056,""obs_mistake_mask=E"":3}"
   2805760,        45,         0,    62.8,standalone_exact_mw,82cde5da083f9d53e67262bb98cd5aaa35303847977efb0685bd0a8870fdc07b,"{""distance"":5,""physical_error_rate"":0.002}","{""detection_events"":4522656,""detectors_checked"":628490240,""obs_mistake_mask=E"":45}"
   5648384,         0,         0,    62.7,standalone_exact_mw,a1776e816afac70014f11f56bcdb5c816a7707d7213b56760e86cab507e42ef3,"{""distance"":5,""physical_error_rate"":0.0001}","{""detection_events"":458165,""detectors_checked"":1265238016}"
   5308416,         0,         0,    62.7,standalone_exact_mw,da1b05328a50158d3ddc50a94fd8dc063895f28eb3c937e1bf932a9499513bc0,"{""distance"":5,""physical_error_rate"":5e-05}","{""detection_events"":215403,""detectors_checked"":1189085184}"
   9656320,         0,         0,    62.7,standalone_exact_mw,72c27de2ebec78bb62b76c65eff3f0cc2d8f7d8d48378a61f4d3abf36bf8e189,"{""distance"":5,""physical_error_rate"":0.0002}","{""detection_events"":1569874,""detectors_checked"":2163015680}"
   4034560,         2,         0,    62.8,standalone_exact_mw,e5b1593c0e383368e36e36cad39a29f258d2f8e653c88d1b733626fe43257e38,"{""distance"":5,""physical_error_rate"":0.0005}","{""detection_events"":1635093,""detectors_checked"":903741440,""obs_mistake_mask=E"":2}"
   2492416,        45,         0,    62.8,standalone_exact_mw,82cde5da083f9d53e67262bb98cd5aaa35303847977efb0685bd0a8870fdc07b,"{""distance"":5,""physical_error_rate"":0.002}","{""detection_events"":4017157,""detectors_checked"":558301184,""obs_mistake_mask=E"":45}"
   3590144,         8,         0,    62.8,standalone_exact_mw,a08eb9916bd7e95ca8a954036fa5b6d2576fbe4960b891dec8536a92078ec5d6,"{""distance"":5,""physical_error_rate"":0.001}","{""detection_events"":2907490,""detectors_checked"":804192256,""obs_mistake_mask=E"":8}"
   2791424,        41,         0,    62.9,standalone_exact_mw,82cde5da083f9d53e67262bb98cd5aaa35303847977efb0685bd0a8870fdc07b,"{""distance"":5,""physical_error_rate"":0.002}","{""detection_events"":4500086,""detectors_checked"":625278976,""obs_mistake_mask=E"":41}"
   3116032,         3,         0,    62.8,standalone_exact_mw,a08eb9916bd7e95ca8a954036fa5b6d2576fbe4960b891dec8536a92078ec5d6,"{""distance"":5,""physical_error_rate"":0.001}","{""detection_events"":2525962,""detectors_checked"":697991168,""obs_mistake_mask=E"":3}"
   9065472,         0,         0,    87.8,standalone_exact_mw,a1776e816afac70014f11f56bcdb5c816a7707d7213b56760e86cab507e42ef3,"{""distance"":5,""physical_error_rate"":0.0001}","{""detection_events"":737636,""detectors_checked"":2030665728}"
  10481664,         0,         0,    87.8,standalone_exact_mw,72c27de2ebec78bb62b76c65eff3f0cc2d8f7d8d48378a61f4d3abf36bf8e189,"{""distance"":5,""physical_error_rate"":0.0002}","{""detection_events"":1706906,""detectors_checked"":2347892736}"
   7571456,         1,         0,    87.9,standalone_exact_mw,e5b1593c0e383368e36e36cad39a29f258d2f8e653c88d1b733626fe43257e38,"{""distance"":5,""physical_error_rate"":0.0005}","{""detection_events"":3072141,""detectors_checked"":1696006144,""obs_mistake_mask=E"":1}"
   9600000,         0,         0,    87.8,standalone_exact_mw,da1b05328a50158d3ddc50a94fd8dc063895f28eb3c937e1bf932a9499513bc0,"{""distance"":5,""physical_error_rate"":5e-05}","{""detection_events"":389556,""detectors_checked"":2150400000}"
   5068800,         7,         0,    87.9,standalone_exact_mw,a08eb9916bd7e95ca8a954036fa5b6d2576fbe4960b891dec8536a92078ec5d6,"{""distance"":5,""physical_error_rate"":0.001}","{""detection_events"":4102830,""detectors_checked"":1135411200,""obs_mistake_mask=E"":7}"
   7087104,         0,         0,    87.9,standalone_exact_mw,a1776e816afac70014f11f56bcdb5c816a7707d7213b56760e86cab507e42ef3,"{""distance"":5,""physical_error_rate"":0.0001}","{""detection_events"":576104,""detectors_checked"":1587511296}"
   7350272,         0,         0,    87.8,standalone_exact_mw,da1b05328a50158d3ddc50a94fd8dc063895f28eb3c937e1bf932a9499513bc0,"{""distance"":5,""physical_error_rate"":5e-05}","{""detection_events"":298071,""detectors_checked"":1646460928}"
   7021568,         0,         0,    87.9,standalone_exact_mw,a1776e816afac70014f11f56bcdb5c816a7707d7213b56760e86cab507e42ef3,"{""distance"":5,""physical_error_rate"":0.0001}","{""detection_events"":569134,""detectors_checked"":1572831232}"
   4391936,         4,         0,    87.9,standalone_exact_mw,a08eb9916bd7e95ca8a954036fa5b6d2576fbe4960b891dec8536a92078ec5d6,"{""distance"":5,""physical_error_rate"":0.001}","{""detection_events"":3552758,""detectors_checked"":983793664,""obs_mistake_mask=E"":4}"
   6606848,         0,         0,    87.8,standalone_exact_mw,72c27de2ebec78bb62b76c65eff3f0cc2d8f7d8d48378a61f4d3abf36bf8e189,"{""distance"":5,""physical_error_rate"":0.0002}","{""detection_events"":1072438,""detectors_checked"":1479933952}"
   6551552,         0,         0,    87.8,standalone_exact_mw,72c27de2ebec78bb62b76c65eff3f0cc2d8f7d8d48378a61f4d3abf36bf8e189,"{""distance"":5,""physical_error_rate"":0.0002}","{""detection_events"":1066008,""detectors_checked"":1467547648}"
   3105792,        43,         0,    88.0,standalone_exact_mw,82cde5da083f9d53e67262bb98cd5aaa35303847977efb0685bd0a8870fdc07b,"{""distance"":5,""physical_error_rate"":0.002}","{""detection_events"":5000137,""detectors_checked"":695697408,""obs_mistake_mask=E"":43}"
   3469312,        46,         0,    88.0,standalone_exact_mw,82cde5da083f9d53e67262bb98cd5aaa35303847977efb0685bd0a8870fdc07b,"{""distance"":5,""physical_error_rate"":0.002}","{""detection_events"":5592899,""detectors_checked"":777125888,""obs_mistake_mask=E"":46}"
   5535744,         1,         0,    87.8,standalone_exact_mw,e5b1593c0e383368e36e36cad39a29f258d2f8e653c88d1b733626fe43257e38,"{""distance"":5,""physical_error_rate"":0.0005}","{""detection_events"":2247204,""detectors_checked"":1240006656,""obs_mistake_mask=E"":1}"
   7318528,         0,         0,    87.8,standalone_exact_mw,da1b05328a50158d3ddc50a94fd8dc063895f28eb3c937e1bf932a9499513bc0,"{""distance"":5,""physical_error_rate"":5e-05}","{""detection_events"":298181,""detectors_checked"":1639350272}"
   5573632,         0,         0,    87.8,standalone_exact_mw,e5b1593c0e383368e36e36cad39a29f258d2f8e653c88d1b733626fe43257e38,"{""distance"":5,""physical_error_rate"":0.0005}","{""detection_events"":2267232,""detectors_checked"":1248493568}"
   3146752,        48,         0,    88.0,standalone_exact_mw,82cde5da083f9d53e67262bb98cd5aaa35303847977efb0685bd0a8870fdc07b,"{""distance"":5,""physical_error_rate"":0.002}","{""detection_events"":5075448,""detectors_checked"":704872448,""obs_mistake_mask=E"":48}"
   4442112,         4,         0,    88.0,standalone_exact_mw,a08eb9916bd7e95ca8a954036fa5b6d2576fbe4960b891dec8536a92078ec5d6,"{""distance"":5,""physical_error_rate"":0.001}","{""detection_events"":3604030,""detectors_checked"":995033088,""obs_mistake_mask=E"":4}"
   8690688,         0,         0,    87.7,standalone_exact_mw,da1b05328a50158d3ddc50a94fd8dc063895f28eb3c937e1bf932a9499513bc0,"{""distance"":5,""physical_error_rate"":5e-05}","{""detection_events"":352356,""detectors_checked"":1946714112}"
   7536640,         1,         0,    87.7,standalone_exact_mw,a1776e816afac70014f11f56bcdb5c816a7707d7213b56760e86cab507e42ef3,"{""distance"":5,""physical_error_rate"":0.0001}","{""detection_events"":611457,""detectors_checked"":1688207360,""obs_mistake_mask=E"":1}"
   6842368,         1,         0,    87.8,standalone_exact_mw,72c27de2ebec78bb62b76c65eff3f0cc2d8f7d8d48378a61f4d3abf36bf8e189,"{""distance"":5,""physical_error_rate"":0.0002}","{""detection_events"":1111199,""detectors_checked"":1532690432,""obs_mistake_mask=E"":1}"
   7074816,         0,         0,    87.8,standalone_exact_mw,e5b1593c0e383368e36e36cad39a29f258d2f8e653c88d1b733626fe43257e38,"{""distance"":5,""physical_error_rate"":0.0005}","{""detection_events"":2874488,""detectors_checked"":1584758784}"
   5281792,        10,         0,    88.0,standalone_exact_mw,a08eb9916bd7e95ca8a954036fa5b6d2576fbe4960b891dec8536a92078ec5d6,"{""distance"":5,""physical_error_rate"":0.001}","{""detection_events"":4278101,""detectors_checked"":1183121408,""obs_mistake_mask=E"":10}"
   3404800,        41,         0,    88.0,standalone_exact_mw,82cde5da083f9d53e67262bb98cd5aaa35303847977efb0685bd0a8870fdc07b,"{""distance"":5,""physical_error_rate"":0.002}","{""detection_events"":5497904,""detectors_checked"":762675200,""obs_mistake_mask=E"":41}"
   7737344,         0,         0,    87.7,standalone_exact_mw,a1776e816afac70014f11f56bcdb5c816a7707d7213b56760e86cab507e42ef3,"{""distance"":5,""physical_error_rate"":0.0001}","{""detection_events"":628174,""detectors_checked"":1733165056}"
   8041472,         0,         0,    87.7,standalone_exact_mw,da1b05328a50158d3ddc50a94fd8dc063895f28eb3c937e1bf932a9499513bc0,"{""distance"":5,""physical_error_rate"":5e-05}","{""detection_events"":326739,""detectors_checked"":1801289728}"
  13122560,         1,         0,    87.8,standalone_exact_mw,72c27de2ebec78bb62b76c65eff3f0cc2d8f7d8d48378a61f4d3abf36bf8e189,"{""distance"":5,""physical_error_rate"":0.0002}","{""detection_events"":2135143,""detectors_checked"":2939453440,""obs_mistake_mask=E"":1}"
   5556224,         0,         0,    87.9,standalone_exact_mw,e5b1593c0e383368e36e36cad39a29f258d2f8e653c88d1b733626fe43257e38,"{""distance"":5,""physical_error_rate"":0.0005}","{""detection_events"":2250841,""detectors_checked"":1244594176}"
   3564544,        57,         0,    88.0,standalone_exact_mw,82cde5da083f9d53e67262bb98cd5aaa35303847977efb0685bd0a8870fdc07b,"{""distance"":5,""physical_error_rate"":0.002}","{""detection_events"":5746219,""detectors_checked"":798457856,""obs_mistake_mask=E"":57}"
   4516864,         9,         0,    87.8,standalone_exact_mw,a08eb9916bd7e95ca8a954036fa5b6d2576fbe4960b891dec8536a92078ec5d6,"{""distance"":5,""physical_error_rate"":0.001}","{""detection_events"":3660753,""detectors_checked"":1011777536,""obs_mistake_mask=E"":9}"
   4353024,         5,         0,    87.9,standalone_exact_mw,a08eb9916bd7e95ca8a954036fa5b6d2576fbe4960b891dec8536a92078ec5d6,"{""distance"":5,""physical_error_rate"":0.001}","{""detection_events"":3526413,""detectors_checked"":975077376,""obs_mistake_mask=E"":5}"
   3165184,        40,         0,    87.9,standalone_exact_mw,82cde5da083f9d53e67262bb98cd5aaa35303847977efb0685bd0a8870fdc07b,"{""distance"":5,""physical_error_rate"":0.002}","{""detection_events"":5106183,""detectors_checked"":709001216,""obs_mistake_mask=E"":40}"
  14180352,         0,         0,   119.4,standalone_exact_mw,a1776e816afac70014f11f56bcdb5c816a7707d7213b56760e86cab507e42ef3,"{""distance"":5,""physical_error_rate"":0.0001}","{""detection_events"":1153420,""detectors_checked"":3176398848}"
  10003456,         6,         0,   119.5,standalone_exact_mw,e5b1593c0e383368e36e36cad39a29f258d2f8e653c88d1b733626fe43257e38,"{""distance"":5,""physical_error_rate"":0.0005}","{""detection_events"":4061480,""detectors_checked"":2240774144,""obs_mistake_mask=E"":6}"
  14613504,         0,         0,   119.5,standalone_exact_mw,72c27de2ebec78bb62b76c65eff3f0cc2d8f7d8d48378a61f4d3abf36bf8e189,"{""distance"":5,""physical_error_rate"":0.0002}","{""detection_events"":2372238,""detectors_checked"":3273424896}"
  12520448,         0,         0,   119.3,standalone_exact_mw,da1b05328a50158d3ddc50a94fd8dc063895f28eb3c937e1bf932a9499513bc0,"{""distance"":5,""physical_error_rate"":5e-05}","{""detection_events"":509154,""detectors_checked"":2804580352}"
   6467584,         6,         0,   119.6,standalone_exact_mw,a08eb9916bd7e95ca8a954036fa5b6d2576fbe4960b891dec8536a92078ec5d6,"{""distance"":5,""physical_error_rate"":0.001}","{""detection_events"":5236087,""detectors_checked"":1448738816,""obs_mistake_mask=E"":6}"
   9618432,         0,         0,   119.4,standalone_exact_mw,a1776e816afac70014f11f56bcdb5c816a7707d7213b56760e86cab507e42ef3,"{""distance"":5,""physical_error_rate"":0.0001}","{""detection_events"":781411,""detectors_checked"":2154528768}"
   9975808,         0,         0,   119.4,standalone_exact_mw,da1b05328a50158d3ddc50a94fd8dc063895f28eb3c937e1bf932a9499513bc0,"{""distance"":5,""physical_error_rate"":5e-05}","{""detection_events"":405094,""detectors_checked"":2234580992}"
   9515008,         0,         0,   119.4,standalone_exact_mw,a1776e816afac70014f11f56bcdb5c816a7707d7213b56760e86cab507e42ef3,"{""distance"":5,""physical_error_rate"":0.0001}","{""detection_events"":774502,""detectors_checked"":2131361792}"
   4304896,        49,         0,   119.7,standalone_exact_mw,82cde5da083f9d53e67262bb98cd5aaa35303847977efb0685bd0a8870fdc07b,"{""distance"":5,""physical_error_rate"":0.002}","{""detection_events"":6945270,""detectors_checked"":964296704,""obs_mistake_mask=E"":49}"
   5965824,        10,         0,   119.6,standalone_exact_mw,a08eb9916bd7e95ca8a954036fa5b6d2576fbe4960b891dec8536a92078ec5d6,"{""distance"":5,""physical_error_rate"":0.001}","{""detection_events"":4832635,""detectors_checked"":1336344576,""obs_mistake_mask=E"":10}"
   8948736,         0,         0,   119.5,standalone_exact_mw,72c27de2ebec78bb62b76c65eff3f0cc2d8f7d8d48378a61f4d3abf36bf8e189,"{""distance"":5,""physical_error_rate"":0.0002}","{""detection_events"":1454699,""detectors_checked"":2004516864}"
   4226048,        63,         0,   119.8,standalone_exact_mw,82cde5da083f9d53e67262bb98cd5aaa35303847977efb0685bd0a8870fdc07b,"{""distance"":5,""physical_error_rate"":0.002}","{""detection_events"":6815114,""detectors_checked"":946634752,""obs_mistake_mask=E"":63}"
   8914944,         1,         0,   119.3,standalone_exact_mw,72c27de2ebec78bb62b76c65eff3f0cc2d8f7d8d48378a61f4d3abf36bf8e189,"{""distance"":5,""physical_error_rate"":0.0002}","{""detection_events"":1449390,""detectors_checked"":1996947456,""obs_mistake_mask=E"":1}"
   1520640,        23,         0,    37.8,standalone_exact_mw,82cde5da083f9d53e67262bb98cd5aaa35303847977efb0685bd0a8870fdc07b,"{""distance"":5,""physical_error_rate"":0.002}","{""detection_events"":2449959,""detectors_checked"":340623360,""obs_mistake_mask=E"":23}"
   1805312,        24,         0,    37.5,standalone_exact_mw,82cde5da083f9d53e67262bb98cd5aaa35303847977efb0685bd0a8870fdc07b,"{""distance"":5,""physical_error_rate"":0.002}","{""detection_events"":2912298,""detectors_checked"":404389888,""obs_mistake_mask=E"":24}"
   7546880,         2,         0,   119.5,standalone_exact_mw,e5b1593c0e383368e36e36cad39a29f258d2f8e653c88d1b733626fe43257e38,"{""distance"":5,""physical_error_rate"":0.0005}","{""detection_events"":3059758,""detectors_checked"":1690501120,""obs_mistake_mask=E"":2}"
      1024,         0,         0,   0.028,standalone_exact_mw,82cde5da083f9d53e67262bb98cd5aaa35303847977efb0685bd0a8870fdc07b,"{""distance"":5,""physical_error_rate"":0.002}","{""detection_events"":1647,""detectors_checked"":229376}"
   4264960,        45,         0,   119.5,standalone_exact_mw,82cde5da083f9d53e67262bb98cd5aaa35303847977efb0685bd0a8870fdc07b,"{""distance"":5,""physical_error_rate"":0.002}","{""detection_events"":6880814,""detectors_checked"":955351040,""obs_mistake_mask=E"":45}"
      1024,         0,         0,   0.027,standalone_exact_mw,82cde5da083f9d53e67262bb98cd5aaa35303847977efb0685bd0a8870fdc07b,"{""distance"":5,""physical_error_rate"":0.002}","{""detection_events"":1731,""detectors_checked"":229376}"
   9981952,         0,         0,   119.5,standalone_exact_mw,da1b05328a50158d3ddc50a94fd8dc063895f28eb3c937e1bf932a9499513bc0,"{""distance"":5,""physical_error_rate"":5e-05}","{""detection_events"":402812,""detectors_checked"":2235957248}"
   3917824,        51,         0,    98.3,standalone_exact_mw,82cde5da083f9d53e67262bb98cd5aaa35303847977efb0685bd0a8870fdc07b,"{""distance"":5,""physical_error_rate"":0.002}","{""detection_events"":6317267,""detectors_checked"":877592576,""obs_mistake_mask=E"":51}"
   7593984,         0,         0,   119.6,standalone_exact_mw,e5b1593c0e383368e36e36cad39a29f258d2f8e653c88d1b733626fe43257e38,"{""distance"":5,""physical_error_rate"":0.0005}","{""detection_events"":3084781,""detectors_checked"":1701052416}"
   6017024,         8,         0,   119.6,standalone_exact_mw,a08eb9916bd7e95ca8a954036fa5b6d2576fbe4960b891dec8536a92078ec5d6,"{""distance"":5,""physical_error_rate"":0.001}","{""detection_events"":4867594,""detectors_checked"":1347813376,""obs_mistake_mask=E"":8}"
      1297,         0,         0,   0.011,standalone_exact_mw,e5b1593c0e383368e36e36cad39a29f258d2f8e653c88d1b733626fe43257e38,"{""distance"":5,""physical_error_rate"":0.0005}","{""detection_events"":516,""detectors_checked"":290528}"
      2048,         0,         0,   0.034,standalone_exact_mw,e5b1593c0e383368e36e36cad39a29f258d2f8e653c88d1b733626fe43257e38,"{""distance"":5,""physical_error_rate"":0.0005}","{""detection_events"":801,""detectors_checked"":458752}"
      2048,         0,         0,   0.029,standalone_exact_mw,e5b1593c0e383368e36e36cad39a29f258d2f8e653c88d1b733626fe43257e38,"{""distance"":5,""physical_error_rate"":0.0005}","{""detection_events"":779,""detectors_checked"":458752}"
      2048,         0,         0,   0.029,standalone_exact_mw,e5b1593c0e383368e36e36cad39a29f258d2f8e653c88d1b733626fe43257e38,"{""distance"":5,""physical_error_rate"":0.0005}","{""detection_events"":887,""detectors_checked"":458752}"
      4096,         0,         0,   0.045,standalone_exact_mw,e5b1593c0e383368e36e36cad39a29f258d2f8e653c88d1b733626fe43257e38,"{""distance"":5,""physical_error_rate"":0.0005}","{""detection_events"":1748,""detectors_checked"":917504}"
      7168,         0,         0,   0.055,standalone_exact_mw,e5b1593c0e383368e36e36cad39a29f258d2f8e653c88d1b733626fe43257e38,"{""distance"":5,""physical_error_rate"":0.0005}","{""detection_events"":2871,""detectors_checked"":1605632}"
      2321,         0,         0,   0.024,standalone_exact_mw,72c27de2ebec78bb62b76c65eff3f0cc2d8f7d8d48378a61f4d3abf36bf8e189,"{""distance"":5,""physical_error_rate"":0.0002}","{""detection_events"":357,""detectors_checked"":519904}"
      2321,         0,         0,   0.024,standalone_exact_mw,a1776e816afac70014f11f56bcdb5c816a7707d7213b56760e86cab507e42ef3,"{""distance"":5,""physical_error_rate"":0.0001}","{""detection_events"":230,""detectors_checked"":519904}"
     10240,         0,         0,   0.080,standalone_exact_mw,e5b1593c0e383368e36e36cad39a29f258d2f8e653c88d1b733626fe43257e38,"{""distance"":5,""physical_error_rate"":0.0005}","{""detection_events"":4124,""detectors_checked"":2293760}"
      1024,         0,         0,   0.021,standalone_exact_mw,72c27de2ebec78bb62b76c65eff3f0cc2d8f7d8d48378a61f4d3abf36bf8e189,"{""distance"":5,""physical_error_rate"":0.0002}","{""detection_events"":194,""detectors_checked"":229376}"
      2048,         0,         0,   0.029,standalone_exact_mw,a1776e816afac70014f11f56bcdb5c816a7707d7213b56760e86cab507e42ef3,"{""distance"":5,""physical_error_rate"":0.0001}","{""detection_events"":136,""detectors_checked"":458752}"
      2048,         0,         0,   0.027,standalone_exact_mw,72c27de2ebec78bb62b76c65eff3f0cc2d8f7d8d48378a61f4d3abf36bf8e189,"{""distance"":5,""physical_error_rate"":0.0002}","{""detection_events"":361,""detectors_checked"":458752}"
      2048,         0,         0,   0.026,standalone_exact_mw,a1776e816afac70014f11f56bcdb5c816a7707d7213b56760e86cab507e42ef3,"{""distance"":5,""physical_error_rate"":0.0001}","{""detection_events"":190,""detectors_checked"":458752}"
      3072,         0,         0,   0.032,standalone_exact_mw,a1776e816afac70014f11f56bcdb5c816a7707d7213b56760e86cab507e42ef3,"{""distance"":5,""physical_error_rate"":0.0001}","{""detection_events"":252,""detectors_checked"":688128}"
      3072,         0,         0,   0.046,standalone_exact_mw,72c27de2ebec78bb62b76c65eff3f0cc2d8f7d8d48378a61f4d3abf36bf8e189,"{""distance"":5,""physical_error_rate"":0.0002}","{""detection_events"":439,""detectors_checked"":688128}"
      1297,         0,         0,   0.020,standalone_exact_mw,e5b1593c0e383368e36e36cad39a29f258d2f8e653c88d1b733626fe43257e38,"{""distance"":5,""physical_error_rate"":0.0005}","{""detection_events"":576,""detectors_checked"":290528}"
      2321,         0,         0,   0.023,standalone_exact_mw,da1b05328a50158d3ddc50a94fd8dc063895f28eb3c937e1bf932a9499513bc0,"{""distance"":5,""physical_error_rate"":5e-05}","{""detection_events"":89,""detectors_checked"":519904}"
     14336,         0,         0,   0.113,standalone_exact_mw,e5b1593c0e383368e36e36cad39a29f258d2f8e653c88d1b733626fe43257e38,"{""distance"":5,""physical_error_rate"":0.0005}","{""detection_events"":5569,""detectors_checked"":3211264}"
      2048,         0,         0,   0.029,standalone_exact_mw,e5b1593c0e383368e36e36cad39a29f258d2f8e653c88d1b733626fe43257e38,"{""distance"":5,""physical_error_rate"":0.0005}","{""detection_events"":849,""detectors_checked"":458752}"
      3072,         0,         0,   0.045,standalone_exact_mw,a1776e816afac70014f11f56bcdb5c816a7707d7213b56760e86cab507e42ef3,"{""distance"":5,""physical_error_rate"":0.0001}","{""detection_events"":270,""detectors_checked"":688128}"
      1297,         0,         0,   0.018,standalone_exact_mw,72c27de2ebec78bb62b76c65eff3f0cc2d8f7d8d48378a61f4d3abf36bf8e189,"{""distance"":5,""physical_error_rate"":0.0002}","{""detection_events"":219,""detectors_checked"":290528}"
      4096,         0,         0,   0.053,standalone_exact_mw,72c27de2ebec78bb62b76c65eff3f0cc2d8f7d8d48378a61f4d3abf36bf8e189,"{""distance"":5,""physical_error_rate"":0.0002}","{""detection_events"":657,""detectors_checked"":917504}"
      2048,         0,         0,   0.029,standalone_exact_mw,da1b05328a50158d3ddc50a94fd8dc063895f28eb3c937e1bf932a9499513bc0,"{""distance"":5,""physical_error_rate"":5e-05}","{""detection_events"":54,""detectors_checked"":458752}"
      1024,         0,         0,   0.021,standalone_exact_mw,e5b1593c0e383368e36e36cad39a29f258d2f8e653c88d1b733626fe43257e38,"{""distance"":5,""physical_error_rate"":0.0005}","{""detection_events"":429,""detectors_checked"":229376}"
      2048,         0,         0,   0.026,standalone_exact_mw,72c27de2ebec78bb62b76c65eff3f0cc2d8f7d8d48378a61f4d3abf36bf8e189,"{""distance"":5,""physical_error_rate"":0.0002}","{""detection_events"":285,""detectors_checked"":458752}"
      2048,         0,         0,   0.025,standalone_exact_mw,da1b05328a50158d3ddc50a94fd8dc063895f28eb3c937e1bf932a9499513bc0,"{""distance"":5,""physical_error_rate"":5e-05}","{""detection_events"":72,""detectors_checked"":458752}"
      2048,         0,         0,   0.030,standalone_exact_mw,e5b1593c0e383368e36e36cad39a29f258d2f8e653c88d1b733626fe43257e38,"{""distance"":5,""physical_error_rate"":0.0005}","{""detection_events"":881,""detectors_checked"":458752}"
      2048,         0,         0,   0.027,standalone_exact_mw,72c27de2ebec78bb62b76c65eff3f0cc2d8f7d8d48378a61f4d3abf36bf8e189,"{""distance"":5,""physical_error_rate"":0.0002}","{""detection_events"":329,""detectors_checked"":458752}"
      5120,         0,         0,   0.058,standalone_exact_mw,a1776e816afac70014f11f56bcdb5c816a7707d7213b56760e86cab507e42ef3,"{""distance"":5,""physical_error_rate"":0.0001}","{""detection_events"":449,""detectors_checked"":1146880}"
      5120,         0,         0,   0.059,standalone_exact_mw,72c27de2ebec78bb62b76c65eff3f0cc2d8f7d8d48378a61f4d3abf36bf8e189,"{""distance"":5,""physical_error_rate"":0.0002}","{""detection_events"":776,""detectors_checked"":1146880}"
      3072,         0,         0,   0.032,standalone_exact_mw,da1b05328a50158d3ddc50a94fd8dc063895f28eb3c937e1bf932a9499513bc0,"{""distance"":5,""physical_error_rate"":5e-05}","{""detection_events"":168,""detectors_checked"":688128}"
      3072,         0,         0,   0.033,standalone_exact_mw,72c27de2ebec78bb62b76c65eff3f0cc2d8f7d8d48378a61f4d3abf36bf8e189,"{""distance"":5,""physical_error_rate"":0.0002}","{""detection_events"":466,""detectors_checked"":688128}"
      3072,         0,         0,   0.050,standalone_exact_mw,e5b1593c0e383368e36e36cad39a29f258d2f8e653c88d1b733626fe43257e38,"{""distance"":5,""physical_error_rate"":0.0005}","{""detection_events"":1231,""detectors_checked"":688128}"
      3072,         0,         0,   0.044,standalone_exact_mw,da1b05328a50158d3ddc50a94fd8dc063895f28eb3c937e1bf932a9499513bc0,"{""distance"":5,""physical_error_rate"":5e-05}","{""detection_events"":133,""detectors_checked"":688128}"
      3072,         0,         0,   0.046,standalone_exact_mw,72c27de2ebec78bb62b76c65eff3f0cc2d8f7d8d48378a61f4d3abf36bf8e189,"{""distance"":5,""physical_error_rate"":0.0002}","{""detection_events"":473,""detectors_checked"":688128}"
      6144,         0,         0,   0.078,standalone_exact_mw,a1776e816afac70014f11f56bcdb5c816a7707d7213b56760e86cab507e42ef3,"{""distance"":5,""physical_error_rate"":0.0001}","{""detection_events"":543,""detectors_checked"":1376256}"
     18432,         0,         0,   0.162,standalone_exact_mw,e5b1593c0e383368e36e36cad39a29f258d2f8e653c88d1b733626fe43257e38,"{""distance"":5,""physical_error_rate"":0.0005}","{""detection_events"":7492,""detectors_checked"":4128768}"
      6144,         0,         0,   0.079,standalone_exact_mw,72c27de2ebec78bb62b76c65eff3f0cc2d8f7d8d48378a61f4d3abf36bf8e189,"{""distance"":5,""physical_error_rate"":0.0002}","{""detection_events"":951,""detectors_checked"":1376256}"
      4096,         0,         0,   0.058,standalone_exact_mw,e5b1593c0e383368e36e36cad39a29f258d2f8e653c88d1b733626fe43257e38,"{""distance"":5,""physical_error_rate"":0.0005}","{""detection_events"":1583,""detectors_checked"":917504}"
      5120,         0,         0,   0.057,standalone_exact_mw,da1b05328a50158d3ddc50a94fd8dc063895f28eb3c937e1bf932a9499513bc0,"{""distance"":5,""physical_error_rate"":5e-05}","{""detection_events"":187,""detectors_checked"":1146880}"
      5120,         0,         0,   0.073,standalone_exact_mw,72c27de2ebec78bb62b76c65eff3f0cc2d8f7d8d48378a61f4d3abf36bf8e189,"{""distance"":5,""physical_error_rate"":0.0002}","{""detection_events"":790,""detectors_checked"":1146880}"
      8192,         0,         0,   0.092,standalone_exact_mw,a1776e816afac70014f11f56bcdb5c816a7707d7213b56760e86cab507e42ef3,"{""distance"":5,""physical_error_rate"":0.0001}","{""detection_events"":663,""detectors_checked"":1835008}"
      5120,         0,         0,   0.080,standalone_exact_mw,e5b1593c0e383368e36e36cad39a29f258d2f8e653c88d1b733626fe43257e38,"{""distance"":5,""physical_error_rate"":0.0005}","{""detection_events"":2116,""detectors_checked"":1146880}"
      7168,         0,         0,   0.069,standalone_exact_mw,da1b05328a50158d3ddc50a94fd8dc063895f28eb3c937e1bf932a9499513bc0,"{""distance"":5,""physical_error_rate"":5e-05}","{""detection_events"":308,""detectors_checked"":1605632}"
      9216,         0,         0,   0.112,standalone_exact_mw,72c27de2ebec78bb62b76c65eff3f0cc2d8f7d8d48378a61f4d3abf36bf8e189,"{""distance"":5,""physical_error_rate"":0.0002}","{""detection_events"":1472,""detectors_checked"":2064384}"
      6144,         0,         0,   0.079,standalone_exact_mw,72c27de2ebec78bb62b76c65eff3f0cc2d8f7d8d48378a61f4d3abf36bf8e189,"{""distance"":5,""physical_error_rate"":0.0002}","{""detection_events"":924,""detectors_checked"":1376256}"
      6144,         0,         0,   0.103,standalone_exact_mw,e5b1593c0e383368e36e36cad39a29f258d2f8e653c88d1b733626fe43257e38,"{""distance"":5,""physical_error_rate"":0.0005}","{""detection_events"":2481,""detectors_checked"":1376256}"
     13312,         0,         0,   0.208,standalone_exact_mw,e5b1593c0e383368e36e36cad39a29f258d2f8e653c88d1b733626fe43257e38,"{""distance"":5,""physical_error_rate"":0.0005}","{""detection_events"":5360,""detectors_checked"":2981888}"
      9216,         0,         0,   0.094,standalone_exact_mw,da1b05328a50158d3ddc50a94fd8dc063895f28eb3c937e1bf932a9499513bc0,"{""distance"":5,""physical_error_rate"":5e-05}","{""detection_events"":436,""detectors_checked"":2064384}"
     13312,         0,         0,   0.122,standalone_exact_mw,a1776e816afac70014f11f56bcdb5c816a7707d7213b56760e86cab507e42ef3,"{""distance"":5,""physical_error_rate"":0.0001}","{""detection_events"":1093,""detectors_checked"":2981888}"
      8192,         0,         0,   0.106,standalone_exact_mw,72c27de2ebec78bb62b76c65eff3f0cc2d8f7d8d48378a61f4d3abf36bf8e189,"{""distance"":5,""physical_error_rate"":0.0002}","{""detection_events"":1300,""detectors_checked"":1835008}"
     11264,         0,         0,   0.151,standalone_exact_mw,72c27de2ebec78bb62b76c65eff3f0cc2d8f7d8d48378a61f4d3abf36bf8e189,"{""distance"":5,""physical_error_rate"":0.0002}","{""detection_events"":1751,""detectors_checked"":2523136}"
     12288,         0,         0,   0.138,standalone_exact_mw,da1b05328a50158d3ddc50a94fd8dc063895f28eb3c937e1bf932a9499513bc0,"{""distance"":5,""physical_error_rate"":5e-05}","{""detection_events"":494,""detectors_checked"":2752512}"
      9216,         0,         0,   0.164,standalone_exact_mw,e5b1593c0e383368e36e36cad39a29f258d2f8e653c88d1b733626fe43257e38,"{""distance"":5,""physical_error_rate"":0.0005}","{""detection_events"":3711,""detectors_checked"":2064384}"
     12288,         0,         0,   0.159,standalone_exact_mw,72c27de2ebec78bb62b76c65eff3f0cc2d8f7d8d48378a61f4d3abf36bf8e189,"{""distance"":5,""physical_error_rate"":0.0002}","{""detection_events"":2004,""detectors_checked"":2752512}"
     31744,         0,         0,   0.211,standalone_exact_mw,a1776e816afac70014f11f56bcdb5c816a7707d7213b56760e86cab507e42ef3,"{""distance"":5,""physical_error_rate"":0.0001}","{""detection_events"":2573,""detectors_checked"":7110656}"
     16384,         0,         0,   0.211,standalone_exact_mw,72c27de2ebec78bb62b76c65eff3f0cc2d8f7d8d48378a61f4d3abf36bf8e189,"{""distance"":5,""physical_error_rate"":0.0002}","{""detection_events"":2649,""detectors_checked"":3670016}"
     29696,         0,         0,   0.295,standalone_exact_mw,e5b1593c0e383368e36e36cad39a29f258d2f8e653c88d1b733626fe43257e38,"{""distance"":5,""physical_error_rate"":0.0005}","{""detection_events"":12070,""detectors_checked"":6651904}"
     17408,         0,         0,   0.208,standalone_exact_mw,da1b05328a50158d3ddc50a94fd8dc063895f28eb3c937e1bf932a9499513bc0,"{""distance"":5,""physical_error_rate"":5e-05}","{""detection_events"":691,""detectors_checked"":3899392}"
     13312,         0,         0,   0.209,standalone_exact_mw,e5b1593c0e383368e36e36cad39a29f258d2f8e653c88d1b733626fe43257e38,"{""distance"":5,""physical_error_rate"":0.0005}","{""detection_events"":5565,""detectors_checked"":2981888}"
     16384,         0,         0,   0.212,standalone_exact_mw,72c27de2ebec78bb62b76c65eff3f0cc2d8f7d8d48378a61f4d3abf36bf8e189,"{""distance"":5,""physical_error_rate"":0.0002}","{""detection_events"":2591,""detectors_checked"":3670016}"
     46080,         0,         0,   0.288,standalone_exact_mw,a1776e816afac70014f11f56bcdb5c816a7707d7213b56760e86cab507e42ef3,"{""distance"":5,""physical_error_rate"":0.0001}","{""detection_events"":4018,""detectors_checked"":10321920}"
     22528,         0,         0,   0.290,standalone_exact_mw,72c27de2ebec78bb62b76c65eff3f0cc2d8f7d8d48378a61f4d3abf36bf8e189,"{""distance"":5,""physical_error_rate"":0.0002}","{""detection_events"":3757,""detectors_checked"":5046272}"
     23552,         0,         0,   0.276,standalone_exact_mw,da1b05328a50158d3ddc50a94fd8dc063895f28eb3c937e1bf932a9499513bc0,"{""distance"":5,""physical_error_rate"":5e-05}","{""detection_events"":976,""detectors_checked"":5275648}"
     19456,         0,         0,   0.305,standalone_exact_mw,e5b1593c0e383368e36e36cad39a29f258d2f8e653c88d1b733626fe43257e38,"{""distance"":5,""physical_error_rate"":0.0005}","{""detection_events"":8339,""detectors_checked"":4358144}"
     21504,         0,         0,   0.293,standalone_exact_mw,72c27de2ebec78bb62b76c65eff3f0cc2d8f7d8d48378a61f4d3abf36bf8e189,"{""distance"":5,""physical_error_rate"":0.0002}","{""detection_events"":3203,""detectors_checked"":4816896}"
     47104,         0,         0,   0.406,standalone_exact_mw,e5b1593c0e383368e36e36cad39a29f258d2f8e653c88d1b733626fe43257e38,"{""distance"":5,""physical_error_rate"":0.0005}","{""detection_events"":18784,""detectors_checked"":10551296}"
     41984,         0,         0,   0.410,standalone_exact_mw,a1776e816afac70014f11f56bcdb5c816a7707d7213b56760e86cab507e42ef3,"{""distance"":5,""physical_error_rate"":0.0001}","{""detection_events"":3511,""detectors_checked"":9404416}"
     30720,         0,         0,   0.404,standalone_exact_mw,72c27de2ebec78bb62b76c65eff3f0cc2d8f7d8d48378a61f4d3abf36bf8e189,"{""distance"":5,""physical_error_rate"":0.0002}","{""detection_events"":4895,""detectors_checked"":6881280}"
     34816,         0,         0,   0.409,standalone_exact_mw,da1b05328a50158d3ddc50a94fd8dc063895f28eb3c937e1bf932a9499513bc0,"{""distance"":5,""physical_error_rate"":5e-05}","{""detection_events"":1373,""detectors_checked"":7798784}"
     25600,         0,         0,   0.429,standalone_exact_mw,e5b1593c0e383368e36e36cad39a29f258d2f8e653c88d1b733626fe43257e38,"{""distance"":5,""physical_error_rate"":0.0005}","{""detection_events"":10268,""detectors_checked"":5734400}"
     31744,         0,         0,   0.409,standalone_exact_mw,72c27de2ebec78bb62b76c65eff3f0cc2d8f7d8d48378a61f4d3abf36bf8e189,"{""distance"":5,""physical_error_rate"":0.0002}","{""detection_events"":5232,""detectors_checked"":7110656}"
     36864,         0,         0,   0.585,standalone_exact_mw,e5b1593c0e383368e36e36cad39a29f258d2f8e653c88d1b733626fe43257e38,"{""distance"":5,""physical_error_rate"":0.0005}","{""detection_events"":14967,""detectors_checked"":8257536}"
     67584,         0,         0,   0.566,standalone_exact_mw,a1776e816afac70014f11f56bcdb5c816a7707d7213b56760e86cab507e42ef3,"{""distance"":5,""physical_error_rate"":0.0001}","{""detection_events"":5546,""detectors_checked"":15138816}"
     44032,         0,         0,   0.574,standalone_exact_mw,72c27de2ebec78bb62b76c65eff3f0cc2d8f7d8d48378a61f4d3abf36bf8e189,"{""distance"":5,""physical_error_rate"":0.0002}","{""detection_events"":7150,""detectors_checked"":9863168}"
     47104,         0,         0,   0.569,standalone_exact_mw,da1b05328a50158d3ddc50a94fd8dc063895f28eb3c937e1bf932a9499513bc0,"{""distance"":5,""physical_error_rate"":5e-05}","{""detection_events"":1913,""detectors_checked"":10551296}"
     43008,         0,         0,   0.571,standalone_exact_mw,72c27de2ebec78bb62b76c65eff3f0cc2d8f7d8d48378a61f4d3abf36bf8e189,"{""distance"":5,""physical_error_rate"":0.0002}","{""detection_events"":7162,""detectors_checked"":9633792}"
     34816,         0,         0,   0.583,standalone_exact_mw,e5b1593c0e383368e36e36cad39a29f258d2f8e653c88d1b733626fe43257e38,"{""distance"":5,""physical_error_rate"":0.0005}","{""detection_events"":14469,""detectors_checked"":7798784}"
     52224,         0,         0,   0.796,standalone_exact_mw,e5b1593c0e383368e36e36cad39a29f258d2f8e653c88d1b733626fe43257e38,"{""distance"":5,""physical_error_rate"":0.0005}","{""detection_events"":21102,""detectors_checked"":11698176}"
    104448,         0,         0,   0.796,standalone_exact_mw,a1776e816afac70014f11f56bcdb5c816a7707d7213b56760e86cab507e42ef3,"{""distance"":5,""physical_error_rate"":0.0001}","{""detection_events"":8597,""detectors_checked"":23396352}"
     61440,         0,         0,   0.791,standalone_exact_mw,72c27de2ebec78bb62b76c65eff3f0cc2d8f7d8d48378a61f4d3abf36bf8e189,"{""distance"":5,""physical_error_rate"":0.0002}","{""detection_events"":9844,""detectors_checked"":13762560}"
     65536,         0,         0,   0.796,standalone_exact_mw,da1b05328a50158d3ddc50a94fd8dc063895f28eb3c937e1bf932a9499513bc0,"{""distance"":5,""physical_error_rate"":5e-05}","{""detection_events"":2775,""detectors_checked"":14680064}"
     60416,         0,         0,   0.802,standalone_exact_mw,72c27de2ebec78bb62b76c65eff3f0cc2d8f7d8d48378a61f4d3abf36bf8e189,"{""distance"":5,""physical_error_rate"":0.0002}","{""detection_events"":9682,""detectors_checked"":13533184}"
     51200,         0,         0,   0.808,standalone_exact_mw,e5b1593c0e383368e36e36cad39a29f258d2f8e653c88d1b733626fe43257e38,"{""distance"":5,""physical_error_rate"":0.0005}","{""detection_events"":20956,""detectors_checked"":11468800}"
     70656,         0,         0,    1.11,standalone_exact_mw,e5b1593c0e383368e36e36cad39a29f258d2f8e653c88d1b733626fe43257e38,"{""distance"":5,""physical_error_rate"":0.0005}","{""detection_events"":28642,""detectors_checked"":15826944}"
    128000,         0,         0,    1.11,standalone_exact_mw,a1776e816afac70014f11f56bcdb5c816a7707d7213b56760e86cab507e42ef3,"{""distance"":5,""physical_error_rate"":0.0001}","{""detection_events"":10434,""detectors_checked"":28672000}"
     83968,         0,         0,    1.11,standalone_exact_mw,72c27de2ebec78bb62b76c65eff3f0cc2d8f7d8d48378a61f4d3abf36bf8e189,"{""distance"":5,""physical_error_rate"":0.0002}","{""detection_events"":13783,""detectors_checked"":18808832}"
     93184,         0,         0,    1.11,standalone_exact_mw,da1b05328a50158d3ddc50a94fd8dc063895f28eb3c937e1bf932a9499513bc0,"{""distance"":5,""physical_error_rate"":5e-05}","{""detection_events"":3895,""detectors_checked"":20873216}"
     81920,         0,         0,    1.12,standalone_exact_mw,72c27de2ebec78bb62b76c65eff3f0cc2d8f7d8d48378a61f4d3abf36bf8e189,"{""distance"":5,""physical_error_rate"":0.0002}","{""detection_events"":13360,""detectors_checked"":18350080}"
     70656,         0,         0,    1.12,standalone_exact_mw,e5b1593c0e383368e36e36cad39a29f258d2f8e653c88d1b733626fe43257e38,"{""distance"":5,""physical_error_rate"":0.0005}","{""detection_events"":28626,""detectors_checked"":15826944}"
  11214848,         0,         0,   119.3,standalone_exact_mw,da1b05328a50158d3ddc50a94fd8dc063895f28eb3c937e1bf932a9499513bc0,"{""distance"":5,""physical_error_rate"":5e-05}","{""detection_events"":455287,""detectors_checked"":2512125952}"
   9730048,         0,         0,   119.5,standalone_exact_mw,a1776e816afac70014f11f56bcdb5c816a7707d7213b56760e86cab507e42ef3,"{""distance"":5,""physical_error_rate"":0.0001}","{""detection_events"":792822,""detectors_checked"":2179530752}"
     98304,         0,         0,    1.54,standalone_exact_mw,e5b1593c0e383368e36e36cad39a29f258d2f8e653c88d1b733626fe43257e38,"{""distance"":5,""physical_error_rate"":0.0005}","{""detection_events"":39816,""detectors_checked"":22020096}"
    142336,         0,         0,    1.55,standalone_exact_mw,a1776e816afac70014f11f56bcdb5c816a7707d7213b56760e86cab507e42ef3,"{""distance"":5,""physical_error_rate"":0.0001}","{""detection_events"":11652,""detectors_checked"":31883264}"
    118784,         0,         0,    1.55,standalone_exact_mw,72c27de2ebec78bb62b76c65eff3f0cc2d8f7d8d48378a61f4d3abf36bf8e189,"{""distance"":5,""physical_error_rate"":0.0002}","{""detection_events"":19441,""detectors_checked"":26607616}"
    124928,         0,         0,    1.54,standalone_exact_mw,da1b05328a50158d3ddc50a94fd8dc063895f28eb3c937e1bf932a9499513bc0,"{""distance"":5,""physical_error_rate"":5e-05}","{""detection_events"":5122,""detectors_checked"":27983872}"
    114688,         0,         0,    1.55,standalone_exact_mw,72c27de2ebec78bb62b76c65eff3f0cc2d8f7d8d48378a61f4d3abf36bf8e189,"{""distance"":5,""physical_error_rate"":0.0002}","{""detection_events"":19084,""detectors_checked"":25690112}"
     98304,         0,         0,    1.55,standalone_exact_mw,e5b1593c0e383368e36e36cad39a29f258d2f8e653c88d1b733626fe43257e38,"{""distance"":5,""physical_error_rate"":0.0005}","{""detection_events"":40245,""detectors_checked"":22020096}"
    234496,         0,         0,    2.13,standalone_exact_mw,e5b1593c0e383368e36e36cad39a29f258d2f8e653c88d1b733626fe43257e38,"{""distance"":5,""physical_error_rate"":0.0005}","{""detection_events"":95031,""detectors_checked"":52527104}"
    174080,         0,         0,    2.16,standalone_exact_mw,a1776e816afac70014f11f56bcdb5c816a7707d7213b56760e86cab507e42ef3,"{""distance"":5,""physical_error_rate"":0.0001}","{""detection_events"":13923,""detectors_checked"":38993920}"
    198656,         0,         0,    2.19,standalone_exact_mw,72c27de2ebec78bb62b76c65eff3f0cc2d8f7d8d48378a61f4d3abf36bf8e189,"{""distance"":5,""physical_error_rate"":0.0002}","{""detection_events"":32115,""detectors_checked"":44498944}"
    182272,         0,         0,    2.19,standalone_exact_mw,da1b05328a50158d3ddc50a94fd8dc063895f28eb3c937e1bf932a9499513bc0,"{""distance"":5,""physical_error_rate"":5e-05}","{""detection_events"":7481,""detectors_checked"":40828928}"
    164864,         0,         0,    2.19,standalone_exact_mw,72c27de2ebec78bb62b76c65eff3f0cc2d8f7d8d48378a61f4d3abf36bf8e189,"{""distance"":5,""physical_error_rate"":0.0002}","{""detection_events"":26794,""detectors_checked"":36929536}"
    138240,         0,         0,    2.18,standalone_exact_mw,e5b1593c0e383368e36e36cad39a29f258d2f8e653c88d1b733626fe43257e38,"{""distance"":5,""physical_error_rate"":0.0005}","{""detection_events"":55085,""detectors_checked"":30965760}"
   9806848,         0,         0,   119.4,standalone_exact_mw,72c27de2ebec78bb62b76c65eff3f0cc2d8f7d8d48378a61f4d3abf36bf8e189,"{""distance"":5,""physical_error_rate"":0.0002}","{""detection_events"":1598563,""detectors_checked"":2196733952}"
   8875008,         2,         0,   119.6,standalone_exact_mw,e5b1593c0e383368e36e36cad39a29f258d2f8e653c88d1b733626fe43257e38,"{""distance"":5,""physical_error_rate"":0.0005}","{""detection_events"":3601053,""detectors_checked"":1988001792,""obs_mistake_mask=E"":2}"
    348160,         0,         0,    3.04,standalone_exact_mw,e5b1593c0e383368e36e36cad39a29f258d2f8e653c88d1b733626fe43257e38,"{""distance"":5,""physical_error_rate"":0.0005}","{""detection_events"":141122,""detectors_checked"":77987840}"
  11835392,        18,         0,   119.6,standalone_exact_mw,a08eb9916bd7e95ca8a954036fa5b6d2576fbe4960b891dec8536a92078ec5d6,"{""distance"":5,""physical_error_rate"":0.001}","{""detection_events"":9583416,""detectors_checked"":2651127808,""obs_mistake_mask=E"":18}"
    239616,         0,         0,    3.05,standalone_exact_mw,a1776e816afac70014f11f56bcdb5c816a7707d7213b56760e86cab507e42ef3,"{""distance"":5,""physical_error_rate"":0.0001}","{""detection_events"":19684,""detectors_checked"":53673984}"
    228352,         0,         0,    3.04,standalone_exact_mw,72c27de2ebec78bb62b76c65eff3f0cc2d8f7d8d48378a61f4d3abf36bf8e189,"{""distance"":5,""physical_error_rate"":0.0002}","{""detection_events"":36931,""detectors_checked"":51150848}"
    251904,         0,         0,    3.05,standalone_exact_mw,da1b05328a50158d3ddc50a94fd8dc063895f28eb3c937e1bf932a9499513bc0,"{""distance"":5,""physical_error_rate"":5e-05}","{""detection_events"":10017,""detectors_checked"":56426496}"
    226304,         0,         0,    3.05,standalone_exact_mw,72c27de2ebec78bb62b76c65eff3f0cc2d8f7d8d48378a61f4d3abf36bf8e189,"{""distance"":5,""physical_error_rate"":0.0002}","{""detection_events"":36660,""detectors_checked"":50692096}"
    191488,         0,         0,    3.05,standalone_exact_mw,e5b1593c0e383368e36e36cad39a29f258d2f8e653c88d1b733626fe43257e38,"{""distance"":5,""physical_error_rate"":0.0005}","{""detection_events"":77533,""detectors_checked"":42893312}"
    474112,         1,         0,    4.26,standalone_exact_mw,e5b1593c0e383368e36e36cad39a29f258d2f8e653c88d1b733626fe43257e38,"{""distance"":5,""physical_error_rate"":0.0005}","{""detection_events"":192731,""detectors_checked"":106201088,""obs_mistake_mask=E"":1}"
    326656,         0,         0,    4.25,standalone_exact_mw,a1776e816afac70014f11f56bcdb5c816a7707d7213b56760e86cab507e42ef3,"{""distance"":5,""physical_error_rate"":0.0001}","{""detection_events"":26362,""detectors_checked"":73170944}"
    324608,         0,         0,    4.26,standalone_exact_mw,72c27de2ebec78bb62b76c65eff3f0cc2d8f7d8d48378a61f4d3abf36bf8e189,"{""distance"":5,""physical_error_rate"":0.0002}","{""detection_events"":52633,""detectors_checked"":72712192}"
    350208,         0,         0,    4.25,standalone_exact_mw,da1b05328a50158d3ddc50a94fd8dc063895f28eb3c937e1bf932a9499513bc0,"{""distance"":5,""physical_error_rate"":5e-05}","{""detection_events"":14264,""detectors_checked"":78446592}"
    311296,         0,         0,    4.26,standalone_exact_mw,72c27de2ebec78bb62b76c65eff3f0cc2d8f7d8d48378a61f4d3abf36bf8e189,"{""distance"":5,""physical_error_rate"":0.0002}","{""detection_events"":50755,""detectors_checked"":69730304}"
    258048,         0,         0,    4.25,standalone_exact_mw,e5b1593c0e383368e36e36cad39a29f258d2f8e653c88d1b733626fe43257e38,"{""distance"":5,""physical_error_rate"":0.0005}","{""detection_events"":104023,""detectors_checked"":57802752}"
    586752,         0,         0,    5.97,standalone_exact_mw,e5b1593c0e383368e36e36cad39a29f258d2f8e653c88d1b733626fe43257e38,"{""distance"":5,""physical_error_rate"":0.0005}","{""detection_events"":236837,""detectors_checked"":131432448}"
    465920,         0,         0,    5.97,standalone_exact_mw,a1776e816afac70014f11f56bcdb5c816a7707d7213b56760e86cab507e42ef3,"{""distance"":5,""physical_error_rate"":0.0001}","{""detection_events"":37986,""detectors_checked"":104366080}"
    452608,         0,         0,    5.97,standalone_exact_mw,72c27de2ebec78bb62b76c65eff3f0cc2d8f7d8d48378a61f4d3abf36bf8e189,"{""distance"":5,""physical_error_rate"":0.0002}","{""detection_events"":74192,""detectors_checked"":101384192}"
    496640,         0,         0,    5.96,standalone_exact_mw,da1b05328a50158d3ddc50a94fd8dc063895f28eb3c937e1bf932a9499513bc0,"{""distance"":5,""physical_error_rate"":5e-05}","{""detection_events"":20272,""detectors_checked"":111247360}"
    435200,         0,         0,    5.97,standalone_exact_mw,72c27de2ebec78bb62b76c65eff3f0cc2d8f7d8d48378a61f4d3abf36bf8e189,"{""distance"":5,""physical_error_rate"":0.0002}","{""detection_events"":71081,""detectors_checked"":97484800}"
    369664,         0,         0,    5.96,standalone_exact_mw,e5b1593c0e383368e36e36cad39a29f258d2f8e653c88d1b733626fe43257e38,"{""distance"":5,""physical_error_rate"":0.0005}","{""detection_events"":150255,""detectors_checked"":82804736}"
    607232,         0,         0,    8.32,standalone_exact_mw,e5b1593c0e383368e36e36cad39a29f258d2f8e653c88d1b733626fe43257e38,"{""distance"":5,""physical_error_rate"":0.0005}","{""detection_events"":246132,""detectors_checked"":136019968}"
    906240,         0,         0,    8.33,standalone_exact_mw,a1776e816afac70014f11f56bcdb5c816a7707d7213b56760e86cab507e42ef3,"{""distance"":5,""physical_error_rate"":0.0001}","{""detection_events"":74644,""detectors_checked"":202997760}"
    965632,         0,         0,    8.34,standalone_exact_mw,72c27de2ebec78bb62b76c65eff3f0cc2d8f7d8d48378a61f4d3abf36bf8e189,"{""distance"":5,""physical_error_rate"":0.0002}","{""detection_events"":156638,""detectors_checked"":216301568}"
    691200,         0,         0,    8.34,standalone_exact_mw,da1b05328a50158d3ddc50a94fd8dc063895f28eb3c937e1bf932a9499513bc0,"{""distance"":5,""physical_error_rate"":5e-05}","{""detection_events"":28514,""detectors_checked"":154828800}"
    618496,         0,         0,    8.34,standalone_exact_mw,72c27de2ebec78bb62b76c65eff3f0cc2d8f7d8d48378a61f4d3abf36bf8e189,"{""distance"":5,""physical_error_rate"":0.0002}","{""detection_events"":100168,""detectors_checked"":138543104}"
    523264,         0,         0,    8.34,standalone_exact_mw,e5b1593c0e383368e36e36cad39a29f258d2f8e653c88d1b733626fe43257e38,"{""distance"":5,""physical_error_rate"":0.0005}","{""detection_events"":212397,""detectors_checked"":117211136}"
    743424,         1,         0,    11.7,standalone_exact_mw,e5b1593c0e383368e36e36cad39a29f258d2f8e653c88d1b733626fe43257e38,"{""distance"":5,""physical_error_rate"":0.0005}","{""detection_events"":301716,""detectors_checked"":166526976,""obs_mistake_mask=E"":1}"
   1111040,         0,         0,    11.7,standalone_exact_mw,a1776e816afac70014f11f56bcdb5c816a7707d7213b56760e86cab507e42ef3,"{""distance"":5,""physical_error_rate"":0.0001}","{""detection_events"":89732,""detectors_checked"":248872960}"
    987136,         0,         0,    11.7,standalone_exact_mw,72c27de2ebec78bb62b76c65eff3f0cc2d8f7d8d48378a61f4d3abf36bf8e189,"{""distance"":5,""physical_error_rate"":0.0002}","{""detection_events"":159671,""detectors_checked"":221118464}"
    963584,         0,         0,    11.7,standalone_exact_mw,da1b05328a50158d3ddc50a94fd8dc063895f28eb3c937e1bf932a9499513bc0,"{""distance"":5,""physical_error_rate"":5e-05}","{""detection_events"":39236,""detectors_checked"":215842816}"
    882688,         0,         0,    11.7,standalone_exact_mw,72c27de2ebec78bb62b76c65eff3f0cc2d8f7d8d48378a61f4d3abf36bf8e189,"{""distance"":5,""physical_error_rate"":0.0002}","{""detection_events"":143468,""detectors_checked"":197722112}"
    728064,         0,         0,    11.7,standalone_exact_mw,e5b1593c0e383368e36e36cad39a29f258d2f8e653c88d1b733626fe43257e38,"{""distance"":5,""physical_error_rate"":0.0005}","{""detection_events"":296049,""detectors_checked"":163086336}"
  11511808,         0,         0,   119.4,standalone_exact_mw,a1776e816afac70014f11f56bcdb5c816a7707d7213b56760e86cab507e42ef3,"{""distance"":5,""physical_error_rate"":0.0001}","{""detection_events"":935783,""detectors_checked"":2578644992}"
  10212352,         0,         0,   119.3,standalone_exact_mw,da1b05328a50158d3ddc50a94fd8dc063895f28eb3c937e1bf932a9499513bc0,"{""distance"":5,""physical_error_rate"":5e-05}","{""detection_events"":415679,""detectors_checked"":2287566848}"
  14808064,         0,         0,   119.4,standalone_exact_mw,72c27de2ebec78bb62b76c65eff3f0cc2d8f7d8d48378a61f4d3abf36bf8e189,"{""distance"":5,""physical_error_rate"":0.0002}","{""detection_events"":2410053,""detectors_checked"":3317006336}"
   7615488,         1,         0,   119.5,standalone_exact_mw,e5b1593c0e383368e36e36cad39a29f258d2f8e653c88d1b733626fe43257e38,"{""distance"":5,""physical_error_rate"":0.0005}","{""detection_events"":3086105,""detectors_checked"":1705869312,""obs_mistake_mask=E"":1}"
   1032192,         0,         0,    16.3,standalone_exact_mw,e5b1593c0e383368e36e36cad39a29f258d2f8e653c88d1b733626fe43257e38,"{""distance"":5,""physical_error_rate"":0.0005}","{""detection_events"":419614,""detectors_checked"":231211008}"
   1293312,         0,         0,    16.3,standalone_exact_mw,a1776e816afac70014f11f56bcdb5c816a7707d7213b56760e86cab507e42ef3,"{""distance"":5,""physical_error_rate"":0.0001}","{""detection_events"":105075,""detectors_checked"":289701888}"
   1242112,         0,         0,    16.3,standalone_exact_mw,72c27de2ebec78bb62b76c65eff3f0cc2d8f7d8d48378a61f4d3abf36bf8e189,"{""distance"":5,""physical_error_rate"":0.0002}","{""detection_events"":201450,""detectors_checked"":278233088}"
   1355776,         0,         0,    16.3,standalone_exact_mw,da1b05328a50158d3ddc50a94fd8dc063895f28eb3c937e1bf932a9499513bc0,"{""distance"":5,""physical_error_rate"":5e-05}","{""detection_events"":55386,""detectors_checked"":303693824}"
   1209344,         0,         0,    16.3,standalone_exact_mw,72c27de2ebec78bb62b76c65eff3f0cc2d8f7d8d48378a61f4d3abf36bf8e189,"{""distance"":5,""physical_error_rate"":0.0002}","{""detection_events"":196477,""detectors_checked"":270893056}"
   1012736,         0,         0,    16.3,standalone_exact_mw,e5b1593c0e383368e36e36cad39a29f258d2f8e653c88d1b733626fe43257e38,"{""distance"":5,""physical_error_rate"":0.0005}","{""detection_events"":411064,""detectors_checked"":226852864}"
   1541120,         0,         0,    22.9,standalone_exact_mw,e5b1593c0e383368e36e36cad39a29f258d2f8e653c88d1b733626fe43257e38,"{""distance"":5,""physical_error_rate"":0.0005}","{""detection_events"":622722,""detectors_checked"":345210880}"
   1809408,         0,         0,    22.9,standalone_exact_mw,a1776e816afac70014f11f56bcdb5c816a7707d7213b56760e86cab507e42ef3,"{""distance"":5,""physical_error_rate"":0.0001}","{""detection_events"":148228,""detectors_checked"":405307392}"
   1735680,         0,         0,    22.8,standalone_exact_mw,72c27de2ebec78bb62b76c65eff3f0cc2d8f7d8d48378a61f4d3abf36bf8e189,"{""distance"":5,""physical_error_rate"":0.0002}","{""detection_events"":281388,""detectors_checked"":388792320}"
   1922048,         0,         0,    22.9,standalone_exact_mw,da1b05328a50158d3ddc50a94fd8dc063895f28eb3c937e1bf932a9499513bc0,"{""distance"":5,""physical_error_rate"":5e-05}","{""detection_events"":78388,""detectors_checked"":430538752}"
   1712128,         0,         0,    22.9,standalone_exact_mw,72c27de2ebec78bb62b76c65eff3f0cc2d8f7d8d48378a61f4d3abf36bf8e189,"{""distance"":5,""physical_error_rate"":0.0002}","{""detection_events"":277830,""detectors_checked"":383516672}"
   1424384,         0,         0,    22.9,standalone_exact_mw,e5b1593c0e383368e36e36cad39a29f258d2f8e653c88d1b733626fe43257e38,"{""distance"":5,""physical_error_rate"":0.0005}","{""detection_events"":579005,""detectors_checked"":319062016}"
   6404096,         4,         0,   119.6,standalone_exact_mw,a08eb9916bd7e95ca8a954036fa5b6d2576fbe4960b891dec8536a92078ec5d6,"{""distance"":5,""physical_error_rate"":0.001}","{""detection_events"":5184173,""detectors_checked"":1434517504,""obs_mistake_mask=E"":4}"
   5941248,         8,         0,   119.6,standalone_exact_mw,a08eb9916bd7e95ca8a954036fa5b6d2576fbe4960b891dec8536a92078ec5d6,"{""distance"":5,""physical_error_rate"":0.001}","{""detection_events"":4813686,""detectors_checked"":1330839552,""obs_mistake_mask=E"":8}"
   2138112,         2,         0,    32.0,standalone_exact_mw,e5b1593c0e383368e36e36cad39a29f258d2f8e653c88d1b733626fe43257e38,"{""distance"":5,""physical_error_rate"":0.0005}","{""detection_events"":865793,""detectors_checked"":478937088,""obs_mistake_mask=E"":2}"
   2711552,         0,         0,    32.0,standalone_exact_mw,a1776e816afac70014f11f56bcdb5c816a7707d7213b56760e86cab507e42ef3,"{""distance"":5,""physical_error_rate"":0.0001}","{""detection_events"":219930,""detectors_checked"":607387648}"
   2638848,         0,         0,    32.0,standalone_exact_mw,72c27de2ebec78bb62b76c65eff3f0cc2d8f7d8d48378a61f4d3abf36bf8e189,"{""distance"":5,""physical_error_rate"":0.0002}","{""detection_events"":427703,""detectors_checked"":591101952}"
   2970624,         0,         0,    32.0,standalone_exact_mw,da1b05328a50158d3ddc50a94fd8dc063895f28eb3c937e1bf932a9499513bc0,"{""distance"":5,""physical_error_rate"":5e-05}","{""detection_events"":121934,""detectors_checked"":665419776}"
   2373632,         0,         0,    32.0,standalone_exact_mw,72c27de2ebec78bb62b76c65eff3f0cc2d8f7d8d48378a61f4d3abf36bf8e189,"{""distance"":5,""physical_error_rate"":0.0002}","{""detection_events"":386618,""detectors_checked"":531693568}"
   2009088,         1,         0,    32.0,standalone_exact_mw,e5b1593c0e383368e36e36cad39a29f258d2f8e653c88d1b733626fe43257e38,"{""distance"":5,""physical_error_rate"":0.0005}","{""detection_events"":814975,""detectors_checked"":450035712,""obs_mistake_mask=E"":1}"
  12094464,         0,         0,   119.4,standalone_exact_mw,a1776e816afac70014f11f56bcdb5c816a7707d7213b56760e86cab507e42ef3,"{""distance"":5,""physical_error_rate"":0.0001}","{""detection_events"":983936,""detectors_checked"":2709159936}"
  10558464,         1,         0,   119.5,standalone_exact_mw,e5b1593c0e383368e36e36cad39a29f258d2f8e653c88d1b733626fe43257e38,"{""distance"":5,""physical_error_rate"":0.0005}","{""detection_events"":4284287,""detectors_checked"":2365095936,""obs_mistake_mask=E"":1}"
  14146560,         0,         0,   119.5,standalone_exact_mw,72c27de2ebec78bb62b76c65eff3f0cc2d8f7d8d48378a61f4d3abf36bf8e189,"{""distance"":5,""physical_error_rate"":0.0002}","{""detection_events"":2295961,""detectors_checked"":3168829440}"
  13969408,         0,         0,   119.5,standalone_exact_mw,da1b05328a50158d3ddc50a94fd8dc063895f28eb3c937e1bf932a9499513bc0,"{""distance"":5,""physical_error_rate"":5e-05}","{""detection_events"":567609,""detectors_checked"":3129147392}"
   6605824,        14,         0,   119.6,standalone_exact_mw,a08eb9916bd7e95ca8a954036fa5b6d2576fbe4960b891dec8536a92078ec5d6,"{""distance"":5,""physical_error_rate"":0.001}","{""detection_events"":5349122,""detectors_checked"":1479704576,""obs_mistake_mask=E"":14}"
   9996288,         0,         0,   119.3,standalone_exact_mw,da1b05328a50158d3ddc50a94fd8dc063895f28eb3c937e1bf932a9499513bc0,"{""distance"":5,""physical_error_rate"":5e-05}","{""detection_events"":406329,""detectors_checked"":2239168512}"
   9674752,         0,         0,   119.4,standalone_exact_mw,a1776e816afac70014f11f56bcdb5c816a7707d7213b56760e86cab507e42ef3,"{""distance"":5,""physical_error_rate"":0.0001}","{""detection_events"":789406,""detectors_checked"":2167144448}"
   9542656,         0,         0,   119.5,standalone_exact_mw,a1776e816afac70014f11f56bcdb5c816a7707d7213b56760e86cab507e42ef3,"{""distance"":5,""physical_error_rate"":0.0001}","{""detection_events"":776427,""detectors_checked"":2137554944}"
   5957632,         6,         0,   119.5,standalone_exact_mw,a08eb9916bd7e95ca8a954036fa5b6d2576fbe4960b891dec8536a92078ec5d6,"{""distance"":5,""physical_error_rate"":0.001}","{""detection_events"":4821296,""detectors_checked"":1334509568,""obs_mistake_mask=E"":6}"
   8949760,         0,         0,   119.4,standalone_exact_mw,72c27de2ebec78bb62b76c65eff3f0cc2d8f7d8d48378a61f4d3abf36bf8e189,"{""distance"":5,""physical_error_rate"":0.0002}","{""detection_events"":1452871,""detectors_checked"":2004746240}"
   7538688,         1,         0,   119.5,standalone_exact_mw,e5b1593c0e383368e36e36cad39a29f258d2f8e653c88d1b733626fe43257e38,"{""distance"":5,""physical_error_rate"":0.0005}","{""detection_events"":3059570,""detectors_checked"":1688666112,""obs_mistake_mask=E"":1}"
   8953856,         0,         0,   119.5,standalone_exact_mw,72c27de2ebec78bb62b76c65eff3f0cc2d8f7d8d48378a61f4d3abf36bf8e189,"{""distance"":5,""physical_error_rate"":0.0002}","{""detection_events"":1455062,""detectors_checked"":2005663744}"
  10004480,         0,         0,   119.4,standalone_exact_mw,da1b05328a50158d3ddc50a94fd8dc063895f28eb3c937e1bf932a9499513bc0,"{""distance"":5,""physical_error_rate"":5e-05}","{""detection_events"":406899,""detectors_checked"":2241003520}"
   7622656,         1,         0,   119.4,standalone_exact_mw,e5b1593c0e383368e36e36cad39a29f258d2f8e653c88d1b733626fe43257e38,"{""distance"":5,""physical_error_rate"":0.0005}","{""detection_events"":3093822,""detectors_checked"":1707474944,""obs_mistake_mask=E"":1}"
   6053888,        14,         0,   119.6,standalone_exact_mw,a08eb9916bd7e95ca8a954036fa5b6d2576fbe4960b891dec8536a92078ec5d6,"{""distance"":5,""physical_error_rate"":0.001}","{""detection_events"":4897808,""detectors_checked"":1356070912,""obs_mistake_mask=E"":14}"
  10935296,         0,         0,   119.3,standalone_exact_mw,da1b05328a50158d3ddc50a94fd8dc063895f28eb3c937e1bf932a9499513bc0,"{""distance"":5,""physical_error_rate"":5e-05}","{""detection_events"":445119,""detectors_checked"":2449506304}"
  11218944,         0,         0,   119.5,standalone_exact_mw,a1776e816afac70014f11f56bcdb5c816a7707d7213b56760e86cab507e42ef3,"{""distance"":5,""physical_error_rate"":0.0001}","{""detection_events"":911555,""detectors_checked"":2513043456}"
   9268224,         0,         0,   119.4,standalone_exact_mw,72c27de2ebec78bb62b76c65eff3f0cc2d8f7d8d48378a61f4d3abf36bf8e189,"{""distance"":5,""physical_error_rate"":0.0002}","{""detection_events"":1508727,""detectors_checked"":2076082176}"
   9283584,         1,         0,   119.6,standalone_exact_mw,e5b1593c0e383368e36e36cad39a29f258d2f8e653c88d1b733626fe43257e38,"{""distance"":5,""physical_error_rate"":0.0005}","{""detection_events"":3763978,""detectors_checked"":2079522816,""obs_mistake_mask=E"":1}"
   9109504,        15,         0,   119.6,standalone_exact_mw,a08eb9916bd7e95ca8a954036fa5b6d2576fbe4960b891dec8536a92078ec5d6,"{""distance"":5,""physical_error_rate"":0.001}","{""detection_events"":7376023,""detectors_checked"":2040528896,""obs_mistake_mask=E"":15}"
   3792896,         0,         0,    44.8,standalone_exact_mw,e5b1593c0e383368e36e36cad39a29f258d2f8e653c88d1b733626fe43257e38,"{""distance"":5,""physical_error_rate"":0.0005}","{""detection_events"":1539912,""detectors_checked"":849608704}"
   4355072,         0,         0,    44.8,standalone_exact_mw,a1776e816afac70014f11f56bcdb5c816a7707d7213b56760e86cab507e42ef3,"{""distance"":5,""physical_error_rate"":0.0001}","{""detection_events"":355408,""detectors_checked"":975536128}"
   4080640,         0,         0,    44.8,standalone_exact_mw,72c27de2ebec78bb62b76c65eff3f0cc2d8f7d8d48378a61f4d3abf36bf8e189,"{""distance"":5,""physical_error_rate"":0.0002}","{""detection_events"":663487,""detectors_checked"":914063360}"
   4040704,         0,         0,    44.8,standalone_exact_mw,da1b05328a50158d3ddc50a94fd8dc063895f28eb3c937e1bf932a9499513bc0,"{""distance"":5,""physical_error_rate"":5e-05}","{""detection_events"":163405,""detectors_checked"":905117696}"
   3341312,         0,         0,    44.8,standalone_exact_mw,72c27de2ebec78bb62b76c65eff3f0cc2d8f7d8d48378a61f4d3abf36bf8e189,"{""distance"":5,""physical_error_rate"":0.0002}","{""detection_events"":544752,""detectors_checked"":748453888}"
   2790400,         1,         0,    44.8,standalone_exact_mw,e5b1593c0e383368e36e36cad39a29f258d2f8e653c88d1b733626fe43257e38,"{""distance"":5,""physical_error_rate"":0.0005}","{""detection_events"":1131065,""detectors_checked"":625049600,""obs_mistake_mask=E"":1}"
  10943488,         0,         0,   119.5,standalone_exact_mw,a1776e816afac70014f11f56bcdb5c816a7707d7213b56760e86cab507e42ef3,"{""distance"":5,""physical_error_rate"":0.0001}","{""detection_events"":887053,""detectors_checked"":2451341312}"
  10618880,         0,         0,   119.4,standalone_exact_mw,da1b05328a50158d3ddc50a94fd8dc063895f28eb3c937e1bf932a9499513bc0,"{""distance"":5,""physical_error_rate"":5e-05}","{""detection_events"":431699,""detectors_checked"":2378629120}"
  17416192,         0,         0,   119.5,standalone_exact_mw,72c27de2ebec78bb62b76c65eff3f0cc2d8f7d8d48378a61f4d3abf36bf8e189,"{""distance"":5,""physical_error_rate"":0.0002}","{""detection_events"":2825397,""detectors_checked"":3901227008}"
   7624704,         2,         0,   119.4,standalone_exact_mw,e5b1593c0e383368e36e36cad39a29f258d2f8e653c88d1b733626fe43257e38,"{""distance"":5,""physical_error_rate"":0.0005}","{""detection_events"":3090883,""detectors_checked"":1707933696,""obs_mistake_mask=E"":2}"
   6528000,         3,         0,   119.6,standalone_exact_mw,a08eb9916bd7e95ca8a954036fa5b6d2576fbe4960b891dec8536a92078ec5d6,"{""distance"":5,""physical_error_rate"":0.001}","{""detection_events"":5284922,""detectors_checked"":1462272000,""obs_mistake_mask=E"":3}"
   5932032,        11,         0,   119.7,standalone_exact_mw,a08eb9916bd7e95ca8a954036fa5b6d2576fbe4960b891dec8536a92078ec5d6,"{""distance"":5,""physical_error_rate"":0.001}","{""detection_events"":4803246,""detectors_checked"":1328775168,""obs_mistake_mask=E"":11}"
   4221952,         0,         0,    62.8,standalone_exact_mw,e5b1593c0e383368e36e36cad39a29f258d2f8e653c88d1b733626fe43257e38,"{""distance"":5,""physical_error_rate"":0.0005}","{""detection_events"":1713451,""detectors_checked"":945717248}"
   5625856,         0,         0,    62.8,standalone_exact_mw,a1776e816afac70014f11f56bcdb5c816a7707d7213b56760e86cab507e42ef3,"{""distance"":5,""physical_error_rate"":0.0001}","{""detection_events"":457270,""detectors_checked"":1260191744}"
   5591040,         0,         0,    62.8,standalone_exact_mw,72c27de2ebec78bb62b76c65eff3f0cc2d8f7d8d48378a61f4d3abf36bf8e189,"{""distance"":5,""physical_error_rate"":0.0002}","{""detection_events"":908150,""detectors_checked"":1252392960}"
   5354496,         0,         0,    62.6,standalone_exact_mw,da1b05328a50158d3ddc50a94fd8dc063895f28eb3c937e1bf932a9499513bc0,"{""distance"":5,""physical_error_rate"":5e-05}","{""detection_events"":218749,""detectors_checked"":1199407104}"
   4649984,         1,         0,    62.6,standalone_exact_mw,72c27de2ebec78bb62b76c65eff3f0cc2d8f7d8d48378a61f4d3abf36bf8e189,"{""distance"":5,""physical_error_rate"":0.0002}","{""detection_events"":756299,""detectors_checked"":1041596416,""obs_mistake_mask=E"":1}"
   3900416,         1,         0,    62.8,standalone_exact_mw,e5b1593c0e383368e36e36cad39a29f258d2f8e653c88d1b733626fe43257e38,"{""distance"":5,""physical_error_rate"":0.0005}","{""detection_events"":1586773,""detectors_checked"":873693184,""obs_mistake_mask=E"":1}"
  11668480,         0,         0,   119.4,standalone_exact_mw,a1776e816afac70014f11f56bcdb5c816a7707d7213b56760e86cab507e42ef3,"{""distance"":5,""physical_error_rate"":0.0001}","{""detection_events"":949759,""detectors_checked"":2613739520}"
   9266176,         1,         0,   119.4,standalone_exact_mw,e5b1593c0e383368e36e36cad39a29f258d2f8e653c88d1b733626fe43257e38,"{""distance"":5,""physical_error_rate"":0.0005}","{""detection_events"":3760695,""detectors_checked"":2075623424,""obs_mistake_mask=E"":1}"
  12242944,         1,         0,   119.5,standalone_exact_mw,72c27de2ebec78bb62b76c65eff3f0cc2d8f7d8d48378a61f4d3abf36bf8e189,"{""distance"":5,""physical_error_rate"":0.0002}","{""detection_events"":1988660,""detectors_checked"":2742419456,""obs_mistake_mask=E"":1}"
  12043264,         0,         0,   119.5,standalone_exact_mw,da1b05328a50158d3ddc50a94fd8dc063895f28eb3c937e1bf932a9499513bc0,"{""distance"":5,""physical_error_rate"":5e-05}","{""detection_events"":490310,""detectors_checked"":2697691136}"
   6633472,        11,         0,   119.6,standalone_exact_mw,a08eb9916bd7e95ca8a954036fa5b6d2576fbe4960b891dec8536a92078ec5d6,"{""distance"":5,""physical_error_rate"":0.001}","{""detection_events"":5363394,""detectors_checked"":1485897728,""obs_mistake_mask=E"":11}"
   9915392,         0,         0,   119.4,standalone_exact_mw,da1b05328a50158d3ddc50a94fd8dc063895f28eb3c937e1bf932a9499513bc0,"{""distance"":5,""physical_error_rate"":5e-05}","{""detection_events"":401750,""detectors_checked"":2221047808}"
   9678848,         0,         0,   119.5,standalone_exact_mw,a1776e816afac70014f11f56bcdb5c816a7707d7213b56760e86cab507e42ef3,"{""distance"":5,""physical_error_rate"":0.0001}","{""detection_events"":787395,""detectors_checked"":2168061952}"
   9498624,         0,         0,   119.5,standalone_exact_mw,a1776e816afac70014f11f56bcdb5c816a7707d7213b56760e86cab507e42ef3,"{""distance"":5,""physical_error_rate"":0.0001}","{""detection_events"":772885,""detectors_checked"":2127691776}"
   5985280,        10,         0,   119.5,standalone_exact_mw,a08eb9916bd7e95ca8a954036fa5b6d2576fbe4960b891dec8536a92078ec5d6,"{""distance"":5,""physical_error_rate"":0.001}","{""detection_events"":4851230,""detectors_checked"":1340702720,""obs_mistake_mask=E"":10}"
   8947712,         0,         0,   119.4,standalone_exact_mw,72c27de2ebec78bb62b76c65eff3f0cc2d8f7d8d48378a61f4d3abf36bf8e189,"{""distance"":5,""physical_error_rate"":0.0002}","{""detection_events"":1449493,""detectors_checked"":2004287488}"
   8926208,         0,         0,   119.4,standalone_exact_mw,72c27de2ebec78bb62b76c65eff3f0cc2d8f7d8d48378a61f4d3abf36bf8e189,"{""distance"":5,""physical_error_rate"":0.0002}","{""detection_events"":1452672,""detectors_checked"":1999470592}"
   7510016,         3,         0,   119.6,standalone_exact_mw,e5b1593c0e383368e36e36cad39a29f258d2f8e653c88d1b733626fe43257e38,"{""distance"":5,""physical_error_rate"":0.0005}","{""detection_events"":3052412,""detectors_checked"":1682243584,""obs_mistake_mask=E"":3}"
   9910272,         0,         0,   119.2,standalone_exact_mw,da1b05328a50158d3ddc50a94fd8dc063895f28eb3c937e1bf932a9499513bc0,"{""distance"":5,""physical_error_rate"":5e-05}","{""detection_events"":402755,""detectors_checked"":2219900928}"
   7562240,         3,         0,   119.5,standalone_exact_mw,e5b1593c0e383368e36e36cad39a29f258d2f8e653c88d1b733626fe43257e38,"{""distance"":5,""physical_error_rate"":0.0005}","{""detection_events"":3073585,""detectors_checked"":1693941760,""obs_mistake_mask=E"":3}"
   6035456,         9,         0,   119.6,standalone_exact_mw,a08eb9916bd7e95ca8a954036fa5b6d2576fbe4960b891dec8536a92078ec5d6,"{""distance"":5,""physical_error_rate"":0.001}","{""detection_events"":4885712,""detectors_checked"":1351942144,""obs_mistake_mask=E"":9}"
  12032000,         0,         0,   119.3,standalone_exact_mw,da1b05328a50158d3ddc50a94fd8dc063895f28eb3c937e1bf932a9499513bc0,"{""distance"":5,""physical_error_rate"":5e-05}","{""detection_events"":490343,""detectors_checked"":2695168000}"
  10622976,         0,         0,   119.4,standalone_exact_mw,a1776e816afac70014f11f56bcdb5c816a7707d7213b56760e86cab507e42ef3,"{""distance"":5,""physical_error_rate"":0.0001}","{""detection_events"":864020,""detectors_checked"":2379546624}"
  11313152,         0,         0,   119.4,standalone_exact_mw,72c27de2ebec78bb62b76c65eff3f0cc2d8f7d8d48378a61f4d3abf36bf8e189,"{""distance"":5,""physical_error_rate"":0.0002}","{""detection_events"":1835253,""detectors_checked"":2534146048}"
   9401344,         2,         0,   119.4,standalone_exact_mw,e5b1593c0e383368e36e36cad39a29f258d2f8e653c88d1b733626fe43257e38,"{""distance"":5,""physical_error_rate"":0.0005}","{""detection_events"":3813505,""detectors_checked"":2105901056,""obs_mistake_mask=E"":2}"
   9663488,        16,         0,   119.7,standalone_exact_mw,a08eb9916bd7e95ca8a954036fa5b6d2576fbe4960b891dec8536a92078ec5d6,"{""distance"":5,""physical_error_rate"":0.001}","{""detection_events"":7834784,""detectors_checked"":2164621312,""obs_mistake_mask=E"":16}"
  10092544,         0,         0,   119.5,standalone_exact_mw,a1776e816afac70014f11f56bcdb5c816a7707d7213b56760e86cab507e42ef3,"{""distance"":5,""physical_error_rate"":0.0001}","{""detection_events"":819237,""detectors_checked"":2260729856}"
  10619904,         0,         0,   119.4,standalone_exact_mw,da1b05328a50158d3ddc50a94fd8dc063895f28eb3c937e1bf932a9499513bc0,"{""distance"":5,""physical_error_rate"":5e-05}","{""detection_events"":434188,""detectors_checked"":2378858496}"
  18312192,         0,         0,   119.5,standalone_exact_mw,72c27de2ebec78bb62b76c65eff3f0cc2d8f7d8d48378a61f4d3abf36bf8e189,"{""distance"":5,""physical_error_rate"":0.0002}","{""detection_events"":2974656,""detectors_checked"":4101931008}"
   7589888,         1,         0,   119.5,standalone_exact_mw,e5b1593c0e383368e36e36cad39a29f258d2f8e653c88d1b733626fe43257e38,"{""distance"":5,""physical_error_rate"":0.0005}","{""detection_events"":3079350,""detectors_checked"":1700134912,""obs_mistake_mask=E"":1}"
   5713920,         1,         0,    87.8,standalone_exact_mw,e5b1593c0e383368e36e36cad39a29f258d2f8e653c88d1b733626fe43257e38,"{""distance"":5,""physical_error_rate"":0.0005}","{""detection_events"":2318195,""detectors_checked"":1279918080,""obs_mistake_mask=E"":1}"
   8259584,         0,         0,    87.8,standalone_exact_mw,a1776e816afac70014f11f56bcdb5c816a7707d7213b56760e86cab507e42ef3,"{""distance"":5,""physical_error_rate"":0.0001}","{""detection_events"":671664,""detectors_checked"":1850146816}"
   7940096,         0,         0,    87.8,standalone_exact_mw,72c27de2ebec78bb62b76c65eff3f0cc2d8f7d8d48378a61f4d3abf36bf8e189,"{""distance"":5,""physical_error_rate"":0.0002}","{""detection_events"":1291321,""detectors_checked"":1778581504}"
   7624704,         0,         0,    87.8,standalone_exact_mw,da1b05328a50158d3ddc50a94fd8dc063895f28eb3c937e1bf932a9499513bc0,"{""distance"":5,""physical_error_rate"":5e-05}","{""detection_events"":310300,""detectors_checked"":1707933696}"
   6581248,         0,         0,    87.8,standalone_exact_mw,72c27de2ebec78bb62b76c65eff3f0cc2d8f7d8d48378a61f4d3abf36bf8e189,"{""distance"":5,""physical_error_rate"":0.0002}","{""detection_events"":1070018,""detectors_checked"":1474199552}"
   5504000,         1,         0,    87.9,standalone_exact_mw,e5b1593c0e383368e36e36cad39a29f258d2f8e653c88d1b733626fe43257e38,"{""distance"":5,""physical_error_rate"":0.0005}","{""detection_events"":2237330,""detectors_checked"":1232896000,""obs_mistake_mask=E"":1}"
   6428672,        13,         0,   119.7,standalone_exact_mw,a08eb9916bd7e95ca8a954036fa5b6d2576fbe4960b891dec8536a92078ec5d6,"{""distance"":5,""physical_error_rate"":0.001}","{""detection_events"":5204481,""detectors_checked"":1440022528,""obs_mistake_mask=E"":13}"
   5964800,         6,         0,   119.6,standalone_exact_mw,a08eb9916bd7e95ca8a954036fa5b6d2576fbe4960b891dec8536a92078ec5d6,"{""distance"":5,""physical_error_rate"":0.001}","{""detection_events"":4827437,""detectors_checked"":1336115200,""obs_mistake_mask=E"":6}"
  13768704,         0,         0,   119.5,standalone_exact_mw,a1776e816afac70014f11f56bcdb5c816a7707d7213b56760e86cab507e42ef3,"{""distance"":5,""physical_error_rate"":0.0001}","{""detection_events"":1118085,""detectors_checked"":3084189696}"
  10449920,         0,         0,   119.6,standalone_exact_mw,e5b1593c0e383368e36e36cad39a29f258d2f8e653c88d1b733626fe43257e38,"{""distance"":5,""physical_error_rate"":0.0005}","{""detection_events"":4236814,""detectors_checked"":2340782080}"
  13211648,         0,         0,   119.5,standalone_exact_mw,72c27de2ebec78bb62b76c65eff3f0cc2d8f7d8d48378a61f4d3abf36bf8e189,"{""distance"":5,""physical_error_rate"":0.0002}","{""detection_events"":2145720,""detectors_checked"":2959409152}"
  14386176,         0,         0,   119.4,standalone_exact_mw,da1b05328a50158d3ddc50a94fd8dc063895f28eb3c937e1bf932a9499513bc0,"{""distance"":5,""physical_error_rate"":5e-05}","{""detection_events"":585319,""detectors_checked"":3222503424}"
   6498304,        11,         0,   119.5,standalone_exact_mw,a08eb9916bd7e95ca8a954036fa5b6d2576fbe4960b891dec8536a92078ec5d6,"{""distance"":5,""physical_error_rate"":0.001}","{""detection_events"":5261495,""detectors_checked"":1455620096,""obs_mistake_mask=E"":11}"
   9606144,         0,         0,   119.3,standalone_exact_mw,a1776e816afac70014f11f56bcdb5c816a7707d7213b56760e86cab507e42ef3,"{""distance"":5,""physical_error_rate"":0.0001}","{""detection_events"":780221,""detectors_checked"":2151776256}"
   9981952,         0,         0,   119.4,standalone_exact_mw,da1b05328a50158d3ddc50a94fd8dc063895f28eb3c937e1bf932a9499513bc0,"{""distance"":5,""physical_error_rate"":5e-05}","{""detection_events"":407829,""detectors_checked"":2235957248}"
   9571328,         0,         0,   119.3,standalone_exact_mw,a1776e816afac70014f11f56bcdb5c816a7707d7213b56760e86cab507e42ef3,"{""distance"":5,""physical_error_rate"":0.0001}","{""detection_events"":778639,""detectors_checked"":2143977472}"
   8936448,         0,         0,   119.5,standalone_exact_mw,72c27de2ebec78bb62b76c65eff3f0cc2d8f7d8d48378a61f4d3abf36bf8e189,"{""distance"":5,""physical_error_rate"":0.0002}","{""detection_events"":1452163,""detectors_checked"":2001764352}"
   8938496,         0,         0,   119.4,standalone_exact_mw,72c27de2ebec78bb62b76c65eff3f0cc2d8f7d8d48378a61f4d3abf36bf8e189,"{""distance"":5,""physical_error_rate"":0.0002}","{""detection_events"":1452410,""detectors_checked"":2002223104}"
   6016000,         6,         0,   119.5,standalone_exact_mw,a08eb9916bd7e95ca8a954036fa5b6d2576fbe4960b891dec8536a92078ec5d6,"{""distance"":5,""physical_error_rate"":0.001}","{""detection_events"":4872613,""detectors_checked"":1347584000,""obs_mistake_mask=E"":6}"
   7547904,         1,         0,   119.5,standalone_exact_mw,e5b1593c0e383368e36e36cad39a29f258d2f8e653c88d1b733626fe43257e38,"{""distance"":5,""physical_error_rate"":0.0005}","{""detection_events"":3063284,""detectors_checked"":1690730496,""obs_mistake_mask=E"":1}"
  10001408,         0,         0,   119.4,standalone_exact_mw,da1b05328a50158d3ddc50a94fd8dc063895f28eb3c937e1bf932a9499513bc0,"{""distance"":5,""physical_error_rate"":5e-05}","{""detection_events"":406016,""detectors_checked"":2240315392}"
   7603200,         0,         0,   119.5,standalone_exact_mw,e5b1593c0e383368e36e36cad39a29f258d2f8e653c88d1b733626fe43257e38,"{""distance"":5,""physical_error_rate"":0.0005}","{""detection_events"":3085974,""detectors_checked"":1703116800}"
   6068224,        12,         0,   119.6,standalone_exact_mw,a08eb9916bd7e95ca8a954036fa5b6d2576fbe4960b891dec8536a92078ec5d6,"{""distance"":5,""physical_error_rate"":0.001}","{""detection_events"":4915299,""detectors_checked"":1359282176,""obs_mistake_mask=E"":12}"
  10903552,         0,         0,   119.4,standalone_exact_mw,da1b05328a50158d3ddc50a94fd8dc063895f28eb3c937e1bf932a9499513bc0,"{""distance"":5,""physical_error_rate"":5e-05}","{""detection_events"":442083,""detectors_checked"":2442395648}"
   9648128,         0,         0,   119.5,standalone_exact_mw,a1776e816afac70014f11f56bcdb5c816a7707d7213b56760e86cab507e42ef3,"{""distance"":5,""physical_error_rate"":0.0001}","{""detection_events"":782926,""detectors_checked"":2161180672}"
   9347072,         0,         0,   119.4,standalone_exact_mw,72c27de2ebec78bb62b76c65eff3f0cc2d8f7d8d48378a61f4d3abf36bf8e189,"{""distance"":5,""physical_error_rate"":0.0002}","{""detection_events"":1518209,""detectors_checked"":2093744128}"
   8051712,         1,         0,   119.5,standalone_exact_mw,e5b1593c0e383368e36e36cad39a29f258d2f8e653c88d1b733626fe43257e38,"{""distance"":5,""physical_error_rate"":0.0005}","{""detection_events"":3260833,""detectors_checked"":1803583488,""obs_mistake_mask=E"":1}"
  11939840,        16,         0,   119.6,standalone_exact_mw,a08eb9916bd7e95ca8a954036fa5b6d2576fbe4960b891dec8536a92078ec5d6,"{""distance"":5,""physical_error_rate"":0.001}","{""detection_events"":9669348,""detectors_checked"":2674524160,""obs_mistake_mask=E"":16}"
   9767936,         0,         0,   119.4,standalone_exact_mw,a1776e816afac70014f11f56bcdb5c816a7707d7213b56760e86cab507e42ef3,"{""distance"":5,""physical_error_rate"":0.0001}","{""detection_events"":793170,""detectors_checked"":2188017664}"
  11387904,         0,         0,   119.4,standalone_exact_mw,da1b05328a50158d3ddc50a94fd8dc063895f28eb3c937e1bf932a9499513bc0,"{""distance"":5,""physical_error_rate"":5e-05}","{""detection_events"":462404,""detectors_checked"":2550890496}"
  14704640,         0,         0,   119.4,standalone_exact_mw,72c27de2ebec78bb62b76c65eff3f0cc2d8f7d8d48378a61f4d3abf36bf8e189,"{""distance"":5,""physical_error_rate"":0.0002}","{""detection_events"":2391859,""detectors_checked"":3293839360}"
   7634944,         1,         0,   119.6,standalone_exact_mw,e5b1593c0e383368e36e36cad39a29f258d2f8e653c88d1b733626fe43257e38,"{""distance"":5,""physical_error_rate"":0.0005}","{""detection_events"":3095201,""detectors_checked"":1710227456,""obs_mistake_mask=E"":1}"
   7847936,         1,         0,   119.6,standalone_exact_mw,e5b1593c0e383368e36e36cad39a29f258d2f8e653c88d1b733626fe43257e38,"{""distance"":5,""physical_error_rate"":0.0005}","{""detection_events"":3185215,""detectors_checked"":1757937664,""obs_mistake_mask=E"":1}"
  10249216,         0,         0,   119.5,standalone_exact_mw,a1776e816afac70014f11f56bcdb5c816a7707d7213b56760e86cab507e42ef3,"{""distance"":5,""physical_error_rate"":0.0001}","{""detection_events"":830879,""detectors_checked"":2295824384}"
   9873408,         0,         0,   119.4,standalone_exact_mw,72c27de2ebec78bb62b76c65eff3f0cc2d8f7d8d48378a61f4d3abf36bf8e189,"{""distance"":5,""physical_error_rate"":0.0002}","{""detection_events"":1605201,""detectors_checked"":2211643392}"
  11552768,         0,         0,   119.4,standalone_exact_mw,da1b05328a50158d3ddc50a94fd8dc063895f28eb3c937e1bf932a9499513bc0,"{""distance"":5,""physical_error_rate"":5e-05}","{""detection_events"":471256,""detectors_checked"":2587820032}"
   7555072,         3,         0,   119.4,standalone_exact_mw,e5b1593c0e383368e36e36cad39a29f258d2f8e653c88d1b733626fe43257e38,"{""distance"":5,""physical_error_rate"":0.0005}","{""detection_events"":3063695,""detectors_checked"":1692336128,""obs_mistake_mask=E"":3}"
   8974336,         0,         0,   119.4,standalone_exact_mw,72c27de2ebec78bb62b76c65eff3f0cc2d8f7d8d48378a61f4d3abf36bf8e189,"{""distance"":5,""physical_error_rate"":0.0002}","{""detection_events"":1459547,""detectors_checked"":2010251264}"
   7523328,        16,         0,   119.5,standalone_exact_mw,a08eb9916bd7e95ca8a954036fa5b6d2576fbe4960b891dec8536a92078ec5d6,"{""distance"":5,""physical_error_rate"":0.001}","{""detection_events"":6087278,""detectors_checked"":1685225472,""obs_mistake_mask=E"":16}"
   5969920,         8,         0,   119.7,standalone_exact_mw,a08eb9916bd7e95ca8a954036fa5b6d2576fbe4960b891dec8536a92078ec5d6,"{""distance"":5,""physical_error_rate"":0.001}","{""detection_events"":4838289,""detectors_checked"":1337262080,""obs_mistake_mask=E"":8}"
  12633088,         0,         0,   119.4,standalone_exact_mw,a1776e816afac70014f11f56bcdb5c816a7707d7213b56760e86cab507e42ef3,"{""distance"":5,""physical_error_rate"":0.0001}","{""detection_events"":1028397,""detectors_checked"":2829811712}"
  10467328,         2,         0,   119.6,standalone_exact_mw,e5b1593c0e383368e36e36cad39a29f258d2f8e653c88d1b733626fe43257e38,"{""distance"":5,""physical_error_rate"":0.0005}","{""detection_events"":4250480,""detectors_checked"":2344681472,""obs_mistake_mask=E"":2}"
  13561856,         0,         0,   119.5,standalone_exact_mw,72c27de2ebec78bb62b76c65eff3f0cc2d8f7d8d48378a61f4d3abf36bf8e189,"{""distance"":5,""physical_error_rate"":0.0002}","{""detection_events"":2203141,""detectors_checked"":3037855744}"
  14396416,         0,         0,   119.5,standalone_exact_mw,da1b05328a50158d3ddc50a94fd8dc063895f28eb3c937e1bf932a9499513bc0,"{""distance"":5,""physical_error_rate"":5e-05}","{""detection_events"":585294,""detectors_checked"":3224797184}"
   7172096,        14,         0,   119.6,standalone_exact_mw,a08eb9916bd7e95ca8a954036fa5b6d2576fbe4960b891dec8536a92078ec5d6,"{""distance"":5,""physical_error_rate"":0.001}","{""detection_events"":5807967,""detectors_checked"":1606549504,""obs_mistake_mask=E"":14}"
   9719808,         0,         0,   119.5,standalone_exact_mw,a1776e816afac70014f11f56bcdb5c816a7707d7213b56760e86cab507e42ef3,"{""distance"":5,""physical_error_rate"":0.0001}","{""detection_events"":788208,""detectors_checked"":2177236992}"
  10058752,         0,         0,   119.4,standalone_exact_mw,da1b05328a50158d3ddc50a94fd8dc063895f28eb3c937e1bf932a9499513bc0,"{""distance"":5,""physical_error_rate"":5e-05}","{""detection_events"":407111,""detectors_checked"":2253160448}"
   9678848,         0,         0,   119.4,standalone_exact_mw,a1776e816afac70014f11f56bcdb5c816a7707d7213b56760e86cab507e42ef3,"{""distance"":5,""physical_error_rate"":0.0001}","{""detection_events"":784508,""detectors_checked"":2168061952}"
   8979456,         0,         0,   119.5,standalone_exact_mw,72c27de2ebec78bb62b76c65eff3f0cc2d8f7d8d48378a61f4d3abf36bf8e189,"{""distance"":5,""physical_error_rate"":0.0002}","{""detection_events"":1458081,""detectors_checked"":2011398144}"
   5990400,        10,         0,   119.7,standalone_exact_mw,a08eb9916bd7e95ca8a954036fa5b6d2576fbe4960b891dec8536a92078ec5d6,"{""distance"":5,""physical_error_rate"":0.001}","{""detection_events"":4856883,""detectors_checked"":1341849600,""obs_mistake_mask=E"":10}"
   8974336,         0,         0,   119.5,standalone_exact_mw,72c27de2ebec78bb62b76c65eff3f0cc2d8f7d8d48378a61f4d3abf36bf8e189,"{""distance"":5,""physical_error_rate"":0.0002}","{""detection_events"":1463180,""detectors_checked"":2010251264}"
   7597056,         2,         0,   119.6,standalone_exact_mw,e5b1593c0e383368e36e36cad39a29f258d2f8e653c88d1b733626fe43257e38,"{""distance"":5,""physical_error_rate"":0.0005}","{""detection_events"":3081542,""detectors_checked"":1701740544,""obs_mistake_mask=E"":2}"
  10016768,         0,         0,   119.3,standalone_exact_mw,da1b05328a50158d3ddc50a94fd8dc063895f28eb3c937e1bf932a9499513bc0,"{""distance"":5,""physical_error_rate"":5e-05}","{""detection_events"":406209,""detectors_checked"":2243756032}"
   7654400,         1,         0,   119.6,standalone_exact_mw,e5b1593c0e383368e36e36cad39a29f258d2f8e653c88d1b733626fe43257e38,"{""distance"":5,""physical_error_rate"":0.0005}","{""detection_events"":3106228,""detectors_checked"":1714585600,""obs_mistake_mask=E"":1}"
   6054912,        13,         0,   119.7,standalone_exact_mw,a08eb9916bd7e95ca8a954036fa5b6d2576fbe4960b891dec8536a92078ec5d6,"{""distance"":5,""physical_error_rate"":0.001}","{""detection_events"":4910768,""detectors_checked"":1356300288,""obs_mistake_mask=E"":13}"
  11251712,         0,         0,   119.4,standalone_exact_mw,da1b05328a50158d3ddc50a94fd8dc063895f28eb3c937e1bf932a9499513bc0,"{""distance"":5,""physical_error_rate"":5e-05}","{""detection_events"":457056,""detectors_checked"":2520383488}"
  10631168,         1,         0,   119.4,standalone_exact_mw,a1776e816afac70014f11f56bcdb5c816a7707d7213b56760e86cab507e42ef3,"{""distance"":5,""physical_error_rate"":0.0001}","{""detection_events"":865136,""detectors_checked"":2381381632,""obs_mistake_mask=E"":1}"
   9993216,         0,         0,   119.4,standalone_exact_mw,72c27de2ebec78bb62b76c65eff3f0cc2d8f7d8d48378a61f4d3abf36bf8e189,"{""distance"":5,""physical_error_rate"":0.0002}","{""detection_events"":1622121,""detectors_checked"":2238480384}"
   8498176,         0,         0,   119.6,standalone_exact_mw,e5b1593c0e383368e36e36cad39a29f258d2f8e653c88d1b733626fe43257e38,"{""distance"":5,""physical_error_rate"":0.0005}","{""detection_events"":3447604,""detectors_checked"":1903591424}"
   9101312,        13,         0,   119.6,standalone_exact_mw,a08eb9916bd7e95ca8a954036fa5b6d2576fbe4960b891dec8536a92078ec5d6,"{""distance"":5,""physical_error_rate"":0.001}","{""detection_events"":7371616,""detectors_checked"":2038693888,""obs_mistake_mask=E"":13}"
  10964992,         0,         0,   119.5,standalone_exact_mw,a1776e816afac70014f11f56bcdb5c816a7707d7213b56760e86cab507e42ef3,"{""distance"":5,""physical_error_rate"":0.0001}","{""detection_events"":889910,""detectors_checked"":2456158208}"
  10907648,         0,         0,   119.4,standalone_exact_mw,da1b05328a50158d3ddc50a94fd8dc063895f28eb3c937e1bf932a9499513bc0,"{""distance"":5,""physical_error_rate"":5e-05}","{""detection_events"":443094,""detectors_checked"":2443313152}"
  18397184,         0,         0,   119.5,standalone_exact_mw,72c27de2ebec78bb62b76c65eff3f0cc2d8f7d8d48378a61f4d3abf36bf8e189,"{""distance"":5,""physical_error_rate"":0.0002}","{""detection_events"":2993225,""detectors_checked"":4120969216}"
   7669760,         1,         0,   119.5,standalone_exact_mw,e5b1593c0e383368e36e36cad39a29f258d2f8e653c88d1b733626fe43257e38,"{""distance"":5,""physical_error_rate"":0.0005}","{""detection_events"":3107551,""detectors_checked"":1718026240,""obs_mistake_mask=E"":1}"
   9200640,         2,         0,   119.5,standalone_exact_mw,e5b1593c0e383368e36e36cad39a29f258d2f8e653c88d1b733626fe43257e38,"{""distance"":5,""physical_error_rate"":0.0005}","{""detection_events"":3739470,""detectors_checked"":2060943360,""obs_mistake_mask=E"":2}"
  10236928,         0,         0,   119.3,standalone_exact_mw,a1776e816afac70014f11f56bcdb5c816a7707d7213b56760e86cab507e42ef3,"{""distance"":5,""physical_error_rate"":0.0001}","{""detection_events"":834287,""detectors_checked"":2293071872}"
  10317824,         0,         0,   119.4,standalone_exact_mw,72c27de2ebec78bb62b76c65eff3f0cc2d8f7d8d48378a61f4d3abf36bf8e189,"{""distance"":5,""physical_error_rate"":0.0002}","{""detection_events"":1677693,""detectors_checked"":2311192576}"
  10122240,         0,         0,   119.4,standalone_exact_mw,da1b05328a50158d3ddc50a94fd8dc063895f28eb3c937e1bf932a9499513bc0,"{""distance"":5,""physical_error_rate"":5e-05}","{""detection_events"":413338,""detectors_checked"":2267381760}"
   7553024,         1,         0,   119.5,standalone_exact_mw,e5b1593c0e383368e36e36cad39a29f258d2f8e653c88d1b733626fe43257e38,"{""distance"":5,""physical_error_rate"":0.0005}","{""detection_events"":3063872,""detectors_checked"":1691877376,""obs_mistake_mask=E"":1}"
   8987648,         1,         0,   119.4,standalone_exact_mw,72c27de2ebec78bb62b76c65eff3f0cc2d8f7d8d48378a61f4d3abf36bf8e189,"{""distance"":5,""physical_error_rate"":0.0002}","{""detection_events"":1465262,""detectors_checked"":2013233152,""obs_mistake_mask=E"":1}"
   6263808,         8,         0,   119.5,standalone_exact_mw,a08eb9916bd7e95ca8a954036fa5b6d2576fbe4960b891dec8536a92078ec5d6,"{""distance"":5,""physical_error_rate"":0.001}","{""detection_events"":5080278,""detectors_checked"":1403092992,""obs_mistake_mask=E"":8}"
   5970944,        11,         0,   119.5,standalone_exact_mw,a08eb9916bd7e95ca8a954036fa5b6d2576fbe4960b891dec8536a92078ec5d6,"{""distance"":5,""physical_error_rate"":0.001}","{""detection_events"":4836461,""detectors_checked"":1337491456,""obs_mistake_mask=E"":11}"
  12371968,         0,         0,   119.4,standalone_exact_mw,a1776e816afac70014f11f56bcdb5c816a7707d7213b56760e86cab507e42ef3,"{""distance"":5,""physical_error_rate"":0.0001}","{""detection_events"":1005729,""detectors_checked"":2771320832}"
  10124288,         3,         0,   119.6,standalone_exact_mw,e5b1593c0e383368e36e36cad39a29f258d2f8e653c88d1b733626fe43257e38,"{""distance"":5,""physical_error_rate"":0.0005}","{""detection_events"":4105053,""detectors_checked"":2267840512,""obs_mistake_mask=E"":3}"
  13464576,         0,         0,   119.4,standalone_exact_mw,72c27de2ebec78bb62b76c65eff3f0cc2d8f7d8d48378a61f4d3abf36bf8e189,"{""distance"":5,""physical_error_rate"":0.0002}","{""detection_events"":2194313,""detectors_checked"":3016065024}"
  12641280,         0,         0,   119.4,standalone_exact_mw,da1b05328a50158d3ddc50a94fd8dc063895f28eb3c937e1bf932a9499513bc0,"{""distance"":5,""physical_error_rate"":5e-05}","{""detection_events"":515114,""detectors_checked"":2831646720}"
   6310912,        12,         0,   119.6,standalone_exact_mw,a08eb9916bd7e95ca8a954036fa5b6d2576fbe4960b891dec8536a92078ec5d6,"{""distance"":5,""physical_error_rate"":0.001}","{""detection_events"":5110248,""detectors_checked"":1413644288,""obs_mistake_mask=E"":12}"
   9690112,         0,         0,   119.5,standalone_exact_mw,a1776e816afac70014f11f56bcdb5c816a7707d7213b56760e86cab507e42ef3,"{""distance"":5,""physical_error_rate"":0.0001}","{""detection_events"":789010,""detectors_checked"":2170585088}"
  10064896,         0,         0,   119.5,standalone_exact_mw,da1b05328a50158d3ddc50a94fd8dc063895f28eb3c937e1bf932a9499513bc0,"{""distance"":5,""physical_error_rate"":5e-05}","{""detection_events"":407578,""detectors_checked"":2254536704}"
   8947712,         0,         0,   119.5,standalone_exact_mw,72c27de2ebec78bb62b76c65eff3f0cc2d8f7d8d48378a61f4d3abf36bf8e189,"{""distance"":5,""physical_error_rate"":0.0002}","{""detection_events"":1457220,""detectors_checked"":2004287488}"
   9606144,         0,         0,   119.5,standalone_exact_mw,a1776e816afac70014f11f56bcdb5c816a7707d7213b56760e86cab507e42ef3,"{""distance"":5,""physical_error_rate"":0.0001}","{""detection_events"":780799,""detectors_checked"":2151776256}"
   9020416,         0,         0,   119.4,standalone_exact_mw,72c27de2ebec78bb62b76c65eff3f0cc2d8f7d8d48378a61f4d3abf36bf8e189,"{""distance"":5,""physical_error_rate"":0.0002}","{""detection_events"":1466508,""detectors_checked"":2020573184}"
   7549952,         2,         0,   119.5,standalone_exact_mw,e5b1593c0e383368e36e36cad39a29f258d2f8e653c88d1b733626fe43257e38,"{""distance"":5,""physical_error_rate"":0.0005}","{""detection_events"":3062118,""detectors_checked"":1691189248,""obs_mistake_mask=E"":2}"
   6075392,         7,         0,   119.5,standalone_exact_mw,a08eb9916bd7e95ca8a954036fa5b6d2576fbe4960b891dec8536a92078ec5d6,"{""distance"":5,""physical_error_rate"":0.001}","{""detection_events"":4916305,""detectors_checked"":1360887808,""obs_mistake_mask=E"":7}"
  10013696,         0,         0,   119.4,standalone_exact_mw,da1b05328a50158d3ddc50a94fd8dc063895f28eb3c937e1bf932a9499513bc0,"{""distance"":5,""physical_error_rate"":5e-05}","{""detection_events"":406410,""detectors_checked"":2243067904}"
   7608320,         3,         0,   119.4,standalone_exact_mw,e5b1593c0e383368e36e36cad39a29f258d2f8e653c88d1b733626fe43257e38,"{""distance"":5,""physical_error_rate"":0.0005}","{""detection_events"":3084447,""detectors_checked"":1704263680,""obs_mistake_mask=E"":3}"
   6050816,         9,         0,   119.5,standalone_exact_mw,a08eb9916bd7e95ca8a954036fa5b6d2576fbe4960b891dec8536a92078ec5d6,"{""distance"":5,""physical_error_rate"":0.001}","{""detection_events"":4907933,""detectors_checked"":1355382784,""obs_mistake_mask=E"":9}"
  11827200,         0,         0,   119.5,standalone_exact_mw,da1b05328a50158d3ddc50a94fd8dc063895f28eb3c937e1bf932a9499513bc0,"{""distance"":5,""physical_error_rate"":5e-05}","{""detection_events"":482774,""detectors_checked"":2649292800}"
  10459136,         0,         0,   119.5,standalone_exact_mw,a1776e816afac70014f11f56bcdb5c816a7707d7213b56760e86cab507e42ef3,"{""distance"":5,""physical_error_rate"":0.0001}","{""detection_events"":852618,""detectors_checked"":2342846464}"
  10415104,         0,         0,   119.5,standalone_exact_mw,72c27de2ebec78bb62b76c65eff3f0cc2d8f7d8d48378a61f4d3abf36bf8e189,"{""distance"":5,""physical_error_rate"":0.0002}","{""detection_events"":1686600,""detectors_checked"":2332983296}"
   8793088,         1,         0,   119.6,standalone_exact_mw,e5b1593c0e383368e36e36cad39a29f258d2f8e653c88d1b733626fe43257e38,"{""distance"":5,""physical_error_rate"":0.0005}","{""detection_events"":3570949,""detectors_checked"":1969651712,""obs_mistake_mask=E"":1}"
  11274240,        22,         0,   119.6,standalone_exact_mw,a08eb9916bd7e95ca8a954036fa5b6d2576fbe4960b891dec8536a92078ec5d6,"{""distance"":5,""physical_error_rate"":0.001}","{""detection_events"":9128116,""detectors_checked"":2525429760,""obs_mistake_mask=E"":22}"
  10497024,         0,         0,   119.5,standalone_exact_mw,a1776e816afac70014f11f56bcdb5c816a7707d7213b56760e86cab507e42ef3,"{""distance"":5,""physical_error_rate"":0.0001}","{""detection_events"":854820,""detectors_checked"":2351333376}"
  10196992,         0,         0,   119.4,standalone_exact_mw,da1b05328a50158d3ddc50a94fd8dc063895f28eb3c937e1bf932a9499513bc0,"{""distance"":5,""physical_error_rate"":5e-05}","{""detection_events"":413959,""detectors_checked"":2284126208}"
  18299904,         0,         0,   119.5,standalone_exact_mw,72c27de2ebec78bb62b76c65eff3f0cc2d8f7d8d48378a61f4d3abf36bf8e189,"{""distance"":5,""physical_error_rate"":0.0002}","{""detection_events"":2971508,""detectors_checked"":4099178496}"
   7643136,         1,         0,   119.5,standalone_exact_mw,e5b1593c0e383368e36e36cad39a29f258d2f8e653c88d1b733626fe43257e38,"{""distance"":5,""physical_error_rate"":0.0005}","{""detection_events"":3101320,""detectors_checked"":1712062464,""obs_mistake_mask=E"":1}"
   7733248,         3,         0,   119.5,standalone_exact_mw,e5b1593c0e383368e36e36cad39a29f258d2f8e653c88d1b733626fe43257e38,"{""distance"":5,""physical_error_rate"":0.0005}","{""detection_events"":3140304,""detectors_checked"":1732247552,""obs_mistake_mask=E"":3}"
  10882048,         0,         0,   119.4,standalone_exact_mw,a1776e816afac70014f11f56bcdb5c816a7707d7213b56760e86cab507e42ef3,"{""distance"":5,""physical_error_rate"":0.0001}","{""detection_events"":881705,""detectors_checked"":2437578752}"
  10258432,         0,         0,   119.4,standalone_exact_mw,72c27de2ebec78bb62b76c65eff3f0cc2d8f7d8d48378a61f4d3abf36bf8e189,"{""distance"":5,""physical_error_rate"":0.0002}","{""detection_events"":1668533,""detectors_checked"":2297888768}"
  10175488,         0,         0,   119.4,standalone_exact_mw,da1b05328a50158d3ddc50a94fd8dc063895f28eb3c937e1bf932a9499513bc0,"{""distance"":5,""physical_error_rate"":5e-05}","{""detection_events"":414852,""detectors_checked"":2279309312}"
   7538688,         2,         0,   119.5,standalone_exact_mw,e5b1593c0e383368e36e36cad39a29f258d2f8e653c88d1b733626fe43257e38,"{""distance"":5,""physical_error_rate"":0.0005}","{""detection_events"":3057083,""detectors_checked"":1688666112,""obs_mistake_mask=E"":2}"
   8974336,         0,         0,   119.3,standalone_exact_mw,72c27de2ebec78bb62b76c65eff3f0cc2d8f7d8d48378a61f4d3abf36bf8e189,"{""distance"":5,""physical_error_rate"":0.0002}","{""detection_events"":1456736,""detectors_checked"":2010251264}"
   6375424,        12,         0,   119.6,standalone_exact_mw,a08eb9916bd7e95ca8a954036fa5b6d2576fbe4960b891dec8536a92078ec5d6,"{""distance"":5,""physical_error_rate"":0.001}","{""detection_events"":5163263,""detectors_checked"":1428094976,""obs_mistake_mask=E"":12}"
   5974016,        11,         0,   119.6,standalone_exact_mw,a08eb9916bd7e95ca8a954036fa5b6d2576fbe4960b891dec8536a92078ec5d6,"{""distance"":5,""physical_error_rate"":0.001}","{""detection_events"":4838342,""detectors_checked"":1338179584,""obs_mistake_mask=E"":11}"
  15042560,         0,         0,   119.4,standalone_exact_mw,a1776e816afac70014f11f56bcdb5c816a7707d7213b56760e86cab507e42ef3,"{""distance"":5,""physical_error_rate"":0.0001}","{""detection_events"":1222503,""detectors_checked"":3369533440}"
  11799552,         2,         0,   119.5,standalone_exact_mw,e5b1593c0e383368e36e36cad39a29f258d2f8e653c88d1b733626fe43257e38,"{""distance"":5,""physical_error_rate"":0.0005}","{""detection_events"":4782278,""detectors_checked"":2643099648,""obs_mistake_mask=E"":2}"
  14177280,         1,         0,   119.5,standalone_exact_mw,72c27de2ebec78bb62b76c65eff3f0cc2d8f7d8d48378a61f4d3abf36bf8e189,"{""distance"":5,""physical_error_rate"":0.0002}","{""detection_events"":2309543,""detectors_checked"":3175710720,""obs_mistake_mask=E"":1}"
  15244288,         0,         0,   119.5,standalone_exact_mw,da1b05328a50158d3ddc50a94fd8dc063895f28eb3c937e1bf932a9499513bc0,"{""distance"":5,""physical_error_rate"":5e-05}","{""detection_events"":620234,""detectors_checked"":3414720512}"
   6630400,         8,         0,   119.5,standalone_exact_mw,a08eb9916bd7e95ca8a954036fa5b6d2576fbe4960b891dec8536a92078ec5d6,"{""distance"":5,""physical_error_rate"":0.001}","{""detection_events"":5374221,""detectors_checked"":1485209600,""obs_mistake_mask=E"":8}"
   9711616,         0,         0,   119.4,standalone_exact_mw,a1776e816afac70014f11f56bcdb5c816a7707d7213b56760e86cab507e42ef3,"{""distance"":5,""physical_error_rate"":0.0001}","{""detection_events"":789010,""detectors_checked"":2175401984}"
  10037248,         0,         0,   119.4,standalone_exact_mw,da1b05328a50158d3ddc50a94fd8dc063895f28eb3c937e1bf932a9499513bc0,"{""distance"":5,""physical_error_rate"":5e-05}","{""detection_events"":407187,""detectors_checked"":2248343552}"
   9033728,         0,         0,   119.4,standalone_exact_mw,72c27de2ebec78bb62b76c65eff3f0cc2d8f7d8d48378a61f4d3abf36bf8e189,"{""distance"":5,""physical_error_rate"":0.0002}","{""detection_events"":1466048,""detectors_checked"":2023555072}"
   8984576,         0,         0,   119.5,standalone_exact_mw,72c27de2ebec78bb62b76c65eff3f0cc2d8f7d8d48378a61f4d3abf36bf8e189,"{""distance"":5,""physical_error_rate"":0.0002}","{""detection_events"":1461492,""detectors_checked"":2012545024}"
   9644032,         0,         0,   119.4,standalone_exact_mw,a1776e816afac70014f11f56bcdb5c816a7707d7213b56760e86cab507e42ef3,"{""distance"":5,""physical_error_rate"":0.0001}","{""detection_events"":784030,""detectors_checked"":2160263168}"
   6016000,         8,         0,   119.6,standalone_exact_mw,a08eb9916bd7e95ca8a954036fa5b6d2576fbe4960b891dec8536a92078ec5d6,"{""distance"":5,""physical_error_rate"":0.001}","{""detection_events"":4873188,""detectors_checked"":1347584000,""obs_mistake_mask=E"":8}"
   7359488,         1,         0,   119.5,standalone_exact_mw,e5b1593c0e383368e36e36cad39a29f258d2f8e653c88d1b733626fe43257e38,"{""distance"":5,""physical_error_rate"":0.0005}","{""detection_events"":2985845,""detectors_checked"":1648525312,""obs_mistake_mask=E"":1}"
  10037248,         0,         0,   119.4,standalone_exact_mw,da1b05328a50158d3ddc50a94fd8dc063895f28eb3c937e1bf932a9499513bc0,"{""distance"":5,""physical_error_rate"":5e-05}","{""detection_events"":408098,""detectors_checked"":2248343552}"
   7666688,         1,         0,   119.5,standalone_exact_mw,e5b1593c0e383368e36e36cad39a29f258d2f8e653c88d1b733626fe43257e38,"{""distance"":5,""physical_error_rate"":0.0005}","{""detection_events"":3112412,""detectors_checked"":1717338112,""obs_mistake_mask=E"":1}"
   6094848,         5,         0,   119.6,standalone_exact_mw,a08eb9916bd7e95ca8a954036fa5b6d2576fbe4960b891dec8536a92078ec5d6,"{""distance"":5,""physical_error_rate"":0.001}","{""detection_events"":4935307,""detectors_checked"":1365245952,""obs_mistake_mask=E"":5}"
  11481088,         0,         0,   119.4,standalone_exact_mw,da1b05328a50158d3ddc50a94fd8dc063895f28eb3c937e1bf932a9499513bc0,"{""distance"":5,""physical_error_rate"":5e-05}","{""detection_events"":467411,""detectors_checked"":2571763712}"
   9956352,         0,         0,   119.5,standalone_exact_mw,a1776e816afac70014f11f56bcdb5c816a7707d7213b56760e86cab507e42ef3,"{""distance"":5,""physical_error_rate"":0.0001}","{""detection_events"":809982,""detectors_checked"":2230222848}"
   9320448,         0,         0,   119.4,standalone_exact_mw,72c27de2ebec78bb62b76c65eff3f0cc2d8f7d8d48378a61f4d3abf36bf8e189,"{""distance"":5,""physical_error_rate"":0.0002}","{""detection_events"":1511480,""detectors_checked"":2087780352}"
   8753152,         2,         0,   119.5,standalone_exact_mw,e5b1593c0e383368e36e36cad39a29f258d2f8e653c88d1b733626fe43257e38,"{""distance"":5,""physical_error_rate"":0.0005}","{""detection_events"":3544327,""detectors_checked"":1960706048,""obs_mistake_mask=E"":2}"
  10109952,        15,         0,   119.7,standalone_exact_mw,a08eb9916bd7e95ca8a954036fa5b6d2576fbe4960b891dec8536a92078ec5d6,"{""distance"":5,""physical_error_rate"":0.001}","{""detection_events"":8178427,""detectors_checked"":2264629248,""obs_mistake_mask=E"":15}"
  11214848,         0,         0,   119.4,standalone_exact_mw,a1776e816afac70014f11f56bcdb5c816a7707d7213b56760e86cab507e42ef3,"{""distance"":5,""physical_error_rate"":0.0001}","{""detection_events"":910829,""detectors_checked"":2512125952}"
  11327488,         0,         0,   119.4,standalone_exact_mw,da1b05328a50158d3ddc50a94fd8dc063895f28eb3c937e1bf932a9499513bc0,"{""distance"":5,""physical_error_rate"":5e-05}","{""detection_events"":460969,""detectors_checked"":2537357312}"
  11680768,         0,         0,   119.4,standalone_exact_mw,72c27de2ebec78bb62b76c65eff3f0cc2d8f7d8d48378a61f4d3abf36bf8e189,"{""distance"":5,""physical_error_rate"":0.0002}","{""detection_events"":1894513,""detectors_checked"":2616492032}"
   7631872,         1,         0,   119.6,standalone_exact_mw,e5b1593c0e383368e36e36cad39a29f258d2f8e653c88d1b733626fe43257e38,"{""distance"":5,""physical_error_rate"":0.0005}","{""detection_events"":3096910,""detectors_checked"":1709539328,""obs_mistake_mask=E"":1}"
   3679988,         0,         0,    24.2,standalone_exact_mw,72c27de2ebec78bb62b76c65eff3f0cc2d8f7d8d48378a61f4d3abf36bf8e189,"{""distance"":5,""physical_error_rate"":0.0002}","{""detection_events"":598930,""detectors_checked"":824317312}"
   9466880,         2,         0,   119.6,standalone_exact_mw,e5b1593c0e383368e36e36cad39a29f258d2f8e653c88d1b733626fe43257e38,"{""distance"":5,""physical_error_rate"":0.0005}","{""detection_events"":3844591,""detectors_checked"":2120581120,""obs_mistake_mask=E"":2}"
  10457088,         0,         0,   119.6,standalone_exact_mw,a1776e816afac70014f11f56bcdb5c816a7707d7213b56760e86cab507e42ef3,"{""distance"":5,""physical_error_rate"":0.0001}","{""detection_events"":850316,""detectors_checked"":2342387712}"
  10102784,         0,         0,   119.3,standalone_exact_mw,72c27de2ebec78bb62b76c65eff3f0cc2d8f7d8d48378a61f4d3abf36bf8e189,"{""distance"":5,""physical_error_rate"":0.0002}","{""detection_events"":1638113,""detectors_checked"":2263023616}"
  10670080,         0,         0,   119.4,standalone_exact_mw,da1b05328a50158d3ddc50a94fd8dc063895f28eb3c937e1bf932a9499513bc0,"{""distance"":5,""physical_error_rate"":5e-05}","{""detection_events"":434378,""detectors_checked"":2390097920}"
   7546880,         2,         0,   119.6,standalone_exact_mw,e5b1593c0e383368e36e36cad39a29f258d2f8e653c88d1b733626fe43257e38,"{""distance"":5,""physical_error_rate"":0.0005}","{""detection_events"":3058041,""detectors_checked"":1690501120,""obs_mistake_mask=E"":2}"
   8741888,         0,         0,   119.4,standalone_exact_mw,72c27de2ebec78bb62b76c65eff3f0cc2d8f7d8d48378a61f4d3abf36bf8e189,"{""distance"":5,""physical_error_rate"":0.0002}","{""detection_events"":1418483,""detectors_checked"":1958182912}"
   6531072,         8,         0,   119.6,standalone_exact_mw,a08eb9916bd7e95ca8a954036fa5b6d2576fbe4960b891dec8536a92078ec5d6,"{""distance"":5,""physical_error_rate"":0.001}","{""detection_events"":5286087,""detectors_checked"":1462960128,""obs_mistake_mask=E"":8}"
   5988352,         8,         0,   119.6,standalone_exact_mw,a08eb9916bd7e95ca8a954036fa5b6d2576fbe4960b891dec8536a92078ec5d6,"{""distance"":5,""physical_error_rate"":0.001}","{""detection_events"":4845954,""detectors_checked"":1341390848,""obs_mistake_mask=E"":8}"
  11697152,         0,         0,   119.4,standalone_exact_mw,a1776e816afac70014f11f56bcdb5c816a7707d7213b56760e86cab507e42ef3,"{""distance"":5,""physical_error_rate"":0.0001}","{""detection_events"":949269,""detectors_checked"":2620162048}"
   9485312,         4,         0,   119.5,standalone_exact_mw,e5b1593c0e383368e36e36cad39a29f258d2f8e653c88d1b733626fe43257e38,"{""distance"":5,""physical_error_rate"":0.0005}","{""detection_events"":3849079,""detectors_checked"":2124709888,""obs_mistake_mask=E"":4}"
  11749376,         0,         0,   119.4,standalone_exact_mw,72c27de2ebec78bb62b76c65eff3f0cc2d8f7d8d48378a61f4d3abf36bf8e189,"{""distance"":5,""physical_error_rate"":0.0002}","{""detection_events"":1906950,""detectors_checked"":2631860224}"
  12609536,         0,         0,   119.4,standalone_exact_mw,da1b05328a50158d3ddc50a94fd8dc063895f28eb3c937e1bf932a9499513bc0,"{""distance"":5,""physical_error_rate"":5e-05}","{""detection_events"":513893,""detectors_checked"":2824536064}"
   7180288,        14,         0,   119.6,standalone_exact_mw,a08eb9916bd7e95ca8a954036fa5b6d2576fbe4960b891dec8536a92078ec5d6,"{""distance"":5,""physical_error_rate"":0.001}","{""detection_events"":5814097,""detectors_checked"":1608384512,""obs_mistake_mask=E"":14}"
   9759744,         0,         0,   119.3,standalone_exact_mw,a1776e816afac70014f11f56bcdb5c816a7707d7213b56760e86cab507e42ef3,"{""distance"":5,""physical_error_rate"":0.0001}","{""detection_events"":791681,""detectors_checked"":2186182656}"
  10032128,         0,         0,   119.3,standalone_exact_mw,da1b05328a50158d3ddc50a94fd8dc063895f28eb3c937e1bf932a9499513bc0,"{""distance"":5,""physical_error_rate"":5e-05}","{""detection_events"":409350,""detectors_checked"":2247196672}"
   8982528,         0,         0,   119.5,standalone_exact_mw,72c27de2ebec78bb62b76c65eff3f0cc2d8f7d8d48378a61f4d3abf36bf8e189,"{""distance"":5,""physical_error_rate"":0.0002}","{""detection_events"":1462672,""detectors_checked"":2012086272}"
   6059008,        11,         0,   119.7,standalone_exact_mw,a08eb9916bd7e95ca8a954036fa5b6d2576fbe4960b891dec8536a92078ec5d6,"{""distance"":5,""physical_error_rate"":0.001}","{""detection_events"":4904805,""detectors_checked"":1357217792,""obs_mistake_mask=E"":11}"
   8960000,         0,         0,   119.4,standalone_exact_mw,72c27de2ebec78bb62b76c65eff3f0cc2d8f7d8d48378a61f4d3abf36bf8e189,"{""distance"":5,""physical_error_rate"":0.0002}","{""detection_events"":1456052,""detectors_checked"":2007040000}"
   9623552,         0,         0,   119.4,standalone_exact_mw,a1776e816afac70014f11f56bcdb5c816a7707d7213b56760e86cab507e42ef3,"{""distance"":5,""physical_error_rate"":0.0001}","{""detection_events"":779242,""detectors_checked"":2155675648}"
   7546880,         1,         0,   119.5,standalone_exact_mw,e5b1593c0e383368e36e36cad39a29f258d2f8e653c88d1b733626fe43257e38,"{""distance"":5,""physical_error_rate"":0.0005}","{""detection_events"":3062164,""detectors_checked"":1690501120,""obs_mistake_mask=E"":1}"
  10021888,         0,         0,   119.3,standalone_exact_mw,da1b05328a50158d3ddc50a94fd8dc063895f28eb3c937e1bf932a9499513bc0,"{""distance"":5,""physical_error_rate"":5e-05}","{""detection_events"":408176,""detectors_checked"":2244902912}"
   7611392,         2,         0,   119.6,standalone_exact_mw,e5b1593c0e383368e36e36cad39a29f258d2f8e653c88d1b733626fe43257e38,"{""distance"":5,""physical_error_rate"":0.0005}","{""detection_events"":3084090,""detectors_checked"":1704951808,""obs_mistake_mask=E"":2}"
   6076416,         9,         0,   119.5,standalone_exact_mw,a08eb9916bd7e95ca8a954036fa5b6d2576fbe4960b891dec8536a92078ec5d6,"{""distance"":5,""physical_error_rate"":0.001}","{""detection_events"":4921162,""detectors_checked"":1361117184,""obs_mistake_mask=E"":9}"
  10899456,         0,         0,   119.4,standalone_exact_mw,da1b05328a50158d3ddc50a94fd8dc063895f28eb3c937e1bf932a9499513bc0,"{""distance"":5,""physical_error_rate"":5e-05}","{""detection_events"":443394,""detectors_checked"":2441478144}"
  11900928,         0,         0,   119.4,standalone_exact_mw,a1776e816afac70014f11f56bcdb5c816a7707d7213b56760e86cab507e42ef3,"{""distance"":5,""physical_error_rate"":0.0001}","{""detection_events"":967458,""detectors_checked"":2665807872}"
   9298944,         0,         0,   119.4,standalone_exact_mw,72c27de2ebec78bb62b76c65eff3f0cc2d8f7d8d48378a61f4d3abf36bf8e189,"{""distance"":5,""physical_error_rate"":0.0002}","{""detection_events"":1512173,""detectors_checked"":2082963456}"
  10931200,         2,         0,   119.4,standalone_exact_mw,e5b1593c0e383368e36e36cad39a29f258d2f8e653c88d1b733626fe43257e38,"{""distance"":5,""physical_error_rate"":0.0005}","{""detection_events"":4432501,""detectors_checked"":2448588800,""obs_mistake_mask=E"":2}"
   9976832,        13,         0,   119.6,standalone_exact_mw,a08eb9916bd7e95ca8a954036fa5b6d2576fbe4960b891dec8536a92078ec5d6,"{""distance"":5,""physical_error_rate"":0.001}","{""detection_events"":8081024,""detectors_checked"":2234810368,""obs_mistake_mask=E"":13}"
  12223488,         0,         0,   119.4,standalone_exact_mw,a1776e816afac70014f11f56bcdb5c816a7707d7213b56760e86cab507e42ef3,"{""distance"":5,""physical_error_rate"":0.0001}","{""detection_events"":994196,""detectors_checked"":2738061312}"
  12869632,         0,         0,   119.3,standalone_exact_mw,da1b05328a50158d3ddc50a94fd8dc063895f28eb3c937e1bf932a9499513bc0,"{""distance"":5,""physical_error_rate"":5e-05}","{""detection_events"":523377,""detectors_checked"":2882797568}"
   7634944,         2,         0,   119.5,standalone_exact_mw,e5b1593c0e383368e36e36cad39a29f258d2f8e653c88d1b733626fe43257e38,"{""distance"":5,""physical_error_rate"":0.0005}","{""detection_events"":3101736,""detectors_checked"":1710227456,""obs_mistake_mask=E"":2}"
  15559680,         0,         0,   119.4,standalone_exact_mw,72c27de2ebec78bb62b76c65eff3f0cc2d8f7d8d48378a61f4d3abf36bf8e189,"{""distance"":5,""physical_error_rate"":0.0002}","{""detection_events"":2529133,""detectors_checked"":3485368320}"
   9088000,         2,         0,   119.5,standalone_exact_mw,e5b1593c0e383368e36e36cad39a29f258d2f8e653c88d1b733626fe43257e38,"{""distance"":5,""physical_error_rate"":0.0005}","{""detection_events"":3693608,""detectors_checked"":2035712000,""obs_mistake_mask=E"":2}"
   9996288,         0,         0,   119.4,standalone_exact_mw,a1776e816afac70014f11f56bcdb5c816a7707d7213b56760e86cab507e42ef3,"{""distance"":5,""physical_error_rate"":0.0001}","{""detection_events"":812238,""detectors_checked"":2239168512}"
   9711616,         0,         0,   119.3,standalone_exact_mw,72c27de2ebec78bb62b76c65eff3f0cc2d8f7d8d48378a61f4d3abf36bf8e189,"{""distance"":5,""physical_error_rate"":0.0002}","{""detection_events"":1580374,""detectors_checked"":2175401984}"
  12028928,         0,         0,   119.4,standalone_exact_mw,da1b05328a50158d3ddc50a94fd8dc063895f28eb3c937e1bf932a9499513bc0,"{""distance"":5,""physical_error_rate"":5e-05}","{""detection_events"":487278,""detectors_checked"":2694479872}"
   7549952,         1,         0,   119.5,standalone_exact_mw,e5b1593c0e383368e36e36cad39a29f258d2f8e653c88d1b733626fe43257e38,"{""distance"":5,""physical_error_rate"":0.0005}","{""detection_events"":3066344,""detectors_checked"":1691189248,""obs_mistake_mask=E"":1}"
   8973312,         0,         0,   119.5,standalone_exact_mw,72c27de2ebec78bb62b76c65eff3f0cc2d8f7d8d48378a61f4d3abf36bf8e189,"{""distance"":5,""physical_error_rate"":0.0002}","{""detection_events"":1460890,""detectors_checked"":2010021888}"
   7560192,        16,         0,   119.6,standalone_exact_mw,a08eb9916bd7e95ca8a954036fa5b6d2576fbe4960b891dec8536a92078ec5d6,"{""distance"":5,""physical_error_rate"":0.001}","{""detection_events"":6124725,""detectors_checked"":1693483008,""obs_mistake_mask=E"":16}"
   5969920,         7,         0,   119.6,standalone_exact_mw,a08eb9916bd7e95ca8a954036fa5b6d2576fbe4960b891dec8536a92078ec5d6,"{""distance"":5,""physical_error_rate"":0.001}","{""detection_events"":4834315,""detectors_checked"":1337262080,""obs_mistake_mask=E"":7}"
  12011520,         0,         0,   119.5,standalone_exact_mw,a1776e816afac70014f11f56bcdb5c816a7707d7213b56760e86cab507e42ef3,"{""distance"":5,""physical_error_rate"":0.0001}","{""detection_events"":972956,""detectors_checked"":2690580480}"
   9890816,         4,         0,   119.5,standalone_exact_mw,e5b1593c0e383368e36e36cad39a29f258d2f8e653c88d1b733626fe43257e38,"{""distance"":5,""physical_error_rate"":0.0005}","{""detection_events"":4017619,""detectors_checked"":2215542784,""obs_mistake_mask=E"":4}"
  12151808,         0,         0,   119.4,standalone_exact_mw,72c27de2ebec78bb62b76c65eff3f0cc2d8f7d8d48378a61f4d3abf36bf8e189,"{""distance"":5,""physical_error_rate"":0.0002}","{""detection_events"":1973847,""detectors_checked"":2722004992}"
  12972032,         0,         0,   119.4,standalone_exact_mw,da1b05328a50158d3ddc50a94fd8dc063895f28eb3c937e1bf932a9499513bc0,"{""distance"":5,""physical_error_rate"":5e-05}","{""detection_events"":525942,""detectors_checked"":2905735168}"
   7348224,        10,         0,   119.6,standalone_exact_mw,a08eb9916bd7e95ca8a954036fa5b6d2576fbe4960b891dec8536a92078ec5d6,"{""distance"":5,""physical_error_rate"":0.001}","{""detection_events"":5947515,""detectors_checked"":1646002176,""obs_mistake_mask=E"":10}"
   9656320,         0,         0,   119.4,standalone_exact_mw,a1776e816afac70014f11f56bcdb5c816a7707d7213b56760e86cab507e42ef3,"{""distance"":5,""physical_error_rate"":0.0001}","{""detection_events"":785534,""detectors_checked"":2163015680}"
  10061824,         0,         0,   119.3,standalone_exact_mw,da1b05328a50158d3ddc50a94fd8dc063895f28eb3c937e1bf932a9499513bc0,"{""distance"":5,""physical_error_rate"":5e-05}","{""detection_events"":408645,""detectors_checked"":2253848576}"
   9583616,         0,         0,   119.5,standalone_exact_mw,a1776e816afac70014f11f56bcdb5c816a7707d7213b56760e86cab507e42ef3,"{""distance"":5,""physical_error_rate"":0.0001}","{""detection_events"":781254,""detectors_checked"":2146729984}"
   8962048,         0,         0,   119.4,standalone_exact_mw,72c27de2ebec78bb62b76c65eff3f0cc2d8f7d8d48378a61f4d3abf36bf8e189,"{""distance"":5,""physical_error_rate"":0.0002}","{""detection_events"":1457725,""detectors_checked"":2007498752}"
   6005760,         6,         0,   119.6,standalone_exact_mw,a08eb9916bd7e95ca8a954036fa5b6d2576fbe4960b891dec8536a92078ec5d6,"{""distance"":5,""physical_error_rate"":0.001}","{""detection_events"":4867854,""detectors_checked"":1345290240,""obs_mistake_mask=E"":6}"
   8944640,         0,         0,   119.4,standalone_exact_mw,72c27de2ebec78bb62b76c65eff3f0cc2d8f7d8d48378a61f4d3abf36bf8e189,"{""distance"":5,""physical_error_rate"":0.0002}","{""detection_events"":1453480,""detectors_checked"":2003599360}"
   7617536,         1,         0,   119.6,standalone_exact_mw,e5b1593c0e383368e36e36cad39a29f258d2f8e653c88d1b733626fe43257e38,"{""distance"":5,""physical_error_rate"":0.0005}","{""detection_events"":3092275,""detectors_checked"":1706328064,""obs_mistake_mask=E"":1}"
  10105856,         0,         0,   119.4,standalone_exact_mw,da1b05328a50158d3ddc50a94fd8dc063895f28eb3c937e1bf932a9499513bc0,"{""distance"":5,""physical_error_rate"":5e-05}","{""detection_events"":410473,""detectors_checked"":2263711744}"
   7602176,         2,         0,   119.6,standalone_exact_mw,e5b1593c0e383368e36e36cad39a29f258d2f8e653c88d1b733626fe43257e38,"{""distance"":5,""physical_error_rate"":0.0005}","{""detection_events"":3085460,""detectors_checked"":1702887424,""obs_mistake_mask=E"":2}"
   6079488,        13,         0,   119.6,standalone_exact_mw,a08eb9916bd7e95ca8a954036fa5b6d2576fbe4960b891dec8536a92078ec5d6,"{""distance"":5,""physical_error_rate"":0.001}","{""detection_events"":4919662,""detectors_checked"":1361805312,""obs_mistake_mask=E"":13}"
  11113472,         0,         0,   119.3,standalone_exact_mw,da1b05328a50158d3ddc50a94fd8dc063895f28eb3c937e1bf932a9499513bc0,"{""distance"":5,""physical_error_rate"":5e-05}","{""detection_events"":449401,""detectors_checked"":2489417728}"
  11530240,         0,         0,   119.5,standalone_exact_mw,a1776e816afac70014f11f56bcdb5c816a7707d7213b56760e86cab507e42ef3,"{""distance"":5,""physical_error_rate"":0.0001}","{""detection_events"":937874,""detectors_checked"":2582773760}"
   9585664,         0,         0,   119.4,standalone_exact_mw,72c27de2ebec78bb62b76c65eff3f0cc2d8f7d8d48378a61f4d3abf36bf8e189,"{""distance"":5,""physical_error_rate"":0.0002}","{""detection_events"":1554524,""detectors_checked"":2147188736}"
   9974784,         4,         0,   119.5,standalone_exact_mw,e5b1593c0e383368e36e36cad39a29f258d2f8e653c88d1b733626fe43257e38,"{""distance"":5,""physical_error_rate"":0.0005}","{""detection_events"":4043544,""detectors_checked"":2234351616,""obs_mistake_mask=E"":4}"
   9928704,        12,         0,   119.6,standalone_exact_mw,a08eb9916bd7e95ca8a954036fa5b6d2576fbe4960b891dec8536a92078ec5d6,"{""distance"":5,""physical_error_rate"":0.001}","{""detection_events"":8042437,""detectors_checked"":2224029696,""obs_mistake_mask=E"":12}"
  12622848,         0,         0,   119.5,standalone_exact_mw,a1776e816afac70014f11f56bcdb5c816a7707d7213b56760e86cab507e42ef3,"{""distance"":5,""physical_error_rate"":0.0001}","{""detection_events"":1024020,""detectors_checked"":2827517952}"
  11191296,         0,         0,   119.4,standalone_exact_mw,da1b05328a50158d3ddc50a94fd8dc063895f28eb3c937e1bf932a9499513bc0,"{""distance"":5,""physical_error_rate"":5e-05}","{""detection_events"":453603,""detectors_checked"":2506850304}"
   7595008,         2,         0,   119.5,standalone_exact_mw,e5b1593c0e383368e36e36cad39a29f258d2f8e653c88d1b733626fe43257e38,"{""distance"":5,""physical_error_rate"":0.0005}","{""detection_events"":3083115,""detectors_checked"":1701281792,""obs_mistake_mask=E"":2}"
  15567872,         0,         0,   119.5,standalone_exact_mw,72c27de2ebec78bb62b76c65eff3f0cc2d8f7d8d48378a61f4d3abf36bf8e189,"{""distance"":5,""physical_error_rate"":0.0002}","{""detection_events"":2527275,""detectors_checked"":3487203328}"
   8991744,         0,         0,   119.5,standalone_exact_mw,e5b1593c0e383368e36e36cad39a29f258d2f8e653c88d1b733626fe43257e38,"{""distance"":5,""physical_error_rate"":0.0005}","{""detection_events"":3647954,""detectors_checked"":2014150656}"
  10122240,         0,         0,   119.4,standalone_exact_mw,a1776e816afac70014f11f56bcdb5c816a7707d7213b56760e86cab507e42ef3,"{""distance"":5,""physical_error_rate"":0.0001}","{""detection_events"":822783,""detectors_checked"":2267381760}"
  10087424,         0,         0,   119.4,standalone_exact_mw,72c27de2ebec78bb62b76c65eff3f0cc2d8f7d8d48378a61f4d3abf36bf8e189,"{""distance"":5,""physical_error_rate"":0.0002}","{""detection_events"":1637855,""detectors_checked"":2259582976}"
  11177984,         0,         0,   119.3,standalone_exact_mw,da1b05328a50158d3ddc50a94fd8dc063895f28eb3c937e1bf932a9499513bc0,"{""distance"":5,""physical_error_rate"":5e-05}","{""detection_events"":455718,""detectors_checked"":2503868416}"
   7436288,         2,         0,   119.4,standalone_exact_mw,e5b1593c0e383368e36e36cad39a29f258d2f8e653c88d1b733626fe43257e38,"{""distance"":5,""physical_error_rate"":0.0005}","{""detection_events"":3015141,""detectors_checked"":1665728512,""obs_mistake_mask=E"":2}"
   8867840,         0,         0,   119.5,standalone_exact_mw,72c27de2ebec78bb62b76c65eff3f0cc2d8f7d8d48378a61f4d3abf36bf8e189,"{""distance"":5,""physical_error_rate"":0.0002}","{""detection_events"":1439308,""detectors_checked"":1986396160}"
   7399424,        16,         0,   119.6,standalone_exact_mw,a08eb9916bd7e95ca8a954036fa5b6d2576fbe4960b891dec8536a92078ec5d6,"{""distance"":5,""physical_error_rate"":0.001}","{""detection_events"":5990874,""detectors_checked"":1657470976,""obs_mistake_mask=E"":16}"
   5926912,         8,         0,   119.6,standalone_exact_mw,a08eb9916bd7e95ca8a954036fa5b6d2576fbe4960b891dec8536a92078ec5d6,"{""distance"":5,""physical_error_rate"":0.001}","{""detection_events"":4797304,""detectors_checked"":1327628288,""obs_mistake_mask=E"":8}"
  11935744,         0,         0,   119.6,standalone_exact_mw,a1776e816afac70014f11f56bcdb5c816a7707d7213b56760e86cab507e42ef3,"{""distance"":5,""physical_error_rate"":0.0001}","{""detection_events"":972295,""detectors_checked"":2673606656}"
  12466176,         0,         0,   119.5,standalone_exact_mw,72c27de2ebec78bb62b76c65eff3f0cc2d8f7d8d48378a61f4d3abf36bf8e189,"{""distance"":5,""physical_error_rate"":0.0002}","{""detection_events"":2026309,""detectors_checked"":2792423424}"
   9469952,         5,         0,   119.6,standalone_exact_mw,e5b1593c0e383368e36e36cad39a29f258d2f8e653c88d1b733626fe43257e38,"{""distance"":5,""physical_error_rate"":0.0005}","{""detection_events"":3839158,""detectors_checked"":2121269248,""obs_mistake_mask=E"":5}"
  12941312,         0,         0,   119.4,standalone_exact_mw,da1b05328a50158d3ddc50a94fd8dc063895f28eb3c937e1bf932a9499513bc0,"{""distance"":5,""physical_error_rate"":5e-05}","{""detection_events"":526118,""detectors_checked"":2898853888}"
   7245824,         8,         0,   119.7,standalone_exact_mw,a08eb9916bd7e95ca8a954036fa5b6d2576fbe4960b891dec8536a92078ec5d6,"{""distance"":5,""physical_error_rate"":0.001}","{""detection_events"":5864522,""detectors_checked"":1623064576,""obs_mistake_mask=E"":8}"
   9978880,         0,         0,   119.5,standalone_exact_mw,da1b05328a50158d3ddc50a94fd8dc063895f28eb3c937e1bf932a9499513bc0,"{""distance"":5,""physical_error_rate"":5e-05}","{""detection_events"":405459,""detectors_checked"":2235269120}"
   9635840,         0,         0,   119.3,standalone_exact_mw,a1776e816afac70014f11f56bcdb5c816a7707d7213b56760e86cab507e42ef3,"{""distance"":5,""physical_error_rate"":0.0001}","{""detection_events"":782487,""detectors_checked"":2158428160}"
   8967168,         0,         0,   119.4,standalone_exact_mw,72c27de2ebec78bb62b76c65eff3f0cc2d8f7d8d48378a61f4d3abf36bf8e189,"{""distance"":5,""physical_error_rate"":0.0002}","{""detection_events"":1454974,""detectors_checked"":2008645632}"
   9508864,         0,         0,   119.4,standalone_exact_mw,a1776e816afac70014f11f56bcdb5c816a7707d7213b56760e86cab507e42ef3,"{""distance"":5,""physical_error_rate"":0.0001}","{""detection_events"":774017,""detectors_checked"":2129985536}"
   8921088,         0,         0,   119.3,standalone_exact_mw,72c27de2ebec78bb62b76c65eff3f0cc2d8f7d8d48378a61f4d3abf36bf8e189,"{""distance"":5,""physical_error_rate"":0.0002}","{""detection_events"":1453674,""detectors_checked"":1998323712}"
   5941248,        12,         0,   119.6,standalone_exact_mw,a08eb9916bd7e95ca8a954036fa5b6d2576fbe4960b891dec8536a92078ec5d6,"{""distance"":5,""physical_error_rate"":0.001}","{""detection_events"":4809870,""detectors_checked"":1330839552,""obs_mistake_mask=E"":12}"
   7564288,         1,         0,   119.5,standalone_exact_mw,e5b1593c0e383368e36e36cad39a29f258d2f8e653c88d1b733626fe43257e38,"{""distance"":5,""physical_error_rate"":0.0005}","{""detection_events"":3069828,""detectors_checked"":1694400512,""obs_mistake_mask=E"":1}"
   9916416,         0,         0,   119.3,standalone_exact_mw,da1b05328a50158d3ddc50a94fd8dc063895f28eb3c937e1bf932a9499513bc0,"{""distance"":5,""physical_error_rate"":5e-05}","{""detection_events"":403336,""detectors_checked"":2221277184}"
   7570432,         1,         0,   119.5,standalone_exact_mw,e5b1593c0e383368e36e36cad39a29f258d2f8e653c88d1b733626fe43257e38,"{""distance"":5,""physical_error_rate"":0.0005}","{""detection_events"":3070206,""detectors_checked"":1695776768,""obs_mistake_mask=E"":1}"
   6059008,        12,         0,   119.5,standalone_exact_mw,a08eb9916bd7e95ca8a954036fa5b6d2576fbe4960b891dec8536a92078ec5d6,"{""distance"":5,""physical_error_rate"":0.001}","{""detection_events"":4905089,""detectors_checked"":1357217792,""obs_mistake_mask=E"":12}"
  10819584,         0,         0,   119.4,standalone_exact_mw,da1b05328a50158d3ddc50a94fd8dc063895f28eb3c937e1bf932a9499513bc0,"{""distance"":5,""physical_error_rate"":5e-05}","{""detection_events"":439697,""detectors_checked"":2423586816}"
  10529792,         0,         0,   119.2,standalone_exact_mw,a1776e816afac70014f11f56bcdb5c816a7707d7213b56760e86cab507e42ef3,"{""distance"":5,""physical_error_rate"":0.0001}","{""detection_events"":855671,""detectors_checked"":2358673408}"
   9427968,         0,         0,   119.3,standalone_exact_mw,72c27de2ebec78bb62b76c65eff3f0cc2d8f7d8d48378a61f4d3abf36bf8e189,"{""distance"":5,""physical_error_rate"":0.0002}","{""detection_events"":1534132,""detectors_checked"":2111864832}"
   8938496,         1,         0,   119.5,standalone_exact_mw,e5b1593c0e383368e36e36cad39a29f258d2f8e653c88d1b733626fe43257e38,"{""distance"":5,""physical_error_rate"":0.0005}","{""detection_events"":3628734,""detectors_checked"":2002223104,""obs_mistake_mask=E"":1}"
  11520000,        21,         0,   119.6,standalone_exact_mw,a08eb9916bd7e95ca8a954036fa5b6d2576fbe4960b891dec8536a92078ec5d6,"{""distance"":5,""physical_error_rate"":0.001}","{""detection_events"":9327260,""detectors_checked"":2580480000,""obs_mistake_mask=E"":21}"
  11223040,         0,         0,   119.5,standalone_exact_mw,a1776e816afac70014f11f56bcdb5c816a7707d7213b56760e86cab507e42ef3,"{""distance"":5,""physical_error_rate"":0.0001}","{""detection_events"":914352,""detectors_checked"":2513960960}"
  12066816,         0,         0,   119.3,standalone_exact_mw,da1b05328a50158d3ddc50a94fd8dc063895f28eb3c937e1bf932a9499513bc0,"{""distance"":5,""physical_error_rate"":5e-05}","{""detection_events"":492343,""detectors_checked"":2702966784}"
   7648256,         1,         0,   119.5,standalone_exact_mw,e5b1593c0e383368e36e36cad39a29f258d2f8e653c88d1b733626fe43257e38,"{""distance"":5,""physical_error_rate"":0.0005}","{""detection_events"":3098570,""detectors_checked"":1713209344,""obs_mistake_mask=E"":1}"
  15532032,         0,         0,   119.5,standalone_exact_mw,72c27de2ebec78bb62b76c65eff3f0cc2d8f7d8d48378a61f4d3abf36bf8e189,"{""distance"":5,""physical_error_rate"":0.0002}","{""detection_events"":2527390,""detectors_checked"":3479175168}"
   8571904,         4,         0,   119.5,standalone_exact_mw,e5b1593c0e383368e36e36cad39a29f258d2f8e653c88d1b733626fe43257e38,"{""distance"":5,""physical_error_rate"":0.0005}","{""detection_events"":3485284,""detectors_checked"":1920106496,""obs_mistake_mask=E"":4}"
  10810368,         0,         0,   119.3,standalone_exact_mw,a1776e816afac70014f11f56bcdb5c816a7707d7213b56760e86cab507e42ef3,"{""distance"":5,""physical_error_rate"":0.0001}","{""detection_events"":879254,""detectors_checked"":2421522432}"
  10000384,         0,         0,   119.6,standalone_exact_mw,72c27de2ebec78bb62b76c65eff3f0cc2d8f7d8d48378a61f4d3abf36bf8e189,"{""distance"":5,""physical_error_rate"":0.0002}","{""detection_events"":1628353,""detectors_checked"":2240086016}"
  11047936,         0,         0,   119.4,standalone_exact_mw,da1b05328a50158d3ddc50a94fd8dc063895f28eb3c937e1bf932a9499513bc0,"{""distance"":5,""physical_error_rate"":5e-05}","{""detection_events"":450612,""detectors_checked"":2474737664}"
   7530496,         2,         0,   119.6,standalone_exact_mw,e5b1593c0e383368e36e36cad39a29f258d2f8e653c88d1b733626fe43257e38,"{""distance"":5,""physical_error_rate"":0.0005}","{""detection_events"":3054577,""detectors_checked"":1686831104,""obs_mistake_mask=E"":2}"
   8948736,         0,         0,   119.3,standalone_exact_mw,72c27de2ebec78bb62b76c65eff3f0cc2d8f7d8d48378a61f4d3abf36bf8e189,"{""distance"":5,""physical_error_rate"":0.0002}","{""detection_events"":1457223,""detectors_checked"":2004516864}"
   1743126,         0,         0,    12.5,standalone_exact_mw,72c27de2ebec78bb62b76c65eff3f0cc2d8f7d8d48378a61f4d3abf36bf8e189,"{""distance"":5,""physical_error_rate"":0.0002}","{""detection_events"":281592,""detectors_checked"":390460224}"
   6787072,         8,         0,   119.6,standalone_exact_mw,a08eb9916bd7e95ca8a954036fa5b6d2576fbe4960b891dec8536a92078ec5d6,"{""distance"":5,""physical_error_rate"":0.001}","{""detection_events"":5497058,""detectors_checked"":1520304128,""obs_mistake_mask=E"":8}"
   5931008,         8,         0,   119.6,standalone_exact_mw,a08eb9916bd7e95ca8a954036fa5b6d2576fbe4960b891dec8536a92078ec5d6,"{""distance"":5,""physical_error_rate"":0.001}","{""detection_events"":4803279,""detectors_checked"":1328545792,""obs_mistake_mask=E"":8}"
  12946432,         0,         0,   119.4,standalone_exact_mw,a1776e816afac70014f11f56bcdb5c816a7707d7213b56760e86cab507e42ef3,"{""distance"":5,""physical_error_rate"":0.0001}","{""detection_events"":1050031,""detectors_checked"":2900000768}"
   9688064,         1,         0,   119.4,standalone_exact_mw,e5b1593c0e383368e36e36cad39a29f258d2f8e653c88d1b733626fe43257e38,"{""distance"":5,""physical_error_rate"":0.0005}","{""detection_events"":3928683,""detectors_checked"":2170126336,""obs_mistake_mask=E"":1}"
  12932096,         1,         0,   119.4,standalone_exact_mw,72c27de2ebec78bb62b76c65eff3f0cc2d8f7d8d48378a61f4d3abf36bf8e189,"{""distance"":5,""physical_error_rate"":0.0002}","{""detection_events"":2098905,""detectors_checked"":2896789504,""obs_mistake_mask=E"":1}"
  12725248,         0,         0,   119.5,standalone_exact_mw,da1b05328a50158d3ddc50a94fd8dc063895f28eb3c937e1bf932a9499513bc0,"{""distance"":5,""physical_error_rate"":5e-05}","{""detection_events"":516352,""detectors_checked"":2850455552}"
   7097344,        10,         0,   119.6,standalone_exact_mw,a08eb9916bd7e95ca8a954036fa5b6d2576fbe4960b891dec8536a92078ec5d6,"{""distance"":5,""physical_error_rate"":0.001}","{""detection_events"":5749166,""detectors_checked"":1589805056,""obs_mistake_mask=E"":10}"
   9878528,         0,         0,   119.4,standalone_exact_mw,da1b05328a50158d3ddc50a94fd8dc063895f28eb3c937e1bf932a9499513bc0,"{""distance"":5,""physical_error_rate"":5e-05}","{""detection_events"":401913,""detectors_checked"":2212790272}"
   9644032,         0,         0,   119.4,standalone_exact_mw,a1776e816afac70014f11f56bcdb5c816a7707d7213b56760e86cab507e42ef3,"{""distance"":5,""physical_error_rate"":0.0001}","{""detection_events"":782851,""detectors_checked"":2160263168}"
   8582144,         0,         0,   119.4,standalone_exact_mw,72c27de2ebec78bb62b76c65eff3f0cc2d8f7d8d48378a61f4d3abf36bf8e189,"{""distance"":5,""physical_error_rate"":0.0002}","{""detection_events"":1399307,""detectors_checked"":1922400256}"
   9494528,         0,         0,   119.5,standalone_exact_mw,a1776e816afac70014f11f56bcdb5c816a7707d7213b56760e86cab507e42ef3,"{""distance"":5,""physical_error_rate"":0.0001}","{""detection_events"":773175,""detectors_checked"":2126774272}"
   8885248,         0,         0,   119.5,standalone_exact_mw,72c27de2ebec78bb62b76c65eff3f0cc2d8f7d8d48378a61f4d3abf36bf8e189,"{""distance"":5,""physical_error_rate"":0.0002}","{""detection_events"":1442291,""detectors_checked"":1990295552}"
   5751808,         9,         0,   119.6,standalone_exact_mw,a08eb9916bd7e95ca8a954036fa5b6d2576fbe4960b891dec8536a92078ec5d6,"{""distance"":5,""physical_error_rate"":0.001}","{""detection_events"":4659792,""detectors_checked"":1288404992,""obs_mistake_mask=E"":9}"
   7224320,         2,         0,   119.5,standalone_exact_mw,e5b1593c0e383368e36e36cad39a29f258d2f8e653c88d1b733626fe43257e38,"{""distance"":5,""physical_error_rate"":0.0005}","{""detection_events"":2931970,""detectors_checked"":1618247680,""obs_mistake_mask=E"":2}"
   9795584,         0,         0,   119.5,standalone_exact_mw,da1b05328a50158d3ddc50a94fd8dc063895f28eb3c937e1bf932a9499513bc0,"{""distance"":5,""physical_error_rate"":5e-05}","{""detection_events"":398283,""detectors_checked"":2194210816}"
   7389184,         4,         0,   119.5,standalone_exact_mw,e5b1593c0e383368e36e36cad39a29f258d2f8e653c88d1b733626fe43257e38,"{""distance"":5,""physical_error_rate"":0.0005}","{""detection_events"":3000233,""detectors_checked"":1655177216,""obs_mistake_mask=E"":4}"
   6045696,        11,         0,   119.6,standalone_exact_mw,a08eb9916bd7e95ca8a954036fa5b6d2576fbe4960b891dec8536a92078ec5d6,"{""distance"":5,""physical_error_rate"":0.001}","{""detection_events"":4900103,""detectors_checked"":1354235904,""obs_mistake_mask=E"":11}"
  13888512,         0,         0,   119.3,standalone_exact_mw,da1b05328a50158d3ddc50a94fd8dc063895f28eb3c937e1bf932a9499513bc0,"{""distance"":5,""physical_error_rate"":5e-05}","{""detection_events"":563561,""detectors_checked"":3111026688}"
  10542080,         0,         0,   119.4,standalone_exact_mw,a1776e816afac70014f11f56bcdb5c816a7707d7213b56760e86cab507e42ef3,"{""distance"":5,""physical_error_rate"":0.0001}","{""detection_events"":859583,""detectors_checked"":2361425920}"
    862885,         0,         0,    7.62,standalone_exact_mw,72c27de2ebec78bb62b76c65eff3f0cc2d8f7d8d48378a61f4d3abf36bf8e189,"{""distance"":5,""physical_error_rate"":0.0002}","{""detection_events"":140674,""detectors_checked"":193286240}"
  10784768,         0,         0,   116.9,standalone_exact_mw,72c27de2ebec78bb62b76c65eff3f0cc2d8f7d8d48378a61f4d3abf36bf8e189,"{""distance"":5,""physical_error_rate"":0.0002}","{""detection_events"":1752061,""detectors_checked"":2415788032}"
   9607168,         4,         0,   119.5,standalone_exact_mw,e5b1593c0e383368e36e36cad39a29f258d2f8e653c88d1b733626fe43257e38,"{""distance"":5,""physical_error_rate"":0.0005}","{""detection_events"":3897510,""detectors_checked"":2152005632,""obs_mistake_mask=E"":4}"
   9369600,        15,         0,   119.6,standalone_exact_mw,a08eb9916bd7e95ca8a954036fa5b6d2576fbe4960b891dec8536a92078ec5d6,"{""distance"":5,""physical_error_rate"":0.001}","{""detection_events"":7585181,""detectors_checked"":2098790400,""obs_mistake_mask=E"":15}"
   3358237,         0,         0,    27.4,standalone_exact_mw,da1b05328a50158d3ddc50a94fd8dc063895f28eb3c937e1bf932a9499513bc0,"{""distance"":5,""physical_error_rate"":5e-05}","{""detection_events"":136492,""detectors_checked"":752245088}"
   9328928,         2,         0,    79.9,standalone_exact_mw,72c27de2ebec78bb62b76c65eff3f0cc2d8f7d8d48378a61f4d3abf36bf8e189,"{""distance"":5,""physical_error_rate"":0.0002}","{""detection_events"":1512979,""detectors_checked"":2089679872,""obs_mistake_mask=E"":2}"
   6748160,         0,         0,    90.7,standalone_exact_mw,72c27de2ebec78bb62b76c65eff3f0cc2d8f7d8d48378a61f4d3abf36bf8e189,"{""distance"":5,""physical_error_rate"":0.0002}","{""detection_events"":1094996,""detectors_checked"":1511587840}"
   9156608,         0,         0,    90.8,standalone_exact_mw,72c27de2ebec78bb62b76c65eff3f0cc2d8f7d8d48378a61f4d3abf36bf8e189,"{""distance"":5,""physical_error_rate"":0.0002}","{""detection_events"":1488721,""detectors_checked"":2051080192}"
  10476544,         0,         0,   119.4,standalone_exact_mw,a1776e816afac70014f11f56bcdb5c816a7707d7213b56760e86cab507e42ef3,"{""distance"":5,""physical_error_rate"":0.0001}","{""detection_events"":852145,""detectors_checked"":2346745856}"
  10899456,         0,         0,   119.4,standalone_exact_mw,da1b05328a50158d3ddc50a94fd8dc063895f28eb3c937e1bf932a9499513bc0,"{""distance"":5,""physical_error_rate"":5e-05}","{""detection_events"":443140,""detectors_checked"":2441478144}"
   7600128,         4,         0,   119.6,standalone_exact_mw,e5b1593c0e383368e36e36cad39a29f258d2f8e653c88d1b733626fe43257e38,"{""distance"":5,""physical_error_rate"":0.0005}","{""detection_events"":3087315,""detectors_checked"":1702428672,""obs_mistake_mask=E"":4}"
    734389,         0,         0,    5.68,standalone_exact_mw,72c27de2ebec78bb62b76c65eff3f0cc2d8f7d8d48378a61f4d3abf36bf8e189,"{""distance"":5,""physical_error_rate"":0.0002}","{""detection_events"":119153,""detectors_checked"":164503136}"
   4571136,         0,         0,    39.4,standalone_exact_mw,72c27de2ebec78bb62b76c65eff3f0cc2d8f7d8d48378a61f4d3abf36bf8e189,"{""distance"":5,""physical_error_rate"":0.0002}","{""detection_events"":741066,""detectors_checked"":1023934464}"
   4078520,         0,         0,    41.1,standalone_exact_mw,72c27de2ebec78bb62b76c65eff3f0cc2d8f7d8d48378a61f4d3abf36bf8e189,"{""distance"":5,""physical_error_rate"":0.0002}","{""detection_events"":662297,""detectors_checked"":913588480}"
   3641344,         0,         0,    48.2,standalone_exact_mw,72c27de2ebec78bb62b76c65eff3f0cc2d8f7d8d48378a61f4d3abf36bf8e189,"{""distance"":5,""physical_error_rate"":0.0002}","{""detection_events"":591397,""detectors_checked"":815661056}"
   3640320,         0,         0,    48.3,standalone_exact_mw,72c27de2ebec78bb62b76c65eff3f0cc2d8f7d8d48378a61f4d3abf36bf8e189,"{""distance"":5,""physical_error_rate"":0.0002}","{""detection_events"":592253,""detectors_checked"":815431680}"
    668484,         0,         0,    5.04,standalone_exact_mw,72c27de2ebec78bb62b76c65eff3f0cc2d8f7d8d48378a61f4d3abf36bf8e189,"{""distance"":5,""physical_error_rate"":0.0002}","{""detection_events"":108175,""detectors_checked"":149740416}"
   1707119,         0,         0,    14.1,standalone_exact_mw,72c27de2ebec78bb62b76c65eff3f0cc2d8f7d8d48378a61f4d3abf36bf8e189,"{""distance"":5,""physical_error_rate"":0.0002}","{""detection_events"":276868,""detectors_checked"":382394656}"
   1491968,         0,         0,    19.8,standalone_exact_mw,72c27de2ebec78bb62b76c65eff3f0cc2d8f7d8d48378a61f4d3abf36bf8e189,"{""distance"":5,""physical_error_rate"":0.0002}","{""detection_events"":243908,""detectors_checked"":334200832}"
   1468416,         0,         0,    19.8,standalone_exact_mw,72c27de2ebec78bb62b76c65eff3f0cc2d8f7d8d48378a61f4d3abf36bf8e189,"{""distance"":5,""physical_error_rate"":0.0002}","{""detection_events"":240880,""detectors_checked"":328925184}"
   1463245,         0,         0,    17.5,standalone_exact_mw,72c27de2ebec78bb62b76c65eff3f0cc2d8f7d8d48378a61f4d3abf36bf8e189,"{""distance"":5,""physical_error_rate"":0.0002}","{""detection_events"":239270,""detectors_checked"":327766880}"
   1154048,         0,         0,    15.7,standalone_exact_mw,72c27de2ebec78bb62b76c65eff3f0cc2d8f7d8d48378a61f4d3abf36bf8e189,"{""distance"":5,""physical_error_rate"":0.0002}","{""detection_events"":186602,""detectors_checked"":258506752}"
   1386496,         0,         0,    10.7,standalone_exact_mw,72c27de2ebec78bb62b76c65eff3f0cc2d8f7d8d48378a61f4d3abf36bf8e189,"{""distance"":5,""physical_error_rate"":0.0002}","{""detection_events"":226100,""detectors_checked"":310575104}"
   1165312,         0,         0,    15.7,standalone_exact_mw,72c27de2ebec78bb62b76c65eff3f0cc2d8f7d8d48378a61f4d3abf36bf8e189,"{""distance"":5,""physical_error_rate"":0.0002}","{""detection_events"":190392,""detectors_checked"":261029888}"
    468363,         0,         0,    3.61,standalone_exact_mw,72c27de2ebec78bb62b76c65eff3f0cc2d8f7d8d48378a61f4d3abf36bf8e189,"{""distance"":5,""physical_error_rate"":0.0002}","{""detection_events"":76329,""detectors_checked"":104913312}"
    271360,         0,         0,    3.60,standalone_exact_mw,72c27de2ebec78bb62b76c65eff3f0cc2d8f7d8d48378a61f4d3abf36bf8e189,"{""distance"":5,""physical_error_rate"":0.0002}","{""detection_events"":44181,""detectors_checked"":60784640}"
    234981,         0,         0,    3.65,standalone_exact_mw,72c27de2ebec78bb62b76c65eff3f0cc2d8f7d8d48378a61f4d3abf36bf8e189,"{""distance"":5,""physical_error_rate"":0.0002}","{""detection_events"":37710,""detectors_checked"":52635744}"
    162647,         0,         0,    1.16,standalone_exact_mw,72c27de2ebec78bb62b76c65eff3f0cc2d8f7d8d48378a61f4d3abf36bf8e189,"{""distance"":5,""physical_error_rate"":0.0002}","{""detection_events"":26438,""detectors_checked"":36432928}"
    159744,         0,         0,    1.33,standalone_exact_mw,72c27de2ebec78bb62b76c65eff3f0cc2d8f7d8d48378a61f4d3abf36bf8e189,"{""distance"":5,""physical_error_rate"":0.0002}","{""detection_events"":26072,""detectors_checked"":35782656}"
    139412,         0,         0,    1.81,standalone_exact_mw,72c27de2ebec78bb62b76c65eff3f0cc2d8f7d8d48378a61f4d3abf36bf8e189,"{""distance"":5,""physical_error_rate"":0.0002}","{""detection_events"":22607,""detectors_checked"":31228288}"
    138240,         0,         0,    1.80,standalone_exact_mw,72c27de2ebec78bb62b76c65eff3f0cc2d8f7d8d48378a61f4d3abf36bf8e189,"{""distance"":5,""physical_error_rate"":0.0002}","{""detection_events"":22897,""detectors_checked"":30965760}"
    139264,         0,         0,    1.83,standalone_exact_mw,72c27de2ebec78bb62b76c65eff3f0cc2d8f7d8d48378a61f4d3abf36bf8e189,"{""distance"":5,""physical_error_rate"":0.0002}","{""detection_events"":22675,""detectors_checked"":31195136}"
    121856,         0,         0,    1.59,standalone_exact_mw,72c27de2ebec78bb62b76c65eff3f0cc2d8f7d8d48378a61f4d3abf36bf8e189,"{""distance"":5,""physical_error_rate"":0.0002}","{""detection_events"":19623,""detectors_checked"":27295744}"
     49369,         0,         0,   0.441,standalone_exact_mw,72c27de2ebec78bb62b76c65eff3f0cc2d8f7d8d48378a61f4d3abf36bf8e189,"{""distance"":5,""physical_error_rate"":0.0002}","{""detection_events"":8265,""detectors_checked"":11058656}"
     76800,         0,         0,    1.57,standalone_exact_mw,72c27de2ebec78bb62b76c65eff3f0cc2d8f7d8d48378a61f4d3abf36bf8e189,"{""distance"":5,""physical_error_rate"":0.0002}","{""detection_events"":12855,""detectors_checked"":17203200}"
     69632,         0,         0,   0.492,standalone_exact_mw,72c27de2ebec78bb62b76c65eff3f0cc2d8f7d8d48378a61f4d3abf36bf8e189,"{""distance"":5,""physical_error_rate"":0.0002}","{""detection_events"":11364,""detectors_checked"":15597568}"
      3261,         0,         0,   0.035,standalone_exact_mw,72c27de2ebec78bb62b76c65eff3f0cc2d8f7d8d48378a61f4d3abf36bf8e189,"{""distance"":5,""physical_error_rate"":0.0002}","{""detection_events"":540,""detectors_checked"":730464}"
     11186,         0,         0,   0.073,standalone_exact_mw,72c27de2ebec78bb62b76c65eff3f0cc2d8f7d8d48378a61f4d3abf36bf8e189,"{""distance"":5,""physical_error_rate"":0.0002}","{""detection_events"":1700,""detectors_checked"":2505664}"
      9588,         0,         0,   0.115,standalone_exact_mw,72c27de2ebec78bb62b76c65eff3f0cc2d8f7d8d48378a61f4d3abf36bf8e189,"{""distance"":5,""physical_error_rate"":0.0002}","{""detection_events"":1521,""detectors_checked"":2147712}"
      9588,         0,         0,   0.115,standalone_exact_mw,72c27de2ebec78bb62b76c65eff3f0cc2d8f7d8d48378a61f4d3abf36bf8e189,"{""distance"":5,""physical_error_rate"":0.0002}","{""detection_events"":1498,""detectors_checked"":2147712}"
      9588,         0,         0,   0.115,standalone_exact_mw,72c27de2ebec78bb62b76c65eff3f0cc2d8f7d8d48378a61f4d3abf36bf8e189,"{""distance"":5,""physical_error_rate"":0.0002}","{""detection_events"":1563,""detectors_checked"":2147712}"
      9216,         0,         0,   0.113,standalone_exact_mw,72c27de2ebec78bb62b76c65eff3f0cc2d8f7d8d48378a61f4d3abf36bf8e189,"{""distance"":5,""physical_error_rate"":0.0002}","{""detection_events"":1532,""detectors_checked"":2064384}"
       372,         0,         0,   0.003,standalone_exact_mw,72c27de2ebec78bb62b76c65eff3f0cc2d8f7d8d48378a61f4d3abf36bf8e189,"{""distance"":5,""physical_error_rate"":0.0002}","{""detection_events"":73,""detectors_checked"":83328}"
      1368,         0,         0,   0.009,standalone_exact_mw,72c27de2ebec78bb62b76c65eff3f0cc2d8f7d8d48378a61f4d3abf36bf8e189,"{""distance"":5,""physical_error_rate"":0.0002}","{""detection_events"":246,""detectors_checked"":306432}"
      1370,         0,         0,   0.010,standalone_exact_mw,72c27de2ebec78bb62b76c65eff3f0cc2d8f7d8d48378a61f4d3abf36bf8e189,"{""distance"":5,""physical_error_rate"":0.0002}","{""detection_events"":272,""detectors_checked"":306880}"
      8192,         0,         0,   0.095,standalone_exact_mw,72c27de2ebec78bb62b76c65eff3f0cc2d8f7d8d48378a61f4d3abf36bf8e189,"{""distance"":5,""physical_error_rate"":0.0002}","{""detection_events"":1235,""detectors_checked"":1835008}"
      4109,         0,         0,   0.028,standalone_exact_mw,72c27de2ebec78bb62b76c65eff3f0cc2d8f7d8d48378a61f4d3abf36bf8e189,"{""distance"":5,""physical_error_rate"":0.0002}","{""detection_events"":701,""detectors_checked"":920416}"
        53,         0,         0,   0.001,standalone_exact_mw,72c27de2ebec78bb62b76c65eff3f0cc2d8f7d8d48378a61f4d3abf36bf8e189,"{""distance"":5,""physical_error_rate"":0.0002}","{""detection_events"":4,""detectors_checked"":11872}"
      1370,         0,         0,   0.009,standalone_exact_mw,72c27de2ebec78bb62b76c65eff3f0cc2d8f7d8d48378a61f4d3abf36bf8e189,"{""distance"":5,""physical_error_rate"":0.0002}","{""detection_events"":224,""detectors_checked"":306880}"
        26,         0,         0,   0.000,standalone_exact_mw,72c27de2ebec78bb62b76c65eff3f0cc2d8f7d8d48378a61f4d3abf36bf8e189,"{""distance"":5,""physical_error_rate"":0.0002}","{""detection_events"":9,""detectors_checked"":5824}"
      8192,         0,         0,   0.153,standalone_exact_mw,72c27de2ebec78bb62b76c65eff3f0cc2d8f7d8d48378a61f4d3abf36bf8e189,"{""distance"":5,""physical_error_rate"":0.0002}","{""detection_events"":1435,""detectors_checked"":1835008}"
       142,         0,         0,   0.001,standalone_exact_mw,72c27de2ebec78bb62b76c65eff3f0cc2d8f7d8d48378a61f4d3abf36bf8e189,"{""distance"":5,""physical_error_rate"":0.0002}","{""detection_events"":15,""detectors_checked"":31808}"
      3072,         0,         0,   0.034,standalone_exact_mw,72c27de2ebec78bb62b76c65eff3f0cc2d8f7d8d48378a61f4d3abf36bf8e189,"{""distance"":5,""physical_error_rate"":0.0002}","{""detection_events"":570,""detectors_checked"":688128}"
       124,         0,         0,   0.001,standalone_exact_mw,72c27de2ebec78bb62b76c65eff3f0cc2d8f7d8d48378a61f4d3abf36bf8e189,"{""distance"":5,""physical_error_rate"":0.0002}","{""detection_events"":28,""detectors_checked"":27776}"
       107,         0,         0,   0.001,standalone_exact_mw,72c27de2ebec78bb62b76c65eff3f0cc2d8f7d8d48378a61f4d3abf36bf8e189,"{""distance"":5,""physical_error_rate"":0.0002}","{""detection_events"":26,""detectors_checked"":23968}"
       107,         0,         0,   0.001,standalone_exact_mw,72c27de2ebec78bb62b76c65eff3f0cc2d8f7d8d48378a61f4d3abf36bf8e189,"{""distance"":5,""physical_error_rate"":0.0002}","{""detection_events"":30,""detectors_checked"":23968}"
       107,         0,         0,   0.001,standalone_exact_mw,72c27de2ebec78bb62b76c65eff3f0cc2d8f7d8d48378a61f4d3abf36bf8e189,"{""distance"":5,""physical_error_rate"":0.0002}","{""detection_events"":5,""detectors_checked"":23968}"
       107,         0,         0,   0.001,standalone_exact_mw,72c27de2ebec78bb62b76c65eff3f0cc2d8f7d8d48378a61f4d3abf36bf8e189,"{""distance"":5,""physical_error_rate"":0.0002}","{""detection_events"":26,""detectors_checked"":23968}"
       107,         0,         0,   0.001,standalone_exact_mw,72c27de2ebec78bb62b76c65eff3f0cc2d8f7d8d48378a61f4d3abf36bf8e189,"{""distance"":5,""physical_error_rate"":0.0002}","{""detection_events"":25,""detectors_checked"":23968}"
       107,         0,         0,   0.001,standalone_exact_mw,72c27de2ebec78bb62b76c65eff3f0cc2d8f7d8d48378a61f4d3abf36bf8e189,"{""distance"":5,""physical_error_rate"":0.0002}","{""detection_events"":16,""detectors_checked"":23968}"
        30,         0,         0,   0.000,standalone_exact_mw,72c27de2ebec78bb62b76c65eff3f0cc2d8f7d8d48378a61f4d3abf36bf8e189,"{""distance"":5,""physical_error_rate"":0.0002}","{""detection_events"":6,""detectors_checked"":6720}"
        30,         0,         0,   0.000,standalone_exact_mw,72c27de2ebec78bb62b76c65eff3f0cc2d8f7d8d48378a61f4d3abf36bf8e189,"{""distance"":5,""physical_error_rate"":0.0002}","{""detection_events"":2,""detectors_checked"":6720}"
        30,         0,         0,   0.000,standalone_exact_mw,72c27de2ebec78bb62b76c65eff3f0cc2d8f7d8d48378a61f4d3abf36bf8e189,"{""distance"":5,""physical_error_rate"":0.0002}","{""detection_events"":2,""detectors_checked"":6720}"
         4,         0,         0,   0.000,standalone_exact_mw,72c27de2ebec78bb62b76c65eff3f0cc2d8f7d8d48378a61f4d3abf36bf8e189,"{""distance"":5,""physical_error_rate"":0.0002}","{""detectors_checked"":896}"
         2,         0,         0,   0.000,standalone_exact_mw,72c27de2ebec78bb62b76c65eff3f0cc2d8f7d8d48378a61f4d3abf36bf8e189,"{""distance"":5,""physical_error_rate"":0.0002}","{""detectors_checked"":448}"
         2,         0,         0,   0.000,standalone_exact_mw,72c27de2ebec78bb62b76c65eff3f0cc2d8f7d8d48378a61f4d3abf36bf8e189,"{""distance"":5,""physical_error_rate"":0.0002}","{""detectors_checked"":448}"
         1,         0,         0,   0.000,standalone_exact_mw,72c27de2ebec78bb62b76c65eff3f0cc2d8f7d8d48378a61f4d3abf36bf8e189,"{""distance"":5,""physical_error_rate"":0.0002}","{""detectors_checked"":224}"
         2,         0,         0,   0.000,standalone_exact_mw,72c27de2ebec78bb62b76c65eff3f0cc2d8f7d8d48378a61f4d3abf36bf8e189,"{""distance"":5,""physical_error_rate"":0.0002}","{""detectors_checked"":448}"
         1,         0,         0,   0.000,standalone_exact_mw,72c27de2ebec78bb62b76c65eff3f0cc2d8f7d8d48378a61f4d3abf36bf8e189,"{""distance"":5,""physical_error_rate"":0.0002}","{""detectors_checked"":224}"
      1297,         0,         0,   0.020,standalone_exact_mw,a08eb9916bd7e95ca8a954036fa5b6d2576fbe4960b891dec8536a92078ec5d6,"{""distance"":5,""physical_error_rate"":0.001}","{""detection_events"":1052,""detectors_checked"":290528}"
      1024,         0,         0,   0.023,standalone_exact_mw,a08eb9916bd7e95ca8a954036fa5b6d2576fbe4960b891dec8536a92078ec5d6,"{""distance"":5,""physical_error_rate"":0.001}","{""detection_events"":763,""detectors_checked"":229376}"
      2048,         0,         0,   0.033,standalone_exact_mw,a08eb9916bd7e95ca8a954036fa5b6d2576fbe4960b891dec8536a92078ec5d6,"{""distance"":5,""physical_error_rate"":0.001}","{""detection_events"":1720,""detectors_checked"":458752}"
      2048,         0,         0,   0.033,standalone_exact_mw,a08eb9916bd7e95ca8a954036fa5b6d2576fbe4960b891dec8536a92078ec5d6,"{""distance"":5,""physical_error_rate"":0.001}","{""detection_events"":1709,""detectors_checked"":458752}"
      2048,         0,         0,   0.046,standalone_exact_mw,a08eb9916bd7e95ca8a954036fa5b6d2576fbe4960b891dec8536a92078ec5d6,"{""distance"":5,""physical_error_rate"":0.001}","{""detection_events"":1691,""detectors_checked"":458752}"
      3072,         0,         0,   0.056,standalone_exact_mw,a08eb9916bd7e95ca8a954036fa5b6d2576fbe4960b891dec8536a92078ec5d6,"{""distance"":5,""physical_error_rate"":0.001}","{""detection_events"":2398,""detectors_checked"":688128}"
      2321,         0,         0,   0.024,standalone_exact_mw,a1776e816afac70014f11f56bcdb5c816a7707d7213b56760e86cab507e42ef3,"{""distance"":5,""physical_error_rate"":0.0001}","{""detection_events"":165,""detectors_checked"":519904}"
      1297,         0,         0,   0.019,standalone_exact_mw,e5b1593c0e383368e36e36cad39a29f258d2f8e653c88d1b733626fe43257e38,"{""distance"":5,""physical_error_rate"":0.0005}","{""detection_events"":574,""detectors_checked"":290528}"
      2048,         0,         0,   0.025,standalone_exact_mw,a1776e816afac70014f11f56bcdb5c816a7707d7213b56760e86cab507e42ef3,"{""distance"":5,""physical_error_rate"":0.0001}","{""detection_events"":152,""detectors_checked"":458752}"
      2048,         0,         0,   0.037,standalone_exact_mw,e5b1593c0e383368e36e36cad39a29f258d2f8e653c88d1b733626fe43257e38,"{""distance"":5,""physical_error_rate"":0.0005}","{""detection_events"":850,""detectors_checked"":458752}"
      2048,         0,         0,   0.026,standalone_exact_mw,a1776e816afac70014f11f56bcdb5c816a7707d7213b56760e86cab507e42ef3,"{""distance"":5,""physical_error_rate"":0.0001}","{""detection_events"":155,""detectors_checked"":458752}"
      7168,         0,         0,   0.083,standalone_exact_mw,a08eb9916bd7e95ca8a954036fa5b6d2576fbe4960b891dec8536a92078ec5d6,"{""distance"":5,""physical_error_rate"":0.001}","{""detection_events"":5768,""detectors_checked"":1605632}"
      2048,         0,         0,   0.030,standalone_exact_mw,e5b1593c0e383368e36e36cad39a29f258d2f8e653c88d1b733626fe43257e38,"{""distance"":5,""physical_error_rate"":0.0005}","{""detection_events"":838,""detectors_checked"":458752}"
      3072,         0,         0,   0.045,standalone_exact_mw,a1776e816afac70014f11f56bcdb5c816a7707d7213b56760e86cab507e42ef3,"{""distance"":5,""physical_error_rate"":0.0001}","{""detection_events"":289,""detectors_checked"":688128}"
      2048,         0,         0,   0.029,standalone_exact_mw,e5b1593c0e383368e36e36cad39a29f258d2f8e653c88d1b733626fe43257e38,"{""distance"":5,""physical_error_rate"":0.0005}","{""detection_events"":820,""detectors_checked"":458752}"
      2321,         0,         0,   0.015,standalone_exact_mw,da1b05328a50158d3ddc50a94fd8dc063895f28eb3c937e1bf932a9499513bc0,"{""distance"":5,""physical_error_rate"":5e-05}","{""detection_events"":113,""detectors_checked"":519904}"
      2321,         0,         0,   0.023,standalone_exact_mw,a1776e816afac70014f11f56bcdb5c816a7707d7213b56760e86cab507e42ef3,"{""distance"":5,""physical_error_rate"":0.0001}","{""detection_events"":164,""detectors_checked"":519904}"
      1024,         0,         0,   0.019,standalone_exact_mw,da1b05328a50158d3ddc50a94fd8dc063895f28eb3c937e1bf932a9499513bc0,"{""distance"":5,""physical_error_rate"":5e-05}","{""detection_events"":34,""detectors_checked"":229376}"
      1024,         0,         0,   0.019,standalone_exact_mw,a1776e816afac70014f11f56bcdb5c816a7707d7213b56760e86cab507e42ef3,"{""distance"":5,""physical_error_rate"":0.0001}","{""detection_events"":103,""detectors_checked"":229376}"
      2321,         0,         0,   0.023,standalone_exact_mw,da1b05328a50158d3ddc50a94fd8dc063895f28eb3c937e1bf932a9499513bc0,"{""distance"":5,""physical_error_rate"":5e-05}","{""detection_events"":122,""detectors_checked"":519904}"
      1024,         0,         0,   0.022,standalone_exact_mw,da1b05328a50158d3ddc50a94fd8dc063895f28eb3c937e1bf932a9499513bc0,"{""distance"":5,""physical_error_rate"":5e-05}","{""detection_events"":50,""detectors_checked"":229376}"
      3072,         0,         0,   0.050,standalone_exact_mw,e5b1593c0e383368e36e36cad39a29f258d2f8e653c88d1b733626fe43257e38,"{""distance"":5,""physical_error_rate"":0.0005}","{""detection_events"":1223,""detectors_checked"":688128}"
      5120,         0,         0,   0.057,standalone_exact_mw,a1776e816afac70014f11f56bcdb5c816a7707d7213b56760e86cab507e42ef3,"{""distance"":5,""physical_error_rate"":0.0001}","{""detection_events"":361,""detectors_checked"":1146880}"
      2048,         0,         0,   0.026,standalone_exact_mw,da1b05328a50158d3ddc50a94fd8dc063895f28eb3c937e1bf932a9499513bc0,"{""distance"":5,""physical_error_rate"":5e-05}","{""detection_events"":56,""detectors_checked"":458752}"
      3072,         0,         0,   0.032,standalone_exact_mw,a1776e816afac70014f11f56bcdb5c816a7707d7213b56760e86cab507e42ef3,"{""distance"":5,""physical_error_rate"":0.0001}","{""detection_events"":253,""detectors_checked"":688128}"
      3072,         0,         0,   0.031,standalone_exact_mw,da1b05328a50158d3ddc50a94fd8dc063895f28eb3c937e1bf932a9499513bc0,"{""distance"":5,""physical_error_rate"":5e-05}","{""detection_events"":128,""detectors_checked"":688128}"
     11264,         1,         0,   0.114,standalone_exact_mw,a08eb9916bd7e95ca8a954036fa5b6d2576fbe4960b891dec8536a92078ec5d6,"{""distance"":5,""physical_error_rate"":0.001}","{""detection_events"":8966,""detectors_checked"":2523136,""obs_mistake_mask=E"":1}"
      2048,         0,         0,   0.025,standalone_exact_mw,da1b05328a50158d3ddc50a94fd8dc063895f28eb3c937e1bf932a9499513bc0,"{""distance"":5,""physical_error_rate"":5e-05}","{""detection_events"":66,""detectors_checked"":458752}"
      3072,         0,         0,   0.032,standalone_exact_mw,a1776e816afac70014f11f56bcdb5c816a7707d7213b56760e86cab507e42ef3,"{""distance"":5,""physical_error_rate"":0.0001}","{""detection_events"":250,""detectors_checked"":688128}"
      5120,         0,         0,   0.057,standalone_exact_mw,a1776e816afac70014f11f56bcdb5c816a7707d7213b56760e86cab507e42ef3,"{""distance"":5,""physical_error_rate"":0.0001}","{""detection_events"":443,""detectors_checked"":1146880}"
      4096,         0,         0,   0.058,standalone_exact_mw,e5b1593c0e383368e36e36cad39a29f258d2f8e653c88d1b733626fe43257e38,"{""distance"":5,""physical_error_rate"":0.0005}","{""detection_events"":1543,""detectors_checked"":917504}"
      3072,         0,         0,   0.031,standalone_exact_mw,da1b05328a50158d3ddc50a94fd8dc063895f28eb3c937e1bf932a9499513bc0,"{""distance"":5,""physical_error_rate"":5e-05}","{""detection_events"":133,""detectors_checked"":688128}"
      1297,         0,         0,   0.014,standalone_exact_mw,a08eb9916bd7e95ca8a954036fa5b6d2576fbe4960b891dec8536a92078ec5d6,"{""distance"":5,""physical_error_rate"":0.001}","{""detection_events"":1076,""detectors_checked"":290528}"
      4096,         0,         0,   0.050,standalone_exact_mw,da1b05328a50158d3ddc50a94fd8dc063895f28eb3c937e1bf932a9499513bc0,"{""distance"":5,""physical_error_rate"":5e-05}","{""detection_events"":141,""detectors_checked"":917504}"
      3072,         0,         0,   0.045,standalone_exact_mw,a1776e816afac70014f11f56bcdb5c816a7707d7213b56760e86cab507e42ef3,"{""distance"":5,""physical_error_rate"":0.0001}","{""detection_events"":257,""detectors_checked"":688128}"
      2048,         0,         0,   0.021,standalone_exact_mw,a08eb9916bd7e95ca8a954036fa5b6d2576fbe4960b891dec8536a92078ec5d6,"{""distance"":5,""physical_error_rate"":0.001}","{""detection_events"":1641,""detectors_checked"":458752}"
      4096,         0,         0,   0.050,standalone_exact_mw,da1b05328a50158d3ddc50a94fd8dc063895f28eb3c937e1bf932a9499513bc0,"{""distance"":5,""physical_error_rate"":5e-05}","{""detection_events"":182,""detectors_checked"":917504}"
      1024,         0,         0,   0.029,standalone_exact_mw,a08eb9916bd7e95ca8a954036fa5b6d2576fbe4960b891dec8536a92078ec5d6,"{""distance"":5,""physical_error_rate"":0.001}","{""detection_events"":886,""detectors_checked"":229376}"
      5120,         0,         0,   0.056,standalone_exact_mw,da1b05328a50158d3ddc50a94fd8dc063895f28eb3c937e1bf932a9499513bc0,"{""distance"":5,""physical_error_rate"":5e-05}","{""detection_events"":210,""detectors_checked"":1146880}"
      6144,         0,         0,   0.077,standalone_exact_mw,a1776e816afac70014f11f56bcdb5c816a7707d7213b56760e86cab507e42ef3,"{""distance"":5,""physical_error_rate"":0.0001}","{""detection_events"":509,""detectors_checked"":1376256}"
      5120,         0,         0,   0.057,standalone_exact_mw,a1776e816afac70014f11f56bcdb5c816a7707d7213b56760e86cab507e42ef3,"{""distance"":5,""physical_error_rate"":0.0001}","{""detection_events"":397,""detectors_checked"":1146880}"
      5120,         0,         0,   0.092,standalone_exact_mw,e5b1593c0e383368e36e36cad39a29f258d2f8e653c88d1b733626fe43257e38,"{""distance"":5,""physical_error_rate"":0.0005}","{""detection_events"":2105,""detectors_checked"":1146880}"
      1024,         0,         0,   0.028,standalone_exact_mw,a08eb9916bd7e95ca8a954036fa5b6d2576fbe4960b891dec8536a92078ec5d6,"{""distance"":5,""physical_error_rate"":0.001}","{""detection_events"":796,""detectors_checked"":229376}"
      5120,         0,         0,   0.056,standalone_exact_mw,da1b05328a50158d3ddc50a94fd8dc063895f28eb3c937e1bf932a9499513bc0,"{""distance"":5,""physical_error_rate"":5e-05}","{""detection_events"":221,""detectors_checked"":1146880}"
     11264,         0,         0,   0.162,standalone_exact_mw,a08eb9916bd7e95ca8a954036fa5b6d2576fbe4960b891dec8536a92078ec5d6,"{""distance"":5,""physical_error_rate"":0.001}","{""detection_events"":9155,""detectors_checked"":2523136}"
      6144,         0,         0,   0.075,standalone_exact_mw,da1b05328a50158d3ddc50a94fd8dc063895f28eb3c937e1bf932a9499513bc0,"{""distance"":5,""physical_error_rate"":5e-05}","{""detection_events"":276,""detectors_checked"":1376256}"
      2048,         0,         0,   0.057,standalone_exact_mw,a08eb9916bd7e95ca8a954036fa5b6d2576fbe4960b891dec8536a92078ec5d6,"{""distance"":5,""physical_error_rate"":0.001}","{""detection_events"":1658,""detectors_checked"":458752}"
      6144,         0,         0,   0.076,standalone_exact_mw,a1776e816afac70014f11f56bcdb5c816a7707d7213b56760e86cab507e42ef3,"{""distance"":5,""physical_error_rate"":0.0001}","{""detection_events"":453,""detectors_checked"":1376256}"
      6144,         0,         0,   0.075,standalone_exact_mw,da1b05328a50158d3ddc50a94fd8dc063895f28eb3c937e1bf932a9499513bc0,"{""distance"":5,""physical_error_rate"":5e-05}","{""detection_events"":219,""detectors_checked"":1376256}"
      9216,         0,         0,   0.121,standalone_exact_mw,a1776e816afac70014f11f56bcdb5c816a7707d7213b56760e86cab507e42ef3,"{""distance"":5,""physical_error_rate"":0.0001}","{""detection_events"":777,""detectors_checked"":2064384}"
      7168,         0,         0,   0.108,standalone_exact_mw,e5b1593c0e383368e36e36cad39a29f258d2f8e653c88d1b733626fe43257e38,"{""distance"":5,""physical_error_rate"":0.0005}","{""detection_events"":2931,""detectors_checked"":1605632}"
      2048,         0,         0,   0.056,standalone_exact_mw,a08eb9916bd7e95ca8a954036fa5b6d2576fbe4960b891dec8536a92078ec5d6,"{""distance"":5,""physical_error_rate"":0.001}","{""detection_events"":1774,""detectors_checked"":458752}"
      9216,         0,         0,   0.106,standalone_exact_mw,da1b05328a50158d3ddc50a94fd8dc063895f28eb3c937e1bf932a9499513bc0,"{""distance"":5,""physical_error_rate"":5e-05}","{""detection_events"":400,""detectors_checked"":2064384}"
      9216,         0,         0,   0.108,standalone_exact_mw,a1776e816afac70014f11f56bcdb5c816a7707d7213b56760e86cab507e42ef3,"{""distance"":5,""physical_error_rate"":0.0001}","{""detection_events"":719,""detectors_checked"":2064384}"
      9216,         0,         0,   0.106,standalone_exact_mw,da1b05328a50158d3ddc50a94fd8dc063895f28eb3c937e1bf932a9499513bc0,"{""distance"":5,""physical_error_rate"":5e-05}","{""detection_events"":334,""detectors_checked"":2064384}"
      3072,         0,         0,   0.083,standalone_exact_mw,a08eb9916bd7e95ca8a954036fa5b6d2576fbe4960b891dec8536a92078ec5d6,"{""distance"":5,""physical_error_rate"":0.001}","{""detection_events"":2396,""detectors_checked"":688128}"
     18432,         0,         0,   0.207,standalone_exact_mw,a08eb9916bd7e95ca8a954036fa5b6d2576fbe4960b891dec8536a92078ec5d6,"{""distance"":5,""physical_error_rate"":0.001}","{""detection_events"":14771,""detectors_checked"":4128768}"
     13312,         0,         0,   0.159,standalone_exact_mw,a1776e816afac70014f11f56bcdb5c816a7707d7213b56760e86cab507e42ef3,"{""distance"":5,""physical_error_rate"":0.0001}","{""detection_events"":1020,""detectors_checked"":2981888}"
     10240,         0,         0,   0.157,standalone_exact_mw,e5b1593c0e383368e36e36cad39a29f258d2f8e653c88d1b733626fe43257e38,"{""distance"":5,""physical_error_rate"":0.0005}","{""detection_events"":3884,""detectors_checked"":2293760}"
     12288,         0,         0,   0.150,standalone_exact_mw,da1b05328a50158d3ddc50a94fd8dc063895f28eb3c937e1bf932a9499513bc0,"{""distance"":5,""physical_error_rate"":5e-05}","{""detection_events"":530,""detectors_checked"":2752512}"
     12288,         0,         0,   0.152,standalone_exact_mw,a1776e816afac70014f11f56bcdb5c816a7707d7213b56760e86cab507e42ef3,"{""distance"":5,""physical_error_rate"":0.0001}","{""detection_events"":935,""detectors_checked"":2752512}"
      4096,         0,         0,   0.111,standalone_exact_mw,a08eb9916bd7e95ca8a954036fa5b6d2576fbe4960b891dec8536a92078ec5d6,"{""distance"":5,""physical_error_rate"":0.001}","{""detection_events"":3283,""detectors_checked"":917504}"
     12288,         0,         0,   0.151,standalone_exact_mw,da1b05328a50158d3ddc50a94fd8dc063895f28eb3c937e1bf932a9499513bc0,"{""distance"":5,""physical_error_rate"":5e-05}","{""detection_events"":482,""detectors_checked"":2752512}"
     17408,         0,         0,   0.209,standalone_exact_mw,a1776e816afac70014f11f56bcdb5c816a7707d7213b56760e86cab507e42ef3,"{""distance"":5,""physical_error_rate"":0.0001}","{""detection_events"":1393,""detectors_checked"":3899392}"
     13312,         0,         0,   0.209,standalone_exact_mw,e5b1593c0e383368e36e36cad39a29f258d2f8e653c88d1b733626fe43257e38,"{""distance"":5,""physical_error_rate"":0.0005}","{""detection_events"":5472,""detectors_checked"":2981888}"
      5120,         0,         0,   0.157,standalone_exact_mw,a08eb9916bd7e95ca8a954036fa5b6d2576fbe4960b891dec8536a92078ec5d6,"{""distance"":5,""physical_error_rate"":0.001}","{""detection_events"":4175,""detectors_checked"":1146880}"
     17408,         0,         0,   0.207,standalone_exact_mw,da1b05328a50158d3ddc50a94fd8dc063895f28eb3c937e1bf932a9499513bc0,"{""distance"":5,""physical_error_rate"":5e-05}","{""detection_events"":718,""detectors_checked"":3899392}"
     17408,         0,         0,   0.210,standalone_exact_mw,a1776e816afac70014f11f56bcdb5c816a7707d7213b56760e86cab507e42ef3,"{""distance"":5,""physical_error_rate"":0.0001}","{""detection_events"":1417,""detectors_checked"":3899392}"
     22528,         0,         0,   0.309,standalone_exact_mw,a08eb9916bd7e95ca8a954036fa5b6d2576fbe4960b891dec8536a92078ec5d6,"{""distance"":5,""physical_error_rate"":0.001}","{""detection_events"":18413,""detectors_checked"":5046272}"
     17408,         0,         0,   0.206,standalone_exact_mw,da1b05328a50158d3ddc50a94fd8dc063895f28eb3c937e1bf932a9499513bc0,"{""distance"":5,""physical_error_rate"":5e-05}","{""detection_events"":649,""detectors_checked"":3899392}"
      9216,         0,         0,   0.231,standalone_exact_mw,a08eb9916bd7e95ca8a954036fa5b6d2576fbe4960b891dec8536a92078ec5d6,"{""distance"":5,""physical_error_rate"":0.001}","{""detection_events"":7448,""detectors_checked"":2064384}"
     24576,         0,         0,   0.306,standalone_exact_mw,a1776e816afac70014f11f56bcdb5c816a7707d7213b56760e86cab507e42ef3,"{""distance"":5,""physical_error_rate"":0.0001}","{""detection_events"":2095,""detectors_checked"":5505024}"
     19456,         0,         0,   0.308,standalone_exact_mw,e5b1593c0e383368e36e36cad39a29f258d2f8e653c88d1b733626fe43257e38,"{""distance"":5,""physical_error_rate"":0.0005}","{""detection_events"":7774,""detectors_checked"":4358144}"
     25600,         0,         0,   0.290,standalone_exact_mw,da1b05328a50158d3ddc50a94fd8dc063895f28eb3c937e1bf932a9499513bc0,"{""distance"":5,""physical_error_rate"":5e-05}","{""detection_events"":1043,""detectors_checked"":5734400}"
     24576,         0,         0,   0.305,standalone_exact_mw,a1776e816afac70014f11f56bcdb5c816a7707d7213b56760e86cab507e42ef3,"{""distance"":5,""physical_error_rate"":0.0001}","{""detection_events"":2060,""detectors_checked"":5505024}"
     25600,         0,         0,   0.307,standalone_exact_mw,da1b05328a50158d3ddc50a94fd8dc063895f28eb3c937e1bf932a9499513bc0,"{""distance"":5,""physical_error_rate"":5e-05}","{""detection_events"":1056,""detectors_checked"":5734400}"
     33792,         0,         0,   0.420,standalone_exact_mw,a08eb9916bd7e95ca8a954036fa5b6d2576fbe4960b891dec8536a92078ec5d6,"{""distance"":5,""physical_error_rate"":0.001}","{""detection_events"":27175,""detectors_checked"":7569408}"
     11264,         0,         0,   0.324,standalone_exact_mw,a08eb9916bd7e95ca8a954036fa5b6d2576fbe4960b891dec8536a92078ec5d6,"{""distance"":5,""physical_error_rate"":0.001}","{""detection_events"":8892,""detectors_checked"":2523136}"
     25600,         0,         0,   0.411,standalone_exact_mw,e5b1593c0e383368e36e36cad39a29f258d2f8e653c88d1b733626fe43257e38,"{""distance"":5,""physical_error_rate"":0.0005}","{""detection_events"":10445,""detectors_checked"":5734400}"
     33792,         0,         0,   0.414,standalone_exact_mw,a1776e816afac70014f11f56bcdb5c816a7707d7213b56760e86cab507e42ef3,"{""distance"":5,""physical_error_rate"":0.0001}","{""detection_events"":2863,""detectors_checked"":7569408}"
     33792,         0,         0,   0.407,standalone_exact_mw,da1b05328a50158d3ddc50a94fd8dc063895f28eb3c937e1bf932a9499513bc0,"{""distance"":5,""physical_error_rate"":5e-05}","{""detection_events"":1294,""detectors_checked"":7569408}"
     34816,         0,         0,   0.406,standalone_exact_mw,a1776e816afac70014f11f56bcdb5c816a7707d7213b56760e86cab507e42ef3,"{""distance"":5,""physical_error_rate"":0.0001}","{""detection_events"":2759,""detectors_checked"":7798784}"
     34816,         0,         0,   0.416,standalone_exact_mw,da1b05328a50158d3ddc50a94fd8dc063895f28eb3c937e1bf932a9499513bc0,"{""distance"":5,""physical_error_rate"":5e-05}","{""detection_events"":1457,""detectors_checked"":7798784}"
     14336,         0,         0,   0.433,standalone_exact_mw,a08eb9916bd7e95ca8a954036fa5b6d2576fbe4960b891dec8536a92078ec5d6,"{""distance"":5,""physical_error_rate"":0.001}","{""detection_events"":11651,""detectors_checked"":3211264}"
     44032,         0,         0,   0.576,standalone_exact_mw,a08eb9916bd7e95ca8a954036fa5b6d2576fbe4960b891dec8536a92078ec5d6,"{""distance"":5,""physical_error_rate"":0.001}","{""detection_events"":35963,""detectors_checked"":9863168}"
     35840,         0,         0,   0.567,standalone_exact_mw,e5b1593c0e383368e36e36cad39a29f258d2f8e653c88d1b733626fe43257e38,"{""distance"":5,""physical_error_rate"":0.0005}","{""detection_events"":14683,""detectors_checked"":8028160}"
     47104,         0,         0,   0.560,standalone_exact_mw,a1776e816afac70014f11f56bcdb5c816a7707d7213b56760e86cab507e42ef3,"{""distance"":5,""physical_error_rate"":0.0001}","{""detection_events"":3765,""detectors_checked"":10551296}"
     49152,         0,         0,   0.569,standalone_exact_mw,da1b05328a50158d3ddc50a94fd8dc063895f28eb3c937e1bf932a9499513bc0,"{""distance"":5,""physical_error_rate"":5e-05}","{""detection_events"":2022,""detectors_checked"":11010048}"
     47104,         0,         0,   0.576,standalone_exact_mw,a1776e816afac70014f11f56bcdb5c816a7707d7213b56760e86cab507e42ef3,"{""distance"":5,""physical_error_rate"":0.0001}","{""detection_events"":3916,""detectors_checked"":10551296}"
     48128,         0,         0,   0.575,standalone_exact_mw,da1b05328a50158d3ddc50a94fd8dc063895f28eb3c937e1bf932a9499513bc0,"{""distance"":5,""physical_error_rate"":5e-05}","{""detection_events"":1855,""detectors_checked"":10780672}"
   8962048,         1,         0,   119.5,standalone_exact_mw,e5b1593c0e383368e36e36cad39a29f258d2f8e653c88d1b733626fe43257e38,"{""distance"":5,""physical_error_rate"":0.0005}","{""detection_events"":3624941,""detectors_checked"":2007498752,""obs_mistake_mask=E"":1}"
     21504,         0,         0,   0.568,standalone_exact_mw,a08eb9916bd7e95ca8a954036fa5b6d2576fbe4960b891dec8536a92078ec5d6,"{""distance"":5,""physical_error_rate"":0.001}","{""detection_events"":17505,""detectors_checked"":4816896}"
  12932096,         0,         0,   119.5,standalone_exact_mw,a1776e816afac70014f11f56bcdb5c816a7707d7213b56760e86cab507e42ef3,"{""distance"":5,""physical_error_rate"":0.0001}","{""detection_events"":1048697,""detectors_checked"":2896789504}"
  11102208,         0,         0,   119.4,standalone_exact_mw,da1b05328a50158d3ddc50a94fd8dc063895f28eb3c937e1bf932a9499513bc0,"{""distance"":5,""physical_error_rate"":5e-05}","{""detection_events"":450071,""detectors_checked"":2486894592}"
   7309312,         2,         0,   119.6,standalone_exact_mw,e5b1593c0e383368e36e36cad39a29f258d2f8e653c88d1b733626fe43257e38,"{""distance"":5,""physical_error_rate"":0.0005}","{""detection_events"":2968638,""detectors_checked"":1637285888,""obs_mistake_mask=E"":2}"
     52224,         0,         0,   0.806,standalone_exact_mw,a08eb9916bd7e95ca8a954036fa5b6d2576fbe4960b891dec8536a92078ec5d6,"{""distance"":5,""physical_error_rate"":0.001}","{""detection_events"":42285,""detectors_checked"":11698176}"
     51200,         0,         0,   0.808,standalone_exact_mw,e5b1593c0e383368e36e36cad39a29f258d2f8e653c88d1b733626fe43257e38,"{""distance"":5,""physical_error_rate"":0.0005}","{""detection_events"":20779,""detectors_checked"":11468800}"
     65536,         0,         0,   0.801,standalone_exact_mw,a1776e816afac70014f11f56bcdb5c816a7707d7213b56760e86cab507e42ef3,"{""distance"":5,""physical_error_rate"":0.0001}","{""detection_events"":5280,""detectors_checked"":14680064}"
    112640,         0,         0,   0.793,standalone_exact_mw,da1b05328a50158d3ddc50a94fd8dc063895f28eb3c937e1bf932a9499513bc0,"{""distance"":5,""physical_error_rate"":5e-05}","{""detection_events"":4660,""detectors_checked"":25231360}"
     64512,         0,         0,   0.784,standalone_exact_mw,a1776e816afac70014f11f56bcdb5c816a7707d7213b56760e86cab507e42ef3,"{""distance"":5,""physical_error_rate"":0.0001}","{""detection_events"":5073,""detectors_checked"":14450688}"
     66560,         0,         0,   0.797,standalone_exact_mw,da1b05328a50158d3ddc50a94fd8dc063895f28eb3c937e1bf932a9499513bc0,"{""distance"":5,""physical_error_rate"":5e-05}","{""detection_events"":2835,""detectors_checked"":14909440}"
     30720,         0,         0,   0.823,standalone_exact_mw,a08eb9916bd7e95ca8a954036fa5b6d2576fbe4960b891dec8536a92078ec5d6,"{""distance"":5,""physical_error_rate"":0.001}","{""detection_events"":24773,""detectors_checked"":6881280}"
     57344,         0,         0,    1.13,standalone_exact_mw,a08eb9916bd7e95ca8a954036fa5b6d2576fbe4960b891dec8536a92078ec5d6,"{""distance"":5,""physical_error_rate"":0.001}","{""detection_events"":46329,""detectors_checked"":12845056}"
     70656,         0,         0,    1.12,standalone_exact_mw,e5b1593c0e383368e36e36cad39a29f258d2f8e653c88d1b733626fe43257e38,"{""distance"":5,""physical_error_rate"":0.0005}","{""detection_events"":28466,""detectors_checked"":15826944}"
     92160,         0,         0,    1.12,standalone_exact_mw,a1776e816afac70014f11f56bcdb5c816a7707d7213b56760e86cab507e42ef3,"{""distance"":5,""physical_error_rate"":0.0001}","{""detection_events"":7407,""detectors_checked"":20643840}"
    111616,         0,         0,    1.10,standalone_exact_mw,da1b05328a50158d3ddc50a94fd8dc063895f28eb3c937e1bf932a9499513bc0,"{""distance"":5,""physical_error_rate"":5e-05}","{""detection_events"":4570,""detectors_checked"":25001984}"
     91136,         0,         0,    1.11,standalone_exact_mw,a1776e816afac70014f11f56bcdb5c816a7707d7213b56760e86cab507e42ef3,"{""distance"":5,""physical_error_rate"":0.0001}","{""detection_events"":7518,""detectors_checked"":20414464}"
     94208,         0,         0,    1.10,standalone_exact_mw,da1b05328a50158d3ddc50a94fd8dc063895f28eb3c937e1bf932a9499513bc0,"{""distance"":5,""physical_error_rate"":5e-05}","{""detection_events"":3672,""detectors_checked"":21102592}"
     49152,         0,         0,    1.09,standalone_exact_mw,a08eb9916bd7e95ca8a954036fa5b6d2576fbe4960b891dec8536a92078ec5d6,"{""distance"":5,""physical_error_rate"":0.001}","{""detection_events"":39823,""detectors_checked"":11010048}"
    103424,         0,         0,    1.57,standalone_exact_mw,a08eb9916bd7e95ca8a954036fa5b6d2576fbe4960b891dec8536a92078ec5d6,"{""distance"":5,""physical_error_rate"":0.001}","{""detection_events"":83845,""detectors_checked"":23166976}"
    129024,         0,         0,    1.57,standalone_exact_mw,a1776e816afac70014f11f56bcdb5c816a7707d7213b56760e86cab507e42ef3,"{""distance"":5,""physical_error_rate"":0.0001}","{""detection_events"":10544,""detectors_checked"":28901376}"
     99328,         0,         0,    1.55,standalone_exact_mw,e5b1593c0e383368e36e36cad39a29f258d2f8e653c88d1b733626fe43257e38,"{""distance"":5,""physical_error_rate"":0.0005}","{""detection_events"":40379,""detectors_checked"":22249472}"
    126976,         0,         0,    1.57,standalone_exact_mw,da1b05328a50158d3ddc50a94fd8dc063895f28eb3c937e1bf932a9499513bc0,"{""distance"":5,""physical_error_rate"":5e-05}","{""detection_events"":5165,""detectors_checked"":28442624}"
    123904,         0,         0,    1.55,standalone_exact_mw,a1776e816afac70014f11f56bcdb5c816a7707d7213b56760e86cab507e42ef3,"{""distance"":5,""physical_error_rate"":0.0001}","{""detection_events"":9947,""detectors_checked"":27754496}"
    130048,         0,         0,    1.56,standalone_exact_mw,da1b05328a50158d3ddc50a94fd8dc063895f28eb3c937e1bf932a9499513bc0,"{""distance"":5,""physical_error_rate"":5e-05}","{""detection_events"":5056,""detectors_checked"":29130752}"
     91136,         1,         0,    1.55,standalone_exact_mw,a08eb9916bd7e95ca8a954036fa5b6d2576fbe4960b891dec8536a92078ec5d6,"{""distance"":5,""physical_error_rate"":0.001}","{""detection_events"":73934,""detectors_checked"":20414464,""obs_mistake_mask=E"":1}"
    117760,         1,         0,    2.17,standalone_exact_mw,a08eb9916bd7e95ca8a954036fa5b6d2576fbe4960b891dec8536a92078ec5d6,"{""distance"":5,""physical_error_rate"":0.001}","{""detection_events"":96223,""detectors_checked"":26378240,""obs_mistake_mask=E"":1}"
    167936,         0,         0,    2.17,standalone_exact_mw,a1776e816afac70014f11f56bcdb5c816a7707d7213b56760e86cab507e42ef3,"{""distance"":5,""physical_error_rate"":0.0001}","{""detection_events"":13479,""detectors_checked"":37617664}"
    176128,         0,         0,    2.16,standalone_exact_mw,da1b05328a50158d3ddc50a94fd8dc063895f28eb3c937e1bf932a9499513bc0,"{""distance"":5,""physical_error_rate"":5e-05}","{""detection_events"":6854,""detectors_checked"":39452672}"
    138240,         0,         0,    2.17,standalone_exact_mw,e5b1593c0e383368e36e36cad39a29f258d2f8e653c88d1b733626fe43257e38,"{""distance"":5,""physical_error_rate"":0.0005}","{""detection_events"":55892,""detectors_checked"":30965760}"
    161792,         0,         0,    2.18,standalone_exact_mw,a1776e816afac70014f11f56bcdb5c816a7707d7213b56760e86cab507e42ef3,"{""distance"":5,""physical_error_rate"":0.0001}","{""detection_events"":13110,""detectors_checked"":36241408}"
    172032,         0,         0,    2.19,standalone_exact_mw,da1b05328a50158d3ddc50a94fd8dc063895f28eb3c937e1bf932a9499513bc0,"{""distance"":5,""physical_error_rate"":5e-05}","{""detection_events"":6923,""detectors_checked"":38535168}"
    161792,         0,         0,    2.18,standalone_exact_mw,a08eb9916bd7e95ca8a954036fa5b6d2576fbe4960b891dec8536a92078ec5d6,"{""distance"":5,""physical_error_rate"":0.001}","{""detection_events"":130918,""detectors_checked"":36241408}"
    155648,         0,         0,    3.03,standalone_exact_mw,a08eb9916bd7e95ca8a954036fa5b6d2576fbe4960b891dec8536a92078ec5d6,"{""distance"":5,""physical_error_rate"":0.001}","{""detection_events"":126006,""detectors_checked"":34865152}"
    253952,         0,         0,    3.03,standalone_exact_mw,da1b05328a50158d3ddc50a94fd8dc063895f28eb3c937e1bf932a9499513bc0,"{""distance"":5,""physical_error_rate"":5e-05}","{""detection_events"":10539,""detectors_checked"":56885248}"
    329728,         0,         0,    3.04,standalone_exact_mw,a1776e816afac70014f11f56bcdb5c816a7707d7213b56760e86cab507e42ef3,"{""distance"":5,""physical_error_rate"":0.0001}","{""detection_events"":27273,""detectors_checked"":73859072}"
    191488,         0,         0,    3.02,standalone_exact_mw,e5b1593c0e383368e36e36cad39a29f258d2f8e653c88d1b733626fe43257e38,"{""distance"":5,""physical_error_rate"":0.0005}","{""detection_events"":79001,""detectors_checked"":42893312}"
    248832,         0,         0,    3.03,standalone_exact_mw,a1776e816afac70014f11f56bcdb5c816a7707d7213b56760e86cab507e42ef3,"{""distance"":5,""physical_error_rate"":0.0001}","{""detection_events"":19696,""detectors_checked"":55738368}"
    203776,         0,         0,    3.04,standalone_exact_mw,da1b05328a50158d3ddc50a94fd8dc063895f28eb3c937e1bf932a9499513bc0,"{""distance"":5,""physical_error_rate"":5e-05}","{""detection_events"":8377,""detectors_checked"":45645824}"
    153600,         0,         0,    3.08,standalone_exact_mw,a08eb9916bd7e95ca8a954036fa5b6d2576fbe4960b891dec8536a92078ec5d6,"{""distance"":5,""physical_error_rate"":0.001}","{""detection_events"":124708,""detectors_checked"":34406400}"
    311296,         0,         0,    4.26,standalone_exact_mw,a08eb9916bd7e95ca8a954036fa5b6d2576fbe4960b891dec8536a92078ec5d6,"{""distance"":5,""physical_error_rate"":0.001}","{""detection_events"":251422,""detectors_checked"":69730304}"
    431104,         0,         0,    4.26,standalone_exact_mw,da1b05328a50158d3ddc50a94fd8dc063895f28eb3c937e1bf932a9499513bc0,"{""distance"":5,""physical_error_rate"":5e-05}","{""detection_events"":17402,""detectors_checked"":96567296}"
    252928,         0,         0,    4.24,standalone_exact_mw,e5b1593c0e383368e36e36cad39a29f258d2f8e653c88d1b733626fe43257e38,"{""distance"":5,""physical_error_rate"":0.0005}","{""detection_events"":103124,""detectors_checked"":56655872}"
    532480,         0,         0,    4.24,standalone_exact_mw,a1776e816afac70014f11f56bcdb5c816a7707d7213b56760e86cab507e42ef3,"{""distance"":5,""physical_error_rate"":0.0001}","{""detection_events"":42899,""detectors_checked"":119275520}"
    340992,         0,         0,    4.25,standalone_exact_mw,a1776e816afac70014f11f56bcdb5c816a7707d7213b56760e86cab507e42ef3,"{""distance"":5,""physical_error_rate"":0.0001}","{""detection_events"":27457,""detectors_checked"":76382208}"
    305152,         0,         0,    4.26,standalone_exact_mw,da1b05328a50158d3ddc50a94fd8dc063895f28eb3c937e1bf932a9499513bc0,"{""distance"":5,""physical_error_rate"":5e-05}","{""detection_events"":12437,""detectors_checked"":68354048}"
   7006208,        17,         0,   119.5,standalone_exact_mw,a08eb9916bd7e95ca8a954036fa5b6d2576fbe4960b891dec8536a92078ec5d6,"{""distance"":5,""physical_error_rate"":0.001}","{""detection_events"":5677984,""detectors_checked"":1569390592,""obs_mistake_mask=E"":17}"
   5981184,         6,         0,   119.5,standalone_exact_mw,a08eb9916bd7e95ca8a954036fa5b6d2576fbe4960b891dec8536a92078ec5d6,"{""distance"":5,""physical_error_rate"":0.001}","{""detection_events"":4845817,""detectors_checked"":1339785216,""obs_mistake_mask=E"":6}"
    174080,         0,         0,    4.25,standalone_exact_mw,a08eb9916bd7e95ca8a954036fa5b6d2576fbe4960b891dec8536a92078ec5d6,"{""distance"":5,""physical_error_rate"":0.001}","{""detection_events"":140256,""detectors_checked"":38993920}"
    427008,         3,         0,    5.97,standalone_exact_mw,a08eb9916bd7e95ca8a954036fa5b6d2576fbe4960b891dec8536a92078ec5d6,"{""distance"":5,""physical_error_rate"":0.001}","{""detection_events"":344467,""detectors_checked"":95649792,""obs_mistake_mask=E"":3}"
    375808,         0,         0,    5.94,standalone_exact_mw,e5b1593c0e383368e36e36cad39a29f258d2f8e653c88d1b733626fe43257e38,"{""distance"":5,""physical_error_rate"":0.0005}","{""detection_events"":152147,""detectors_checked"":84180992}"
    500736,         0,         0,    5.94,standalone_exact_mw,da1b05328a50158d3ddc50a94fd8dc063895f28eb3c937e1bf932a9499513bc0,"{""distance"":5,""physical_error_rate"":5e-05}","{""detection_events"":20584,""detectors_checked"":112164864}"
    670720,         0,         0,    5.96,standalone_exact_mw,a1776e816afac70014f11f56bcdb5c816a7707d7213b56760e86cab507e42ef3,"{""distance"":5,""physical_error_rate"":0.0001}","{""detection_events"":54287,""detectors_checked"":150241280}"
    470016,         0,         0,    5.94,standalone_exact_mw,a1776e816afac70014f11f56bcdb5c816a7707d7213b56760e86cab507e42ef3,"{""distance"":5,""physical_error_rate"":0.0001}","{""detection_events"":37936,""detectors_checked"":105283584}"
    478208,         0,         0,    5.95,standalone_exact_mw,da1b05328a50158d3ddc50a94fd8dc063895f28eb3c937e1bf932a9499513bc0,"{""distance"":5,""physical_error_rate"":5e-05}","{""detection_events"":19663,""detectors_checked"":107118592}"
    292864,         0,         0,    5.95,standalone_exact_mw,a08eb9916bd7e95ca8a954036fa5b6d2576fbe4960b891dec8536a92078ec5d6,"{""distance"":5,""physical_error_rate"":0.001}","{""detection_events"":235968,""detectors_checked"":65601536}"
    467968,         0,         0,    8.33,standalone_exact_mw,a08eb9916bd7e95ca8a954036fa5b6d2576fbe4960b891dec8536a92078ec5d6,"{""distance"":5,""physical_error_rate"":0.001}","{""detection_events"":379634,""detectors_checked"":104824832}"
    760832,         0,         0,    8.31,standalone_exact_mw,da1b05328a50158d3ddc50a94fd8dc063895f28eb3c937e1bf932a9499513bc0,"{""distance"":5,""physical_error_rate"":5e-05}","{""detection_events"":31103,""detectors_checked"":170426368}"
    523264,         0,         0,    8.36,standalone_exact_mw,e5b1593c0e383368e36e36cad39a29f258d2f8e653c88d1b733626fe43257e38,"{""distance"":5,""physical_error_rate"":0.0005}","{""detection_events"":212031,""detectors_checked"":117211136}"
   1056768,         0,         0,    8.33,standalone_exact_mw,a1776e816afac70014f11f56bcdb5c816a7707d7213b56760e86cab507e42ef3,"{""distance"":5,""physical_error_rate"":0.0001}","{""detection_events"":85912,""detectors_checked"":236716032}"
    661504,         0,         0,    8.35,standalone_exact_mw,a1776e816afac70014f11f56bcdb5c816a7707d7213b56760e86cab507e42ef3,"{""distance"":5,""physical_error_rate"":0.0001}","{""detection_events"":53740,""detectors_checked"":148176896}"
    659456,         0,         0,    8.33,standalone_exact_mw,da1b05328a50158d3ddc50a94fd8dc063895f28eb3c937e1bf932a9499513bc0,"{""distance"":5,""physical_error_rate"":5e-05}","{""detection_events"":27097,""detectors_checked"":147718144}"
    414720,         0,         0,    8.33,standalone_exact_mw,a08eb9916bd7e95ca8a954036fa5b6d2576fbe4960b891dec8536a92078ec5d6,"{""distance"":5,""physical_error_rate"":0.001}","{""detection_events"":335732,""detectors_checked"":92897280}"
    845824,         0,         0,    11.7,standalone_exact_mw,a08eb9916bd7e95ca8a954036fa5b6d2576fbe4960b891dec8536a92078ec5d6,"{""distance"":5,""physical_error_rate"":0.001}","{""detection_events"":685121,""detectors_checked"":189464576}"
   1009664,         0,         0,    11.7,standalone_exact_mw,da1b05328a50158d3ddc50a94fd8dc063895f28eb3c937e1bf932a9499513bc0,"{""distance"":5,""physical_error_rate"":5e-05}","{""detection_events"":40964,""detectors_checked"":226164736}"
    738304,         0,         0,    11.6,standalone_exact_mw,e5b1593c0e383368e36e36cad39a29f258d2f8e653c88d1b733626fe43257e38,"{""distance"":5,""physical_error_rate"":0.0005}","{""detection_events"":300104,""detectors_checked"":165380096}"
   1266688,         0,         0,    11.7,standalone_exact_mw,a1776e816afac70014f11f56bcdb5c816a7707d7213b56760e86cab507e42ef3,"{""distance"":5,""physical_error_rate"":0.0001}","{""detection_events"":102884,""detectors_checked"":283738112}"
    921600,         0,         0,    11.6,standalone_exact_mw,a1776e816afac70014f11f56bcdb5c816a7707d7213b56760e86cab507e42ef3,"{""distance"":5,""physical_error_rate"":0.0001}","{""detection_events"":74615,""detectors_checked"":206438400}"
    977920,         0,         0,    11.7,standalone_exact_mw,da1b05328a50158d3ddc50a94fd8dc063895f28eb3c937e1bf932a9499513bc0,"{""distance"":5,""physical_error_rate"":5e-05}","{""detection_events"":39759,""detectors_checked"":219054080}"
    595968,         2,         0,    11.6,standalone_exact_mw,a08eb9916bd7e95ca8a954036fa5b6d2576fbe4960b891dec8536a92078ec5d6,"{""distance"":5,""physical_error_rate"":0.001}","{""detection_events"":483760,""detectors_checked"":133496832,""obs_mistake_mask=E"":2}"
  10892288,         0,         0,   119.4,standalone_exact_mw,a1776e816afac70014f11f56bcdb5c816a7707d7213b56760e86cab507e42ef3,"{""distance"":5,""physical_error_rate"":0.0001}","{""detection_events"":885497,""detectors_checked"":2439872512}"
   8818688,         3,         0,   119.5,standalone_exact_mw,e5b1593c0e383368e36e36cad39a29f258d2f8e653c88d1b733626fe43257e38,"{""distance"":5,""physical_error_rate"":0.0005}","{""detection_events"":3582334,""detectors_checked"":1975386112,""obs_mistake_mask=E"":3}"
   6697984,         9,         0,   119.6,standalone_exact_mw,a08eb9916bd7e95ca8a954036fa5b6d2576fbe4960b891dec8536a92078ec5d6,"{""distance"":5,""physical_error_rate"":0.001}","{""detection_events"":5426200,""detectors_checked"":1500348416,""obs_mistake_mask=E"":9}"
   9497600,         0,         0,   119.3,standalone_exact_mw,a1776e816afac70014f11f56bcdb5c816a7707d7213b56760e86cab507e42ef3,"{""distance"":5,""physical_error_rate"":0.0001}","{""detection_events"":770409,""detectors_checked"":2127462400}"
   9975808,         0,         0,   119.4,standalone_exact_mw,da1b05328a50158d3ddc50a94fd8dc063895f28eb3c937e1bf932a9499513bc0,"{""distance"":5,""physical_error_rate"":5e-05}","{""detection_events"":406579,""detectors_checked"":2234580992}"
   9291776,         0,         0,   119.4,standalone_exact_mw,a1776e816afac70014f11f56bcdb5c816a7707d7213b56760e86cab507e42ef3,"{""distance"":5,""physical_error_rate"":0.0001}","{""detection_events"":755685,""detectors_checked"":2081357824}"
   7283712,         1,         0,   119.5,standalone_exact_mw,e5b1593c0e383368e36e36cad39a29f258d2f8e653c88d1b733626fe43257e38,"{""distance"":5,""physical_error_rate"":0.0005}","{""detection_events"":2951833,""detectors_checked"":1631551488,""obs_mistake_mask=E"":1}"
   5931008,        12,         0,   119.5,standalone_exact_mw,a08eb9916bd7e95ca8a954036fa5b6d2576fbe4960b891dec8536a92078ec5d6,"{""distance"":5,""physical_error_rate"":0.001}","{""detection_events"":4809659,""detectors_checked"":1328545792,""obs_mistake_mask=E"":12}"
   9825280,         0,         0,   119.4,standalone_exact_mw,da1b05328a50158d3ddc50a94fd8dc063895f28eb3c937e1bf932a9499513bc0,"{""distance"":5,""physical_error_rate"":5e-05}","{""detection_events"":400595,""detectors_checked"":2200862720}"
   7216128,         2,         0,   119.5,standalone_exact_mw,e5b1593c0e383368e36e36cad39a29f258d2f8e653c88d1b733626fe43257e38,"{""distance"":5,""physical_error_rate"":0.0005}","{""detection_events"":2929900,""detectors_checked"":1616412672,""obs_mistake_mask=E"":2}"
   5956608,        11,         0,   119.5,standalone_exact_mw,a08eb9916bd7e95ca8a954036fa5b6d2576fbe4960b891dec8536a92078ec5d6,"{""distance"":5,""physical_error_rate"":0.001}","{""detection_events"":4824335,""detectors_checked"":1334280192,""obs_mistake_mask=E"":11}"
   1420288,         2,         0,    16.3,standalone_exact_mw,a08eb9916bd7e95ca8a954036fa5b6d2576fbe4960b891dec8536a92078ec5d6,"{""distance"":5,""physical_error_rate"":0.001}","{""detection_events"":1146990,""detectors_checked"":318144512,""obs_mistake_mask=E"":2}"
   1003520,         0,         0,    16.3,standalone_exact_mw,e5b1593c0e383368e36e36cad39a29f258d2f8e653c88d1b733626fe43257e38,"{""distance"":5,""physical_error_rate"":0.0005}","{""detection_events"":406120,""detectors_checked"":224788480}"
   1899520,         0,         0,    16.3,standalone_exact_mw,da1b05328a50158d3ddc50a94fd8dc063895f28eb3c937e1bf932a9499513bc0,"{""distance"":5,""physical_error_rate"":5e-05}","{""detection_events"":77702,""detectors_checked"":425492480}"
   1959936,         0,         0,    16.3,standalone_exact_mw,a1776e816afac70014f11f56bcdb5c816a7707d7213b56760e86cab507e42ef3,"{""distance"":5,""physical_error_rate"":0.0001}","{""detection_events"":161107,""detectors_checked"":439025664}"
   1333248,         0,         0,    16.3,standalone_exact_mw,a1776e816afac70014f11f56bcdb5c816a7707d7213b56760e86cab507e42ef3,"{""distance"":5,""physical_error_rate"":0.0001}","{""detection_events"":107594,""detectors_checked"":298647552}"
   1336320,         0,         0,    16.3,standalone_exact_mw,da1b05328a50158d3ddc50a94fd8dc063895f28eb3c937e1bf932a9499513bc0,"{""distance"":5,""physical_error_rate"":5e-05}","{""detection_events"":54377,""detectors_checked"":299335680}"
   1093632,         3,         0,    16.3,standalone_exact_mw,a08eb9916bd7e95ca8a954036fa5b6d2576fbe4960b891dec8536a92078ec5d6,"{""distance"":5,""physical_error_rate"":0.001}","{""detection_events"":884534,""detectors_checked"":244973568,""obs_mistake_mask=E"":3}"
  14285824,         0,         0,   119.4,standalone_exact_mw,da1b05328a50158d3ddc50a94fd8dc063895f28eb3c937e1bf932a9499513bc0,"{""distance"":5,""physical_error_rate"":5e-05}","{""detection_events"":580445,""detectors_checked"":3200024576}"
  11863040,         0,         0,   119.4,standalone_exact_mw,a1776e816afac70014f11f56bcdb5c816a7707d7213b56760e86cab507e42ef3,"{""distance"":5,""physical_error_rate"":0.0001}","{""detection_events"":964730,""detectors_checked"":2657320960}"
   5711408,         0,         0,    57.1,standalone_exact_mw,da1b05328a50158d3ddc50a94fd8dc063895f28eb3c937e1bf932a9499513bc0,"{""distance"":5,""physical_error_rate"":5e-05}","{""detection_events"":231134,""detectors_checked"":1279355392}"
   9190400,         0,         0,    99.4,standalone_exact_mw,da1b05328a50158d3ddc50a94fd8dc063895f28eb3c937e1bf932a9499513bc0,"{""distance"":5,""physical_error_rate"":5e-05}","{""detection_events"":373898,""detectors_checked"":2058649600}"
  10682368,         2,         0,   119.5,standalone_exact_mw,e5b1593c0e383368e36e36cad39a29f258d2f8e653c88d1b733626fe43257e38,"{""distance"":5,""physical_error_rate"":0.0005}","{""detection_events"":4335473,""detectors_checked"":2392850432,""obs_mistake_mask=E"":2}"
   7244800,        10,         0,   119.7,standalone_exact_mw,a08eb9916bd7e95ca8a954036fa5b6d2576fbe4960b891dec8536a92078ec5d6,"{""distance"":5,""physical_error_rate"":0.001}","{""detection_events"":5867500,""detectors_checked"":1622835200,""obs_mistake_mask=E"":10}"
   9182374,         0,         0,    91.3,standalone_exact_mw,da1b05328a50158d3ddc50a94fd8dc063895f28eb3c937e1bf932a9499513bc0,"{""distance"":5,""physical_error_rate"":5e-05}","{""detection_events"":372434,""detectors_checked"":2056851776}"
   1463296,         0,         0,    22.9,standalone_exact_mw,a08eb9916bd7e95ca8a954036fa5b6d2576fbe4960b891dec8536a92078ec5d6,"{""distance"":5,""physical_error_rate"":0.001}","{""detection_events"":1182757,""detectors_checked"":327778304}"
   2321408,         0,         0,    22.8,standalone_exact_mw,a1776e816afac70014f11f56bcdb5c816a7707d7213b56760e86cab507e42ef3,"{""distance"":5,""physical_error_rate"":0.0001}","{""detection_events"":190241,""detectors_checked"":519995392}"
   1429504,         0,         0,    22.9,standalone_exact_mw,e5b1593c0e383368e36e36cad39a29f258d2f8e653c88d1b733626fe43257e38,"{""distance"":5,""physical_error_rate"":0.0005}","{""detection_events"":581667,""detectors_checked"":320208896}"
   2285568,         0,         0,    22.8,standalone_exact_mw,da1b05328a50158d3ddc50a94fd8dc063895f28eb3c937e1bf932a9499513bc0,"{""distance"":5,""physical_error_rate"":5e-05}","{""detection_events"":93433,""detectors_checked"":511967232}"
   1836032,         0,         0,    22.8,standalone_exact_mw,a1776e816afac70014f11f56bcdb5c816a7707d7213b56760e86cab507e42ef3,"{""distance"":5,""physical_error_rate"":0.0001}","{""detection_events"":148794,""detectors_checked"":411271168}"
   1898496,         0,         0,    22.8,standalone_exact_mw,da1b05328a50158d3ddc50a94fd8dc063895f28eb3c937e1bf932a9499513bc0,"{""distance"":5,""physical_error_rate"":5e-05}","{""detection_events"":76945,""detectors_checked"":425263104}"
   1705984,         4,         0,    22.9,standalone_exact_mw,a08eb9916bd7e95ca8a954036fa5b6d2576fbe4960b891dec8536a92078ec5d6,"{""distance"":5,""physical_error_rate"":0.001}","{""detection_events"":1381528,""detectors_checked"":382140416,""obs_mistake_mask=E"":4}"
   8772852,         0,         0,    85.9,standalone_exact_mw,a1776e816afac70014f11f56bcdb5c816a7707d7213b56760e86cab507e42ef3,"{""distance"":5,""physical_error_rate"":0.0001}","{""detection_events"":714398,""detectors_checked"":1965118848}"
  12417024,         0,         0,   111.9,standalone_exact_mw,a1776e816afac70014f11f56bcdb5c816a7707d7213b56760e86cab507e42ef3,"{""distance"":5,""physical_error_rate"":0.0001}","{""detection_events"":1009849,""detectors_checked"":2781413376}"
   7306240,         2,         0,   119.6,standalone_exact_mw,e5b1593c0e383368e36e36cad39a29f258d2f8e653c88d1b733626fe43257e38,"{""distance"":5,""physical_error_rate"":0.0005}","{""detection_events"":2964854,""detectors_checked"":1636597760,""obs_mistake_mask=E"":2}"
   2136064,         4,         0,    32.1,standalone_exact_mw,a08eb9916bd7e95ca8a954036fa5b6d2576fbe4960b891dec8536a92078ec5d6,"{""distance"":5,""physical_error_rate"":0.001}","{""detection_events"":1731610,""detectors_checked"":478478336,""obs_mistake_mask=E"":4}"
   2004992,         0,         0,    32.0,standalone_exact_mw,e5b1593c0e383368e36e36cad39a29f258d2f8e653c88d1b733626fe43257e38,"{""distance"":5,""physical_error_rate"":0.0005}","{""detection_events"":816972,""detectors_checked"":449118208}"
   3266560,         0,         0,    32.0,standalone_exact_mw,a1776e816afac70014f11f56bcdb5c816a7707d7213b56760e86cab507e42ef3,"{""distance"":5,""physical_error_rate"":0.0001}","{""detection_events"":266299,""detectors_checked"":731709440}"
   3663872,         0,         0,    32.0,standalone_exact_mw,da1b05328a50158d3ddc50a94fd8dc063895f28eb3c937e1bf932a9499513bc0,"{""distance"":5,""physical_error_rate"":5e-05}","{""detection_events"":148155,""detectors_checked"":820707328}"
   2587648,         0,         0,    32.0,standalone_exact_mw,a1776e816afac70014f11f56bcdb5c816a7707d7213b56760e86cab507e42ef3,"{""distance"":5,""physical_error_rate"":0.0001}","{""detection_events"":210571,""detectors_checked"":579633152}"
   2619392,         0,         0,    32.0,standalone_exact_mw,da1b05328a50158d3ddc50a94fd8dc063895f28eb3c937e1bf932a9499513bc0,"{""distance"":5,""physical_error_rate"":5e-05}","{""detection_events"":106231,""detectors_checked"":586743808}"
   1369088,         2,         0,    32.1,standalone_exact_mw,a08eb9916bd7e95ca8a954036fa5b6d2576fbe4960b891dec8536a92078ec5d6,"{""distance"":5,""physical_error_rate"":0.001}","{""detection_events"":1111577,""detectors_checked"":306675712,""obs_mistake_mask=E"":2}"
   6885777,         0,         0,    57.4,standalone_exact_mw,da1b05328a50158d3ddc50a94fd8dc063895f28eb3c937e1bf932a9499513bc0,"{""distance"":5,""physical_error_rate"":5e-05}","{""detection_events"":281098,""detectors_checked"":1542414048}"
   5762048,         0,         0,    55.5,standalone_exact_mw,da1b05328a50158d3ddc50a94fd8dc063895f28eb3c937e1bf932a9499513bc0,"{""distance"":5,""physical_error_rate"":5e-05}","{""detection_events"":235357,""detectors_checked"":1290698752}"
   5783552,         0,         0,    55.5,standalone_exact_mw,da1b05328a50158d3ddc50a94fd8dc063895f28eb3c937e1bf932a9499513bc0,"{""distance"":5,""physical_error_rate"":5e-05}","{""detection_events"":234979,""detectors_checked"":1295515648}"
   5098496,         0,         0,    62.6,standalone_exact_mw,da1b05328a50158d3ddc50a94fd8dc063895f28eb3c937e1bf932a9499513bc0,"{""distance"":5,""physical_error_rate"":5e-05}","{""detection_events"":207225,""detectors_checked"":1142063104}"
   5234688,         0,         0,    62.7,standalone_exact_mw,da1b05328a50158d3ddc50a94fd8dc063895f28eb3c937e1bf932a9499513bc0,"{""distance"":5,""physical_error_rate"":5e-05}","{""detection_events"":213119,""detectors_checked"":1172570112}"
    936337,         0,         0,    6.78,standalone_exact_mw,da1b05328a50158d3ddc50a94fd8dc063895f28eb3c937e1bf932a9499513bc0,"{""distance"":5,""physical_error_rate"":5e-05}","{""detection_events"":37808,""detectors_checked"":209739488}"
   4583424,         0,         0,    51.1,standalone_exact_mw,da1b05328a50158d3ddc50a94fd8dc063895f28eb3c937e1bf932a9499513bc0,"{""distance"":5,""physical_error_rate"":5e-05}","{""detection_events"":186716,""detectors_checked"":1026686976}"
  12265472,         5,         0,   119.5,standalone_exact_mw,e5b1593c0e383368e36e36cad39a29f258d2f8e653c88d1b733626fe43257e38,"{""distance"":5,""physical_error_rate"":0.0005}","{""detection_events"":4974593,""detectors_checked"":2747465728,""obs_mistake_mask=E"":5}"
   7464960,         1,         0,   119.6,standalone_exact_mw,e5b1593c0e383368e36e36cad39a29f258d2f8e653c88d1b733626fe43257e38,"{""distance"":5,""physical_error_rate"":0.0005}","{""detection_events"":3028542,""detectors_checked"":1672151040,""obs_mistake_mask=E"":1}"
   1102225,         0,         0,    7.39,standalone_exact_mw,da1b05328a50158d3ddc50a94fd8dc063895f28eb3c937e1bf932a9499513bc0,"{""distance"":5,""physical_error_rate"":5e-05}","{""detection_events"":44553,""detectors_checked"":246898400}"
   1154043,         0,         0,    14.8,standalone_exact_mw,da1b05328a50158d3ddc50a94fd8dc063895f28eb3c937e1bf932a9499513bc0,"{""distance"":5,""physical_error_rate"":5e-05}","{""detection_events"":47021,""detectors_checked"":258505632}"
   1125376,         0,         0,    8.12,standalone_exact_mw,da1b05328a50158d3ddc50a94fd8dc063895f28eb3c937e1bf932a9499513bc0,"{""distance"":5,""physical_error_rate"":5e-05}","{""detection_events"":45626,""detectors_checked"":252084224}"
   1124352,         0,         0,    11.8,standalone_exact_mw,da1b05328a50158d3ddc50a94fd8dc063895f28eb3c937e1bf932a9499513bc0,"{""distance"":5,""physical_error_rate"":5e-05}","{""detection_events"":45676,""detectors_checked"":251854848}"
   1118208,         0,         0,    11.8,standalone_exact_mw,da1b05328a50158d3ddc50a94fd8dc063895f28eb3c937e1bf932a9499513bc0,"{""distance"":5,""physical_error_rate"":5e-05}","{""detection_events"":45920,""detectors_checked"":250478592}"
   1009787,         0,         0,    11.9,standalone_exact_mw,da1b05328a50158d3ddc50a94fd8dc063895f28eb3c937e1bf932a9499513bc0,"{""distance"":5,""physical_error_rate"":5e-05}","{""detection_events"":41033,""detectors_checked"":226192288}"
    701440,         0,         0,    8.28,standalone_exact_mw,da1b05328a50158d3ddc50a94fd8dc063895f28eb3c937e1bf932a9499513bc0,"{""distance"":5,""physical_error_rate"":5e-05}","{""detection_events"":28403,""detectors_checked"":157122560}"
    543744,         0,         0,    4.56,standalone_exact_mw,da1b05328a50158d3ddc50a94fd8dc063895f28eb3c937e1bf932a9499513bc0,"{""distance"":5,""physical_error_rate"":5e-05}","{""detection_events"":21749,""detectors_checked"":121798656}"
   1008640,         0,         0,    12.0,standalone_exact_mw,da1b05328a50158d3ddc50a94fd8dc063895f28eb3c937e1bf932a9499513bc0,"{""distance"":5,""physical_error_rate"":5e-05}","{""detection_events"":41196,""detectors_checked"":225935360}"
     29691,         0,         0,   0.371,standalone_exact_mw,da1b05328a50158d3ddc50a94fd8dc063895f28eb3c937e1bf932a9499513bc0,"{""distance"":5,""physical_error_rate"":5e-05}","{""detection_events"":1248,""detectors_checked"":6650784}"
    177133,         0,         0,    1.14,standalone_exact_mw,da1b05328a50158d3ddc50a94fd8dc063895f28eb3c937e1bf932a9499513bc0,"{""distance"":5,""physical_error_rate"":5e-05}","{""detection_events"":7318,""detectors_checked"":39677792}"
    160768,         0,         0,    1.32,standalone_exact_mw,da1b05328a50158d3ddc50a94fd8dc063895f28eb3c937e1bf932a9499513bc0,"{""distance"":5,""physical_error_rate"":5e-05}","{""detection_events"":6464,""detectors_checked"":36012032}"
    154991,         0,         0,    1.58,standalone_exact_mw,da1b05328a50158d3ddc50a94fd8dc063895f28eb3c937e1bf932a9499513bc0,"{""distance"":5,""physical_error_rate"":5e-05}","{""detection_events"":6242,""detectors_checked"":34717984}"
    122880,         0,         0,    1.42,standalone_exact_mw,da1b05328a50158d3ddc50a94fd8dc063895f28eb3c937e1bf932a9499513bc0,"{""distance"":5,""physical_error_rate"":5e-05}","{""detection_events"":5049,""detectors_checked"":27525120}"
    135168,         0,         0,    1.62,standalone_exact_mw,da1b05328a50158d3ddc50a94fd8dc063895f28eb3c937e1bf932a9499513bc0,"{""distance"":5,""physical_error_rate"":5e-05}","{""detection_events"":5746,""detectors_checked"":30277632}"
    122880,         0,         0,    1.40,standalone_exact_mw,da1b05328a50158d3ddc50a94fd8dc063895f28eb3c937e1bf932a9499513bc0,"{""distance"":5,""physical_error_rate"":5e-05}","{""detection_events"":4869,""detectors_checked"":27525120}"
    124928,         0,         0,    1.45,standalone_exact_mw,da1b05328a50158d3ddc50a94fd8dc063895f28eb3c937e1bf932a9499513bc0,"{""distance"":5,""physical_error_rate"":5e-05}","{""detection_events"":5077,""detectors_checked"":27983872}"
    115521,         0,         0,    1.37,standalone_exact_mw,da1b05328a50158d3ddc50a94fd8dc063895f28eb3c937e1bf932a9499513bc0,"{""distance"":5,""physical_error_rate"":5e-05}","{""detection_events"":4735,""detectors_checked"":25876704}"
     37888,         0,         0,   0.414,standalone_exact_mw,da1b05328a50158d3ddc50a94fd8dc063895f28eb3c937e1bf932a9499513bc0,"{""distance"":5,""physical_error_rate"":5e-05}","{""detection_events"":1533,""detectors_checked"":8486912}"
     60416,         0,         0,   0.435,standalone_exact_mw,da1b05328a50158d3ddc50a94fd8dc063895f28eb3c937e1bf932a9499513bc0,"{""distance"":5,""physical_error_rate"":5e-05}","{""detection_events"":2602,""detectors_checked"":13533184}"
     19823,         0,         0,   0.182,standalone_exact_mw,da1b05328a50158d3ddc50a94fd8dc063895f28eb3c937e1bf932a9499513bc0,"{""distance"":5,""physical_error_rate"":5e-05}","{""detection_events"":776,""detectors_checked"":4440352}"
     29696,         0,         0,   0.190,standalone_exact_mw,da1b05328a50158d3ddc50a94fd8dc063895f28eb3c937e1bf932a9499513bc0,"{""distance"":5,""physical_error_rate"":5e-05}","{""detection_events"":1230,""detectors_checked"":6651904}"
      6010,         0,         0,   0.062,standalone_exact_mw,da1b05328a50158d3ddc50a94fd8dc063895f28eb3c937e1bf932a9499513bc0,"{""distance"":5,""physical_error_rate"":5e-05}","{""detection_events"":298,""detectors_checked"":1346240}"
     23083,         0,         0,   0.255,standalone_exact_mw,da1b05328a50158d3ddc50a94fd8dc063895f28eb3c937e1bf932a9499513bc0,"{""distance"":5,""physical_error_rate"":5e-05}","{""detection_events"":867,""detectors_checked"":5170592}"
     23083,         0,         0,   0.257,standalone_exact_mw,da1b05328a50158d3ddc50a94fd8dc063895f28eb3c937e1bf932a9499513bc0,"{""distance"":5,""physical_error_rate"":5e-05}","{""detection_events"":945,""detectors_checked"":5170592}"
     22528,         0,         0,   0.250,standalone_exact_mw,da1b05328a50158d3ddc50a94fd8dc063895f28eb3c937e1bf932a9499513bc0,"{""distance"":5,""physical_error_rate"":5e-05}","{""detection_events"":945,""detectors_checked"":5046272}"
     10030,         0,         0,   0.059,standalone_exact_mw,da1b05328a50158d3ddc50a94fd8dc063895f28eb3c937e1bf932a9499513bc0,"{""distance"":5,""physical_error_rate"":5e-05}","{""detection_events"":436,""detectors_checked"":2246720}"
     13404,         0,         0,   0.150,standalone_exact_mw,da1b05328a50158d3ddc50a94fd8dc063895f28eb3c937e1bf932a9499513bc0,"{""distance"":5,""physical_error_rate"":5e-05}","{""detection_events"":593,""detectors_checked"":3002496}"
     15734,         0,         0,   0.154,standalone_exact_mw,da1b05328a50158d3ddc50a94fd8dc063895f28eb3c937e1bf932a9499513bc0,"{""distance"":5,""physical_error_rate"":5e-05}","{""detection_events"":692,""detectors_checked"":3524416}"
     12288,         0,         0,   0.098,standalone_exact_mw,da1b05328a50158d3ddc50a94fd8dc063895f28eb3c937e1bf932a9499513bc0,"{""distance"":5,""physical_error_rate"":5e-05}","{""detection_events"":475,""detectors_checked"":2752512}"
         5,         0,         0,   0.000,standalone_exact_mw,da1b05328a50158d3ddc50a94fd8dc063895f28eb3c937e1bf932a9499513bc0,"{""distance"":5,""physical_error_rate"":5e-05}","{""detectors_checked"":1120}"
       555,         0,         0,   0.003,standalone_exact_mw,da1b05328a50158d3ddc50a94fd8dc063895f28eb3c937e1bf932a9499513bc0,"{""distance"":5,""physical_error_rate"":5e-05}","{""detection_events"":19,""detectors_checked"":124320}"
     13312,         0,         0,   0.105,standalone_exact_mw,da1b05328a50158d3ddc50a94fd8dc063895f28eb3c937e1bf932a9499513bc0,"{""distance"":5,""physical_error_rate"":5e-05}","{""detection_events"":509,""detectors_checked"":2981888}"
      1917,         0,         0,   0.011,standalone_exact_mw,da1b05328a50158d3ddc50a94fd8dc063895f28eb3c937e1bf932a9499513bc0,"{""distance"":5,""physical_error_rate"":5e-05}","{""detection_events"":74,""detectors_checked"":429408}"
       561,         0,         0,   0.003,standalone_exact_mw,da1b05328a50158d3ddc50a94fd8dc063895f28eb3c937e1bf932a9499513bc0,"{""distance"":5,""physical_error_rate"":5e-05}","{""detection_events"":15,""detectors_checked"":125664}"
      2048,         0,         0,   0.012,standalone_exact_mw,da1b05328a50158d3ddc50a94fd8dc063895f28eb3c937e1bf932a9499513bc0,"{""distance"":5,""physical_error_rate"":5e-05}","{""detection_events"":100,""detectors_checked"":458752}"
      1295,         0,         0,   0.008,standalone_exact_mw,da1b05328a50158d3ddc50a94fd8dc063895f28eb3c937e1bf932a9499513bc0,"{""distance"":5,""physical_error_rate"":5e-05}","{""detection_events"":29,""detectors_checked"":290080}"
      3531,         0,         0,   0.026,standalone_exact_mw,da1b05328a50158d3ddc50a94fd8dc063895f28eb3c937e1bf932a9499513bc0,"{""distance"":5,""physical_error_rate"":5e-05}","{""detection_events"":142,""detectors_checked"":790944}"
       555,         0,         0,   0.003,standalone_exact_mw,da1b05328a50158d3ddc50a94fd8dc063895f28eb3c937e1bf932a9499513bc0,"{""distance"":5,""physical_error_rate"":5e-05}","{""detection_events"":23,""detectors_checked"":124320}"
      1536,         0,         0,   0.009,standalone_exact_mw,da1b05328a50158d3ddc50a94fd8dc063895f28eb3c937e1bf932a9499513bc0,"{""distance"":5,""physical_error_rate"":5e-05}","{""detection_events"":59,""detectors_checked"":344064}"
       252,         0,         0,   0.002,standalone_exact_mw,da1b05328a50158d3ddc50a94fd8dc063895f28eb3c937e1bf932a9499513bc0,"{""distance"":5,""physical_error_rate"":5e-05}","{""detection_events"":10,""detectors_checked"":56448}"
        70,         0,         0,   0.001,standalone_exact_mw,da1b05328a50158d3ddc50a94fd8dc063895f28eb3c937e1bf932a9499513bc0,"{""distance"":5,""physical_error_rate"":5e-05}","{""detection_events"":6,""detectors_checked"":15680}"
      1024,         0,         0,   0.006,standalone_exact_mw,da1b05328a50158d3ddc50a94fd8dc063895f28eb3c937e1bf932a9499513bc0,"{""distance"":5,""physical_error_rate"":5e-05}","{""detection_events"":56,""detectors_checked"":229376}"
       240,         0,         0,   0.002,standalone_exact_mw,da1b05328a50158d3ddc50a94fd8dc063895f28eb3c937e1bf932a9499513bc0,"{""distance"":5,""physical_error_rate"":5e-05}","{""detection_events"":16,""detectors_checked"":53760}"
       268,         0,         0,   0.002,standalone_exact_mw,da1b05328a50158d3ddc50a94fd8dc063895f28eb3c937e1bf932a9499513bc0,"{""distance"":5,""physical_error_rate"":5e-05}","{""detection_events"":7,""detectors_checked"":60032}"
       268,         0,         0,   0.002,standalone_exact_mw,da1b05328a50158d3ddc50a94fd8dc063895f28eb3c937e1bf932a9499513bc0,"{""distance"":5,""physical_error_rate"":5e-05}","{""detection_events"":10,""detectors_checked"":60032}"
        67,         0,         0,   0.001,standalone_exact_mw,da1b05328a50158d3ddc50a94fd8dc063895f28eb3c937e1bf932a9499513bc0,"{""distance"":5,""physical_error_rate"":5e-05}","{""detection_events"":1,""detectors_checked"":15008}"
       162,         0,         0,   0.001,standalone_exact_mw,da1b05328a50158d3ddc50a94fd8dc063895f28eb3c937e1bf932a9499513bc0,"{""distance"":5,""physical_error_rate"":5e-05}","{""detection_events"":10,""detectors_checked"":36288}"
      1024,         0,         0,   0.006,standalone_exact_mw,da1b05328a50158d3ddc50a94fd8dc063895f28eb3c937e1bf932a9499513bc0,"{""distance"":5,""physical_error_rate"":5e-05}","{""detection_events"":44,""detectors_checked"":229376}"
        15,         0,         0,   0.000,standalone_exact_mw,da1b05328a50158d3ddc50a94fd8dc063895f28eb3c937e1bf932a9499513bc0,"{""distance"":5,""physical_error_rate"":5e-05}","{""detectors_checked"":3360}"
        13,         0,         0,   0.000,standalone_exact_mw,da1b05328a50158d3ddc50a94fd8dc063895f28eb3c937e1bf932a9499513bc0,"{""distance"":5,""physical_error_rate"":5e-05}","{""detectors_checked"":2912}"
        10,         0,         0,   0.000,standalone_exact_mw,da1b05328a50158d3ddc50a94fd8dc063895f28eb3c937e1bf932a9499513bc0,"{""distance"":5,""physical_error_rate"":5e-05}","{""detection_events"":4,""detectors_checked"":2240}"
        13,         0,         0,   0.000,standalone_exact_mw,da1b05328a50158d3ddc50a94fd8dc063895f28eb3c937e1bf932a9499513bc0,"{""distance"":5,""physical_error_rate"":5e-05}","{""detectors_checked"":2912}"
        13,         0,         0,   0.000,standalone_exact_mw,da1b05328a50158d3ddc50a94fd8dc063895f28eb3c937e1bf932a9499513bc0,"{""distance"":5,""physical_error_rate"":5e-05}","{""detectors_checked"":2912}"
        13,         0,         0,   0.000,standalone_exact_mw,da1b05328a50158d3ddc50a94fd8dc063895f28eb3c937e1bf932a9499513bc0,"{""distance"":5,""physical_error_rate"":5e-05}","{""detectors_checked"":2912}"
        13,         0,         0,   0.000,standalone_exact_mw,da1b05328a50158d3ddc50a94fd8dc063895f28eb3c937e1bf932a9499513bc0,"{""distance"":5,""physical_error_rate"":5e-05}","{""detectors_checked"":2912}"
        13,         0,         0,   0.000,standalone_exact_mw,da1b05328a50158d3ddc50a94fd8dc063895f28eb3c937e1bf932a9499513bc0,"{""distance"":5,""physical_error_rate"":5e-05}","{""detectors_checked"":2912}"
         2,         0,         0,   0.000,standalone_exact_mw,da1b05328a50158d3ddc50a94fd8dc063895f28eb3c937e1bf932a9499513bc0,"{""distance"":5,""physical_error_rate"":5e-05}","{""detectors_checked"":448}"
         2,         0,         0,   0.000,standalone_exact_mw,da1b05328a50158d3ddc50a94fd8dc063895f28eb3c937e1bf932a9499513bc0,"{""distance"":5,""physical_error_rate"":5e-05}","{""detectors_checked"":448}"
         1,         0,         0,   0.000,standalone_exact_mw,da1b05328a50158d3ddc50a94fd8dc063895f28eb3c937e1bf932a9499513bc0,"{""distance"":5,""physical_error_rate"":5e-05}","{""detectors_checked"":224}"
         2,         0,         0,   0.000,standalone_exact_mw,da1b05328a50158d3ddc50a94fd8dc063895f28eb3c937e1bf932a9499513bc0,"{""distance"":5,""physical_error_rate"":5e-05}","{""detectors_checked"":448}"
         2,         0,         0,   0.000,standalone_exact_mw,da1b05328a50158d3ddc50a94fd8dc063895f28eb3c937e1bf932a9499513bc0,"{""distance"":5,""physical_error_rate"":5e-05}","{""detectors_checked"":448}"
         1,         0,         0,   0.000,standalone_exact_mw,da1b05328a50158d3ddc50a94fd8dc063895f28eb3c937e1bf932a9499513bc0,"{""distance"":5,""physical_error_rate"":5e-05}","{""detection_events"":2,""detectors_checked"":224}"
         1,         0,         0,   0.000,standalone_exact_mw,da1b05328a50158d3ddc50a94fd8dc063895f28eb3c937e1bf932a9499513bc0,"{""distance"":5,""physical_error_rate"":5e-05}","{""detectors_checked"":224}"
         1,         0,         0,   0.000,standalone_exact_mw,da1b05328a50158d3ddc50a94fd8dc063895f28eb3c937e1bf932a9499513bc0,"{""distance"":5,""physical_error_rate"":5e-05}","{""detectors_checked"":224}"
   7731200,         0,         0,    77.1,standalone_exact_mw,a1776e816afac70014f11f56bcdb5c816a7707d7213b56760e86cab507e42ef3,"{""distance"":5,""physical_error_rate"":0.0001}","{""detection_events"":629857,""detectors_checked"":1731788800}"
   8396800,         0,         0,    71.2,standalone_exact_mw,a1776e816afac70014f11f56bcdb5c816a7707d7213b56760e86cab507e42ef3,"{""distance"":5,""physical_error_rate"":0.0001}","{""detection_events"":684139,""detectors_checked"":1880883200}"
      1297,         0,         0,   0.020,standalone_exact_mw,a08eb9916bd7e95ca8a954036fa5b6d2576fbe4960b891dec8536a92078ec5d6,"{""distance"":5,""physical_error_rate"":0.001}","{""detection_events"":1075,""detectors_checked"":290528}"
      2321,         0,         0,   0.024,standalone_exact_mw,a1776e816afac70014f11f56bcdb5c816a7707d7213b56760e86cab507e42ef3,"{""distance"":5,""physical_error_rate"":0.0001}","{""detection_events"":212,""detectors_checked"":519904}"
      1024,         0,         0,   0.023,standalone_exact_mw,a08eb9916bd7e95ca8a954036fa5b6d2576fbe4960b891dec8536a92078ec5d6,"{""distance"":5,""physical_error_rate"":0.001}","{""detection_events"":753,""detectors_checked"":229376}"
      2048,         0,         0,   0.026,standalone_exact_mw,a1776e816afac70014f11f56bcdb5c816a7707d7213b56760e86cab507e42ef3,"{""distance"":5,""physical_error_rate"":0.0001}","{""detection_events"":148,""detectors_checked"":458752}"
      2048,         0,         0,   0.025,standalone_exact_mw,a1776e816afac70014f11f56bcdb5c816a7707d7213b56760e86cab507e42ef3,"{""distance"":5,""physical_error_rate"":0.0001}","{""detection_events"":154,""detectors_checked"":458752}"
      2048,         0,         0,   0.034,standalone_exact_mw,a08eb9916bd7e95ca8a954036fa5b6d2576fbe4960b891dec8536a92078ec5d6,"{""distance"":5,""physical_error_rate"":0.001}","{""detection_events"":1833,""detectors_checked"":458752}"
      3072,         0,         0,   0.032,standalone_exact_mw,a1776e816afac70014f11f56bcdb5c816a7707d7213b56760e86cab507e42ef3,"{""distance"":5,""physical_error_rate"":0.0001}","{""detection_events"":255,""detectors_checked"":688128}"
      2048,         0,         0,   0.033,standalone_exact_mw,a08eb9916bd7e95ca8a954036fa5b6d2576fbe4960b891dec8536a92078ec5d6,"{""distance"":5,""physical_error_rate"":0.001}","{""detection_events"":1578,""detectors_checked"":458752}"
      1297,         0,         0,   0.011,standalone_exact_mw,e5b1593c0e383368e36e36cad39a29f258d2f8e653c88d1b733626fe43257e38,"{""distance"":5,""physical_error_rate"":0.0005}","{""detection_events"":558,""detectors_checked"":290528}"
      2048,         0,         0,   0.017,standalone_exact_mw,e5b1593c0e383368e36e36cad39a29f258d2f8e653c88d1b733626fe43257e38,"{""distance"":5,""physical_error_rate"":0.0005}","{""detection_events"":963,""detectors_checked"":458752}"
      4096,         0,         0,   0.040,standalone_exact_mw,a08eb9916bd7e95ca8a954036fa5b6d2576fbe4960b891dec8536a92078ec5d6,"{""distance"":5,""physical_error_rate"":0.001}","{""detection_events"":3357,""detectors_checked"":917504}"
      3072,         0,         0,   0.045,standalone_exact_mw,a1776e816afac70014f11f56bcdb5c816a7707d7213b56760e86cab507e42ef3,"{""distance"":5,""physical_error_rate"":0.0001}","{""detection_events"":277,""detectors_checked"":688128}"
      3072,         0,         0,   0.024,standalone_exact_mw,e5b1593c0e383368e36e36cad39a29f258d2f8e653c88d1b733626fe43257e38,"{""distance"":5,""physical_error_rate"":0.0005}","{""detection_events"":1151,""detectors_checked"":688128}"
      4096,         0,         0,   0.032,standalone_exact_mw,e5b1593c0e383368e36e36cad39a29f258d2f8e653c88d1b733626fe43257e38,"{""distance"":5,""physical_error_rate"":0.0005}","{""detection_events"":1670,""detectors_checked"":917504}"
      9216,         0,         0,   0.056,standalone_exact_mw,a1776e816afac70014f11f56bcdb5c816a7707d7213b56760e86cab507e42ef3,"{""distance"":5,""physical_error_rate"":0.0001}","{""detection_events"":681,""detectors_checked"":2064384}"
      6144,         0,         0,   0.061,standalone_exact_mw,a08eb9916bd7e95ca8a954036fa5b6d2576fbe4960b891dec8536a92078ec5d6,"{""distance"":5,""physical_error_rate"":0.001}","{""detection_events"":5157,""detectors_checked"":1376256}"
      1297,         0,         0,   0.033,standalone_exact_mw,a08eb9916bd7e95ca8a954036fa5b6d2576fbe4960b891dec8536a92078ec5d6,"{""distance"":5,""physical_error_rate"":0.001}","{""detection_events"":1056,""detectors_checked"":290528}"
      3072,         0,         0,   0.050,standalone_exact_mw,e5b1593c0e383368e36e36cad39a29f258d2f8e653c88d1b733626fe43257e38,"{""distance"":5,""physical_error_rate"":0.0005}","{""detection_events"":1329,""detectors_checked"":688128}"
      1297,         0,         0,   0.020,standalone_exact_mw,e5b1593c0e383368e36e36cad39a29f258d2f8e653c88d1b733626fe43257e38,"{""distance"":5,""physical_error_rate"":0.0005}","{""detection_events"":507,""detectors_checked"":290528}"
      1024,         0,         0,   0.023,standalone_exact_mw,a08eb9916bd7e95ca8a954036fa5b6d2576fbe4960b891dec8536a92078ec5d6,"{""distance"":5,""physical_error_rate"":0.001}","{""detection_events"":796,""detectors_checked"":229376}"
      1297,         0,         0,   0.029,standalone_exact_mw,e5b1593c0e383368e36e36cad39a29f258d2f8e653c88d1b733626fe43257e38,"{""distance"":5,""physical_error_rate"":0.0005}","{""detection_events"":565,""detectors_checked"":290528}"
      2048,         0,         0,   0.036,standalone_exact_mw,e5b1593c0e383368e36e36cad39a29f258d2f8e653c88d1b733626fe43257e38,"{""distance"":5,""physical_error_rate"":0.0005}","{""detection_events"":867,""detectors_checked"":458752}"
      2048,         0,         0,   0.033,standalone_exact_mw,a08eb9916bd7e95ca8a954036fa5b6d2576fbe4960b891dec8536a92078ec5d6,"{""distance"":5,""physical_error_rate"":0.001}","{""detection_events"":1630,""detectors_checked"":458752}"
     12288,         0,         0,   0.075,standalone_exact_mw,a1776e816afac70014f11f56bcdb5c816a7707d7213b56760e86cab507e42ef3,"{""distance"":5,""physical_error_rate"":0.0001}","{""detection_events"":961,""detectors_checked"":2752512}"
      2048,         0,         0,   0.029,standalone_exact_mw,e5b1593c0e383368e36e36cad39a29f258d2f8e653c88d1b733626fe43257e38,"{""distance"":5,""physical_error_rate"":0.0005}","{""detection_events"":862,""detectors_checked"":458752}"
      4096,         0,         0,   0.058,standalone_exact_mw,e5b1593c0e383368e36e36cad39a29f258d2f8e653c88d1b733626fe43257e38,"{""distance"":5,""physical_error_rate"":0.0005}","{""detection_events"":1650,""detectors_checked"":917504}"
      6144,         0,         0,   0.075,standalone_exact_mw,a08eb9916bd7e95ca8a954036fa5b6d2576fbe4960b891dec8536a92078ec5d6,"{""distance"":5,""physical_error_rate"":0.001}","{""detection_events"":5094,""detectors_checked"":1376256}"
      1024,         0,         0,   0.021,standalone_exact_mw,e5b1593c0e383368e36e36cad39a29f258d2f8e653c88d1b733626fe43257e38,"{""distance"":5,""physical_error_rate"":0.0005}","{""detection_events"":411,""detectors_checked"":229376}"
      1024,         0,         0,   0.021,standalone_exact_mw,e5b1593c0e383368e36e36cad39a29f258d2f8e653c88d1b733626fe43257e38,"{""distance"":5,""physical_error_rate"":0.0005}","{""detection_events"":358,""detectors_checked"":229376}"
      2048,         0,         0,   0.029,standalone_exact_mw,e5b1593c0e383368e36e36cad39a29f258d2f8e653c88d1b733626fe43257e38,"{""distance"":5,""physical_error_rate"":0.0005}","{""detection_events"":799,""detectors_checked"":458752}"
      2048,         0,         0,   0.047,standalone_exact_mw,a08eb9916bd7e95ca8a954036fa5b6d2576fbe4960b891dec8536a92078ec5d6,"{""distance"":5,""physical_error_rate"":0.001}","{""detection_events"":1808,""detectors_checked"":458752}"
      2048,         0,         0,   0.029,standalone_exact_mw,e5b1593c0e383368e36e36cad39a29f258d2f8e653c88d1b733626fe43257e38,"{""distance"":5,""physical_error_rate"":0.0005}","{""detection_events"":813,""detectors_checked"":458752}"
      2321,         0,         0,   0.033,standalone_exact_mw,a1776e816afac70014f11f56bcdb5c816a7707d7213b56760e86cab507e42ef3,"{""distance"":5,""physical_error_rate"":0.0001}","{""detection_events"":165,""detectors_checked"":519904}"
      2321,         0,         0,   0.025,standalone_exact_mw,a1776e816afac70014f11f56bcdb5c816a7707d7213b56760e86cab507e42ef3,"{""distance"":5,""physical_error_rate"":0.0001}","{""detection_events"":177,""detectors_checked"":519904}"
      3072,         0,         0,   0.050,standalone_exact_mw,e5b1593c0e383368e36e36cad39a29f258d2f8e653c88d1b733626fe43257e38,"{""distance"":5,""physical_error_rate"":0.0005}","{""detection_events"":1222,""detectors_checked"":688128}"
      7168,         0,         0,   0.082,standalone_exact_mw,e5b1593c0e383368e36e36cad39a29f258d2f8e653c88d1b733626fe43257e38,"{""distance"":5,""physical_error_rate"":0.0005}","{""detection_events"":2973,""detectors_checked"":1605632}"
      2048,         0,         0,   0.026,standalone_exact_mw,a1776e816afac70014f11f56bcdb5c816a7707d7213b56760e86cab507e42ef3,"{""distance"":5,""physical_error_rate"":0.0001}","{""detection_events"":144,""detectors_checked"":458752}"
      3072,         0,         0,   0.055,standalone_exact_mw,a08eb9916bd7e95ca8a954036fa5b6d2576fbe4960b891dec8536a92078ec5d6,"{""distance"":5,""physical_error_rate"":0.001}","{""detection_events"":2448,""detectors_checked"":688128}"
     17408,         0,         0,   0.106,standalone_exact_mw,a1776e816afac70014f11f56bcdb5c816a7707d7213b56760e86cab507e42ef3,"{""distance"":5,""physical_error_rate"":0.0001}","{""detection_events"":1389,""detectors_checked"":3899392}"
      3072,         0,         0,   0.050,standalone_exact_mw,e5b1593c0e383368e36e36cad39a29f258d2f8e653c88d1b733626fe43257e38,"{""distance"":5,""physical_error_rate"":0.0005}","{""detection_events"":1333,""detectors_checked"":688128}"
      1024,         0,         0,   0.021,standalone_exact_mw,a1776e816afac70014f11f56bcdb5c816a7707d7213b56760e86cab507e42ef3,"{""distance"":5,""physical_error_rate"":0.0001}","{""detection_events"":79,""detectors_checked"":229376}"
      3072,         0,         0,   0.024,standalone_exact_mw,a1776e816afac70014f11f56bcdb5c816a7707d7213b56760e86cab507e42ef3,"{""distance"":5,""physical_error_rate"":0.0001}","{""detection_events"":212,""detectors_checked"":688128}"
      8192,         1,         0,   0.109,standalone_exact_mw,a08eb9916bd7e95ca8a954036fa5b6d2576fbe4960b891dec8536a92078ec5d6,"{""distance"":5,""physical_error_rate"":0.001}","{""detection_events"":6476,""detectors_checked"":1835008,""obs_mistake_mask=E"":1}"
      3072,         0,         0,   0.032,standalone_exact_mw,a1776e816afac70014f11f56bcdb5c816a7707d7213b56760e86cab507e42ef3,"{""distance"":5,""physical_error_rate"":0.0001}","{""detection_events"":267,""detectors_checked"":688128}"
      4096,         0,         0,   0.059,standalone_exact_mw,e5b1593c0e383368e36e36cad39a29f258d2f8e653c88d1b733626fe43257e38,"{""distance"":5,""physical_error_rate"":0.0005}","{""detection_events"":1785,""detectors_checked"":917504}"
      3072,         0,         0,   0.055,standalone_exact_mw,a08eb9916bd7e95ca8a954036fa5b6d2576fbe4960b891dec8536a92078ec5d6,"{""distance"":5,""physical_error_rate"":0.001}","{""detection_events"":2567,""detectors_checked"":688128}"
      3072,         0,         0,   0.032,standalone_exact_mw,a1776e816afac70014f11f56bcdb5c816a7707d7213b56760e86cab507e42ef3,"{""distance"":5,""physical_error_rate"":0.0001}","{""detection_events"":290,""detectors_checked"":688128}"
      3072,         0,         0,   0.033,standalone_exact_mw,a1776e816afac70014f11f56bcdb5c816a7707d7213b56760e86cab507e42ef3,"{""distance"":5,""physical_error_rate"":0.0001}","{""detection_events"":189,""detectors_checked"":688128}"
      4096,         0,         0,   0.058,standalone_exact_mw,e5b1593c0e383368e36e36cad39a29f258d2f8e653c88d1b733626fe43257e38,"{""distance"":5,""physical_error_rate"":0.0005}","{""detection_events"":1550,""detectors_checked"":917504}"
     14336,         0,         0,   0.112,standalone_exact_mw,e5b1593c0e383368e36e36cad39a29f258d2f8e653c88d1b733626fe43257e38,"{""distance"":5,""physical_error_rate"":0.0005}","{""detection_events"":5718,""detectors_checked"":3211264}"
      3072,         0,         0,   0.032,standalone_exact_mw,a1776e816afac70014f11f56bcdb5c816a7707d7213b56760e86cab507e42ef3,"{""distance"":5,""physical_error_rate"":0.0001}","{""detection_events"":235,""detectors_checked"":688128}"
      3072,         0,         0,   0.036,standalone_exact_mw,a1776e816afac70014f11f56bcdb5c816a7707d7213b56760e86cab507e42ef3,"{""distance"":5,""physical_error_rate"":0.0001}","{""detection_events"":231,""detectors_checked"":688128}"
      5120,         0,         0,   0.080,standalone_exact_mw,e5b1593c0e383368e36e36cad39a29f258d2f8e653c88d1b733626fe43257e38,"{""distance"":5,""physical_error_rate"":0.0005}","{""detection_events"":2177,""detectors_checked"":1146880}"
      4096,         0,         0,   0.079,standalone_exact_mw,a08eb9916bd7e95ca8a954036fa5b6d2576fbe4960b891dec8536a92078ec5d6,"{""distance"":5,""physical_error_rate"":0.001}","{""detection_events"":3324,""detectors_checked"":917504}"
      4096,         0,         0,   0.058,standalone_exact_mw,e5b1593c0e383368e36e36cad39a29f258d2f8e653c88d1b733626fe43257e38,"{""distance"":5,""physical_error_rate"":0.0005}","{""detection_events"":1792,""detectors_checked"":917504}"
     18432,         0,         0,   0.152,standalone_exact_mw,a1776e816afac70014f11f56bcdb5c816a7707d7213b56760e86cab507e42ef3,"{""distance"":5,""physical_error_rate"":0.0001}","{""detection_events"":1508,""detectors_checked"":4128768}"
      5120,         0,         0,   0.057,standalone_exact_mw,a1776e816afac70014f11f56bcdb5c816a7707d7213b56760e86cab507e42ef3,"{""distance"":5,""physical_error_rate"":0.0001}","{""detection_events"":450,""detectors_checked"":1146880}"
     10240,         0,         0,   0.141,standalone_exact_mw,a08eb9916bd7e95ca8a954036fa5b6d2576fbe4960b891dec8536a92078ec5d6,"{""distance"":5,""physical_error_rate"":0.001}","{""detection_events"":8668,""detectors_checked"":2293760}"
      5120,         0,         0,   0.058,standalone_exact_mw,a1776e816afac70014f11f56bcdb5c816a7707d7213b56760e86cab507e42ef3,"{""distance"":5,""physical_error_rate"":0.0001}","{""detection_events"":458,""detectors_checked"":1146880}"
      6144,         0,         0,   0.077,standalone_exact_mw,a1776e816afac70014f11f56bcdb5c816a7707d7213b56760e86cab507e42ef3,"{""distance"":5,""physical_error_rate"":0.0001}","{""detection_events"":476,""detectors_checked"":1376256}"
      6144,         0,         0,   0.111,standalone_exact_mw,a08eb9916bd7e95ca8a954036fa5b6d2576fbe4960b891dec8536a92078ec5d6,"{""distance"":5,""physical_error_rate"":0.001}","{""detection_events"":5118,""detectors_checked"":1376256}"
     19456,         0,         0,   0.151,standalone_exact_mw,e5b1593c0e383368e36e36cad39a29f258d2f8e653c88d1b733626fe43257e38,"{""distance"":5,""physical_error_rate"":0.0005}","{""detection_events"":7697,""detectors_checked"":4358144}"
      7168,         0,         0,   0.115,standalone_exact_mw,e5b1593c0e383368e36e36cad39a29f258d2f8e653c88d1b733626fe43257e38,"{""distance"":5,""physical_error_rate"":0.0005}","{""detection_events"":2995,""detectors_checked"":1605632}"
      6144,         0,         0,   0.077,standalone_exact_mw,a1776e816afac70014f11f56bcdb5c816a7707d7213b56760e86cab507e42ef3,"{""distance"":5,""physical_error_rate"":0.0001}","{""detection_events"":476,""detectors_checked"":1376256}"
      8192,         0,         0,   0.120,standalone_exact_mw,e5b1593c0e383368e36e36cad39a29f258d2f8e653c88d1b733626fe43257e38,"{""distance"":5,""physical_error_rate"":0.0005}","{""detection_events"":3343,""detectors_checked"":1835008}"
      7168,         0,         0,   0.105,standalone_exact_mw,a1776e816afac70014f11f56bcdb5c816a7707d7213b56760e86cab507e42ef3,"{""distance"":5,""physical_error_rate"":0.0001}","{""detection_events"":575,""detectors_checked"":1605632}"
      9216,         0,         0,   0.107,standalone_exact_mw,a1776e816afac70014f11f56bcdb5c816a7707d7213b56760e86cab507e42ef3,"{""distance"":5,""physical_error_rate"":0.0001}","{""detection_events"":772,""detectors_checked"":2064384}"
     34816,         0,         0,   0.212,standalone_exact_mw,a1776e816afac70014f11f56bcdb5c816a7707d7213b56760e86cab507e42ef3,"{""distance"":5,""physical_error_rate"":0.0001}","{""detection_events"":2713,""detectors_checked"":7798784}"
     16384,         0,         0,   0.216,standalone_exact_mw,a08eb9916bd7e95ca8a954036fa5b6d2576fbe4960b891dec8536a92078ec5d6,"{""distance"":5,""physical_error_rate"":0.001}","{""detection_events"":13334,""detectors_checked"":3670016}"
      8192,         0,         0,   0.156,standalone_exact_mw,a08eb9916bd7e95ca8a954036fa5b6d2576fbe4960b891dec8536a92078ec5d6,"{""distance"":5,""physical_error_rate"":0.001}","{""detection_events"":6763,""detectors_checked"":1835008}"
     12288,         0,         0,   0.166,standalone_exact_mw,e5b1593c0e383368e36e36cad39a29f258d2f8e653c88d1b733626fe43257e38,"{""distance"":5,""physical_error_rate"":0.0005}","{""detection_events"":4914,""detectors_checked"":2752512}"
      9216,         0,         0,   0.158,standalone_exact_mw,e5b1593c0e383368e36e36cad39a29f258d2f8e653c88d1b733626fe43257e38,"{""distance"":5,""physical_error_rate"":0.0005}","{""detection_events"":3814,""detectors_checked"":2064384}"
     21504,         0,         0,   0.211,standalone_exact_mw,e5b1593c0e383368e36e36cad39a29f258d2f8e653c88d1b733626fe43257e38,"{""distance"":5,""physical_error_rate"":0.0005}","{""detection_events"":8809,""detectors_checked"":4816896}"
     13312,         0,         0,   0.152,standalone_exact_mw,a1776e816afac70014f11f56bcdb5c816a7707d7213b56760e86cab507e42ef3,"{""distance"":5,""physical_error_rate"":0.0001}","{""detection_events"":1081,""detectors_checked"":2981888}"
     12288,         0,         0,   0.153,standalone_exact_mw,a1776e816afac70014f11f56bcdb5c816a7707d7213b56760e86cab507e42ef3,"{""distance"":5,""physical_error_rate"":0.0001}","{""detection_events"":1037,""detectors_checked"":2752512}"
     13312,         0,         0,   0.206,standalone_exact_mw,e5b1593c0e383368e36e36cad39a29f258d2f8e653c88d1b733626fe43257e38,"{""distance"":5,""physical_error_rate"":0.0005}","{""detection_events"":5669,""detectors_checked"":2981888}"
     11264,         0,         0,   0.226,standalone_exact_mw,a08eb9916bd7e95ca8a954036fa5b6d2576fbe4960b891dec8536a92078ec5d6,"{""distance"":5,""physical_error_rate"":0.001}","{""detection_events"":9140,""detectors_checked"":2523136}"
     25600,         0,         0,   0.213,standalone_exact_mw,e5b1593c0e383368e36e36cad39a29f258d2f8e653c88d1b733626fe43257e38,"{""distance"":5,""physical_error_rate"":0.0005}","{""detection_events"":10246,""detectors_checked"":5734400}"
     38912,         0,         0,   0.291,standalone_exact_mw,a1776e816afac70014f11f56bcdb5c816a7707d7213b56760e86cab507e42ef3,"{""distance"":5,""physical_error_rate"":0.0001}","{""detection_events"":3261,""detectors_checked"":8716288}"
     20480,         0,         0,   0.296,standalone_exact_mw,a08eb9916bd7e95ca8a954036fa5b6d2576fbe4960b891dec8536a92078ec5d6,"{""distance"":5,""physical_error_rate"":0.001}","{""detection_events"":16677,""detectors_checked"":4587520}"
     17408,         0,         0,   0.224,standalone_exact_mw,a1776e816afac70014f11f56bcdb5c816a7707d7213b56760e86cab507e42ef3,"{""distance"":5,""physical_error_rate"":0.0001}","{""detection_events"":1441,""detectors_checked"":3899392}"
     17408,         0,         0,   0.210,standalone_exact_mw,a1776e816afac70014f11f56bcdb5c816a7707d7213b56760e86cab507e42ef3,"{""distance"":5,""physical_error_rate"":0.0001}","{""detection_events"":1301,""detectors_checked"":3899392}"
     35840,         0,         0,   0.293,standalone_exact_mw,e5b1593c0e383368e36e36cad39a29f258d2f8e653c88d1b733626fe43257e38,"{""distance"":5,""physical_error_rate"":0.0005}","{""detection_events"":14827,""detectors_checked"":8028160}"
     15360,         0,         0,   0.289,standalone_exact_mw,a08eb9916bd7e95ca8a954036fa5b6d2576fbe4960b891dec8536a92078ec5d6,"{""distance"":5,""physical_error_rate"":0.001}","{""detection_events"":12767,""detectors_checked"":3440640}"
      9216,         0,         0,   0.297,standalone_exact_mw,e5b1593c0e383368e36e36cad39a29f258d2f8e653c88d1b733626fe43257e38,"{""distance"":5,""physical_error_rate"":0.0005}","{""detection_events"":3878,""detectors_checked"":2064384}"
     25600,         0,         0,   0.305,standalone_exact_mw,e5b1593c0e383368e36e36cad39a29f258d2f8e653c88d1b733626fe43257e38,"{""distance"":5,""physical_error_rate"":0.0005}","{""detection_events"":10158,""detectors_checked"":5734400}"
     24576,         0,         0,   0.292,standalone_exact_mw,a1776e816afac70014f11f56bcdb5c816a7707d7213b56760e86cab507e42ef3,"{""distance"":5,""physical_error_rate"":0.0001}","{""detection_events"":1986,""detectors_checked"":5505024}"
     24576,         0,         0,   0.307,standalone_exact_mw,a1776e816afac70014f11f56bcdb5c816a7707d7213b56760e86cab507e42ef3,"{""distance"":5,""physical_error_rate"":0.0001}","{""detection_events"":1943,""detectors_checked"":5505024}"
     66560,         0,         0,   0.407,standalone_exact_mw,a1776e816afac70014f11f56bcdb5c816a7707d7213b56760e86cab507e42ef3,"{""distance"":5,""physical_error_rate"":0.0001}","{""detection_events"":5391,""detectors_checked"":14909440}"
     38912,         0,         0,   0.410,standalone_exact_mw,a08eb9916bd7e95ca8a954036fa5b6d2576fbe4960b891dec8536a92078ec5d6,"{""distance"":5,""physical_error_rate"":0.001}","{""detection_events"":31492,""detectors_checked"":8716288}"
     49152,         0,         0,   0.411,standalone_exact_mw,e5b1593c0e383368e36e36cad39a29f258d2f8e653c88d1b733626fe43257e38,"{""distance"":5,""physical_error_rate"":0.0005}","{""detection_events"":19952,""detectors_checked"":11010048}"
   6291003,         0,         0,    78.6,standalone_exact_mw,a1776e816afac70014f11f56bcdb5c816a7707d7213b56760e86cab507e42ef3,"{""distance"":5,""physical_error_rate"":0.0001}","{""detection_events"":510369,""detectors_checked"":1409184672}"
   5366784,         0,         0,    42.9,standalone_exact_mw,a1776e816afac70014f11f56bcdb5c816a7707d7213b56760e86cab507e42ef3,"{""distance"":5,""physical_error_rate"":0.0001}","{""detection_events"":435342,""detectors_checked"":1202159616}"
   6254592,         0,         0,    78.6,standalone_exact_mw,a1776e816afac70014f11f56bcdb5c816a7707d7213b56760e86cab507e42ef3,"{""distance"":5,""physical_error_rate"":0.0001}","{""detection_events"":509477,""detectors_checked"":1401028608}"
     22528,         0,         0,   0.417,standalone_exact_mw,a08eb9916bd7e95ca8a954036fa5b6d2576fbe4960b891dec8536a92078ec5d6,"{""distance"":5,""physical_error_rate"":0.001}","{""detection_events"":18680,""detectors_checked"":5046272}"
     13312,         0,         0,   0.422,standalone_exact_mw,e5b1593c0e383368e36e36cad39a29f258d2f8e653c88d1b733626fe43257e38,"{""distance"":5,""physical_error_rate"":0.0005}","{""detection_events"":5620,""detectors_checked"":2981888}"
     46080,         0,         0,   0.410,standalone_exact_mw,e5b1593c0e383368e36e36cad39a29f258d2f8e653c88d1b733626fe43257e38,"{""distance"":5,""physical_error_rate"":0.0005}","{""detection_events"":18757,""detectors_checked"":10321920}"
     32768,         0,         0,   0.419,standalone_exact_mw,a1776e816afac70014f11f56bcdb5c816a7707d7213b56760e86cab507e42ef3,"{""distance"":5,""physical_error_rate"":0.0001}","{""detection_events"":2680,""detectors_checked"":7340032}"
     32768,         0,         0,   0.416,standalone_exact_mw,a1776e816afac70014f11f56bcdb5c816a7707d7213b56760e86cab507e42ef3,"{""distance"":5,""physical_error_rate"":0.0001}","{""detection_events"":2644,""detectors_checked"":7340032}"
     83968,         0,         0,   0.566,standalone_exact_mw,a1776e816afac70014f11f56bcdb5c816a7707d7213b56760e86cab507e42ef3,"{""distance"":5,""physical_error_rate"":0.0001}","{""detection_events"":6837,""detectors_checked"":18808832}"
     46080,         0,         0,   0.574,standalone_exact_mw,a08eb9916bd7e95ca8a954036fa5b6d2576fbe4960b891dec8536a92078ec5d6,"{""distance"":5,""physical_error_rate"":0.001}","{""detection_events"":37450,""detectors_checked"":10321920}"
     72704,         0,         0,   0.568,standalone_exact_mw,e5b1593c0e383368e36e36cad39a29f258d2f8e653c88d1b733626fe43257e38,"{""distance"":5,""physical_error_rate"":0.0005}","{""detection_events"":29003,""detectors_checked"":16285696}"
     31744,         0,         0,   0.567,standalone_exact_mw,a08eb9916bd7e95ca8a954036fa5b6d2576fbe4960b891dec8536a92078ec5d6,"{""distance"":5,""physical_error_rate"":0.001}","{""detection_events"":26106,""detectors_checked"":7110656}"
     41984,         0,         0,   0.576,standalone_exact_mw,e5b1593c0e383368e36e36cad39a29f258d2f8e653c88d1b733626fe43257e38,"{""distance"":5,""physical_error_rate"":0.0005}","{""detection_events"":16651,""detectors_checked"":9404416}"
     18432,         0,         0,   0.608,standalone_exact_mw,e5b1593c0e383368e36e36cad39a29f258d2f8e653c88d1b733626fe43257e38,"{""distance"":5,""physical_error_rate"":0.0005}","{""detection_events"":7448,""detectors_checked"":4128768}"
     46080,         0,         0,   0.568,standalone_exact_mw,a1776e816afac70014f11f56bcdb5c816a7707d7213b56760e86cab507e42ef3,"{""distance"":5,""physical_error_rate"":0.0001}","{""detection_events"":3654,""detectors_checked"":10321920}"
     46080,         0,         0,   0.564,standalone_exact_mw,a1776e816afac70014f11f56bcdb5c816a7707d7213b56760e86cab507e42ef3,"{""distance"":5,""physical_error_rate"":0.0001}","{""detection_events"":3833,""detectors_checked"":10321920}"
    108544,         0,         0,   0.795,standalone_exact_mw,a1776e816afac70014f11f56bcdb5c816a7707d7213b56760e86cab507e42ef3,"{""distance"":5,""physical_error_rate"":0.0001}","{""detection_events"":9049,""detectors_checked"":24313856}"
     71680,         0,         0,   0.798,standalone_exact_mw,a08eb9916bd7e95ca8a954036fa5b6d2576fbe4960b891dec8536a92078ec5d6,"{""distance"":5,""physical_error_rate"":0.001}","{""detection_events"":57943,""detectors_checked"":16056320}"
     91136,         0,         0,   0.792,standalone_exact_mw,e5b1593c0e383368e36e36cad39a29f258d2f8e653c88d1b733626fe43257e38,"{""distance"":5,""physical_error_rate"":0.0005}","{""detection_events"":37809,""detectors_checked"":20414464}"
     76800,         1,         0,   0.797,standalone_exact_mw,a08eb9916bd7e95ca8a954036fa5b6d2576fbe4960b891dec8536a92078ec5d6,"{""distance"":5,""physical_error_rate"":0.001}","{""detection_events"":62540,""detectors_checked"":17203200,""obs_mistake_mask=E"":1}"
     51200,         0,         0,   0.789,standalone_exact_mw,e5b1593c0e383368e36e36cad39a29f258d2f8e653c88d1b733626fe43257e38,"{""distance"":5,""physical_error_rate"":0.0005}","{""detection_events"":21062,""detectors_checked"":11468800}"
     16384,         0,         0,   0.799,standalone_exact_mw,e5b1593c0e383368e36e36cad39a29f258d2f8e653c88d1b733626fe43257e38,"{""distance"":5,""physical_error_rate"":0.0005}","{""detection_events"":6498,""detectors_checked"":3670016}"
     65536,         0,         0,   0.805,standalone_exact_mw,a1776e816afac70014f11f56bcdb5c816a7707d7213b56760e86cab507e42ef3,"{""distance"":5,""physical_error_rate"":0.0001}","{""detection_events"":5406,""detectors_checked"":14680064}"
     64512,         0,         0,   0.800,standalone_exact_mw,a1776e816afac70014f11f56bcdb5c816a7707d7213b56760e86cab507e42ef3,"{""distance"":5,""physical_error_rate"":0.0001}","{""detection_events"":5334,""detectors_checked"":14450688}"
     90112,         0,         0,    1.11,standalone_exact_mw,a1776e816afac70014f11f56bcdb5c816a7707d7213b56760e86cab507e42ef3,"{""distance"":5,""physical_error_rate"":0.0001}","{""detection_events"":7139,""detectors_checked"":20185088}"
     75776,         0,         0,    1.12,standalone_exact_mw,a08eb9916bd7e95ca8a954036fa5b6d2576fbe4960b891dec8536a92078ec5d6,"{""distance"":5,""physical_error_rate"":0.001}","{""detection_events"":61730,""detectors_checked"":16973824}"
    113664,         0,         0,    1.11,standalone_exact_mw,e5b1593c0e383368e36e36cad39a29f258d2f8e653c88d1b733626fe43257e38,"{""distance"":5,""physical_error_rate"":0.0005}","{""detection_events"":46081,""detectors_checked"":25460736}"
     94208,         0,         0,    1.12,standalone_exact_mw,a08eb9916bd7e95ca8a954036fa5b6d2576fbe4960b891dec8536a92078ec5d6,"{""distance"":5,""physical_error_rate"":0.001}","{""detection_events"":76238,""detectors_checked"":21102592}"
     97280,         0,         0,    1.12,standalone_exact_mw,e5b1593c0e383368e36e36cad39a29f258d2f8e653c88d1b733626fe43257e38,"{""distance"":5,""physical_error_rate"":0.0005}","{""detection_events"":39460,""detectors_checked"":21790720}"
     27648,         0,         0,    1.12,standalone_exact_mw,e5b1593c0e383368e36e36cad39a29f258d2f8e653c88d1b733626fe43257e38,"{""distance"":5,""physical_error_rate"":0.0005}","{""detection_events"":11277,""detectors_checked"":6193152}"
     90112,         0,         0,    1.12,standalone_exact_mw,a1776e816afac70014f11f56bcdb5c816a7707d7213b56760e86cab507e42ef3,"{""distance"":5,""physical_error_rate"":0.0001}","{""detection_events"":7612,""detectors_checked"":20185088}"
     91136,         0,         0,    1.11,standalone_exact_mw,a1776e816afac70014f11f56bcdb5c816a7707d7213b56760e86cab507e42ef3,"{""distance"":5,""physical_error_rate"":0.0001}","{""detection_events"":7449,""detectors_checked"":20414464}"
   7447552,        17,         0,   119.6,standalone_exact_mw,a08eb9916bd7e95ca8a954036fa5b6d2576fbe4960b891dec8536a92078ec5d6,"{""distance"":5,""physical_error_rate"":0.001}","{""detection_events"":6035224,""detectors_checked"":1668251648,""obs_mistake_mask=E"":17}"
   5082112,        12,         0,   119.6,standalone_exact_mw,a08eb9916bd7e95ca8a954036fa5b6d2576fbe4960b891dec8536a92078ec5d6,"{""distance"":5,""physical_error_rate"":0.001}","{""detection_events"":4125647,""detectors_checked"":1138393088,""obs_mistake_mask=E"":12}"
    224256,         0,         0,    1.55,standalone_exact_mw,a1776e816afac70014f11f56bcdb5c816a7707d7213b56760e86cab507e42ef3,"{""distance"":5,""physical_error_rate"":0.0001}","{""detection_events"":18173,""detectors_checked"":50233344}"
    105472,         0,         0,    1.56,standalone_exact_mw,a08eb9916bd7e95ca8a954036fa5b6d2576fbe4960b891dec8536a92078ec5d6,"{""distance"":5,""physical_error_rate"":0.001}","{""detection_events"":85347,""detectors_checked"":23625728}"
    148480,         0,         0,    1.57,standalone_exact_mw,e5b1593c0e383368e36e36cad39a29f258d2f8e653c88d1b733626fe43257e38,"{""distance"":5,""physical_error_rate"":0.0005}","{""detection_events"":59625,""detectors_checked"":33259520}"
     80896,         0,         0,    1.54,standalone_exact_mw,a08eb9916bd7e95ca8a954036fa5b6d2576fbe4960b891dec8536a92078ec5d6,"{""distance"":5,""physical_error_rate"":0.001}","{""detection_events"":65209,""detectors_checked"":18120704}"
    162816,         0,         0,    1.54,standalone_exact_mw,e5b1593c0e383368e36e36cad39a29f258d2f8e653c88d1b733626fe43257e38,"{""distance"":5,""physical_error_rate"":0.0005}","{""detection_events"":65984,""detectors_checked"":36470784}"
     40960,         0,         0,    1.55,standalone_exact_mw,e5b1593c0e383368e36e36cad39a29f258d2f8e653c88d1b733626fe43257e38,"{""distance"":5,""physical_error_rate"":0.0005}","{""detection_events"":16696,""detectors_checked"":9175040}"
    126976,         0,         0,    1.56,standalone_exact_mw,a1776e816afac70014f11f56bcdb5c816a7707d7213b56760e86cab507e42ef3,"{""distance"":5,""physical_error_rate"":0.0001}","{""detection_events"":10229,""detectors_checked"":28442624}"
    125952,         0,         0,    1.56,standalone_exact_mw,a1776e816afac70014f11f56bcdb5c816a7707d7213b56760e86cab507e42ef3,"{""distance"":5,""physical_error_rate"":0.0001}","{""detection_events"":10126,""detectors_checked"":28213248}"
   4920765,         0,         0,    47.4,standalone_exact_mw,a1776e816afac70014f11f56bcdb5c816a7707d7213b56760e86cab507e42ef3,"{""distance"":5,""physical_error_rate"":0.0001}","{""detection_events"":401829,""detectors_checked"":1102251360}"
    280576,         0,         0,    2.18,standalone_exact_mw,a1776e816afac70014f11f56bcdb5c816a7707d7213b56760e86cab507e42ef3,"{""distance"":5,""physical_error_rate"":0.0001}","{""detection_events"":22554,""detectors_checked"":62849024}"
    165888,         0,         0,    2.18,standalone_exact_mw,a08eb9916bd7e95ca8a954036fa5b6d2576fbe4960b891dec8536a92078ec5d6,"{""distance"":5,""physical_error_rate"":0.001}","{""detection_events"":135008,""detectors_checked"":37158912}"
    246784,         0,         0,    2.17,standalone_exact_mw,e5b1593c0e383368e36e36cad39a29f258d2f8e653c88d1b733626fe43257e38,"{""distance"":5,""physical_error_rate"":0.0005}","{""detection_events"":99273,""detectors_checked"":55279616}"
    113664,         0,         0,    2.20,standalone_exact_mw,a08eb9916bd7e95ca8a954036fa5b6d2576fbe4960b891dec8536a92078ec5d6,"{""distance"":5,""physical_error_rate"":0.001}","{""detection_events"":92478,""detectors_checked"":25460736}"
    247808,         0,         0,    2.18,standalone_exact_mw,e5b1593c0e383368e36e36cad39a29f258d2f8e653c88d1b733626fe43257e38,"{""distance"":5,""physical_error_rate"":0.0005}","{""detection_events"":100204,""detectors_checked"":55508992}"
    114688,         0,         0,    2.18,standalone_exact_mw,e5b1593c0e383368e36e36cad39a29f258d2f8e653c88d1b733626fe43257e38,"{""distance"":5,""physical_error_rate"":0.0005}","{""detection_events"":45954,""detectors_checked"":25690112}"
    174080,         0,         0,    2.17,standalone_exact_mw,a1776e816afac70014f11f56bcdb5c816a7707d7213b56760e86cab507e42ef3,"{""distance"":5,""physical_error_rate"":0.0001}","{""detection_events"":14367,""detectors_checked"":38993920}"
    176128,         0,         0,    2.16,standalone_exact_mw,a1776e816afac70014f11f56bcdb5c816a7707d7213b56760e86cab507e42ef3,"{""distance"":5,""physical_error_rate"":0.0001}","{""detection_events"":14325,""detectors_checked"":39452672}"
    343040,         0,         0,    3.04,standalone_exact_mw,a1776e816afac70014f11f56bcdb5c816a7707d7213b56760e86cab507e42ef3,"{""distance"":5,""physical_error_rate"":0.0001}","{""detection_events"":27971,""detectors_checked"":76840960}"
    169984,         0,         0,    3.03,standalone_exact_mw,a08eb9916bd7e95ca8a954036fa5b6d2576fbe4960b891dec8536a92078ec5d6,"{""distance"":5,""physical_error_rate"":0.001}","{""detection_events"":136940,""detectors_checked"":38076416}"
    299008,         0,         0,    3.03,standalone_exact_mw,e5b1593c0e383368e36e36cad39a29f258d2f8e653c88d1b733626fe43257e38,"{""distance"":5,""physical_error_rate"":0.0005}","{""detection_events"":121448,""detectors_checked"":66977792}"
   3305225,         0,         0,    28.3,standalone_exact_mw,a1776e816afac70014f11f56bcdb5c816a7707d7213b56760e86cab507e42ef3,"{""distance"":5,""physical_error_rate"":0.0001}","{""detection_events"":268033,""detectors_checked"":740370400}"
    326656,         0,         0,    3.04,standalone_exact_mw,e5b1593c0e383368e36e36cad39a29f258d2f8e653c88d1b733626fe43257e38,"{""distance"":5,""physical_error_rate"":0.0005}","{""detection_events"":132303,""detectors_checked"":73170944}"
    159744,         0,         0,    3.06,standalone_exact_mw,a08eb9916bd7e95ca8a954036fa5b6d2576fbe4960b891dec8536a92078ec5d6,"{""distance"":5,""physical_error_rate"":0.001}","{""detection_events"":129315,""detectors_checked"":35782656}"
    193536,         0,         0,    3.05,standalone_exact_mw,e5b1593c0e383368e36e36cad39a29f258d2f8e653c88d1b733626fe43257e38,"{""distance"":5,""physical_error_rate"":0.0005}","{""detection_events"":78517,""detectors_checked"":43352064}"
    242688,         0,         0,    3.03,standalone_exact_mw,a1776e816afac70014f11f56bcdb5c816a7707d7213b56760e86cab507e42ef3,"{""distance"":5,""physical_error_rate"":0.0001}","{""detection_events"":19381,""detectors_checked"":54362112}"
    242688,         0,         0,    3.05,standalone_exact_mw,a1776e816afac70014f11f56bcdb5c816a7707d7213b56760e86cab507e42ef3,"{""distance"":5,""physical_error_rate"":0.0001}","{""detection_events"":20229,""detectors_checked"":54362112}"
    515072,         0,         0,    4.21,standalone_exact_mw,a1776e816afac70014f11f56bcdb5c816a7707d7213b56760e86cab507e42ef3,"{""distance"":5,""physical_error_rate"":0.0001}","{""detection_events"":42171,""detectors_checked"":115376128}"
    302080,         1,         0,    4.26,standalone_exact_mw,a08eb9916bd7e95ca8a954036fa5b6d2576fbe4960b891dec8536a92078ec5d6,"{""distance"":5,""physical_error_rate"":0.001}","{""detection_events"":244396,""detectors_checked"":67665920,""obs_mistake_mask=E"":1}"
    441344,         1,         0,    4.27,standalone_exact_mw,e5b1593c0e383368e36e36cad39a29f258d2f8e653c88d1b733626fe43257e38,"{""distance"":5,""physical_error_rate"":0.0005}","{""detection_events"":179767,""detectors_checked"":98861056,""obs_mistake_mask=E"":1}"
    434176,         0,         0,    4.26,standalone_exact_mw,e5b1593c0e383368e36e36cad39a29f258d2f8e653c88d1b733626fe43257e38,"{""distance"":5,""physical_error_rate"":0.0005}","{""detection_events"":177940,""detectors_checked"":97255424}"
    239616,         0,         0,    4.27,standalone_exact_mw,a08eb9916bd7e95ca8a954036fa5b6d2576fbe4960b891dec8536a92078ec5d6,"{""distance"":5,""physical_error_rate"":0.001}","{""detection_events"":191965,""detectors_checked"":53673984}"
    264192,         1,         0,    4.25,standalone_exact_mw,e5b1593c0e383368e36e36cad39a29f258d2f8e653c88d1b733626fe43257e38,"{""distance"":5,""physical_error_rate"":0.0005}","{""detection_events"":107708,""detectors_checked"":59179008,""obs_mistake_mask=E"":1}"
    313344,         0,         0,    4.25,standalone_exact_mw,a1776e816afac70014f11f56bcdb5c816a7707d7213b56760e86cab507e42ef3,"{""distance"":5,""physical_error_rate"":0.0001}","{""detection_events"":25840,""detectors_checked"":70189056}"
    346112,         0,         0,    4.26,standalone_exact_mw,a1776e816afac70014f11f56bcdb5c816a7707d7213b56760e86cab507e42ef3,"{""distance"":5,""physical_error_rate"":0.0001}","{""detection_events"":28407,""detectors_checked"":77529088}"
   2916220,         0,         0,    35.6,standalone_exact_mw,a1776e816afac70014f11f56bcdb5c816a7707d7213b56760e86cab507e42ef3,"{""distance"":5,""physical_error_rate"":0.0001}","{""detection_events"":236756,""detectors_checked"":653233280}"
   2500209,         0,         0,    19.5,standalone_exact_mw,a1776e816afac70014f11f56bcdb5c816a7707d7213b56760e86cab507e42ef3,"{""distance"":5,""physical_error_rate"":0.0001}","{""detection_events"":202947,""detectors_checked"":560046816}"
   2500209,         0,         0,    17.5,standalone_exact_mw,a1776e816afac70014f11f56bcdb5c816a7707d7213b56760e86cab507e42ef3,"{""distance"":5,""physical_error_rate"":0.0001}","{""detection_events"":201679,""detectors_checked"":560046816}"
   2450432,         0,         0,    19.6,standalone_exact_mw,a1776e816afac70014f11f56bcdb5c816a7707d7213b56760e86cab507e42ef3,"{""distance"":5,""physical_error_rate"":0.0001}","{""detection_events"":199693,""detectors_checked"":548896768}"
    678912,         0,         0,    5.96,standalone_exact_mw,a1776e816afac70014f11f56bcdb5c816a7707d7213b56760e86cab507e42ef3,"{""distance"":5,""physical_error_rate"":0.0001}","{""detection_events"":55155,""detectors_checked"":152076288}"
    353280,         0,         0,    5.97,standalone_exact_mw,a08eb9916bd7e95ca8a954036fa5b6d2576fbe4960b891dec8536a92078ec5d6,"{""distance"":5,""physical_error_rate"":0.001}","{""detection_events"":286103,""detectors_checked"":79134720}"
    431104,         0,         0,    5.97,standalone_exact_mw,e5b1593c0e383368e36e36cad39a29f258d2f8e653c88d1b733626fe43257e38,"{""distance"":5,""physical_error_rate"":0.0005}","{""detection_events"":176066,""detectors_checked"":96567296}"
    501760,         0,         0,    5.98,standalone_exact_mw,e5b1593c0e383368e36e36cad39a29f258d2f8e653c88d1b733626fe43257e38,"{""distance"":5,""physical_error_rate"":0.0005}","{""detection_events"":204555,""detectors_checked"":112394240}"
    396288,         0,         0,    5.97,standalone_exact_mw,a08eb9916bd7e95ca8a954036fa5b6d2576fbe4960b891dec8536a92078ec5d6,"{""distance"":5,""physical_error_rate"":0.001}","{""detection_events"":320280,""detectors_checked"":88768512}"
    371712,         0,         0,    5.97,standalone_exact_mw,e5b1593c0e383368e36e36cad39a29f258d2f8e653c88d1b733626fe43257e38,"{""distance"":5,""physical_error_rate"":0.0005}","{""detection_events"":150608,""detectors_checked"":83263488}"
    484352,         0,         0,    5.95,standalone_exact_mw,a1776e816afac70014f11f56bcdb5c816a7707d7213b56760e86cab507e42ef3,"{""distance"":5,""physical_error_rate"":0.0001}","{""detection_events"":39092,""detectors_checked"":108494848}"
    484352,         0,         0,    5.93,standalone_exact_mw,a1776e816afac70014f11f56bcdb5c816a7707d7213b56760e86cab507e42ef3,"{""distance"":5,""physical_error_rate"":0.0001}","{""detection_events"":39349,""detectors_checked"":108494848}"
    681876,         0,         0,    4.61,standalone_exact_mw,a1776e816afac70014f11f56bcdb5c816a7707d7213b56760e86cab507e42ef3,"{""distance"":5,""physical_error_rate"":0.0001}","{""detection_events"":55788,""detectors_checked"":152740224}"
   1808384,         0,         0,    22.2,standalone_exact_mw,a1776e816afac70014f11f56bcdb5c816a7707d7213b56760e86cab507e42ef3,"{""distance"":5,""physical_error_rate"":0.0001}","{""detection_events"":146398,""detectors_checked"":405078016}"
   1775616,         0,         0,    22.2,standalone_exact_mw,a1776e816afac70014f11f56bcdb5c816a7707d7213b56760e86cab507e42ef3,"{""distance"":5,""physical_error_rate"":0.0001}","{""detection_events"":144698,""detectors_checked"":397737984}"
   2127872,         0,         0,    17.7,standalone_exact_mw,a1776e816afac70014f11f56bcdb5c816a7707d7213b56760e86cab507e42ef3,"{""distance"":5,""physical_error_rate"":0.0001}","{""detection_events"":172276,""detectors_checked"":476643328}"
   1611087,         0,         0,    14.1,standalone_exact_mw,a1776e816afac70014f11f56bcdb5c816a7707d7213b56760e86cab507e42ef3,"{""distance"":5,""physical_error_rate"":0.0001}","{""detection_events"":130773,""detectors_checked"":360883488}"
    945363,         0,         0,    7.05,standalone_exact_mw,a1776e816afac70014f11f56bcdb5c816a7707d7213b56760e86cab507e42ef3,"{""distance"":5,""physical_error_rate"":0.0001}","{""detection_events"":77023,""detectors_checked"":211761312}"
   3137536,         7,         0,    44.8,standalone_exact_mw,a08eb9916bd7e95ca8a954036fa5b6d2576fbe4960b891dec8536a92078ec5d6,"{""distance"":5,""physical_error_rate"":0.001}","{""detection_events"":2539425,""detectors_checked"":702808064,""obs_mistake_mask=E"":7}"
   2352128,         0,         0,    44.8,standalone_exact_mw,e5b1593c0e383368e36e36cad39a29f258d2f8e653c88d1b733626fe43257e38,"{""distance"":5,""physical_error_rate"":0.0005}","{""detection_events"":957812,""detectors_checked"":526876672}"
   1720320,         0,         0,    44.8,standalone_exact_mw,a08eb9916bd7e95ca8a954036fa5b6d2576fbe4960b891dec8536a92078ec5d6,"{""distance"":5,""physical_error_rate"":0.001}","{""detection_events"":1393251,""detectors_checked"":385351680}"
    859421,         0,         0,    9.15,standalone_exact_mw,a1776e816afac70014f11f56bcdb5c816a7707d7213b56760e86cab507e42ef3,"{""distance"":5,""physical_error_rate"":0.0001}","{""detection_events"":68838,""detectors_checked"":192510304}"
    782336,         0,         0,    7.43,standalone_exact_mw,a1776e816afac70014f11f56bcdb5c816a7707d7213b56760e86cab507e42ef3,"{""distance"":5,""physical_error_rate"":0.0001}","{""detection_events"":63203,""detectors_checked"":175243264}"
    811008,         0,         0,    10.1,standalone_exact_mw,a1776e816afac70014f11f56bcdb5c816a7707d7213b56760e86cab507e42ef3,"{""distance"":5,""physical_error_rate"":0.0001}","{""detection_events"":66148,""detectors_checked"":181665792}"
    435200,         0,         0,    8.34,standalone_exact_mw,a08eb9916bd7e95ca8a954036fa5b6d2576fbe4960b891dec8536a92078ec5d6,"{""distance"":5,""physical_error_rate"":0.001}","{""detection_events"":353647,""detectors_checked"":97484800}"
    742400,         1,         0,    8.32,standalone_exact_mw,e5b1593c0e383368e36e36cad39a29f258d2f8e653c88d1b733626fe43257e38,"{""distance"":5,""physical_error_rate"":0.0005}","{""detection_events"":301507,""detectors_checked"":166297600,""obs_mistake_mask=E"":1}"
    488448,         0,         0,    8.35,standalone_exact_mw,a08eb9916bd7e95ca8a954036fa5b6d2576fbe4960b891dec8536a92078ec5d6,"{""distance"":5,""physical_error_rate"":0.001}","{""detection_events"":396613,""detectors_checked"":109412352}"
    837632,         0,         0,    8.36,standalone_exact_mw,e5b1593c0e383368e36e36cad39a29f258d2f8e653c88d1b733626fe43257e38,"{""distance"":5,""physical_error_rate"":0.0005}","{""detection_events"":339791,""detectors_checked"":187629568}"
    526336,         0,         0,    8.36,standalone_exact_mw,e5b1593c0e383368e36e36cad39a29f258d2f8e653c88d1b733626fe43257e38,"{""distance"":5,""physical_error_rate"":0.0005}","{""detection_events"":214604,""detectors_checked"":117899264}"
    612352,         0,         0,    8.30,standalone_exact_mw,a1776e816afac70014f11f56bcdb5c816a7707d7213b56760e86cab507e42ef3,"{""distance"":5,""physical_error_rate"":0.0001}","{""detection_events"":50296,""detectors_checked"":137166848}"
    659456,         0,         0,    8.31,standalone_exact_mw,a1776e816afac70014f11f56bcdb5c816a7707d7213b56760e86cab507e42ef3,"{""distance"":5,""physical_error_rate"":0.0001}","{""detection_events"":53425,""detectors_checked"":147718144}"
    781292,         0,         0,    5.99,standalone_exact_mw,a1776e816afac70014f11f56bcdb5c816a7707d7213b56760e86cab507e42ef3,"{""distance"":5,""physical_error_rate"":0.0001}","{""detection_events"":63899,""detectors_checked"":175009408}"
    525312,         0,         0,    5.99,standalone_exact_mw,a1776e816afac70014f11f56bcdb5c816a7707d7213b56760e86cab507e42ef3,"{""distance"":5,""physical_error_rate"":0.0001}","{""detection_events"":42635,""detectors_checked"":117669888}"
    450560,         0,         0,    6.01,standalone_exact_mw,a1776e816afac70014f11f56bcdb5c816a7707d7213b56760e86cab507e42ef3,"{""distance"":5,""physical_error_rate"":0.0001}","{""detection_events"":36691,""detectors_checked"":100925440}"
    525312,         0,         0,    3.67,standalone_exact_mw,a1776e816afac70014f11f56bcdb5c816a7707d7213b56760e86cab507e42ef3,"{""distance"":5,""physical_error_rate"":0.0001}","{""detection_events"":42042,""detectors_checked"":117669888}"
    564224,         0,         0,    4.90,standalone_exact_mw,a1776e816afac70014f11f56bcdb5c816a7707d7213b56760e86cab507e42ef3,"{""distance"":5,""physical_error_rate"":0.0001}","{""detection_events"":45830,""detectors_checked"":126386176}"
    478208,         0,         0,    6.01,standalone_exact_mw,a1776e816afac70014f11f56bcdb5c816a7707d7213b56760e86cab507e42ef3,"{""distance"":5,""physical_error_rate"":0.0001}","{""detection_events"":38783,""detectors_checked"":107118592}"
    218559,         0,         0,    2.68,standalone_exact_mw,a1776e816afac70014f11f56bcdb5c816a7707d7213b56760e86cab507e42ef3,"{""distance"":5,""physical_error_rate"":0.0001}","{""detection_events"":17426,""detectors_checked"":48957216}"
    216064,         0,         0,    2.64,standalone_exact_mw,a1776e816afac70014f11f56bcdb5c816a7707d7213b56760e86cab507e42ef3,"{""distance"":5,""physical_error_rate"":0.0001}","{""detection_events"":17882,""detectors_checked"":48398336}"
    215040,         0,         0,    2.65,standalone_exact_mw,a1776e816afac70014f11f56bcdb5c816a7707d7213b56760e86cab507e42ef3,"{""distance"":5,""physical_error_rate"":0.0001}","{""detection_events"":17622,""detectors_checked"":48168960}"
    198690,         0,         0,    1.40,standalone_exact_mw,a1776e816afac70014f11f56bcdb5c816a7707d7213b56760e86cab507e42ef3,"{""distance"":5,""physical_error_rate"":0.0001}","{""detection_events"":16349,""detectors_checked"":44506560}"
    165888,         0,         0,    1.39,standalone_exact_mw,a1776e816afac70014f11f56bcdb5c816a7707d7213b56760e86cab507e42ef3,"{""distance"":5,""physical_error_rate"":0.0001}","{""detection_events"":13292,""detectors_checked"":37158912}"
    175104,         0,         0,    1.40,standalone_exact_mw,a1776e816afac70014f11f56bcdb5c816a7707d7213b56760e86cab507e42ef3,"{""distance"":5,""physical_error_rate"":0.0001}","{""detection_events"":14182,""detectors_checked"":39223296}"
    141436,         0,         0,    1.77,standalone_exact_mw,a1776e816afac70014f11f56bcdb5c816a7707d7213b56760e86cab507e42ef3,"{""distance"":5,""physical_error_rate"":0.0001}","{""detection_events"":11577,""detectors_checked"":31681664}"
    140288,         0,         0,    1.81,standalone_exact_mw,a1776e816afac70014f11f56bcdb5c816a7707d7213b56760e86cab507e42ef3,"{""distance"":5,""physical_error_rate"":0.0001}","{""detection_events"":11191,""detectors_checked"":31424512}"
    129024,         0,         0,    1.59,standalone_exact_mw,a1776e816afac70014f11f56bcdb5c816a7707d7213b56760e86cab507e42ef3,"{""distance"":5,""physical_error_rate"":0.0001}","{""detection_events"":10819,""detectors_checked"":28901376}"
    131072,         0,         0,    1.58,standalone_exact_mw,a1776e816afac70014f11f56bcdb5c816a7707d7213b56760e86cab507e42ef3,"{""distance"":5,""physical_error_rate"":0.0001}","{""detection_events"":10776,""detectors_checked"":29360128}"
    119808,         0,         0,    1.56,standalone_exact_mw,a1776e816afac70014f11f56bcdb5c816a7707d7213b56760e86cab507e42ef3,"{""distance"":5,""physical_error_rate"":0.0001}","{""detection_events"":9699,""detectors_checked"":26836992}"
     61181,         0,         0,   0.486,standalone_exact_mw,a1776e816afac70014f11f56bcdb5c816a7707d7213b56760e86cab507e42ef3,"{""distance"":5,""physical_error_rate"":0.0001}","{""detection_events"":5009,""detectors_checked"":13704544}"
     44727,         0,         0,   0.276,standalone_exact_mw,a1776e816afac70014f11f56bcdb5c816a7707d7213b56760e86cab507e42ef3,"{""distance"":5,""physical_error_rate"":0.0001}","{""detection_events"":3644,""detectors_checked"":10018848}"
     44032,         0,         0,   0.519,standalone_exact_mw,a1776e816afac70014f11f56bcdb5c816a7707d7213b56760e86cab507e42ef3,"{""distance"":5,""physical_error_rate"":0.0001}","{""detection_events"":3586,""detectors_checked"":9863168}"
     43008,         0,         0,   0.516,standalone_exact_mw,a1776e816afac70014f11f56bcdb5c816a7707d7213b56760e86cab507e42ef3,"{""distance"":5,""physical_error_rate"":0.0001}","{""detection_events"":3575,""detectors_checked"":9633792}"
      1719,         0,         0,   0.010,standalone_exact_mw,a1776e816afac70014f11f56bcdb5c816a7707d7213b56760e86cab507e42ef3,"{""distance"":5,""physical_error_rate"":0.0001}","{""detection_events"":110,""detectors_checked"":385056}"
     34816,         0,         0,   0.337,standalone_exact_mw,a1776e816afac70014f11f56bcdb5c816a7707d7213b56760e86cab507e42ef3,"{""distance"":5,""physical_error_rate"":0.0001}","{""detection_events"":2794,""detectors_checked"":7798784}"
     32592,         0,         0,   0.425,standalone_exact_mw,a1776e816afac70014f11f56bcdb5c816a7707d7213b56760e86cab507e42ef3,"{""distance"":5,""physical_error_rate"":0.0001}","{""detection_events"":2800,""detectors_checked"":7300608}"
     26464,         0,         0,   0.301,standalone_exact_mw,a1776e816afac70014f11f56bcdb5c816a7707d7213b56760e86cab507e42ef3,"{""distance"":5,""physical_error_rate"":0.0001}","{""detection_events"":2189,""detectors_checked"":5927936}"
     24576,         0,         0,   0.150,standalone_exact_mw,a1776e816afac70014f11f56bcdb5c816a7707d7213b56760e86cab507e42ef3,"{""distance"":5,""physical_error_rate"":0.0001}","{""detection_events"":1934,""detectors_checked"":5505024}"
     25600,         0,         0,   0.304,standalone_exact_mw,a1776e816afac70014f11f56bcdb5c816a7707d7213b56760e86cab507e42ef3,"{""distance"":5,""physical_error_rate"":0.0001}","{""detection_events"":1974,""detectors_checked"":5734400}"
     26464,         0,         0,   0.295,standalone_exact_mw,a1776e816afac70014f11f56bcdb5c816a7707d7213b56760e86cab507e42ef3,"{""distance"":5,""physical_error_rate"":0.0001}","{""detection_events"":2054,""detectors_checked"":5927936}"
     25600,         0,         0,   0.308,standalone_exact_mw,a1776e816afac70014f11f56bcdb5c816a7707d7213b56760e86cab507e42ef3,"{""distance"":5,""physical_error_rate"":0.0001}","{""detection_events"":2103,""detectors_checked"":5734400}"
     24058,         0,         0,   0.301,standalone_exact_mw,a1776e816afac70014f11f56bcdb5c816a7707d7213b56760e86cab507e42ef3,"{""distance"":5,""physical_error_rate"":0.0001}","{""detection_events"":2008,""detectors_checked"":5388992}"
     24576,         0,         0,   0.189,standalone_exact_mw,a1776e816afac70014f11f56bcdb5c816a7707d7213b56760e86cab507e42ef3,"{""distance"":5,""physical_error_rate"":0.0001}","{""detection_events"":1967,""detectors_checked"":5505024}"
     13312,         0,         0,   0.148,standalone_exact_mw,a1776e816afac70014f11f56bcdb5c816a7707d7213b56760e86cab507e42ef3,"{""distance"":5,""physical_error_rate"":0.0001}","{""detection_events"":923,""detectors_checked"":2981888}"
      2406,         0,         0,   0.015,standalone_exact_mw,a1776e816afac70014f11f56bcdb5c816a7707d7213b56760e86cab507e42ef3,"{""distance"":5,""physical_error_rate"":0.0001}","{""detection_events"":188,""detectors_checked"":538944}"
     17091,         0,         0,   0.210,standalone_exact_mw,a1776e816afac70014f11f56bcdb5c816a7707d7213b56760e86cab507e42ef3,"{""distance"":5,""physical_error_rate"":0.0001}","{""detection_events"":1411,""detectors_checked"":3828384}"
     17408,         0,         0,   0.208,standalone_exact_mw,a1776e816afac70014f11f56bcdb5c816a7707d7213b56760e86cab507e42ef3,"{""distance"":5,""physical_error_rate"":0.0001}","{""detection_events"":1526,""detectors_checked"":3899392}"
      8913,         0,         0,   0.067,standalone_exact_mw,a1776e816afac70014f11f56bcdb5c816a7707d7213b56760e86cab507e42ef3,"{""distance"":5,""physical_error_rate"":0.0001}","{""detection_events"":687,""detectors_checked"":1996512}"
      4143,         0,         0,   0.038,standalone_exact_mw,a1776e816afac70014f11f56bcdb5c816a7707d7213b56760e86cab507e42ef3,"{""distance"":5,""physical_error_rate"":0.0001}","{""detection_events"":369,""detectors_checked"":928032}"
      3270,         0,         0,   0.040,standalone_exact_mw,a1776e816afac70014f11f56bcdb5c816a7707d7213b56760e86cab507e42ef3,"{""distance"":5,""physical_error_rate"":0.0001}","{""detection_events"":292,""detectors_checked"":732480}"
      4294,         0,         0,   0.053,standalone_exact_mw,a1776e816afac70014f11f56bcdb5c816a7707d7213b56760e86cab507e42ef3,"{""distance"":5,""physical_error_rate"":0.0001}","{""detection_events"":361,""detectors_checked"":961856}"
      3903,         0,         0,   0.037,standalone_exact_mw,a1776e816afac70014f11f56bcdb5c816a7707d7213b56760e86cab507e42ef3,"{""distance"":5,""physical_error_rate"":0.0001}","{""detection_events"":276,""detectors_checked"":874272}"
      3883,         0,         0,   0.046,standalone_exact_mw,a1776e816afac70014f11f56bcdb5c816a7707d7213b56760e86cab507e42ef3,"{""distance"":5,""physical_error_rate"":0.0001}","{""detection_events"":277,""detectors_checked"":869792}"
      4293,         0,         0,   0.039,standalone_exact_mw,a1776e816afac70014f11f56bcdb5c816a7707d7213b56760e86cab507e42ef3,"{""distance"":5,""physical_error_rate"":0.0001}","{""detection_events"":311,""detectors_checked"":961632}"
      4293,         0,         0,   0.053,standalone_exact_mw,a1776e816afac70014f11f56bcdb5c816a7707d7213b56760e86cab507e42ef3,"{""distance"":5,""physical_error_rate"":0.0001}","{""detection_events"":384,""detectors_checked"":961632}"
       297,         0,         0,   0.002,standalone_exact_mw,a1776e816afac70014f11f56bcdb5c816a7707d7213b56760e86cab507e42ef3,"{""distance"":5,""physical_error_rate"":0.0001}","{""detection_events"":26,""detectors_checked"":66528}"
      3903,         0,         0,   0.030,standalone_exact_mw,a1776e816afac70014f11f56bcdb5c816a7707d7213b56760e86cab507e42ef3,"{""distance"":5,""physical_error_rate"":0.0001}","{""detection_events"":281,""detectors_checked"":874272}"
      3195,         0,         0,   0.056,standalone_exact_mw,a1776e816afac70014f11f56bcdb5c816a7707d7213b56760e86cab507e42ef3,"{""distance"":5,""physical_error_rate"":0.0001}","{""detection_events"":281,""detectors_checked"":715680}"
      4967,         0,         0,   0.053,standalone_exact_mw,a1776e816afac70014f11f56bcdb5c816a7707d7213b56760e86cab507e42ef3,"{""distance"":5,""physical_error_rate"":0.0001}","{""detection_events"":378,""detectors_checked"":1112608}"
       355,         0,         0,   0.002,standalone_exact_mw,a1776e816afac70014f11f56bcdb5c816a7707d7213b56760e86cab507e42ef3,"{""distance"":5,""physical_error_rate"":0.0001}","{""detection_events"":45,""detectors_checked"":79520}"
      1339,         0,         0,   0.009,standalone_exact_mw,a1776e816afac70014f11f56bcdb5c816a7707d7213b56760e86cab507e42ef3,"{""distance"":5,""physical_error_rate"":0.0001}","{""detection_events"":160,""detectors_checked"":299936}"
        89,         0,         0,   0.001,standalone_exact_mw,a1776e816afac70014f11f56bcdb5c816a7707d7213b56760e86cab507e42ef3,"{""distance"":5,""physical_error_rate"":0.0001}","{""detection_events"":11,""detectors_checked"":19936}"
      4967,         0,         0,   0.077,standalone_exact_mw,a1776e816afac70014f11f56bcdb5c816a7707d7213b56760e86cab507e42ef3,"{""distance"":5,""physical_error_rate"":0.0001}","{""detection_events"":393,""detectors_checked"":1112608}"
       743,         0,         0,   0.005,standalone_exact_mw,a1776e816afac70014f11f56bcdb5c816a7707d7213b56760e86cab507e42ef3,"{""distance"":5,""physical_error_rate"":0.0001}","{""detection_events"":70,""detectors_checked"":166432}"
      2805,         0,         0,   0.024,standalone_exact_mw,a1776e816afac70014f11f56bcdb5c816a7707d7213b56760e86cab507e42ef3,"{""distance"":5,""physical_error_rate"":0.0001}","{""detection_events"":212,""detectors_checked"":628320}"
      3548,         0,         0,   0.035,standalone_exact_mw,a1776e816afac70014f11f56bcdb5c816a7707d7213b56760e86cab507e42ef3,"{""distance"":5,""physical_error_rate"":0.0001}","{""detection_events"":296,""detectors_checked"":794752}"
       344,         0,         0,   0.002,standalone_exact_mw,a1776e816afac70014f11f56bcdb5c816a7707d7213b56760e86cab507e42ef3,"{""distance"":5,""physical_error_rate"":0.0001}","{""detection_events"":30,""detectors_checked"":77056}"
      1297,         0,         0,   0.011,standalone_exact_mw,e5b1593c0e383368e36e36cad39a29f258d2f8e653c88d1b733626fe43257e38,"{""distance"":5,""physical_error_rate"":0.0005}","{""detection_events"":505,""detectors_checked"":290528}"
      1297,         0,         0,   0.019,standalone_exact_mw,e5b1593c0e383368e36e36cad39a29f258d2f8e653c88d1b733626fe43257e38,"{""distance"":5,""physical_error_rate"":0.0005}","{""detection_events"":531,""detectors_checked"":290528}"
      1024,         0,         0,   0.009,standalone_exact_mw,e5b1593c0e383368e36e36cad39a29f258d2f8e653c88d1b733626fe43257e38,"{""distance"":5,""physical_error_rate"":0.0005}","{""detection_events"":471,""detectors_checked"":229376}"
      1024,         0,         0,   0.021,standalone_exact_mw,e5b1593c0e383368e36e36cad39a29f258d2f8e653c88d1b733626fe43257e38,"{""distance"":5,""physical_error_rate"":0.0005}","{""detection_events"":392,""detectors_checked"":229376}"
         1,         0,         0,   0.000,standalone_exact_mw,a08eb9916bd7e95ca8a954036fa5b6d2576fbe4960b891dec8536a92078ec5d6,"{""distance"":5,""physical_error_rate"":0.001}","{""detectors_checked"":224}"
      1024,         0,         0,   0.021,standalone_exact_mw,e5b1593c0e383368e36e36cad39a29f258d2f8e653c88d1b733626fe43257e38,"{""distance"":5,""physical_error_rate"":0.0005}","{""detection_events"":406,""detectors_checked"":229376}"
      1296,         0,         0,   0.014,standalone_exact_mw,a08eb9916bd7e95ca8a954036fa5b6d2576fbe4960b891dec8536a92078ec5d6,"{""distance"":5,""physical_error_rate"":0.001}","{""detection_events"":1116,""detectors_checked"":290304}"
      1297,         0,         0,   0.021,standalone_exact_mw,a08eb9916bd7e95ca8a954036fa5b6d2576fbe4960b891dec8536a92078ec5d6,"{""distance"":5,""physical_error_rate"":0.001}","{""detection_events"":1000,""detectors_checked"":290528}"
      2048,         0,         0,   0.028,standalone_exact_mw,e5b1593c0e383368e36e36cad39a29f258d2f8e653c88d1b733626fe43257e38,"{""distance"":5,""physical_error_rate"":0.0005}","{""detection_events"":830,""detectors_checked"":458752}"
      1297,         0,         0,   0.014,standalone_exact_mw,a08eb9916bd7e95ca8a954036fa5b6d2576fbe4960b891dec8536a92078ec5d6,"{""distance"":5,""physical_error_rate"":0.001}","{""detection_events"":1103,""detectors_checked"":290528}"
      1297,         0,         0,   0.031,standalone_exact_mw,a08eb9916bd7e95ca8a954036fa5b6d2576fbe4960b891dec8536a92078ec5d6,"{""distance"":5,""physical_error_rate"":0.001}","{""detection_events"":1032,""detectors_checked"":290528}"
      1297,         0,         0,   0.021,standalone_exact_mw,a08eb9916bd7e95ca8a954036fa5b6d2576fbe4960b891dec8536a92078ec5d6,"{""distance"":5,""physical_error_rate"":0.001}","{""detection_events"":1051,""detectors_checked"":290528}"
      1024,         0,         0,   0.024,standalone_exact_mw,a08eb9916bd7e95ca8a954036fa5b6d2576fbe4960b891dec8536a92078ec5d6,"{""distance"":5,""physical_error_rate"":0.001}","{""detection_events"":767,""detectors_checked"":229376}"
      1024,         0,         0,   0.023,standalone_exact_mw,a08eb9916bd7e95ca8a954036fa5b6d2576fbe4960b891dec8536a92078ec5d6,"{""distance"":5,""physical_error_rate"":0.001}","{""detection_events"":875,""detectors_checked"":229376}"
      1024,         0,         0,   0.014,standalone_exact_mw,a08eb9916bd7e95ca8a954036fa5b6d2576fbe4960b891dec8536a92078ec5d6,"{""distance"":5,""physical_error_rate"":0.001}","{""detection_events"":798,""detectors_checked"":229376}"
      3072,         0,         0,   0.037,standalone_exact_mw,e5b1593c0e383368e36e36cad39a29f258d2f8e653c88d1b733626fe43257e38,"{""distance"":5,""physical_error_rate"":0.0005}","{""detection_events"":1187,""detectors_checked"":688128}"
      2048,         0,         0,   0.029,standalone_exact_mw,e5b1593c0e383368e36e36cad39a29f258d2f8e653c88d1b733626fe43257e38,"{""distance"":5,""physical_error_rate"":0.0005}","{""detection_events"":829,""detectors_checked"":458752}"
      1024,         0,         0,   0.027,standalone_exact_mw,a08eb9916bd7e95ca8a954036fa5b6d2576fbe4960b891dec8536a92078ec5d6,"{""distance"":5,""physical_error_rate"":0.001}","{""detection_events"":750,""detectors_checked"":229376}"
      1297,         0,         0,   0.033,standalone_exact_mw,e5b1593c0e383368e36e36cad39a29f258d2f8e653c88d1b733626fe43257e38,"{""distance"":5,""physical_error_rate"":0.0005}","{""detection_events"":562,""detectors_checked"":290528}"
      1024,         0,         0,   0.024,standalone_exact_mw,a08eb9916bd7e95ca8a954036fa5b6d2576fbe4960b891dec8536a92078ec5d6,"{""distance"":5,""physical_error_rate"":0.001}","{""detection_events"":869,""detectors_checked"":229376}"
      1024,         0,         0,   0.024,standalone_exact_mw,a08eb9916bd7e95ca8a954036fa5b6d2576fbe4960b891dec8536a92078ec5d6,"{""distance"":5,""physical_error_rate"":0.001}","{""detection_events"":827,""detectors_checked"":229376}"
      1024,         0,         0,   0.011,standalone_exact_mw,a08eb9916bd7e95ca8a954036fa5b6d2576fbe4960b891dec8536a92078ec5d6,"{""distance"":5,""physical_error_rate"":0.001}","{""detection_events"":773,""detectors_checked"":229376}"
      1024,         0,         0,   0.010,standalone_exact_mw,a08eb9916bd7e95ca8a954036fa5b6d2576fbe4960b891dec8536a92078ec5d6,"{""distance"":5,""physical_error_rate"":0.001}","{""detection_events"":867,""detectors_checked"":229376}"
      2048,         0,         0,   0.023,standalone_exact_mw,a08eb9916bd7e95ca8a954036fa5b6d2576fbe4960b891dec8536a92078ec5d6,"{""distance"":5,""physical_error_rate"":0.001}","{""detection_events"":1617,""detectors_checked"":458752}"
      2048,         0,         0,   0.046,standalone_exact_mw,a08eb9916bd7e95ca8a954036fa5b6d2576fbe4960b891dec8536a92078ec5d6,"{""distance"":5,""physical_error_rate"":0.001}","{""detection_events"":1639,""detectors_checked"":458752}"
      2048,         0,         0,   0.030,standalone_exact_mw,e5b1593c0e383368e36e36cad39a29f258d2f8e653c88d1b733626fe43257e38,"{""distance"":5,""physical_error_rate"":0.0005}","{""detection_events"":877,""detectors_checked"":458752}"
      1297,         0,         0,   0.022,standalone_exact_mw,a08eb9916bd7e95ca8a954036fa5b6d2576fbe4960b891dec8536a92078ec5d6,"{""distance"":5,""physical_error_rate"":0.001}","{""detection_events"":1209,""detectors_checked"":290528}"
      3072,         0,         0,   0.037,standalone_exact_mw,e5b1593c0e383368e36e36cad39a29f258d2f8e653c88d1b733626fe43257e38,"{""distance"":5,""physical_error_rate"":0.0005}","{""detection_events"":1169,""detectors_checked"":688128}"
      3072,         0,         0,   0.038,standalone_exact_mw,e5b1593c0e383368e36e36cad39a29f258d2f8e653c88d1b733626fe43257e38,"{""distance"":5,""physical_error_rate"":0.0005}","{""detection_events"":1322,""detectors_checked"":688128}"
      2048,         0,         0,   0.033,standalone_exact_mw,a08eb9916bd7e95ca8a954036fa5b6d2576fbe4960b891dec8536a92078ec5d6,"{""distance"":5,""physical_error_rate"":0.001}","{""detection_events"":1577,""detectors_checked"":458752}"
      1297,         0,         0,   0.012,standalone_exact_mw,e5b1593c0e383368e36e36cad39a29f258d2f8e653c88d1b733626fe43257e38,"{""distance"":5,""physical_error_rate"":0.0005}","{""detection_events"":519,""detectors_checked"":290528}"
      1024,         0,         0,   0.023,standalone_exact_mw,a08eb9916bd7e95ca8a954036fa5b6d2576fbe4960b891dec8536a92078ec5d6,"{""distance"":5,""physical_error_rate"":0.001}","{""detection_events"":894,""detectors_checked"":229376}"
      1024,         0,         0,   0.033,standalone_exact_mw,a08eb9916bd7e95ca8a954036fa5b6d2576fbe4960b891dec8536a92078ec5d6,"{""distance"":5,""physical_error_rate"":0.001}","{""detection_events"":902,""detectors_checked"":229376}"
      2048,         0,         0,   0.047,standalone_exact_mw,a08eb9916bd7e95ca8a954036fa5b6d2576fbe4960b891dec8536a92078ec5d6,"{""distance"":5,""physical_error_rate"":0.001}","{""detection_events"":1813,""detectors_checked"":458752}"
      2048,         0,         0,   0.029,standalone_exact_mw,e5b1593c0e383368e36e36cad39a29f258d2f8e653c88d1b733626fe43257e38,"{""distance"":5,""physical_error_rate"":0.0005}","{""detection_events"":939,""detectors_checked"":458752}"
      2048,         0,         0,   0.046,standalone_exact_mw,a08eb9916bd7e95ca8a954036fa5b6d2576fbe4960b891dec8536a92078ec5d6,"{""distance"":5,""physical_error_rate"":0.001}","{""detection_events"":1674,""detectors_checked"":458752}"
      1024,         0,         0,   0.016,standalone_exact_mw,e5b1593c0e383368e36e36cad39a29f258d2f8e653c88d1b733626fe43257e38,"{""distance"":5,""physical_error_rate"":0.0005}","{""detection_events"":393,""detectors_checked"":229376}"
      1024,         0,         0,   0.023,standalone_exact_mw,a08eb9916bd7e95ca8a954036fa5b6d2576fbe4960b891dec8536a92078ec5d6,"{""distance"":5,""physical_error_rate"":0.001}","{""detection_events"":897,""detectors_checked"":229376}"
      3072,         0,         0,   0.056,standalone_exact_mw,a08eb9916bd7e95ca8a954036fa5b6d2576fbe4960b891dec8536a92078ec5d6,"{""distance"":5,""physical_error_rate"":0.001}","{""detection_events"":2466,""detectors_checked"":688128}"
      2048,         0,         0,   0.033,standalone_exact_mw,a08eb9916bd7e95ca8a954036fa5b6d2576fbe4960b891dec8536a92078ec5d6,"{""distance"":5,""physical_error_rate"":0.001}","{""detection_events"":1799,""detectors_checked"":458752}"
      2048,         0,         0,   0.029,standalone_exact_mw,e5b1593c0e383368e36e36cad39a29f258d2f8e653c88d1b733626fe43257e38,"{""distance"":5,""physical_error_rate"":0.0005}","{""detection_events"":890,""detectors_checked"":458752}"
      2048,         0,         0,   0.029,standalone_exact_mw,e5b1593c0e383368e36e36cad39a29f258d2f8e653c88d1b733626fe43257e38,"{""distance"":5,""physical_error_rate"":0.0005}","{""detection_events"":833,""detectors_checked"":458752}"
      2048,         0,         0,   0.039,standalone_exact_mw,a08eb9916bd7e95ca8a954036fa5b6d2576fbe4960b891dec8536a92078ec5d6,"{""distance"":5,""physical_error_rate"":0.001}","{""detection_events"":1704,""detectors_checked"":458752}"
      1297,         0,         0,   0.029,standalone_exact_mw,e5b1593c0e383368e36e36cad39a29f258d2f8e653c88d1b733626fe43257e38,"{""distance"":5,""physical_error_rate"":0.0005}","{""detection_events"":513,""detectors_checked"":290528}"
      4096,         0,         0,   0.058,standalone_exact_mw,e5b1593c0e383368e36e36cad39a29f258d2f8e653c88d1b733626fe43257e38,"{""distance"":5,""physical_error_rate"":0.0005}","{""detection_events"":1706,""detectors_checked"":917504}"
      4096,         0,         0,   0.058,standalone_exact_mw,e5b1593c0e383368e36e36cad39a29f258d2f8e653c88d1b733626fe43257e38,"{""distance"":5,""physical_error_rate"":0.0005}","{""detection_events"":1711,""detectors_checked"":917504}"
      2048,         0,         0,   0.033,standalone_exact_mw,a08eb9916bd7e95ca8a954036fa5b6d2576fbe4960b891dec8536a92078ec5d6,"{""distance"":5,""physical_error_rate"":0.001}","{""detection_events"":1597,""detectors_checked"":458752}"
      3072,         0,         0,   0.056,standalone_exact_mw,a08eb9916bd7e95ca8a954036fa5b6d2576fbe4960b891dec8536a92078ec5d6,"{""distance"":5,""physical_error_rate"":0.001}","{""detection_events"":2405,""detectors_checked"":688128}"
      3072,         0,         0,   0.060,standalone_exact_mw,a08eb9916bd7e95ca8a954036fa5b6d2576fbe4960b891dec8536a92078ec5d6,"{""distance"":5,""physical_error_rate"":0.001}","{""detection_events"":2460,""detectors_checked"":688128}"
      2048,         0,         0,   0.029,standalone_exact_mw,e5b1593c0e383368e36e36cad39a29f258d2f8e653c88d1b733626fe43257e38,"{""distance"":5,""physical_error_rate"":0.0005}","{""detection_events"":823,""detectors_checked"":458752}"
      3072,         0,         0,   0.056,standalone_exact_mw,a08eb9916bd7e95ca8a954036fa5b6d2576fbe4960b891dec8536a92078ec5d6,"{""distance"":5,""physical_error_rate"":0.001}","{""detection_events"":2405,""detectors_checked"":688128}"
      3072,         0,         0,   0.056,standalone_exact_mw,a08eb9916bd7e95ca8a954036fa5b6d2576fbe4960b891dec8536a92078ec5d6,"{""distance"":5,""physical_error_rate"":0.001}","{""detection_events"":2448,""detectors_checked"":688128}"
      2048,         0,         0,   0.029,standalone_exact_mw,e5b1593c0e383368e36e36cad39a29f258d2f8e653c88d1b733626fe43257e38,"{""distance"":5,""physical_error_rate"":0.0005}","{""detection_events"":834,""detectors_checked"":458752}"
      3072,         0,         0,   0.049,standalone_exact_mw,e5b1593c0e383368e36e36cad39a29f258d2f8e653c88d1b733626fe43257e38,"{""distance"":5,""physical_error_rate"":0.0005}","{""detection_events"":1144,""detectors_checked"":688128}"
      2048,         0,         0,   0.046,standalone_exact_mw,a08eb9916bd7e95ca8a954036fa5b6d2576fbe4960b891dec8536a92078ec5d6,"{""distance"":5,""physical_error_rate"":0.001}","{""detection_events"":1723,""detectors_checked"":458752}"
      2048,         0,         0,   0.029,standalone_exact_mw,e5b1593c0e383368e36e36cad39a29f258d2f8e653c88d1b733626fe43257e38,"{""distance"":5,""physical_error_rate"":0.0005}","{""detection_events"":858,""detectors_checked"":458752}"
      3072,         0,         0,   0.056,standalone_exact_mw,a08eb9916bd7e95ca8a954036fa5b6d2576fbe4960b891dec8536a92078ec5d6,"{""distance"":5,""physical_error_rate"":0.001}","{""detection_events"":2528,""detectors_checked"":688128}"
      2048,         0,         0,   0.029,standalone_exact_mw,e5b1593c0e383368e36e36cad39a29f258d2f8e653c88d1b733626fe43257e38,"{""distance"":5,""physical_error_rate"":0.0005}","{""detection_events"":902,""detectors_checked"":458752}"
      3072,         0,         0,   0.064,standalone_exact_mw,a08eb9916bd7e95ca8a954036fa5b6d2576fbe4960b891dec8536a92078ec5d6,"{""distance"":5,""physical_error_rate"":0.001}","{""detection_events"":2593,""detectors_checked"":688128}"
      8192,         0,         0,   0.076,standalone_exact_mw,e5b1593c0e383368e36e36cad39a29f258d2f8e653c88d1b733626fe43257e38,"{""distance"":5,""physical_error_rate"":0.0005}","{""detection_events"":3320,""detectors_checked"":1835008}"
      5120,         0,         0,   0.079,standalone_exact_mw,e5b1593c0e383368e36e36cad39a29f258d2f8e653c88d1b733626fe43257e38,"{""distance"":5,""physical_error_rate"":0.0005}","{""detection_events"":2029,""detectors_checked"":1146880}"
      3072,         0,         0,   0.069,standalone_exact_mw,a08eb9916bd7e95ca8a954036fa5b6d2576fbe4960b891dec8536a92078ec5d6,"{""distance"":5,""physical_error_rate"":0.001}","{""detection_events"":2448,""detectors_checked"":688128}"
      4096,         0,         0,   0.058,standalone_exact_mw,e5b1593c0e383368e36e36cad39a29f258d2f8e653c88d1b733626fe43257e38,"{""distance"":5,""physical_error_rate"":0.0005}","{""detection_events"":1707,""detectors_checked"":917504}"
      2048,         0,         0,   0.029,standalone_exact_mw,e5b1593c0e383368e36e36cad39a29f258d2f8e653c88d1b733626fe43257e38,"{""distance"":5,""physical_error_rate"":0.0005}","{""detection_events"":756,""detectors_checked"":458752}"
      3072,         0,         0,   0.056,standalone_exact_mw,a08eb9916bd7e95ca8a954036fa5b6d2576fbe4960b891dec8536a92078ec5d6,"{""distance"":5,""physical_error_rate"":0.001}","{""detection_events"":2468,""detectors_checked"":688128}"
      4096,         0,         0,   0.079,standalone_exact_mw,a08eb9916bd7e95ca8a954036fa5b6d2576fbe4960b891dec8536a92078ec5d6,"{""distance"":5,""physical_error_rate"":0.001}","{""detection_events"":3297,""detectors_checked"":917504}"
      4096,         0,         0,   0.079,standalone_exact_mw,a08eb9916bd7e95ca8a954036fa5b6d2576fbe4960b891dec8536a92078ec5d6,"{""distance"":5,""physical_error_rate"":0.001}","{""detection_events"":3443,""detectors_checked"":917504}"
      4096,         0,         0,   0.058,standalone_exact_mw,e5b1593c0e383368e36e36cad39a29f258d2f8e653c88d1b733626fe43257e38,"{""distance"":5,""physical_error_rate"":0.0005}","{""detection_events"":1726,""detectors_checked"":917504}"
      3072,         0,         0,   0.047,standalone_exact_mw,e5b1593c0e383368e36e36cad39a29f258d2f8e653c88d1b733626fe43257e38,"{""distance"":5,""physical_error_rate"":0.0005}","{""detection_events"":1190,""detectors_checked"":688128}"
      4096,         0,         0,   0.079,standalone_exact_mw,a08eb9916bd7e95ca8a954036fa5b6d2576fbe4960b891dec8536a92078ec5d6,"{""distance"":5,""physical_error_rate"":0.001}","{""detection_events"":3366,""detectors_checked"":917504}"
      4096,         0,         0,   0.078,standalone_exact_mw,a08eb9916bd7e95ca8a954036fa5b6d2576fbe4960b891dec8536a92078ec5d6,"{""distance"":5,""physical_error_rate"":0.001}","{""detection_events"":3301,""detectors_checked"":917504}"
      4096,         0,         0,   0.079,standalone_exact_mw,a08eb9916bd7e95ca8a954036fa5b6d2576fbe4960b891dec8536a92078ec5d6,"{""distance"":5,""physical_error_rate"":0.001}","{""detection_events"":3441,""detectors_checked"":917504}"
      5120,         0,         0,   0.079,standalone_exact_mw,e5b1593c0e383368e36e36cad39a29f258d2f8e653c88d1b733626fe43257e38,"{""distance"":5,""physical_error_rate"":0.0005}","{""detection_events"":2183,""detectors_checked"":1146880}"
      4096,         0,         0,   0.079,standalone_exact_mw,a08eb9916bd7e95ca8a954036fa5b6d2576fbe4960b891dec8536a92078ec5d6,"{""distance"":5,""physical_error_rate"":0.001}","{""detection_events"":3283,""detectors_checked"":917504}"
     12288,         0,         0,   0.110,standalone_exact_mw,e5b1593c0e383368e36e36cad39a29f258d2f8e653c88d1b733626fe43257e38,"{""distance"":5,""physical_error_rate"":0.0005}","{""detection_events"":4735,""detectors_checked"":2752512}"
      7168,         0,         0,   0.108,standalone_exact_mw,e5b1593c0e383368e36e36cad39a29f258d2f8e653c88d1b733626fe43257e38,"{""distance"":5,""physical_error_rate"":0.0005}","{""detection_events"":2757,""detectors_checked"":1605632}"
      5120,         0,         0,   0.078,standalone_exact_mw,e5b1593c0e383368e36e36cad39a29f258d2f8e653c88d1b733626fe43257e38,"{""distance"":5,""physical_error_rate"":0.0005}","{""detection_events"":2059,""detectors_checked"":1146880}"
      4096,         0,         0,   0.071,standalone_exact_mw,e5b1593c0e383368e36e36cad39a29f258d2f8e653c88d1b733626fe43257e38,"{""distance"":5,""physical_error_rate"":0.0005}","{""detection_events"":1657,""detectors_checked"":917504}"
      6144,         0,         0,   0.124,standalone_exact_mw,a08eb9916bd7e95ca8a954036fa5b6d2576fbe4960b891dec8536a92078ec5d6,"{""distance"":5,""physical_error_rate"":0.001}","{""detection_events"":4894,""detectors_checked"":1376256}"
      6144,         0,         0,   0.126,standalone_exact_mw,a08eb9916bd7e95ca8a954036fa5b6d2576fbe4960b891dec8536a92078ec5d6,"{""distance"":5,""physical_error_rate"":0.001}","{""detection_events"":4979,""detectors_checked"":1376256}"
      6144,         0,         0,   0.112,standalone_exact_mw,a08eb9916bd7e95ca8a954036fa5b6d2576fbe4960b891dec8536a92078ec5d6,"{""distance"":5,""physical_error_rate"":0.001}","{""detection_events"":4878,""detectors_checked"":1376256}"
      6144,         0,         0,   0.111,standalone_exact_mw,a08eb9916bd7e95ca8a954036fa5b6d2576fbe4960b891dec8536a92078ec5d6,"{""distance"":5,""physical_error_rate"":0.001}","{""detection_events"":4991,""detectors_checked"":1376256}"
      6144,         0,         0,   0.112,standalone_exact_mw,a08eb9916bd7e95ca8a954036fa5b6d2576fbe4960b891dec8536a92078ec5d6,"{""distance"":5,""physical_error_rate"":0.001}","{""detection_events"":4962,""detectors_checked"":1376256}"
      5120,         0,         0,   0.079,standalone_exact_mw,e5b1593c0e383368e36e36cad39a29f258d2f8e653c88d1b733626fe43257e38,"{""distance"":5,""physical_error_rate"":0.0005}","{""detection_events"":2033,""detectors_checked"":1146880}"
      7168,         0,         0,   0.121,standalone_exact_mw,e5b1593c0e383368e36e36cad39a29f258d2f8e653c88d1b733626fe43257e38,"{""distance"":5,""physical_error_rate"":0.0005}","{""detection_events"":3055,""detectors_checked"":1605632}"
      6144,         0,         0,   0.126,standalone_exact_mw,a08eb9916bd7e95ca8a954036fa5b6d2576fbe4960b891dec8536a92078ec5d6,"{""distance"":5,""physical_error_rate"":0.001}","{""detection_events"":4928,""detectors_checked"":1376256}"
      7168,         0,         0,   0.121,standalone_exact_mw,e5b1593c0e383368e36e36cad39a29f258d2f8e653c88d1b733626fe43257e38,"{""distance"":5,""physical_error_rate"":0.0005}","{""detection_events"":2990,""detectors_checked"":1605632}"
      9216,         0,         0,   0.151,standalone_exact_mw,e5b1593c0e383368e36e36cad39a29f258d2f8e653c88d1b733626fe43257e38,"{""distance"":5,""physical_error_rate"":0.0005}","{""detection_events"":3705,""detectors_checked"":2064384}"
     13312,         0,         0,   0.154,standalone_exact_mw,e5b1593c0e383368e36e36cad39a29f258d2f8e653c88d1b733626fe43257e38,"{""distance"":5,""physical_error_rate"":0.0005}","{""detection_events"":5185,""detectors_checked"":2981888}"
      7168,         0,         0,   0.149,standalone_exact_mw,a08eb9916bd7e95ca8a954036fa5b6d2576fbe4960b891dec8536a92078ec5d6,"{""distance"":5,""physical_error_rate"":0.001}","{""detection_events"":5813,""detectors_checked"":1605632}"
      8192,         0,         0,   0.159,standalone_exact_mw,a08eb9916bd7e95ca8a954036fa5b6d2576fbe4960b891dec8536a92078ec5d6,"{""distance"":5,""physical_error_rate"":0.001}","{""detection_events"":6609,""detectors_checked"":1835008}"
      7168,         0,         0,   0.108,standalone_exact_mw,e5b1593c0e383368e36e36cad39a29f258d2f8e653c88d1b733626fe43257e38,"{""distance"":5,""physical_error_rate"":0.0005}","{""detection_events"":2945,""detectors_checked"":1605632}"
      7168,         0,         0,   0.149,standalone_exact_mw,a08eb9916bd7e95ca8a954036fa5b6d2576fbe4960b891dec8536a92078ec5d6,"{""distance"":5,""physical_error_rate"":0.001}","{""detection_events"":5609,""detectors_checked"":1605632}"
      8192,         0,         0,   0.158,standalone_exact_mw,a08eb9916bd7e95ca8a954036fa5b6d2576fbe4960b891dec8536a92078ec5d6,"{""distance"":5,""physical_error_rate"":0.001}","{""detection_events"":6814,""detectors_checked"":1835008}"
      7168,         0,         0,   0.150,standalone_exact_mw,a08eb9916bd7e95ca8a954036fa5b6d2576fbe4960b891dec8536a92078ec5d6,"{""distance"":5,""physical_error_rate"":0.001}","{""detection_events"":5838,""detectors_checked"":1605632}"
     10240,         0,         0,   0.156,standalone_exact_mw,e5b1593c0e383368e36e36cad39a29f258d2f8e653c88d1b733626fe43257e38,"{""distance"":5,""physical_error_rate"":0.0005}","{""detection_events"":4033,""detectors_checked"":2293760}"
     10240,         0,         0,   0.157,standalone_exact_mw,e5b1593c0e383368e36e36cad39a29f258d2f8e653c88d1b733626fe43257e38,"{""distance"":5,""physical_error_rate"":0.0005}","{""detection_events"":3941,""detectors_checked"":2293760}"
      8192,         0,         0,   0.160,standalone_exact_mw,a08eb9916bd7e95ca8a954036fa5b6d2576fbe4960b891dec8536a92078ec5d6,"{""distance"":5,""physical_error_rate"":0.001}","{""detection_events"":6620,""detectors_checked"":1835008}"
      9216,         0,         0,   0.150,standalone_exact_mw,e5b1593c0e383368e36e36cad39a29f258d2f8e653c88d1b733626fe43257e38,"{""distance"":5,""physical_error_rate"":0.0005}","{""detection_events"":3730,""detectors_checked"":2064384}"
     13312,         0,         0,   0.210,standalone_exact_mw,e5b1593c0e383368e36e36cad39a29f258d2f8e653c88d1b733626fe43257e38,"{""distance"":5,""physical_error_rate"":0.0005}","{""detection_events"":5472,""detectors_checked"":2981888}"
     21504,         0,         0,   0.209,standalone_exact_mw,e5b1593c0e383368e36e36cad39a29f258d2f8e653c88d1b733626fe43257e38,"{""distance"":5,""physical_error_rate"":0.0005}","{""detection_events"":8723,""detectors_checked"":4816896}"
     10240,         0,         0,   0.216,standalone_exact_mw,a08eb9916bd7e95ca8a954036fa5b6d2576fbe4960b891dec8536a92078ec5d6,"{""distance"":5,""physical_error_rate"":0.001}","{""detection_events"":8292,""detectors_checked"":2293760}"
     11264,         0,         0,   0.229,standalone_exact_mw,a08eb9916bd7e95ca8a954036fa5b6d2576fbe4960b891dec8536a92078ec5d6,"{""distance"":5,""physical_error_rate"":0.001}","{""detection_events"":9185,""detectors_checked"":2523136}"
     11264,         0,         0,   0.214,standalone_exact_mw,a08eb9916bd7e95ca8a954036fa5b6d2576fbe4960b891dec8536a92078ec5d6,"{""distance"":5,""physical_error_rate"":0.001}","{""detection_events"":9164,""detectors_checked"":2523136}"
     11264,         0,         0,   0.215,standalone_exact_mw,a08eb9916bd7e95ca8a954036fa5b6d2576fbe4960b891dec8536a92078ec5d6,"{""distance"":5,""physical_error_rate"":0.001}","{""detection_events"":9288,""detectors_checked"":2523136}"
     13312,         0,         0,   0.207,standalone_exact_mw,e5b1593c0e383368e36e36cad39a29f258d2f8e653c88d1b733626fe43257e38,"{""distance"":5,""physical_error_rate"":0.0005}","{""detection_events"":5509,""detectors_checked"":2981888}"
     11264,         0,         0,   0.228,standalone_exact_mw,a08eb9916bd7e95ca8a954036fa5b6d2576fbe4960b891dec8536a92078ec5d6,"{""distance"":5,""physical_error_rate"":0.001}","{""detection_events"":8921,""detectors_checked"":2523136}"
     13312,         0,         0,   0.208,standalone_exact_mw,e5b1593c0e383368e36e36cad39a29f258d2f8e653c88d1b733626fe43257e38,"{""distance"":5,""physical_error_rate"":0.0005}","{""detection_events"":5322,""detectors_checked"":2981888}"
     11264,         0,         0,   0.227,standalone_exact_mw,a08eb9916bd7e95ca8a954036fa5b6d2576fbe4960b891dec8536a92078ec5d6,"{""distance"":5,""physical_error_rate"":0.001}","{""detection_events"":9023,""detectors_checked"":2523136}"
     13312,         0,         0,   0.197,standalone_exact_mw,e5b1593c0e383368e36e36cad39a29f258d2f8e653c88d1b733626fe43257e38,"{""distance"":5,""physical_error_rate"":0.0005}","{""detection_events"":5475,""detectors_checked"":2981888}"
     19456,         0,         0,   0.296,standalone_exact_mw,e5b1593c0e383368e36e36cad39a29f258d2f8e653c88d1b733626fe43257e38,"{""distance"":5,""physical_error_rate"":0.0005}","{""detection_events"":7825,""detectors_checked"":4358144}"
     29696,         0,         0,   0.296,standalone_exact_mw,e5b1593c0e383368e36e36cad39a29f258d2f8e653c88d1b733626fe43257e38,"{""distance"":5,""physical_error_rate"":0.0005}","{""detection_events"":12092,""detectors_checked"":6651904}"
     13312,         0,         0,   0.298,standalone_exact_mw,a08eb9916bd7e95ca8a954036fa5b6d2576fbe4960b891dec8536a92078ec5d6,"{""distance"":5,""physical_error_rate"":0.001}","{""detection_events"":10943,""detectors_checked"":2981888}"
     15360,         0,         0,   0.292,standalone_exact_mw,a08eb9916bd7e95ca8a954036fa5b6d2576fbe4960b891dec8536a92078ec5d6,"{""distance"":5,""physical_error_rate"":0.001}","{""detection_events"":12091,""detectors_checked"":3440640}"
     15360,         0,         0,   0.296,standalone_exact_mw,a08eb9916bd7e95ca8a954036fa5b6d2576fbe4960b891dec8536a92078ec5d6,"{""distance"":5,""physical_error_rate"":0.001}","{""detection_events"":12717,""detectors_checked"":3440640}"
     15360,         0,         0,   0.309,standalone_exact_mw,a08eb9916bd7e95ca8a954036fa5b6d2576fbe4960b891dec8536a92078ec5d6,"{""distance"":5,""physical_error_rate"":0.001}","{""detection_events"":12096,""detectors_checked"":3440640}"
     19456,         0,         0,   0.278,standalone_exact_mw,e5b1593c0e383368e36e36cad39a29f258d2f8e653c88d1b733626fe43257e38,"{""distance"":5,""physical_error_rate"":0.0005}","{""detection_events"":7998,""detectors_checked"":4358144}"
     15360,         0,         0,   0.290,standalone_exact_mw,a08eb9916bd7e95ca8a954036fa5b6d2576fbe4960b891dec8536a92078ec5d6,"{""distance"":5,""physical_error_rate"":0.001}","{""detection_events"":12595,""detectors_checked"":3440640}"
     19456,         0,         0,   0.293,standalone_exact_mw,e5b1593c0e383368e36e36cad39a29f258d2f8e653c88d1b733626fe43257e38,"{""distance"":5,""physical_error_rate"":0.0005}","{""detection_events"":7995,""detectors_checked"":4358144}"
     15360,         0,         0,   0.307,standalone_exact_mw,a08eb9916bd7e95ca8a954036fa5b6d2576fbe4960b891dec8536a92078ec5d6,"{""distance"":5,""physical_error_rate"":0.001}","{""detection_events"":12476,""detectors_checked"":3440640}"
     18432,         0,         0,   0.303,standalone_exact_mw,e5b1593c0e383368e36e36cad39a29f258d2f8e653c88d1b733626fe43257e38,"{""distance"":5,""physical_error_rate"":0.0005}","{""detection_events"":7424,""detectors_checked"":4128768}"
     25600,         0,         0,   0.410,standalone_exact_mw,e5b1593c0e383368e36e36cad39a29f258d2f8e653c88d1b733626fe43257e38,"{""distance"":5,""physical_error_rate"":0.0005}","{""detection_events"":10086,""detectors_checked"":5734400}"
     27648,         0,         0,   0.420,standalone_exact_mw,e5b1593c0e383368e36e36cad39a29f258d2f8e653c88d1b733626fe43257e38,"{""distance"":5,""physical_error_rate"":0.0005}","{""detection_events"":10903,""detectors_checked"":6193152}"
     20480,         0,         0,   0.408,standalone_exact_mw,a08eb9916bd7e95ca8a954036fa5b6d2576fbe4960b891dec8536a92078ec5d6,"{""distance"":5,""physical_error_rate"":0.001}","{""detection_events"":16653,""detectors_checked"":4587520}"
     21504,         0,         0,   0.414,standalone_exact_mw,a08eb9916bd7e95ca8a954036fa5b6d2576fbe4960b891dec8536a92078ec5d6,"{""distance"":5,""physical_error_rate"":0.001}","{""detection_events"":17311,""detectors_checked"":4816896}"
     20480,         0,         0,   0.412,standalone_exact_mw,a08eb9916bd7e95ca8a954036fa5b6d2576fbe4960b891dec8536a92078ec5d6,"{""distance"":5,""physical_error_rate"":0.001}","{""detection_events"":16619,""detectors_checked"":4587520}"
     21504,         0,         0,   0.426,standalone_exact_mw,a08eb9916bd7e95ca8a954036fa5b6d2576fbe4960b891dec8536a92078ec5d6,"{""distance"":5,""physical_error_rate"":0.001}","{""detection_events"":17386,""detectors_checked"":4816896}"
     26624,         0,         0,   0.415,standalone_exact_mw,e5b1593c0e383368e36e36cad39a29f258d2f8e653c88d1b733626fe43257e38,"{""distance"":5,""physical_error_rate"":0.0005}","{""detection_events"":11180,""detectors_checked"":5963776}"
     21504,         0,         0,   0.417,standalone_exact_mw,a08eb9916bd7e95ca8a954036fa5b6d2576fbe4960b891dec8536a92078ec5d6,"{""distance"":5,""physical_error_rate"":0.001}","{""detection_events"":17099,""detectors_checked"":4816896}"
     26624,         0,         0,   0.414,standalone_exact_mw,e5b1593c0e383368e36e36cad39a29f258d2f8e653c88d1b733626fe43257e38,"{""distance"":5,""physical_error_rate"":0.0005}","{""detection_events"":10876,""detectors_checked"":5963776}"
     20480,         0,         0,   0.398,standalone_exact_mw,a08eb9916bd7e95ca8a954036fa5b6d2576fbe4960b891dec8536a92078ec5d6,"{""distance"":5,""physical_error_rate"":0.001}","{""detection_events"":16677,""detectors_checked"":4587520}"
     26624,         0,         0,   0.420,standalone_exact_mw,e5b1593c0e383368e36e36cad39a29f258d2f8e653c88d1b733626fe43257e38,"{""distance"":5,""physical_error_rate"":0.0005}","{""detection_events"":10987,""detectors_checked"":5963776}"
     44032,         0,         0,   0.568,standalone_exact_mw,e5b1593c0e383368e36e36cad39a29f258d2f8e653c88d1b733626fe43257e38,"{""distance"":5,""physical_error_rate"":0.0005}","{""detection_events"":17611,""detectors_checked"":9863168}"
     36864,         0,         0,   0.557,standalone_exact_mw,e5b1593c0e383368e36e36cad39a29f258d2f8e653c88d1b733626fe43257e38,"{""distance"":5,""physical_error_rate"":0.0005}","{""detection_events"":14914,""detectors_checked"":8257536}"
     27648,         0,         0,   0.554,standalone_exact_mw,a08eb9916bd7e95ca8a954036fa5b6d2576fbe4960b891dec8536a92078ec5d6,"{""distance"":5,""physical_error_rate"":0.001}","{""detection_events"":22594,""detectors_checked"":6193152}"
     28672,         0,         0,   0.545,standalone_exact_mw,a08eb9916bd7e95ca8a954036fa5b6d2576fbe4960b891dec8536a92078ec5d6,"{""distance"":5,""physical_error_rate"":0.001}","{""detection_events"":23529,""detectors_checked"":6422528}"
     28672,         0,         0,   0.574,standalone_exact_mw,a08eb9916bd7e95ca8a954036fa5b6d2576fbe4960b891dec8536a92078ec5d6,"{""distance"":5,""physical_error_rate"":0.001}","{""detection_events"":23170,""detectors_checked"":6422528}"
     28672,         0,         0,   0.566,standalone_exact_mw,a08eb9916bd7e95ca8a954036fa5b6d2576fbe4960b891dec8536a92078ec5d6,"{""distance"":5,""physical_error_rate"":0.001}","{""detection_events"":23163,""detectors_checked"":6422528}"
     36864,         0,         0,   0.570,standalone_exact_mw,e5b1593c0e383368e36e36cad39a29f258d2f8e653c88d1b733626fe43257e38,"{""distance"":5,""physical_error_rate"":0.0005}","{""detection_events"":15026,""detectors_checked"":8257536}"
     29696,         0,         0,   0.584,standalone_exact_mw,a08eb9916bd7e95ca8a954036fa5b6d2576fbe4960b891dec8536a92078ec5d6,"{""distance"":5,""physical_error_rate"":0.001}","{""detection_events"":24436,""detectors_checked"":6651904}"
     35840,         0,         0,   0.566,standalone_exact_mw,e5b1593c0e383368e36e36cad39a29f258d2f8e653c88d1b733626fe43257e38,"{""distance"":5,""physical_error_rate"":0.0005}","{""detection_events"":15116,""detectors_checked"":8028160}"
     29696,         0,         0,   0.581,standalone_exact_mw,a08eb9916bd7e95ca8a954036fa5b6d2576fbe4960b891dec8536a92078ec5d6,"{""distance"":5,""physical_error_rate"":0.001}","{""detection_events"":23868,""detectors_checked"":6651904}"
     36864,         0,         0,   0.576,standalone_exact_mw,e5b1593c0e383368e36e36cad39a29f258d2f8e653c88d1b733626fe43257e38,"{""distance"":5,""physical_error_rate"":0.0005}","{""detection_events"":14863,""detectors_checked"":8257536}"
     87040,         0,         0,   0.795,standalone_exact_mw,e5b1593c0e383368e36e36cad39a29f258d2f8e653c88d1b733626fe43257e38,"{""distance"":5,""physical_error_rate"":0.0005}","{""detection_events"":35358,""detectors_checked"":19496960}"
     51200,         0,         0,   0.797,standalone_exact_mw,e5b1593c0e383368e36e36cad39a29f258d2f8e653c88d1b733626fe43257e38,"{""distance"":5,""physical_error_rate"":0.0005}","{""detection_events"":20459,""detectors_checked"":11468800}"
     38912,         1,         0,   0.799,standalone_exact_mw,a08eb9916bd7e95ca8a954036fa5b6d2576fbe4960b891dec8536a92078ec5d6,"{""distance"":5,""physical_error_rate"":0.001}","{""detection_events"":31259,""detectors_checked"":8716288,""obs_mistake_mask=E"":1}"
     40960,         0,         0,   0.799,standalone_exact_mw,a08eb9916bd7e95ca8a954036fa5b6d2576fbe4960b891dec8536a92078ec5d6,"{""distance"":5,""physical_error_rate"":0.001}","{""detection_events"":33527,""detectors_checked"":9175040}"
     40960,         0,         0,   0.787,standalone_exact_mw,a08eb9916bd7e95ca8a954036fa5b6d2576fbe4960b891dec8536a92078ec5d6,"{""distance"":5,""physical_error_rate"":0.001}","{""detection_events"":33325,""detectors_checked"":9175040}"
     51200,         0,         0,   0.801,standalone_exact_mw,e5b1593c0e383368e36e36cad39a29f258d2f8e653c88d1b733626fe43257e38,"{""distance"":5,""physical_error_rate"":0.0005}","{""detection_events"":20718,""detectors_checked"":11468800}"
     39936,         0,         0,   0.783,standalone_exact_mw,a08eb9916bd7e95ca8a954036fa5b6d2576fbe4960b891dec8536a92078ec5d6,"{""distance"":5,""physical_error_rate"":0.001}","{""detection_events"":32154,""detectors_checked"":8945664}"
     41984,         0,         0,   0.811,standalone_exact_mw,a08eb9916bd7e95ca8a954036fa5b6d2576fbe4960b891dec8536a92078ec5d6,"{""distance"":5,""physical_error_rate"":0.001}","{""detection_events"":33810,""detectors_checked"":9404416}"
     51200,         0,         0,   0.787,standalone_exact_mw,e5b1593c0e383368e36e36cad39a29f258d2f8e653c88d1b733626fe43257e38,"{""distance"":5,""physical_error_rate"":0.0005}","{""detection_events"":20604,""detectors_checked"":11468800}"
     39936,         0,         0,   0.788,standalone_exact_mw,a08eb9916bd7e95ca8a954036fa5b6d2576fbe4960b891dec8536a92078ec5d6,"{""distance"":5,""physical_error_rate"":0.001}","{""detection_events"":31844,""detectors_checked"":8945664}"
     51200,         0,         0,   0.807,standalone_exact_mw,e5b1593c0e383368e36e36cad39a29f258d2f8e653c88d1b733626fe43257e38,"{""distance"":5,""physical_error_rate"":0.0005}","{""detection_events"":20731,""detectors_checked"":11468800}"
    120832,         0,         0,    1.11,standalone_exact_mw,e5b1593c0e383368e36e36cad39a29f258d2f8e653c88d1b733626fe43257e38,"{""distance"":5,""physical_error_rate"":0.0005}","{""detection_events"":48576,""detectors_checked"":27066368}"
    110592,         0,         0,    1.11,standalone_exact_mw,e5b1593c0e383368e36e36cad39a29f258d2f8e653c88d1b733626fe43257e38,"{""distance"":5,""physical_error_rate"":0.0005}","{""detection_events"":43806,""detectors_checked"":24772608}"
     55296,         0,         0,    1.12,standalone_exact_mw,a08eb9916bd7e95ca8a954036fa5b6d2576fbe4960b891dec8536a92078ec5d6,"{""distance"":5,""physical_error_rate"":0.001}","{""detection_events"":44520,""detectors_checked"":12386304}"
     55296,         0,         0,    1.12,standalone_exact_mw,a08eb9916bd7e95ca8a954036fa5b6d2576fbe4960b891dec8536a92078ec5d6,"{""distance"":5,""physical_error_rate"":0.001}","{""detection_events"":44546,""detectors_checked"":12386304}"
     56320,         0,         0,    1.12,standalone_exact_mw,a08eb9916bd7e95ca8a954036fa5b6d2576fbe4960b891dec8536a92078ec5d6,"{""distance"":5,""physical_error_rate"":0.001}","{""detection_events"":44844,""detectors_checked"":12615680}"
     53248,         0,         0,    1.11,standalone_exact_mw,a08eb9916bd7e95ca8a954036fa5b6d2576fbe4960b891dec8536a92078ec5d6,"{""distance"":5,""physical_error_rate"":0.001}","{""detection_events"":43444,""detectors_checked"":11927552}"
     65536,         0,         0,    1.12,standalone_exact_mw,e5b1593c0e383368e36e36cad39a29f258d2f8e653c88d1b733626fe43257e38,"{""distance"":5,""physical_error_rate"":0.0005}","{""detection_events"":26833,""detectors_checked"":14680064}"
     54272,         0,         0,    1.10,standalone_exact_mw,a08eb9916bd7e95ca8a954036fa5b6d2576fbe4960b891dec8536a92078ec5d6,"{""distance"":5,""physical_error_rate"":0.001}","{""detection_events"":43571,""detectors_checked"":12156928}"
     70656,         0,         0,    1.12,standalone_exact_mw,e5b1593c0e383368e36e36cad39a29f258d2f8e653c88d1b733626fe43257e38,"{""distance"":5,""physical_error_rate"":0.0005}","{""detection_events"":28772,""detectors_checked"":15826944}"
     53248,         0,         0,    1.12,standalone_exact_mw,a08eb9916bd7e95ca8a954036fa5b6d2576fbe4960b891dec8536a92078ec5d6,"{""distance"":5,""physical_error_rate"":0.001}","{""detection_events"":43312,""detectors_checked"":11927552}"
     69632,         0,         0,    1.10,standalone_exact_mw,e5b1593c0e383368e36e36cad39a29f258d2f8e653c88d1b733626fe43257e38,"{""distance"":5,""physical_error_rate"":0.0005}","{""detection_events"":28641,""detectors_checked"":15597568}"
    172032,         0,         0,    1.55,standalone_exact_mw,e5b1593c0e383368e36e36cad39a29f258d2f8e653c88d1b733626fe43257e38,"{""distance"":5,""physical_error_rate"":0.0005}","{""detection_events"":70064,""detectors_checked"":38535168}"
    160768,         0,         0,    1.55,standalone_exact_mw,e5b1593c0e383368e36e36cad39a29f258d2f8e653c88d1b733626fe43257e38,"{""distance"":5,""physical_error_rate"":0.0005}","{""detection_events"":65739,""detectors_checked"":36012032}"
     77824,         0,         0,    1.54,standalone_exact_mw,a08eb9916bd7e95ca8a954036fa5b6d2576fbe4960b891dec8536a92078ec5d6,"{""distance"":5,""physical_error_rate"":0.001}","{""detection_events"":62652,""detectors_checked"":17432576}"
     77824,         0,         0,    1.57,standalone_exact_mw,a08eb9916bd7e95ca8a954036fa5b6d2576fbe4960b891dec8536a92078ec5d6,"{""distance"":5,""physical_error_rate"":0.001}","{""detection_events"":63086,""detectors_checked"":17432576}"
     80896,         1,         0,    1.58,standalone_exact_mw,a08eb9916bd7e95ca8a954036fa5b6d2576fbe4960b891dec8536a92078ec5d6,"{""distance"":5,""physical_error_rate"":0.001}","{""detection_events"":66568,""detectors_checked"":18120704,""obs_mistake_mask=E"":1}"
     94208,         0,         0,    1.56,standalone_exact_mw,e5b1593c0e383368e36e36cad39a29f258d2f8e653c88d1b733626fe43257e38,"{""distance"":5,""physical_error_rate"":0.0005}","{""detection_events"":38486,""detectors_checked"":21102592}"
     74752,         1,         0,    1.56,standalone_exact_mw,a08eb9916bd7e95ca8a954036fa5b6d2576fbe4960b891dec8536a92078ec5d6,"{""distance"":5,""physical_error_rate"":0.001}","{""detection_events"":61342,""detectors_checked"":16744448,""obs_mistake_mask=E"":1}"
     77824,         0,         0,    1.56,standalone_exact_mw,a08eb9916bd7e95ca8a954036fa5b6d2576fbe4960b891dec8536a92078ec5d6,"{""distance"":5,""physical_error_rate"":0.001}","{""detection_events"":62381,""detectors_checked"":17432576}"
     93184,         0,         0,    1.56,standalone_exact_mw,e5b1593c0e383368e36e36cad39a29f258d2f8e653c88d1b733626fe43257e38,"{""distance"":5,""physical_error_rate"":0.0005}","{""detection_events"":36939,""detectors_checked"":20873216}"
     77824,         0,         0,    1.56,standalone_exact_mw,a08eb9916bd7e95ca8a954036fa5b6d2576fbe4960b891dec8536a92078ec5d6,"{""distance"":5,""physical_error_rate"":0.001}","{""detection_events"":63653,""detectors_checked"":17432576}"
     98304,         0,         0,    1.56,standalone_exact_mw,e5b1593c0e383368e36e36cad39a29f258d2f8e653c88d1b733626fe43257e38,"{""distance"":5,""physical_error_rate"":0.0005}","{""detection_events"":40840,""detectors_checked"":22020096}"
    237568,         0,         0,    2.18,standalone_exact_mw,e5b1593c0e383368e36e36cad39a29f258d2f8e653c88d1b733626fe43257e38,"{""distance"":5,""physical_error_rate"":0.0005}","{""detection_events"":95312,""detectors_checked"":53215232}"
    248832,         0,         0,    2.17,standalone_exact_mw,e5b1593c0e383368e36e36cad39a29f258d2f8e653c88d1b733626fe43257e38,"{""distance"":5,""physical_error_rate"":0.0005}","{""detection_events"":100952,""detectors_checked"":55738368}"
    111616,         0,         0,    2.18,standalone_exact_mw,a08eb9916bd7e95ca8a954036fa5b6d2576fbe4960b891dec8536a92078ec5d6,"{""distance"":5,""physical_error_rate"":0.001}","{""detection_events"":91370,""detectors_checked"":25001984}"
    145408,         0,         0,    2.18,standalone_exact_mw,a08eb9916bd7e95ca8a954036fa5b6d2576fbe4960b891dec8536a92078ec5d6,"{""distance"":5,""physical_error_rate"":0.001}","{""detection_events"":118428,""detectors_checked"":32571392}"
    143360,         1,         0,    2.17,standalone_exact_mw,a08eb9916bd7e95ca8a954036fa5b6d2576fbe4960b891dec8536a92078ec5d6,"{""distance"":5,""physical_error_rate"":0.001}","{""detection_events"":115689,""detectors_checked"":32112640,""obs_mistake_mask=E"":1}"
    110592,         0,         0,    2.18,standalone_exact_mw,a08eb9916bd7e95ca8a954036fa5b6d2576fbe4960b891dec8536a92078ec5d6,"{""distance"":5,""physical_error_rate"":0.001}","{""detection_events"":89855,""detectors_checked"":24772608}"
     88064,         0,         0,    2.18,standalone_exact_mw,e5b1593c0e383368e36e36cad39a29f258d2f8e653c88d1b733626fe43257e38,"{""distance"":5,""physical_error_rate"":0.0005}","{""detection_events"":35702,""detectors_checked"":19726336}"
    101376,         1,         0,    2.18,standalone_exact_mw,a08eb9916bd7e95ca8a954036fa5b6d2576fbe4960b891dec8536a92078ec5d6,"{""distance"":5,""physical_error_rate"":0.001}","{""detection_events"":82169,""detectors_checked"":22708224,""obs_mistake_mask=E"":1}"
    140288,         0,         0,    2.17,standalone_exact_mw,e5b1593c0e383368e36e36cad39a29f258d2f8e653c88d1b733626fe43257e38,"{""distance"":5,""physical_error_rate"":0.0005}","{""detection_events"":56675,""detectors_checked"":31424512}"
    109568,         0,         0,    2.17,standalone_exact_mw,a08eb9916bd7e95ca8a954036fa5b6d2576fbe4960b891dec8536a92078ec5d6,"{""distance"":5,""physical_error_rate"":0.001}","{""detection_events"":88799,""detectors_checked"":24543232}"
    138240,         0,         0,    2.16,standalone_exact_mw,e5b1593c0e383368e36e36cad39a29f258d2f8e653c88d1b733626fe43257e38,"{""distance"":5,""physical_error_rate"":0.0005}","{""detection_events"":55943,""detectors_checked"":30965760}"
    693248,         2,         0,    11.7,standalone_exact_mw,a08eb9916bd7e95ca8a954036fa5b6d2576fbe4960b891dec8536a92078ec5d6,"{""distance"":5,""physical_error_rate"":0.001}","{""detection_events"":562537,""detectors_checked"":155287552,""obs_mistake_mask=E"":2}"
    867328,         0,         0,    11.7,standalone_exact_mw,e5b1593c0e383368e36e36cad39a29f258d2f8e653c88d1b733626fe43257e38,"{""distance"":5,""physical_error_rate"":0.0005}","{""detection_events"":352527,""detectors_checked"":194281472}"
   1250304,         0,         0,    11.7,standalone_exact_mw,e5b1593c0e383368e36e36cad39a29f258d2f8e653c88d1b733626fe43257e38,"{""distance"":5,""physical_error_rate"":0.0005}","{""detection_events"":506878,""detectors_checked"":280068096}"
    817152,         0,         0,    11.7,standalone_exact_mw,a08eb9916bd7e95ca8a954036fa5b6d2576fbe4960b891dec8536a92078ec5d6,"{""distance"":5,""physical_error_rate"":0.001}","{""detection_events"":662690,""detectors_checked"":183042048}"
    663552,         0,         0,    11.6,standalone_exact_mw,e5b1593c0e383368e36e36cad39a29f258d2f8e653c88d1b733626fe43257e38,"{""distance"":5,""physical_error_rate"":0.0005}","{""detection_events"":269950,""detectors_checked"":148635648}"
   9194496,         1,         0,   119.6,standalone_exact_mw,e5b1593c0e383368e36e36cad39a29f258d2f8e653c88d1b733626fe43257e38,"{""distance"":5,""physical_error_rate"":0.0005}","{""detection_events"":3726823,""detectors_checked"":2059567104,""obs_mistake_mask=E"":1}"
   7168000,        11,         0,   119.6,standalone_exact_mw,a08eb9916bd7e95ca8a954036fa5b6d2576fbe4960b891dec8536a92078ec5d6,"{""distance"":5,""physical_error_rate"":0.001}","{""detection_events"":5798714,""detectors_checked"":1605632000,""obs_mistake_mask=E"":11}"
   7485440,         1,         0,   119.4,standalone_exact_mw,e5b1593c0e383368e36e36cad39a29f258d2f8e653c88d1b733626fe43257e38,"{""distance"":5,""physical_error_rate"":0.0005}","{""detection_events"":3038781,""detectors_checked"":1676738560,""obs_mistake_mask=E"":1}"
   5616640,        11,         0,   119.6,standalone_exact_mw,a08eb9916bd7e95ca8a954036fa5b6d2576fbe4960b891dec8536a92078ec5d6,"{""distance"":5,""physical_error_rate"":0.001}","{""detection_events"":4545168,""detectors_checked"":1258127360,""obs_mistake_mask=E"":11}"
    196608,         0,         0,    2.15,standalone_exact_mw,a08eb9916bd7e95ca8a954036fa5b6d2576fbe4960b891dec8536a92078ec5d6,"{""distance"":5,""physical_error_rate"":0.001}","{""detection_events"":159605,""detectors_checked"":44040192}"
   1270784,         2,         0,    15.4,standalone_exact_mw,a08eb9916bd7e95ca8a954036fa5b6d2576fbe4960b891dec8536a92078ec5d6,"{""distance"":5,""physical_error_rate"":0.001}","{""detection_events"":1029769,""detectors_checked"":284655616,""obs_mistake_mask=E"":2}"
     92160,         0,         0,    1.25,standalone_exact_mw,a08eb9916bd7e95ca8a954036fa5b6d2576fbe4960b891dec8536a92078ec5d6,"{""distance"":5,""physical_error_rate"":0.001}","{""detection_events"":73882,""detectors_checked"":20643840}"
    109568,         0,         0,    2.15,standalone_exact_mw,a08eb9916bd7e95ca8a954036fa5b6d2576fbe4960b891dec8536a92078ec5d6,"{""distance"":5,""physical_error_rate"":0.001}","{""detection_events"":88561,""detectors_checked"":24543232}"
   1384448,         4,         0,    37.5,standalone_exact_mw,a08eb9916bd7e95ca8a954036fa5b6d2576fbe4960b891dec8536a92078ec5d6,"{""distance"":5,""physical_error_rate"":0.001}","{""detection_events"":1120524,""detectors_checked"":310116352,""obs_mistake_mask=E"":4}"
    102400,         0,         0,    2.13,standalone_exact_mw,a08eb9916bd7e95ca8a954036fa5b6d2576fbe4960b891dec8536a92078ec5d6,"{""distance"":5,""physical_error_rate"":0.001}","{""detection_events"":82752,""detectors_checked"":22937600}"
    182272,         0,         0,    2.15,standalone_exact_mw,a08eb9916bd7e95ca8a954036fa5b6d2576fbe4960b891dec8536a92078ec5d6,"{""distance"":5,""physical_error_rate"":0.001}","{""detection_events"":147674,""detectors_checked"":40828928}"
     76800,         0,         0,    1.53,standalone_exact_mw,a08eb9916bd7e95ca8a954036fa5b6d2576fbe4960b891dec8536a92078ec5d6,"{""distance"":5,""physical_error_rate"":0.001}","{""detection_events"":61928,""detectors_checked"":17203200}"
   4657152,         7,         0,   119.3,standalone_exact_mw,a08eb9916bd7e95ca8a954036fa5b6d2576fbe4960b891dec8536a92078ec5d6,"{""distance"":5,""physical_error_rate"":0.001}","{""detection_events"":3767823,""detectors_checked"":1043202048,""obs_mistake_mask=E"":7}"
     12288,         0,         0,   0.250,standalone_exact_mw,a08eb9916bd7e95ca8a954036fa5b6d2576fbe4960b891dec8536a92078ec5d6,"{""distance"":5,""physical_error_rate"":0.001}","{""detection_events"":9994,""detectors_checked"":2752512}"
   2290688,         3,         0,    37.5,standalone_exact_mw,a08eb9916bd7e95ca8a954036fa5b6d2576fbe4960b891dec8536a92078ec5d6,"{""distance"":5,""physical_error_rate"":0.001}","{""detection_events"":1852825,""detectors_checked"":513114112,""obs_mistake_mask=E"":3}"
    821248,         1,         0,    14.8,standalone_exact_mw,a08eb9916bd7e95ca8a954036fa5b6d2576fbe4960b891dec8536a92078ec5d6,"{""distance"":5,""physical_error_rate"":0.001}","{""detection_events"":665597,""detectors_checked"":183959552,""obs_mistake_mask=E"":1}"
    100352,         0,         0,    2.10,standalone_exact_mw,a08eb9916bd7e95ca8a954036fa5b6d2576fbe4960b891dec8536a92078ec5d6,"{""distance"":5,""physical_error_rate"":0.001}","{""detection_events"":81394,""detectors_checked"":22478848}"
      1024,         0,         0,   0.021,standalone_exact_mw,a08eb9916bd7e95ca8a954036fa5b6d2576fbe4960b891dec8536a92078ec5d6,"{""distance"":5,""physical_error_rate"":0.001}","{""detection_events"":847,""detectors_checked"":229376}"
   4716544,         7,         0,   108.4,standalone_exact_mw,a08eb9916bd7e95ca8a954036fa5b6d2576fbe4960b891dec8536a92078ec5d6,"{""distance"":5,""physical_error_rate"":0.001}","{""detection_events"":3816871,""detectors_checked"":1056505856,""obs_mistake_mask=E"":7}"
    110592,         0,         0,    2.21,standalone_exact_mw,a08eb9916bd7e95ca8a954036fa5b6d2576fbe4960b891dec8536a92078ec5d6,"{""distance"":5,""physical_error_rate"":0.001}","{""detection_events"":90030,""detectors_checked"":24772608}"
   5330944,         0,         0,    50.6,standalone_exact_mw,e5b1593c0e383368e36e36cad39a29f258d2f8e653c88d1b733626fe43257e38,"{""distance"":5,""physical_error_rate"":0.0005}","{""detection_events"":2157567,""detectors_checked"":1194131456}"
   7344128,         2,         0,   119.5,standalone_exact_mw,e5b1593c0e383368e36e36cad39a29f258d2f8e653c88d1b733626fe43257e38,"{""distance"":5,""physical_error_rate"":0.0005}","{""detection_events"":2976663,""detectors_checked"":1645084672,""obs_mistake_mask=E"":2}"
  11154432,         2,         0,   110.0,standalone_exact_mw,e5b1593c0e383368e36e36cad39a29f258d2f8e653c88d1b733626fe43257e38,"{""distance"":5,""physical_error_rate"":0.0005}","{""detection_events"":4527243,""detectors_checked"":2498592768,""obs_mistake_mask=E"":2}"
      1297,         0,         0,   0.011,standalone_exact_mw,e5b1593c0e383368e36e36cad39a29f258d2f8e653c88d1b733626fe43257e38,"{""distance"":5,""physical_error_rate"":0.0005}","{""detection_events"":542,""detectors_checked"":290528}"
      1297,         0,         0,   0.020,standalone_exact_mw,e5b1593c0e383368e36e36cad39a29f258d2f8e653c88d1b733626fe43257e38,"{""distance"":5,""physical_error_rate"":0.0005}","{""detection_events"":480,""detectors_checked"":290528}"
      1024,         0,         0,   0.019,standalone_exact_mw,e5b1593c0e383368e36e36cad39a29f258d2f8e653c88d1b733626fe43257e38,"{""distance"":5,""physical_error_rate"":0.0005}","{""detection_events"":419,""detectors_checked"":229376}"
      1297,         0,         0,   0.011,standalone_exact_mw,e5b1593c0e383368e36e36cad39a29f258d2f8e653c88d1b733626fe43257e38,"{""distance"":5,""physical_error_rate"":0.0005}","{""detection_events"":539,""detectors_checked"":290528}"
      2048,         0,         0,   0.029,standalone_exact_mw,e5b1593c0e383368e36e36cad39a29f258d2f8e653c88d1b733626fe43257e38,"{""distance"":5,""physical_error_rate"":0.0005}","{""detection_events"":821,""detectors_checked"":458752}"
      2048,         0,         0,   0.030,standalone_exact_mw,e5b1593c0e383368e36e36cad39a29f258d2f8e653c88d1b733626fe43257e38,"{""distance"":5,""physical_error_rate"":0.0005}","{""detection_events"":896,""detectors_checked"":458752}"
      2048,         0,         0,   0.016,standalone_exact_mw,e5b1593c0e383368e36e36cad39a29f258d2f8e653c88d1b733626fe43257e38,"{""distance"":5,""physical_error_rate"":0.0005}","{""detection_events"":850,""detectors_checked"":458752}"
      3072,         0,         0,   0.025,standalone_exact_mw,e5b1593c0e383368e36e36cad39a29f258d2f8e653c88d1b733626fe43257e38,"{""distance"":5,""physical_error_rate"":0.0005}","{""detection_events"":1293,""detectors_checked"":688128}"
      2048,         0,         0,   0.029,standalone_exact_mw,e5b1593c0e383368e36e36cad39a29f258d2f8e653c88d1b733626fe43257e38,"{""distance"":5,""physical_error_rate"":0.0005}","{""detection_events"":820,""detectors_checked"":458752}"
      1024,         0,         0,   0.021,standalone_exact_mw,e5b1593c0e383368e36e36cad39a29f258d2f8e653c88d1b733626fe43257e38,"{""distance"":5,""physical_error_rate"":0.0005}","{""detection_events"":419,""detectors_checked"":229376}"
      4096,         0,         0,   0.033,standalone_exact_mw,e5b1593c0e383368e36e36cad39a29f258d2f8e653c88d1b733626fe43257e38,"{""distance"":5,""physical_error_rate"":0.0005}","{""detection_events"":1709,""detectors_checked"":917504}"
      2048,         0,         0,   0.029,standalone_exact_mw,e5b1593c0e383368e36e36cad39a29f258d2f8e653c88d1b733626fe43257e38,"{""distance"":5,""physical_error_rate"":0.0005}","{""detection_events"":809,""detectors_checked"":458752}"
      3072,         0,         0,   0.050,standalone_exact_mw,e5b1593c0e383368e36e36cad39a29f258d2f8e653c88d1b733626fe43257e38,"{""distance"":5,""physical_error_rate"":0.0005}","{""detection_events"":1283,""detectors_checked"":688128}"
      5120,         0,         0,   0.041,standalone_exact_mw,e5b1593c0e383368e36e36cad39a29f258d2f8e653c88d1b733626fe43257e38,"{""distance"":5,""physical_error_rate"":0.0005}","{""detection_events"":2055,""detectors_checked"":1146880}"
      2048,         0,         0,   0.042,standalone_exact_mw,e5b1593c0e383368e36e36cad39a29f258d2f8e653c88d1b733626fe43257e38,"{""distance"":5,""physical_error_rate"":0.0005}","{""detection_events"":842,""detectors_checked"":458752}"
      4096,         0,         0,   0.058,standalone_exact_mw,e5b1593c0e383368e36e36cad39a29f258d2f8e653c88d1b733626fe43257e38,"{""distance"":5,""physical_error_rate"":0.0005}","{""detection_events"":1684,""detectors_checked"":917504}"
      7168,         0,         0,   0.057,standalone_exact_mw,e5b1593c0e383368e36e36cad39a29f258d2f8e653c88d1b733626fe43257e38,"{""distance"":5,""physical_error_rate"":0.0005}","{""detection_events"":2770,""detectors_checked"":1605632}"
      4096,         0,         0,   0.058,standalone_exact_mw,e5b1593c0e383368e36e36cad39a29f258d2f8e653c88d1b733626fe43257e38,"{""distance"":5,""physical_error_rate"":0.0005}","{""detection_events"":1586,""detectors_checked"":917504}"
      7168,         0,         0,   0.082,standalone_exact_mw,e5b1593c0e383368e36e36cad39a29f258d2f8e653c88d1b733626fe43257e38,"{""distance"":5,""physical_error_rate"":0.0005}","{""detection_events"":2866,""detectors_checked"":1605632}"
      1297,         0,         0,   0.020,standalone_exact_mw,e5b1593c0e383368e36e36cad39a29f258d2f8e653c88d1b733626fe43257e38,"{""distance"":5,""physical_error_rate"":0.0005}","{""detection_events"":542,""detectors_checked"":290528}"
     10240,         0,         0,   0.081,standalone_exact_mw,e5b1593c0e383368e36e36cad39a29f258d2f8e653c88d1b733626fe43257e38,"{""distance"":5,""physical_error_rate"":0.0005}","{""detection_events"":4000,""detectors_checked"":2293760}"
     10240,         0,         0,   0.080,standalone_exact_mw,e5b1593c0e383368e36e36cad39a29f258d2f8e653c88d1b733626fe43257e38,"{""distance"":5,""physical_error_rate"":0.0005}","{""detection_events"":4134,""detectors_checked"":2293760}"
      1024,         0,         0,   0.019,standalone_exact_mw,e5b1593c0e383368e36e36cad39a29f258d2f8e653c88d1b733626fe43257e38,"{""distance"":5,""physical_error_rate"":0.0005}","{""detection_events"":400,""detectors_checked"":229376}"
      1297,         0,         0,   0.011,standalone_exact_mw,e5b1593c0e383368e36e36cad39a29f258d2f8e653c88d1b733626fe43257e38,"{""distance"":5,""physical_error_rate"":0.0005}","{""detection_events"":478,""detectors_checked"":290528}"
      1297,         0,         0,   0.011,standalone_exact_mw,e5b1593c0e383368e36e36cad39a29f258d2f8e653c88d1b733626fe43257e38,"{""distance"":5,""physical_error_rate"":0.0005}","{""detection_events"":532,""detectors_checked"":290528}"
       273,         0,         0,   0.003,standalone_exact_mw,e5b1593c0e383368e36e36cad39a29f258d2f8e653c88d1b733626fe43257e38,"{""distance"":5,""physical_error_rate"":0.0005}","{""detection_events"":113,""detectors_checked"":61152}"
      1297,         0,         0,   0.011,standalone_exact_mw,e5b1593c0e383368e36e36cad39a29f258d2f8e653c88d1b733626fe43257e38,"{""distance"":5,""physical_error_rate"":0.0005}","{""detection_events"":618,""detectors_checked"":290528}"
      1024,         0,         0,   0.020,standalone_exact_mw,e5b1593c0e383368e36e36cad39a29f258d2f8e653c88d1b733626fe43257e38,"{""distance"":5,""physical_error_rate"":0.0005}","{""detection_events"":402,""detectors_checked"":229376}"
      1297,         0,         0,   0.015,standalone_exact_mw,e5b1593c0e383368e36e36cad39a29f258d2f8e653c88d1b733626fe43257e38,"{""distance"":5,""physical_error_rate"":0.0005}","{""detection_events"":521,""detectors_checked"":290528}"
      2048,         0,         0,   0.016,standalone_exact_mw,e5b1593c0e383368e36e36cad39a29f258d2f8e653c88d1b733626fe43257e38,"{""distance"":5,""physical_error_rate"":0.0005}","{""detection_events"":916,""detectors_checked"":458752}"
      1024,         0,         0,   0.016,standalone_exact_mw,e5b1593c0e383368e36e36cad39a29f258d2f8e653c88d1b733626fe43257e38,"{""distance"":5,""physical_error_rate"":0.0005}","{""detection_events"":443,""detectors_checked"":229376}"
      1024,         0,         0,   0.021,standalone_exact_mw,e5b1593c0e383368e36e36cad39a29f258d2f8e653c88d1b733626fe43257e38,"{""distance"":5,""physical_error_rate"":0.0005}","{""detection_events"":394,""detectors_checked"":229376}"
      1297,         0,         0,   0.019,standalone_exact_mw,e5b1593c0e383368e36e36cad39a29f258d2f8e653c88d1b733626fe43257e38,"{""distance"":5,""physical_error_rate"":0.0005}","{""detection_events"":462,""detectors_checked"":290528}"
      1024,         0,         0,   0.021,standalone_exact_mw,e5b1593c0e383368e36e36cad39a29f258d2f8e653c88d1b733626fe43257e38,"{""distance"":5,""physical_error_rate"":0.0005}","{""detection_events"":403,""detectors_checked"":229376}"
      1024,         0,         0,   0.008,standalone_exact_mw,e5b1593c0e383368e36e36cad39a29f258d2f8e653c88d1b733626fe43257e38,"{""distance"":5,""physical_error_rate"":0.0005}","{""detection_events"":430,""detectors_checked"":229376}"
      1297,         0,         0,   0.024,standalone_exact_mw,e5b1593c0e383368e36e36cad39a29f258d2f8e653c88d1b733626fe43257e38,"{""distance"":5,""physical_error_rate"":0.0005}","{""detection_events"":514,""detectors_checked"":290528}"
      3072,         0,         0,   0.034,standalone_exact_mw,e5b1593c0e383368e36e36cad39a29f258d2f8e653c88d1b733626fe43257e38,"{""distance"":5,""physical_error_rate"":0.0005}","{""detection_events"":1240,""detectors_checked"":688128}"
      1024,         0,         0,   0.008,standalone_exact_mw,e5b1593c0e383368e36e36cad39a29f258d2f8e653c88d1b733626fe43257e38,"{""distance"":5,""physical_error_rate"":0.0005}","{""detection_events"":359,""detectors_checked"":229376}"
      1024,         0,         0,   0.009,standalone_exact_mw,e5b1593c0e383368e36e36cad39a29f258d2f8e653c88d1b733626fe43257e38,"{""distance"":5,""physical_error_rate"":0.0005}","{""detection_events"":440,""detectors_checked"":229376}"
      1024,         0,         0,   0.010,standalone_exact_mw,e5b1593c0e383368e36e36cad39a29f258d2f8e653c88d1b733626fe43257e38,"{""distance"":5,""physical_error_rate"":0.0005}","{""detection_events"":386,""detectors_checked"":229376}"
      1024,         0,         0,   0.008,standalone_exact_mw,e5b1593c0e383368e36e36cad39a29f258d2f8e653c88d1b733626fe43257e38,"{""distance"":5,""physical_error_rate"":0.0005}","{""detection_events"":353,""detectors_checked"":229376}"
    345088,         1,         0,    3.04,standalone_exact_mw,e5b1593c0e383368e36e36cad39a29f258d2f8e653c88d1b733626fe43257e38,"{""distance"":5,""physical_error_rate"":0.0005}","{""detection_events"":140243,""detectors_checked"":77299712,""obs_mistake_mask=E"":1}"
         1,         0,         0,   0.001,standalone_exact_mw,e5b1593c0e383368e36e36cad39a29f258d2f8e653c88d1b733626fe43257e38,"{""distance"":5,""physical_error_rate"":0.0005}","{""detection_events"":1,""detectors_checked"":224}"
    379904,         0,         0,    3.04,standalone_exact_mw,e5b1593c0e383368e36e36cad39a29f258d2f8e653c88d1b733626fe43257e38,"{""distance"":5,""physical_error_rate"":0.0005}","{""detection_events"":153338,""detectors_checked"":85098496}"
      2048,         0,         0,   0.016,standalone_exact_mw,e5b1593c0e383368e36e36cad39a29f258d2f8e653c88d1b733626fe43257e38,"{""distance"":5,""physical_error_rate"":0.0005}","{""detection_events"":794,""detectors_checked"":458752}"
      2048,         0,         0,   0.030,standalone_exact_mw,e5b1593c0e383368e36e36cad39a29f258d2f8e653c88d1b733626fe43257e38,"{""distance"":5,""physical_error_rate"":0.0005}","{""detection_events"":844,""detectors_checked"":458752}"
      2048,         0,         0,   0.016,standalone_exact_mw,e5b1593c0e383368e36e36cad39a29f258d2f8e653c88d1b733626fe43257e38,"{""distance"":5,""physical_error_rate"":0.0005}","{""detection_events"":716,""detectors_checked"":458752}"
     14336,         0,         0,   0.111,standalone_exact_mw,e5b1593c0e383368e36e36cad39a29f258d2f8e653c88d1b733626fe43257e38,"{""distance"":5,""physical_error_rate"":0.0005}","{""detection_events"":5895,""detectors_checked"":3211264}"
      1024,         0,         0,   0.008,standalone_exact_mw,e5b1593c0e383368e36e36cad39a29f258d2f8e653c88d1b733626fe43257e38,"{""distance"":5,""physical_error_rate"":0.0005}","{""detection_events"":412,""detectors_checked"":229376}"
      2048,         0,         0,   0.029,standalone_exact_mw,e5b1593c0e383368e36e36cad39a29f258d2f8e653c88d1b733626fe43257e38,"{""distance"":5,""physical_error_rate"":0.0005}","{""detection_events"":772,""detectors_checked"":458752}"
      3072,         0,         0,   0.032,standalone_exact_mw,e5b1593c0e383368e36e36cad39a29f258d2f8e653c88d1b733626fe43257e38,"{""distance"":5,""physical_error_rate"":0.0005}","{""detection_events"":1233,""detectors_checked"":688128}"
     13312,         0,         0,   0.105,standalone_exact_mw,e5b1593c0e383368e36e36cad39a29f258d2f8e653c88d1b733626fe43257e38,"{""distance"":5,""physical_error_rate"":0.0005}","{""detection_events"":5437,""detectors_checked"":2981888}"
      2048,         0,         0,   0.025,standalone_exact_mw,e5b1593c0e383368e36e36cad39a29f258d2f8e653c88d1b733626fe43257e38,"{""distance"":5,""physical_error_rate"":0.0005}","{""detection_events"":831,""detectors_checked"":458752}"
      3072,         0,         0,   0.046,standalone_exact_mw,e5b1593c0e383368e36e36cad39a29f258d2f8e653c88d1b733626fe43257e38,"{""distance"":5,""physical_error_rate"":0.0005}","{""detection_events"":1282,""detectors_checked"":688128}"
     13312,         0,         0,   0.105,standalone_exact_mw,e5b1593c0e383368e36e36cad39a29f258d2f8e653c88d1b733626fe43257e38,"{""distance"":5,""physical_error_rate"":0.0005}","{""detection_events"":5385,""detectors_checked"":2981888}"
      2048,         0,         0,   0.029,standalone_exact_mw,e5b1593c0e383368e36e36cad39a29f258d2f8e653c88d1b733626fe43257e38,"{""distance"":5,""physical_error_rate"":0.0005}","{""detection_events"":871,""detectors_checked"":458752}"
      2320,         0,         0,   0.032,standalone_exact_mw,e5b1593c0e383368e36e36cad39a29f258d2f8e653c88d1b733626fe43257e38,"{""distance"":5,""physical_error_rate"":0.0005}","{""detection_events"":989,""detectors_checked"":519680}"
      2048,         0,         0,   0.029,standalone_exact_mw,e5b1593c0e383368e36e36cad39a29f258d2f8e653c88d1b733626fe43257e38,"{""distance"":5,""physical_error_rate"":0.0005}","{""detection_events"":916,""detectors_checked"":458752}"
      3072,         0,         0,   0.039,standalone_exact_mw,e5b1593c0e383368e36e36cad39a29f258d2f8e653c88d1b733626fe43257e38,"{""distance"":5,""physical_error_rate"":0.0005}","{""detection_events"":1197,""detectors_checked"":688128}"
      2048,         0,         0,   0.039,standalone_exact_mw,e5b1593c0e383368e36e36cad39a29f258d2f8e653c88d1b733626fe43257e38,"{""distance"":5,""physical_error_rate"":0.0005}","{""detection_events"":918,""detectors_checked"":458752}"
      2048,         0,         0,   0.039,standalone_exact_mw,e5b1593c0e383368e36e36cad39a29f258d2f8e653c88d1b733626fe43257e38,"{""distance"":5,""physical_error_rate"":0.0005}","{""detection_events"":883,""detectors_checked"":458752}"
      1297,         0,         0,   0.019,standalone_exact_mw,e5b1593c0e383368e36e36cad39a29f258d2f8e653c88d1b733626fe43257e38,"{""distance"":5,""physical_error_rate"":0.0005}","{""detection_events"":513,""detectors_checked"":290528}"
      5120,         0,         0,   0.041,standalone_exact_mw,e5b1593c0e383368e36e36cad39a29f258d2f8e653c88d1b733626fe43257e38,"{""distance"":5,""physical_error_rate"":0.0005}","{""detection_events"":2253,""detectors_checked"":1146880}"
      2048,         0,         0,   0.029,standalone_exact_mw,e5b1593c0e383368e36e36cad39a29f258d2f8e653c88d1b733626fe43257e38,"{""distance"":5,""physical_error_rate"":0.0005}","{""detection_events"":799,""detectors_checked"":458752}"
      1024,         0,         0,   0.021,standalone_exact_mw,e5b1593c0e383368e36e36cad39a29f258d2f8e653c88d1b733626fe43257e38,"{""distance"":5,""physical_error_rate"":0.0005}","{""detection_events"":426,""detectors_checked"":229376}"
      3072,         0,         0,   0.050,standalone_exact_mw,e5b1593c0e383368e36e36cad39a29f258d2f8e653c88d1b733626fe43257e38,"{""distance"":5,""physical_error_rate"":0.0005}","{""detection_events"":1196,""detectors_checked"":688128}"
      3072,         0,         0,   0.050,standalone_exact_mw,e5b1593c0e383368e36e36cad39a29f258d2f8e653c88d1b733626fe43257e38,"{""distance"":5,""physical_error_rate"":0.0005}","{""detection_events"":1315,""detectors_checked"":688128}"
      3072,         0,         0,   0.045,standalone_exact_mw,e5b1593c0e383368e36e36cad39a29f258d2f8e653c88d1b733626fe43257e38,"{""distance"":5,""physical_error_rate"":0.0005}","{""detection_events"":1223,""detectors_checked"":688128}"
      2048,         0,         0,   0.029,standalone_exact_mw,e5b1593c0e383368e36e36cad39a29f258d2f8e653c88d1b733626fe43257e38,"{""distance"":5,""physical_error_rate"":0.0005}","{""detection_events"":850,""detectors_checked"":458752}"
      3072,         0,         0,   0.050,standalone_exact_mw,e5b1593c0e383368e36e36cad39a29f258d2f8e653c88d1b733626fe43257e38,"{""distance"":5,""physical_error_rate"":0.0005}","{""detection_events"":1227,""detectors_checked"":688128}"
      3072,         0,         0,   0.050,standalone_exact_mw,e5b1593c0e383368e36e36cad39a29f258d2f8e653c88d1b733626fe43257e38,"{""distance"":5,""physical_error_rate"":0.0005}","{""detection_events"":1266,""detectors_checked"":688128}"
      4096,         0,         0,   0.071,standalone_exact_mw,e5b1593c0e383368e36e36cad39a29f258d2f8e653c88d1b733626fe43257e38,"{""distance"":5,""physical_error_rate"":0.0005}","{""detection_events"":1617,""detectors_checked"":917504}"
      2048,         0,         0,   0.029,standalone_exact_mw,e5b1593c0e383368e36e36cad39a29f258d2f8e653c88d1b733626fe43257e38,"{""distance"":5,""physical_error_rate"":0.0005}","{""detection_events"":844,""detectors_checked"":458752}"
      3072,         0,         0,   0.057,standalone_exact_mw,e5b1593c0e383368e36e36cad39a29f258d2f8e653c88d1b733626fe43257e38,"{""distance"":5,""physical_error_rate"":0.0005}","{""detection_events"":1252,""detectors_checked"":688128}"
    151552,         0,         0,    3.05,standalone_exact_mw,e5b1593c0e383368e36e36cad39a29f258d2f8e653c88d1b733626fe43257e38,"{""distance"":5,""physical_error_rate"":0.0005}","{""detection_events"":61849,""detectors_checked"":33947648}"
      7168,         0,         0,   0.057,standalone_exact_mw,e5b1593c0e383368e36e36cad39a29f258d2f8e653c88d1b733626fe43257e38,"{""distance"":5,""physical_error_rate"":0.0005}","{""detection_events"":3012,""detectors_checked"":1605632}"
    107520,         0,         0,    3.04,standalone_exact_mw,e5b1593c0e383368e36e36cad39a29f258d2f8e653c88d1b733626fe43257e38,"{""distance"":5,""physical_error_rate"":0.0005}","{""detection_events"":43657,""detectors_checked"":24084480}"
      4096,         0,         0,   0.056,standalone_exact_mw,e5b1593c0e383368e36e36cad39a29f258d2f8e653c88d1b733626fe43257e38,"{""distance"":5,""physical_error_rate"":0.0005}","{""detection_events"":1634,""detectors_checked"":917504}"
      2048,         0,         0,   0.029,standalone_exact_mw,e5b1593c0e383368e36e36cad39a29f258d2f8e653c88d1b733626fe43257e38,"{""distance"":5,""physical_error_rate"":0.0005}","{""detection_events"":852,""detectors_checked"":458752}"
      2048,         0,         0,   0.042,standalone_exact_mw,e5b1593c0e383368e36e36cad39a29f258d2f8e653c88d1b733626fe43257e38,"{""distance"":5,""physical_error_rate"":0.0005}","{""detection_events"":930,""detectors_checked"":458752}"
      4096,         0,         0,   0.057,standalone_exact_mw,e5b1593c0e383368e36e36cad39a29f258d2f8e653c88d1b733626fe43257e38,"{""distance"":5,""physical_error_rate"":0.0005}","{""detection_events"":1636,""detectors_checked"":917504}"
      4096,         0,         0,   0.058,standalone_exact_mw,e5b1593c0e383368e36e36cad39a29f258d2f8e653c88d1b733626fe43257e38,"{""distance"":5,""physical_error_rate"":0.0005}","{""detection_events"":1555,""detectors_checked"":917504}"
      4096,         0,         0,   0.058,standalone_exact_mw,e5b1593c0e383368e36e36cad39a29f258d2f8e653c88d1b733626fe43257e38,"{""distance"":5,""physical_error_rate"":0.0005}","{""detection_events"":1600,""detectors_checked"":917504}"
      4096,         0,         0,   0.058,standalone_exact_mw,e5b1593c0e383368e36e36cad39a29f258d2f8e653c88d1b733626fe43257e38,"{""distance"":5,""physical_error_rate"":0.0005}","{""detection_events"":1627,""detectors_checked"":917504}"
     19456,         0,         0,   0.149,standalone_exact_mw,e5b1593c0e383368e36e36cad39a29f258d2f8e653c88d1b733626fe43257e38,"{""distance"":5,""physical_error_rate"":0.0005}","{""detection_events"":7859,""detectors_checked"":4358144}"
      4096,         0,         0,   0.058,standalone_exact_mw,e5b1593c0e383368e36e36cad39a29f258d2f8e653c88d1b733626fe43257e38,"{""distance"":5,""physical_error_rate"":0.0005}","{""detection_events"":1628,""detectors_checked"":917504}"
      5120,         0,         0,   0.079,standalone_exact_mw,e5b1593c0e383368e36e36cad39a29f258d2f8e653c88d1b733626fe43257e38,"{""distance"":5,""physical_error_rate"":0.0005}","{""detection_events"":2140,""detectors_checked"":1146880}"
     16384,         0,         0,   0.155,standalone_exact_mw,e5b1593c0e383368e36e36cad39a29f258d2f8e653c88d1b733626fe43257e38,"{""distance"":5,""physical_error_rate"":0.0005}","{""detection_events"":6670,""detectors_checked"":3670016}"
      3072,         0,         0,   0.050,standalone_exact_mw,e5b1593c0e383368e36e36cad39a29f258d2f8e653c88d1b733626fe43257e38,"{""distance"":5,""physical_error_rate"":0.0005}","{""detection_events"":1290,""detectors_checked"":688128}"
      4096,         0,         0,   0.059,standalone_exact_mw,e5b1593c0e383368e36e36cad39a29f258d2f8e653c88d1b733626fe43257e38,"{""distance"":5,""physical_error_rate"":0.0005}","{""detection_events"":1759,""detectors_checked"":917504}"
     10240,         0,         0,   0.080,standalone_exact_mw,e5b1593c0e383368e36e36cad39a29f258d2f8e653c88d1b733626fe43257e38,"{""distance"":5,""physical_error_rate"":0.0005}","{""detection_events"":4206,""detectors_checked"":2293760}"
     16384,         0,         0,   0.168,standalone_exact_mw,e5b1593c0e383368e36e36cad39a29f258d2f8e653c88d1b733626fe43257e38,"{""distance"":5,""physical_error_rate"":0.0005}","{""detection_events"":6720,""detectors_checked"":3670016}"
      5120,         0,         0,   0.079,standalone_exact_mw,e5b1593c0e383368e36e36cad39a29f258d2f8e653c88d1b733626fe43257e38,"{""distance"":5,""physical_error_rate"":0.0005}","{""detection_events"":2125,""detectors_checked"":1146880}"
      5120,         0,         0,   0.094,standalone_exact_mw,e5b1593c0e383368e36e36cad39a29f258d2f8e653c88d1b733626fe43257e38,"{""distance"":5,""physical_error_rate"":0.0005}","{""detection_events"":2150,""detectors_checked"":1146880}"
      5120,         0,         0,   0.079,standalone_exact_mw,e5b1593c0e383368e36e36cad39a29f258d2f8e653c88d1b733626fe43257e38,"{""distance"":5,""physical_error_rate"":0.0005}","{""detection_events"":2074,""detectors_checked"":1146880}"
      5120,         0,         0,   0.079,standalone_exact_mw,e5b1593c0e383368e36e36cad39a29f258d2f8e653c88d1b733626fe43257e38,"{""distance"":5,""physical_error_rate"":0.0005}","{""detection_events"":2076,""detectors_checked"":1146880}"
    191488,         0,         0,    3.04,standalone_exact_mw,e5b1593c0e383368e36e36cad39a29f258d2f8e653c88d1b733626fe43257e38,"{""distance"":5,""physical_error_rate"":0.0005}","{""detection_events"":77432,""detectors_checked"":42893312}"
      5120,         0,         0,   0.076,standalone_exact_mw,e5b1593c0e383368e36e36cad39a29f258d2f8e653c88d1b733626fe43257e38,"{""distance"":5,""physical_error_rate"":0.0005}","{""detection_events"":2227,""detectors_checked"":1146880}"
      5120,         0,         0,   0.096,standalone_exact_mw,e5b1593c0e383368e36e36cad39a29f258d2f8e653c88d1b733626fe43257e38,"{""distance"":5,""physical_error_rate"":0.0005}","{""detection_events"":1863,""detectors_checked"":1146880}"
      4096,         0,         0,   0.071,standalone_exact_mw,e5b1593c0e383368e36e36cad39a29f258d2f8e653c88d1b733626fe43257e38,"{""distance"":5,""physical_error_rate"":0.0005}","{""detection_events"":1706,""detectors_checked"":917504}"
      5120,         0,         0,   0.079,standalone_exact_mw,e5b1593c0e383368e36e36cad39a29f258d2f8e653c88d1b733626fe43257e38,"{""distance"":5,""physical_error_rate"":0.0005}","{""detection_events"":2074,""detectors_checked"":1146880}"
      7168,         0,         0,   0.108,standalone_exact_mw,e5b1593c0e383368e36e36cad39a29f258d2f8e653c88d1b733626fe43257e38,"{""distance"":5,""physical_error_rate"":0.0005}","{""detection_events"":2994,""detectors_checked"":1605632}"
      8192,         0,         0,   0.117,standalone_exact_mw,e5b1593c0e383368e36e36cad39a29f258d2f8e653c88d1b733626fe43257e38,"{""distance"":5,""physical_error_rate"":0.0005}","{""detection_events"":3180,""detectors_checked"":1835008}"
     14336,         0,         0,   0.112,standalone_exact_mw,e5b1593c0e383368e36e36cad39a29f258d2f8e653c88d1b733626fe43257e38,"{""distance"":5,""physical_error_rate"":0.0005}","{""detection_events"":5600,""detectors_checked"":3211264}"
      7168,         0,         0,   0.109,standalone_exact_mw,e5b1593c0e383368e36e36cad39a29f258d2f8e653c88d1b733626fe43257e38,"{""distance"":5,""physical_error_rate"":0.0005}","{""detection_events"":2855,""detectors_checked"":1605632}"
      6144,         0,         0,   0.108,standalone_exact_mw,e5b1593c0e383368e36e36cad39a29f258d2f8e653c88d1b733626fe43257e38,"{""distance"":5,""physical_error_rate"":0.0005}","{""detection_events"":2686,""detectors_checked"":1376256}"
      6144,         0,         0,   0.088,standalone_exact_mw,e5b1593c0e383368e36e36cad39a29f258d2f8e653c88d1b733626fe43257e38,"{""distance"":5,""physical_error_rate"":0.0005}","{""detection_events"":2521,""detectors_checked"":1376256}"
      7168,         0,         0,   0.123,standalone_exact_mw,e5b1593c0e383368e36e36cad39a29f258d2f8e653c88d1b733626fe43257e38,"{""distance"":5,""physical_error_rate"":0.0005}","{""detection_events"":2821,""detectors_checked"":1605632}"
      7168,         0,         0,   0.118,standalone_exact_mw,e5b1593c0e383368e36e36cad39a29f258d2f8e653c88d1b733626fe43257e38,"{""distance"":5,""physical_error_rate"":0.0005}","{""detection_events"":2966,""detectors_checked"":1605632}"
     25600,         0,         0,   0.211,standalone_exact_mw,e5b1593c0e383368e36e36cad39a29f258d2f8e653c88d1b733626fe43257e38,"{""distance"":5,""physical_error_rate"":0.0005}","{""detection_events"":10371,""detectors_checked"":5734400}"
      7168,         0,         0,   0.138,standalone_exact_mw,e5b1593c0e383368e36e36cad39a29f258d2f8e653c88d1b733626fe43257e38,"{""distance"":5,""physical_error_rate"":0.0005}","{""detection_events"":2881,""detectors_checked"":1605632}"
      7168,         0,         0,   0.120,standalone_exact_mw,e5b1593c0e383368e36e36cad39a29f258d2f8e653c88d1b733626fe43257e38,"{""distance"":5,""physical_error_rate"":0.0005}","{""detection_events"":2858,""detectors_checked"":1605632}"
     23552,         0,         0,   0.211,standalone_exact_mw,e5b1593c0e383368e36e36cad39a29f258d2f8e653c88d1b733626fe43257e38,"{""distance"":5,""physical_error_rate"":0.0005}","{""detection_events"":9531,""detectors_checked"":5275648}"
     24576,         0,         0,   0.207,standalone_exact_mw,e5b1593c0e383368e36e36cad39a29f258d2f8e653c88d1b733626fe43257e38,"{""distance"":5,""physical_error_rate"":0.0005}","{""detection_events"":10205,""detectors_checked"":5505024}"
      9216,         0,         0,   0.149,standalone_exact_mw,e5b1593c0e383368e36e36cad39a29f258d2f8e653c88d1b733626fe43257e38,"{""distance"":5,""physical_error_rate"":0.0005}","{""detection_events"":3693,""detectors_checked"":2064384}"
      7168,         0,         0,   0.109,standalone_exact_mw,e5b1593c0e383368e36e36cad39a29f258d2f8e653c88d1b733626fe43257e38,"{""distance"":5,""physical_error_rate"":0.0005}","{""detection_events"":3014,""detectors_checked"":1605632}"
     11264,         0,         0,   0.154,standalone_exact_mw,e5b1593c0e383368e36e36cad39a29f258d2f8e653c88d1b733626fe43257e38,"{""distance"":5,""physical_error_rate"":0.0005}","{""detection_events"":4481,""detectors_checked"":2523136}"
     17408,         0,         0,   0.149,standalone_exact_mw,e5b1593c0e383368e36e36cad39a29f258d2f8e653c88d1b733626fe43257e38,"{""distance"":5,""physical_error_rate"":0.0005}","{""detection_events"":7077,""detectors_checked"":3899392}"
      9216,         0,         0,   0.151,standalone_exact_mw,e5b1593c0e383368e36e36cad39a29f258d2f8e653c88d1b733626fe43257e38,"{""distance"":5,""physical_error_rate"":0.0005}","{""detection_events"":3857,""detectors_checked"":2064384}"
        17,         0,         0,   0.001,standalone_exact_mw,e5b1593c0e383368e36e36cad39a29f258d2f8e653c88d1b733626fe43257e38,"{""distance"":5,""physical_error_rate"":0.0005}","{""detection_events"":3,""detectors_checked"":3808}"
      9216,         0,         0,   0.154,standalone_exact_mw,e5b1593c0e383368e36e36cad39a29f258d2f8e653c88d1b733626fe43257e38,"{""distance"":5,""physical_error_rate"":0.0005}","{""detection_events"":3850,""detectors_checked"":2064384}"
     10240,         0,         0,   0.158,standalone_exact_mw,e5b1593c0e383368e36e36cad39a29f258d2f8e653c88d1b733626fe43257e38,"{""distance"":5,""physical_error_rate"":0.0005}","{""detection_events"":4325,""detectors_checked"":2293760}"
      9216,         0,         0,   0.151,standalone_exact_mw,e5b1593c0e383368e36e36cad39a29f258d2f8e653c88d1b733626fe43257e38,"{""distance"":5,""physical_error_rate"":0.0005}","{""detection_events"":3779,""detectors_checked"":2064384}"
      2304,         0,         0,   0.031,standalone_exact_mw,e5b1593c0e383368e36e36cad39a29f258d2f8e653c88d1b733626fe43257e38,"{""distance"":5,""physical_error_rate"":0.0005}","{""detection_events"":905,""detectors_checked"":516096}"
      2048,         0,         0,   0.023,standalone_exact_mw,e5b1593c0e383368e36e36cad39a29f258d2f8e653c88d1b733626fe43257e38,"{""distance"":5,""physical_error_rate"":0.0005}","{""detection_events"":763,""detectors_checked"":458752}"
     10240,         0,         0,   0.158,standalone_exact_mw,e5b1593c0e383368e36e36cad39a29f258d2f8e653c88d1b733626fe43257e38,"{""distance"":5,""physical_error_rate"":0.0005}","{""detection_events"":4275,""detectors_checked"":2293760}"
     10240,         0,         0,   0.164,standalone_exact_mw,e5b1593c0e383368e36e36cad39a29f258d2f8e653c88d1b733626fe43257e38,"{""distance"":5,""physical_error_rate"":0.0005}","{""detection_events"":4154,""detectors_checked"":2293760}"
      2048,         0,         0,   0.038,standalone_exact_mw,e5b1593c0e383368e36e36cad39a29f258d2f8e653c88d1b733626fe43257e38,"{""distance"":5,""physical_error_rate"":0.0005}","{""detection_events"":843,""detectors_checked"":458752}"
      9216,         0,         0,   0.156,standalone_exact_mw,e5b1593c0e383368e36e36cad39a29f258d2f8e653c88d1b733626fe43257e38,"{""distance"":5,""physical_error_rate"":0.0005}","{""detection_events"":3922,""detectors_checked"":2064384}"
      2048,         0,         0,   0.039,standalone_exact_mw,e5b1593c0e383368e36e36cad39a29f258d2f8e653c88d1b733626fe43257e38,"{""distance"":5,""physical_error_rate"":0.0005}","{""detection_events"":794,""detectors_checked"":458752}"
      1297,         0,         0,   0.031,standalone_exact_mw,e5b1593c0e383368e36e36cad39a29f258d2f8e653c88d1b733626fe43257e38,"{""distance"":5,""physical_error_rate"":0.0005}","{""detection_events"":581,""detectors_checked"":290528}"
     13312,         0,         0,   0.211,standalone_exact_mw,e5b1593c0e383368e36e36cad39a29f258d2f8e653c88d1b733626fe43257e38,"{""distance"":5,""physical_error_rate"":0.0005}","{""detection_events"":5453,""detectors_checked"":2981888}"
      1024,         0,         0,   0.021,standalone_exact_mw,e5b1593c0e383368e36e36cad39a29f258d2f8e653c88d1b733626fe43257e38,"{""distance"":5,""physical_error_rate"":0.0005}","{""detection_events"":342,""detectors_checked"":229376}"
     27648,         0,         0,   0.292,standalone_exact_mw,e5b1593c0e383368e36e36cad39a29f258d2f8e653c88d1b733626fe43257e38,"{""distance"":5,""physical_error_rate"":0.0005}","{""detection_events"":11364,""detectors_checked"":6193152}"
     36864,         0,         0,   0.292,standalone_exact_mw,e5b1593c0e383368e36e36cad39a29f258d2f8e653c88d1b733626fe43257e38,"{""distance"":5,""physical_error_rate"":0.0005}","{""detection_events"":15219,""detectors_checked"":8257536}"
      1024,         0,         0,   0.023,standalone_exact_mw,e5b1593c0e383368e36e36cad39a29f258d2f8e653c88d1b733626fe43257e38,"{""distance"":5,""physical_error_rate"":0.0005}","{""detection_events"":349,""detectors_checked"":229376}"
     19456,         0,         0,   0.196,standalone_exact_mw,e5b1593c0e383368e36e36cad39a29f258d2f8e653c88d1b733626fe43257e38,"{""distance"":5,""physical_error_rate"":0.0005}","{""detection_events"":7875,""detectors_checked"":4358144}"
     21504,         0,         0,   0.224,standalone_exact_mw,e5b1593c0e383368e36e36cad39a29f258d2f8e653c88d1b733626fe43257e38,"{""distance"":5,""physical_error_rate"":0.0005}","{""detection_events"":8850,""detectors_checked"":4816896}"
     13312,         0,         0,   0.203,standalone_exact_mw,e5b1593c0e383368e36e36cad39a29f258d2f8e653c88d1b733626fe43257e38,"{""distance"":5,""physical_error_rate"":0.0005}","{""detection_events"":5398,""detectors_checked"":2981888}"
      3072,         0,         0,   0.076,standalone_exact_mw,e5b1593c0e383368e36e36cad39a29f258d2f8e653c88d1b733626fe43257e38,"{""distance"":5,""physical_error_rate"":0.0005}","{""detection_events"":1295,""detectors_checked"":688128}"
     22528,         0,         0,   0.296,standalone_exact_mw,e5b1593c0e383368e36e36cad39a29f258d2f8e653c88d1b733626fe43257e38,"{""distance"":5,""physical_error_rate"":0.0005}","{""detection_events"":9278,""detectors_checked"":5046272}"
      2048,         0,         0,   0.029,standalone_exact_mw,e5b1593c0e383368e36e36cad39a29f258d2f8e653c88d1b733626fe43257e38,"{""distance"":5,""physical_error_rate"":0.0005}","{""detection_events"":850,""detectors_checked"":458752}"
     13312,         0,         0,   0.214,standalone_exact_mw,e5b1593c0e383368e36e36cad39a29f258d2f8e653c88d1b733626fe43257e38,"{""distance"":5,""physical_error_rate"":0.0005}","{""detection_events"":5220,""detectors_checked"":2981888}"
       273,         0,         0,   0.015,standalone_exact_mw,e5b1593c0e383368e36e36cad39a29f258d2f8e653c88d1b733626fe43257e38,"{""distance"":5,""physical_error_rate"":0.0005}","{""detection_events"":124,""detectors_checked"":61152}"
     14336,         0,         0,   0.223,standalone_exact_mw,e5b1593c0e383368e36e36cad39a29f258d2f8e653c88d1b733626fe43257e38,"{""distance"":5,""physical_error_rate"":0.0005}","{""detection_events"":5923,""detectors_checked"":3211264}"
     10240,         0,         0,   0.224,standalone_exact_mw,e5b1593c0e383368e36e36cad39a29f258d2f8e653c88d1b733626fe43257e38,"{""distance"":5,""physical_error_rate"":0.0005}","{""detection_events"":4129,""detectors_checked"":2293760}"
      1024,         0,         0,   0.021,standalone_exact_mw,e5b1593c0e383368e36e36cad39a29f258d2f8e653c88d1b733626fe43257e38,"{""distance"":5,""physical_error_rate"":0.0005}","{""detection_events"":393,""detectors_checked"":229376}"
     13312,         1,         0,   0.213,standalone_exact_mw,e5b1593c0e383368e36e36cad39a29f258d2f8e653c88d1b733626fe43257e38,"{""distance"":5,""physical_error_rate"":0.0005}","{""detection_events"":5269,""detectors_checked"":2981888,""obs_mistake_mask=E"":1}"
      1024,         0,         0,   0.026,standalone_exact_mw,e5b1593c0e383368e36e36cad39a29f258d2f8e653c88d1b733626fe43257e38,"{""distance"":5,""physical_error_rate"":0.0005}","{""detection_events"":405,""detectors_checked"":229376}"
      2048,         0,         0,   0.062,standalone_exact_mw,e5b1593c0e383368e36e36cad39a29f258d2f8e653c88d1b733626fe43257e38,"{""distance"":5,""physical_error_rate"":0.0005}","{""detection_events"":856,""detectors_checked"":458752}"
     14336,         0,         0,   0.224,standalone_exact_mw,e5b1593c0e383368e36e36cad39a29f258d2f8e653c88d1b733626fe43257e38,"{""distance"":5,""physical_error_rate"":0.0005}","{""detection_events"":5814,""detectors_checked"":3211264}"
      5120,         0,         0,   0.091,standalone_exact_mw,e5b1593c0e383368e36e36cad39a29f258d2f8e653c88d1b733626fe43257e38,"{""distance"":5,""physical_error_rate"":0.0005}","{""detection_events"":2096,""detectors_checked"":1146880}"
      2048,         0,         0,   0.029,standalone_exact_mw,e5b1593c0e383368e36e36cad39a29f258d2f8e653c88d1b733626fe43257e38,"{""distance"":5,""physical_error_rate"":0.0005}","{""detection_events"":862,""detectors_checked"":458752}"
     12288,         0,         0,   0.213,standalone_exact_mw,e5b1593c0e383368e36e36cad39a29f258d2f8e653c88d1b733626fe43257e38,"{""distance"":5,""physical_error_rate"":0.0005}","{""detection_events"":5021,""detectors_checked"":2752512}"
      3072,         0,         0,   0.059,standalone_exact_mw,e5b1593c0e383368e36e36cad39a29f258d2f8e653c88d1b733626fe43257e38,"{""distance"":5,""physical_error_rate"":0.0005}","{""detection_events"":1124,""detectors_checked"":688128}"
      3072,         0,         0,   0.050,standalone_exact_mw,e5b1593c0e383368e36e36cad39a29f258d2f8e653c88d1b733626fe43257e38,"{""distance"":5,""physical_error_rate"":0.0005}","{""detection_events"":1230,""detectors_checked"":688128}"
      4096,         0,         0,   0.058,standalone_exact_mw,e5b1593c0e383368e36e36cad39a29f258d2f8e653c88d1b733626fe43257e38,"{""distance"":5,""physical_error_rate"":0.0005}","{""detection_events"":1670,""detectors_checked"":917504}"
      3072,         0,         0,   0.079,standalone_exact_mw,e5b1593c0e383368e36e36cad39a29f258d2f8e653c88d1b733626fe43257e38,"{""distance"":5,""physical_error_rate"":0.0005}","{""detection_events"":1167,""detectors_checked"":688128}"
      5120,         0,         0,   0.131,standalone_exact_mw,e5b1593c0e383368e36e36cad39a29f258d2f8e653c88d1b733626fe43257e38,"{""distance"":5,""physical_error_rate"":0.0005}","{""detection_events"":2182,""detectors_checked"":1146880}"
     17408,         0,         0,   0.291,standalone_exact_mw,e5b1593c0e383368e36e36cad39a29f258d2f8e653c88d1b733626fe43257e38,"{""distance"":5,""physical_error_rate"":0.0005}","{""detection_events"":7017,""detectors_checked"":3899392}"
     18432,         0,         0,   0.290,standalone_exact_mw,e5b1593c0e383368e36e36cad39a29f258d2f8e653c88d1b733626fe43257e38,"{""distance"":5,""physical_error_rate"":0.0005}","{""detection_events"":7417,""detectors_checked"":4128768}"
     18432,         0,         0,   0.300,standalone_exact_mw,e5b1593c0e383368e36e36cad39a29f258d2f8e653c88d1b733626fe43257e38,"{""distance"":5,""physical_error_rate"":0.0005}","{""detection_events"":7330,""detectors_checked"":4128768}"
     24576,         0,         0,   0.308,standalone_exact_mw,e5b1593c0e383368e36e36cad39a29f258d2f8e653c88d1b733626fe43257e38,"{""distance"":5,""physical_error_rate"":0.0005}","{""detection_events"":10083,""detectors_checked"":5505024}"
      5120,         0,         0,   0.092,standalone_exact_mw,e5b1593c0e383368e36e36cad39a29f258d2f8e653c88d1b733626fe43257e38,"{""distance"":5,""physical_error_rate"":0.0005}","{""detection_events"":2193,""detectors_checked"":1146880}"
     19456,         0,         0,   0.307,standalone_exact_mw,e5b1593c0e383368e36e36cad39a29f258d2f8e653c88d1b733626fe43257e38,"{""distance"":5,""physical_error_rate"":0.0005}","{""detection_events"":8069,""detectors_checked"":4358144}"
     13312,         0,         0,   0.289,standalone_exact_mw,e5b1593c0e383368e36e36cad39a29f258d2f8e653c88d1b733626fe43257e38,"{""distance"":5,""physical_error_rate"":0.0005}","{""detection_events"":5547,""detectors_checked"":2981888}"
     18432,         0,         0,   0.298,standalone_exact_mw,e5b1593c0e383368e36e36cad39a29f258d2f8e653c88d1b733626fe43257e38,"{""distance"":5,""physical_error_rate"":0.0005}","{""detection_events"":7418,""detectors_checked"":4128768}"
      4096,         0,         0,   0.129,standalone_exact_mw,e5b1593c0e383368e36e36cad39a29f258d2f8e653c88d1b733626fe43257e38,"{""distance"":5,""physical_error_rate"":0.0005}","{""detection_events"":1745,""detectors_checked"":917504}"
     19456,         0,         0,   0.308,standalone_exact_mw,e5b1593c0e383368e36e36cad39a29f258d2f8e653c88d1b733626fe43257e38,"{""distance"":5,""physical_error_rate"":0.0005}","{""detection_events"":7937,""detectors_checked"":4358144}"
     51200,         0,         0,   0.407,standalone_exact_mw,e5b1593c0e383368e36e36cad39a29f258d2f8e653c88d1b733626fe43257e38,"{""distance"":5,""physical_error_rate"":0.0005}","{""detection_events"":20587,""detectors_checked"":11468800}"
      6144,         0,         0,   0.163,standalone_exact_mw,e5b1593c0e383368e36e36cad39a29f258d2f8e653c88d1b733626fe43257e38,"{""distance"":5,""physical_error_rate"":0.0005}","{""detection_events"":2458,""detectors_checked"":1376256}"
     20480,         0,         0,   0.307,standalone_exact_mw,e5b1593c0e383368e36e36cad39a29f258d2f8e653c88d1b733626fe43257e38,"{""distance"":5,""physical_error_rate"":0.0005}","{""detection_events"":8219,""detectors_checked"":4587520}"
     31744,         0,         0,   0.408,standalone_exact_mw,e5b1593c0e383368e36e36cad39a29f258d2f8e653c88d1b733626fe43257e38,"{""distance"":5,""physical_error_rate"":0.0005}","{""detection_events"":13043,""detectors_checked"":7110656}"
      7168,         0,         0,   0.109,standalone_exact_mw,e5b1593c0e383368e36e36cad39a29f258d2f8e653c88d1b733626fe43257e38,"{""distance"":5,""physical_error_rate"":0.0005}","{""detection_events"":3019,""detectors_checked"":1605632}"
     45056,         0,         0,   0.404,standalone_exact_mw,e5b1593c0e383368e36e36cad39a29f258d2f8e653c88d1b733626fe43257e38,"{""distance"":5,""physical_error_rate"":0.0005}","{""detection_events"":18349,""detectors_checked"":10092544}"
     18432,         0,         0,   0.296,standalone_exact_mw,e5b1593c0e383368e36e36cad39a29f258d2f8e653c88d1b733626fe43257e38,"{""distance"":5,""physical_error_rate"":0.0005}","{""detection_events"":7529,""detectors_checked"":4128768}"
      6144,         0,         0,   0.195,standalone_exact_mw,e5b1593c0e383368e36e36cad39a29f258d2f8e653c88d1b733626fe43257e38,"{""distance"":5,""physical_error_rate"":0.0005}","{""detection_events"":2528,""detectors_checked"":1376256}"
      9216,         0,         0,   0.152,standalone_exact_mw,e5b1593c0e383368e36e36cad39a29f258d2f8e653c88d1b733626fe43257e38,"{""distance"":5,""physical_error_rate"":0.0005}","{""detection_events"":3683,""detectors_checked"":2064384}"
      7168,         0,         0,   0.228,standalone_exact_mw,e5b1593c0e383368e36e36cad39a29f258d2f8e653c88d1b733626fe43257e38,"{""distance"":5,""physical_error_rate"":0.0005}","{""detection_events"":2991,""detectors_checked"":1605632}"
     26624,         0,         0,   0.420,standalone_exact_mw,e5b1593c0e383368e36e36cad39a29f258d2f8e653c88d1b733626fe43257e38,"{""distance"":5,""physical_error_rate"":0.0005}","{""detection_events"":10931,""detectors_checked"":5963776}"
     26624,         0,         0,   0.418,standalone_exact_mw,e5b1593c0e383368e36e36cad39a29f258d2f8e653c88d1b733626fe43257e38,"{""distance"":5,""physical_error_rate"":0.0005}","{""detection_events"":10736,""detectors_checked"":5963776}"
     25600,         0,         0,   0.408,standalone_exact_mw,e5b1593c0e383368e36e36cad39a29f258d2f8e653c88d1b733626fe43257e38,"{""distance"":5,""physical_error_rate"":0.0005}","{""detection_events"":10517,""detectors_checked"":5734400}"
     26624,         0,         0,   0.413,standalone_exact_mw,e5b1593c0e383368e36e36cad39a29f258d2f8e653c88d1b733626fe43257e38,"{""distance"":5,""physical_error_rate"":0.0005}","{""detection_events"":11097,""detectors_checked"":5963776}"
     25600,         0,         0,   0.409,standalone_exact_mw,e5b1593c0e383368e36e36cad39a29f258d2f8e653c88d1b733626fe43257e38,"{""distance"":5,""physical_error_rate"":0.0005}","{""detection_events"":10173,""detectors_checked"":5734400}"
     26624,         0,         0,   0.416,standalone_exact_mw,e5b1593c0e383368e36e36cad39a29f258d2f8e653c88d1b733626fe43257e38,"{""distance"":5,""physical_error_rate"":0.0005}","{""detection_events"":11253,""detectors_checked"":5963776}"
     17408,         0,         0,   0.426,standalone_exact_mw,e5b1593c0e383368e36e36cad39a29f258d2f8e653c88d1b733626fe43257e38,"{""distance"":5,""physical_error_rate"":0.0005}","{""detection_events"":7029,""detectors_checked"":3899392}"
      8192,         0,         0,   0.228,standalone_exact_mw,e5b1593c0e383368e36e36cad39a29f258d2f8e653c88d1b733626fe43257e38,"{""distance"":5,""physical_error_rate"":0.0005}","{""detection_events"":3214,""detectors_checked"":1835008}"
     14336,         0,         0,   0.222,standalone_exact_mw,e5b1593c0e383368e36e36cad39a29f258d2f8e653c88d1b733626fe43257e38,"{""distance"":5,""physical_error_rate"":0.0005}","{""detection_events"":5891,""detectors_checked"":3211264}"
     26624,         0,         0,   0.411,standalone_exact_mw,e5b1593c0e383368e36e36cad39a29f258d2f8e653c88d1b733626fe43257e38,"{""distance"":5,""physical_error_rate"":0.0005}","{""detection_events"":10787,""detectors_checked"":5963776}"
     25600,         0,         0,   0.411,standalone_exact_mw,e5b1593c0e383368e36e36cad39a29f258d2f8e653c88d1b733626fe43257e38,"{""distance"":5,""physical_error_rate"":0.0005}","{""detection_events"":10544,""detectors_checked"":5734400}"
     26624,         0,         0,   0.417,standalone_exact_mw,e5b1593c0e383368e36e36cad39a29f258d2f8e653c88d1b733626fe43257e38,"{""distance"":5,""physical_error_rate"":0.0005}","{""detection_events"":10937,""detectors_checked"":5963776}"
      9216,         0,         0,   0.273,standalone_exact_mw,e5b1593c0e383368e36e36cad39a29f258d2f8e653c88d1b733626fe43257e38,"{""distance"":5,""physical_error_rate"":0.0005}","{""detection_events"":3777,""detectors_checked"":2064384}"
     56320,         0,         0,   0.567,standalone_exact_mw,e5b1593c0e383368e36e36cad39a29f258d2f8e653c88d1b733626fe43257e38,"{""distance"":5,""physical_error_rate"":0.0005}","{""detection_events"":22918,""detectors_checked"":12615680}"
     68608,         0,         0,   0.567,standalone_exact_mw,e5b1593c0e383368e36e36cad39a29f258d2f8e653c88d1b733626fe43257e38,"{""distance"":5,""physical_error_rate"":0.0005}","{""detection_events"":27986,""detectors_checked"":15368192}"
     43008,         0,         0,   0.585,standalone_exact_mw,e5b1593c0e383368e36e36cad39a29f258d2f8e653c88d1b733626fe43257e38,"{""distance"":5,""physical_error_rate"":0.0005}","{""detection_events"":17983,""detectors_checked"":9633792}"
      8192,         0,         0,   0.303,standalone_exact_mw,e5b1593c0e383368e36e36cad39a29f258d2f8e653c88d1b733626fe43257e38,"{""distance"":5,""physical_error_rate"":0.0005}","{""detection_events"":3380,""detectors_checked"":1835008}"
     13312,         0,         0,   0.305,standalone_exact_mw,e5b1593c0e383368e36e36cad39a29f258d2f8e653c88d1b733626fe43257e38,"{""distance"":5,""physical_error_rate"":0.0005}","{""detection_events"":5105,""detectors_checked"":2981888}"
     36864,         0,         0,   0.570,standalone_exact_mw,e5b1593c0e383368e36e36cad39a29f258d2f8e653c88d1b733626fe43257e38,"{""distance"":5,""physical_error_rate"":0.0005}","{""detection_events"":15075,""detectors_checked"":8257536}"
     35840,         0,         0,   0.572,standalone_exact_mw,e5b1593c0e383368e36e36cad39a29f258d2f8e653c88d1b733626fe43257e38,"{""distance"":5,""physical_error_rate"":0.0005}","{""detection_events"":14655,""detectors_checked"":8028160}"
     36864,         0,         0,   0.574,standalone_exact_mw,e5b1593c0e383368e36e36cad39a29f258d2f8e653c88d1b733626fe43257e38,"{""distance"":5,""physical_error_rate"":0.0005}","{""detection_events"":14885,""detectors_checked"":8257536}"
     37888,         0,         0,   0.578,standalone_exact_mw,e5b1593c0e383368e36e36cad39a29f258d2f8e653c88d1b733626fe43257e38,"{""distance"":5,""physical_error_rate"":0.0005}","{""detection_events"":15401,""detectors_checked"":8486912}"
     36864,         0,         0,   0.578,standalone_exact_mw,e5b1593c0e383368e36e36cad39a29f258d2f8e653c88d1b733626fe43257e38,"{""distance"":5,""physical_error_rate"":0.0005}","{""detection_events"":15041,""detectors_checked"":8257536}"
     58368,         0,         0,   0.573,standalone_exact_mw,e5b1593c0e383368e36e36cad39a29f258d2f8e653c88d1b733626fe43257e38,"{""distance"":5,""physical_error_rate"":0.0005}","{""detection_events"":23405,""detectors_checked"":13074432}"
     24576,         0,         0,   0.581,standalone_exact_mw,e5b1593c0e383368e36e36cad39a29f258d2f8e653c88d1b733626fe43257e38,"{""distance"":5,""physical_error_rate"":0.0005}","{""detection_events"":9869,""detectors_checked"":5505024}"
     36864,         0,         0,   0.574,standalone_exact_mw,e5b1593c0e383368e36e36cad39a29f258d2f8e653c88d1b733626fe43257e38,"{""distance"":5,""physical_error_rate"":0.0005}","{""detection_events"":15185,""detectors_checked"":8257536}"
     11264,         0,         0,   0.452,standalone_exact_mw,e5b1593c0e383368e36e36cad39a29f258d2f8e653c88d1b733626fe43257e38,"{""distance"":5,""physical_error_rate"":0.0005}","{""detection_events"":4493,""detectors_checked"":2523136}"
     35840,         0,         0,   0.566,standalone_exact_mw,e5b1593c0e383368e36e36cad39a29f258d2f8e653c88d1b733626fe43257e38,"{""distance"":5,""physical_error_rate"":0.0005}","{""detection_events"":14920,""detectors_checked"":8028160}"
     33792,         0,         0,   0.581,standalone_exact_mw,e5b1593c0e383368e36e36cad39a29f258d2f8e653c88d1b733626fe43257e38,"{""distance"":5,""physical_error_rate"":0.0005}","{""detection_events"":13337,""detectors_checked"":7569408}"
     11264,         0,         0,   0.428,standalone_exact_mw,e5b1593c0e383368e36e36cad39a29f258d2f8e653c88d1b733626fe43257e38,"{""distance"":5,""physical_error_rate"":0.0005}","{""detection_events"":4522,""detectors_checked"":2523136}"
     11264,         0,         0,   0.439,standalone_exact_mw,e5b1593c0e383368e36e36cad39a29f258d2f8e653c88d1b733626fe43257e38,"{""distance"":5,""physical_error_rate"":0.0005}","{""detection_events"":4618,""detectors_checked"":2523136}"
     86016,         0,         0,   0.797,standalone_exact_mw,e5b1593c0e383368e36e36cad39a29f258d2f8e653c88d1b733626fe43257e38,"{""distance"":5,""physical_error_rate"":0.0005}","{""detection_events"":34990,""detectors_checked"":19267584}"
     83968,         0,         0,   0.779,standalone_exact_mw,e5b1593c0e383368e36e36cad39a29f258d2f8e653c88d1b733626fe43257e38,"{""distance"":5,""physical_error_rate"":0.0005}","{""detection_events"":34334,""detectors_checked"":18808832}"
     84992,         0,         0,   0.795,standalone_exact_mw,e5b1593c0e383368e36e36cad39a29f258d2f8e653c88d1b733626fe43257e38,"{""distance"":5,""physical_error_rate"":0.0005}","{""detection_events"":34550,""detectors_checked"":19038208}"
     17408,         0,         0,   0.588,standalone_exact_mw,e5b1593c0e383368e36e36cad39a29f258d2f8e653c88d1b733626fe43257e38,"{""distance"":5,""physical_error_rate"":0.0005}","{""detection_events"":6809,""detectors_checked"":3899392}"
     51200,         0,         0,   0.796,standalone_exact_mw,e5b1593c0e383368e36e36cad39a29f258d2f8e653c88d1b733626fe43257e38,"{""distance"":5,""physical_error_rate"":0.0005}","{""detection_events"":20587,""detectors_checked"":11468800}"
     47104,         0,         0,   0.796,standalone_exact_mw,e5b1593c0e383368e36e36cad39a29f258d2f8e653c88d1b733626fe43257e38,"{""distance"":5,""physical_error_rate"":0.0005}","{""detection_events"":19197,""detectors_checked"":10551296}"
     32768,         0,         0,   0.580,standalone_exact_mw,e5b1593c0e383368e36e36cad39a29f258d2f8e653c88d1b733626fe43257e38,"{""distance"":5,""physical_error_rate"":0.0005}","{""detection_events"":13423,""detectors_checked"":7340032}"
     51200,         0,         0,   0.793,standalone_exact_mw,e5b1593c0e383368e36e36cad39a29f258d2f8e653c88d1b733626fe43257e38,"{""distance"":5,""physical_error_rate"":0.0005}","{""detection_events"":20901,""detectors_checked"":11468800}"
     50176,         0,         0,   0.811,standalone_exact_mw,e5b1593c0e383368e36e36cad39a29f258d2f8e653c88d1b733626fe43257e38,"{""distance"":5,""physical_error_rate"":0.0005}","{""detection_events"":20423,""detectors_checked"":11239424}"
     46080,         0,         0,   0.796,standalone_exact_mw,e5b1593c0e383368e36e36cad39a29f258d2f8e653c88d1b733626fe43257e38,"{""distance"":5,""physical_error_rate"":0.0005}","{""detection_events"":18967,""detectors_checked"":10321920}"
     28672,         0,         0,   0.796,standalone_exact_mw,e5b1593c0e383368e36e36cad39a29f258d2f8e653c88d1b733626fe43257e38,"{""distance"":5,""physical_error_rate"":0.0005}","{""detection_events"":11892,""detectors_checked"":6422528}"
     33792,         0,         0,   0.570,standalone_exact_mw,e5b1593c0e383368e36e36cad39a29f258d2f8e653c88d1b733626fe43257e38,"{""distance"":5,""physical_error_rate"":0.0005}","{""detection_events"":13733,""detectors_checked"":7569408}"
     87040,         0,         0,   0.809,standalone_exact_mw,e5b1593c0e383368e36e36cad39a29f258d2f8e653c88d1b733626fe43257e38,"{""distance"":5,""physical_error_rate"":0.0005}","{""detection_events"":35380,""detectors_checked"":19496960}"
     50176,         0,         0,   0.793,standalone_exact_mw,e5b1593c0e383368e36e36cad39a29f258d2f8e653c88d1b733626fe43257e38,"{""distance"":5,""physical_error_rate"":0.0005}","{""detection_events"":19923,""detectors_checked"":11239424}"
     51200,         0,         0,   0.795,standalone_exact_mw,e5b1593c0e383368e36e36cad39a29f258d2f8e653c88d1b733626fe43257e38,"{""distance"":5,""physical_error_rate"":0.0005}","{""detection_events"":20547,""detectors_checked"":11468800}"
     52224,         0,         0,   0.810,standalone_exact_mw,e5b1593c0e383368e36e36cad39a29f258d2f8e653c88d1b733626fe43257e38,"{""distance"":5,""physical_error_rate"":0.0005}","{""detection_events"":21073,""detectors_checked"":11698176}"
     27648,         0,         0,   0.818,standalone_exact_mw,e5b1593c0e383368e36e36cad39a29f258d2f8e653c88d1b733626fe43257e38,"{""distance"":5,""physical_error_rate"":0.0005}","{""detection_events"":11556,""detectors_checked"":6193152}"
    126976,         0,         0,    1.11,standalone_exact_mw,e5b1593c0e383368e36e36cad39a29f258d2f8e653c88d1b733626fe43257e38,"{""distance"":5,""physical_error_rate"":0.0005}","{""detection_events"":51867,""detectors_checked"":28442624}"
    116736,         0,         0,    1.11,standalone_exact_mw,e5b1593c0e383368e36e36cad39a29f258d2f8e653c88d1b733626fe43257e38,"{""distance"":5,""physical_error_rate"":0.0005}","{""detection_events"":47442,""detectors_checked"":26148864}"
     51200,         0,         0,   0.784,standalone_exact_mw,e5b1593c0e383368e36e36cad39a29f258d2f8e653c88d1b733626fe43257e38,"{""distance"":5,""physical_error_rate"":0.0005}","{""detection_events"":20554,""detectors_checked"":11468800}"
    124928,         0,         0,    1.11,standalone_exact_mw,e5b1593c0e383368e36e36cad39a29f258d2f8e653c88d1b733626fe43257e38,"{""distance"":5,""physical_error_rate"":0.0005}","{""detection_events"":51133,""detectors_checked"":27983872}"
     50176,         0,         0,   0.785,standalone_exact_mw,e5b1593c0e383368e36e36cad39a29f258d2f8e653c88d1b733626fe43257e38,"{""distance"":5,""physical_error_rate"":0.0005}","{""detection_events"":20660,""detectors_checked"":11239424}"
     70656,         0,         0,    1.11,standalone_exact_mw,e5b1593c0e383368e36e36cad39a29f258d2f8e653c88d1b733626fe43257e38,"{""distance"":5,""physical_error_rate"":0.0005}","{""detection_events"":28601,""detectors_checked"":15826944}"
     70656,         0,         0,    1.10,standalone_exact_mw,e5b1593c0e383368e36e36cad39a29f258d2f8e653c88d1b733626fe43257e38,"{""distance"":5,""physical_error_rate"":0.0005}","{""detection_events"":28983,""detectors_checked"":15826944}"
     66560,         0,         0,    1.11,standalone_exact_mw,e5b1593c0e383368e36e36cad39a29f258d2f8e653c88d1b733626fe43257e38,"{""distance"":5,""physical_error_rate"":0.0005}","{""detection_events"":26917,""detectors_checked"":14909440}"
     67584,         0,         0,    1.11,standalone_exact_mw,e5b1593c0e383368e36e36cad39a29f258d2f8e653c88d1b733626fe43257e38,"{""distance"":5,""physical_error_rate"":0.0005}","{""detection_events"":27587,""detectors_checked"":15138816}"
     67584,         0,         0,    1.11,standalone_exact_mw,e5b1593c0e383368e36e36cad39a29f258d2f8e653c88d1b733626fe43257e38,"{""distance"":5,""physical_error_rate"":0.0005}","{""detection_events"":27597,""detectors_checked"":15138816}"
    113664,         0,         0,    1.11,standalone_exact_mw,e5b1593c0e383368e36e36cad39a29f258d2f8e653c88d1b733626fe43257e38,"{""distance"":5,""physical_error_rate"":0.0005}","{""detection_events"":46435,""detectors_checked"":25460736}"
     43008,         0,         0,    1.12,standalone_exact_mw,e5b1593c0e383368e36e36cad39a29f258d2f8e653c88d1b733626fe43257e38,"{""distance"":5,""physical_error_rate"":0.0005}","{""detection_events"":17831,""detectors_checked"":9633792}"
     70656,         0,         0,    1.10,standalone_exact_mw,e5b1593c0e383368e36e36cad39a29f258d2f8e653c88d1b733626fe43257e38,"{""distance"":5,""physical_error_rate"":0.0005}","{""detection_events"":28385,""detectors_checked"":15826944}"
     69632,         0,         0,    1.11,standalone_exact_mw,e5b1593c0e383368e36e36cad39a29f258d2f8e653c88d1b733626fe43257e38,"{""distance"":5,""physical_error_rate"":0.0005}","{""detection_events"":28601,""detectors_checked"":15597568}"
     68608,         0,         0,    1.12,standalone_exact_mw,e5b1593c0e383368e36e36cad39a29f258d2f8e653c88d1b733626fe43257e38,"{""distance"":5,""physical_error_rate"":0.0005}","{""detection_events"":27578,""detectors_checked"":15368192}"
    468992,         0,         0,    4.26,standalone_exact_mw,e5b1593c0e383368e36e36cad39a29f258d2f8e653c88d1b733626fe43257e38,"{""distance"":5,""physical_error_rate"":0.0005}","{""detection_events"":190973,""detectors_checked"":105054208}"
    364544,         0,         0,    4.26,standalone_exact_mw,e5b1593c0e383368e36e36cad39a29f258d2f8e653c88d1b733626fe43257e38,"{""distance"":5,""physical_error_rate"":0.0005}","{""detection_events"":146912,""detectors_checked"":81657856}"
    270336,         0,         0,    4.26,standalone_exact_mw,e5b1593c0e383368e36e36cad39a29f258d2f8e653c88d1b733626fe43257e38,"{""distance"":5,""physical_error_rate"":0.0005}","{""detection_events"":109707,""detectors_checked"":60555264}"
    189440,         0,         0,    4.26,standalone_exact_mw,e5b1593c0e383368e36e36cad39a29f258d2f8e653c88d1b733626fe43257e38,"{""distance"":5,""physical_error_rate"":0.0005}","{""detection_events"":77229,""detectors_checked"":42434560}"
    262144,         1,         0,    4.24,standalone_exact_mw,e5b1593c0e383368e36e36cad39a29f258d2f8e653c88d1b733626fe43257e38,"{""distance"":5,""physical_error_rate"":0.0005}","{""detection_events"":106426,""detectors_checked"":58720256,""obs_mistake_mask=E"":1}"
     48128,         0,         0,    1.13,standalone_exact_mw,e5b1593c0e383368e36e36cad39a29f258d2f8e653c88d1b733626fe43257e38,"{""distance"":5,""physical_error_rate"":0.0005}","{""detection_events"":19918,""detectors_checked"":10780672}"
     67584,         0,         0,    1.13,standalone_exact_mw,e5b1593c0e383368e36e36cad39a29f258d2f8e653c88d1b733626fe43257e38,"{""distance"":5,""physical_error_rate"":0.0005}","{""detection_events"":27356,""detectors_checked"":15138816}"
     70656,         0,         0,    1.10,standalone_exact_mw,e5b1593c0e383368e36e36cad39a29f258d2f8e653c88d1b733626fe43257e38,"{""distance"":5,""physical_error_rate"":0.0005}","{""detection_events"":28603,""detectors_checked"":15826944}"
    128000,         0,         0,    1.56,standalone_exact_mw,e5b1593c0e383368e36e36cad39a29f258d2f8e653c88d1b733626fe43257e38,"{""distance"":5,""physical_error_rate"":0.0005}","{""detection_events"":52259,""detectors_checked"":28672000}"
    174080,         0,         0,    1.55,standalone_exact_mw,e5b1593c0e383368e36e36cad39a29f258d2f8e653c88d1b733626fe43257e38,"{""distance"":5,""physical_error_rate"":0.0005}","{""detection_events"":70230,""detectors_checked"":38993920}"
    161792,         0,         0,    1.54,standalone_exact_mw,e5b1593c0e383368e36e36cad39a29f258d2f8e653c88d1b733626fe43257e38,"{""distance"":5,""physical_error_rate"":0.0005}","{""detection_events"":65065,""detectors_checked"":36241408}"
     80896,         0,         0,    1.57,standalone_exact_mw,e5b1593c0e383368e36e36cad39a29f258d2f8e653c88d1b733626fe43257e38,"{""distance"":5,""physical_error_rate"":0.0005}","{""detection_events"":32840,""detectors_checked"":18120704}"
    133120,         0,         0,    1.56,standalone_exact_mw,e5b1593c0e383368e36e36cad39a29f258d2f8e653c88d1b733626fe43257e38,"{""distance"":5,""physical_error_rate"":0.0005}","{""detection_events"":54305,""detectors_checked"":29818880}"
     91136,         0,         0,    1.56,standalone_exact_mw,e5b1593c0e383368e36e36cad39a29f258d2f8e653c88d1b733626fe43257e38,"{""distance"":5,""physical_error_rate"":0.0005}","{""detection_events"":36711,""detectors_checked"":20414464}"
     95232,         0,         0,    1.57,standalone_exact_mw,e5b1593c0e383368e36e36cad39a29f258d2f8e653c88d1b733626fe43257e38,"{""distance"":5,""physical_error_rate"":0.0005}","{""detection_events"":38712,""detectors_checked"":21331968}"
     87040,         0,         0,    1.57,standalone_exact_mw,e5b1593c0e383368e36e36cad39a29f258d2f8e653c88d1b733626fe43257e38,"{""distance"":5,""physical_error_rate"":0.0005}","{""detection_events"":35173,""detectors_checked"":19496960}"
    159744,         0,         0,    1.56,standalone_exact_mw,e5b1593c0e383368e36e36cad39a29f258d2f8e653c88d1b733626fe43257e38,"{""distance"":5,""physical_error_rate"":0.0005}","{""detection_events"":65821,""detectors_checked"":35782656}"
     75776,         0,         0,    1.56,standalone_exact_mw,e5b1593c0e383368e36e36cad39a29f258d2f8e653c88d1b733626fe43257e38,"{""distance"":5,""physical_error_rate"":0.0005}","{""detection_events"":31285,""detectors_checked"":16973824}"
    100352,         0,         0,    1.55,standalone_exact_mw,e5b1593c0e383368e36e36cad39a29f258d2f8e653c88d1b733626fe43257e38,"{""distance"":5,""physical_error_rate"":0.0005}","{""detection_events"":40412,""detectors_checked"":22478848}"
     91136,         0,         0,    1.56,standalone_exact_mw,e5b1593c0e383368e36e36cad39a29f258d2f8e653c88d1b733626fe43257e38,"{""distance"":5,""physical_error_rate"":0.0005}","{""detection_events"":37105,""detectors_checked"":20414464}"
     92160,         0,         0,    1.56,standalone_exact_mw,e5b1593c0e383368e36e36cad39a29f258d2f8e653c88d1b733626fe43257e38,"{""distance"":5,""physical_error_rate"":0.0005}","{""detection_events"":37459,""detectors_checked"":20643840}"
     71680,         0,         0,    1.56,standalone_exact_mw,e5b1593c0e383368e36e36cad39a29f258d2f8e653c88d1b733626fe43257e38,"{""distance"":5,""physical_error_rate"":0.0005}","{""detection_events"":28849,""detectors_checked"":16056320}"
     93184,         0,         0,    1.54,standalone_exact_mw,e5b1593c0e383368e36e36cad39a29f258d2f8e653c88d1b733626fe43257e38,"{""distance"":5,""physical_error_rate"":0.0005}","{""detection_events"":38337,""detectors_checked"":20873216}"
     99328,         0,         0,    1.56,standalone_exact_mw,e5b1593c0e383368e36e36cad39a29f258d2f8e653c88d1b733626fe43257e38,"{""distance"":5,""physical_error_rate"":0.0005}","{""detection_events"":40212,""detectors_checked"":22249472}"
    140288,         0,         0,    2.18,standalone_exact_mw,e5b1593c0e383368e36e36cad39a29f258d2f8e653c88d1b733626fe43257e38,"{""distance"":5,""physical_error_rate"":0.0005}","{""detection_events"":56377,""detectors_checked"":31424512}"
    237568,         0,         0,    2.18,standalone_exact_mw,e5b1593c0e383368e36e36cad39a29f258d2f8e653c88d1b733626fe43257e38,"{""distance"":5,""physical_error_rate"":0.0005}","{""detection_events"":95399,""detectors_checked"":53215232}"
    169984,         0,         0,    2.18,standalone_exact_mw,e5b1593c0e383368e36e36cad39a29f258d2f8e653c88d1b733626fe43257e38,"{""distance"":5,""physical_error_rate"":0.0005}","{""detection_events"":68702,""detectors_checked"":38076416}"
    137216,         0,         0,    2.18,standalone_exact_mw,e5b1593c0e383368e36e36cad39a29f258d2f8e653c88d1b733626fe43257e38,"{""distance"":5,""physical_error_rate"":0.0005}","{""detection_events"":55934,""detectors_checked"":30736384}"
    206848,         0,         0,    2.17,standalone_exact_mw,e5b1593c0e383368e36e36cad39a29f258d2f8e653c88d1b733626fe43257e38,"{""distance"":5,""physical_error_rate"":0.0005}","{""detection_events"":84358,""detectors_checked"":46333952}"
    136192,         0,         0,    2.18,standalone_exact_mw,e5b1593c0e383368e36e36cad39a29f258d2f8e653c88d1b733626fe43257e38,"{""distance"":5,""physical_error_rate"":0.0005}","{""detection_events"":55275,""detectors_checked"":30507008}"
    134144,         0,         0,    2.19,standalone_exact_mw,e5b1593c0e383368e36e36cad39a29f258d2f8e653c88d1b733626fe43257e38,"{""distance"":5,""physical_error_rate"":0.0005}","{""detection_events"":54334,""detectors_checked"":30048256}"
    133120,         0,         0,    2.19,standalone_exact_mw,e5b1593c0e383368e36e36cad39a29f258d2f8e653c88d1b733626fe43257e38,"{""distance"":5,""physical_error_rate"":0.0005}","{""detection_events"":53852,""detectors_checked"":29818880}"
    202752,         0,         0,    2.19,standalone_exact_mw,e5b1593c0e383368e36e36cad39a29f258d2f8e653c88d1b733626fe43257e38,"{""distance"":5,""physical_error_rate"":0.0005}","{""detection_events"":82304,""detectors_checked"":45416448}"
    146432,         0,         0,    2.20,standalone_exact_mw,e5b1593c0e383368e36e36cad39a29f258d2f8e653c88d1b733626fe43257e38,"{""distance"":5,""physical_error_rate"":0.0005}","{""detection_events"":59594,""detectors_checked"":32800768}"
    136192,         0,         0,    2.19,standalone_exact_mw,e5b1593c0e383368e36e36cad39a29f258d2f8e653c88d1b733626fe43257e38,"{""distance"":5,""physical_error_rate"":0.0005}","{""detection_events"":55299,""detectors_checked"":30507008}"
    157696,         0,         0,    2.17,standalone_exact_mw,e5b1593c0e383368e36e36cad39a29f258d2f8e653c88d1b733626fe43257e38,"{""distance"":5,""physical_error_rate"":0.0005}","{""detection_events"":63779,""detectors_checked"":35323904}"
    130048,         0,         0,    2.19,standalone_exact_mw,e5b1593c0e383368e36e36cad39a29f258d2f8e653c88d1b733626fe43257e38,"{""distance"":5,""physical_error_rate"":0.0005}","{""detection_events"":52245,""detectors_checked"":29130752}"
    140288,         0,         0,    2.18,standalone_exact_mw,e5b1593c0e383368e36e36cad39a29f258d2f8e653c88d1b733626fe43257e38,"{""distance"":5,""physical_error_rate"":0.0005}","{""detection_events"":57611,""detectors_checked"":31424512}"
    134144,         0,         0,    2.15,standalone_exact_mw,e5b1593c0e383368e36e36cad39a29f258d2f8e653c88d1b733626fe43257e38,"{""distance"":5,""physical_error_rate"":0.0005}","{""detection_events"":54026,""detectors_checked"":30048256}"
    137216,         0,         0,    2.17,standalone_exact_mw,e5b1593c0e383368e36e36cad39a29f258d2f8e653c88d1b733626fe43257e38,"{""distance"":5,""physical_error_rate"":0.0005}","{""detection_events"":56058,""detectors_checked"":30736384}"
    409600,         0,         0,    5.95,standalone_exact_mw,e5b1593c0e383368e36e36cad39a29f258d2f8e653c88d1b733626fe43257e38,"{""distance"":5,""physical_error_rate"":0.0005}","{""detection_events"":166523,""detectors_checked"":91750400}"
    521216,         0,         0,    5.97,standalone_exact_mw,e5b1593c0e383368e36e36cad39a29f258d2f8e653c88d1b733626fe43257e38,"{""distance"":5,""physical_error_rate"":0.0005}","{""detection_events"":211842,""detectors_checked"":116752384}"
    252928,         0,         0,    3.04,standalone_exact_mw,e5b1593c0e383368e36e36cad39a29f258d2f8e653c88d1b733626fe43257e38,"{""distance"":5,""physical_error_rate"":0.0005}","{""detection_events"":102782,""detectors_checked"":56655872}"
    190464,         0,         0,    3.04,standalone_exact_mw,e5b1593c0e383368e36e36cad39a29f258d2f8e653c88d1b733626fe43257e38,"{""distance"":5,""physical_error_rate"":0.0005}","{""detection_events"":77413,""detectors_checked"":42663936}"
    375808,         0,         0,    5.96,standalone_exact_mw,e5b1593c0e383368e36e36cad39a29f258d2f8e653c88d1b733626fe43257e38,"{""distance"":5,""physical_error_rate"":0.0005}","{""detection_events"":153697,""detectors_checked"":84180992}"
    364544,         1,         0,    5.96,standalone_exact_mw,e5b1593c0e383368e36e36cad39a29f258d2f8e653c88d1b733626fe43257e38,"{""distance"":5,""physical_error_rate"":0.0005}","{""detection_events"":148504,""detectors_checked"":81657856,""obs_mistake_mask=E"":1}"
    210944,         0,         0,    3.03,standalone_exact_mw,e5b1593c0e383368e36e36cad39a29f258d2f8e653c88d1b733626fe43257e38,"{""distance"":5,""physical_error_rate"":0.0005}","{""detection_events"":85487,""detectors_checked"":47251456}"
    375808,         0,         0,    5.97,standalone_exact_mw,e5b1593c0e383368e36e36cad39a29f258d2f8e653c88d1b733626fe43257e38,"{""distance"":5,""physical_error_rate"":0.0005}","{""detection_events"":154251,""detectors_checked"":84180992}"
    191488,         0,         0,    3.05,standalone_exact_mw,e5b1593c0e383368e36e36cad39a29f258d2f8e653c88d1b733626fe43257e38,"{""distance"":5,""physical_error_rate"":0.0005}","{""detection_events"":77237,""detectors_checked"":42893312}"
    322560,         0,         0,    3.04,standalone_exact_mw,e5b1593c0e383368e36e36cad39a29f258d2f8e653c88d1b733626fe43257e38,"{""distance"":5,""physical_error_rate"":0.0005}","{""detection_events"":130935,""detectors_checked"":72253440}"
    190464,         0,         0,    3.05,standalone_exact_mw,e5b1593c0e383368e36e36cad39a29f258d2f8e653c88d1b733626fe43257e38,"{""distance"":5,""physical_error_rate"":0.0005}","{""detection_events"":77249,""detectors_checked"":42663936}"
    196608,         0,         0,    3.06,standalone_exact_mw,e5b1593c0e383368e36e36cad39a29f258d2f8e653c88d1b733626fe43257e38,"{""distance"":5,""physical_error_rate"":0.0005}","{""detection_events"":79553,""detectors_checked"":44040192}"
    191488,         0,         0,    3.03,standalone_exact_mw,e5b1593c0e383368e36e36cad39a29f258d2f8e653c88d1b733626fe43257e38,"{""distance"":5,""physical_error_rate"":0.0005}","{""detection_events"":77492,""detectors_checked"":42893312}"
    353280,         0,         0,    3.04,standalone_exact_mw,e5b1593c0e383368e36e36cad39a29f258d2f8e653c88d1b733626fe43257e38,"{""distance"":5,""physical_error_rate"":0.0005}","{""detection_events"":141990,""detectors_checked"":79134720}"
    196608,         0,         0,    3.05,standalone_exact_mw,e5b1593c0e383368e36e36cad39a29f258d2f8e653c88d1b733626fe43257e38,"{""distance"":5,""physical_error_rate"":0.0005}","{""detection_events"":78219,""detectors_checked"":44040192}"
    187392,         0,         0,    3.03,standalone_exact_mw,e5b1593c0e383368e36e36cad39a29f258d2f8e653c88d1b733626fe43257e38,"{""distance"":5,""physical_error_rate"":0.0005}","{""detection_events"":76208,""detectors_checked"":41975808}"
    189440,         0,         0,    3.03,standalone_exact_mw,e5b1593c0e383368e36e36cad39a29f258d2f8e653c88d1b733626fe43257e38,"{""distance"":5,""physical_error_rate"":0.0005}","{""detection_events"":76477,""detectors_checked"":42434560}"
    186368,         0,         0,    3.05,standalone_exact_mw,e5b1593c0e383368e36e36cad39a29f258d2f8e653c88d1b733626fe43257e38,"{""distance"":5,""physical_error_rate"":0.0005}","{""detection_events"":76223,""detectors_checked"":41746432}"
    192512,         0,         0,    3.05,standalone_exact_mw,e5b1593c0e383368e36e36cad39a29f258d2f8e653c88d1b733626fe43257e38,"{""distance"":5,""physical_error_rate"":0.0005}","{""detection_events"":78545,""detectors_checked"":43122688}"
    198656,         0,         0,    3.04,standalone_exact_mw,e5b1593c0e383368e36e36cad39a29f258d2f8e653c88d1b733626fe43257e38,"{""distance"":5,""physical_error_rate"":0.0005}","{""detection_events"":81122,""detectors_checked"":44498944}"
    180224,         0,         0,    3.04,standalone_exact_mw,e5b1593c0e383368e36e36cad39a29f258d2f8e653c88d1b733626fe43257e38,"{""distance"":5,""physical_error_rate"":0.0005}","{""detection_events"":74398,""detectors_checked"":40370176}"
   1559552,         1,         0,    16.3,standalone_exact_mw,e5b1593c0e383368e36e36cad39a29f258d2f8e653c88d1b733626fe43257e38,"{""distance"":5,""physical_error_rate"":0.0005}","{""detection_events"":633037,""detectors_checked"":349339648,""obs_mistake_mask=E"":1}"
   1722368,         0,         0,    16.3,standalone_exact_mw,e5b1593c0e383368e36e36cad39a29f258d2f8e653c88d1b733626fe43257e38,"{""distance"":5,""physical_error_rate"":0.0005}","{""detection_events"":698037,""detectors_checked"":385810432}"
    820224,         0,         0,    16.3,standalone_exact_mw,e5b1593c0e383368e36e36cad39a29f258d2f8e653c88d1b733626fe43257e38,"{""distance"":5,""physical_error_rate"":0.0005}","{""detection_events"":333394,""detectors_checked"":183730176}"
    472064,         0,         0,    4.24,standalone_exact_mw,e5b1593c0e383368e36e36cad39a29f258d2f8e653c88d1b733626fe43257e38,"{""distance"":5,""physical_error_rate"":0.0005}","{""detection_events"":190177,""detectors_checked"":105742336}"
    282624,         0,         0,    4.27,standalone_exact_mw,e5b1593c0e383368e36e36cad39a29f258d2f8e653c88d1b733626fe43257e38,"{""distance"":5,""physical_error_rate"":0.0005}","{""detection_events"":113721,""detectors_checked"":63307776}"
    277504,         0,         0,    4.24,standalone_exact_mw,e5b1593c0e383368e36e36cad39a29f258d2f8e653c88d1b733626fe43257e38,"{""distance"":5,""physical_error_rate"":0.0005}","{""detection_events"":112729,""detectors_checked"":62160896}"
    270336,         0,         0,    4.28,standalone_exact_mw,e5b1593c0e383368e36e36cad39a29f258d2f8e653c88d1b733626fe43257e38,"{""distance"":5,""physical_error_rate"":0.0005}","{""detection_events"":109736,""detectors_checked"":60555264}"
    475136,         0,         0,    4.26,standalone_exact_mw,e5b1593c0e383368e36e36cad39a29f258d2f8e653c88d1b733626fe43257e38,"{""distance"":5,""physical_error_rate"":0.0005}","{""detection_events"":193737,""detectors_checked"":106430464}"
    266240,         0,         0,    4.26,standalone_exact_mw,e5b1593c0e383368e36e36cad39a29f258d2f8e653c88d1b733626fe43257e38,"{""distance"":5,""physical_error_rate"":0.0005}","{""detection_events"":108187,""detectors_checked"":59637760}"
    270336,         0,         0,    4.26,standalone_exact_mw,e5b1593c0e383368e36e36cad39a29f258d2f8e653c88d1b733626fe43257e38,"{""distance"":5,""physical_error_rate"":0.0005}","{""detection_events"":110878,""detectors_checked"":60555264}"
    261120,         0,         0,    4.27,standalone_exact_mw,e5b1593c0e383368e36e36cad39a29f258d2f8e653c88d1b733626fe43257e38,"{""distance"":5,""physical_error_rate"":0.0005}","{""detection_events"":106483,""detectors_checked"":58490880}"
    483328,         0,         0,    4.26,standalone_exact_mw,e5b1593c0e383368e36e36cad39a29f258d2f8e653c88d1b733626fe43257e38,"{""distance"":5,""physical_error_rate"":0.0005}","{""detection_events"":197150,""detectors_checked"":108265472}"
    305152,         1,         0,    4.25,standalone_exact_mw,e5b1593c0e383368e36e36cad39a29f258d2f8e653c88d1b733626fe43257e38,"{""distance"":5,""physical_error_rate"":0.0005}","{""detection_events"":123918,""detectors_checked"":68354048,""obs_mistake_mask=E"":1}"
    267264,         0,         0,    4.27,standalone_exact_mw,e5b1593c0e383368e36e36cad39a29f258d2f8e653c88d1b733626fe43257e38,"{""distance"":5,""physical_error_rate"":0.0005}","{""detection_events"":108193,""detectors_checked"":59867136}"
    267264,         0,         0,    4.26,standalone_exact_mw,e5b1593c0e383368e36e36cad39a29f258d2f8e653c88d1b733626fe43257e38,"{""distance"":5,""physical_error_rate"":0.0005}","{""detection_events"":109864,""detectors_checked"":59867136}"
    269312,         1,         0,    4.24,standalone_exact_mw,e5b1593c0e383368e36e36cad39a29f258d2f8e653c88d1b733626fe43257e38,"{""distance"":5,""physical_error_rate"":0.0005}","{""detection_events"":109658,""detectors_checked"":60325888,""obs_mistake_mask=E"":1}"
    270336,         0,         0,    4.27,standalone_exact_mw,e5b1593c0e383368e36e36cad39a29f258d2f8e653c88d1b733626fe43257e38,"{""distance"":5,""physical_error_rate"":0.0005}","{""detection_events"":109574,""detectors_checked"":60555264}"
    185344,         0,         0,    4.23,standalone_exact_mw,e5b1593c0e383368e36e36cad39a29f258d2f8e653c88d1b733626fe43257e38,"{""distance"":5,""physical_error_rate"":0.0005}","{""detection_events"":75309,""detectors_checked"":41517056}"
    266240,         0,         0,    4.25,standalone_exact_mw,e5b1593c0e383368e36e36cad39a29f258d2f8e653c88d1b733626fe43257e38,"{""distance"":5,""physical_error_rate"":0.0005}","{""detection_events"":108261,""detectors_checked"":59637760}"
    879616,         0,         0,    8.35,standalone_exact_mw,e5b1593c0e383368e36e36cad39a29f258d2f8e653c88d1b733626fe43257e38,"{""distance"":5,""physical_error_rate"":0.0005}","{""detection_events"":356542,""detectors_checked"":197033984}"
    689152,         0,         0,    8.36,standalone_exact_mw,e5b1593c0e383368e36e36cad39a29f258d2f8e653c88d1b733626fe43257e38,"{""distance"":5,""physical_error_rate"":0.0005}","{""detection_events"":279917,""detectors_checked"":154370048}"
    534528,         0,         0,    8.33,standalone_exact_mw,e5b1593c0e383368e36e36cad39a29f258d2f8e653c88d1b733626fe43257e38,"{""distance"":5,""physical_error_rate"":0.0005}","{""detection_events"":217141,""detectors_checked"":119734272}"
    515072,         0,         0,    8.37,standalone_exact_mw,e5b1593c0e383368e36e36cad39a29f258d2f8e653c88d1b733626fe43257e38,"{""distance"":5,""physical_error_rate"":0.0005}","{""detection_events"":207884,""detectors_checked"":115376128}"
    529408,         0,         0,    8.35,standalone_exact_mw,e5b1593c0e383368e36e36cad39a29f258d2f8e653c88d1b733626fe43257e38,"{""distance"":5,""physical_error_rate"":0.0005}","{""detection_events"":215542,""detectors_checked"":118587392}"
    586752,         0,         0,    5.95,standalone_exact_mw,e5b1593c0e383368e36e36cad39a29f258d2f8e653c88d1b733626fe43257e38,"{""distance"":5,""physical_error_rate"":0.0005}","{""detection_events"":237006,""detectors_checked"":131432448}"
    623616,         0,         0,    5.95,standalone_exact_mw,e5b1593c0e383368e36e36cad39a29f258d2f8e653c88d1b733626fe43257e38,"{""distance"":5,""physical_error_rate"":0.0005}","{""detection_events"":253007,""detectors_checked"":139689984}"
    549888,         0,         0,    5.95,standalone_exact_mw,e5b1593c0e383368e36e36cad39a29f258d2f8e653c88d1b733626fe43257e38,"{""distance"":5,""physical_error_rate"":0.0005}","{""detection_events"":224346,""detectors_checked"":123174912}"
    445440,         1,         0,    5.95,standalone_exact_mw,e5b1593c0e383368e36e36cad39a29f258d2f8e653c88d1b733626fe43257e38,"{""distance"":5,""physical_error_rate"":0.0005}","{""detection_events"":181935,""detectors_checked"":99778560,""obs_mistake_mask=E"":1}"
    549888,         0,         0,    5.96,standalone_exact_mw,e5b1593c0e383368e36e36cad39a29f258d2f8e653c88d1b733626fe43257e38,"{""distance"":5,""physical_error_rate"":0.0005}","{""detection_events"":221916,""detectors_checked"":123174912}"
    373760,         0,         0,    5.96,standalone_exact_mw,e5b1593c0e383368e36e36cad39a29f258d2f8e653c88d1b733626fe43257e38,"{""distance"":5,""physical_error_rate"":0.0005}","{""detection_events"":152443,""detectors_checked"":83722240}"
    415744,         0,         0,    5.96,standalone_exact_mw,e5b1593c0e383368e36e36cad39a29f258d2f8e653c88d1b733626fe43257e38,"{""distance"":5,""physical_error_rate"":0.0005}","{""detection_events"":168663,""detectors_checked"":93126656}"
    548864,         1,         0,    5.95,standalone_exact_mw,e5b1593c0e383368e36e36cad39a29f258d2f8e653c88d1b733626fe43257e38,"{""distance"":5,""physical_error_rate"":0.0005}","{""detection_events"":222240,""detectors_checked"":122945536,""obs_mistake_mask=E"":1}"
    376832,         0,         0,    5.96,standalone_exact_mw,e5b1593c0e383368e36e36cad39a29f258d2f8e653c88d1b733626fe43257e38,"{""distance"":5,""physical_error_rate"":0.0005}","{""detection_events"":152086,""detectors_checked"":84410368}"
    318464,         0,         0,    5.96,standalone_exact_mw,e5b1593c0e383368e36e36cad39a29f258d2f8e653c88d1b733626fe43257e38,"{""distance"":5,""physical_error_rate"":0.0005}","{""detection_events"":129888,""detectors_checked"":71335936}"
    362496,         0,         0,    5.95,standalone_exact_mw,e5b1593c0e383368e36e36cad39a29f258d2f8e653c88d1b733626fe43257e38,"{""distance"":5,""physical_error_rate"":0.0005}","{""detection_events"":146993,""detectors_checked"":81199104}"
    409600,         0,         0,    5.97,standalone_exact_mw,e5b1593c0e383368e36e36cad39a29f258d2f8e653c88d1b733626fe43257e38,"{""distance"":5,""physical_error_rate"":0.0005}","{""detection_events"":167201,""detectors_checked"":91750400}"
    365568,         0,         0,    5.97,standalone_exact_mw,e5b1593c0e383368e36e36cad39a29f258d2f8e653c88d1b733626fe43257e38,"{""distance"":5,""physical_error_rate"":0.0005}","{""detection_events"":148389,""detectors_checked"":81887232}"
    242688,         0,         0,    5.96,standalone_exact_mw,e5b1593c0e383368e36e36cad39a29f258d2f8e653c88d1b733626fe43257e38,"{""distance"":5,""physical_error_rate"":0.0005}","{""detection_events"":98009,""detectors_checked"":54362112}"
    240640,         0,         0,    5.91,standalone_exact_mw,e5b1593c0e383368e36e36cad39a29f258d2f8e653c88d1b733626fe43257e38,"{""distance"":5,""physical_error_rate"":0.0005}","{""detection_events"":98040,""detectors_checked"":53903360}"
    370688,         0,         0,    5.94,standalone_exact_mw,e5b1593c0e383368e36e36cad39a29f258d2f8e653c88d1b733626fe43257e38,"{""distance"":5,""physical_error_rate"":0.0005}","{""detection_events"":152272,""detectors_checked"":83034112}"
   4549896,         0,         0,    78.0,standalone_exact_mw,e5b1593c0e383368e36e36cad39a29f258d2f8e653c88d1b733626fe43257e38,"{""distance"":5,""physical_error_rate"":0.0005}","{""detection_events"":1848223,""detectors_checked"":1019176704}"
   4791296,         1,         0,   103.5,standalone_exact_mw,e5b1593c0e383368e36e36cad39a29f258d2f8e653c88d1b733626fe43257e38,"{""distance"":5,""physical_error_rate"":0.0005}","{""detection_events"":1945654,""detectors_checked"":1073250304,""obs_mistake_mask=E"":1}"
    900096,         1,         0,    8.34,standalone_exact_mw,e5b1593c0e383368e36e36cad39a29f258d2f8e653c88d1b733626fe43257e38,"{""distance"":5,""physical_error_rate"":0.0005}","{""detection_events"":364461,""detectors_checked"":201621504,""obs_mistake_mask=E"":1}"
    962560,         0,         0,    8.34,standalone_exact_mw,e5b1593c0e383368e36e36cad39a29f258d2f8e653c88d1b733626fe43257e38,"{""distance"":5,""physical_error_rate"":0.0005}","{""detection_events"":390621,""detectors_checked"":215613440}"
    880640,         0,         0,    8.35,standalone_exact_mw,e5b1593c0e383368e36e36cad39a29f258d2f8e653c88d1b733626fe43257e38,"{""distance"":5,""physical_error_rate"":0.0005}","{""detection_events"":357103,""detectors_checked"":197263360}"
    562176,         0,         0,    8.35,standalone_exact_mw,e5b1593c0e383368e36e36cad39a29f258d2f8e653c88d1b733626fe43257e38,"{""distance"":5,""physical_error_rate"":0.0005}","{""detection_events"":228599,""detectors_checked"":125927424}"
    730112,         0,         0,    8.33,standalone_exact_mw,e5b1593c0e383368e36e36cad39a29f258d2f8e653c88d1b733626fe43257e38,"{""distance"":5,""physical_error_rate"":0.0005}","{""detection_events"":296459,""detectors_checked"":163545088}"
    526336,         0,         0,    8.33,standalone_exact_mw,e5b1593c0e383368e36e36cad39a29f258d2f8e653c88d1b733626fe43257e38,"{""distance"":5,""physical_error_rate"":0.0005}","{""detection_events"":213584,""detectors_checked"":117899264}"
    537600,         0,         0,    8.31,standalone_exact_mw,e5b1593c0e383368e36e36cad39a29f258d2f8e653c88d1b733626fe43257e38,"{""distance"":5,""physical_error_rate"":0.0005}","{""detection_events"":218265,""detectors_checked"":120422400}"
    675840,         0,         0,    8.34,standalone_exact_mw,e5b1593c0e383368e36e36cad39a29f258d2f8e653c88d1b733626fe43257e38,"{""distance"":5,""physical_error_rate"":0.0005}","{""detection_events"":275401,""detectors_checked"":151388160}"
    523264,         0,         0,    8.35,standalone_exact_mw,e5b1593c0e383368e36e36cad39a29f258d2f8e653c88d1b733626fe43257e38,"{""distance"":5,""physical_error_rate"":0.0005}","{""detection_events"":211273,""detectors_checked"":117211136}"
    530432,         0,         0,    8.33,standalone_exact_mw,e5b1593c0e383368e36e36cad39a29f258d2f8e653c88d1b733626fe43257e38,"{""distance"":5,""physical_error_rate"":0.0005}","{""detection_events"":216226,""detectors_checked"":118816768}"
    387072,         0,         0,    8.33,standalone_exact_mw,e5b1593c0e383368e36e36cad39a29f258d2f8e653c88d1b733626fe43257e38,"{""distance"":5,""physical_error_rate"":0.0005}","{""detection_events"":156957,""detectors_checked"":86704128}"
    539648,         0,         0,    8.34,standalone_exact_mw,e5b1593c0e383368e36e36cad39a29f258d2f8e653c88d1b733626fe43257e38,"{""distance"":5,""physical_error_rate"":0.0005}","{""detection_events"":219692,""detectors_checked"":120881152}"
    530432,         0,         0,    8.35,standalone_exact_mw,e5b1593c0e383368e36e36cad39a29f258d2f8e653c88d1b733626fe43257e38,"{""distance"":5,""physical_error_rate"":0.0005}","{""detection_events"":213515,""detectors_checked"":118816768}"
   2942295,         0,         0,    30.2,standalone_exact_mw,e5b1593c0e383368e36e36cad39a29f258d2f8e653c88d1b733626fe43257e38,"{""distance"":5,""physical_error_rate"":0.0005}","{""detection_events"":1194346,""detectors_checked"":659074080}"
   2795520,         0,         0,    30.1,standalone_exact_mw,e5b1593c0e383368e36e36cad39a29f258d2f8e653c88d1b733626fe43257e38,"{""distance"":5,""physical_error_rate"":0.0005}","{""detection_events"":1135677,""detectors_checked"":626196480}"
   2454528,         0,         0,    45.4,standalone_exact_mw,e5b1593c0e383368e36e36cad39a29f258d2f8e653c88d1b733626fe43257e38,"{""distance"":5,""physical_error_rate"":0.0005}","{""detection_events"":994162,""detectors_checked"":549814272}"
   2678784,         0,         0,    30.8,standalone_exact_mw,e5b1593c0e383368e36e36cad39a29f258d2f8e653c88d1b733626fe43257e38,"{""distance"":5,""physical_error_rate"":0.0005}","{""detection_events"":1088148,""detectors_checked"":600047616}"
    365568,         0,         0,    8.30,standalone_exact_mw,e5b1593c0e383368e36e36cad39a29f258d2f8e653c88d1b733626fe43257e38,"{""distance"":5,""physical_error_rate"":0.0005}","{""detection_events"":148319,""detectors_checked"":81887232}"
    359424,         0,         0,    8.30,standalone_exact_mw,e5b1593c0e383368e36e36cad39a29f258d2f8e653c88d1b733626fe43257e38,"{""distance"":5,""physical_error_rate"":0.0005}","{""detection_events"":146427,""detectors_checked"":80510976}"
    529408,         0,         0,    8.36,standalone_exact_mw,e5b1593c0e383368e36e36cad39a29f258d2f8e653c88d1b733626fe43257e38,"{""distance"":5,""physical_error_rate"":0.0005}","{""detection_events"":213386,""detectors_checked"":118587392}"
   1044480,         0,         0,    11.7,standalone_exact_mw,e5b1593c0e383368e36e36cad39a29f258d2f8e653c88d1b733626fe43257e38,"{""distance"":5,""physical_error_rate"":0.0005}","{""detection_events"":423754,""detectors_checked"":233963520}"
   1283072,         0,         0,    11.7,standalone_exact_mw,e5b1593c0e383368e36e36cad39a29f258d2f8e653c88d1b733626fe43257e38,"{""distance"":5,""physical_error_rate"":0.0005}","{""detection_events"":521246,""detectors_checked"":287408128}"
    743424,         0,         0,    11.7,standalone_exact_mw,e5b1593c0e383368e36e36cad39a29f258d2f8e653c88d1b733626fe43257e38,"{""distance"":5,""physical_error_rate"":0.0005}","{""detection_events"":302139,""detectors_checked"":166526976}"
    734208,         0,         0,    11.6,standalone_exact_mw,e5b1593c0e383368e36e36cad39a29f258d2f8e653c88d1b733626fe43257e38,"{""distance"":5,""physical_error_rate"":0.0005}","{""detection_events"":297960,""detectors_checked"":164462592}"
    736256,         0,         0,    11.7,standalone_exact_mw,e5b1593c0e383368e36e36cad39a29f258d2f8e653c88d1b733626fe43257e38,"{""distance"":5,""physical_error_rate"":0.0005}","{""detection_events"":298996,""detectors_checked"":164921344}"
   1686528,         0,         0,    22.9,standalone_exact_mw,e5b1593c0e383368e36e36cad39a29f258d2f8e653c88d1b733626fe43257e38,"{""distance"":5,""physical_error_rate"":0.0005}","{""detection_events"":687318,""detectors_checked"":377782272}"
   2427904,         0,         0,    22.9,standalone_exact_mw,e5b1593c0e383368e36e36cad39a29f258d2f8e653c88d1b733626fe43257e38,"{""distance"":5,""physical_error_rate"":0.0005}","{""detection_events"":983984,""detectors_checked"":543850496}"
   1063936,         0,         0,    22.9,standalone_exact_mw,e5b1593c0e383368e36e36cad39a29f258d2f8e653c88d1b733626fe43257e38,"{""distance"":5,""physical_error_rate"":0.0005}","{""detection_events"":431368,""detectors_checked"":238321664}"
     13773,         0,         0,   0.173,standalone_exact_mw,e5b1593c0e383368e36e36cad39a29f258d2f8e653c88d1b733626fe43257e38,"{""distance"":5,""physical_error_rate"":0.0005}","{""detection_events"":5742,""detectors_checked"":3085152}"
   2347008,         0,         0,    38.1,standalone_exact_mw,e5b1593c0e383368e36e36cad39a29f258d2f8e653c88d1b733626fe43257e38,"{""distance"":5,""physical_error_rate"":0.0005}","{""detection_events"":951174,""detectors_checked"":525729792}"
   2401280,         0,         0,    38.0,standalone_exact_mw,e5b1593c0e383368e36e36cad39a29f258d2f8e653c88d1b733626fe43257e38,"{""distance"":5,""physical_error_rate"":0.0005}","{""detection_events"":975669,""detectors_checked"":537886720}"
   1221632,         1,         0,    11.7,standalone_exact_mw,e5b1593c0e383368e36e36cad39a29f258d2f8e653c88d1b733626fe43257e38,"{""distance"":5,""physical_error_rate"":0.0005}","{""detection_events"":495527,""detectors_checked"":273645568,""obs_mistake_mask=E"":1}"
   1117184,         1,         0,    11.7,standalone_exact_mw,e5b1593c0e383368e36e36cad39a29f258d2f8e653c88d1b733626fe43257e38,"{""distance"":5,""physical_error_rate"":0.0005}","{""detection_events"":452157,""detectors_checked"":250249216,""obs_mistake_mask=E"":1}"
    973824,         1,         0,    11.7,standalone_exact_mw,e5b1593c0e383368e36e36cad39a29f258d2f8e653c88d1b733626fe43257e38,"{""distance"":5,""physical_error_rate"":0.0005}","{""detection_events"":397819,""detectors_checked"":218136576,""obs_mistake_mask=E"":1}"
    986112,         0,         0,    11.7,standalone_exact_mw,e5b1593c0e383368e36e36cad39a29f258d2f8e653c88d1b733626fe43257e38,"{""distance"":5,""physical_error_rate"":0.0005}","{""detection_events"":400655,""detectors_checked"":220889088}"
    792576,         0,         0,    11.7,standalone_exact_mw,e5b1593c0e383368e36e36cad39a29f258d2f8e653c88d1b733626fe43257e38,"{""distance"":5,""physical_error_rate"":0.0005}","{""detection_events"":320582,""detectors_checked"":177537024}"
    998400,         0,         0,    11.7,standalone_exact_mw,e5b1593c0e383368e36e36cad39a29f258d2f8e653c88d1b733626fe43257e38,"{""distance"":5,""physical_error_rate"":0.0005}","{""detection_events"":406223,""detectors_checked"":223641600}"
    901120,         0,         0,    11.6,standalone_exact_mw,e5b1593c0e383368e36e36cad39a29f258d2f8e653c88d1b733626fe43257e38,"{""distance"":5,""physical_error_rate"":0.0005}","{""detection_events"":365455,""detectors_checked"":201850880}"
    774144,         0,         0,    11.7,standalone_exact_mw,e5b1593c0e383368e36e36cad39a29f258d2f8e653c88d1b733626fe43257e38,"{""distance"":5,""physical_error_rate"":0.0005}","{""detection_events"":316576,""detectors_checked"":173408256}"
    735232,         0,         0,    11.6,standalone_exact_mw,e5b1593c0e383368e36e36cad39a29f258d2f8e653c88d1b733626fe43257e38,"{""distance"":5,""physical_error_rate"":0.0005}","{""detection_events"":299350,""detectors_checked"":164691968}"
    802816,         0,         0,    11.7,standalone_exact_mw,e5b1593c0e383368e36e36cad39a29f258d2f8e653c88d1b733626fe43257e38,"{""distance"":5,""physical_error_rate"":0.0005}","{""detection_events"":325011,""detectors_checked"":179830784}"
    726016,         0,         0,    11.7,standalone_exact_mw,e5b1593c0e383368e36e36cad39a29f258d2f8e653c88d1b733626fe43257e38,"{""distance"":5,""physical_error_rate"":0.0005}","{""detection_events"":295481,""detectors_checked"":162627584}"
    607232,         0,         0,    11.7,standalone_exact_mw,e5b1593c0e383368e36e36cad39a29f258d2f8e653c88d1b733626fe43257e38,"{""distance"":5,""physical_error_rate"":0.0005}","{""detection_events"":245887,""detectors_checked"":136019968}"
    698368,         0,         0,    11.7,standalone_exact_mw,e5b1593c0e383368e36e36cad39a29f258d2f8e653c88d1b733626fe43257e38,"{""distance"":5,""physical_error_rate"":0.0005}","{""detection_events"":282677,""detectors_checked"":156434432}"
    508928,         0,         0,    11.6,standalone_exact_mw,e5b1593c0e383368e36e36cad39a29f258d2f8e653c88d1b733626fe43257e38,"{""distance"":5,""physical_error_rate"":0.0005}","{""detection_events"":205492,""detectors_checked"":113999872}"
    483328,         0,         0,    11.7,standalone_exact_mw,e5b1593c0e383368e36e36cad39a29f258d2f8e653c88d1b733626fe43257e38,"{""distance"":5,""physical_error_rate"":0.0005}","{""detection_events"":195704,""detectors_checked"":108265472}"
    719872,         0,         0,    11.6,standalone_exact_mw,e5b1593c0e383368e36e36cad39a29f258d2f8e653c88d1b733626fe43257e38,"{""distance"":5,""physical_error_rate"":0.0005}","{""detection_events"":292576,""detectors_checked"":161251328}"
   1397197,         2,         0,    12.3,standalone_exact_mw,e5b1593c0e383368e36e36cad39a29f258d2f8e653c88d1b733626fe43257e38,"{""distance"":5,""physical_error_rate"":0.0005}","{""detection_events"":565695,""detectors_checked"":312972128,""obs_mistake_mask=E"":2}"
   1469440,         0,         0,    13.1,standalone_exact_mw,e5b1593c0e383368e36e36cad39a29f258d2f8e653c88d1b733626fe43257e38,"{""distance"":5,""physical_error_rate"":0.0005}","{""detection_events"":596430,""detectors_checked"":329154560}"
   1316864,         0,         0,    12.3,standalone_exact_mw,e5b1593c0e383368e36e36cad39a29f258d2f8e653c88d1b733626fe43257e38,"{""distance"":5,""physical_error_rate"":0.0005}","{""detection_events"":534575,""detectors_checked"":294977536}"
   1336320,         0,         0,    13.1,standalone_exact_mw,e5b1593c0e383368e36e36cad39a29f258d2f8e653c88d1b733626fe43257e38,"{""distance"":5,""physical_error_rate"":0.0005}","{""detection_events"":541491,""detectors_checked"":299335680}"
   1250768,         0,         0,    16.8,standalone_exact_mw,e5b1593c0e383368e36e36cad39a29f258d2f8e653c88d1b733626fe43257e38,"{""distance"":5,""physical_error_rate"":0.0005}","{""detection_events"":511160,""detectors_checked"":280172032}"
   1165312,         1,         0,    19.2,standalone_exact_mw,e5b1593c0e383368e36e36cad39a29f258d2f8e653c88d1b733626fe43257e38,"{""distance"":5,""physical_error_rate"":0.0005}","{""detection_events"":472713,""detectors_checked"":261029888,""obs_mistake_mask=E"":1}"
   1050624,         0,         0,    16.3,standalone_exact_mw,e5b1593c0e383368e36e36cad39a29f258d2f8e653c88d1b733626fe43257e38,"{""distance"":5,""physical_error_rate"":0.0005}","{""detection_events"":426621,""detectors_checked"":235339776}"
   1020928,         0,         0,    16.3,standalone_exact_mw,e5b1593c0e383368e36e36cad39a29f258d2f8e653c88d1b733626fe43257e38,"{""distance"":5,""physical_error_rate"":0.0005}","{""detection_events"":413660,""detectors_checked"":228687872}"
   1005568,         1,         0,    16.2,standalone_exact_mw,e5b1593c0e383368e36e36cad39a29f258d2f8e653c88d1b733626fe43257e38,"{""distance"":5,""physical_error_rate"":0.0005}","{""detection_events"":409803,""detectors_checked"":225247232,""obs_mistake_mask=E"":1}"
     32225,         0,         0,   0.511,standalone_exact_mw,e5b1593c0e383368e36e36cad39a29f258d2f8e653c88d1b733626fe43257e38,"{""distance"":5,""physical_error_rate"":0.0005}","{""detection_events"":13063,""detectors_checked"":7218400}"
   1003520,         0,         0,    20.1,standalone_exact_mw,e5b1593c0e383368e36e36cad39a29f258d2f8e653c88d1b733626fe43257e38,"{""distance"":5,""physical_error_rate"":0.0005}","{""detection_events"":407833,""detectors_checked"":224788480}"
   1078272,         0,         0,    9.88,standalone_exact_mw,e5b1593c0e383368e36e36cad39a29f258d2f8e653c88d1b733626fe43257e38,"{""distance"":5,""physical_error_rate"":0.0005}","{""detection_events"":437659,""detectors_checked"":241532928}"
    949266,         0,         0,    10.6,standalone_exact_mw,e5b1593c0e383368e36e36cad39a29f258d2f8e653c88d1b733626fe43257e38,"{""distance"":5,""physical_error_rate"":0.0005}","{""detection_events"":384440,""detectors_checked"":212635584}"
    854546,         0,         0,    18.1,standalone_exact_mw,e5b1593c0e383368e36e36cad39a29f258d2f8e653c88d1b733626fe43257e38,"{""distance"":5,""physical_error_rate"":0.0005}","{""detection_events"":345728,""detectors_checked"":191418304}"
    827841,         0,         0,    8.73,standalone_exact_mw,e5b1593c0e383368e36e36cad39a29f258d2f8e653c88d1b733626fe43257e38,"{""distance"":5,""physical_error_rate"":0.0005}","{""detection_events"":335750,""detectors_checked"":185436384}"
    801971,         0,         0,    12.6,standalone_exact_mw,e5b1593c0e383368e36e36cad39a29f258d2f8e653c88d1b733626fe43257e38,"{""distance"":5,""physical_error_rate"":0.0005}","{""detection_events"":328064,""detectors_checked"":179641504}"
    781312,         0,         0,    9.06,standalone_exact_mw,e5b1593c0e383368e36e36cad39a29f258d2f8e653c88d1b733626fe43257e38,"{""distance"":5,""physical_error_rate"":0.0005}","{""detection_events"":317589,""detectors_checked"":175013888}"
    789504,         0,         0,    12.6,standalone_exact_mw,e5b1593c0e383368e36e36cad39a29f258d2f8e653c88d1b733626fe43257e38,"{""distance"":5,""physical_error_rate"":0.0005}","{""detection_events"":320394,""detectors_checked"":176848896}"
     12467,         0,         0,   0.179,standalone_exact_mw,e5b1593c0e383368e36e36cad39a29f258d2f8e653c88d1b733626fe43257e38,"{""distance"":5,""physical_error_rate"":0.0005}","{""detection_events"":5193,""detectors_checked"":2792608}"
    739328,         1,         0,    9.66,standalone_exact_mw,e5b1593c0e383368e36e36cad39a29f258d2f8e653c88d1b733626fe43257e38,"{""distance"":5,""physical_error_rate"":0.0005}","{""detection_events"":298956,""detectors_checked"":165609472,""obs_mistake_mask=E"":1}"
    765952,         0,         0,    9.61,standalone_exact_mw,e5b1593c0e383368e36e36cad39a29f258d2f8e653c88d1b733626fe43257e38,"{""distance"":5,""physical_error_rate"":0.0005}","{""detection_events"":310949,""detectors_checked"":171573248}"
    771072,         0,         0,    9.26,standalone_exact_mw,e5b1593c0e383368e36e36cad39a29f258d2f8e653c88d1b733626fe43257e38,"{""distance"":5,""physical_error_rate"":0.0005}","{""detection_events"":312448,""detectors_checked"":172720128}"
    727432,         0,         0,    8.50,standalone_exact_mw,e5b1593c0e383368e36e36cad39a29f258d2f8e653c88d1b733626fe43257e38,"{""distance"":5,""physical_error_rate"":0.0005}","{""detection_events"":295397,""detectors_checked"":162944768}"
    659456,         0,         0,    8.46,standalone_exact_mw,e5b1593c0e383368e36e36cad39a29f258d2f8e653c88d1b733626fe43257e38,"{""distance"":5,""physical_error_rate"":0.0005}","{""detection_events"":266518,""detectors_checked"":147718144}"
    694272,         0,         0,    10.1,standalone_exact_mw,e5b1593c0e383368e36e36cad39a29f258d2f8e653c88d1b733626fe43257e38,"{""distance"":5,""physical_error_rate"":0.0005}","{""detection_events"":281289,""detectors_checked"":155516928}"
    721920,         0,         0,    13.8,standalone_exact_mw,e5b1593c0e383368e36e36cad39a29f258d2f8e653c88d1b733626fe43257e38,"{""distance"":5,""physical_error_rate"":0.0005}","{""detection_events"":293208,""detectors_checked"":161710080}"
    665600,         0,         0,    10.1,standalone_exact_mw,e5b1593c0e383368e36e36cad39a29f258d2f8e653c88d1b733626fe43257e38,"{""distance"":5,""physical_error_rate"":0.0005}","{""detection_events"":271123,""detectors_checked"":149094400}"
    684032,         0,         0,    10.1,standalone_exact_mw,e5b1593c0e383368e36e36cad39a29f258d2f8e653c88d1b733626fe43257e38,"{""distance"":5,""physical_error_rate"":0.0005}","{""detection_events"":277719,""detectors_checked"":153223168}"
    681984,         0,         0,    8.52,standalone_exact_mw,e5b1593c0e383368e36e36cad39a29f258d2f8e653c88d1b733626fe43257e38,"{""distance"":5,""physical_error_rate"":0.0005}","{""detection_events"":278394,""detectors_checked"":152764416}"
    674816,         0,         0,    10.2,standalone_exact_mw,e5b1593c0e383368e36e36cad39a29f258d2f8e653c88d1b733626fe43257e38,"{""distance"":5,""physical_error_rate"":0.0005}","{""detection_events"":275634,""detectors_checked"":151158784}"
    633856,         0,         0,    10.1,standalone_exact_mw,e5b1593c0e383368e36e36cad39a29f258d2f8e653c88d1b733626fe43257e38,"{""distance"":5,""physical_error_rate"":0.0005}","{""detection_events"":258147,""detectors_checked"":141983744}"
    660480,         0,         0,    10.1,standalone_exact_mw,e5b1593c0e383368e36e36cad39a29f258d2f8e653c88d1b733626fe43257e38,"{""distance"":5,""physical_error_rate"":0.0005}","{""detection_events"":269222,""detectors_checked"":147947520}"
    715776,         1,         0,    8.51,standalone_exact_mw,e5b1593c0e383368e36e36cad39a29f258d2f8e653c88d1b733626fe43257e38,"{""distance"":5,""physical_error_rate"":0.0005}","{""detection_events"":290493,""detectors_checked"":160333824,""obs_mistake_mask=E"":1}"
    633564,         0,         0,    9.99,standalone_exact_mw,e5b1593c0e383368e36e36cad39a29f258d2f8e653c88d1b733626fe43257e38,"{""distance"":5,""physical_error_rate"":0.0005}","{""detection_events"":257709,""detectors_checked"":141918336}"
    548864,         0,         0,    9.37,standalone_exact_mw,e5b1593c0e383368e36e36cad39a29f258d2f8e653c88d1b733626fe43257e38,"{""distance"":5,""physical_error_rate"":0.0005}","{""detection_events"":222686,""detectors_checked"":122945536}"
    633564,         0,         0,    10.1,standalone_exact_mw,e5b1593c0e383368e36e36cad39a29f258d2f8e653c88d1b733626fe43257e38,"{""distance"":5,""physical_error_rate"":0.0005}","{""detection_events"":256915,""detectors_checked"":141918336}"
    579584,         0,         0,    9.32,standalone_exact_mw,e5b1593c0e383368e36e36cad39a29f258d2f8e653c88d1b733626fe43257e38,"{""distance"":5,""physical_error_rate"":0.0005}","{""detection_events"":235190,""detectors_checked"":129826816}"
    581632,         0,         0,    9.46,standalone_exact_mw,e5b1593c0e383368e36e36cad39a29f258d2f8e653c88d1b733626fe43257e38,"{""distance"":5,""physical_error_rate"":0.0005}","{""detection_events"":235474,""detectors_checked"":130285568}"
    364558,         0,         0,    4.80,standalone_exact_mw,e5b1593c0e383368e36e36cad39a29f258d2f8e653c88d1b733626fe43257e38,"{""distance"":5,""physical_error_rate"":0.0005}","{""detection_events"":148114,""detectors_checked"":81660992}"
    391168,         0,         0,    3.85,standalone_exact_mw,e5b1593c0e383368e36e36cad39a29f258d2f8e653c88d1b733626fe43257e38,"{""distance"":5,""physical_error_rate"":0.0005}","{""detection_events"":158261,""detectors_checked"":87621632}"
    316877,         0,         0,    4.99,standalone_exact_mw,e5b1593c0e383368e36e36cad39a29f258d2f8e653c88d1b733626fe43257e38,"{""distance"":5,""physical_error_rate"":0.0005}","{""detection_events"":129223,""detectors_checked"":70980448}"
    294912,         0,         0,    3.82,standalone_exact_mw,e5b1593c0e383368e36e36cad39a29f258d2f8e653c88d1b733626fe43257e38,"{""distance"":5,""physical_error_rate"":0.0005}","{""detection_events"":119727,""detectors_checked"":66060288}"
    294751,         0,         0,    4.67,standalone_exact_mw,e5b1593c0e383368e36e36cad39a29f258d2f8e653c88d1b733626fe43257e38,"{""distance"":5,""physical_error_rate"":0.0005}","{""detection_events"":118701,""detectors_checked"":66024224}"
    287744,         0,         0,    4.58,standalone_exact_mw,e5b1593c0e383368e36e36cad39a29f258d2f8e653c88d1b733626fe43257e38,"{""distance"":5,""physical_error_rate"":0.0005}","{""detection_events"":116851,""detectors_checked"":64454656}"
    276324,         0,         0,    4.27,standalone_exact_mw,e5b1593c0e383368e36e36cad39a29f258d2f8e653c88d1b733626fe43257e38,"{""distance"":5,""physical_error_rate"":0.0005}","{""detection_events"":112255,""detectors_checked"":61896576}"
    274432,         0,         0,    4.26,standalone_exact_mw,e5b1593c0e383368e36e36cad39a29f258d2f8e653c88d1b733626fe43257e38,"{""distance"":5,""physical_error_rate"":0.0005}","{""detection_events"":111705,""detectors_checked"":61472768}"
    258697,         0,         0,    4.04,standalone_exact_mw,e5b1593c0e383368e36e36cad39a29f258d2f8e653c88d1b733626fe43257e38,"{""distance"":5,""physical_error_rate"":0.0005}","{""detection_events"":104729,""detectors_checked"":57948128}"
    252928,         0,         0,    2.35,standalone_exact_mw,e5b1593c0e383368e36e36cad39a29f258d2f8e653c88d1b733626fe43257e38,"{""distance"":5,""physical_error_rate"":0.0005}","{""detection_events"":102197,""detectors_checked"":56655872}"
    242037,         0,         0,    3.05,standalone_exact_mw,e5b1593c0e383368e36e36cad39a29f258d2f8e653c88d1b733626fe43257e38,"{""distance"":5,""physical_error_rate"":0.0005}","{""detection_events"":97903,""detectors_checked"":54216288}"
    238592,         0,         0,    2.81,standalone_exact_mw,e5b1593c0e383368e36e36cad39a29f258d2f8e653c88d1b733626fe43257e38,"{""distance"":5,""physical_error_rate"":0.0005}","{""detection_events"":95630,""detectors_checked"":53444608}"
    228352,         0,         0,    2.82,standalone_exact_mw,e5b1593c0e383368e36e36cad39a29f258d2f8e653c88d1b733626fe43257e38,"{""distance"":5,""physical_error_rate"":0.0005}","{""detection_events"":92092,""detectors_checked"":51150848}"
    155709,         0,         0,    1.43,standalone_exact_mw,e5b1593c0e383368e36e36cad39a29f258d2f8e653c88d1b733626fe43257e38,"{""distance"":5,""physical_error_rate"":0.0005}","{""detection_events"":62452,""detectors_checked"":34878816}"
    208896,         0,         0,    2.05,standalone_exact_mw,e5b1593c0e383368e36e36cad39a29f258d2f8e653c88d1b733626fe43257e38,"{""distance"":5,""physical_error_rate"":0.0005}","{""detection_events"":85050,""detectors_checked"":46792704}"
    207111,         0,         0,    2.07,standalone_exact_mw,e5b1593c0e383368e36e36cad39a29f258d2f8e653c88d1b733626fe43257e38,"{""distance"":5,""physical_error_rate"":0.0005}","{""detection_events"":84495,""detectors_checked"":46392864}"
    198656,         0,         0,    2.87,standalone_exact_mw,e5b1593c0e383368e36e36cad39a29f258d2f8e653c88d1b733626fe43257e38,"{""distance"":5,""physical_error_rate"":0.0005}","{""detection_events"":80007,""detectors_checked"":44498944}"
    199680,         1,         0,    2.02,standalone_exact_mw,e5b1593c0e383368e36e36cad39a29f258d2f8e653c88d1b733626fe43257e38,"{""distance"":5,""physical_error_rate"":0.0005}","{""detection_events"":81090,""detectors_checked"":44728320,""obs_mistake_mask=E"":1}"
    204800,         0,         0,    2.01,standalone_exact_mw,e5b1593c0e383368e36e36cad39a29f258d2f8e653c88d1b733626fe43257e38,"{""distance"":5,""physical_error_rate"":0.0005}","{""detection_events"":82556,""detectors_checked"":45875200}"
    201728,         0,         0,    3.16,standalone_exact_mw,e5b1593c0e383368e36e36cad39a29f258d2f8e653c88d1b733626fe43257e38,"{""distance"":5,""physical_error_rate"":0.0005}","{""detection_events"":81361,""detectors_checked"":45187072}"
    194111,         0,         0,    2.18,standalone_exact_mw,e5b1593c0e383368e36e36cad39a29f258d2f8e653c88d1b733626fe43257e38,"{""distance"":5,""physical_error_rate"":0.0005}","{""detection_events"":78477,""detectors_checked"":43480864}"
    166912,         0,         0,    1.86,standalone_exact_mw,e5b1593c0e383368e36e36cad39a29f258d2f8e653c88d1b733626fe43257e38,"{""distance"":5,""physical_error_rate"":0.0005}","{""detection_events"":68351,""detectors_checked"":37388288}"
    175104,         0,         0,    2.16,standalone_exact_mw,e5b1593c0e383368e36e36cad39a29f258d2f8e653c88d1b733626fe43257e38,"{""distance"":5,""physical_error_rate"":0.0005}","{""detection_events"":70487,""detectors_checked"":39223296}"
    192512,         0,         0,    2.98,standalone_exact_mw,e5b1593c0e383368e36e36cad39a29f258d2f8e653c88d1b733626fe43257e38,"{""distance"":5,""physical_error_rate"":0.0005}","{""detection_events"":77876,""detectors_checked"":43122688}"
    167936,         0,         0,    2.17,standalone_exact_mw,e5b1593c0e383368e36e36cad39a29f258d2f8e653c88d1b733626fe43257e38,"{""distance"":5,""physical_error_rate"":0.0005}","{""detection_events"":68179,""detectors_checked"":37617664}"
    162893,         0,         0,    2.22,standalone_exact_mw,e5b1593c0e383368e36e36cad39a29f258d2f8e653c88d1b733626fe43257e38,"{""distance"":5,""physical_error_rate"":0.0005}","{""detection_events"":66342,""detectors_checked"":36488032}"
    159744,         0,         0,    2.22,standalone_exact_mw,e5b1593c0e383368e36e36cad39a29f258d2f8e653c88d1b733626fe43257e38,"{""distance"":5,""physical_error_rate"":0.0005}","{""detection_events"":64430,""detectors_checked"":35782656}"
    137216,         0,         0,    2.26,standalone_exact_mw,e5b1593c0e383368e36e36cad39a29f258d2f8e653c88d1b733626fe43257e38,"{""distance"":5,""physical_error_rate"":0.0005}","{""detection_events"":55648,""detectors_checked"":30736384}"
    142336,         0,         0,    2.22,standalone_exact_mw,e5b1593c0e383368e36e36cad39a29f258d2f8e653c88d1b733626fe43257e38,"{""distance"":5,""physical_error_rate"":0.0005}","{""detection_events"":58551,""detectors_checked"":31883264}"
    140288,         0,         0,    2.19,standalone_exact_mw,e5b1593c0e383368e36e36cad39a29f258d2f8e653c88d1b733626fe43257e38,"{""distance"":5,""physical_error_rate"":0.0005}","{""detection_events"":57210,""detectors_checked"":31424512}"
    138240,         0,         0,    2.26,standalone_exact_mw,e5b1593c0e383368e36e36cad39a29f258d2f8e653c88d1b733626fe43257e38,"{""distance"":5,""physical_error_rate"":0.0005}","{""detection_events"":56551,""detectors_checked"":30965760}"
    143360,         0,         0,    2.25,standalone_exact_mw,e5b1593c0e383368e36e36cad39a29f258d2f8e653c88d1b733626fe43257e38,"{""distance"":5,""physical_error_rate"":0.0005}","{""detection_events"":57889,""detectors_checked"":32112640}"
    140288,         0,         0,    2.23,standalone_exact_mw,e5b1593c0e383368e36e36cad39a29f258d2f8e653c88d1b733626fe43257e38,"{""distance"":5,""physical_error_rate"":0.0005}","{""detection_events"":56807,""detectors_checked"":31424512}"
    144384,         0,         0,    2.23,standalone_exact_mw,e5b1593c0e383368e36e36cad39a29f258d2f8e653c88d1b733626fe43257e38,"{""distance"":5,""physical_error_rate"":0.0005}","{""detection_events"":58547,""detectors_checked"":32342016}"
    135850,         0,         0,    2.28,standalone_exact_mw,e5b1593c0e383368e36e36cad39a29f258d2f8e653c88d1b733626fe43257e38,"{""distance"":5,""physical_error_rate"":0.0005}","{""detection_events"":55246,""detectors_checked"":30430400}"
     99328,         0,         0,    1.85,standalone_exact_mw,e5b1593c0e383368e36e36cad39a29f258d2f8e653c88d1b733626fe43257e38,"{""distance"":5,""physical_error_rate"":0.0005}","{""detection_events"":39895,""detectors_checked"":22249472}"
    125952,         0,         0,    1.96,standalone_exact_mw,e5b1593c0e383368e36e36cad39a29f258d2f8e653c88d1b733626fe43257e38,"{""distance"":5,""physical_error_rate"":0.0005}","{""detection_events"":50883,""detectors_checked"":28213248}"
    125952,         0,         0,    1.95,standalone_exact_mw,e5b1593c0e383368e36e36cad39a29f258d2f8e653c88d1b733626fe43257e38,"{""distance"":5,""physical_error_rate"":0.0005}","{""detection_events"":51382,""detectors_checked"":28213248}"
    128000,         0,         0,    2.05,standalone_exact_mw,e5b1593c0e383368e36e36cad39a29f258d2f8e653c88d1b733626fe43257e38,"{""distance"":5,""physical_error_rate"":0.0005}","{""detection_events"":51929,""detectors_checked"":28672000}"
    115712,         0,         0,    1.81,standalone_exact_mw,e5b1593c0e383368e36e36cad39a29f258d2f8e653c88d1b733626fe43257e38,"{""distance"":5,""physical_error_rate"":0.0005}","{""detection_events"":46785,""detectors_checked"":25919488}"
    128000,         0,         0,    2.33,standalone_exact_mw,e5b1593c0e383368e36e36cad39a29f258d2f8e653c88d1b733626fe43257e38,"{""distance"":5,""physical_error_rate"":0.0005}","{""detection_events"":52407,""detectors_checked"":28672000}"
     95797,         0,         0,    1.87,standalone_exact_mw,e5b1593c0e383368e36e36cad39a29f258d2f8e653c88d1b733626fe43257e38,"{""distance"":5,""physical_error_rate"":0.0005}","{""detection_events"":38645,""detectors_checked"":21458528}"
     70211,         0,         0,   0.632,standalone_exact_mw,e5b1593c0e383368e36e36cad39a29f258d2f8e653c88d1b733626fe43257e38,"{""distance"":5,""physical_error_rate"":0.0005}","{""detection_events"":28597,""detectors_checked"":15727264}"
     69632,         0,         0,   0.637,standalone_exact_mw,e5b1593c0e383368e36e36cad39a29f258d2f8e653c88d1b733626fe43257e38,"{""distance"":5,""physical_error_rate"":0.0005}","{""detection_events"":28392,""detectors_checked"":15597568}"
     68017,         0,         0,   0.661,standalone_exact_mw,e5b1593c0e383368e36e36cad39a29f258d2f8e653c88d1b733626fe43257e38,"{""distance"":5,""physical_error_rate"":0.0005}","{""detection_events"":27822,""detectors_checked"":15235808}"
     63716,         0,         0,   0.578,standalone_exact_mw,e5b1593c0e383368e36e36cad39a29f258d2f8e653c88d1b733626fe43257e38,"{""distance"":5,""physical_error_rate"":0.0005}","{""detection_events"":25721,""detectors_checked"":14272384}"
     61725,         0,         0,   0.733,standalone_exact_mw,e5b1593c0e383368e36e36cad39a29f258d2f8e653c88d1b733626fe43257e38,"{""distance"":5,""physical_error_rate"":0.0005}","{""detection_events"":25283,""detectors_checked"":13826400}"
     59796,         0,         0,   0.535,standalone_exact_mw,e5b1593c0e383368e36e36cad39a29f258d2f8e653c88d1b733626fe43257e38,"{""distance"":5,""physical_error_rate"":0.0005}","{""detection_events"":24271,""detectors_checked"":13394304}"
     59796,         0,         0,   0.663,standalone_exact_mw,e5b1593c0e383368e36e36cad39a29f258d2f8e653c88d1b733626fe43257e38,"{""distance"":5,""physical_error_rate"":0.0005}","{""detection_events"":23802,""detectors_checked"":13394304}"
     58368,         0,         0,   0.747,standalone_exact_mw,e5b1593c0e383368e36e36cad39a29f258d2f8e653c88d1b733626fe43257e38,"{""distance"":5,""physical_error_rate"":0.0005}","{""detection_events"":23241,""detectors_checked"":13074432}"
     56059,         0,         0,   0.858,standalone_exact_mw,e5b1593c0e383368e36e36cad39a29f258d2f8e653c88d1b733626fe43257e38,"{""distance"":5,""physical_error_rate"":0.0005}","{""detection_events"":22334,""detectors_checked"":12557216}"
     53248,         0,         0,   0.821,standalone_exact_mw,e5b1593c0e383368e36e36cad39a29f258d2f8e653c88d1b733626fe43257e38,"{""distance"":5,""physical_error_rate"":0.0005}","{""detection_events"":21146,""detectors_checked"":11927552}"
     52483,         0,         0,   0.824,standalone_exact_mw,e5b1593c0e383368e36e36cad39a29f258d2f8e653c88d1b733626fe43257e38,"{""distance"":5,""physical_error_rate"":0.0005}","{""detection_events"":21611,""detectors_checked"":11756192}"
     53248,         0,         0,   0.808,standalone_exact_mw,e5b1593c0e383368e36e36cad39a29f258d2f8e653c88d1b733626fe43257e38,"{""distance"":5,""physical_error_rate"":0.0005}","{""detection_events"":21861,""detectors_checked"":11927552}"
     55296,         0,         0,   0.856,standalone_exact_mw,e5b1593c0e383368e36e36cad39a29f258d2f8e653c88d1b733626fe43257e38,"{""distance"":5,""physical_error_rate"":0.0005}","{""detection_events"":22242,""detectors_checked"":12386304}"
     49179,         0,         0,   0.745,standalone_exact_mw,e5b1593c0e383368e36e36cad39a29f258d2f8e653c88d1b733626fe43257e38,"{""distance"":5,""physical_error_rate"":0.0005}","{""detection_events"":19923,""detectors_checked"":11016096}"
     48128,         0,         0,   0.731,standalone_exact_mw,e5b1593c0e383368e36e36cad39a29f258d2f8e653c88d1b733626fe43257e38,"{""distance"":5,""physical_error_rate"":0.0005}","{""detection_events"":19696,""detectors_checked"":10780672}"
     48128,         0,         0,   0.749,standalone_exact_mw,e5b1593c0e383368e36e36cad39a29f258d2f8e653c88d1b733626fe43257e38,"{""distance"":5,""physical_error_rate"":0.0005}","{""detection_events"":19395,""detectors_checked"":10780672}"
     44250,         0,         0,   0.656,standalone_exact_mw,e5b1593c0e383368e36e36cad39a29f258d2f8e653c88d1b733626fe43257e38,"{""distance"":5,""physical_error_rate"":0.0005}","{""detection_events"":18214,""detectors_checked"":9912000}"
     43008,         0,         0,   0.643,standalone_exact_mw,e5b1593c0e383368e36e36cad39a29f258d2f8e653c88d1b733626fe43257e38,"{""distance"":5,""physical_error_rate"":0.0005}","{""detection_events"":17500,""detectors_checked"":9633792}"
     41984,         0,         0,   0.639,standalone_exact_mw,e5b1593c0e383368e36e36cad39a29f258d2f8e653c88d1b733626fe43257e38,"{""distance"":5,""physical_error_rate"":0.0005}","{""detection_events"":16636,""detectors_checked"":9404416}"
     44032,         0,         0,   0.654,standalone_exact_mw,e5b1593c0e383368e36e36cad39a29f258d2f8e653c88d1b733626fe43257e38,"{""distance"":5,""physical_error_rate"":0.0005}","{""detection_events"":17984,""detectors_checked"":9863168}"
     41984,         0,         0,   0.661,standalone_exact_mw,e5b1593c0e383368e36e36cad39a29f258d2f8e653c88d1b733626fe43257e38,"{""distance"":5,""physical_error_rate"":0.0005}","{""detection_events"":17045,""detectors_checked"":9404416}"
     40960,         0,         0,   0.598,standalone_exact_mw,e5b1593c0e383368e36e36cad39a29f258d2f8e653c88d1b733626fe43257e38,"{""distance"":5,""physical_error_rate"":0.0005}","{""detection_events"":16379,""detectors_checked"":9175040}"
     43008,         0,         0,   0.662,standalone_exact_mw,e5b1593c0e383368e36e36cad39a29f258d2f8e653c88d1b733626fe43257e38,"{""distance"":5,""physical_error_rate"":0.0005}","{""detection_events"":17325,""detectors_checked"":9633792}"
     39859,         0,         0,   0.582,standalone_exact_mw,e5b1593c0e383368e36e36cad39a29f258d2f8e653c88d1b733626fe43257e38,"{""distance"":5,""physical_error_rate"":0.0005}","{""detection_events"":15962,""detectors_checked"":8928416}"
     39859,         0,         0,   0.606,standalone_exact_mw,e5b1593c0e383368e36e36cad39a29f258d2f8e653c88d1b733626fe43257e38,"{""distance"":5,""physical_error_rate"":0.0005}","{""detection_events"":16045,""detectors_checked"":8928416}"
     43008,         0,         0,   0.647,standalone_exact_mw,e5b1593c0e383368e36e36cad39a29f258d2f8e653c88d1b733626fe43257e38,"{""distance"":5,""physical_error_rate"":0.0005}","{""detection_events"":17521,""detectors_checked"":9633792}"
     44250,         0,         0,   0.669,standalone_exact_mw,e5b1593c0e383368e36e36cad39a29f258d2f8e653c88d1b733626fe43257e38,"{""distance"":5,""physical_error_rate"":0.0005}","{""detection_events"":17768,""detectors_checked"":9912000}"
     39936,         0,         0,   0.609,standalone_exact_mw,e5b1593c0e383368e36e36cad39a29f258d2f8e653c88d1b733626fe43257e38,"{""distance"":5,""physical_error_rate"":0.0005}","{""detection_events"":16344,""detectors_checked"":8945664}"
     37888,         1,         0,   0.588,standalone_exact_mw,e5b1593c0e383368e36e36cad39a29f258d2f8e653c88d1b733626fe43257e38,"{""distance"":5,""physical_error_rate"":0.0005}","{""detection_events"":15340,""detectors_checked"":8486912,""obs_mistake_mask=E"":1}"
     39859,         0,         0,   0.582,standalone_exact_mw,e5b1593c0e383368e36e36cad39a29f258d2f8e653c88d1b733626fe43257e38,"{""distance"":5,""physical_error_rate"":0.0005}","{""detection_events"":16138,""detectors_checked"":8928416}"
     24576,         0,         0,   0.261,standalone_exact_mw,e5b1593c0e383368e36e36cad39a29f258d2f8e653c88d1b733626fe43257e38,"{""distance"":5,""physical_error_rate"":0.0005}","{""detection_events"":9826,""detectors_checked"":5505024}"
     25600,         0,         0,   0.212,standalone_exact_mw,e5b1593c0e383368e36e36cad39a29f258d2f8e653c88d1b733626fe43257e38,"{""distance"":5,""physical_error_rate"":0.0005}","{""detection_events"":10262,""detectors_checked"":5734400}"
     39936,         0,         0,   0.619,standalone_exact_mw,e5b1593c0e383368e36e36cad39a29f258d2f8e653c88d1b733626fe43257e38,"{""distance"":5,""physical_error_rate"":0.0005}","{""detection_events"":15986,""detectors_checked"":8945664}"
     30645,         0,         0,   0.481,standalone_exact_mw,e5b1593c0e383368e36e36cad39a29f258d2f8e653c88d1b733626fe43257e38,"{""distance"":5,""physical_error_rate"":0.0005}","{""detection_events"":12472,""detectors_checked"":6864480}"
     22528,         0,         0,   0.317,standalone_exact_mw,e5b1593c0e383368e36e36cad39a29f258d2f8e653c88d1b733626fe43257e38,"{""distance"":5,""physical_error_rate"":0.0005}","{""detection_events"":8990,""detectors_checked"":5046272}"
     19456,         0,         0,   0.150,standalone_exact_mw,e5b1593c0e383368e36e36cad39a29f258d2f8e653c88d1b733626fe43257e38,"{""distance"":5,""physical_error_rate"":0.0005}","{""detection_events"":7968,""detectors_checked"":4358144}"
     24576,         0,         0,   0.318,standalone_exact_mw,e5b1593c0e383368e36e36cad39a29f258d2f8e653c88d1b733626fe43257e38,"{""distance"":5,""physical_error_rate"":0.0005}","{""detection_events"":10024,""detectors_checked"":5505024}"
     21504,         0,         0,   0.165,standalone_exact_mw,e5b1593c0e383368e36e36cad39a29f258d2f8e653c88d1b733626fe43257e38,"{""distance"":5,""physical_error_rate"":0.0005}","{""detection_events"":8504,""detectors_checked"":4816896}"
     19222,         0,         0,   0.188,standalone_exact_mw,e5b1593c0e383368e36e36cad39a29f258d2f8e653c88d1b733626fe43257e38,"{""distance"":5,""physical_error_rate"":0.0005}","{""detection_events"":7781,""detectors_checked"":4305728}"
     15869,         0,         0,   0.135,standalone_exact_mw,e5b1593c0e383368e36e36cad39a29f258d2f8e653c88d1b733626fe43257e38,"{""distance"":5,""physical_error_rate"":0.0005}","{""detection_events"":6274,""detectors_checked"":3554656}"
     15373,         0,         0,   0.132,standalone_exact_mw,e5b1593c0e383368e36e36cad39a29f258d2f8e653c88d1b733626fe43257e38,"{""distance"":5,""physical_error_rate"":0.0005}","{""detection_events"":6279,""detectors_checked"":3443552}"
     15373,         0,         0,   0.251,standalone_exact_mw,e5b1593c0e383368e36e36cad39a29f258d2f8e653c88d1b733626fe43257e38,"{""distance"":5,""physical_error_rate"":0.0005}","{""detection_events"":6293,""detectors_checked"":3443552}"
     15360,         0,         0,   0.179,standalone_exact_mw,e5b1593c0e383368e36e36cad39a29f258d2f8e653c88d1b733626fe43257e38,"{""distance"":5,""physical_error_rate"":0.0005}","{""detection_events"":5987,""detectors_checked"":3440640}"
     14893,         0,         0,   0.116,standalone_exact_mw,e5b1593c0e383368e36e36cad39a29f258d2f8e653c88d1b733626fe43257e38,"{""distance"":5,""physical_error_rate"":0.0005}","{""detection_events"":5932,""detectors_checked"":3336032}"
     14893,         0,         0,   0.122,standalone_exact_mw,e5b1593c0e383368e36e36cad39a29f258d2f8e653c88d1b733626fe43257e38,"{""distance"":5,""physical_error_rate"":0.0005}","{""detection_events"":6044,""detectors_checked"":3336032}"
     14336,         0,         0,   0.204,standalone_exact_mw,e5b1593c0e383368e36e36cad39a29f258d2f8e653c88d1b733626fe43257e38,"{""distance"":5,""physical_error_rate"":0.0005}","{""detection_events"":5866,""detectors_checked"":3211264}"
     13312,         0,         0,   0.116,standalone_exact_mw,e5b1593c0e383368e36e36cad39a29f258d2f8e653c88d1b733626fe43257e38,"{""distance"":5,""physical_error_rate"":0.0005}","{""detection_events"":5394,""detectors_checked"":2981888}"
     14336,         0,         0,   0.214,standalone_exact_mw,e5b1593c0e383368e36e36cad39a29f258d2f8e653c88d1b733626fe43257e38,"{""distance"":5,""physical_error_rate"":0.0005}","{""detection_events"":5748,""detectors_checked"":3211264}"
       155,         0,         0,   0.001,standalone_exact_mw,e5b1593c0e383368e36e36cad39a29f258d2f8e653c88d1b733626fe43257e38,"{""distance"":5,""physical_error_rate"":0.0005}","{""detection_events"":48,""detectors_checked"":34720}"
     13467,         0,         0,   0.214,standalone_exact_mw,e5b1593c0e383368e36e36cad39a29f258d2f8e653c88d1b733626fe43257e38,"{""distance"":5,""physical_error_rate"":0.0005}","{""detection_events"":5644,""detectors_checked"":3016608}"
     13467,         0,         0,   0.199,standalone_exact_mw,e5b1593c0e383368e36e36cad39a29f258d2f8e653c88d1b733626fe43257e38,"{""distance"":5,""physical_error_rate"":0.0005}","{""detection_events"":5770,""detectors_checked"":3016608}"
     12288,         0,         0,   0.136,standalone_exact_mw,e5b1593c0e383368e36e36cad39a29f258d2f8e653c88d1b733626fe43257e38,"{""distance"":5,""physical_error_rate"":0.0005}","{""detection_events"":4924,""detectors_checked"":2752512}"
     13467,         0,         0,   0.205,standalone_exact_mw,e5b1593c0e383368e36e36cad39a29f258d2f8e653c88d1b733626fe43257e38,"{""distance"":5,""physical_error_rate"":0.0005}","{""detection_events"":5236,""detectors_checked"":3016608}"
     11264,         0,         0,   0.151,standalone_exact_mw,e5b1593c0e383368e36e36cad39a29f258d2f8e653c88d1b733626fe43257e38,"{""distance"":5,""physical_error_rate"":0.0005}","{""detection_events"":4651,""detectors_checked"":2523136}"
     13467,         0,         0,   0.162,standalone_exact_mw,e5b1593c0e383368e36e36cad39a29f258d2f8e653c88d1b733626fe43257e38,"{""distance"":5,""physical_error_rate"":0.0005}","{""detection_events"":5401,""detectors_checked"":3016608}"
     11264,         0,         0,   0.171,standalone_exact_mw,e5b1593c0e383368e36e36cad39a29f258d2f8e653c88d1b733626fe43257e38,"{""distance"":5,""physical_error_rate"":0.0005}","{""detection_events"":4510,""detectors_checked"":2523136}"
     10240,         0,         0,   0.175,standalone_exact_mw,e5b1593c0e383368e36e36cad39a29f258d2f8e653c88d1b733626fe43257e38,"{""distance"":5,""physical_error_rate"":0.0005}","{""detection_events"":4273,""detectors_checked"":2293760}"
     12288,         0,         0,   0.190,standalone_exact_mw,e5b1593c0e383368e36e36cad39a29f258d2f8e653c88d1b733626fe43257e38,"{""distance"":5,""physical_error_rate"":0.0005}","{""detection_events"":4789,""detectors_checked"":2752512}"
     10240,         0,         0,   0.141,standalone_exact_mw,e5b1593c0e383368e36e36cad39a29f258d2f8e653c88d1b733626fe43257e38,"{""distance"":5,""physical_error_rate"":0.0005}","{""detection_events"":4069,""detectors_checked"":2293760}"
     12288,         0,         0,   0.157,standalone_exact_mw,e5b1593c0e383368e36e36cad39a29f258d2f8e653c88d1b733626fe43257e38,"{""distance"":5,""physical_error_rate"":0.0005}","{""detection_events"":5020,""detectors_checked"":2752512}"
     13312,         0,         0,   0.195,standalone_exact_mw,e5b1593c0e383368e36e36cad39a29f258d2f8e653c88d1b733626fe43257e38,"{""distance"":5,""physical_error_rate"":0.0005}","{""detection_events"":5340,""detectors_checked"":2981888}"
     13002,         0,         0,   0.191,standalone_exact_mw,e5b1593c0e383368e36e36cad39a29f258d2f8e653c88d1b733626fe43257e38,"{""distance"":5,""physical_error_rate"":0.0005}","{""detection_events"":5093,""detectors_checked"":2912448}"
     10240,         0,         0,   0.162,standalone_exact_mw,e5b1593c0e383368e36e36cad39a29f258d2f8e653c88d1b733626fe43257e38,"{""distance"":5,""physical_error_rate"":0.0005}","{""detection_events"":4344,""detectors_checked"":2293760}"
     12288,         0,         0,   0.191,standalone_exact_mw,e5b1593c0e383368e36e36cad39a29f258d2f8e653c88d1b733626fe43257e38,"{""distance"":5,""physical_error_rate"":0.0005}","{""detection_events"":4951,""detectors_checked"":2752512}"
      8192,         0,         0,   0.103,standalone_exact_mw,e5b1593c0e383368e36e36cad39a29f258d2f8e653c88d1b733626fe43257e38,"{""distance"":5,""physical_error_rate"":0.0005}","{""detection_events"":3221,""detectors_checked"":1835008}"
      9216,         0,         0,   0.139,standalone_exact_mw,e5b1593c0e383368e36e36cad39a29f258d2f8e653c88d1b733626fe43257e38,"{""distance"":5,""physical_error_rate"":0.0005}","{""detection_events"":3655,""detectors_checked"":2064384}"
     11264,         0,         0,   0.193,standalone_exact_mw,e5b1593c0e383368e36e36cad39a29f258d2f8e653c88d1b733626fe43257e38,"{""distance"":5,""physical_error_rate"":0.0005}","{""detection_events"":4506,""detectors_checked"":2523136}"
      9216,         0,         0,   0.146,standalone_exact_mw,e5b1593c0e383368e36e36cad39a29f258d2f8e653c88d1b733626fe43257e38,"{""distance"":5,""physical_error_rate"":0.0005}","{""detection_events"":3652,""detectors_checked"":2064384}"
     10240,         0,         0,   0.132,standalone_exact_mw,e5b1593c0e383368e36e36cad39a29f258d2f8e653c88d1b733626fe43257e38,"{""distance"":5,""physical_error_rate"":0.0005}","{""detection_events"":4244,""detectors_checked"":2293760}"
     13312,         0,         0,   0.187,standalone_exact_mw,e5b1593c0e383368e36e36cad39a29f258d2f8e653c88d1b733626fe43257e38,"{""distance"":5,""physical_error_rate"":0.0005}","{""detection_events"":5317,""detectors_checked"":2981888}"
     12288,         0,         0,   0.195,standalone_exact_mw,e5b1593c0e383368e36e36cad39a29f258d2f8e653c88d1b733626fe43257e38,"{""distance"":5,""physical_error_rate"":0.0005}","{""detection_events"":5148,""detectors_checked"":2752512}"
      5425,         0,         0,   0.054,standalone_exact_mw,e5b1593c0e383368e36e36cad39a29f258d2f8e653c88d1b733626fe43257e38,"{""distance"":5,""physical_error_rate"":0.0005}","{""detection_events"":2116,""detectors_checked"":1215200}"
       254,         0,         0,   0.002,standalone_exact_mw,e5b1593c0e383368e36e36cad39a29f258d2f8e653c88d1b733626fe43257e38,"{""distance"":5,""physical_error_rate"":0.0005}","{""detection_events"":77,""detectors_checked"":56896}"
     11264,         0,         0,   0.200,standalone_exact_mw,e5b1593c0e383368e36e36cad39a29f258d2f8e653c88d1b733626fe43257e38,"{""distance"":5,""physical_error_rate"":0.0005}","{""detection_events"":4643,""detectors_checked"":2523136}"
      4096,         0,         0,   0.032,standalone_exact_mw,e5b1593c0e383368e36e36cad39a29f258d2f8e653c88d1b733626fe43257e38,"{""distance"":5,""physical_error_rate"":0.0005}","{""detection_events"":1682,""detectors_checked"":917504}"
       714,         0,         0,   0.006,standalone_exact_mw,e5b1593c0e383368e36e36cad39a29f258d2f8e653c88d1b733626fe43257e38,"{""distance"":5,""physical_error_rate"":0.0005}","{""detection_events"":290,""detectors_checked"":159936}"
      5120,         0,         0,   0.061,standalone_exact_mw,e5b1593c0e383368e36e36cad39a29f258d2f8e653c88d1b733626fe43257e38,"{""distance"":5,""physical_error_rate"":0.0005}","{""detection_events"":2139,""detectors_checked"":1146880}"
      3146,         0,         0,   0.037,standalone_exact_mw,e5b1593c0e383368e36e36cad39a29f258d2f8e653c88d1b733626fe43257e38,"{""distance"":5,""physical_error_rate"":0.0005}","{""detection_events"":1209,""detectors_checked"":704704}"
       634,         0,         0,   0.005,standalone_exact_mw,e5b1593c0e383368e36e36cad39a29f258d2f8e653c88d1b733626fe43257e38,"{""distance"":5,""physical_error_rate"":0.0005}","{""detection_events"":284,""detectors_checked"":142016}"
       456,         0,         0,   0.004,standalone_exact_mw,e5b1593c0e383368e36e36cad39a29f258d2f8e653c88d1b733626fe43257e38,"{""distance"":5,""physical_error_rate"":0.0005}","{""detection_events"":166,""detectors_checked"":102144}"
      2917,         0,         0,   0.023,standalone_exact_mw,e5b1593c0e383368e36e36cad39a29f258d2f8e653c88d1b733626fe43257e38,"{""distance"":5,""physical_error_rate"":0.0005}","{""detection_events"":1149,""detectors_checked"":653408}"
       714,         0,         0,   0.006,standalone_exact_mw,e5b1593c0e383368e36e36cad39a29f258d2f8e653c88d1b733626fe43257e38,"{""distance"":5,""physical_error_rate"":0.0005}","{""detection_events"":264,""detectors_checked"":159936}"
      3146,         0,         0,   0.028,standalone_exact_mw,e5b1593c0e383368e36e36cad39a29f258d2f8e653c88d1b733626fe43257e38,"{""distance"":5,""physical_error_rate"":0.0005}","{""detection_events"":1208,""detectors_checked"":704704}"
      1024,         0,         0,   0.008,standalone_exact_mw,e5b1593c0e383368e36e36cad39a29f258d2f8e653c88d1b733626fe43257e38,"{""distance"":5,""physical_error_rate"":0.0005}","{""detection_events"":456,""detectors_checked"":229376}"
       714,         0,         0,   0.006,standalone_exact_mw,e5b1593c0e383368e36e36cad39a29f258d2f8e653c88d1b733626fe43257e38,"{""distance"":5,""physical_error_rate"":0.0005}","{""detection_events"":295,""detectors_checked"":159936}"
      3072,         0,         0,   0.031,standalone_exact_mw,e5b1593c0e383368e36e36cad39a29f258d2f8e653c88d1b733626fe43257e38,"{""distance"":5,""physical_error_rate"":0.0005}","{""detection_events"":1155,""detectors_checked"":688128}"
       689,         0,         0,   0.005,standalone_exact_mw,e5b1593c0e383368e36e36cad39a29f258d2f8e653c88d1b733626fe43257e38,"{""distance"":5,""physical_error_rate"":0.0005}","{""detection_events"":286,""detectors_checked"":154336}"
      4096,         0,         0,   0.047,standalone_exact_mw,e5b1593c0e383368e36e36cad39a29f258d2f8e653c88d1b733626fe43257e38,"{""distance"":5,""physical_error_rate"":0.0005}","{""detection_events"":1697,""detectors_checked"":917504}"
      1846,         0,         0,   0.014,standalone_exact_mw,e5b1593c0e383368e36e36cad39a29f258d2f8e653c88d1b733626fe43257e38,"{""distance"":5,""physical_error_rate"":0.0005}","{""detection_events"":715,""detectors_checked"":413504}"
       565,         0,         0,   0.005,standalone_exact_mw,e5b1593c0e383368e36e36cad39a29f258d2f8e653c88d1b733626fe43257e38,"{""distance"":5,""physical_error_rate"":0.0005}","{""detection_events"":233,""detectors_checked"":126560}"
      5120,         0,         0,   0.069,standalone_exact_mw,e5b1593c0e383368e36e36cad39a29f258d2f8e653c88d1b733626fe43257e38,"{""distance"":5,""physical_error_rate"":0.0005}","{""detection_events"":2241,""detectors_checked"":1146880}"
        81,         0,         0,   0.001,standalone_exact_mw,e5b1593c0e383368e36e36cad39a29f258d2f8e653c88d1b733626fe43257e38,"{""distance"":5,""physical_error_rate"":0.0005}","{""detection_events"":37,""detectors_checked"":18144}"
       784,         0,         0,   0.006,standalone_exact_mw,e5b1593c0e383368e36e36cad39a29f258d2f8e653c88d1b733626fe43257e38,"{""distance"":5,""physical_error_rate"":0.0005}","{""detection_events"":293,""detectors_checked"":175616}"
      2737,         0,         0,   0.024,standalone_exact_mw,e5b1593c0e383368e36e36cad39a29f258d2f8e653c88d1b733626fe43257e38,"{""distance"":5,""physical_error_rate"":0.0005}","{""detection_events"":1212,""detectors_checked"":613088}"
      5120,         0,         0,   0.077,standalone_exact_mw,e5b1593c0e383368e36e36cad39a29f258d2f8e653c88d1b733626fe43257e38,"{""distance"":5,""physical_error_rate"":0.0005}","{""detection_events"":2038,""detectors_checked"":1146880}"
       258,         0,         0,   0.002,standalone_exact_mw,e5b1593c0e383368e36e36cad39a29f258d2f8e653c88d1b733626fe43257e38,"{""distance"":5,""physical_error_rate"":0.0005}","{""detection_events"":88,""detectors_checked"":57792}"
      2717,         0,         0,   0.023,standalone_exact_mw,e5b1593c0e383368e36e36cad39a29f258d2f8e653c88d1b733626fe43257e38,"{""distance"":5,""physical_error_rate"":0.0005}","{""detection_events"":1177,""detectors_checked"":608608}"
        81,         0,         0,   0.001,standalone_exact_mw,e5b1593c0e383368e36e36cad39a29f258d2f8e653c88d1b733626fe43257e38,"{""distance"":5,""physical_error_rate"":0.0005}","{""detection_events"":41,""detectors_checked"":18144}"
      3146,         0,         0,   0.030,standalone_exact_mw,e5b1593c0e383368e36e36cad39a29f258d2f8e653c88d1b733626fe43257e38,"{""distance"":5,""physical_error_rate"":0.0005}","{""detection_events"":1121,""detectors_checked"":704704}"
      2048,         0,         0,   0.018,standalone_exact_mw,e5b1593c0e383368e36e36cad39a29f258d2f8e653c88d1b733626fe43257e38,"{""distance"":5,""physical_error_rate"":0.0005}","{""detection_events"":870,""detectors_checked"":458752}"
       913,         0,         0,   0.007,standalone_exact_mw,e5b1593c0e383368e36e36cad39a29f258d2f8e653c88d1b733626fe43257e38,"{""distance"":5,""physical_error_rate"":0.0005}","{""detection_events"":361,""detectors_checked"":204512}"
       896,         0,         0,   0.007,standalone_exact_mw,e5b1593c0e383368e36e36cad39a29f258d2f8e653c88d1b733626fe43257e38,"{""distance"":5,""physical_error_rate"":0.0005}","{""detection_events"":312,""detectors_checked"":200704}"
       774,         0,         0,   0.010,standalone_exact_mw,e5b1593c0e383368e36e36cad39a29f258d2f8e653c88d1b733626fe43257e38,"{""distance"":5,""physical_error_rate"":0.0005}","{""detection_events"":248,""detectors_checked"":173376}"
      2134,         0,         0,   0.017,standalone_exact_mw,e5b1593c0e383368e36e36cad39a29f258d2f8e653c88d1b733626fe43257e38,"{""distance"":5,""physical_error_rate"":0.0005}","{""detection_events"":888,""detectors_checked"":478016}"
      3072,         0,         0,   0.037,standalone_exact_mw,e5b1593c0e383368e36e36cad39a29f258d2f8e653c88d1b733626fe43257e38,"{""distance"":5,""physical_error_rate"":0.0005}","{""detection_events"":1305,""detectors_checked"":688128}"
       283,         0,         0,   0.002,standalone_exact_mw,e5b1593c0e383368e36e36cad39a29f258d2f8e653c88d1b733626fe43257e38,"{""distance"":5,""physical_error_rate"":0.0005}","{""detection_events"":106,""detectors_checked"":63392}"
       433,         0,         0,   0.004,standalone_exact_mw,e5b1593c0e383368e36e36cad39a29f258d2f8e653c88d1b733626fe43257e38,"{""distance"":5,""physical_error_rate"":0.0005}","{""detection_events"":214,""detectors_checked"":96992}"
      2116,         0,         0,   0.028,standalone_exact_mw,e5b1593c0e383368e36e36cad39a29f258d2f8e653c88d1b733626fe43257e38,"{""distance"":5,""physical_error_rate"":0.0005}","{""detection_events"":785,""detectors_checked"":473984}"
      4096,         0,         0,   0.058,standalone_exact_mw,e5b1593c0e383368e36e36cad39a29f258d2f8e653c88d1b733626fe43257e38,"{""distance"":5,""physical_error_rate"":0.0005}","{""detection_events"":1791,""detectors_checked"":917504}"
       409,         0,         0,   0.004,standalone_exact_mw,e5b1593c0e383368e36e36cad39a29f258d2f8e653c88d1b733626fe43257e38,"{""distance"":5,""physical_error_rate"":0.0005}","{""detection_events"":243,""detectors_checked"":91616}"
      2134,         0,         0,   0.025,standalone_exact_mw,e5b1593c0e383368e36e36cad39a29f258d2f8e653c88d1b733626fe43257e38,"{""distance"":5,""physical_error_rate"":0.0005}","{""detection_events"":894,""detectors_checked"":478016}"
      3018,         0,         0,   0.037,standalone_exact_mw,e5b1593c0e383368e36e36cad39a29f258d2f8e653c88d1b733626fe43257e38,"{""distance"":5,""physical_error_rate"":0.0005}","{""detection_events"":1387,""detectors_checked"":676032}"
      5120,         0,         0,   0.055,standalone_exact_mw,e5b1593c0e383368e36e36cad39a29f258d2f8e653c88d1b733626fe43257e38,"{""distance"":5,""physical_error_rate"":0.0005}","{""detection_events"":2190,""detectors_checked"":1146880}"
      3072,         0,         0,   0.025,standalone_exact_mw,e5b1593c0e383368e36e36cad39a29f258d2f8e653c88d1b733626fe43257e38,"{""distance"":5,""physical_error_rate"":0.0005}","{""detection_events"":1301,""detectors_checked"":688128}"
      3072,         0,         0,   0.036,standalone_exact_mw,e5b1593c0e383368e36e36cad39a29f258d2f8e653c88d1b733626fe43257e38,"{""distance"":5,""physical_error_rate"":0.0005}","{""detection_events"":1290,""detectors_checked"":688128}"
       429,         0,         0,   0.004,standalone_exact_mw,e5b1593c0e383368e36e36cad39a29f258d2f8e653c88d1b733626fe43257e38,"{""distance"":5,""physical_error_rate"":0.0005}","{""detection_events"":178,""detectors_checked"":96096}"
       115,         0,         0,   0.001,standalone_exact_mw,e5b1593c0e383368e36e36cad39a29f258d2f8e653c88d1b733626fe43257e38,"{""distance"":5,""physical_error_rate"":0.0005}","{""detection_events"":43,""detectors_checked"":25760}"
      2048,         0,         0,   0.016,standalone_exact_mw,e5b1593c0e383368e36e36cad39a29f258d2f8e653c88d1b733626fe43257e38,"{""distance"":5,""physical_error_rate"":0.0005}","{""detection_events"":805,""detectors_checked"":458752}"
       359,         0,         0,   0.003,standalone_exact_mw,e5b1593c0e383368e36e36cad39a29f258d2f8e653c88d1b733626fe43257e38,"{""distance"":5,""physical_error_rate"":0.0005}","{""detection_events"":155,""detectors_checked"":80416}"
        81,         0,         0,   0.001,standalone_exact_mw,e5b1593c0e383368e36e36cad39a29f258d2f8e653c88d1b733626fe43257e38,"{""distance"":5,""physical_error_rate"":0.0005}","{""detection_events"":21,""detectors_checked"":18144}"
       133,         0,         0,   0.001,standalone_exact_mw,e5b1593c0e383368e36e36cad39a29f258d2f8e653c88d1b733626fe43257e38,"{""distance"":5,""physical_error_rate"":0.0005}","{""detection_events"":39,""detectors_checked"":29792}"
       913,         0,         0,   0.007,standalone_exact_mw,e5b1593c0e383368e36e36cad39a29f258d2f8e653c88d1b733626fe43257e38,"{""distance"":5,""physical_error_rate"":0.0005}","{""detection_events"":385,""detectors_checked"":204512}"
      1489,         0,         0,   0.017,standalone_exact_mw,e5b1593c0e383368e36e36cad39a29f258d2f8e653c88d1b733626fe43257e38,"{""distance"":5,""physical_error_rate"":0.0005}","{""detection_events"":575,""detectors_checked"":333536}"
       296,         0,         0,   0.003,standalone_exact_mw,e5b1593c0e383368e36e36cad39a29f258d2f8e653c88d1b733626fe43257e38,"{""distance"":5,""physical_error_rate"":0.0005}","{""detection_events"":128,""detectors_checked"":66304}"
        74,         0,         0,   0.001,standalone_exact_mw,e5b1593c0e383368e36e36cad39a29f258d2f8e653c88d1b733626fe43257e38,"{""distance"":5,""physical_error_rate"":0.0005}","{""detection_events"":48,""detectors_checked"":16576}"
       859,         0,         0,   0.007,standalone_exact_mw,e5b1593c0e383368e36e36cad39a29f258d2f8e653c88d1b733626fe43257e38,"{""distance"":5,""physical_error_rate"":0.0005}","{""detection_events"":370,""detectors_checked"":192416}"
       147,         0,         0,   0.002,standalone_exact_mw,e5b1593c0e383368e36e36cad39a29f258d2f8e653c88d1b733626fe43257e38,"{""distance"":5,""physical_error_rate"":0.0005}","{""detection_events"":60,""detectors_checked"":32928}"
       603,         0,         0,   0.005,standalone_exact_mw,e5b1593c0e383368e36e36cad39a29f258d2f8e653c88d1b733626fe43257e38,"{""distance"":5,""physical_error_rate"":0.0005}","{""detection_events"":238,""detectors_checked"":135072}"
        74,         0,         0,   0.001,standalone_exact_mw,e5b1593c0e383368e36e36cad39a29f258d2f8e653c88d1b733626fe43257e38,"{""distance"":5,""physical_error_rate"":0.0005}","{""detection_events"":28,""detectors_checked"":16576}"
        21,         0,         0,   0.000,standalone_exact_mw,e5b1593c0e383368e36e36cad39a29f258d2f8e653c88d1b733626fe43257e38,"{""distance"":5,""physical_error_rate"":0.0005}","{""detection_events"":10,""detectors_checked"":4704}"
        74,         0,         0,   0.001,standalone_exact_mw,e5b1593c0e383368e36e36cad39a29f258d2f8e653c88d1b733626fe43257e38,"{""distance"":5,""physical_error_rate"":0.0005}","{""detection_events"":18,""detectors_checked"":16576}"
       987,         0,         0,   0.014,standalone_exact_mw,e5b1593c0e383368e36e36cad39a29f258d2f8e653c88d1b733626fe43257e38,"{""distance"":5,""physical_error_rate"":0.0005}","{""detection_events"":433,""detectors_checked"":221088}"
        74,         0,         0,   0.001,standalone_exact_mw,e5b1593c0e383368e36e36cad39a29f258d2f8e653c88d1b733626fe43257e38,"{""distance"":5,""physical_error_rate"":0.0005}","{""detection_events"":37,""detectors_checked"":16576}"
      1024,         0,         0,   0.008,standalone_exact_mw,e5b1593c0e383368e36e36cad39a29f258d2f8e653c88d1b733626fe43257e38,"{""distance"":5,""physical_error_rate"":0.0005}","{""detection_events"":397,""detectors_checked"":229376}"
       223,         0,         0,   0.002,standalone_exact_mw,e5b1593c0e383368e36e36cad39a29f258d2f8e653c88d1b733626fe43257e38,"{""distance"":5,""physical_error_rate"":0.0005}","{""detection_events"":87,""detectors_checked"":49952}"
      1012,         0,         0,   0.008,standalone_exact_mw,e5b1593c0e383368e36e36cad39a29f258d2f8e653c88d1b733626fe43257e38,"{""distance"":5,""physical_error_rate"":0.0005}","{""detection_events"":400,""detectors_checked"":226688}"
        51,         0,         0,   0.001,standalone_exact_mw,e5b1593c0e383368e36e36cad39a29f258d2f8e653c88d1b733626fe43257e38,"{""distance"":5,""physical_error_rate"":0.0005}","{""detection_events"":25,""detectors_checked"":11424}"
        86,         0,         0,   0.001,standalone_exact_mw,e5b1593c0e383368e36e36cad39a29f258d2f8e653c88d1b733626fe43257e38,"{""distance"":5,""physical_error_rate"":0.0005}","{""detection_events"":30,""detectors_checked"":19264}"
       966,         0,         0,   0.007,standalone_exact_mw,e5b1593c0e383368e36e36cad39a29f258d2f8e653c88d1b733626fe43257e38,"{""distance"":5,""physical_error_rate"":0.0005}","{""detection_events"":339,""detectors_checked"":216384}"
        95,         0,         0,   0.001,standalone_exact_mw,e5b1593c0e383368e36e36cad39a29f258d2f8e653c88d1b733626fe43257e38,"{""distance"":5,""physical_error_rate"":0.0005}","{""detection_events"":30,""detectors_checked"":21280}"
        60,         0,         0,   0.001,standalone_exact_mw,e5b1593c0e383368e36e36cad39a29f258d2f8e653c88d1b733626fe43257e38,"{""distance"":5,""physical_error_rate"":0.0005}","{""detection_events"":27,""detectors_checked"":13440}"
        95,         0,         0,   0.001,standalone_exact_mw,e5b1593c0e383368e36e36cad39a29f258d2f8e653c88d1b733626fe43257e38,"{""distance"":5,""physical_error_rate"":0.0005}","{""detection_events"":10,""detectors_checked"":21280}"
       953,         0,         0,   0.008,standalone_exact_mw,e5b1593c0e383368e36e36cad39a29f258d2f8e653c88d1b733626fe43257e38,"{""distance"":5,""physical_error_rate"":0.0005}","{""detection_events"":449,""detectors_checked"":213472}"
       536,         0,         0,   0.006,standalone_exact_mw,e5b1593c0e383368e36e36cad39a29f258d2f8e653c88d1b733626fe43257e38,"{""distance"":5,""physical_error_rate"":0.0005}","{""detection_events"":196,""detectors_checked"":120064}"
         6,         0,         0,   0.000,standalone_exact_mw,e5b1593c0e383368e36e36cad39a29f258d2f8e653c88d1b733626fe43257e38,"{""distance"":5,""physical_error_rate"":0.0005}","{""detection_events"":6,""detectors_checked"":1344}"
         4,         0,         0,   0.000,standalone_exact_mw,e5b1593c0e383368e36e36cad39a29f258d2f8e653c88d1b733626fe43257e38,"{""distance"":5,""physical_error_rate"":0.0005}","{""detection_events"":2,""detectors_checked"":896}"
         1,         0,         0,   0.000,standalone_exact_mw,e5b1593c0e383368e36e36cad39a29f258d2f8e653c88d1b733626fe43257e38,"{""distance"":5,""physical_error_rate"":0.0005}","{""detectors_checked"":224}"
         4,         0,         0,   0.000,standalone_exact_mw,e5b1593c0e383368e36e36cad39a29f258d2f8e653c88d1b733626fe43257e38,"{""distance"":5,""physical_error_rate"":0.0005}","{""detection_events"":2,""detectors_checked"":896}"
        23,         0,         0,   0.000,standalone_exact_mw,e5b1593c0e383368e36e36cad39a29f258d2f8e653c88d1b733626fe43257e38,"{""distance"":5,""physical_error_rate"":0.0005}","{""detection_events"":10,""detectors_checked"":5152}"
       127,         0,         0,   0.001,standalone_exact_mw,e5b1593c0e383368e36e36cad39a29f258d2f8e653c88d1b733626fe43257e38,"{""distance"":5,""physical_error_rate"":0.0005}","{""detection_events"":49,""detectors_checked"":28448}"
         5,         0,         0,   0.000,standalone_exact_mw,e5b1593c0e383368e36e36cad39a29f258d2f8e653c88d1b733626fe43257e38,"{""distance"":5,""physical_error_rate"":0.0005}","{""detectors_checked"":1120}"
         1,         0,         0,   0.000,standalone_exact_mw,e5b1593c0e383368e36e36cad39a29f258d2f8e653c88d1b733626fe43257e38,"{""distance"":5,""physical_error_rate"":0.0005}","{""detectors_checked"":224}"
         1,         0,         0,   0.000,standalone_exact_mw,e5b1593c0e383368e36e36cad39a29f258d2f8e653c88d1b733626fe43257e38,"{""distance"":5,""physical_error_rate"":0.0005}","{""detectors_checked"":224}"
         5,         0,         0,   0.000,standalone_exact_mw,e5b1593c0e383368e36e36cad39a29f258d2f8e653c88d1b733626fe43257e38,"{""distance"":5,""physical_error_rate"":0.0005}","{""detectors_checked"":1120}"
         1,         0,         0,   0.000,standalone_exact_mw,e5b1593c0e383368e36e36cad39a29f258d2f8e653c88d1b733626fe43257e38,"{""distance"":5,""physical_error_rate"":0.0005}","{""detectors_checked"":224}"
         1,         0,         0,   0.000,standalone_exact_mw,e5b1593c0e383368e36e36cad39a29f258d2f8e653c88d1b733626fe43257e38,"{""distance"":5,""physical_error_rate"":0.0005}","{""detectors_checked"":224}"
         1,         0,         0,   0.000,standalone_exact_mw,e5b1593c0e383368e36e36cad39a29f258d2f8e653c88d1b733626fe43257e38,"{""distance"":5,""physical_error_rate"":0.0005}","{""detectors_checked"":224}"
         1,         0,         0,   0.000,standalone_exact_mw,e5b1593c0e383368e36e36cad39a29f258d2f8e653c88d1b733626fe43257e38,"{""distance"":5,""physical_error_rate"":0.0005}","{""detectors_checked"":224}"
