     shots,    errors,  discards, seconds,decoder,strong_id,json_metadata,custom_counts
         1,         0,         0,   0.015,partition,e873872413951297503a0f3e01bda0060ff59c315a0eb2704f444258db5c2591,"{""distance"":7,""physical_error_rate"":0.05}","{""detection_events"":115,""detectors_checked"":810}"
       272,        25,         0,   0.063,partition,e873872413951297503a0f3e01bda0060ff59c315a0eb2704f444258db5c2591,"{""distance"":7,""physical_error_rate"":0.05}","{""detection_events"":33606,""detectors_checked"":220320,""obs_mistake_mask=E"":25}"
         1,         0,         0,   0.016,partition,01c8d002e9f86238e9daed5bec3f4bd2ee834dc0f061710cacdc2018d5827108,"{""distance"":7,""physical_error_rate"":0.2}","{""detection_events"":321,""detectors_checked"":810}"
         1,         0,         0,   0.012,partition,29c9e48405e996616c35a664d33e24c48a48b6cbd2dfb12b0950256135ea6614,"{""distance"":7,""physical_error_rate"":0.01}","{""detection_events"":36,""detectors_checked"":810}"
       273,         0,         0,   0.011,partition,37825f121b2b418831d03a05e31f5824f39b9b9b51d8ff6a1ebe2b392d780a54,"{""distance"":7,""physical_error_rate"":0.001}","{""detection_events"":888,""detectors_checked"":221130}"
       272,         0,         0,   0.017,partition,29c9e48405e996616c35a664d33e24c48a48b6cbd2dfb12b0950256135ea6614,"{""distance"":7,""physical_error_rate"":0.01}","{""detection_events"":8356,""detectors_checked"":220320}"
         1,         0,         0,   0.015,partition,dbf077dcb27292c07bc4fa5ba94c9f1073a88766ad6df92f00e1424a5becee63,"{""distance"":7,""physical_error_rate"":0.005}","{""detection_events"":15,""detectors_checked"":810}"
         1,         0,         0,   0.015,partition,9eca8c9c51ded1975bd7ad1b325f6aaf33256cc9138584470a6c54f0e92843d6,"{""distance"":7,""physical_error_rate"":0.1}","{""detection_events"":209,""detectors_checked"":810}"
      1024,         1,         0,   0.029,partition,37825f121b2b418831d03a05e31f5824f39b9b9b51d8ff6a1ebe2b392d780a54,"{""distance"":7,""physical_error_rate"":0.001}","{""detection_events"":3294,""detectors_checked"":829440,""obs_mistake_mask=E"":1}"
       272,         0,         0,   0.024,partition,dbf077dcb27292c07bc4fa5ba94c9f1073a88766ad6df92f00e1424a5becee63,"{""distance"":7,""physical_error_rate"":0.005}","{""detection_events"":4262,""detectors_checked"":220320}"
       273,         0,         0,   0.015,partition,c6de21f7ea45eb698cbbb5013eb3899e51cbf52c47d6f0abebe21a9aeefef9c2,"{""distance"":7,""physical_error_rate"":0.002}","{""detection_events"":1760,""detectors_checked"":221130}"
         1,         0,         0,   0.012,partition,7ac97d1308a922fe56a02132cde47b4711ff03116cdd79ab8757c2e3bd7aa62f,"{""distance"":7,""physical_error_rate"":0.0005}","{""detectors_checked"":810}"
      1024,         1,         0,   0.026,partition,37825f121b2b418831d03a05e31f5824f39b9b9b51d8ff6a1ebe2b392d780a54,"{""distance"":7,""physical_error_rate"":0.001}","{""detection_events"":3212,""detectors_checked"":829440,""obs_mistake_mask=E"":1}"
       273,       141,         0,   0.081,partition,01c8d002e9f86238e9daed5bec3f4bd2ee834dc0f061710cacdc2018d5827108,"{""distance"":7,""physical_error_rate"":0.2}","{""detection_events"":81531,""detectors_checked"":221130,""obs_mistake_mask=E"":141}"
         1,         0,         0,   0.012,partition,6fdde915643375a7be008a8f7ad62bb5a2cdc52511c7dc5cfd32772d1f412a51,"{""distance"":7,""physical_error_rate"":0.0002}","{""detectors_checked"":810}"
      1024,        10,         0,   0.063,partition,29c9e48405e996616c35a664d33e24c48a48b6cbd2dfb12b0950256135ea6614,"{""distance"":7,""physical_error_rate"":0.01}","{""detection_events"":30828,""detectors_checked"":829440,""obs_mistake_mask=E"":10}"
      1024,        85,         0,   0.115,partition,e873872413951297503a0f3e01bda0060ff59c315a0eb2704f444258db5c2591,"{""distance"":7,""physical_error_rate"":0.05}","{""detection_events"":126204,""detectors_checked"":829440,""obs_mistake_mask=E"":85}"
      1296,         0,         0,   0.030,partition,7ac97d1308a922fe56a02132cde47b4711ff03116cdd79ab8757c2e3bd7aa62f,"{""distance"":7,""physical_error_rate"":0.0005}","{""detection_events"":2038,""detectors_checked"":1049760}"
      1024,         4,         0,   0.042,partition,c6de21f7ea45eb698cbbb5013eb3899e51cbf52c47d6f0abebe21a9aeefef9c2,"{""distance"":7,""physical_error_rate"":0.002}","{""detection_events"":6320,""detectors_checked"":829440,""obs_mistake_mask=E"":4}"
      1296,         0,         0,   0.021,partition,6fdde915643375a7be008a8f7ad62bb5a2cdc52511c7dc5cfd32772d1f412a51,"{""distance"":7,""physical_error_rate"":0.0002}","{""detection_events"":731,""detectors_checked"":1049760}"
      1024,         5,         0,   0.058,partition,dbf077dcb27292c07bc4fa5ba94c9f1073a88766ad6df92f00e1424a5becee63,"{""distance"":7,""physical_error_rate"":0.005}","{""detection_events"":15784,""detectors_checked"":829440,""obs_mistake_mask=E"":5}"
      1024,         2,         0,   0.020,partition,7ac97d1308a922fe56a02132cde47b4711ff03116cdd79ab8757c2e3bd7aa62f,"{""distance"":7,""physical_error_rate"":0.0005}","{""detection_events"":1601,""detectors_checked"":829440,""obs_mistake_mask=E"":2}"
      2048,         4,         0,   0.048,partition,37825f121b2b418831d03a05e31f5824f39b9b9b51d8ff6a1ebe2b392d780a54,"{""distance"":7,""physical_error_rate"":0.001}","{""detection_events"":6459,""detectors_checked"":1658880,""obs_mistake_mask=E"":4}"
       272,       103,         0,   0.099,partition,9eca8c9c51ded1975bd7ad1b325f6aaf33256cc9138584470a6c54f0e92843d6,"{""distance"":7,""physical_error_rate"":0.1}","{""detection_events"":55093,""detectors_checked"":220320,""obs_mistake_mask=E"":103}"
      2048,         0,         0,   0.028,partition,6fdde915643375a7be008a8f7ad62bb5a2cdc52511c7dc5cfd32772d1f412a51,"{""distance"":7,""physical_error_rate"":0.0002}","{""detection_events"":1318,""detectors_checked"":1658880}"
      1024,         3,         0,   0.037,partition,c6de21f7ea45eb698cbbb5013eb3899e51cbf52c47d6f0abebe21a9aeefef9c2,"{""distance"":7,""physical_error_rate"":0.002}","{""detection_events"":6077,""detectors_checked"":829440,""obs_mistake_mask=E"":3}"
       272,       130,         0,   0.144,partition,01c8d002e9f86238e9daed5bec3f4bd2ee834dc0f061710cacdc2018d5827108,"{""distance"":7,""physical_error_rate"":0.2}","{""detection_events"":81303,""detectors_checked"":220320,""obs_mistake_mask=E"":130}"
      2048,         2,         0,   0.035,partition,7ac97d1308a922fe56a02132cde47b4711ff03116cdd79ab8757c2e3bd7aa62f,"{""distance"":7,""physical_error_rate"":0.0005}","{""detection_events"":3263,""detectors_checked"":1658880,""obs_mistake_mask=E"":2}"
      1024,        12,         0,   0.062,partition,29c9e48405e996616c35a664d33e24c48a48b6cbd2dfb12b0950256135ea6614,"{""distance"":7,""physical_error_rate"":0.01}","{""detection_events"":30701,""detectors_checked"":829440,""obs_mistake_mask=E"":12}"
       273,         1,         0,   0.024,partition,c6de21f7ea45eb698cbbb5013eb3899e51cbf52c47d6f0abebe21a9aeefef9c2,"{""distance"":7,""physical_error_rate"":0.002}","{""detection_events"":1713,""detectors_checked"":221130,""obs_mistake_mask=E"":1}"
      1024,         7,         0,   0.057,partition,dbf077dcb27292c07bc4fa5ba94c9f1073a88766ad6df92f00e1424a5becee63,"{""distance"":7,""physical_error_rate"":0.005}","{""detection_events"":15524,""detectors_checked"":829440,""obs_mistake_mask=E"":7}"
      2048,         3,         0,   0.044,partition,37825f121b2b418831d03a05e31f5824f39b9b9b51d8ff6a1ebe2b392d780a54,"{""distance"":7,""physical_error_rate"":0.001}","{""detection_events"":6405,""detectors_checked"":1658880,""obs_mistake_mask=E"":3}"
      3072,         1,         0,   0.039,partition,6fdde915643375a7be008a8f7ad62bb5a2cdc52511c7dc5cfd32772d1f412a51,"{""distance"":7,""physical_error_rate"":0.0002}","{""detection_events"":1906,""detectors_checked"":2488320,""obs_mistake_mask=E"":1}"
      1024,         2,         0,   0.035,partition,c6de21f7ea45eb698cbbb5013eb3899e51cbf52c47d6f0abebe21a9aeefef9c2,"{""distance"":7,""physical_error_rate"":0.002}","{""detection_events"":6313,""detectors_checked"":829440,""obs_mistake_mask=E"":2}"
      2048,         1,         0,   0.039,partition,7ac97d1308a922fe56a02132cde47b4711ff03116cdd79ab8757c2e3bd7aa62f,"{""distance"":7,""physical_error_rate"":0.0005}","{""detection_events"":3308,""detectors_checked"":1658880,""obs_mistake_mask=E"":1}"
      1024,       109,         0,   0.112,partition,e873872413951297503a0f3e01bda0060ff59c315a0eb2704f444258db5c2591,"{""distance"":7,""physical_error_rate"":0.05}","{""detection_events"":125249,""detectors_checked"":829440,""obs_mistake_mask=E"":109}"
      1024,        14,         0,   0.061,partition,29c9e48405e996616c35a664d33e24c48a48b6cbd2dfb12b0950256135ea6614,"{""distance"":7,""physical_error_rate"":0.01}","{""detection_events"":30931,""detectors_checked"":829440,""obs_mistake_mask=E"":14}"
      3072,         0,         0,   0.038,partition,6fdde915643375a7be008a8f7ad62bb5a2cdc52511c7dc5cfd32772d1f412a51,"{""distance"":7,""physical_error_rate"":0.0002}","{""detection_events"":1905,""detectors_checked"":2488320}"
      1024,         7,         0,   0.056,partition,dbf077dcb27292c07bc4fa5ba94c9f1073a88766ad6df92f00e1424a5becee63,"{""distance"":7,""physical_error_rate"":0.005}","{""detection_events"":15698,""detectors_checked"":829440,""obs_mistake_mask=E"":7}"
      3072,         6,         0,   0.063,partition,37825f121b2b418831d03a05e31f5824f39b9b9b51d8ff6a1ebe2b392d780a54,"{""distance"":7,""physical_error_rate"":0.001}","{""detection_events"":9709,""detectors_checked"":2488320,""obs_mistake_mask=E"":6}"
      1024,         1,         0,   0.082,partition,c6de21f7ea45eb698cbbb5013eb3899e51cbf52c47d6f0abebe21a9aeefef9c2,"{""distance"":7,""physical_error_rate"":0.002}","{""detection_events"":6423,""detectors_checked"":829440,""obs_mistake_mask=E"":1}"
      2048,         2,         0,   0.069,partition,c6de21f7ea45eb698cbbb5013eb3899e51cbf52c47d6f0abebe21a9aeefef9c2,"{""distance"":7,""physical_error_rate"":0.002}","{""detection_events"":12798,""detectors_checked"":1658880,""obs_mistake_mask=E"":2}"
      4096,         1,         0,   0.063,partition,7ac97d1308a922fe56a02132cde47b4711ff03116cdd79ab8757c2e3bd7aa62f,"{""distance"":7,""physical_error_rate"":0.0005}","{""detection_events"":6489,""detectors_checked"":3317760,""obs_mistake_mask=E"":1}"
      1024,        15,         0,   0.063,partition,29c9e48405e996616c35a664d33e24c48a48b6cbd2dfb12b0950256135ea6614,"{""distance"":7,""physical_error_rate"":0.01}","{""detection_events"":30573,""detectors_checked"":829440,""obs_mistake_mask=E"":15}"
      5120,         0,         0,   0.062,partition,6fdde915643375a7be008a8f7ad62bb5a2cdc52511c7dc5cfd32772d1f412a51,"{""distance"":7,""physical_error_rate"":0.0002}","{""detection_events"":3203,""detectors_checked"":4147200}"
      1024,         9,         0,   0.056,partition,dbf077dcb27292c07bc4fa5ba94c9f1073a88766ad6df92f00e1424a5becee63,"{""distance"":7,""physical_error_rate"":0.005}","{""detection_events"":15879,""detectors_checked"":829440,""obs_mistake_mask=E"":9}"
      1024,       403,         0,   0.180,partition,9eca8c9c51ded1975bd7ad1b325f6aaf33256cc9138584470a6c54f0e92843d6,"{""distance"":7,""physical_error_rate"":0.1}","{""detection_events"":206436,""detectors_checked"":829440,""obs_mistake_mask=E"":403}"
      4096,         3,         0,   0.084,partition,37825f121b2b418831d03a05e31f5824f39b9b9b51d8ff6a1ebe2b392d780a54,"{""distance"":7,""physical_error_rate"":0.001}","{""detection_events"":12727,""detectors_checked"":3317760,""obs_mistake_mask=E"":3}"
      2048,         5,         0,   0.070,partition,c6de21f7ea45eb698cbbb5013eb3899e51cbf52c47d6f0abebe21a9aeefef9c2,"{""distance"":7,""physical_error_rate"":0.002}","{""detection_events"":13058,""detectors_checked"":1658880,""obs_mistake_mask=E"":5}"
      1024,        93,         0,   0.114,partition,e873872413951297503a0f3e01bda0060ff59c315a0eb2704f444258db5c2591,"{""distance"":7,""physical_error_rate"":0.05}","{""detection_events"":126269,""detectors_checked"":829440,""obs_mistake_mask=E"":93}"
      5120,         2,         0,   0.078,partition,7ac97d1308a922fe56a02132cde47b4711ff03116cdd79ab8757c2e3bd7aa62f,"{""distance"":7,""physical_error_rate"":0.0005}","{""detection_events"":8209,""detectors_checked"":4147200,""obs_mistake_mask=E"":2}"
      1024,         3,         0,   0.095,partition,c6de21f7ea45eb698cbbb5013eb3899e51cbf52c47d6f0abebe21a9aeefef9c2,"{""distance"":7,""physical_error_rate"":0.002}","{""detection_events"":6398,""detectors_checked"":829440,""obs_mistake_mask=E"":3}"
         1,         0,         0,   0.012,partition,ba9eb85b4a8cdd2297febd435a16bd59a488ab8b871eb1bb7a99514c22072904,"{""distance"":7,""physical_error_rate"":0.5}","{""detection_events"":388,""detectors_checked"":810}"
      6144,         0,         0,   0.075,partition,6fdde915643375a7be008a8f7ad62bb5a2cdc52511c7dc5cfd32772d1f412a51,"{""distance"":7,""physical_error_rate"":0.0002}","{""detection_events"":4040,""detectors_checked"":4976640}"
      1024,       516,         0,   0.287,partition,01c8d002e9f86238e9daed5bec3f4bd2ee834dc0f061710cacdc2018d5827108,"{""distance"":7,""physical_error_rate"":0.2}","{""detection_events"":306126,""detectors_checked"":829440,""obs_mistake_mask=E"":516}"
      1024,         4,         0,   0.050,partition,c6de21f7ea45eb698cbbb5013eb3899e51cbf52c47d6f0abebe21a9aeefef9c2,"{""distance"":7,""physical_error_rate"":0.002}","{""detection_events"":6355,""detectors_checked"":829440,""obs_mistake_mask=E"":4}"
         1,         0,         0,   0.016,partition,cdb92d550fb3e93e70ff1e136401b1be917470bf17b01f893b5b1d55b4eee606,"{""distance"":7,""physical_error_rate"":0.02}","{""detection_events"":51,""detectors_checked"":810}"
      2048,        11,         0,   0.114,partition,dbf077dcb27292c07bc4fa5ba94c9f1073a88766ad6df92f00e1424a5becee63,"{""distance"":7,""physical_error_rate"":0.005}","{""detection_events"":32057,""detectors_checked"":1658880,""obs_mistake_mask=E"":11}"
      2048,        24,         0,   0.126,partition,29c9e48405e996616c35a664d33e24c48a48b6cbd2dfb12b0950256135ea6614,"{""distance"":7,""physical_error_rate"":0.01}","{""detection_events"":61614,""detectors_checked"":1658880,""obs_mistake_mask=E"":24}"
       273,       104,         0,   0.103,partition,9eca8c9c51ded1975bd7ad1b325f6aaf33256cc9138584470a6c54f0e92843d6,"{""distance"":7,""physical_error_rate"":0.1}","{""detection_events"":55319,""detectors_checked"":221130,""obs_mistake_mask=E"":104}"
      3072,         8,         0,   0.099,partition,c6de21f7ea45eb698cbbb5013eb3899e51cbf52c47d6f0abebe21a9aeefef9c2,"{""distance"":7,""physical_error_rate"":0.002}","{""detection_events"":19075,""detectors_checked"":2488320,""obs_mistake_mask=E"":8}"
       272,         6,         0,   0.043,partition,cdb92d550fb3e93e70ff1e136401b1be917470bf17b01f893b5b1d55b4eee606,"{""distance"":7,""physical_error_rate"":0.02}","{""detection_events"":15263,""detectors_checked"":220320,""obs_mistake_mask=E"":6}"
      1024,       100,         0,   0.112,partition,e873872413951297503a0f3e01bda0060ff59c315a0eb2704f444258db5c2591,"{""distance"":7,""physical_error_rate"":0.05}","{""detection_events"":125674,""detectors_checked"":829440,""obs_mistake_mask=E"":100}"
      6144,         9,         0,   0.121,partition,37825f121b2b418831d03a05e31f5824f39b9b9b51d8ff6a1ebe2b392d780a54,"{""distance"":7,""physical_error_rate"":0.001}","{""detection_events"":19252,""detectors_checked"":4976640,""obs_mistake_mask=E"":9}"
      8192,         0,         0,   0.117,partition,7ac97d1308a922fe56a02132cde47b4711ff03116cdd79ab8757c2e3bd7aa62f,"{""distance"":7,""physical_error_rate"":0.0005}","{""detection_events"":12887,""detectors_checked"":6635520}"
      2048,         5,         0,   0.070,partition,c6de21f7ea45eb698cbbb5013eb3899e51cbf52c47d6f0abebe21a9aeefef9c2,"{""distance"":7,""physical_error_rate"":0.002}","{""detection_events"":12570,""detectors_checked"":1658880,""obs_mistake_mask=E"":5}"
       272,       132,         0,   0.108,partition,ba9eb85b4a8cdd2297febd435a16bd59a488ab8b871eb1bb7a99514c22072904,"{""distance"":7,""physical_error_rate"":0.5}","{""detection_events"":104442,""detectors_checked"":220320,""obs_mistake_mask=E"":132}"
      9216,         2,         0,   0.111,partition,6fdde915643375a7be008a8f7ad62bb5a2cdc52511c7dc5cfd32772d1f412a51,"{""distance"":7,""physical_error_rate"":0.0002}","{""detection_events"":5801,""detectors_checked"":7464960,""obs_mistake_mask=E"":2}"
      1024,       520,         0,   0.328,partition,01c8d002e9f86238e9daed5bec3f4bd2ee834dc0f061710cacdc2018d5827108,"{""distance"":7,""physical_error_rate"":0.2}","{""detection_events"":305777,""detectors_checked"":829440,""obs_mistake_mask=E"":520}"
      1024,       373,         0,   0.178,partition,9eca8c9c51ded1975bd7ad1b325f6aaf33256cc9138584470a6c54f0e92843d6,"{""distance"":7,""physical_error_rate"":0.1}","{""detection_events"":207280,""detectors_checked"":829440,""obs_mistake_mask=E"":373}"
      2048,        24,         0,   0.110,partition,dbf077dcb27292c07bc4fa5ba94c9f1073a88766ad6df92f00e1424a5becee63,"{""distance"":7,""physical_error_rate"":0.005}","{""detection_events"":31632,""detectors_checked"":1658880,""obs_mistake_mask=E"":24}"
      1024,        28,         0,   0.092,partition,cdb92d550fb3e93e70ff1e136401b1be917470bf17b01f893b5b1d55b4eee606,"{""distance"":7,""physical_error_rate"":0.02}","{""detection_events"":58376,""detectors_checked"":829440,""obs_mistake_mask=E"":28}"
      2048,         5,         0,   0.071,partition,c6de21f7ea45eb698cbbb5013eb3899e51cbf52c47d6f0abebe21a9aeefef9c2,"{""distance"":7,""physical_error_rate"":0.002}","{""detection_events"":12724,""detectors_checked"":1658880,""obs_mistake_mask=E"":5}"
      2048,        21,         0,   0.124,partition,29c9e48405e996616c35a664d33e24c48a48b6cbd2dfb12b0950256135ea6614,"{""distance"":7,""physical_error_rate"":0.01}","{""detection_events"":61482,""detectors_checked"":1658880,""obs_mistake_mask=E"":21}"
      1024,        88,         0,   0.112,partition,e873872413951297503a0f3e01bda0060ff59c315a0eb2704f444258db5c2591,"{""distance"":7,""physical_error_rate"":0.05}","{""detection_events"":125679,""detectors_checked"":829440,""obs_mistake_mask=E"":88}"
      4096,        10,         0,   0.134,partition,c6de21f7ea45eb698cbbb5013eb3899e51cbf52c47d6f0abebe21a9aeefef9c2,"{""distance"":7,""physical_error_rate"":0.002}","{""detection_events"":26058,""detectors_checked"":3317760,""obs_mistake_mask=E"":10}"
      1024,       400,         0,   0.192,partition,9eca8c9c51ded1975bd7ad1b325f6aaf33256cc9138584470a6c54f0e92843d6,"{""distance"":7,""physical_error_rate"":0.1}","{""detection_events"":207303,""detectors_checked"":829440,""obs_mistake_mask=E"":400}"
     10240,         4,         0,   0.148,partition,7ac97d1308a922fe56a02132cde47b4711ff03116cdd79ab8757c2e3bd7aa62f,"{""distance"":7,""physical_error_rate"":0.0005}","{""detection_events"":16232,""detectors_checked"":8294400,""obs_mistake_mask=E"":4}"
      1024,        20,         0,   0.080,partition,cdb92d550fb3e93e70ff1e136401b1be917470bf17b01f893b5b1d55b4eee606,"{""distance"":7,""physical_error_rate"":0.02}","{""detection_events"":58009,""detectors_checked"":829440,""obs_mistake_mask=E"":20}"
      8192,         9,         0,   0.166,partition,37825f121b2b418831d03a05e31f5824f39b9b9b51d8ff6a1ebe2b392d780a54,"{""distance"":7,""physical_error_rate"":0.001}","{""detection_events"":25809,""detectors_checked"":6635520,""obs_mistake_mask=E"":9}"
       273,       136,         0,   0.154,partition,ba9eb85b4a8cdd2297febd435a16bd59a488ab8b871eb1bb7a99514c22072904,"{""distance"":7,""physical_error_rate"":0.5}","{""detection_events"":104711,""detectors_checked"":221130,""obs_mistake_mask=E"":136}"
     13312,         3,         0,   0.157,partition,6fdde915643375a7be008a8f7ad62bb5a2cdc52511c7dc5cfd32772d1f412a51,"{""distance"":7,""physical_error_rate"":0.0002}","{""detection_events"":8332,""detectors_checked"":10782720,""obs_mistake_mask=E"":3}"
      3072,         7,         0,   0.117,partition,c6de21f7ea45eb698cbbb5013eb3899e51cbf52c47d6f0abebe21a9aeefef9c2,"{""distance"":7,""physical_error_rate"":0.002}","{""detection_events"":19060,""detectors_checked"":2488320,""obs_mistake_mask=E"":7}"
      1024,       111,         0,   0.112,partition,e873872413951297503a0f3e01bda0060ff59c315a0eb2704f444258db5c2591,"{""distance"":7,""physical_error_rate"":0.05}","{""detection_events"":125965,""detectors_checked"":829440,""obs_mistake_mask=E"":111}"
      1024,       509,         0,   0.289,partition,01c8d002e9f86238e9daed5bec3f4bd2ee834dc0f061710cacdc2018d5827108,"{""distance"":7,""physical_error_rate"":0.2}","{""detection_events"":306670,""detectors_checked"":829440,""obs_mistake_mask=E"":509}"
      3072,        15,         0,   0.168,partition,dbf077dcb27292c07bc4fa5ba94c9f1073a88766ad6df92f00e1424a5becee63,"{""distance"":7,""physical_error_rate"":0.005}","{""detection_events"":46763,""detectors_checked"":2488320,""obs_mistake_mask=E"":15}"
      1024,       383,         0,   0.179,partition,9eca8c9c51ded1975bd7ad1b325f6aaf33256cc9138584470a6c54f0e92843d6,"{""distance"":7,""physical_error_rate"":0.1}","{""detection_events"":207190,""detectors_checked"":829440,""obs_mistake_mask=E"":383}"
      1024,        20,         0,   0.076,partition,cdb92d550fb3e93e70ff1e136401b1be917470bf17b01f893b5b1d55b4eee606,"{""distance"":7,""physical_error_rate"":0.02}","{""detection_events"":58374,""detectors_checked"":829440,""obs_mistake_mask=E"":20}"
      3072,        36,         0,   0.187,partition,29c9e48405e996616c35a664d33e24c48a48b6cbd2dfb12b0950256135ea6614,"{""distance"":7,""physical_error_rate"":0.01}","{""detection_events"":91732,""detectors_checked"":2488320,""obs_mistake_mask=E"":36}"
      5120,        10,         0,   0.162,partition,c6de21f7ea45eb698cbbb5013eb3899e51cbf52c47d6f0abebe21a9aeefef9c2,"{""distance"":7,""physical_error_rate"":0.002}","{""detection_events"":31437,""detectors_checked"":4147200,""obs_mistake_mask=E"":10}"
      3072,        10,         0,   0.112,partition,c6de21f7ea45eb698cbbb5013eb3899e51cbf52c47d6f0abebe21a9aeefef9c2,"{""distance"":7,""physical_error_rate"":0.002}","{""detection_events"":19143,""detectors_checked"":2488320,""obs_mistake_mask=E"":10}"
      1024,        22,         0,   0.077,partition,cdb92d550fb3e93e70ff1e136401b1be917470bf17b01f893b5b1d55b4eee606,"{""distance"":7,""physical_error_rate"":0.02}","{""detection_events"":58332,""detectors_checked"":829440,""obs_mistake_mask=E"":22}"
       273,         0,         0,   0.011,partition,37825f121b2b418831d03a05e31f5824f39b9b9b51d8ff6a1ebe2b392d780a54,"{""distance"":7,""physical_error_rate"":0.001}","{""detection_events"":870,""detectors_checked"":221130}"
      1024,       522,         0,   0.307,partition,01c8d002e9f86238e9daed5bec3f4bd2ee834dc0f061710cacdc2018d5827108,"{""distance"":7,""physical_error_rate"":0.2}","{""detection_events"":306099,""detectors_checked"":829440,""obs_mistake_mask=E"":522}"
      1297,         2,         0,   0.030,partition,7ac97d1308a922fe56a02132cde47b4711ff03116cdd79ab8757c2e3bd7aa62f,"{""distance"":7,""physical_error_rate"":0.0005}","{""detection_events"":2110,""detectors_checked"":1050570,""obs_mistake_mask=E"":2}"
      1024,         1,         0,   0.029,partition,37825f121b2b418831d03a05e31f5824f39b9b9b51d8ff6a1ebe2b392d780a54,"{""distance"":7,""physical_error_rate"":0.001}","{""detection_events"":3226,""detectors_checked"":829440,""obs_mistake_mask=E"":1}"
         1,         0,         0,   0.012,partition,e873872413951297503a0f3e01bda0060ff59c315a0eb2704f444258db5c2591,"{""distance"":7,""physical_error_rate"":0.05}","{""detection_events"":119,""detectors_checked"":810}"
      1024,         1,         0,   0.020,partition,7ac97d1308a922fe56a02132cde47b4711ff03116cdd79ab8757c2e3bd7aa62f,"{""distance"":7,""physical_error_rate"":0.0005}","{""detection_events"":1689,""detectors_checked"":829440,""obs_mistake_mask=E"":1}"
     11264,         6,         0,   0.216,partition,37825f121b2b418831d03a05e31f5824f39b9b9b51d8ff6a1ebe2b392d780a54,"{""distance"":7,""physical_error_rate"":0.001}","{""detection_events"":34780,""detectors_checked"":9123840,""obs_mistake_mask=E"":6}"
      1024,         2,         0,   0.027,partition,37825f121b2b418831d03a05e31f5824f39b9b9b51d8ff6a1ebe2b392d780a54,"{""distance"":7,""physical_error_rate"":0.001}","{""detection_events"":3398,""detectors_checked"":829440,""obs_mistake_mask=E"":2}"
      1024,       518,         0,   0.375,partition,ba9eb85b4a8cdd2297febd435a16bd59a488ab8b871eb1bb7a99514c22072904,"{""distance"":7,""physical_error_rate"":0.5}","{""detection_events"":392918,""detectors_checked"":829440,""obs_mistake_mask=E"":518}"
      1024,        28,         0,   0.078,partition,cdb92d550fb3e93e70ff1e136401b1be917470bf17b01f893b5b1d55b4eee606,"{""distance"":7,""physical_error_rate"":0.02}","{""detection_events"":58280,""detectors_checked"":829440,""obs_mistake_mask=E"":28}"
       272,        29,         0,   0.031,partition,e873872413951297503a0f3e01bda0060ff59c315a0eb2704f444258db5c2591,"{""distance"":7,""physical_error_rate"":0.05}","{""detection_events"":33428,""detectors_checked"":220320,""obs_mistake_mask=E"":29}"
      8192,         6,         0,   0.240,partition,7ac97d1308a922fe56a02132cde47b4711ff03116cdd79ab8757c2e3bd7aa62f,"{""distance"":7,""physical_error_rate"":0.0005}","{""detection_events"":12858,""detectors_checked"":6635520,""obs_mistake_mask=E"":6}"
     19456,         1,         0,   0.216,partition,6fdde915643375a7be008a8f7ad62bb5a2cdc52511c7dc5cfd32772d1f412a51,"{""distance"":7,""physical_error_rate"":0.0002}","{""detection_events"":12037,""detectors_checked"":15759360,""obs_mistake_mask=E"":1}"
      2048,         0,         0,   0.036,partition,7ac97d1308a922fe56a02132cde47b4711ff03116cdd79ab8757c2e3bd7aa62f,"{""distance"":7,""physical_error_rate"":0.0005}","{""detection_events"":3190,""detectors_checked"":1658880}"
       273,         3,         0,   0.024,partition,cdb92d550fb3e93e70ff1e136401b1be917470bf17b01f893b5b1d55b4eee606,"{""distance"":7,""physical_error_rate"":0.02}","{""detection_events"":15166,""detectors_checked"":221130,""obs_mistake_mask=E"":3}"
      2048,         2,         0,   0.050,partition,37825f121b2b418831d03a05e31f5824f39b9b9b51d8ff6a1ebe2b392d780a54,"{""distance"":7,""physical_error_rate"":0.001}","{""detection_events"":6556,""detectors_checked"":1658880,""obs_mistake_mask=E"":2}"
      2048,         1,         0,   0.034,partition,7ac97d1308a922fe56a02132cde47b4711ff03116cdd79ab8757c2e3bd7aa62f,"{""distance"":7,""physical_error_rate"":0.0005}","{""detection_events"":3220,""detectors_checked"":1658880,""obs_mistake_mask=E"":1}"
      2048,       168,         0,   0.222,partition,e873872413951297503a0f3e01bda0060ff59c315a0eb2704f444258db5c2591,"{""distance"":7,""physical_error_rate"":0.05}","{""detection_events"":251885,""detectors_checked"":1658880,""obs_mistake_mask=E"":168}"
         1,         0,         0,   0.015,partition,29c9e48405e996616c35a664d33e24c48a48b6cbd2dfb12b0950256135ea6614,"{""distance"":7,""physical_error_rate"":0.01}","{""detection_events"":20,""detectors_checked"":810}"
      4096,        18,         0,   0.219,partition,dbf077dcb27292c07bc4fa5ba94c9f1073a88766ad6df92f00e1424a5becee63,"{""distance"":7,""physical_error_rate"":0.005}","{""detection_events"":62697,""detectors_checked"":3317760,""obs_mistake_mask=E"":18}"
       272,         3,         0,   0.027,partition,29c9e48405e996616c35a664d33e24c48a48b6cbd2dfb12b0950256135ea6614,"{""distance"":7,""physical_error_rate"":0.01}","{""detection_events"":8287,""detectors_checked"":220320,""obs_mistake_mask=E"":3}"
      2048,         3,         0,   0.047,partition,37825f121b2b418831d03a05e31f5824f39b9b9b51d8ff6a1ebe2b392d780a54,"{""distance"":7,""physical_error_rate"":0.001}","{""detection_events"":6394,""detectors_checked"":1658880,""obs_mistake_mask=E"":3}"
      5120,        14,         0,   0.169,partition,c6de21f7ea45eb698cbbb5013eb3899e51cbf52c47d6f0abebe21a9aeefef9c2,"{""distance"":7,""physical_error_rate"":0.002}","{""detection_events"":31874,""detectors_checked"":4147200,""obs_mistake_mask=E"":14}"
      3072,         2,         0,   0.050,partition,7ac97d1308a922fe56a02132cde47b4711ff03116cdd79ab8757c2e3bd7aa62f,"{""distance"":7,""physical_error_rate"":0.0005}","{""detection_events"":5136,""detectors_checked"":2488320,""obs_mistake_mask=E"":2}"
      1024,        18,         0,   0.079,partition,cdb92d550fb3e93e70ff1e136401b1be917470bf17b01f893b5b1d55b4eee606,"{""distance"":7,""physical_error_rate"":0.02}","{""detection_events"":57839,""detectors_checked"":829440,""obs_mistake_mask=E"":18}"
      7168,        10,         0,   0.226,partition,c6de21f7ea45eb698cbbb5013eb3899e51cbf52c47d6f0abebe21a9aeefef9c2,"{""distance"":7,""physical_error_rate"":0.002}","{""detection_events"":44918,""detectors_checked"":5806080,""obs_mistake_mask=E"":10}"
      1024,        98,         0,   0.114,partition,e873872413951297503a0f3e01bda0060ff59c315a0eb2704f444258db5c2591,"{""distance"":7,""physical_error_rate"":0.05}","{""detection_events"":126479,""detectors_checked"":829440,""obs_mistake_mask=E"":98}"
      4096,        42,         0,   0.247,partition,29c9e48405e996616c35a664d33e24c48a48b6cbd2dfb12b0950256135ea6614,"{""distance"":7,""physical_error_rate"":0.01}","{""detection_events"":122219,""detectors_checked"":3317760,""obs_mistake_mask=E"":42}"
         1,         0,         0,   0.011,partition,6fdde915643375a7be008a8f7ad62bb5a2cdc52511c7dc5cfd32772d1f412a51,"{""distance"":7,""physical_error_rate"":0.0002}","{""detectors_checked"":810}"
      1024,       510,         0,   0.372,partition,ba9eb85b4a8cdd2297febd435a16bd59a488ab8b871eb1bb7a99514c22072904,"{""distance"":7,""physical_error_rate"":0.5}","{""detection_events"":393493,""detectors_checked"":829440,""obs_mistake_mask=E"":510}"
      2048,        40,         0,   0.158,partition,cdb92d550fb3e93e70ff1e136401b1be917470bf17b01f893b5b1d55b4eee606,"{""distance"":7,""physical_error_rate"":0.02}","{""detection_events"":116420,""detectors_checked"":1658880,""obs_mistake_mask=E"":40}"
      4096,         2,         0,   0.066,partition,7ac97d1308a922fe56a02132cde47b4711ff03116cdd79ab8757c2e3bd7aa62f,"{""distance"":7,""physical_error_rate"":0.0005}","{""detection_events"":6603,""detectors_checked"":3317760,""obs_mistake_mask=E"":2}"
      3072,         3,         0,   0.074,partition,37825f121b2b418831d03a05e31f5824f39b9b9b51d8ff6a1ebe2b392d780a54,"{""distance"":7,""physical_error_rate"":0.001}","{""detection_events"":9686,""detectors_checked"":2488320,""obs_mistake_mask=E"":3}"
       273,         1,         0,   0.019,partition,dbf077dcb27292c07bc4fa5ba94c9f1073a88766ad6df92f00e1424a5becee63,"{""distance"":7,""physical_error_rate"":0.005}","{""detection_events"":4263,""detectors_checked"":221130,""obs_mistake_mask=E"":1}"
      1296,         0,         0,   0.044,partition,6fdde915643375a7be008a8f7ad62bb5a2cdc52511c7dc5cfd32772d1f412a51,"{""distance"":7,""physical_error_rate"":0.0002}","{""detection_events"":886,""detectors_checked"":1049760}"
      1024,        19,         0,   0.082,partition,cdb92d550fb3e93e70ff1e136401b1be917470bf17b01f893b5b1d55b4eee606,"{""distance"":7,""physical_error_rate"":0.02}","{""detection_events"":58351,""detectors_checked"":829440,""obs_mistake_mask=E"":19}"
      1024,         0,         0,   0.028,partition,6fdde915643375a7be008a8f7ad62bb5a2cdc52511c7dc5cfd32772d1f412a51,"{""distance"":7,""physical_error_rate"":0.0002}","{""detection_events"":630,""detectors_checked"":829440}"
      1024,        10,         0,   0.141,partition,29c9e48405e996616c35a664d33e24c48a48b6cbd2dfb12b0950256135ea6614,"{""distance"":7,""physical_error_rate"":0.01}","{""detection_events"":30443,""detectors_checked"":829440,""obs_mistake_mask=E"":10}"
      1024,         0,         0,   0.027,partition,6fdde915643375a7be008a8f7ad62bb5a2cdc52511c7dc5cfd32772d1f412a51,"{""distance"":7,""physical_error_rate"":0.0002}","{""detection_events"":681,""detectors_checked"":829440}"
      1024,        88,         0,   0.115,partition,e873872413951297503a0f3e01bda0060ff59c315a0eb2704f444258db5c2591,"{""distance"":7,""physical_error_rate"":0.05}","{""detection_events"":125480,""detectors_checked"":829440,""obs_mistake_mask=E"":88}"
      1024,         8,         0,   0.058,partition,dbf077dcb27292c07bc4fa5ba94c9f1073a88766ad6df92f00e1424a5becee63,"{""distance"":7,""physical_error_rate"":0.005}","{""detection_events"":15775,""detectors_checked"":829440,""obs_mistake_mask=E"":8}"
      5120,         4,         0,   0.078,partition,7ac97d1308a922fe56a02132cde47b4711ff03116cdd79ab8757c2e3bd7aa62f,"{""distance"":7,""physical_error_rate"":0.0005}","{""detection_events"":7910,""detectors_checked"":4147200,""obs_mistake_mask=E"":4}"
      4096,         3,         0,   0.087,partition,37825f121b2b418831d03a05e31f5824f39b9b9b51d8ff6a1ebe2b392d780a54,"{""distance"":7,""physical_error_rate"":0.001}","{""detection_events"":13011,""detectors_checked"":3317760,""obs_mistake_mask=E"":3}"
      1024,        22,         0,   0.078,partition,cdb92d550fb3e93e70ff1e136401b1be917470bf17b01f893b5b1d55b4eee606,"{""distance"":7,""physical_error_rate"":0.02}","{""detection_events"":57918,""detectors_checked"":829440,""obs_mistake_mask=E"":22}"
      2048,       194,         0,   0.228,partition,e873872413951297503a0f3e01bda0060ff59c315a0eb2704f444258db5c2591,"{""distance"":7,""physical_error_rate"":0.05}","{""detection_events"":251055,""detectors_checked"":1658880,""obs_mistake_mask=E"":194}"
      2048,         0,         0,   0.054,partition,6fdde915643375a7be008a8f7ad62bb5a2cdc52511c7dc5cfd32772d1f412a51,"{""distance"":7,""physical_error_rate"":0.0002}","{""detection_events"":1383,""detectors_checked"":1658880}"
      1024,         2,         0,   0.056,partition,dbf077dcb27292c07bc4fa5ba94c9f1073a88766ad6df92f00e1424a5becee63,"{""distance"":7,""physical_error_rate"":0.005}","{""detection_events"":15965,""detectors_checked"":829440,""obs_mistake_mask=E"":2}"
     15360,        16,         0,   0.300,partition,37825f121b2b418831d03a05e31f5824f39b9b9b51d8ff6a1ebe2b392d780a54,"{""distance"":7,""physical_error_rate"":0.001}","{""detection_events"":48602,""detectors_checked"":12441600,""obs_mistake_mask=E"":16}"
     20480,         8,         0,   0.293,partition,7ac97d1308a922fe56a02132cde47b4711ff03116cdd79ab8757c2e3bd7aa62f,"{""distance"":7,""physical_error_rate"":0.0005}","{""detection_events"":32987,""detectors_checked"":16588800,""obs_mistake_mask=E"":8}"
     20480,         5,         0,   0.295,partition,6fdde915643375a7be008a8f7ad62bb5a2cdc52511c7dc5cfd32772d1f412a51,"{""distance"":7,""physical_error_rate"":0.0002}","{""detection_events"":12824,""detectors_checked"":16588800,""obs_mistake_mask=E"":5}"
      2048,        45,         0,   0.155,partition,cdb92d550fb3e93e70ff1e136401b1be917470bf17b01f893b5b1d55b4eee606,"{""distance"":7,""physical_error_rate"":0.02}","{""detection_events"":116799,""detectors_checked"":1658880,""obs_mistake_mask=E"":45}"
      7168,        19,         0,   0.232,partition,c6de21f7ea45eb698cbbb5013eb3899e51cbf52c47d6f0abebe21a9aeefef9c2,"{""distance"":7,""physical_error_rate"":0.002}","{""detection_events"":44648,""detectors_checked"":5806080,""obs_mistake_mask=E"":19}"
      1024,         9,         0,   0.056,partition,dbf077dcb27292c07bc4fa5ba94c9f1073a88766ad6df92f00e1424a5becee63,"{""distance"":7,""physical_error_rate"":0.005}","{""detection_events"":15907,""detectors_checked"":829440,""obs_mistake_mask=E"":9}"
      1024,        18,         0,   0.077,partition,cdb92d550fb3e93e70ff1e136401b1be917470bf17b01f893b5b1d55b4eee606,"{""distance"":7,""physical_error_rate"":0.02}","{""detection_events"":58057,""detectors_checked"":829440,""obs_mistake_mask=E"":18}"
      1024,       100,         0,   0.113,partition,e873872413951297503a0f3e01bda0060ff59c315a0eb2704f444258db5c2591,"{""distance"":7,""physical_error_rate"":0.05}","{""detection_events"":126299,""detectors_checked"":829440,""obs_mistake_mask=E"":100}"
      1024,        11,         0,   0.127,partition,29c9e48405e996616c35a664d33e24c48a48b6cbd2dfb12b0950256135ea6614,"{""distance"":7,""physical_error_rate"":0.01}","{""detection_events"":30617,""detectors_checked"":829440,""obs_mistake_mask=E"":11}"
      8192,         4,         0,   0.119,partition,7ac97d1308a922fe56a02132cde47b4711ff03116cdd79ab8757c2e3bd7aa62f,"{""distance"":7,""physical_error_rate"":0.0005}","{""detection_events"":12852,""detectors_checked"":6635520,""obs_mistake_mask=E"":4}"
      3072,         1,         0,   0.078,partition,6fdde915643375a7be008a8f7ad62bb5a2cdc52511c7dc5cfd32772d1f412a51,"{""distance"":7,""physical_error_rate"":0.0002}","{""detection_events"":2012,""detectors_checked"":2488320,""obs_mistake_mask=E"":1}"
      1024,       526,         0,   0.377,partition,ba9eb85b4a8cdd2297febd435a16bd59a488ab8b871eb1bb7a99514c22072904,"{""distance"":7,""physical_error_rate"":0.5}","{""detection_events"":393337,""detectors_checked"":829440,""obs_mistake_mask=E"":526}"
      6144,         3,         0,   0.124,partition,37825f121b2b418831d03a05e31f5824f39b9b9b51d8ff6a1ebe2b392d780a54,"{""distance"":7,""physical_error_rate"":0.001}","{""detection_events"":19409,""detectors_checked"":4976640,""obs_mistake_mask=E"":3}"
      5120,        20,         0,   0.329,partition,dbf077dcb27292c07bc4fa5ba94c9f1073a88766ad6df92f00e1424a5becee63,"{""distance"":7,""physical_error_rate"":0.005}","{""detection_events"":78875,""detectors_checked"":4147200,""obs_mistake_mask=E"":20}"
      1024,       114,         0,   0.113,partition,e873872413951297503a0f3e01bda0060ff59c315a0eb2704f444258db5c2591,"{""distance"":7,""physical_error_rate"":0.05}","{""detection_events"":126324,""detectors_checked"":829440,""obs_mistake_mask=E"":114}"
      1024,         6,         0,   0.057,partition,dbf077dcb27292c07bc4fa5ba94c9f1073a88766ad6df92f00e1424a5becee63,"{""distance"":7,""physical_error_rate"":0.005}","{""detection_events"":15834,""detectors_checked"":829440,""obs_mistake_mask=E"":6}"
      9216,        18,         0,   0.302,partition,c6de21f7ea45eb698cbbb5013eb3899e51cbf52c47d6f0abebe21a9aeefef9c2,"{""distance"":7,""physical_error_rate"":0.002}","{""detection_events"":57116,""detectors_checked"":7464960,""obs_mistake_mask=E"":18}"
      1024,        15,         0,   0.064,partition,29c9e48405e996616c35a664d33e24c48a48b6cbd2dfb12b0950256135ea6614,"{""distance"":7,""physical_error_rate"":0.01}","{""detection_events"":30468,""detectors_checked"":829440,""obs_mistake_mask=E"":15}"
      5120,        60,         0,   0.310,partition,29c9e48405e996616c35a664d33e24c48a48b6cbd2dfb12b0950256135ea6614,"{""distance"":7,""physical_error_rate"":0.01}","{""detection_events"":153259,""detectors_checked"":4147200,""obs_mistake_mask=E"":60}"
      5120,         3,         0,   0.075,partition,6fdde915643375a7be008a8f7ad62bb5a2cdc52511c7dc5cfd32772d1f412a51,"{""distance"":7,""physical_error_rate"":0.0002}","{""detection_events"":3207,""detectors_checked"":4147200,""obs_mistake_mask=E"":3}"
      1024,         3,         0,   0.056,partition,dbf077dcb27292c07bc4fa5ba94c9f1073a88766ad6df92f00e1424a5becee63,"{""distance"":7,""physical_error_rate"":0.005}","{""detection_events"":15562,""detectors_checked"":829440,""obs_mistake_mask=E"":3}"
      1024,        18,         0,   0.117,partition,cdb92d550fb3e93e70ff1e136401b1be917470bf17b01f893b5b1d55b4eee606,"{""distance"":7,""physical_error_rate"":0.02}","{""detection_events"":58421,""detectors_checked"":829440,""obs_mistake_mask=E"":18}"
      1024,         9,         0,   0.062,partition,29c9e48405e996616c35a664d33e24c48a48b6cbd2dfb12b0950256135ea6614,"{""distance"":7,""physical_error_rate"":0.01}","{""detection_events"":30444,""detectors_checked"":829440,""obs_mistake_mask=E"":9}"
         1,         0,         0,   0.014,partition,6fdde915643375a7be008a8f7ad62bb5a2cdc52511c7dc5cfd32772d1f412a51,"{""distance"":7,""physical_error_rate"":0.0002}","{""detection_events"":2,""detectors_checked"":810}"
     11264,         6,         0,   0.161,partition,7ac97d1308a922fe56a02132cde47b4711ff03116cdd79ab8757c2e3bd7aa62f,"{""distance"":7,""physical_error_rate"":0.0005}","{""detection_events"":17814,""detectors_checked"":9123840,""obs_mistake_mask=E"":6}"
      1024,       501,         0,   0.376,partition,ba9eb85b4a8cdd2297febd435a16bd59a488ab8b871eb1bb7a99514c22072904,"{""distance"":7,""physical_error_rate"":0.5}","{""detection_events"":393388,""detectors_checked"":829440,""obs_mistake_mask=E"":501}"
      1024,        27,         0,   0.076,partition,cdb92d550fb3e93e70ff1e136401b1be917470bf17b01f893b5b1d55b4eee606,"{""distance"":7,""physical_error_rate"":0.02}","{""detection_events"":57414,""detectors_checked"":829440,""obs_mistake_mask=E"":27}"
      8192,         4,         0,   0.165,partition,37825f121b2b418831d03a05e31f5824f39b9b9b51d8ff6a1ebe2b392d780a54,"{""distance"":7,""physical_error_rate"":0.001}","{""detection_events"":25957,""detectors_checked"":6635520,""obs_mistake_mask=E"":4}"
      1296,         0,         0,   0.030,partition,6fdde915643375a7be008a8f7ad62bb5a2cdc52511c7dc5cfd32772d1f412a51,"{""distance"":7,""physical_error_rate"":0.0002}","{""detection_events"":778,""detectors_checked"":1049760}"
      9216,         3,         0,   0.106,partition,6fdde915643375a7be008a8f7ad62bb5a2cdc52511c7dc5cfd32772d1f412a51,"{""distance"":7,""physical_error_rate"":0.0002}","{""detection_events"":5583,""detectors_checked"":7464960,""obs_mistake_mask=E"":3}"
      3072,        77,         0,   0.235,partition,cdb92d550fb3e93e70ff1e136401b1be917470bf17b01f893b5b1d55b4eee606,"{""distance"":7,""physical_error_rate"":0.02}","{""detection_events"":173186,""detectors_checked"":2488320,""obs_mistake_mask=E"":77}"
      1024,         0,         0,   0.027,partition,6fdde915643375a7be008a8f7ad62bb5a2cdc52511c7dc5cfd32772d1f412a51,"{""distance"":7,""physical_error_rate"":0.0002}","{""detection_events"":632,""detectors_checked"":829440}"
      2048,         9,         0,   0.115,partition,dbf077dcb27292c07bc4fa5ba94c9f1073a88766ad6df92f00e1424a5becee63,"{""distance"":7,""physical_error_rate"":0.005}","{""detection_events"":31818,""detectors_checked"":1658880,""obs_mistake_mask=E"":9}"
      1297,         1,         0,   0.029,partition,7ac97d1308a922fe56a02132cde47b4711ff03116cdd79ab8757c2e3bd7aa62f,"{""distance"":7,""physical_error_rate"":0.0005}","{""detection_events"":2032,""detectors_checked"":1050570,""obs_mistake_mask=E"":1}"
      2048,        24,         0,   0.125,partition,29c9e48405e996616c35a664d33e24c48a48b6cbd2dfb12b0950256135ea6614,"{""distance"":7,""physical_error_rate"":0.01}","{""detection_events"":61271,""detectors_checked"":1658880,""obs_mistake_mask=E"":24}"
      2048,         0,         0,   0.041,partition,6fdde915643375a7be008a8f7ad62bb5a2cdc52511c7dc5cfd32772d1f412a51,"{""distance"":7,""physical_error_rate"":0.0002}","{""detection_events"":1331,""detectors_checked"":1658880}"
      9216,        21,         0,   0.294,partition,c6de21f7ea45eb698cbbb5013eb3899e51cbf52c47d6f0abebe21a9aeefef9c2,"{""distance"":7,""physical_error_rate"":0.002}","{""detection_events"":57548,""detectors_checked"":7464960,""obs_mistake_mask=E"":21}"
      1024,         1,         0,   0.032,partition,7ac97d1308a922fe56a02132cde47b4711ff03116cdd79ab8757c2e3bd7aa62f,"{""distance"":7,""physical_error_rate"":0.0005}","{""detection_events"":1559,""detectors_checked"":829440,""obs_mistake_mask=E"":1}"
      1024,         0,         0,   0.031,partition,7ac97d1308a922fe56a02132cde47b4711ff03116cdd79ab8757c2e3bd7aa62f,"{""distance"":7,""physical_error_rate"":0.0005}","{""detection_events"":1608,""detectors_checked"":829440}"
      3072,         1,         0,   0.040,partition,6fdde915643375a7be008a8f7ad62bb5a2cdc52511c7dc5cfd32772d1f412a51,"{""distance"":7,""physical_error_rate"":0.0002}","{""detection_events"":2011,""detectors_checked"":2488320,""obs_mistake_mask=E"":1}"
      2048,        10,         0,   0.115,partition,dbf077dcb27292c07bc4fa5ba94c9f1073a88766ad6df92f00e1424a5becee63,"{""distance"":7,""physical_error_rate"":0.005}","{""detection_events"":31591,""detectors_checked"":1658880,""obs_mistake_mask=E"":10}"
      2048,        53,         0,   0.153,partition,cdb92d550fb3e93e70ff1e136401b1be917470bf17b01f893b5b1d55b4eee606,"{""distance"":7,""physical_error_rate"":0.02}","{""detection_events"":116321,""detectors_checked"":1658880,""obs_mistake_mask=E"":53}"
      1024,         0,         0,   0.044,partition,7ac97d1308a922fe56a02132cde47b4711ff03116cdd79ab8757c2e3bd7aa62f,"{""distance"":7,""physical_error_rate"":0.0005}","{""detection_events"":1619,""detectors_checked"":829440}"
     13312,         2,         0,   0.151,partition,6fdde915643375a7be008a8f7ad62bb5a2cdc52511c7dc5cfd32772d1f412a51,"{""distance"":7,""physical_error_rate"":0.0002}","{""detection_events"":8446,""detectors_checked"":10782720,""obs_mistake_mask=E"":2}"
     21504,        19,         0,   0.413,partition,37825f121b2b418831d03a05e31f5824f39b9b9b51d8ff6a1ebe2b392d780a54,"{""distance"":7,""physical_error_rate"":0.001}","{""detection_events"":67198,""detectors_checked"":17418240,""obs_mistake_mask=E"":19}"
     28672,        18,         0,   0.405,partition,7ac97d1308a922fe56a02132cde47b4711ff03116cdd79ab8757c2e3bd7aa62f,"{""distance"":7,""physical_error_rate"":0.0005}","{""detection_events"":45652,""detectors_checked"":23224320,""obs_mistake_mask=E"":18}"
      5120,         0,         0,   0.062,partition,6fdde915643375a7be008a8f7ad62bb5a2cdc52511c7dc5cfd32772d1f412a51,"{""distance"":7,""physical_error_rate"":0.0002}","{""detection_events"":3066,""detectors_checked"":4147200}"
     36864,        10,         0,   0.413,partition,6fdde915643375a7be008a8f7ad62bb5a2cdc52511c7dc5cfd32772d1f412a51,"{""distance"":7,""physical_error_rate"":0.0002}","{""detection_events"":23385,""detectors_checked"":29859840,""obs_mistake_mask=E"":10}"
      2048,        25,         0,   0.126,partition,29c9e48405e996616c35a664d33e24c48a48b6cbd2dfb12b0950256135ea6614,"{""distance"":7,""physical_error_rate"":0.01}","{""detection_events"":61733,""detectors_checked"":1658880,""obs_mistake_mask=E"":25}"
     15360,         8,         0,   0.218,partition,7ac97d1308a922fe56a02132cde47b4711ff03116cdd79ab8757c2e3bd7aa62f,"{""distance"":7,""physical_error_rate"":0.0005}","{""detection_events"":24407,""detectors_checked"":12441600,""obs_mistake_mask=E"":8}"
      3072,         0,         0,   0.047,partition,7ac97d1308a922fe56a02132cde47b4711ff03116cdd79ab8757c2e3bd7aa62f,"{""distance"":7,""physical_error_rate"":0.0005}","{""detection_events"":4599,""detectors_checked"":2488320}"
     11264,        10,         0,   0.224,partition,37825f121b2b418831d03a05e31f5824f39b9b9b51d8ff6a1ebe2b392d780a54,"{""distance"":7,""physical_error_rate"":0.001}","{""detection_events"":35235,""detectors_checked"":9123840,""obs_mistake_mask=E"":10}"
      7168,         0,         0,   0.085,partition,6fdde915643375a7be008a8f7ad62bb5a2cdc52511c7dc5cfd32772d1f412a51,"{""distance"":7,""physical_error_rate"":0.0002}","{""detection_events"":4581,""detectors_checked"":5806080}"
      4096,         0,         0,   0.061,partition,7ac97d1308a922fe56a02132cde47b4711ff03116cdd79ab8757c2e3bd7aa62f,"{""distance"":7,""physical_error_rate"":0.0005}","{""detection_events"":6434,""detectors_checked"":3317760}"
      8192,        50,         0,   0.433,partition,dbf077dcb27292c07bc4fa5ba94c9f1073a88766ad6df92f00e1424a5becee63,"{""distance"":7,""physical_error_rate"":0.005}","{""detection_events"":126728,""detectors_checked"":6635520,""obs_mistake_mask=E"":50}"
     13312,        35,         0,   0.416,partition,c6de21f7ea45eb698cbbb5013eb3899e51cbf52c47d6f0abebe21a9aeefef9c2,"{""distance"":7,""physical_error_rate"":0.002}","{""detection_events"":83749,""detectors_checked"":10782720,""obs_mistake_mask=E"":35}"
      2048,        43,         0,   0.153,partition,cdb92d550fb3e93e70ff1e136401b1be917470bf17b01f893b5b1d55b4eee606,"{""distance"":7,""physical_error_rate"":0.02}","{""detection_events"":115046,""detectors_checked"":1658880,""obs_mistake_mask=E"":43}"
      3072,        17,         0,   0.169,partition,dbf077dcb27292c07bc4fa5ba94c9f1073a88766ad6df92f00e1424a5becee63,"{""distance"":7,""physical_error_rate"":0.005}","{""detection_events"":47529,""detectors_checked"":2488320,""obs_mistake_mask=E"":17}"
      4096,        92,         0,   0.314,partition,cdb92d550fb3e93e70ff1e136401b1be917470bf17b01f893b5b1d55b4eee606,"{""distance"":7,""physical_error_rate"":0.02}","{""detection_events"":232187,""detectors_checked"":3317760,""obs_mistake_mask=E"":92}"
      7168,        85,         0,   0.433,partition,29c9e48405e996616c35a664d33e24c48a48b6cbd2dfb12b0950256135ea6614,"{""distance"":7,""physical_error_rate"":0.01}","{""detection_events"":214755,""detectors_checked"":5806080,""obs_mistake_mask=E"":85}"
      6144,         2,         0,   0.089,partition,7ac97d1308a922fe56a02132cde47b4711ff03116cdd79ab8757c2e3bd7aa62f,"{""distance"":7,""physical_error_rate"":0.0005}","{""detection_events"":9518,""detectors_checked"":4976640,""obs_mistake_mask=E"":2}"
     18432,         3,         0,   0.206,partition,6fdde915643375a7be008a8f7ad62bb5a2cdc52511c7dc5cfd32772d1f412a51,"{""distance"":7,""physical_error_rate"":0.0002}","{""detection_events"":11564,""detectors_checked"":14929920,""obs_mistake_mask=E"":3}"
      9216,         4,         0,   0.107,partition,6fdde915643375a7be008a8f7ad62bb5a2cdc52511c7dc5cfd32772d1f412a51,"{""distance"":7,""physical_error_rate"":0.0002}","{""detection_events"":5704,""detectors_checked"":7464960,""obs_mistake_mask=E"":4}"
      3072,        32,         0,   0.192,partition,29c9e48405e996616c35a664d33e24c48a48b6cbd2dfb12b0950256135ea6614,"{""distance"":7,""physical_error_rate"":0.01}","{""detection_events"":92617,""detectors_checked"":2488320,""obs_mistake_mask=E"":32}"
      8192,         4,         0,   0.117,partition,7ac97d1308a922fe56a02132cde47b4711ff03116cdd79ab8757c2e3bd7aa62f,"{""distance"":7,""physical_error_rate"":0.0005}","{""detection_events"":13111,""detectors_checked"":6635520,""obs_mistake_mask=E"":4}"
     20480,         9,         0,   0.290,partition,7ac97d1308a922fe56a02132cde47b4711ff03116cdd79ab8757c2e3bd7aa62f,"{""distance"":7,""physical_error_rate"":0.0005}","{""detection_events"":32348,""detectors_checked"":16588800,""obs_mistake_mask=E"":9}"
     13312,        22,         0,   0.414,partition,c6de21f7ea45eb698cbbb5013eb3899e51cbf52c47d6f0abebe21a9aeefef9c2,"{""distance"":7,""physical_error_rate"":0.002}","{""detection_events"":83151,""detectors_checked"":10782720,""obs_mistake_mask=E"":22}"
     13312,         6,         0,   0.151,partition,6fdde915643375a7be008a8f7ad62bb5a2cdc52511c7dc5cfd32772d1f412a51,"{""distance"":7,""physical_error_rate"":0.0002}","{""detection_events"":8591,""detectors_checked"":10782720,""obs_mistake_mask=E"":6}"
     15360,        14,         0,   0.305,partition,37825f121b2b418831d03a05e31f5824f39b9b9b51d8ff6a1ebe2b392d780a54,"{""distance"":7,""physical_error_rate"":0.001}","{""detection_events"":48152,""detectors_checked"":12441600,""obs_mistake_mask=E"":14}"
      4096,        29,         0,   0.224,partition,dbf077dcb27292c07bc4fa5ba94c9f1073a88766ad6df92f00e1424a5becee63,"{""distance"":7,""physical_error_rate"":0.005}","{""detection_events"":63661,""detectors_checked"":3317760,""obs_mistake_mask=E"":29}"
      3072,        76,         0,   0.236,partition,cdb92d550fb3e93e70ff1e136401b1be917470bf17b01f893b5b1d55b4eee606,"{""distance"":7,""physical_error_rate"":0.02}","{""detection_events"":174364,""detectors_checked"":2488320,""obs_mistake_mask=E"":76}"
     11264,         6,         0,   0.156,partition,7ac97d1308a922fe56a02132cde47b4711ff03116cdd79ab8757c2e3bd7aa62f,"{""distance"":7,""physical_error_rate"":0.0005}","{""detection_events"":17854,""detectors_checked"":9123840,""obs_mistake_mask=E"":6}"
      4096,        47,         0,   0.253,partition,29c9e48405e996616c35a664d33e24c48a48b6cbd2dfb12b0950256135ea6614,"{""distance"":7,""physical_error_rate"":0.01}","{""detection_events"":121637,""detectors_checked"":3317760,""obs_mistake_mask=E"":47}"
     25600,         6,         0,   0.288,partition,6fdde915643375a7be008a8f7ad62bb5a2cdc52511c7dc5cfd32772d1f412a51,"{""distance"":7,""physical_error_rate"":0.0002}","{""detection_events"":15933,""detectors_checked"":20736000,""obs_mistake_mask=E"":6}"
     19456,         2,         0,   0.217,partition,6fdde915643375a7be008a8f7ad62bb5a2cdc52511c7dc5cfd32772d1f412a51,"{""distance"":7,""physical_error_rate"":0.0002}","{""detection_events"":12509,""detectors_checked"":15759360,""obs_mistake_mask=E"":2}"
     29696,        28,         0,   0.573,partition,37825f121b2b418831d03a05e31f5824f39b9b9b51d8ff6a1ebe2b392d780a54,"{""distance"":7,""physical_error_rate"":0.001}","{""detection_events"":93674,""detectors_checked"":24053760,""obs_mistake_mask=E"":28}"
     40960,        15,         0,   0.572,partition,7ac97d1308a922fe56a02132cde47b4711ff03116cdd79ab8757c2e3bd7aa62f,"{""distance"":7,""physical_error_rate"":0.0005}","{""detection_events"":64517,""detectors_checked"":33177600,""obs_mistake_mask=E"":15}"
     51200,        10,         0,   0.579,partition,6fdde915643375a7be008a8f7ad62bb5a2cdc52511c7dc5cfd32772d1f412a51,"{""distance"":7,""physical_error_rate"":0.0002}","{""detection_events"":32250,""detectors_checked"":41472000,""obs_mistake_mask=E"":10}"
      6144,       128,         0,   0.469,partition,cdb92d550fb3e93e70ff1e136401b1be917470bf17b01f893b5b1d55b4eee606,"{""distance"":7,""physical_error_rate"":0.02}","{""detection_events"":347945,""detectors_checked"":4976640,""obs_mistake_mask=E"":128}"
     15360,        10,         0,   0.212,partition,7ac97d1308a922fe56a02132cde47b4711ff03116cdd79ab8757c2e3bd7aa62f,"{""distance"":7,""physical_error_rate"":0.0005}","{""detection_events"":23969,""detectors_checked"":12441600,""obs_mistake_mask=E"":10}"
     18432,        43,         0,   0.570,partition,c6de21f7ea45eb698cbbb5013eb3899e51cbf52c47d6f0abebe21a9aeefef9c2,"{""distance"":7,""physical_error_rate"":0.002}","{""detection_events"":115704,""detectors_checked"":14929920,""obs_mistake_mask=E"":43}"
      4096,        89,         0,   0.320,partition,cdb92d550fb3e93e70ff1e136401b1be917470bf17b01f893b5b1d55b4eee606,"{""distance"":7,""physical_error_rate"":0.02}","{""detection_events"":232127,""detectors_checked"":3317760,""obs_mistake_mask=E"":89}"
      6144,        31,         0,   0.329,partition,dbf077dcb27292c07bc4fa5ba94c9f1073a88766ad6df92f00e1424a5becee63,"{""distance"":7,""physical_error_rate"":0.005}","{""detection_events"":94233,""detectors_checked"":4976640,""obs_mistake_mask=E"":31}"
     11264,        62,         0,   0.592,partition,dbf077dcb27292c07bc4fa5ba94c9f1073a88766ad6df92f00e1424a5becee63,"{""distance"":7,""physical_error_rate"":0.005}","{""detection_events"":172377,""detectors_checked"":9123840,""obs_mistake_mask=E"":62}"
     29696,        10,         0,   0.418,partition,7ac97d1308a922fe56a02132cde47b4711ff03116cdd79ab8757c2e3bd7aa62f,"{""distance"":7,""physical_error_rate"":0.0005}","{""detection_events"":46643,""detectors_checked"":24053760,""obs_mistake_mask=E"":10}"
     21504,        19,         0,   0.419,partition,37825f121b2b418831d03a05e31f5824f39b9b9b51d8ff6a1ebe2b392d780a54,"{""distance"":7,""physical_error_rate"":0.001}","{""detection_events"":67867,""detectors_checked"":17418240,""obs_mistake_mask=E"":19}"
      5120,        49,         0,   0.315,partition,29c9e48405e996616c35a664d33e24c48a48b6cbd2dfb12b0950256135ea6614,"{""distance"":7,""physical_error_rate"":0.01}","{""detection_events"":152852,""detectors_checked"":4147200,""obs_mistake_mask=E"":49}"
     10240,       105,         0,   0.620,partition,29c9e48405e996616c35a664d33e24c48a48b6cbd2dfb12b0950256135ea6614,"{""distance"":7,""physical_error_rate"":0.01}","{""detection_events"":307025,""detectors_checked"":8294400,""obs_mistake_mask=E"":105}"
     26624,         2,         0,   0.298,partition,6fdde915643375a7be008a8f7ad62bb5a2cdc52511c7dc5cfd32772d1f412a51,"{""distance"":7,""physical_error_rate"":0.0002}","{""detection_events"":16988,""detectors_checked"":21565440,""obs_mistake_mask=E"":2}"
     18432,        40,         0,   0.567,partition,c6de21f7ea45eb698cbbb5013eb3899e51cbf52c47d6f0abebe21a9aeefef9c2,"{""distance"":7,""physical_error_rate"":0.002}","{""detection_events"":115207,""detectors_checked"":14929920,""obs_mistake_mask=E"":40}"
     36864,        12,         0,   0.406,partition,6fdde915643375a7be008a8f7ad62bb5a2cdc52511c7dc5cfd32772d1f412a51,"{""distance"":7,""physical_error_rate"":0.0002}","{""detection_events"":23812,""detectors_checked"":29859840,""obs_mistake_mask=E"":12}"
     21504,        11,         0,   0.297,partition,7ac97d1308a922fe56a02132cde47b4711ff03116cdd79ab8757c2e3bd7aa62f,"{""distance"":7,""physical_error_rate"":0.0005}","{""detection_events"":33804,""detectors_checked"":17418240,""obs_mistake_mask=E"":11}"
      8192,        31,         0,   0.441,partition,dbf077dcb27292c07bc4fa5ba94c9f1073a88766ad6df92f00e1424a5becee63,"{""distance"":7,""physical_error_rate"":0.005}","{""detection_events"":127306,""detectors_checked"":6635520,""obs_mistake_mask=E"":31}"
      6144,       170,         0,   0.466,partition,cdb92d550fb3e93e70ff1e136401b1be917470bf17b01f893b5b1d55b4eee606,"{""distance"":7,""physical_error_rate"":0.02}","{""detection_events"":348920,""detectors_checked"":4976640,""obs_mistake_mask=E"":170}"
      7168,        80,         0,   0.448,partition,29c9e48405e996616c35a664d33e24c48a48b6cbd2dfb12b0950256135ea6614,"{""distance"":7,""physical_error_rate"":0.01}","{""detection_events"":214167,""detectors_checked"":5806080,""obs_mistake_mask=E"":80}"
      8192,       204,         0,   0.629,partition,cdb92d550fb3e93e70ff1e136401b1be917470bf17b01f893b5b1d55b4eee606,"{""distance"":7,""physical_error_rate"":0.02}","{""detection_events"":464202,""detectors_checked"":6635520,""obs_mistake_mask=E"":204}"
     36864,         5,         0,   0.410,partition,6fdde915643375a7be008a8f7ad62bb5a2cdc52511c7dc5cfd32772d1f412a51,"{""distance"":7,""physical_error_rate"":0.0002}","{""detection_events"":23560,""detectors_checked"":29859840,""obs_mistake_mask=E"":5}"
     40960,        20,         0,   0.570,partition,7ac97d1308a922fe56a02132cde47b4711ff03116cdd79ab8757c2e3bd7aa62f,"{""distance"":7,""physical_error_rate"":0.0005}","{""detection_events"":64352,""detectors_checked"":33177600,""obs_mistake_mask=E"":20}"
      2048,        54,         0,   0.154,partition,cdb92d550fb3e93e70ff1e136401b1be917470bf17b01f893b5b1d55b4eee606,"{""distance"":7,""physical_error_rate"":0.02}","{""detection_events"":116886,""detectors_checked"":1658880,""obs_mistake_mask=E"":54}"
      1024,        28,         0,   0.078,partition,cdb92d550fb3e93e70ff1e136401b1be917470bf17b01f893b5b1d55b4eee606,"{""distance"":7,""physical_error_rate"":0.02}","{""detection_events"":57999,""detectors_checked"":829440,""obs_mistake_mask=E"":28}"
     29696,        25,         0,   0.578,partition,37825f121b2b418831d03a05e31f5824f39b9b9b51d8ff6a1ebe2b392d780a54,"{""distance"":7,""physical_error_rate"":0.001}","{""detection_events"":93588,""detectors_checked"":24053760,""obs_mistake_mask=E"":25}"
     57344,        26,         0,   0.796,partition,7ac97d1308a922fe56a02132cde47b4711ff03116cdd79ab8757c2e3bd7aa62f,"{""distance"":7,""physical_error_rate"":0.0005}","{""detection_events"":90634,""detectors_checked"":46448640,""obs_mistake_mask=E"":26}"
     41984,        43,         0,   0.806,partition,37825f121b2b418831d03a05e31f5824f39b9b9b51d8ff6a1ebe2b392d780a54,"{""distance"":7,""physical_error_rate"":0.001}","{""detection_events"":132077,""detectors_checked"":34007040,""obs_mistake_mask=E"":43}"
     29696,        12,         0,   0.408,partition,7ac97d1308a922fe56a02132cde47b4711ff03116cdd79ab8757c2e3bd7aa62f,"{""distance"":7,""physical_error_rate"":0.0005}","{""detection_events"":46684,""detectors_checked"":24053760,""obs_mistake_mask=E"":12}"
     63488,         5,         0,   0.802,partition,6fdde915643375a7be008a8f7ad62bb5a2cdc52511c7dc5cfd32772d1f412a51,"{""distance"":7,""physical_error_rate"":0.0002}","{""detection_events"":39707,""detectors_checked"":51425280,""obs_mistake_mask=E"":5}"
     50176,        12,         0,   0.574,partition,6fdde915643375a7be008a8f7ad62bb5a2cdc52511c7dc5cfd32772d1f412a51,"{""distance"":7,""physical_error_rate"":0.0002}","{""detection_events"":31966,""detectors_checked"":40642560,""obs_mistake_mask=E"":12}"
     26624,        52,         0,   0.816,partition,c6de21f7ea45eb698cbbb5013eb3899e51cbf52c47d6f0abebe21a9aeefef9c2,"{""distance"":7,""physical_error_rate"":0.002}","{""detection_events"":167012,""detectors_checked"":21565440,""obs_mistake_mask=E"":52}"
     15360,        90,         0,   0.804,partition,dbf077dcb27292c07bc4fa5ba94c9f1073a88766ad6df92f00e1424a5becee63,"{""distance"":7,""physical_error_rate"":0.005}","{""detection_events"":236486,""detectors_checked"":12441600,""obs_mistake_mask=E"":90}"
     13312,       151,         0,   0.802,partition,29c9e48405e996616c35a664d33e24c48a48b6cbd2dfb12b0950256135ea6614,"{""distance"":7,""physical_error_rate"":0.01}","{""detection_events"":397969,""detectors_checked"":10782720,""obs_mistake_mask=E"":151}"
     26624,        41,         0,   0.807,partition,c6de21f7ea45eb698cbbb5013eb3899e51cbf52c47d6f0abebe21a9aeefef9c2,"{""distance"":7,""physical_error_rate"":0.002}","{""detection_events"":165575,""detectors_checked"":21565440,""obs_mistake_mask=E"":41}"
     11264,        60,         0,   0.593,partition,dbf077dcb27292c07bc4fa5ba94c9f1073a88766ad6df92f00e1424a5becee63,"{""distance"":7,""physical_error_rate"":0.005}","{""detection_events"":173722,""detectors_checked"":9123840,""obs_mistake_mask=E"":60}"
      9216,       115,         0,   0.570,partition,29c9e48405e996616c35a664d33e24c48a48b6cbd2dfb12b0950256135ea6614,"{""distance"":7,""physical_error_rate"":0.01}","{""detection_events"":274955,""detectors_checked"":7464960,""obs_mistake_mask=E"":115}"
     52224,         7,         0,   0.574,partition,6fdde915643375a7be008a8f7ad62bb5a2cdc52511c7dc5cfd32772d1f412a51,"{""distance"":7,""physical_error_rate"":0.0002}","{""detection_events"":32697,""detectors_checked"":42301440,""obs_mistake_mask=E"":7}"
     41984,        28,         0,   0.573,partition,7ac97d1308a922fe56a02132cde47b4711ff03116cdd79ab8757c2e3bd7aa62f,"{""distance"":7,""physical_error_rate"":0.0005}","{""detection_events"":66197,""detectors_checked"":34007040,""obs_mistake_mask=E"":28}"
     58368,        25,         0,   0.801,partition,7ac97d1308a922fe56a02132cde47b4711ff03116cdd79ab8757c2e3bd7aa62f,"{""distance"":7,""physical_error_rate"":0.0005}","{""detection_events"":92334,""detectors_checked"":47278080,""obs_mistake_mask=E"":25}"
     41984,        38,         0,   0.811,partition,37825f121b2b418831d03a05e31f5824f39b9b9b51d8ff6a1ebe2b392d780a54,"{""distance"":7,""physical_error_rate"":0.001}","{""detection_events"":134176,""detectors_checked"":34007040,""obs_mistake_mask=E"":38}"
     70656,        14,         0,   0.794,partition,6fdde915643375a7be008a8f7ad62bb5a2cdc52511c7dc5cfd32772d1f412a51,"{""distance"":7,""physical_error_rate"":0.0002}","{""detection_events"":44430,""detectors_checked"":57231360,""obs_mistake_mask=E"":14}"
     80896,        40,         0,    1.11,partition,7ac97d1308a922fe56a02132cde47b4711ff03116cdd79ab8757c2e3bd7aa62f,"{""distance"":7,""physical_error_rate"":0.0005}","{""detection_events"":127728,""detectors_checked"":65525760,""obs_mistake_mask=E"":40}"
     59392,        62,         0,    1.13,partition,37825f121b2b418831d03a05e31f5824f39b9b9b51d8ff6a1ebe2b392d780a54,"{""distance"":7,""physical_error_rate"":0.001}","{""detection_events"":186280,""detectors_checked"":48107520,""obs_mistake_mask=E"":62}"
     93184,        17,         0,    1.12,partition,6fdde915643375a7be008a8f7ad62bb5a2cdc52511c7dc5cfd32772d1f412a51,"{""distance"":7,""physical_error_rate"":0.0002}","{""detection_events"":58556,""detectors_checked"":75479040,""obs_mistake_mask=E"":17}"
     15360,        97,         0,   0.826,partition,dbf077dcb27292c07bc4fa5ba94c9f1073a88766ad6df92f00e1424a5becee63,"{""distance"":7,""physical_error_rate"":0.005}","{""detection_events"":235677,""detectors_checked"":12441600,""obs_mistake_mask=E"":97}"
     36864,        78,         0,    1.12,partition,c6de21f7ea45eb698cbbb5013eb3899e51cbf52c47d6f0abebe21a9aeefef9c2,"{""distance"":7,""physical_error_rate"":0.002}","{""detection_events"":231210,""detectors_checked"":29859840,""obs_mistake_mask=E"":78}"
     21504,       139,         0,    1.12,partition,dbf077dcb27292c07bc4fa5ba94c9f1073a88766ad6df92f00e1424a5becee63,"{""distance"":7,""physical_error_rate"":0.005}","{""detection_events"":330457,""detectors_checked"":17418240,""obs_mistake_mask=E"":139}"
     13312,       130,         0,   0.834,partition,29c9e48405e996616c35a664d33e24c48a48b6cbd2dfb12b0950256135ea6614,"{""distance"":7,""physical_error_rate"":0.01}","{""detection_events"":396913,""detectors_checked"":10782720,""obs_mistake_mask=E"":130}"
     71680,        12,         0,   0.797,partition,6fdde915643375a7be008a8f7ad62bb5a2cdc52511c7dc5cfd32772d1f412a51,"{""distance"":7,""physical_error_rate"":0.0002}","{""detection_events"":45678,""detectors_checked"":58060800,""obs_mistake_mask=E"":12}"
     18432,       212,         0,    1.12,partition,29c9e48405e996616c35a664d33e24c48a48b6cbd2dfb12b0950256135ea6614,"{""distance"":7,""physical_error_rate"":0.01}","{""detection_events"":550662,""detectors_checked"":14929920,""obs_mistake_mask=E"":212}"
     58368,        30,         0,   0.800,partition,7ac97d1308a922fe56a02132cde47b4711ff03116cdd79ab8757c2e3bd7aa62f,"{""distance"":7,""physical_error_rate"":0.0005}","{""detection_events"":92058,""detectors_checked"":47278080,""obs_mistake_mask=E"":30}"
      2048,        27,         0,   0.129,partition,29c9e48405e996616c35a664d33e24c48a48b6cbd2dfb12b0950256135ea6614,"{""distance"":7,""physical_error_rate"":0.01}","{""detection_events"":61162,""detectors_checked"":1658880,""obs_mistake_mask=E"":27}"
      1024,         9,         0,   0.063,partition,29c9e48405e996616c35a664d33e24c48a48b6cbd2dfb12b0950256135ea6614,"{""distance"":7,""physical_error_rate"":0.01}","{""detection_events"":30285,""detectors_checked"":829440,""obs_mistake_mask=E"":9}"
     36864,        82,         0,    1.12,partition,c6de21f7ea45eb698cbbb5013eb3899e51cbf52c47d6f0abebe21a9aeefef9c2,"{""distance"":7,""physical_error_rate"":0.002}","{""detection_events"":231135,""detectors_checked"":29859840,""obs_mistake_mask=E"":82}"
       273,         1,         0,   0.204,partition,29c9e48405e996616c35a664d33e24c48a48b6cbd2dfb12b0950256135ea6614,"{""distance"":7,""physical_error_rate"":0.01}","{""detection_events"":8052,""detectors_checked"":221130,""obs_mistake_mask=E"":1}"
     79872,        34,         0,    1.12,partition,7ac97d1308a922fe56a02132cde47b4711ff03116cdd79ab8757c2e3bd7aa62f,"{""distance"":7,""physical_error_rate"":0.0005}","{""detection_events"":125952,""detectors_checked"":64696320,""obs_mistake_mask=E"":34}"
     57344,        58,         0,    1.12,partition,37825f121b2b418831d03a05e31f5824f39b9b9b51d8ff6a1ebe2b392d780a54,"{""distance"":7,""physical_error_rate"":0.001}","{""detection_events"":181947,""detectors_checked"":46448640,""obs_mistake_mask=E"":58}"
         1,         0,         0,   0.014,partition,c6de21f7ea45eb698cbbb5013eb3899e51cbf52c47d6f0abebe21a9aeefef9c2,"{""distance"":7,""physical_error_rate"":0.002}","{""detection_events"":2,""detectors_checked"":810}"
    101376,        16,         0,    1.11,partition,6fdde915643375a7be008a8f7ad62bb5a2cdc52511c7dc5cfd32772d1f412a51,"{""distance"":7,""physical_error_rate"":0.0002}","{""detection_events"":63687,""detectors_checked"":82114560,""obs_mistake_mask=E"":16}"
       273,         0,         0,   0.013,partition,37825f121b2b418831d03a05e31f5824f39b9b9b51d8ff6a1ebe2b392d780a54,"{""distance"":7,""physical_error_rate"":0.001}","{""detection_events"":859,""detectors_checked"":221130}"
      1296,         3,         0,   0.338,partition,c6de21f7ea45eb698cbbb5013eb3899e51cbf52c47d6f0abebe21a9aeefef9c2,"{""distance"":7,""physical_error_rate"":0.002}","{""detection_events"":7961,""detectors_checked"":1049760,""obs_mistake_mask=E"":3}"
      1024,         2,         0,   0.030,partition,37825f121b2b418831d03a05e31f5824f39b9b9b51d8ff6a1ebe2b392d780a54,"{""distance"":7,""physical_error_rate"":0.001}","{""detection_events"":3244,""detectors_checked"":829440,""obs_mistake_mask=E"":2}"
       273,         1,         0,   0.021,partition,dbf077dcb27292c07bc4fa5ba94c9f1073a88766ad6df92f00e1424a5becee63,"{""distance"":7,""physical_error_rate"":0.005}","{""detection_events"":4244,""detectors_checked"":221130,""obs_mistake_mask=E"":1}"
      1024,         1,         0,   0.025,partition,37825f121b2b418831d03a05e31f5824f39b9b9b51d8ff6a1ebe2b392d780a54,"{""distance"":7,""physical_error_rate"":0.001}","{""detection_events"":3096,""detectors_checked"":829440,""obs_mistake_mask=E"":1}"
     21504,       110,         0,    1.15,partition,dbf077dcb27292c07bc4fa5ba94c9f1073a88766ad6df92f00e1424a5becee63,"{""distance"":7,""physical_error_rate"":0.005}","{""detection_events"":331188,""detectors_checked"":17418240,""obs_mistake_mask=E"":110}"
      2048,         3,         0,   0.049,partition,37825f121b2b418831d03a05e31f5824f39b9b9b51d8ff6a1ebe2b392d780a54,"{""distance"":7,""physical_error_rate"":0.001}","{""detection_events"":6427,""detectors_checked"":1658880,""obs_mistake_mask=E"":3}"
      1024,        10,         0,   0.056,partition,dbf077dcb27292c07bc4fa5ba94c9f1073a88766ad6df92f00e1424a5becee63,"{""distance"":7,""physical_error_rate"":0.005}","{""detection_events"":16208,""detectors_checked"":829440,""obs_mistake_mask=E"":10}"
     97280,        23,         0,    1.11,partition,6fdde915643375a7be008a8f7ad62bb5a2cdc52511c7dc5cfd32772d1f412a51,"{""distance"":7,""physical_error_rate"":0.0002}","{""detection_events"":61513,""detectors_checked"":78796800,""obs_mistake_mask=E"":23}"
      2048,         2,         0,   0.046,partition,37825f121b2b418831d03a05e31f5824f39b9b9b51d8ff6a1ebe2b392d780a54,"{""distance"":7,""physical_error_rate"":0.001}","{""detection_events"":6467,""detectors_checked"":1658880,""obs_mistake_mask=E"":2}"
      1024,        10,         0,   0.056,partition,dbf077dcb27292c07bc4fa5ba94c9f1073a88766ad6df92f00e1424a5becee63,"{""distance"":7,""physical_error_rate"":0.005}","{""detection_events"":15937,""detectors_checked"":829440,""obs_mistake_mask=E"":10}"
      3072,         1,         0,   0.065,partition,37825f121b2b418831d03a05e31f5824f39b9b9b51d8ff6a1ebe2b392d780a54,"{""distance"":7,""physical_error_rate"":0.001}","{""detection_events"":9442,""detectors_checked"":2488320,""obs_mistake_mask=E"":1}"
      1024,         6,         0,   0.056,partition,dbf077dcb27292c07bc4fa5ba94c9f1073a88766ad6df92f00e1424a5becee63,"{""distance"":7,""physical_error_rate"":0.005}","{""detection_events"":15824,""detectors_checked"":829440,""obs_mistake_mask=E"":6}"
     79872,        45,         0,    1.11,partition,7ac97d1308a922fe56a02132cde47b4711ff03116cdd79ab8757c2e3bd7aa62f,"{""distance"":7,""physical_error_rate"":0.0005}","{""detection_events"":125542,""detectors_checked"":64696320,""obs_mistake_mask=E"":45}"
      1024,         4,         0,   0.053,partition,dbf077dcb27292c07bc4fa5ba94c9f1073a88766ad6df92f00e1424a5becee63,"{""distance"":7,""physical_error_rate"":0.005}","{""detection_events"":15639,""detectors_checked"":829440,""obs_mistake_mask=E"":4}"
      4096,         5,         0,   0.082,partition,37825f121b2b418831d03a05e31f5824f39b9b9b51d8ff6a1ebe2b392d780a54,"{""distance"":7,""physical_error_rate"":0.001}","{""detection_events"":12977,""detectors_checked"":3317760,""obs_mistake_mask=E"":5}"
      1024,         4,         0,   0.055,partition,dbf077dcb27292c07bc4fa5ba94c9f1073a88766ad6df92f00e1424a5becee63,"{""distance"":7,""physical_error_rate"":0.005}","{""detection_events"":15515,""detectors_checked"":829440,""obs_mistake_mask=E"":4}"
      1024,         3,         0,   0.320,partition,c6de21f7ea45eb698cbbb5013eb3899e51cbf52c47d6f0abebe21a9aeefef9c2,"{""distance"":7,""physical_error_rate"":0.002}","{""detection_events"":6262,""detectors_checked"":829440,""obs_mistake_mask=E"":3}"
    110592,        59,         0,    1.55,partition,7ac97d1308a922fe56a02132cde47b4711ff03116cdd79ab8757c2e3bd7aa62f,"{""distance"":7,""physical_error_rate"":0.0005}","{""detection_events"":174614,""detectors_checked"":89579520,""obs_mistake_mask=E"":59}"
      6144,         6,         0,   0.124,partition,37825f121b2b418831d03a05e31f5824f39b9b9b51d8ff6a1ebe2b392d780a54,"{""distance"":7,""physical_error_rate"":0.001}","{""detection_events"":19506,""detectors_checked"":4976640,""obs_mistake_mask=E"":6}"
     81920,        84,         0,    1.57,partition,37825f121b2b418831d03a05e31f5824f39b9b9b51d8ff6a1ebe2b392d780a54,"{""distance"":7,""physical_error_rate"":0.001}","{""detection_events"":258579,""detectors_checked"":66355200,""obs_mistake_mask=E"":84}"
    135168,        25,         0,    1.56,partition,6fdde915643375a7be008a8f7ad62bb5a2cdc52511c7dc5cfd32772d1f412a51,"{""distance"":7,""physical_error_rate"":0.0002}","{""detection_events"":84916,""detectors_checked"":109486080,""obs_mistake_mask=E"":25}"
      2048,        11,         0,   0.110,partition,dbf077dcb27292c07bc4fa5ba94c9f1073a88766ad6df92f00e1424a5becee63,"{""distance"":7,""physical_error_rate"":0.005}","{""detection_events"":31505,""detectors_checked"":1658880,""obs_mistake_mask=E"":11}"
      2048,        14,         0,   0.109,partition,dbf077dcb27292c07bc4fa5ba94c9f1073a88766ad6df92f00e1424a5becee63,"{""distance"":7,""physical_error_rate"":0.005}","{""detection_events"":31189,""detectors_checked"":1658880,""obs_mistake_mask=E"":14}"
     29696,       153,         0,    1.57,partition,dbf077dcb27292c07bc4fa5ba94c9f1073a88766ad6df92f00e1424a5becee63,"{""distance"":7,""physical_error_rate"":0.005}","{""detection_events"":458100,""detectors_checked"":24053760,""obs_mistake_mask=E"":153}"
     52224,       104,         0,    1.58,partition,c6de21f7ea45eb698cbbb5013eb3899e51cbf52c47d6f0abebe21a9aeefef9c2,"{""distance"":7,""physical_error_rate"":0.002}","{""detection_events"":327934,""detectors_checked"":42301440,""obs_mistake_mask=E"":104}"
      7168,         3,         0,   0.148,partition,37825f121b2b418831d03a05e31f5824f39b9b9b51d8ff6a1ebe2b392d780a54,"{""distance"":7,""physical_error_rate"":0.001}","{""detection_events"":22896,""detectors_checked"":5806080,""obs_mistake_mask=E"":3}"
      1024,         3,         0,   0.281,partition,c6de21f7ea45eb698cbbb5013eb3899e51cbf52c47d6f0abebe21a9aeefef9c2,"{""distance"":7,""physical_error_rate"":0.002}","{""detection_events"":6619,""detectors_checked"":829440,""obs_mistake_mask=E"":3}"
      2048,        14,         0,   0.109,partition,dbf077dcb27292c07bc4fa5ba94c9f1073a88766ad6df92f00e1424a5becee63,"{""distance"":7,""physical_error_rate"":0.005}","{""detection_events"":31711,""detectors_checked"":1658880,""obs_mistake_mask=E"":14}"
      2048,        21,         0,   0.106,partition,dbf077dcb27292c07bc4fa5ba94c9f1073a88766ad6df92f00e1424a5becee63,"{""distance"":7,""physical_error_rate"":0.005}","{""detection_events"":31637,""detectors_checked"":1658880,""obs_mistake_mask=E"":21}"
     11264,        63,         0,   0.593,partition,dbf077dcb27292c07bc4fa5ba94c9f1073a88766ad6df92f00e1424a5becee63,"{""distance"":7,""physical_error_rate"":0.005}","{""detection_events"":173651,""detectors_checked"":9123840,""obs_mistake_mask=E"":63}"
     52224,       104,         0,    1.56,partition,c6de21f7ea45eb698cbbb5013eb3899e51cbf52c47d6f0abebe21a9aeefef9c2,"{""distance"":7,""physical_error_rate"":0.002}","{""detection_events"":326784,""detectors_checked"":42301440,""obs_mistake_mask=E"":104}"
     11264,        13,         0,   0.225,partition,37825f121b2b418831d03a05e31f5824f39b9b9b51d8ff6a1ebe2b392d780a54,"{""distance"":7,""physical_error_rate"":0.001}","{""detection_events"":35166,""detectors_checked"":9123840,""obs_mistake_mask=E"":13}"
      1024,         3,         0,   0.199,partition,c6de21f7ea45eb698cbbb5013eb3899e51cbf52c47d6f0abebe21a9aeefef9c2,"{""distance"":7,""physical_error_rate"":0.002}","{""detection_events"":6290,""detectors_checked"":829440,""obs_mistake_mask=E"":3}"
      1024,         3,         0,   0.178,partition,c6de21f7ea45eb698cbbb5013eb3899e51cbf52c47d6f0abebe21a9aeefef9c2,"{""distance"":7,""physical_error_rate"":0.002}","{""detection_events"":6500,""detectors_checked"":829440,""obs_mistake_mask=E"":3}"
       273,         0,         0,   0.010,partition,6fdde915643375a7be008a8f7ad62bb5a2cdc52511c7dc5cfd32772d1f412a51,"{""distance"":7,""physical_error_rate"":0.0002}","{""detection_events"":169,""detectors_checked"":221130}"
      1024,         0,         0,   0.033,partition,6fdde915643375a7be008a8f7ad62bb5a2cdc52511c7dc5cfd32772d1f412a51,"{""distance"":7,""physical_error_rate"":0.0002}","{""detection_events"":622,""detectors_checked"":829440}"
      1024,         0,         0,   0.015,partition,6fdde915643375a7be008a8f7ad62bb5a2cdc52511c7dc5cfd32772d1f412a51,"{""distance"":7,""physical_error_rate"":0.0002}","{""detection_events"":616,""detectors_checked"":829440}"
     14336,        12,         0,   0.310,partition,37825f121b2b418831d03a05e31f5824f39b9b9b51d8ff6a1ebe2b392d780a54,"{""distance"":7,""physical_error_rate"":0.001}","{""detection_events"":45325,""detectors_checked"":11612160,""obs_mistake_mask=E"":12}"
      1024,         0,         0,   0.026,partition,6fdde915643375a7be008a8f7ad62bb5a2cdc52511c7dc5cfd32772d1f412a51,"{""distance"":7,""physical_error_rate"":0.0002}","{""detection_events"":697,""detectors_checked"":829440}"
      2048,         7,         0,   0.142,partition,c6de21f7ea45eb698cbbb5013eb3899e51cbf52c47d6f0abebe21a9aeefef9c2,"{""distance"":7,""physical_error_rate"":0.002}","{""detection_events"":12809,""detectors_checked"":1658880,""obs_mistake_mask=E"":7}"
    112640,        41,         0,    1.56,partition,7ac97d1308a922fe56a02132cde47b4711ff03116cdd79ab8757c2e3bd7aa62f,"{""distance"":7,""physical_error_rate"":0.0005}","{""detection_events"":178489,""detectors_checked"":91238400,""obs_mistake_mask=E"":41}"
      2048,         0,         0,   0.058,partition,6fdde915643375a7be008a8f7ad62bb5a2cdc52511c7dc5cfd32772d1f412a51,"{""distance"":7,""physical_error_rate"":0.0002}","{""detection_events"":1214,""detectors_checked"":1658880}"
     81920,        86,         0,    1.57,partition,37825f121b2b418831d03a05e31f5824f39b9b9b51d8ff6a1ebe2b392d780a54,"{""distance"":7,""physical_error_rate"":0.001}","{""detection_events"":258353,""detectors_checked"":66355200,""obs_mistake_mask=E"":86}"
      2048,         1,         0,   0.059,partition,6fdde915643375a7be008a8f7ad62bb5a2cdc52511c7dc5cfd32772d1f412a51,"{""distance"":7,""physical_error_rate"":0.0002}","{""detection_events"":1330,""detectors_checked"":1658880,""obs_mistake_mask=E"":1}"
      2048,         8,         0,   0.136,partition,c6de21f7ea45eb698cbbb5013eb3899e51cbf52c47d6f0abebe21a9aeefef9c2,"{""distance"":7,""physical_error_rate"":0.002}","{""detection_events"":13042,""detectors_checked"":1658880,""obs_mistake_mask=E"":8}"
    142336,        20,         0,    1.56,partition,6fdde915643375a7be008a8f7ad62bb5a2cdc52511c7dc5cfd32772d1f412a51,"{""distance"":7,""physical_error_rate"":0.0002}","{""detection_events"":90070,""detectors_checked"":115292160,""obs_mistake_mask=E"":20}"
      6144,         0,         0,   0.078,partition,6fdde915643375a7be008a8f7ad62bb5a2cdc52511c7dc5cfd32772d1f412a51,"{""distance"":7,""physical_error_rate"":0.0002}","{""detection_events"":4087,""detectors_checked"":4976640}"
      8192,         2,         0,   0.119,partition,6fdde915643375a7be008a8f7ad62bb5a2cdc52511c7dc5cfd32772d1f412a51,"{""distance"":7,""physical_error_rate"":0.0002}","{""detection_events"":5020,""detectors_checked"":6635520,""obs_mistake_mask=E"":2}"
     20480,        18,         0,   0.409,partition,37825f121b2b418831d03a05e31f5824f39b9b9b51d8ff6a1ebe2b392d780a54,"{""distance"":7,""physical_error_rate"":0.001}","{""detection_events"":64886,""detectors_checked"":16588800,""obs_mistake_mask=E"":18}"
      2048,         3,         0,   0.248,partition,c6de21f7ea45eb698cbbb5013eb3899e51cbf52c47d6f0abebe21a9aeefef9c2,"{""distance"":7,""physical_error_rate"":0.002}","{""detection_events"":13064,""detectors_checked"":1658880,""obs_mistake_mask=E"":3}"
      5120,         0,         0,   0.197,partition,6fdde915643375a7be008a8f7ad62bb5a2cdc52511c7dc5cfd32772d1f412a51,"{""distance"":7,""physical_error_rate"":0.0002}","{""detection_events"":3225,""detectors_checked"":4147200}"
    133120,        25,         0,    1.55,partition,6fdde915643375a7be008a8f7ad62bb5a2cdc52511c7dc5cfd32772d1f412a51,"{""distance"":7,""physical_error_rate"":0.0002}","{""detection_events"":83622,""detectors_checked"":107827200,""obs_mistake_mask=E"":25}"
      5120,        10,         0,   0.208,partition,c6de21f7ea45eb698cbbb5013eb3899e51cbf52c47d6f0abebe21a9aeefef9c2,"{""distance"":7,""physical_error_rate"":0.002}","{""detection_events"":32389,""detectors_checked"":4147200,""obs_mistake_mask=E"":10}"
    112640,        52,         0,    1.55,partition,7ac97d1308a922fe56a02132cde47b4711ff03116cdd79ab8757c2e3bd7aa62f,"{""distance"":7,""physical_error_rate"":0.0005}","{""detection_events"":177761,""detectors_checked"":91238400,""obs_mistake_mask=E"":52}"
      7168,         1,         0,   0.214,partition,6fdde915643375a7be008a8f7ad62bb5a2cdc52511c7dc5cfd32772d1f412a51,"{""distance"":7,""physical_error_rate"":0.0002}","{""detection_events"":4488,""detectors_checked"":5806080,""obs_mistake_mask=E"":1}"
     18432,        21,         0,   0.572,partition,37825f121b2b418831d03a05e31f5824f39b9b9b51d8ff6a1ebe2b392d780a54,"{""distance"":7,""physical_error_rate"":0.001}","{""detection_events"":57764,""detectors_checked"":14929920,""obs_mistake_mask=E"":21}"
      5120,         7,         0,   0.361,partition,c6de21f7ea45eb698cbbb5013eb3899e51cbf52c47d6f0abebe21a9aeefef9c2,"{""distance"":7,""physical_error_rate"":0.002}","{""detection_events"":32116,""detectors_checked"":4147200,""obs_mistake_mask=E"":7}"
         1,         0,         0,   0.014,partition,7ac97d1308a922fe56a02132cde47b4711ff03116cdd79ab8757c2e3bd7aa62f,"{""distance"":7,""physical_error_rate"":0.0005}","{""detection_events"":2,""detectors_checked"":810}"
     20480,         3,         0,   0.292,partition,6fdde915643375a7be008a8f7ad62bb5a2cdc52511c7dc5cfd32772d1f412a51,"{""distance"":7,""physical_error_rate"":0.0002}","{""detection_events"":12636,""detectors_checked"":16588800,""obs_mistake_mask=E"":3}"
      1296,         1,         0,   0.050,partition,7ac97d1308a922fe56a02132cde47b4711ff03116cdd79ab8757c2e3bd7aa62f,"{""distance"":7,""physical_error_rate"":0.0005}","{""detection_events"":2135,""detectors_checked"":1049760,""obs_mistake_mask=E"":1}"
      1024,         0,         0,   0.045,partition,7ac97d1308a922fe56a02132cde47b4711ff03116cdd79ab8757c2e3bd7aa62f,"{""distance"":7,""physical_error_rate"":0.0005}","{""detection_events"":1625,""detectors_checked"":829440}"
      1024,         2,         0,   0.031,partition,7ac97d1308a922fe56a02132cde47b4711ff03116cdd79ab8757c2e3bd7aa62f,"{""distance"":7,""physical_error_rate"":0.0005}","{""detection_events"":1664,""detectors_checked"":829440,""obs_mistake_mask=E"":2}"
      2048,         0,         0,   0.221,partition,7ac97d1308a922fe56a02132cde47b4711ff03116cdd79ab8757c2e3bd7aa62f,"{""distance"":7,""physical_error_rate"":0.0005}","{""detection_events"":3041,""detectors_checked"":1658880}"
      5120,         7,         0,   0.406,partition,c6de21f7ea45eb698cbbb5013eb3899e51cbf52c47d6f0abebe21a9aeefef9c2,"{""distance"":7,""physical_error_rate"":0.002}","{""detection_events"":32100,""detectors_checked"":4147200,""obs_mistake_mask=E"":7}"
     33792,         3,         0,   0.409,partition,6fdde915643375a7be008a8f7ad62bb5a2cdc52511c7dc5cfd32772d1f412a51,"{""distance"":7,""physical_error_rate"":0.0002}","{""detection_events"":21357,""detectors_checked"":27371520,""obs_mistake_mask=E"":3}"
    146432,        69,         0,    2.18,partition,7ac97d1308a922fe56a02132cde47b4711ff03116cdd79ab8757c2e3bd7aa62f,"{""distance"":7,""physical_error_rate"":0.0005}","{""detection_events"":232333,""detectors_checked"":118609920,""obs_mistake_mask=E"":69}"
    190464,        33,         0,    2.17,partition,6fdde915643375a7be008a8f7ad62bb5a2cdc52511c7dc5cfd32772d1f412a51,"{""distance"":7,""physical_error_rate"":0.0002}","{""detection_events"":119982,""detectors_checked"":154275840,""obs_mistake_mask=E"":33}"
    114688,       114,         0,    2.18,partition,37825f121b2b418831d03a05e31f5824f39b9b9b51d8ff6a1ebe2b392d780a54,"{""distance"":7,""physical_error_rate"":0.001}","{""detection_events"":359208,""detectors_checked"":92897280,""obs_mistake_mask=E"":114}"
      2048,         0,         0,   0.104,partition,7ac97d1308a922fe56a02132cde47b4711ff03116cdd79ab8757c2e3bd7aa62f,"{""distance"":7,""physical_error_rate"":0.0005}","{""detection_events"":3267,""detectors_checked"":1658880}"
     73728,       167,         0,    2.20,partition,c6de21f7ea45eb698cbbb5013eb3899e51cbf52c47d6f0abebe21a9aeefef9c2,"{""distance"":7,""physical_error_rate"":0.002}","{""detection_events"":461170,""detectors_checked"":59719680,""obs_mistake_mask=E"":167}"
      1024,         0,         0,   0.154,partition,7ac97d1308a922fe56a02132cde47b4711ff03116cdd79ab8757c2e3bd7aa62f,"{""distance"":7,""physical_error_rate"":0.0005}","{""detection_events"":1668,""detectors_checked"":829440}"
       273,         1,         0,   0.016,partition,c6de21f7ea45eb698cbbb5013eb3899e51cbf52c47d6f0abebe21a9aeefef9c2,"{""distance"":7,""physical_error_rate"":0.002}","{""detection_events"":1684,""detectors_checked"":221130,""obs_mistake_mask=E"":1}"
     40960,        39,         0,   0.796,partition,37825f121b2b418831d03a05e31f5824f39b9b9b51d8ff6a1ebe2b392d780a54,"{""distance"":7,""physical_error_rate"":0.001}","{""detection_events"":129131,""detectors_checked"":33177600,""obs_mistake_mask=E"":39}"
      1024,         3,         0,   0.042,partition,c6de21f7ea45eb698cbbb5013eb3899e51cbf52c47d6f0abebe21a9aeefef9c2,"{""distance"":7,""physical_error_rate"":0.002}","{""detection_events"":6613,""detectors_checked"":829440,""obs_mistake_mask=E"":3}"
      1024,         0,         0,   0.168,partition,7ac97d1308a922fe56a02132cde47b4711ff03116cdd79ab8757c2e3bd7aa62f,"{""distance"":7,""physical_error_rate"":0.0005}","{""detection_events"":1659,""detectors_checked"":829440}"
     65536,       126,         0,    2.18,partition,c6de21f7ea45eb698cbbb5013eb3899e51cbf52c47d6f0abebe21a9aeefef9c2,"{""distance"":7,""physical_error_rate"":0.002}","{""detection_events"":408581,""detectors_checked"":53084160,""obs_mistake_mask=E"":126}"
      1024,         3,         0,   0.039,partition,c6de21f7ea45eb698cbbb5013eb3899e51cbf52c47d6f0abebe21a9aeefef9c2,"{""distance"":7,""physical_error_rate"":0.002}","{""detection_events"":6420,""detectors_checked"":829440,""obs_mistake_mask=E"":3}"
      5120,         8,         0,   0.443,partition,c6de21f7ea45eb698cbbb5013eb3899e51cbf52c47d6f0abebe21a9aeefef9c2,"{""distance"":7,""physical_error_rate"":0.002}","{""detection_events"":32126,""detectors_checked"":4147200,""obs_mistake_mask=E"":8}"
      1024,         3,         0,   0.029,partition,c6de21f7ea45eb698cbbb5013eb3899e51cbf52c47d6f0abebe21a9aeefef9c2,"{""distance"":7,""physical_error_rate"":0.002}","{""detection_events"":6351,""detectors_checked"":829440,""obs_mistake_mask=E"":3}"
      7168,        11,         0,   0.213,partition,c6de21f7ea45eb698cbbb5013eb3899e51cbf52c47d6f0abebe21a9aeefef9c2,"{""distance"":7,""physical_error_rate"":0.002}","{""detection_events"":45196,""detectors_checked"":5806080,""obs_mistake_mask=E"":11}"
      1024,         2,         0,   0.040,partition,c6de21f7ea45eb698cbbb5013eb3899e51cbf52c47d6f0abebe21a9aeefef9c2,"{""distance"":7,""physical_error_rate"":0.002}","{""detection_events"":6415,""detectors_checked"":829440,""obs_mistake_mask=E"":2}"
      5120,         2,         0,   0.148,partition,7ac97d1308a922fe56a02132cde47b4711ff03116cdd79ab8757c2e3bd7aa62f,"{""distance"":7,""physical_error_rate"":0.0005}","{""detection_events"":8245,""detectors_checked"":4147200,""obs_mistake_mask=E"":2}"
     48128,        11,         0,   0.572,partition,6fdde915643375a7be008a8f7ad62bb5a2cdc52511c7dc5cfd32772d1f412a51,"{""distance"":7,""physical_error_rate"":0.0002}","{""detection_events"":30374,""detectors_checked"":38983680,""obs_mistake_mask=E"":11}"
     14336,         8,         0,   0.210,partition,7ac97d1308a922fe56a02132cde47b4711ff03116cdd79ab8757c2e3bd7aa62f,"{""distance"":7,""physical_error_rate"":0.0005}","{""detection_events"":22942,""detectors_checked"":11612160,""obs_mistake_mask=E"":8}"
    155648,        97,         0,    2.17,partition,7ac97d1308a922fe56a02132cde47b4711ff03116cdd79ab8757c2e3bd7aa62f,"{""distance"":7,""physical_error_rate"":0.0005}","{""detection_events"":246733,""detectors_checked"":126074880,""obs_mistake_mask=E"":97}"
    114688,       112,         0,    2.17,partition,37825f121b2b418831d03a05e31f5824f39b9b9b51d8ff6a1ebe2b392d780a54,"{""distance"":7,""physical_error_rate"":0.001}","{""detection_events"":360649,""detectors_checked"":92897280,""obs_mistake_mask=E"":112}"
    192512,        31,         0,    2.17,partition,6fdde915643375a7be008a8f7ad62bb5a2cdc52511c7dc5cfd32772d1f412a51,"{""distance"":7,""physical_error_rate"":0.0002}","{""detection_events"":122234,""detectors_checked"":155934720,""obs_mistake_mask=E"":31}"
     21504,         7,         0,   0.302,partition,7ac97d1308a922fe56a02132cde47b4711ff03116cdd79ab8757c2e3bd7aa62f,"{""distance"":7,""physical_error_rate"":0.0005}","{""detection_events"":34012,""detectors_checked"":17418240,""obs_mistake_mask=E"":7}"
    182272,        31,         0,    2.18,partition,6fdde915643375a7be008a8f7ad62bb5a2cdc52511c7dc5cfd32772d1f412a51,"{""distance"":7,""physical_error_rate"":0.0002}","{""detection_events"":115407,""detectors_checked"":147640320,""obs_mistake_mask=E"":31}"
     68608,         8,         0,   0.797,partition,6fdde915643375a7be008a8f7ad62bb5a2cdc52511c7dc5cfd32772d1f412a51,"{""distance"":7,""physical_error_rate"":0.0002}","{""detection_events"":43255,""detectors_checked"":55572480,""obs_mistake_mask=E"":8}"
       273,         0,         0,   0.012,partition,37825f121b2b418831d03a05e31f5824f39b9b9b51d8ff6a1ebe2b392d780a54,"{""distance"":7,""physical_error_rate"":0.001}","{""detection_events"":866,""detectors_checked"":221130}"
    154624,        57,         0,    2.17,partition,7ac97d1308a922fe56a02132cde47b4711ff03116cdd79ab8757c2e3bd7aa62f,"{""distance"":7,""physical_error_rate"":0.0005}","{""detection_events"":244392,""detectors_checked"":125245440,""obs_mistake_mask=E"":57}"
      1024,         0,         0,   0.030,partition,37825f121b2b418831d03a05e31f5824f39b9b9b51d8ff6a1ebe2b392d780a54,"{""distance"":7,""physical_error_rate"":0.001}","{""detection_events"":3172,""detectors_checked"":829440}"
      1024,         1,         0,   0.027,partition,37825f121b2b418831d03a05e31f5824f39b9b9b51d8ff6a1ebe2b392d780a54,"{""distance"":7,""physical_error_rate"":0.001}","{""detection_events"":3223,""detectors_checked"":829440,""obs_mistake_mask=E"":1}"
     28672,         8,         0,   0.416,partition,7ac97d1308a922fe56a02132cde47b4711ff03116cdd79ab8757c2e3bd7aa62f,"{""distance"":7,""physical_error_rate"":0.0005}","{""detection_events"":45126,""detectors_checked"":23224320,""obs_mistake_mask=E"":8}"
     58368,        56,         0,    1.12,partition,37825f121b2b418831d03a05e31f5824f39b9b9b51d8ff6a1ebe2b392d780a54,"{""distance"":7,""physical_error_rate"":0.001}","{""detection_events"":183455,""detectors_checked"":47278080,""obs_mistake_mask=E"":56}"
      2048,         1,         0,   0.050,partition,37825f121b2b418831d03a05e31f5824f39b9b9b51d8ff6a1ebe2b392d780a54,"{""distance"":7,""physical_error_rate"":0.001}","{""detection_events"":6354,""detectors_checked"":1658880,""obs_mistake_mask=E"":1}"
      2048,         2,         0,   0.046,partition,37825f121b2b418831d03a05e31f5824f39b9b9b51d8ff6a1ebe2b392d780a54,"{""distance"":7,""physical_error_rate"":0.001}","{""detection_events"":6215,""detectors_checked"":1658880,""obs_mistake_mask=E"":2}"
      3072,         5,         0,   0.068,partition,37825f121b2b418831d03a05e31f5824f39b9b9b51d8ff6a1ebe2b392d780a54,"{""distance"":7,""physical_error_rate"":0.001}","{""detection_events"":9751,""detectors_checked"":2488320,""obs_mistake_mask=E"":5}"
      4096,         4,         0,   0.085,partition,37825f121b2b418831d03a05e31f5824f39b9b9b51d8ff6a1ebe2b392d780a54,"{""distance"":7,""physical_error_rate"":0.001}","{""detection_events"":12628,""detectors_checked"":3317760,""obs_mistake_mask=E"":4}"
      5120,         5,         0,   0.110,partition,37825f121b2b418831d03a05e31f5824f39b9b9b51d8ff6a1ebe2b392d780a54,"{""distance"":7,""physical_error_rate"":0.001}","{""detection_events"":15865,""detectors_checked"":4147200,""obs_mistake_mask=E"":5}"
      7168,         4,         0,   0.154,partition,37825f121b2b418831d03a05e31f5824f39b9b9b51d8ff6a1ebe2b392d780a54,"{""distance"":7,""physical_error_rate"":0.001}","{""detection_events"":22486,""detectors_checked"":5806080,""obs_mistake_mask=E"":4}"
     24576,        14,         0,   0.570,partition,7ac97d1308a922fe56a02132cde47b4711ff03116cdd79ab8757c2e3bd7aa62f,"{""distance"":7,""physical_error_rate"":0.0005}","{""detection_events"":38885,""detectors_checked"":19906560,""obs_mistake_mask=E"":14}"
      7168,        10,         0,   0.209,partition,37825f121b2b418831d03a05e31f5824f39b9b9b51d8ff6a1ebe2b392d780a54,"{""distance"":7,""physical_error_rate"":0.001}","{""detection_events"":22245,""detectors_checked"":5806080,""obs_mistake_mask=E"":10}"
     66560,        63,         0,    1.35,partition,37825f121b2b418831d03a05e31f5824f39b9b9b51d8ff6a1ebe2b392d780a54,"{""distance"":7,""physical_error_rate"":0.001}","{""detection_events"":210317,""detectors_checked"":53913600,""obs_mistake_mask=E"":63}"
    114688,       108,         0,    2.13,partition,37825f121b2b418831d03a05e31f5824f39b9b9b51d8ff6a1ebe2b392d780a54,"{""distance"":7,""physical_error_rate"":0.001}","{""detection_events"":361025,""detectors_checked"":92897280,""obs_mistake_mask=E"":108}"
     17408,        11,         0,   0.718,partition,37825f121b2b418831d03a05e31f5824f39b9b9b51d8ff6a1ebe2b392d780a54,"{""distance"":7,""physical_error_rate"":0.001}","{""detection_events"":54340,""detectors_checked"":14100480,""obs_mistake_mask=E"":11}"
      1297,         0,         0,   0.040,partition,6fdde915643375a7be008a8f7ad62bb5a2cdc52511c7dc5cfd32772d1f412a51,"{""distance"":7,""physical_error_rate"":0.0002}","{""detection_events"":808,""detectors_checked"":1050570}"
      1024,         4,         0,   0.043,partition,37825f121b2b418831d03a05e31f5824f39b9b9b51d8ff6a1ebe2b392d780a54,"{""distance"":7,""physical_error_rate"":0.001}","{""detection_events"":3450,""detectors_checked"":829440,""obs_mistake_mask=E"":4}"
      1024,         1,         0,   0.079,partition,6fdde915643375a7be008a8f7ad62bb5a2cdc52511c7dc5cfd32772d1f412a51,"{""distance"":7,""physical_error_rate"":0.0002}","{""detection_events"":661,""detectors_checked"":829440,""obs_mistake_mask=E"":1}"
         1,         0,         0,   0.002,partition,c6de21f7ea45eb698cbbb5013eb3899e51cbf52c47d6f0abebe21a9aeefef9c2,"{""distance"":7,""physical_error_rate"":0.002}","{""detection_events"":8,""detectors_checked"":810}"
      1024,         0,         0,   0.083,partition,6fdde915643375a7be008a8f7ad62bb5a2cdc52511c7dc5cfd32772d1f412a51,"{""distance"":7,""physical_error_rate"":0.0002}","{""detection_events"":666,""detectors_checked"":829440}"
      1024,         0,         0,   0.075,partition,6fdde915643375a7be008a8f7ad62bb5a2cdc52511c7dc5cfd32772d1f412a51,"{""distance"":7,""physical_error_rate"":0.0002}","{""detection_events"":548,""detectors_checked"":829440}"
     56320,         3,         0,    1.10,partition,6fdde915643375a7be008a8f7ad62bb5a2cdc52511c7dc5cfd32772d1f412a51,"{""distance"":7,""physical_error_rate"":0.0002}","{""detection_events"":35351,""detectors_checked"":45619200,""obs_mistake_mask=E"":3}"
      1024,         0,         0,   0.109,partition,6fdde915643375a7be008a8f7ad62bb5a2cdc52511c7dc5cfd32772d1f412a51,"{""distance"":7,""physical_error_rate"":0.0002}","{""detection_events"":638,""detectors_checked"":829440}"
      1024,         0,         0,   0.092,partition,6fdde915643375a7be008a8f7ad62bb5a2cdc52511c7dc5cfd32772d1f412a51,"{""distance"":7,""physical_error_rate"":0.0002}","{""detection_events"":617,""detectors_checked"":829440}"
      1024,         0,         0,   0.114,partition,6fdde915643375a7be008a8f7ad62bb5a2cdc52511c7dc5cfd32772d1f412a51,"{""distance"":7,""physical_error_rate"":0.0002}","{""detection_events"":665,""detectors_checked"":829440}"
     22528,        10,         0,   0.800,partition,7ac97d1308a922fe56a02132cde47b4711ff03116cdd79ab8757c2e3bd7aa62f,"{""distance"":7,""physical_error_rate"":0.0005}","{""detection_events"":35784,""detectors_checked"":18247680,""obs_mistake_mask=E"":10}"
      2048,         0,         0,   0.185,partition,6fdde915643375a7be008a8f7ad62bb5a2cdc52511c7dc5cfd32772d1f412a51,"{""distance"":7,""physical_error_rate"":0.0002}","{""detection_events"":1364,""detectors_checked"":1658880}"
    218112,        98,         0,    3.05,partition,7ac97d1308a922fe56a02132cde47b4711ff03116cdd79ab8757c2e3bd7aa62f,"{""distance"":7,""physical_error_rate"":0.0005}","{""detection_events"":343903,""detectors_checked"":176670720,""obs_mistake_mask=E"":98}"
    265216,        55,         0,    3.05,partition,6fdde915643375a7be008a8f7ad62bb5a2cdc52511c7dc5cfd32772d1f412a51,"{""distance"":7,""physical_error_rate"":0.0002}","{""detection_events"":167198,""detectors_checked"":214824960,""obs_mistake_mask=E"":55}"
      2048,         0,         0,   0.192,partition,6fdde915643375a7be008a8f7ad62bb5a2cdc52511c7dc5cfd32772d1f412a51,"{""distance"":7,""physical_error_rate"":0.0002}","{""detection_events"":1243,""detectors_checked"":1658880}"
      3072,         0,         0,   0.304,partition,6fdde915643375a7be008a8f7ad62bb5a2cdc52511c7dc5cfd32772d1f412a51,"{""distance"":7,""physical_error_rate"":0.0002}","{""detection_events"":2009,""detectors_checked"":2488320}"
     14336,         4,         0,   0.258,partition,6fdde915643375a7be008a8f7ad62bb5a2cdc52511c7dc5cfd32772d1f412a51,"{""distance"":7,""physical_error_rate"":0.0002}","{""detection_events"":8965,""detectors_checked"":11612160,""obs_mistake_mask=E"":4}"
    217088,       111,         0,    3.04,partition,7ac97d1308a922fe56a02132cde47b4711ff03116cdd79ab8757c2e3bd7aa62f,"{""distance"":7,""physical_error_rate"":0.0005}","{""detection_events"":343401,""detectors_checked"":175841280,""obs_mistake_mask=E"":111}"
    163840,        78,         0,    2.41,partition,7ac97d1308a922fe56a02132cde47b4711ff03116cdd79ab8757c2e3bd7aa62f,"{""distance"":7,""physical_error_rate"":0.0005}","{""detection_events"":258888,""detectors_checked"":132710400,""obs_mistake_mask=E"":78}"
     44032,        19,         0,   0.763,partition,7ac97d1308a922fe56a02132cde47b4711ff03116cdd79ab8757c2e3bd7aa62f,"{""distance"":7,""physical_error_rate"":0.0005}","{""detection_events"":69673,""detectors_checked"":35665920,""obs_mistake_mask=E"":19}"
      1024,         1,         0,   0.015,partition,7ac97d1308a922fe56a02132cde47b4711ff03116cdd79ab8757c2e3bd7aa62f,"{""distance"":7,""physical_error_rate"":0.0005}","{""detection_events"":1602,""detectors_checked"":829440,""obs_mistake_mask=E"":1}"
     28672,        15,         0,    1.01,partition,7ac97d1308a922fe56a02132cde47b4711ff03116cdd79ab8757c2e3bd7aa62f,"{""distance"":7,""physical_error_rate"":0.0005}","{""detection_events"":45229,""detectors_checked"":23224320,""obs_mistake_mask=E"":15}"
      1297,         0,         0,   0.022,partition,6fdde915643375a7be008a8f7ad62bb5a2cdc52511c7dc5cfd32772d1f412a51,"{""distance"":7,""physical_error_rate"":0.0002}","{""detection_events"":828,""detectors_checked"":1050570}"
      1024,         0,         0,   0.014,partition,6fdde915643375a7be008a8f7ad62bb5a2cdc52511c7dc5cfd32772d1f412a51,"{""distance"":7,""physical_error_rate"":0.0002}","{""detection_events"":649,""detectors_checked"":829440}"
      2048,         1,         0,   0.028,partition,6fdde915643375a7be008a8f7ad62bb5a2cdc52511c7dc5cfd32772d1f412a51,"{""distance"":7,""physical_error_rate"":0.0002}","{""detection_events"":1193,""detectors_checked"":1658880,""obs_mistake_mask=E"":1}"
        17,         0,         0,   0.003,partition,7ac97d1308a922fe56a02132cde47b4711ff03116cdd79ab8757c2e3bd7aa62f,"{""distance"":7,""physical_error_rate"":0.0005}","{""detection_events"":24,""detectors_checked"":13770}"
      1297,         0,         0,   0.022,partition,6fdde915643375a7be008a8f7ad62bb5a2cdc52511c7dc5cfd32772d1f412a51,"{""distance"":7,""physical_error_rate"":0.0002}","{""detection_events"":821,""detectors_checked"":1050570}"
      3072,         0,         0,   0.040,partition,6fdde915643375a7be008a8f7ad62bb5a2cdc52511c7dc5cfd32772d1f412a51,"{""distance"":7,""physical_error_rate"":0.0002}","{""detection_events"":1829,""detectors_checked"":2488320}"
      1024,         1,         0,   0.016,partition,6fdde915643375a7be008a8f7ad62bb5a2cdc52511c7dc5cfd32772d1f412a51,"{""distance"":7,""physical_error_rate"":0.0002}","{""detection_events"":673,""detectors_checked"":829440,""obs_mistake_mask=E"":1}"
    267264,        40,         0,    3.04,partition,6fdde915643375a7be008a8f7ad62bb5a2cdc52511c7dc5cfd32772d1f412a51,"{""distance"":7,""physical_error_rate"":0.0002}","{""detection_events"":168713,""detectors_checked"":216483840,""obs_mistake_mask=E"":40}"
      2048,         0,         0,   0.029,partition,6fdde915643375a7be008a8f7ad62bb5a2cdc52511c7dc5cfd32772d1f412a51,"{""distance"":7,""physical_error_rate"":0.0002}","{""detection_events"":1312,""detectors_checked"":1658880}"
      3072,         0,         0,   0.040,partition,6fdde915643375a7be008a8f7ad62bb5a2cdc52511c7dc5cfd32772d1f412a51,"{""distance"":7,""physical_error_rate"":0.0002}","{""detection_events"":2057,""detectors_checked"":2488320}"
      2048,         0,         0,   0.028,partition,6fdde915643375a7be008a8f7ad62bb5a2cdc52511c7dc5cfd32772d1f412a51,"{""distance"":7,""physical_error_rate"":0.0002}","{""detection_events"":1342,""detectors_checked"":1658880}"
    101376,        21,         0,    1.56,partition,6fdde915643375a7be008a8f7ad62bb5a2cdc52511c7dc5cfd32772d1f412a51,"{""distance"":7,""physical_error_rate"":0.0002}","{""detection_events"":64339,""detectors_checked"":82114560,""obs_mistake_mask=E"":21}"
      5120,         2,         0,   0.064,partition,6fdde915643375a7be008a8f7ad62bb5a2cdc52511c7dc5cfd32772d1f412a51,"{""distance"":7,""physical_error_rate"":0.0002}","{""detection_events"":3130,""detectors_checked"":4147200,""obs_mistake_mask=E"":2}"
      3072,         0,         0,   0.042,partition,6fdde915643375a7be008a8f7ad62bb5a2cdc52511c7dc5cfd32772d1f412a51,"{""distance"":7,""physical_error_rate"":0.0002}","{""detection_events"":1945,""detectors_checked"":2488320}"
      5120,         0,         0,   0.065,partition,6fdde915643375a7be008a8f7ad62bb5a2cdc52511c7dc5cfd32772d1f412a51,"{""distance"":7,""physical_error_rate"":0.0002}","{""detection_events"":3234,""detectors_checked"":4147200}"
      6144,         1,         0,   0.075,partition,6fdde915643375a7be008a8f7ad62bb5a2cdc52511c7dc5cfd32772d1f412a51,"{""distance"":7,""physical_error_rate"":0.0002}","{""detection_events"":3922,""detectors_checked"":4976640,""obs_mistake_mask=E"":1}"
     29696,         4,         0,   0.409,partition,6fdde915643375a7be008a8f7ad62bb5a2cdc52511c7dc5cfd32772d1f412a51,"{""distance"":7,""physical_error_rate"":0.0002}","{""detection_events"":18508,""detectors_checked"":24053760,""obs_mistake_mask=E"":4}"
      6144,         1,         0,   0.077,partition,6fdde915643375a7be008a8f7ad62bb5a2cdc52511c7dc5cfd32772d1f412a51,"{""distance"":7,""physical_error_rate"":0.0002}","{""detection_events"":3989,""detectors_checked"":4976640,""obs_mistake_mask=E"":1}"
      9216,         2,         0,   0.107,partition,6fdde915643375a7be008a8f7ad62bb5a2cdc52511c7dc5cfd32772d1f412a51,"{""distance"":7,""physical_error_rate"":0.0002}","{""detection_events"":5650,""detectors_checked"":7464960,""obs_mistake_mask=E"":2}"
      9216,         2,         0,   0.110,partition,6fdde915643375a7be008a8f7ad62bb5a2cdc52511c7dc5cfd32772d1f412a51,"{""distance"":7,""physical_error_rate"":0.0002}","{""detection_events"":6088,""detectors_checked"":7464960,""obs_mistake_mask=E"":2}"
    260096,        44,         0,    3.03,partition,6fdde915643375a7be008a8f7ad62bb5a2cdc52511c7dc5cfd32772d1f412a51,"{""distance"":7,""physical_error_rate"":0.0002}","{""detection_events"":163707,""detectors_checked"":210677760,""obs_mistake_mask=E"":44}"
         1,         0,         0,   0.001,partition,7ac97d1308a922fe56a02132cde47b4711ff03116cdd79ab8757c2e3bd7aa62f,"{""distance"":7,""physical_error_rate"":0.0005}","{""detection_events"":2,""detectors_checked"":810}"
     13312,         4,         0,   0.148,partition,6fdde915643375a7be008a8f7ad62bb5a2cdc52511c7dc5cfd32772d1f412a51,"{""distance"":7,""physical_error_rate"":0.0002}","{""detection_events"":8459,""detectors_checked"":10782720,""obs_mistake_mask=E"":4}"
     13312,         0,         0,   0.154,partition,6fdde915643375a7be008a8f7ad62bb5a2cdc52511c7dc5cfd32772d1f412a51,"{""distance"":7,""physical_error_rate"":0.0002}","{""detection_events"":8448,""detectors_checked"":10782720}"
     18432,         2,         0,   0.207,partition,6fdde915643375a7be008a8f7ad62bb5a2cdc52511c7dc5cfd32772d1f412a51,"{""distance"":7,""physical_error_rate"":0.0002}","{""detection_events"":11746,""detectors_checked"":14929920,""obs_mistake_mask=E"":2}"
     19456,         3,         0,   0.216,partition,6fdde915643375a7be008a8f7ad62bb5a2cdc52511c7dc5cfd32772d1f412a51,"{""distance"":7,""physical_error_rate"":0.0002}","{""detection_events"":12224,""detectors_checked"":15759360,""obs_mistake_mask=E"":3}"
       273,         0,         0,   0.012,partition,37825f121b2b418831d03a05e31f5824f39b9b9b51d8ff6a1ebe2b392d780a54,"{""distance"":7,""physical_error_rate"":0.001}","{""detection_events"":910,""detectors_checked"":221130}"
     50176,         9,         0,   0.566,partition,6fdde915643375a7be008a8f7ad62bb5a2cdc52511c7dc5cfd32772d1f412a51,"{""distance"":7,""physical_error_rate"":0.0002}","{""detection_events"":31412,""detectors_checked"":40642560,""obs_mistake_mask=E"":9}"
     26624,         1,         0,   0.299,partition,6fdde915643375a7be008a8f7ad62bb5a2cdc52511c7dc5cfd32772d1f412a51,"{""distance"":7,""physical_error_rate"":0.0002}","{""detection_events"":16935,""detectors_checked"":21565440,""obs_mistake_mask=E"":1}"
     25600,         9,         0,   0.295,partition,6fdde915643375a7be008a8f7ad62bb5a2cdc52511c7dc5cfd32772d1f412a51,"{""distance"":7,""physical_error_rate"":0.0002}","{""detection_events"":16265,""detectors_checked"":20736000,""obs_mistake_mask=E"":9}"
     35840,         6,         0,   0.412,partition,6fdde915643375a7be008a8f7ad62bb5a2cdc52511c7dc5cfd32772d1f412a51,"{""distance"":7,""physical_error_rate"":0.0002}","{""detection_events"":22653,""detectors_checked"":29030400,""obs_mistake_mask=E"":6}"
     36864,         4,         0,   0.413,partition,6fdde915643375a7be008a8f7ad62bb5a2cdc52511c7dc5cfd32772d1f412a51,"{""distance"":7,""physical_error_rate"":0.0002}","{""detection_events"":23180,""detectors_checked"":29859840,""obs_mistake_mask=E"":4}"
     67584,        11,         0,   0.798,partition,6fdde915643375a7be008a8f7ad62bb5a2cdc52511c7dc5cfd32772d1f412a51,"{""distance"":7,""physical_error_rate"":0.0002}","{""detection_events"":42879,""detectors_checked"":54743040,""obs_mistake_mask=E"":11}"
     48128,         6,         0,   0.566,partition,6fdde915643375a7be008a8f7ad62bb5a2cdc52511c7dc5cfd32772d1f412a51,"{""distance"":7,""physical_error_rate"":0.0002}","{""detection_events"":30400,""detectors_checked"":38983680,""obs_mistake_mask=E"":6}"
     49152,         3,         0,   0.574,partition,6fdde915643375a7be008a8f7ad62bb5a2cdc52511c7dc5cfd32772d1f412a51,"{""distance"":7,""physical_error_rate"":0.0002}","{""detection_events"":30964,""detectors_checked"":39813120,""obs_mistake_mask=E"":3}"
    188416,        32,         0,    2.17,partition,6fdde915643375a7be008a8f7ad62bb5a2cdc52511c7dc5cfd32772d1f412a51,"{""distance"":7,""physical_error_rate"":0.0002}","{""detection_events"":118361,""detectors_checked"":152616960,""obs_mistake_mask=E"":32}"
      1297,         0,         0,   0.020,partition,6fdde915643375a7be008a8f7ad62bb5a2cdc52511c7dc5cfd32772d1f412a51,"{""distance"":7,""physical_error_rate"":0.0002}","{""detection_events"":749,""detectors_checked"":1050570}"
      1024,         0,         0,   0.014,partition,6fdde915643375a7be008a8f7ad62bb5a2cdc52511c7dc5cfd32772d1f412a51,"{""distance"":7,""physical_error_rate"":0.0002}","{""detection_events"":671,""detectors_checked"":829440}"
      2048,         0,         0,   0.027,partition,6fdde915643375a7be008a8f7ad62bb5a2cdc52511c7dc5cfd32772d1f412a51,"{""distance"":7,""physical_error_rate"":0.0002}","{""detection_events"":1274,""detectors_checked"":1658880}"
      3072,         0,         0,   0.039,partition,6fdde915643375a7be008a8f7ad62bb5a2cdc52511c7dc5cfd32772d1f412a51,"{""distance"":7,""physical_error_rate"":0.0002}","{""detection_events"":1846,""detectors_checked"":2488320}"
      4096,         1,         0,   0.050,partition,6fdde915643375a7be008a8f7ad62bb5a2cdc52511c7dc5cfd32772d1f412a51,"{""distance"":7,""physical_error_rate"":0.0002}","{""detection_events"":2677,""detectors_checked"":3317760,""obs_mistake_mask=E"":1}"
      5120,         2,         0,   0.060,partition,6fdde915643375a7be008a8f7ad62bb5a2cdc52511c7dc5cfd32772d1f412a51,"{""distance"":7,""physical_error_rate"":0.0002}","{""detection_events"":3311,""detectors_checked"":4147200,""obs_mistake_mask=E"":2}"
     96256,        18,         0,    1.11,partition,6fdde915643375a7be008a8f7ad62bb5a2cdc52511c7dc5cfd32772d1f412a51,"{""distance"":7,""physical_error_rate"":0.0002}","{""detection_events"":60879,""detectors_checked"":77967360,""obs_mistake_mask=E"":18}"
     70656,        14,         0,   0.800,partition,6fdde915643375a7be008a8f7ad62bb5a2cdc52511c7dc5cfd32772d1f412a51,"{""distance"":7,""physical_error_rate"":0.0002}","{""detection_events"":44077,""detectors_checked"":57231360,""obs_mistake_mask=E"":14}"
      7168,         2,         0,   0.084,partition,6fdde915643375a7be008a8f7ad62bb5a2cdc52511c7dc5cfd32772d1f412a51,"{""distance"":7,""physical_error_rate"":0.0002}","{""detection_events"":4445,""detectors_checked"":5806080,""obs_mistake_mask=E"":2}"
         1,         0,         0,   0.002,partition,37825f121b2b418831d03a05e31f5824f39b9b9b51d8ff6a1ebe2b392d780a54,"{""distance"":7,""physical_error_rate"":0.001}","{""detectors_checked"":810}"
     70656,        13,         0,   0.788,partition,6fdde915643375a7be008a8f7ad62bb5a2cdc52511c7dc5cfd32772d1f412a51,"{""distance"":7,""physical_error_rate"":0.0002}","{""detection_events"":44832,""detectors_checked"":57231360,""obs_mistake_mask=E"":13}"
     10240,         2,         0,   0.115,partition,6fdde915643375a7be008a8f7ad62bb5a2cdc52511c7dc5cfd32772d1f412a51,"{""distance"":7,""physical_error_rate"":0.0002}","{""detection_events"":6603,""detectors_checked"":8294400,""obs_mistake_mask=E"":2}"
     13312,         4,         0,   0.149,partition,6fdde915643375a7be008a8f7ad62bb5a2cdc52511c7dc5cfd32772d1f412a51,"{""distance"":7,""physical_error_rate"":0.0002}","{""detection_events"":8402,""detectors_checked"":10782720,""obs_mistake_mask=E"":4}"
      1297,         0,         0,   0.022,partition,6fdde915643375a7be008a8f7ad62bb5a2cdc52511c7dc5cfd32772d1f412a51,"{""distance"":7,""physical_error_rate"":0.0002}","{""detection_events"":852,""detectors_checked"":1050570}"
      1024,         1,         0,   0.014,partition,6fdde915643375a7be008a8f7ad62bb5a2cdc52511c7dc5cfd32772d1f412a51,"{""distance"":7,""physical_error_rate"":0.0002}","{""detection_events"":576,""detectors_checked"":829440,""obs_mistake_mask=E"":1}"
      2048,         1,         0,   0.028,partition,6fdde915643375a7be008a8f7ad62bb5a2cdc52511c7dc5cfd32772d1f412a51,"{""distance"":7,""physical_error_rate"":0.0002}","{""detection_events"":1304,""detectors_checked"":1658880,""obs_mistake_mask=E"":1}"
      3072,         0,         0,   0.040,partition,6fdde915643375a7be008a8f7ad62bb5a2cdc52511c7dc5cfd32772d1f412a51,"{""distance"":7,""physical_error_rate"":0.0002}","{""detection_events"":1981,""detectors_checked"":2488320}"
     18432,         5,         0,   0.207,partition,6fdde915643375a7be008a8f7ad62bb5a2cdc52511c7dc5cfd32772d1f412a51,"{""distance"":7,""physical_error_rate"":0.0002}","{""detection_events"":11345,""detectors_checked"":14929920,""obs_mistake_mask=E"":5}"
      3072,         0,         0,   0.041,partition,6fdde915643375a7be008a8f7ad62bb5a2cdc52511c7dc5cfd32772d1f412a51,"{""distance"":7,""physical_error_rate"":0.0002}","{""detection_events"":2123,""detectors_checked"":2488320}"
      5120,         0,         0,   0.063,partition,6fdde915643375a7be008a8f7ad62bb5a2cdc52511c7dc5cfd32772d1f412a51,"{""distance"":7,""physical_error_rate"":0.0002}","{""detection_events"":3246,""detectors_checked"":4147200}"
        17,         0,         0,   0.011,partition,6fdde915643375a7be008a8f7ad62bb5a2cdc52511c7dc5cfd32772d1f412a51,"{""distance"":7,""physical_error_rate"":0.0002}","{""detection_events"":17,""detectors_checked"":13770}"
      1280,         0,         0,   0.040,partition,6fdde915643375a7be008a8f7ad62bb5a2cdc52511c7dc5cfd32772d1f412a51,"{""distance"":7,""physical_error_rate"":0.0002}","{""detection_events"":815,""detectors_checked"":1036800}"
      6144,         1,         0,   0.078,partition,6fdde915643375a7be008a8f7ad62bb5a2cdc52511c7dc5cfd32772d1f412a51,"{""distance"":7,""physical_error_rate"":0.0002}","{""detection_events"":3929,""detectors_checked"":4976640,""obs_mistake_mask=E"":1}"
      2048,         1,         0,   0.030,partition,6fdde915643375a7be008a8f7ad62bb5a2cdc52511c7dc5cfd32772d1f412a51,"{""distance"":7,""physical_error_rate"":0.0002}","{""detection_events"":1250,""detectors_checked"":1658880,""obs_mistake_mask=E"":1}"
      2048,         0,         0,   0.027,partition,6fdde915643375a7be008a8f7ad62bb5a2cdc52511c7dc5cfd32772d1f412a51,"{""distance"":7,""physical_error_rate"":0.0002}","{""detection_events"":1156,""detectors_checked"":1658880}"
    377856,        83,         0,    4.25,partition,6fdde915643375a7be008a8f7ad62bb5a2cdc52511c7dc5cfd32772d1f412a51,"{""distance"":7,""physical_error_rate"":0.0002}","{""detection_events"":237792,""detectors_checked"":306063360,""obs_mistake_mask=E"":83}"
      3072,         2,         0,   0.041,partition,6fdde915643375a7be008a8f7ad62bb5a2cdc52511c7dc5cfd32772d1f412a51,"{""distance"":7,""physical_error_rate"":0.0002}","{""detection_events"":2009,""detectors_checked"":2488320,""obs_mistake_mask=E"":2}"
      9216,         3,         0,   0.106,partition,6fdde915643375a7be008a8f7ad62bb5a2cdc52511c7dc5cfd32772d1f412a51,"{""distance"":7,""physical_error_rate"":0.0002}","{""detection_events"":5795,""detectors_checked"":7464960,""obs_mistake_mask=E"":3}"
     26624,         3,         0,   0.297,partition,6fdde915643375a7be008a8f7ad62bb5a2cdc52511c7dc5cfd32772d1f412a51,"{""distance"":7,""physical_error_rate"":0.0002}","{""detection_events"":16965,""detectors_checked"":21565440,""obs_mistake_mask=E"":3}"
      5120,         2,         0,   0.063,partition,6fdde915643375a7be008a8f7ad62bb5a2cdc52511c7dc5cfd32772d1f412a51,"{""distance"":7,""physical_error_rate"":0.0002}","{""detection_events"":3129,""detectors_checked"":4147200,""obs_mistake_mask=E"":2}"
      7168,         2,         0,   0.084,partition,6fdde915643375a7be008a8f7ad62bb5a2cdc52511c7dc5cfd32772d1f412a51,"{""distance"":7,""physical_error_rate"":0.0002}","{""detection_events"":4505,""detectors_checked"":5806080,""obs_mistake_mask=E"":2}"
         1,         0,         0,   0.012,partition,7ac97d1308a922fe56a02132cde47b4711ff03116cdd79ab8757c2e3bd7aa62f,"{""distance"":7,""physical_error_rate"":0.0005}","{""detection_events"":2,""detectors_checked"":810}"
     14336,         2,         0,   0.157,partition,6fdde915643375a7be008a8f7ad62bb5a2cdc52511c7dc5cfd32772d1f412a51,"{""distance"":7,""physical_error_rate"":0.0002}","{""detection_events"":9011,""detectors_checked"":11612160,""obs_mistake_mask=E"":2}"
      1297,         0,         0,   0.029,partition,7ac97d1308a922fe56a02132cde47b4711ff03116cdd79ab8757c2e3bd7aa62f,"{""distance"":7,""physical_error_rate"":0.0005}","{""detection_events"":2050,""detectors_checked"":1050570}"
      1024,         0,         0,   0.021,partition,7ac97d1308a922fe56a02132cde47b4711ff03116cdd79ab8757c2e3bd7aa62f,"{""distance"":7,""physical_error_rate"":0.0005}","{""detection_events"":1683,""detectors_checked"":829440}"
      1296,         1,         0,   0.077,partition,7ac97d1308a922fe56a02132cde47b4711ff03116cdd79ab8757c2e3bd7aa62f,"{""distance"":7,""physical_error_rate"":0.0005}","{""detection_events"":2041,""detectors_checked"":1049760,""obs_mistake_mask=E"":1}"
      9216,         2,         0,   0.105,partition,6fdde915643375a7be008a8f7ad62bb5a2cdc52511c7dc5cfd32772d1f412a51,"{""distance"":7,""physical_error_rate"":0.0002}","{""detection_events"":5685,""detectors_checked"":7464960,""obs_mistake_mask=E"":2}"
      1297,         0,         0,   0.023,partition,6fdde915643375a7be008a8f7ad62bb5a2cdc52511c7dc5cfd32772d1f412a51,"{""distance"":7,""physical_error_rate"":0.0002}","{""detection_events"":837,""detectors_checked"":1050570}"
      1024,         0,         0,   0.015,partition,6fdde915643375a7be008a8f7ad62bb5a2cdc52511c7dc5cfd32772d1f412a51,"{""distance"":7,""physical_error_rate"":0.0002}","{""detection_events"":628,""detectors_checked"":829440}"
      2048,         0,         0,   0.031,partition,6fdde915643375a7be008a8f7ad62bb5a2cdc52511c7dc5cfd32772d1f412a51,"{""distance"":7,""physical_error_rate"":0.0002}","{""detection_events"":1370,""detectors_checked"":1658880}"
      2048,         0,         0,   0.029,partition,6fdde915643375a7be008a8f7ad62bb5a2cdc52511c7dc5cfd32772d1f412a51,"{""distance"":7,""physical_error_rate"":0.0002}","{""detection_events"":1300,""detectors_checked"":1658880}"
      3072,         2,         0,   0.042,partition,6fdde915643375a7be008a8f7ad62bb5a2cdc52511c7dc5cfd32772d1f412a51,"{""distance"":7,""physical_error_rate"":0.0002}","{""detection_events"":1996,""detectors_checked"":2488320,""obs_mistake_mask=E"":2}"
     99328,        12,         0,    1.11,partition,6fdde915643375a7be008a8f7ad62bb5a2cdc52511c7dc5cfd32772d1f412a51,"{""distance"":7,""physical_error_rate"":0.0002}","{""detection_events"":62963,""detectors_checked"":80455680,""obs_mistake_mask=E"":12}"
     19456,         5,         0,   0.215,partition,6fdde915643375a7be008a8f7ad62bb5a2cdc52511c7dc5cfd32772d1f412a51,"{""distance"":7,""physical_error_rate"":0.0002}","{""detection_events"":12359,""detectors_checked"":15759360,""obs_mistake_mask=E"":5}"
     13312,         3,         0,   0.150,partition,6fdde915643375a7be008a8f7ad62bb5a2cdc52511c7dc5cfd32772d1f412a51,"{""distance"":7,""physical_error_rate"":0.0002}","{""detection_events"":8148,""detectors_checked"":10782720,""obs_mistake_mask=E"":3}"
      4096,         2,         0,   0.053,partition,6fdde915643375a7be008a8f7ad62bb5a2cdc52511c7dc5cfd32772d1f412a51,"{""distance"":7,""physical_error_rate"":0.0002}","{""detection_events"":2502,""detectors_checked"":3317760,""obs_mistake_mask=E"":2}"
     35840,         5,         0,   0.405,partition,6fdde915643375a7be008a8f7ad62bb5a2cdc52511c7dc5cfd32772d1f412a51,"{""distance"":7,""physical_error_rate"":0.0002}","{""detection_events"":22731,""detectors_checked"":29030400,""obs_mistake_mask=E"":5}"
     99328,        18,         0,    1.11,partition,6fdde915643375a7be008a8f7ad62bb5a2cdc52511c7dc5cfd32772d1f412a51,"{""distance"":7,""physical_error_rate"":0.0002}","{""detection_events"":62610,""detectors_checked"":80455680,""obs_mistake_mask=E"":18}"
      6144,         1,         0,   0.081,partition,6fdde915643375a7be008a8f7ad62bb5a2cdc52511c7dc5cfd32772d1f412a51,"{""distance"":7,""physical_error_rate"":0.0002}","{""detection_events"":3813,""detectors_checked"":4976640,""obs_mistake_mask=E"":1}"
     19456,         1,         0,   0.215,partition,6fdde915643375a7be008a8f7ad62bb5a2cdc52511c7dc5cfd32772d1f412a51,"{""distance"":7,""physical_error_rate"":0.0002}","{""detection_events"":12042,""detectors_checked"":15759360,""obs_mistake_mask=E"":1}"
      9216,         2,         0,   0.116,partition,6fdde915643375a7be008a8f7ad62bb5a2cdc52511c7dc5cfd32772d1f412a51,"{""distance"":7,""physical_error_rate"":0.0002}","{""detection_events"":5861,""detectors_checked"":7464960,""obs_mistake_mask=E"":2}"
     26624,         1,         0,   0.294,partition,6fdde915643375a7be008a8f7ad62bb5a2cdc52511c7dc5cfd32772d1f412a51,"{""distance"":7,""physical_error_rate"":0.0002}","{""detection_events"":16750,""detectors_checked"":21565440,""obs_mistake_mask=E"":1}"
     12288,         4,         0,   0.147,partition,6fdde915643375a7be008a8f7ad62bb5a2cdc52511c7dc5cfd32772d1f412a51,"{""distance"":7,""physical_error_rate"":0.0002}","{""detection_events"":7726,""detectors_checked"":9953280,""obs_mistake_mask=E"":4}"
    134144,        21,         0,    1.55,partition,6fdde915643375a7be008a8f7ad62bb5a2cdc52511c7dc5cfd32772d1f412a51,"{""distance"":7,""physical_error_rate"":0.0002}","{""detection_events"":85400,""detectors_checked"":108656640,""obs_mistake_mask=E"":21}"
    366592,        64,         0,    4.24,partition,6fdde915643375a7be008a8f7ad62bb5a2cdc52511c7dc5cfd32772d1f412a51,"{""distance"":7,""physical_error_rate"":0.0002}","{""detection_events"":232489,""detectors_checked"":296939520,""obs_mistake_mask=E"":64}"
     26624,         7,         0,   0.295,partition,6fdde915643375a7be008a8f7ad62bb5a2cdc52511c7dc5cfd32772d1f412a51,"{""distance"":7,""physical_error_rate"":0.0002}","{""detection_events"":16484,""detectors_checked"":21565440,""obs_mistake_mask=E"":7}"
     17408,         1,         0,   0.211,partition,6fdde915643375a7be008a8f7ad62bb5a2cdc52511c7dc5cfd32772d1f412a51,"{""distance"":7,""physical_error_rate"":0.0002}","{""detection_events"":11188,""detectors_checked"":14100480,""obs_mistake_mask=E"":1}"
     51200,        14,         0,   0.575,partition,6fdde915643375a7be008a8f7ad62bb5a2cdc52511c7dc5cfd32772d1f412a51,"{""distance"":7,""physical_error_rate"":0.0002}","{""detection_events"":32571,""detectors_checked"":41472000,""obs_mistake_mask=E"":14}"
     36864,         6,         0,   0.405,partition,6fdde915643375a7be008a8f7ad62bb5a2cdc52511c7dc5cfd32772d1f412a51,"{""distance"":7,""physical_error_rate"":0.0002}","{""detection_events"":23198,""detectors_checked"":29859840,""obs_mistake_mask=E"":6}"
    369664,        71,         0,    4.25,partition,6fdde915643375a7be008a8f7ad62bb5a2cdc52511c7dc5cfd32772d1f412a51,"{""distance"":7,""physical_error_rate"":0.0002}","{""detection_events"":234446,""detectors_checked"":299427840,""obs_mistake_mask=E"":71}"
     77824,        12,         0,   0.854,partition,6fdde915643375a7be008a8f7ad62bb5a2cdc52511c7dc5cfd32772d1f412a51,"{""distance"":7,""physical_error_rate"":0.0002}","{""detection_events"":49257,""detectors_checked"":63037440,""obs_mistake_mask=E"":12}"
     13312,         2,         0,   0.148,partition,6fdde915643375a7be008a8f7ad62bb5a2cdc52511c7dc5cfd32772d1f412a51,"{""distance"":7,""physical_error_rate"":0.0002}","{""detection_events"":8162,""detectors_checked"":10782720,""obs_mistake_mask=E"":2}"
     28672,         7,         0,   0.333,partition,6fdde915643375a7be008a8f7ad62bb5a2cdc52511c7dc5cfd32772d1f412a51,"{""distance"":7,""physical_error_rate"":0.0002}","{""detection_events"":18208,""detectors_checked"":23224320,""obs_mistake_mask=E"":7}"
    194560,        46,         0,    2.43,partition,6fdde915643375a7be008a8f7ad62bb5a2cdc52511c7dc5cfd32772d1f412a51,"{""distance"":7,""physical_error_rate"":0.0002}","{""detection_events"":123045,""detectors_checked"":157593600,""obs_mistake_mask=E"":46}"
     38912,         8,         0,   0.458,partition,6fdde915643375a7be008a8f7ad62bb5a2cdc52511c7dc5cfd32772d1f412a51,"{""distance"":7,""physical_error_rate"":0.0002}","{""detection_events"":24792,""detectors_checked"":31518720,""obs_mistake_mask=E"":8}"
     69632,        11,         0,   0.774,partition,6fdde915643375a7be008a8f7ad62bb5a2cdc52511c7dc5cfd32772d1f412a51,"{""distance"":7,""physical_error_rate"":0.0002}","{""detection_events"":44493,""detectors_checked"":56401920,""obs_mistake_mask=E"":11}"
     18432,         3,         0,   0.207,partition,6fdde915643375a7be008a8f7ad62bb5a2cdc52511c7dc5cfd32772d1f412a51,"{""distance"":7,""physical_error_rate"":0.0002}","{""detection_events"":11545,""detectors_checked"":14929920,""obs_mistake_mask=E"":3}"
     35840,         9,         0,   0.426,partition,6fdde915643375a7be008a8f7ad62bb5a2cdc52511c7dc5cfd32772d1f412a51,"{""distance"":7,""physical_error_rate"":0.0002}","{""detection_events"":22822,""detectors_checked"":29030400,""obs_mistake_mask=E"":9}"
      4096,         1,         0,   0.049,partition,6fdde915643375a7be008a8f7ad62bb5a2cdc52511c7dc5cfd32772d1f412a51,"{""distance"":7,""physical_error_rate"":0.0002}","{""detection_events"":2707,""detectors_checked"":3317760,""obs_mistake_mask=E"":1}"
     20480,         3,         0,   0.265,partition,6fdde915643375a7be008a8f7ad62bb5a2cdc52511c7dc5cfd32772d1f412a51,"{""distance"":7,""physical_error_rate"":0.0002}","{""detection_events"":13077,""detectors_checked"":16588800,""obs_mistake_mask=E"":3}"
    115712,        28,         0,    1.30,partition,6fdde915643375a7be008a8f7ad62bb5a2cdc52511c7dc5cfd32772d1f412a51,"{""distance"":7,""physical_error_rate"":0.0002}","{""detection_events"":72736,""detectors_checked"":93726720,""obs_mistake_mask=E"":28}"
         1,         0,         0,   0.001,partition,6fdde915643375a7be008a8f7ad62bb5a2cdc52511c7dc5cfd32772d1f412a51,"{""distance"":7,""physical_error_rate"":0.0002}","{""detectors_checked"":810}"
         1,         0,         0,   0.001,partition,6fdde915643375a7be008a8f7ad62bb5a2cdc52511c7dc5cfd32772d1f412a51,"{""distance"":7,""physical_error_rate"":0.0002}","{""detectors_checked"":810}"
         1,         0,         0,   0.024,partition,37825f121b2b418831d03a05e31f5824f39b9b9b51d8ff6a1ebe2b392d780a54,"{""distance"":7,""physical_error_rate"":0.001}","{""detectors_checked"":810}"
         1,         0,         0,   0.001,partition,6fdde915643375a7be008a8f7ad62bb5a2cdc52511c7dc5cfd32772d1f412a51,"{""distance"":7,""physical_error_rate"":0.0002}","{""detectors_checked"":810}"
         1,         0,         0,   0.001,partition,6fdde915643375a7be008a8f7ad62bb5a2cdc52511c7dc5cfd32772d1f412a51,"{""distance"":7,""physical_error_rate"":0.0002}","{""detectors_checked"":810}"
         1,         0,         0,   0.001,partition,6fdde915643375a7be008a8f7ad62bb5a2cdc52511c7dc5cfd32772d1f412a51,"{""distance"":7,""physical_error_rate"":0.0002}","{""detectors_checked"":810}"
         1,         0,         0,   0.001,partition,6fdde915643375a7be008a8f7ad62bb5a2cdc52511c7dc5cfd32772d1f412a51,"{""distance"":7,""physical_error_rate"":0.0002}","{""detectors_checked"":810}"
         1,         0,         0,   0.001,partition,6fdde915643375a7be008a8f7ad62bb5a2cdc52511c7dc5cfd32772d1f412a51,"{""distance"":7,""physical_error_rate"":0.0002}","{""detection_events"":2,""detectors_checked"":810}"
