     shots,    errors,  discards, seconds,decoder,strong_id,json_metadata,custom_counts
         1,         0,         0,   0.021,decoder_by_matrix,36e3cd26fed5ec7649ec51fb08c1a5e7d7f30e615782d954fee045c18a4962ca,"{""distance"":3,""physical_error_rate"":5e-05}","{""detectors_checked"":54}"
         1,         0,         0,   0.025,decoder_by_matrix,bf84ffc61868c0acf247eb3d31d6d1ff07feed51ae0b0770ddaf58683dcdd22c,"{""distance"":3,""physical_error_rate"":0.005}","{""detection_events"":9,""detectors_checked"":54}"
         1,         0,         0,   0.042,decoder_by_matrix,dc80d1b5cd4a369885d36fbbadd410646ee6a9cd91075667cd6e1b71d0442655,"{""distance"":3,""physical_error_rate"":0.01}","{""detectors_checked"":54}"
         1,         0,         0,   0.032,decoder_by_matrix,e25b8d07214a8afb95d354611a83b9bb1ded39644e323a8585b3aabf687a4fff,"{""distance"":3,""physical_error_rate"":1e-05}","{""detectors_checked"":54}"
         1,         0,         0,   0.047,decoder_by_matrix,560c721f87db01d4cacf7dcb7d8812fecde61e9e7776d4b9e1b1a792578ecad7,"{""distance"":3,""physical_error_rate"":5e-06}","{""detectors_checked"":54}"
         1,         0,         0,   0.039,decoder_by_matrix,dc80d1b5cd4a369885d36fbbadd410646ee6a9cd91075667cd6e1b71d0442655,"{""distance"":3,""physical_error_rate"":0.01}","{""detectors_checked"":54}"
         1,         0,         0,   0.042,decoder_by_matrix,560c721f87db01d4cacf7dcb7d8812fecde61e9e7776d4b9e1b1a792578ecad7,"{""distance"":3,""physical_error_rate"":5e-06}","{""detectors_checked"":54}"
         1,         0,         0,   0.051,decoder_by_matrix,5c8c81bfec719079c388cedc47a351f264c1bf769ae28a89f9b4fc7719fea501,"{""distance"":3,""physical_error_rate"":0.0005}","{""detectors_checked"":54}"
         1,         0,         0,   0.055,decoder_by_matrix,beec9fd12293a9cfe53c9b61fb8ce2a525e4eed38fa75d132d6dc64699336876,"{""distance"":3,""physical_error_rate"":0.0001}","{""detectors_checked"":54}"
         1,         0,         0,   0.051,decoder_by_matrix,e9839e3017c9ef118c4b8aeafef39e78c11ecbdb89764e9ca676a7dc2fb6d062,"{""distance"":3,""physical_error_rate"":1e-06}","{""detectors_checked"":54}"
         1,         0,         0,   0.069,decoder_by_matrix,e25b8d07214a8afb95d354611a83b9bb1ded39644e323a8585b3aabf687a4fff,"{""distance"":3,""physical_error_rate"":1e-05}","{""detectors_checked"":54}"
         1,         0,         0,   0.074,decoder_by_matrix,bf84ffc61868c0acf247eb3d31d6d1ff07feed51ae0b0770ddaf58683dcdd22c,"{""distance"":3,""physical_error_rate"":0.005}","{""detectors_checked"":54}"
         1,         0,         0,   0.077,decoder_by_matrix,beec9fd12293a9cfe53c9b61fb8ce2a525e4eed38fa75d132d6dc64699336876,"{""distance"":3,""physical_error_rate"":0.0001}","{""detectors_checked"":54}"
         1,         0,         0,   0.090,decoder_by_matrix,f854eed952f7ffb52e4f578393718ba880ba0930c78fe51d50828fe06a713055,"{""distance"":3,""physical_error_rate"":0.001}","{""detectors_checked"":54}"
         1,         0,         0,   0.086,decoder_by_matrix,36e3cd26fed5ec7649ec51fb08c1a5e7d7f30e615782d954fee045c18a4962ca,"{""distance"":3,""physical_error_rate"":5e-05}","{""detectors_checked"":54}"
         1,         0,         0,   0.098,decoder_by_matrix,5c8c81bfec719079c388cedc47a351f264c1bf769ae28a89f9b4fc7719fea501,"{""distance"":3,""physical_error_rate"":0.0005}","{""detectors_checked"":54}"
         1,         0,         0,   0.100,decoder_by_matrix,f854eed952f7ffb52e4f578393718ba880ba0930c78fe51d50828fe06a713055,"{""distance"":3,""physical_error_rate"":0.001}","{""detectors_checked"":54}"
         1,         0,         0,   0.093,decoder_by_matrix,e9839e3017c9ef118c4b8aeafef39e78c11ecbdb89764e9ca676a7dc2fb6d062,"{""distance"":3,""physical_error_rate"":1e-06}","{""detectors_checked"":54}"
      1160,         0,         0,   0.038,decoder_by_matrix,beec9fd12293a9cfe53c9b61fb8ce2a525e4eed38fa75d132d6dc64699336876,"{""distance"":3,""physical_error_rate"":0.0001}","{""detection_events"":6,""detectors_checked"":62640}"
      3344,         0,         0,   0.061,decoder_by_matrix,e25b8d07214a8afb95d354611a83b9bb1ded39644e323a8585b3aabf687a4fff,"{""distance"":3,""physical_error_rate"":1e-05}","{""detection_events"":6,""detectors_checked"":180576}"
      5256,         0,         0,   0.054,decoder_by_matrix,e9839e3017c9ef118c4b8aeafef39e78c11ecbdb89764e9ca676a7dc2fb6d062,"{""distance"":3,""physical_error_rate"":1e-06}","{""detectors_checked"":283824}"
      3140,         0,         0,   0.039,decoder_by_matrix,36e3cd26fed5ec7649ec51fb08c1a5e7d7f30e615782d954fee045c18a4962ca,"{""distance"":3,""physical_error_rate"":5e-05}","{""detection_events"":12,""detectors_checked"":169560}"
      3344,         0,         0,   0.146,decoder_by_matrix,36e3cd26fed5ec7649ec51fb08c1a5e7d7f30e615782d954fee045c18a4962ca,"{""distance"":3,""physical_error_rate"":5e-05}","{""detection_events"":27,""detectors_checked"":180576}"
      2184,        15,         0,   0.143,decoder_by_matrix,dc80d1b5cd4a369885d36fbbadd410646ee6a9cd91075667cd6e1b71d0442655,"{""distance"":3,""physical_error_rate"":0.01}","{""detection_events"":3243,""detectors_checked"":117936,""obs_mistake_mask=E"":15}"
      2320,         4,         0,   0.152,decoder_by_matrix,bf84ffc61868c0acf247eb3d31d6d1ff07feed51ae0b0770ddaf58683dcdd22c,"{""distance"":3,""physical_error_rate"":0.005}","{""detection_events"":1674,""detectors_checked"":125280,""obs_mistake_mask=E"":4}"
      2184,        11,         0,   0.143,decoder_by_matrix,dc80d1b5cd4a369885d36fbbadd410646ee6a9cd91075667cd6e1b71d0442655,"{""distance"":3,""physical_error_rate"":0.01}","{""detection_events"":3117,""detectors_checked"":117936,""obs_mistake_mask=E"":11}"
      7304,         0,         0,   0.152,decoder_by_matrix,560c721f87db01d4cacf7dcb7d8812fecde61e9e7776d4b9e1b1a792578ecad7,"{""distance"":3,""physical_error_rate"":5e-06}","{""detectors_checked"":394416}"
      3208,         0,         0,   0.145,decoder_by_matrix,5c8c81bfec719079c388cedc47a351f264c1bf769ae28a89f9b4fc7719fea501,"{""distance"":3,""physical_error_rate"":0.0005}","{""detection_events"":297,""detectors_checked"":173232}"
      3140,         0,         0,   0.133,decoder_by_matrix,beec9fd12293a9cfe53c9b61fb8ce2a525e4eed38fa75d132d6dc64699336876,"{""distance"":3,""physical_error_rate"":0.0001}","{""detection_events"":39,""detectors_checked"":169560}"
      4232,         0,         0,   0.158,decoder_by_matrix,560c721f87db01d4cacf7dcb7d8812fecde61e9e7776d4b9e1b1a792578ecad7,"{""distance"":3,""physical_error_rate"":5e-06}","{""detection_events"":15,""detectors_checked"":228528}"
      2184,         2,         0,   0.147,decoder_by_matrix,bf84ffc61868c0acf247eb3d31d6d1ff07feed51ae0b0770ddaf58683dcdd22c,"{""distance"":3,""physical_error_rate"":0.005}","{""detection_events"":1320,""detectors_checked"":117936,""obs_mistake_mask=E"":2}"
      5256,         0,         0,   0.155,decoder_by_matrix,e25b8d07214a8afb95d354611a83b9bb1ded39644e323a8585b3aabf687a4fff,"{""distance"":3,""physical_error_rate"":1e-05}","{""detection_events"":6,""detectors_checked"":283824}"
      3140,         0,         0,   0.150,decoder_by_matrix,f854eed952f7ffb52e4f578393718ba880ba0930c78fe51d50828fe06a713055,"{""distance"":3,""physical_error_rate"":0.001}","{""detection_events"":405,""detectors_checked"":169560}"
      3140,         0,         0,   0.145,decoder_by_matrix,f854eed952f7ffb52e4f578393718ba880ba0930c78fe51d50828fe06a713055,"{""distance"":3,""physical_error_rate"":0.001}","{""detection_events"":426,""detectors_checked"":169560}"
      7236,         0,         0,   0.147,decoder_by_matrix,e9839e3017c9ef118c4b8aeafef39e78c11ecbdb89764e9ca676a7dc2fb6d062,"{""distance"":3,""physical_error_rate"":1e-06}","{""detectors_checked"":390744}"
      4164,         0,         0,   0.163,decoder_by_matrix,5c8c81bfec719079c388cedc47a351f264c1bf769ae28a89f9b4fc7719fea501,"{""distance"":3,""physical_error_rate"":0.0005}","{""detection_events"":354,""detectors_checked"":224856}"
      3072,         0,         0,   0.153,decoder_by_matrix,beec9fd12293a9cfe53c9b61fb8ce2a525e4eed38fa75d132d6dc64699336876,"{""distance"":3,""physical_error_rate"":0.0001}","{""detection_events"":30,""detectors_checked"":165888}"
      5120,         0,         0,   0.002,decoder_by_matrix,e25b8d07214a8afb95d354611a83b9bb1ded39644e323a8585b3aabf687a4fff,"{""distance"":3,""physical_error_rate"":1e-05}","{""detectors_checked"":276480}"
      6144,         0,         0,   0.155,decoder_by_matrix,e9839e3017c9ef118c4b8aeafef39e78c11ecbdb89764e9ca676a7dc2fb6d062,"{""distance"":3,""physical_error_rate"":1e-06}","{""detection_events"":12,""detectors_checked"":331776}"
      3072,         0,         0,   0.120,decoder_by_matrix,36e3cd26fed5ec7649ec51fb08c1a5e7d7f30e615782d954fee045c18a4962ca,"{""distance"":3,""physical_error_rate"":5e-05}","{""detection_events"":21,""detectors_checked"":165888}"
      2048,         2,         0,   0.115,decoder_by_matrix,bf84ffc61868c0acf247eb3d31d6d1ff07feed51ae0b0770ddaf58683dcdd22c,"{""distance"":3,""physical_error_rate"":0.005}","{""detection_events"":1671,""detectors_checked"":110592,""obs_mistake_mask=E"":2}"
      7168,         0,         0,   0.111,decoder_by_matrix,560c721f87db01d4cacf7dcb7d8812fecde61e9e7776d4b9e1b1a792578ecad7,"{""distance"":3,""physical_error_rate"":5e-06}","{""detection_events"":3,""detectors_checked"":387072}"
      3072,         0,         0,   0.105,decoder_by_matrix,beec9fd12293a9cfe53c9b61fb8ce2a525e4eed38fa75d132d6dc64699336876,"{""distance"":3,""physical_error_rate"":0.0001}","{""detection_events"":21,""detectors_checked"":165888}"
      5120,         0,         0,   0.197,decoder_by_matrix,36e3cd26fed5ec7649ec51fb08c1a5e7d7f30e615782d954fee045c18a4962ca,"{""distance"":3,""physical_error_rate"":5e-05}","{""detection_events"":18,""detectors_checked"":276480}"
      3072,         3,         0,   0.106,decoder_by_matrix,bf84ffc61868c0acf247eb3d31d6d1ff07feed51ae0b0770ddaf58683dcdd22c,"{""distance"":3,""physical_error_rate"":0.005}","{""detection_events"":2016,""detectors_checked"":165888,""obs_mistake_mask=E"":3}"
      2048,         0,         0,   0.100,decoder_by_matrix,f854eed952f7ffb52e4f578393718ba880ba0930c78fe51d50828fe06a713055,"{""distance"":3,""physical_error_rate"":0.001}","{""detection_events"":288,""detectors_checked"":110592}"
      8192,         0,         0,   0.094,decoder_by_matrix,e9839e3017c9ef118c4b8aeafef39e78c11ecbdb89764e9ca676a7dc2fb6d062,"{""distance"":3,""physical_error_rate"":1e-06}","{""detectors_checked"":442368}"
      2048,        10,         0,   0.175,decoder_by_matrix,dc80d1b5cd4a369885d36fbbadd410646ee6a9cd91075667cd6e1b71d0442655,"{""distance"":3,""physical_error_rate"":0.01}","{""detection_events"":2577,""detectors_checked"":110592,""obs_mistake_mask=E"":10}"
      3072,         0,         0,   0.114,decoder_by_matrix,5c8c81bfec719079c388cedc47a351f264c1bf769ae28a89f9b4fc7719fea501,"{""distance"":3,""physical_error_rate"":0.0005}","{""detection_events"":258,""detectors_checked"":165888}"
      3072,        19,         0,   0.178,decoder_by_matrix,dc80d1b5cd4a369885d36fbbadd410646ee6a9cd91075667cd6e1b71d0442655,"{""distance"":3,""physical_error_rate"":0.01}","{""detection_events"":4317,""detectors_checked"":165888,""obs_mistake_mask=E"":19}"
      4096,         0,         0,   0.171,decoder_by_matrix,5c8c81bfec719079c388cedc47a351f264c1bf769ae28a89f9b4fc7719fea501,"{""distance"":3,""physical_error_rate"":0.0005}","{""detection_events"":243,""detectors_checked"":221184}"
     10240,         0,         0,   0.168,decoder_by_matrix,560c721f87db01d4cacf7dcb7d8812fecde61e9e7776d4b9e1b1a792578ecad7,"{""distance"":3,""physical_error_rate"":5e-06}","{""detection_events"":6,""detectors_checked"":552960}"
     10240,         0,         0,   0.162,decoder_by_matrix,e25b8d07214a8afb95d354611a83b9bb1ded39644e323a8585b3aabf687a4fff,"{""distance"":3,""physical_error_rate"":1e-05}","{""detection_events"":15,""detectors_checked"":552960}"
      9216,         0,         0,   0.156,decoder_by_matrix,e25b8d07214a8afb95d354611a83b9bb1ded39644e323a8585b3aabf687a4fff,"{""distance"":3,""physical_error_rate"":1e-05}","{""detection_events"":12,""detectors_checked"":497664}"
      4096,         0,         0,   0.161,decoder_by_matrix,beec9fd12293a9cfe53c9b61fb8ce2a525e4eed38fa75d132d6dc64699336876,"{""distance"":3,""physical_error_rate"":0.0001}","{""detection_events"":96,""detectors_checked"":221184}"
      5120,         0,         0,   0.188,decoder_by_matrix,f854eed952f7ffb52e4f578393718ba880ba0930c78fe51d50828fe06a713055,"{""distance"":3,""physical_error_rate"":0.001}","{""detection_events"":600,""detectors_checked"":276480}"
      4096,         0,         0,   0.141,decoder_by_matrix,36e3cd26fed5ec7649ec51fb08c1a5e7d7f30e615782d954fee045c18a4962ca,"{""distance"":3,""physical_error_rate"":5e-05}","{""detection_events"":9,""detectors_checked"":221184}"
      9216,         0,         0,   0.171,decoder_by_matrix,e9839e3017c9ef118c4b8aeafef39e78c11ecbdb89764e9ca676a7dc2fb6d062,"{""distance"":3,""physical_error_rate"":1e-06}","{""detectors_checked"":497664}"
      7168,         0,         0,   0.156,decoder_by_matrix,560c721f87db01d4cacf7dcb7d8812fecde61e9e7776d4b9e1b1a792578ecad7,"{""distance"":3,""physical_error_rate"":5e-06}","{""detectors_checked"":387072}"
      4096,         0,         0,   0.150,decoder_by_matrix,36e3cd26fed5ec7649ec51fb08c1a5e7d7f30e615782d954fee045c18a4962ca,"{""distance"":3,""physical_error_rate"":5e-05}","{""detection_events"":15,""detectors_checked"":221184}"
      3072,         0,         0,   0.144,decoder_by_matrix,f854eed952f7ffb52e4f578393718ba880ba0930c78fe51d50828fe06a713055,"{""distance"":3,""physical_error_rate"":0.001}","{""detection_events"":411,""detectors_checked"":165888}"
      2048,        23,         0,   0.134,decoder_by_matrix,dc80d1b5cd4a369885d36fbbadd410646ee6a9cd91075667cd6e1b71d0442655,"{""distance"":3,""physical_error_rate"":0.01}","{""detection_events"":2775,""detectors_checked"":110592,""obs_mistake_mask=E"":23}"
      3072,         3,         0,   0.193,decoder_by_matrix,bf84ffc61868c0acf247eb3d31d6d1ff07feed51ae0b0770ddaf58683dcdd22c,"{""distance"":3,""physical_error_rate"":0.005}","{""detection_events"":2388,""detectors_checked"":165888,""obs_mistake_mask=E"":3}"
      2048,        14,         0,   0.131,decoder_by_matrix,dc80d1b5cd4a369885d36fbbadd410646ee6a9cd91075667cd6e1b71d0442655,"{""distance"":3,""physical_error_rate"":0.01}","{""detection_events"":2856,""detectors_checked"":110592,""obs_mistake_mask=E"":14}"
      4096,         0,         0,   0.191,decoder_by_matrix,beec9fd12293a9cfe53c9b61fb8ce2a525e4eed38fa75d132d6dc64699336876,"{""distance"":3,""physical_error_rate"":0.0001}","{""detection_events"":54,""detectors_checked"":221184}"
      6144,         0,         0,   0.129,decoder_by_matrix,560c721f87db01d4cacf7dcb7d8812fecde61e9e7776d4b9e1b1a792578ecad7,"{""distance"":3,""physical_error_rate"":5e-06}","{""detection_events"":3,""detectors_checked"":331776}"
      3072,         5,         0,   0.189,decoder_by_matrix,bf84ffc61868c0acf247eb3d31d6d1ff07feed51ae0b0770ddaf58683dcdd22c,"{""distance"":3,""physical_error_rate"":0.005}","{""detection_events"":2472,""detectors_checked"":165888,""obs_mistake_mask=E"":5}"
     12288,         0,         0,   0.188,decoder_by_matrix,e9839e3017c9ef118c4b8aeafef39e78c11ecbdb89764e9ca676a7dc2fb6d062,"{""distance"":3,""physical_error_rate"":1e-06}","{""detectors_checked"":663552}"
      6144,         0,         0,   0.132,decoder_by_matrix,e25b8d07214a8afb95d354611a83b9bb1ded39644e323a8585b3aabf687a4fff,"{""distance"":3,""physical_error_rate"":1e-05}","{""detection_events"":6,""detectors_checked"":331776}"
      2048,         0,         0,   0.125,decoder_by_matrix,f854eed952f7ffb52e4f578393718ba880ba0930c78fe51d50828fe06a713055,"{""distance"":3,""physical_error_rate"":0.001}","{""detection_events"":288,""detectors_checked"":110592}"
      3072,         0,         0,   0.110,decoder_by_matrix,36e3cd26fed5ec7649ec51fb08c1a5e7d7f30e615782d954fee045c18a4962ca,"{""distance"":3,""physical_error_rate"":5e-05}","{""detection_events"":30,""detectors_checked"":165888}"
      4096,         0,         0,   0.192,decoder_by_matrix,5c8c81bfec719079c388cedc47a351f264c1bf769ae28a89f9b4fc7719fea501,"{""distance"":3,""physical_error_rate"":0.0005}","{""detection_events"":321,""detectors_checked"":221184}"
      7168,         0,         0,   0.186,decoder_by_matrix,e25b8d07214a8afb95d354611a83b9bb1ded39644e323a8585b3aabf687a4fff,"{""distance"":3,""physical_error_rate"":1e-05}","{""detection_events"":27,""detectors_checked"":387072}"
      6144,         0,         0,   0.109,decoder_by_matrix,560c721f87db01d4cacf7dcb7d8812fecde61e9e7776d4b9e1b1a792578ecad7,"{""distance"":3,""physical_error_rate"":5e-06}","{""detection_events"":12,""detectors_checked"":331776}"
      4096,         0,         0,   0.109,decoder_by_matrix,36e3cd26fed5ec7649ec51fb08c1a5e7d7f30e615782d954fee045c18a4962ca,"{""distance"":3,""physical_error_rate"":5e-05}","{""detection_events"":9,""detectors_checked"":221184}"
      3072,         0,         0,   0.109,decoder_by_matrix,f854eed952f7ffb52e4f578393718ba880ba0930c78fe51d50828fe06a713055,"{""distance"":3,""physical_error_rate"":0.001}","{""detection_events"":369,""detectors_checked"":165888}"
      5120,         0,         0,   0.235,decoder_by_matrix,5c8c81bfec719079c388cedc47a351f264c1bf769ae28a89f9b4fc7719fea501,"{""distance"":3,""physical_error_rate"":0.0005}","{""detection_events"":402,""detectors_checked"":276480}"
      4096,         0,         0,   0.187,decoder_by_matrix,beec9fd12293a9cfe53c9b61fb8ce2a525e4eed38fa75d132d6dc64699336876,"{""distance"":3,""physical_error_rate"":0.0001}","{""detection_events"":84,""detectors_checked"":221184}"
      2048,        10,         0,   0.130,decoder_by_matrix,dc80d1b5cd4a369885d36fbbadd410646ee6a9cd91075667cd6e1b71d0442655,"{""distance"":3,""physical_error_rate"":0.01}","{""detection_events"":2769,""detectors_checked"":110592,""obs_mistake_mask=E"":10}"
      3072,         2,         0,   0.130,decoder_by_matrix,bf84ffc61868c0acf247eb3d31d6d1ff07feed51ae0b0770ddaf58683dcdd22c,"{""distance"":3,""physical_error_rate"":0.005}","{""detection_events"":2229,""detectors_checked"":165888,""obs_mistake_mask=E"":2}"
      2048,         9,         0,   0.129,decoder_by_matrix,dc80d1b5cd4a369885d36fbbadd410646ee6a9cd91075667cd6e1b71d0442655,"{""distance"":3,""physical_error_rate"":0.01}","{""detection_events"":2823,""detectors_checked"":110592,""obs_mistake_mask=E"":9}"
      3072,         0,         0,   0.132,decoder_by_matrix,beec9fd12293a9cfe53c9b61fb8ce2a525e4eed38fa75d132d6dc64699336876,"{""distance"":3,""physical_error_rate"":0.0001}","{""detection_events"":45,""detectors_checked"":165888}"
      7168,         0,         0,   0.131,decoder_by_matrix,560c721f87db01d4cacf7dcb7d8812fecde61e9e7776d4b9e1b1a792578ecad7,"{""distance"":3,""physical_error_rate"":5e-06}","{""detection_events"":9,""detectors_checked"":387072}"
      2048,         4,         0,   0.130,decoder_by_matrix,bf84ffc61868c0acf247eb3d31d6d1ff07feed51ae0b0770ddaf58683dcdd22c,"{""distance"":3,""physical_error_rate"":0.005}","{""detection_events"":1416,""detectors_checked"":110592,""obs_mistake_mask=E"":4}"
      8192,         0,         0,   0.133,decoder_by_matrix,e9839e3017c9ef118c4b8aeafef39e78c11ecbdb89764e9ca676a7dc2fb6d062,"{""distance"":3,""physical_error_rate"":1e-06}","{""detectors_checked"":442368}"
     13312,         0,         0,   0.214,decoder_by_matrix,e9839e3017c9ef118c4b8aeafef39e78c11ecbdb89764e9ca676a7dc2fb6d062,"{""distance"":3,""physical_error_rate"":1e-06}","{""detectors_checked"":718848}"
      3072,         0,         0,   0.119,decoder_by_matrix,f854eed952f7ffb52e4f578393718ba880ba0930c78fe51d50828fe06a713055,"{""distance"":3,""physical_error_rate"":0.001}","{""detection_events"":405,""detectors_checked"":165888}"
      7168,         0,         0,   0.126,decoder_by_matrix,e25b8d07214a8afb95d354611a83b9bb1ded39644e323a8585b3aabf687a4fff,"{""distance"":3,""physical_error_rate"":1e-05}","{""detectors_checked"":387072}"
      4096,         0,         0,   0.123,decoder_by_matrix,36e3cd26fed5ec7649ec51fb08c1a5e7d7f30e615782d954fee045c18a4962ca,"{""distance"":3,""physical_error_rate"":5e-05}","{""detection_events"":30,""detectors_checked"":221184}"
      3072,         0,         0,   0.116,decoder_by_matrix,5c8c81bfec719079c388cedc47a351f264c1bf769ae28a89f9b4fc7719fea501,"{""distance"":3,""physical_error_rate"":0.0005}","{""detection_events"":246,""detectors_checked"":165888}"
      4096,         0,         0,   0.115,decoder_by_matrix,e25b8d07214a8afb95d354611a83b9bb1ded39644e323a8585b3aabf687a4fff,"{""distance"":3,""physical_error_rate"":1e-05}","{""detection_events"":9,""detectors_checked"":221184}"
      8192,         0,         0,   0.115,decoder_by_matrix,560c721f87db01d4cacf7dcb7d8812fecde61e9e7776d4b9e1b1a792578ecad7,"{""distance"":3,""physical_error_rate"":5e-06}","{""detectors_checked"":442368}"
      5120,         0,         0,   0.115,decoder_by_matrix,36e3cd26fed5ec7649ec51fb08c1a5e7d7f30e615782d954fee045c18a4962ca,"{""distance"":3,""physical_error_rate"":5e-05}","{""detection_events"":21,""detectors_checked"":276480}"
      3072,         0,         0,   0.115,decoder_by_matrix,f854eed952f7ffb52e4f578393718ba880ba0930c78fe51d50828fe06a713055,"{""distance"":3,""physical_error_rate"":0.001}","{""detection_events"":468,""detectors_checked"":165888}"
      3072,         0,         0,   0.106,decoder_by_matrix,5c8c81bfec719079c388cedc47a351f264c1bf769ae28a89f9b4fc7719fea501,"{""distance"":3,""physical_error_rate"":0.0005}","{""detection_events"":162,""detectors_checked"":165888}"
         1,         0,         0,   0.092,decoder_by_matrix,36e3cd26fed5ec7649ec51fb08c1a5e7d7f30e615782d954fee045c18a4962ca,"{""distance"":3,""physical_error_rate"":5e-05}","{""detectors_checked"":54}"
         1,         0,         0,   0.092,decoder_by_matrix,bf84ffc61868c0acf247eb3d31d6d1ff07feed51ae0b0770ddaf58683dcdd22c,"{""distance"":3,""physical_error_rate"":0.005}","{""detection_events"":6,""detectors_checked"":54}"
      3072,         0,         0,   0.115,decoder_by_matrix,beec9fd12293a9cfe53c9b61fb8ce2a525e4eed38fa75d132d6dc64699336876,"{""distance"":3,""physical_error_rate"":0.0001}","{""detection_events"":66,""detectors_checked"":165888}"
         1,         0,         0,   0.111,decoder_by_matrix,5c8c81bfec719079c388cedc47a351f264c1bf769ae28a89f9b4fc7719fea501,"{""distance"":3,""physical_error_rate"":0.0005}","{""detectors_checked"":54}"
      2048,        16,         0,   0.100,decoder_by_matrix,dc80d1b5cd4a369885d36fbbadd410646ee6a9cd91075667cd6e1b71d0442655,"{""distance"":3,""physical_error_rate"":0.01}","{""detection_events"":2916,""detectors_checked"":110592,""obs_mistake_mask=E"":16}"
         1,         0,         0,   0.104,decoder_by_matrix,beec9fd12293a9cfe53c9b61fb8ce2a525e4eed38fa75d132d6dc64699336876,"{""distance"":3,""physical_error_rate"":0.0001}","{""detectors_checked"":54}"
      3072,         0,         0,   0.093,decoder_by_matrix,beec9fd12293a9cfe53c9b61fb8ce2a525e4eed38fa75d132d6dc64699336876,"{""distance"":3,""physical_error_rate"":0.0001}","{""detection_events"":36,""detectors_checked"":165888}"
         1,         0,         0,   0.141,decoder_by_matrix,e9839e3017c9ef118c4b8aeafef39e78c11ecbdb89764e9ca676a7dc2fb6d062,"{""distance"":3,""physical_error_rate"":1e-06}","{""detectors_checked"":54}"
         1,         0,         0,   0.139,decoder_by_matrix,dc80d1b5cd4a369885d36fbbadd410646ee6a9cd91075667cd6e1b71d0442655,"{""distance"":3,""physical_error_rate"":0.01}","{""detectors_checked"":54}"
         1,         0,         0,   0.041,decoder_by_matrix,f854eed952f7ffb52e4f578393718ba880ba0930c78fe51d50828fe06a713055,"{""distance"":3,""physical_error_rate"":0.001}","{""detectors_checked"":54}"
         1,         0,         0,   0.068,decoder_by_matrix,560c721f87db01d4cacf7dcb7d8812fecde61e9e7776d4b9e1b1a792578ecad7,"{""distance"":3,""physical_error_rate"":5e-06}","{""detectors_checked"":54}"
         1,         0,         0,   0.067,decoder_by_matrix,f854eed952f7ffb52e4f578393718ba880ba0930c78fe51d50828fe06a713055,"{""distance"":3,""physical_error_rate"":0.001}","{""detectors_checked"":54}"
         1,         0,         0,   0.073,decoder_by_matrix,bf84ffc61868c0acf247eb3d31d6d1ff07feed51ae0b0770ddaf58683dcdd22c,"{""distance"":3,""physical_error_rate"":0.005}","{""detectors_checked"":54}"
         1,         0,         0,   0.122,decoder_by_matrix,5c8c81bfec719079c388cedc47a351f264c1bf769ae28a89f9b4fc7719fea501,"{""distance"":3,""physical_error_rate"":0.0005}","{""detectors_checked"":54}"
      2048,         3,         0,   0.136,decoder_by_matrix,bf84ffc61868c0acf247eb3d31d6d1ff07feed51ae0b0770ddaf58683dcdd22c,"{""distance"":3,""physical_error_rate"":0.005}","{""detection_events"":1428,""detectors_checked"":110592,""obs_mistake_mask=E"":3}"
      1024,         5,         0,   0.134,decoder_by_matrix,dc80d1b5cd4a369885d36fbbadd410646ee6a9cd91075667cd6e1b71d0442655,"{""distance"":3,""physical_error_rate"":0.01}","{""detection_events"":1425,""detectors_checked"":55296,""obs_mistake_mask=E"":5}"
         1,         0,         0,   0.116,decoder_by_matrix,dc80d1b5cd4a369885d36fbbadd410646ee6a9cd91075667cd6e1b71d0442655,"{""distance"":3,""physical_error_rate"":0.01}","{""detectors_checked"":54}"
         1,         0,         0,   0.057,decoder_by_matrix,e25b8d07214a8afb95d354611a83b9bb1ded39644e323a8585b3aabf687a4fff,"{""distance"":3,""physical_error_rate"":1e-05}","{""detectors_checked"":54}"
      5120,         0,         0,   0.136,decoder_by_matrix,560c721f87db01d4cacf7dcb7d8812fecde61e9e7776d4b9e1b1a792578ecad7,"{""distance"":3,""physical_error_rate"":5e-06}","{""detection_events"":12,""detectors_checked"":276480}"
      2048,         1,         0,   0.136,decoder_by_matrix,bf84ffc61868c0acf247eb3d31d6d1ff07feed51ae0b0770ddaf58683dcdd22c,"{""distance"":3,""physical_error_rate"":0.005}","{""detection_events"":1527,""detectors_checked"":110592,""obs_mistake_mask=E"":1}"
      7168,         0,         0,   0.130,decoder_by_matrix,e9839e3017c9ef118c4b8aeafef39e78c11ecbdb89764e9ca676a7dc2fb6d062,"{""distance"":3,""physical_error_rate"":1e-06}","{""detectors_checked"":387072}"
      1160,         0,         0,   0.040,decoder_by_matrix,560c721f87db01d4cacf7dcb7d8812fecde61e9e7776d4b9e1b1a792578ecad7,"{""distance"":3,""physical_error_rate"":5e-06}","{""detectors_checked"":62640}"
      8192,         0,         0,   0.132,decoder_by_matrix,e9839e3017c9ef118c4b8aeafef39e78c11ecbdb89764e9ca676a7dc2fb6d062,"{""distance"":3,""physical_error_rate"":1e-06}","{""detectors_checked"":442368}"
         1,         0,         0,   0.129,decoder_by_matrix,beec9fd12293a9cfe53c9b61fb8ce2a525e4eed38fa75d132d6dc64699336876,"{""distance"":3,""physical_error_rate"":0.0001}","{""detectors_checked"":54}"
      2048,         0,         0,   0.132,decoder_by_matrix,f854eed952f7ffb52e4f578393718ba880ba0930c78fe51d50828fe06a713055,"{""distance"":3,""physical_error_rate"":0.001}","{""detection_events"":318,""detectors_checked"":110592}"
      8192,         0,         0,   0.134,decoder_by_matrix,e25b8d07214a8afb95d354611a83b9bb1ded39644e323a8585b3aabf687a4fff,"{""distance"":3,""physical_error_rate"":1e-05}","{""detection_events"":6,""detectors_checked"":442368}"
      1092,         0,         0,   0.086,decoder_by_matrix,5c8c81bfec719079c388cedc47a351f264c1bf769ae28a89f9b4fc7719fea501,"{""distance"":3,""physical_error_rate"":0.0005}","{""detection_events"":102,""detectors_checked"":58968}"
      2048,         0,         0,   0.128,decoder_by_matrix,5c8c81bfec719079c388cedc47a351f264c1bf769ae28a89f9b4fc7719fea501,"{""distance"":3,""physical_error_rate"":0.0005}","{""detection_events"":144,""detectors_checked"":110592}"
      4096,         0,         0,   0.142,decoder_by_matrix,36e3cd26fed5ec7649ec51fb08c1a5e7d7f30e615782d954fee045c18a4962ca,"{""distance"":3,""physical_error_rate"":5e-05}","{""detection_events"":24,""detectors_checked"":221184}"
      5188,         0,         0,   0.085,decoder_by_matrix,e9839e3017c9ef118c4b8aeafef39e78c11ecbdb89764e9ca676a7dc2fb6d062,"{""distance"":3,""physical_error_rate"":1e-06}","{""detectors_checked"":280152}"
      5120,         0,         0,   0.137,decoder_by_matrix,e25b8d07214a8afb95d354611a83b9bb1ded39644e323a8585b3aabf687a4fff,"{""distance"":3,""physical_error_rate"":1e-05}","{""detection_events"":12,""detectors_checked"":276480}"
      6144,         0,         0,   0.138,decoder_by_matrix,560c721f87db01d4cacf7dcb7d8812fecde61e9e7776d4b9e1b1a792578ecad7,"{""distance"":3,""physical_error_rate"":5e-06}","{""detection_events"":6,""detectors_checked"":331776}"
      3072,         0,         0,   0.138,decoder_by_matrix,36e3cd26fed5ec7649ec51fb08c1a5e7d7f30e615782d954fee045c18a4962ca,"{""distance"":3,""physical_error_rate"":5e-05}","{""detection_events"":39,""detectors_checked"":165888}"
      2048,         0,         0,   0.134,decoder_by_matrix,f854eed952f7ffb52e4f578393718ba880ba0930c78fe51d50828fe06a713055,"{""distance"":3,""physical_error_rate"":0.001}","{""detection_events"":369,""detectors_checked"":110592}"
      2048,         0,         0,   0.136,decoder_by_matrix,5c8c81bfec719079c388cedc47a351f264c1bf769ae28a89f9b4fc7719fea501,"{""distance"":3,""physical_error_rate"":0.0005}","{""detection_events"":96,""detectors_checked"":110592}"
      4164,         0,         0,   0.136,decoder_by_matrix,36e3cd26fed5ec7649ec51fb08c1a5e7d7f30e615782d954fee045c18a4962ca,"{""distance"":3,""physical_error_rate"":5e-05}","{""detection_events"":3,""detectors_checked"":224856}"
      2048,         0,         0,   0.131,decoder_by_matrix,beec9fd12293a9cfe53c9b61fb8ce2a525e4eed38fa75d132d6dc64699336876,"{""distance"":3,""physical_error_rate"":0.0001}","{""detection_events"":51,""detectors_checked"":110592}"
      2048,        20,         0,   0.091,decoder_by_matrix,dc80d1b5cd4a369885d36fbbadd410646ee6a9cd91075667cd6e1b71d0442655,"{""distance"":3,""physical_error_rate"":0.01}","{""detection_events"":2874,""detectors_checked"":110592,""obs_mistake_mask=E"":20}"
      2116,         5,         0,   0.151,decoder_by_matrix,bf84ffc61868c0acf247eb3d31d6d1ff07feed51ae0b0770ddaf58683dcdd22c,"{""distance"":3,""physical_error_rate"":0.005}","{""detection_events"":1341,""detectors_checked"":114264,""obs_mistake_mask=E"":5}"
      2184,         3,         0,   0.112,decoder_by_matrix,bf84ffc61868c0acf247eb3d31d6d1ff07feed51ae0b0770ddaf58683dcdd22c,"{""distance"":3,""physical_error_rate"":0.005}","{""detection_events"":1395,""detectors_checked"":117936,""obs_mistake_mask=E"":3}"
      3140,         0,         0,   0.144,decoder_by_matrix,beec9fd12293a9cfe53c9b61fb8ce2a525e4eed38fa75d132d6dc64699336876,"{""distance"":3,""physical_error_rate"":0.0001}","{""detection_events"":75,""detectors_checked"":169560}"
      2048,         0,         0,   0.143,decoder_by_matrix,beec9fd12293a9cfe53c9b61fb8ce2a525e4eed38fa75d132d6dc64699336876,"{""distance"":3,""physical_error_rate"":0.0001}","{""detection_events"":9,""detectors_checked"":110592}"
      2048,         9,         0,   0.156,decoder_by_matrix,dc80d1b5cd4a369885d36fbbadd410646ee6a9cd91075667cd6e1b71d0442655,"{""distance"":3,""physical_error_rate"":0.01}","{""detection_events"":2667,""detectors_checked"":110592,""obs_mistake_mask=E"":9}"
      3140,         0,         0,   0.128,decoder_by_matrix,5c8c81bfec719079c388cedc47a351f264c1bf769ae28a89f9b4fc7719fea501,"{""distance"":3,""physical_error_rate"":0.0005}","{""detection_events"":216,""detectors_checked"":169560}"
      2116,        13,         0,   0.154,decoder_by_matrix,dc80d1b5cd4a369885d36fbbadd410646ee6a9cd91075667cd6e1b71d0442655,"{""distance"":3,""physical_error_rate"":0.01}","{""detection_events"":2721,""detectors_checked"":114264,""obs_mistake_mask=E"":13}"
      3208,         0,         0,   0.153,decoder_by_matrix,f854eed952f7ffb52e4f578393718ba880ba0930c78fe51d50828fe06a713055,"{""distance"":3,""physical_error_rate"":0.001}","{""detection_events"":402,""detectors_checked"":173232}"
      2048,         2,         0,   0.136,decoder_by_matrix,bf84ffc61868c0acf247eb3d31d6d1ff07feed51ae0b0770ddaf58683dcdd22c,"{""distance"":3,""physical_error_rate"":0.005}","{""detection_events"":1608,""detectors_checked"":110592,""obs_mistake_mask=E"":2}"
      3208,         0,         0,   0.156,decoder_by_matrix,f854eed952f7ffb52e4f578393718ba880ba0930c78fe51d50828fe06a713055,"{""distance"":3,""physical_error_rate"":0.001}","{""detection_events"":393,""detectors_checked"":173232}"
      2116,         8,         0,   0.138,decoder_by_matrix,dc80d1b5cd4a369885d36fbbadd410646ee6a9cd91075667cd6e1b71d0442655,"{""distance"":3,""physical_error_rate"":0.01}","{""detection_events"":2928,""detectors_checked"":114264,""obs_mistake_mask=E"":8}"
      7304,         0,         0,   0.137,decoder_by_matrix,e25b8d07214a8afb95d354611a83b9bb1ded39644e323a8585b3aabf687a4fff,"{""distance"":3,""physical_error_rate"":1e-05}","{""detectors_checked"":394416}"
      8192,         0,         0,   0.137,decoder_by_matrix,560c721f87db01d4cacf7dcb7d8812fecde61e9e7776d4b9e1b1a792578ecad7,"{""distance"":3,""physical_error_rate"":5e-06}","{""detectors_checked"":442368}"
      3072,         5,         0,   0.138,decoder_by_matrix,bf84ffc61868c0acf247eb3d31d6d1ff07feed51ae0b0770ddaf58683dcdd22c,"{""distance"":3,""physical_error_rate"":0.005}","{""detection_events"":2214,""detectors_checked"":165888,""obs_mistake_mask=E"":5}"
      7168,         0,         0,   0.136,decoder_by_matrix,560c721f87db01d4cacf7dcb7d8812fecde61e9e7776d4b9e1b1a792578ecad7,"{""distance"":3,""physical_error_rate"":5e-06}","{""detection_events"":9,""detectors_checked"":387072}"
      8192,         0,         0,   0.136,decoder_by_matrix,e9839e3017c9ef118c4b8aeafef39e78c11ecbdb89764e9ca676a7dc2fb6d062,"{""distance"":3,""physical_error_rate"":1e-06}","{""detectors_checked"":442368}"
      4164,         0,         0,   0.137,decoder_by_matrix,beec9fd12293a9cfe53c9b61fb8ce2a525e4eed38fa75d132d6dc64699336876,"{""distance"":3,""physical_error_rate"":0.0001}","{""detection_events"":30,""detectors_checked"":224856}"
      3072,         0,         0,   0.136,decoder_by_matrix,f854eed952f7ffb52e4f578393718ba880ba0930c78fe51d50828fe06a713055,"{""distance"":3,""physical_error_rate"":0.001}","{""detection_events"":390,""detectors_checked"":165888}"
      4096,         0,         0,   0.135,decoder_by_matrix,e25b8d07214a8afb95d354611a83b9bb1ded39644e323a8585b3aabf687a4fff,"{""distance"":3,""physical_error_rate"":1e-05}","{""detection_events"":6,""detectors_checked"":221184}"
      3072,         0,         0,   0.136,decoder_by_matrix,5c8c81bfec719079c388cedc47a351f264c1bf769ae28a89f9b4fc7719fea501,"{""distance"":3,""physical_error_rate"":0.0005}","{""detection_events"":204,""detectors_checked"":165888}"
      3072,         0,         0,   0.136,decoder_by_matrix,5c8c81bfec719079c388cedc47a351f264c1bf769ae28a89f9b4fc7719fea501,"{""distance"":3,""physical_error_rate"":0.0005}","{""detection_events"":174,""detectors_checked"":165888}"
      4096,         0,         0,   0.135,decoder_by_matrix,36e3cd26fed5ec7649ec51fb08c1a5e7d7f30e615782d954fee045c18a4962ca,"{""distance"":3,""physical_error_rate"":5e-05}","{""detection_events"":30,""detectors_checked"":221184}"
      8192,         0,         0,   0.138,decoder_by_matrix,e9839e3017c9ef118c4b8aeafef39e78c11ecbdb89764e9ca676a7dc2fb6d062,"{""distance"":3,""physical_error_rate"":1e-06}","{""detectors_checked"":442368}"
      6144,         0,         0,   0.138,decoder_by_matrix,e25b8d07214a8afb95d354611a83b9bb1ded39644e323a8585b3aabf687a4fff,"{""distance"":3,""physical_error_rate"":1e-05}","{""detection_events"":3,""detectors_checked"":331776}"
      6144,         0,         0,   0.138,decoder_by_matrix,560c721f87db01d4cacf7dcb7d8812fecde61e9e7776d4b9e1b1a792578ecad7,"{""distance"":3,""physical_error_rate"":5e-06}","{""detection_events"":15,""detectors_checked"":331776}"
      3072,         0,         0,   0.137,decoder_by_matrix,f854eed952f7ffb52e4f578393718ba880ba0930c78fe51d50828fe06a713055,"{""distance"":3,""physical_error_rate"":0.001}","{""detection_events"":384,""detectors_checked"":165888}"
     11264,         0,         0,   0.166,decoder_by_matrix,e9839e3017c9ef118c4b8aeafef39e78c11ecbdb89764e9ca676a7dc2fb6d062,"{""distance"":3,""physical_error_rate"":1e-06}","{""detectors_checked"":608256}"
      3072,         0,         0,   0.137,decoder_by_matrix,5c8c81bfec719079c388cedc47a351f264c1bf769ae28a89f9b4fc7719fea501,"{""distance"":3,""physical_error_rate"":0.0005}","{""detection_events"":183,""detectors_checked"":165888}"
      3072,         0,         0,   0.137,decoder_by_matrix,36e3cd26fed5ec7649ec51fb08c1a5e7d7f30e615782d954fee045c18a4962ca,"{""distance"":3,""physical_error_rate"":5e-05}","{""detection_events"":21,""detectors_checked"":165888}"
      3072,         0,         0,   0.137,decoder_by_matrix,beec9fd12293a9cfe53c9b61fb8ce2a525e4eed38fa75d132d6dc64699336876,"{""distance"":3,""physical_error_rate"":0.0001}","{""detection_events"":39,""detectors_checked"":165888}"
      2048,         6,         0,   0.127,decoder_by_matrix,bf84ffc61868c0acf247eb3d31d6d1ff07feed51ae0b0770ddaf58683dcdd22c,"{""distance"":3,""physical_error_rate"":0.005}","{""detection_events"":1668,""detectors_checked"":110592,""obs_mistake_mask=E"":6}"
      2048,         2,         0,   0.126,decoder_by_matrix,bf84ffc61868c0acf247eb3d31d6d1ff07feed51ae0b0770ddaf58683dcdd22c,"{""distance"":3,""physical_error_rate"":0.005}","{""detection_events"":1410,""detectors_checked"":110592,""obs_mistake_mask=E"":2}"
      4096,         0,         0,   0.127,decoder_by_matrix,beec9fd12293a9cfe53c9b61fb8ce2a525e4eed38fa75d132d6dc64699336876,"{""distance"":3,""physical_error_rate"":0.0001}","{""detection_events"":45,""detectors_checked"":221184}"
      4096,         0,         0,   0.127,decoder_by_matrix,beec9fd12293a9cfe53c9b61fb8ce2a525e4eed38fa75d132d6dc64699336876,"{""distance"":3,""physical_error_rate"":0.0001}","{""detection_events"":36,""detectors_checked"":221184}"
      2048,         8,         0,   0.127,decoder_by_matrix,dc80d1b5cd4a369885d36fbbadd410646ee6a9cd91075667cd6e1b71d0442655,"{""distance"":3,""physical_error_rate"":0.01}","{""detection_events"":2865,""detectors_checked"":110592,""obs_mistake_mask=E"":8}"
      5120,         0,         0,   0.177,decoder_by_matrix,36e3cd26fed5ec7649ec51fb08c1a5e7d7f30e615782d954fee045c18a4962ca,"{""distance"":3,""physical_error_rate"":5e-05}","{""detection_events"":24,""detectors_checked"":276480}"
      2048,         0,         0,   0.126,decoder_by_matrix,5c8c81bfec719079c388cedc47a351f264c1bf769ae28a89f9b4fc7719fea501,"{""distance"":3,""physical_error_rate"":0.0005}","{""detection_events"":159,""detectors_checked"":110592}"
      2048,        13,         0,   0.127,decoder_by_matrix,dc80d1b5cd4a369885d36fbbadd410646ee6a9cd91075667cd6e1b71d0442655,"{""distance"":3,""physical_error_rate"":0.01}","{""detection_events"":2883,""detectors_checked"":110592,""obs_mistake_mask=E"":13}"
      2048,         0,         0,   0.126,decoder_by_matrix,f854eed952f7ffb52e4f578393718ba880ba0930c78fe51d50828fe06a713055,"{""distance"":3,""physical_error_rate"":0.001}","{""detection_events"":375,""detectors_checked"":110592}"
      2048,         3,         0,   0.126,decoder_by_matrix,bf84ffc61868c0acf247eb3d31d6d1ff07feed51ae0b0770ddaf58683dcdd22c,"{""distance"":3,""physical_error_rate"":0.005}","{""detection_events"":1500,""detectors_checked"":110592,""obs_mistake_mask=E"":3}"
      2048,         0,         0,   0.126,decoder_by_matrix,f854eed952f7ffb52e4f578393718ba880ba0930c78fe51d50828fe06a713055,"{""distance"":3,""physical_error_rate"":0.001}","{""detection_events"":345,""detectors_checked"":110592}"
      2048,         7,         0,   0.127,decoder_by_matrix,dc80d1b5cd4a369885d36fbbadd410646ee6a9cd91075667cd6e1b71d0442655,"{""distance"":3,""physical_error_rate"":0.01}","{""detection_events"":2835,""detectors_checked"":110592,""obs_mistake_mask=E"":7}"
      8192,         0,         0,   0.127,decoder_by_matrix,e25b8d07214a8afb95d354611a83b9bb1ded39644e323a8585b3aabf687a4fff,"{""distance"":3,""physical_error_rate"":1e-05}","{""detectors_checked"":442368}"
      6144,         0,         0,   0.127,decoder_by_matrix,560c721f87db01d4cacf7dcb7d8812fecde61e9e7776d4b9e1b1a792578ecad7,"{""distance"":3,""physical_error_rate"":5e-06}","{""detection_events"":3,""detectors_checked"":331776}"
      2048,         2,         0,   0.126,decoder_by_matrix,bf84ffc61868c0acf247eb3d31d6d1ff07feed51ae0b0770ddaf58683dcdd22c,"{""distance"":3,""physical_error_rate"":0.005}","{""detection_events"":1470,""detectors_checked"":110592,""obs_mistake_mask=E"":2}"
      6144,         0,         0,   0.003,decoder_by_matrix,560c721f87db01d4cacf7dcb7d8812fecde61e9e7776d4b9e1b1a792578ecad7,"{""distance"":3,""physical_error_rate"":5e-06}","{""detectors_checked"":331776}"
      8192,         0,         0,   0.127,decoder_by_matrix,e9839e3017c9ef118c4b8aeafef39e78c11ecbdb89764e9ca676a7dc2fb6d062,"{""distance"":3,""physical_error_rate"":1e-06}","{""detectors_checked"":442368}"
      3072,         0,         0,   0.127,decoder_by_matrix,beec9fd12293a9cfe53c9b61fb8ce2a525e4eed38fa75d132d6dc64699336876,"{""distance"":3,""physical_error_rate"":0.0001}","{""detection_events"":36,""detectors_checked"":165888}"
      2048,        13,         0,   0.203,decoder_by_matrix,dc80d1b5cd4a369885d36fbbadd410646ee6a9cd91075667cd6e1b71d0442655,"{""distance"":3,""physical_error_rate"":0.01}","{""detection_events"":2742,""detectors_checked"":110592,""obs_mistake_mask=E"":13}"
      3072,         0,         0,   0.131,decoder_by_matrix,f854eed952f7ffb52e4f578393718ba880ba0930c78fe51d50828fe06a713055,"{""distance"":3,""physical_error_rate"":0.001}","{""detection_events"":468,""detectors_checked"":165888}"
      3072,         1,         0,   0.131,decoder_by_matrix,5c8c81bfec719079c388cedc47a351f264c1bf769ae28a89f9b4fc7719fea501,"{""distance"":3,""physical_error_rate"":0.0005}","{""detection_events"":192,""detectors_checked"":165888,""obs_mistake_mask=E"":1}"
      3072,         0,         0,   0.136,decoder_by_matrix,5c8c81bfec719079c388cedc47a351f264c1bf769ae28a89f9b4fc7719fea501,"{""distance"":3,""physical_error_rate"":0.0005}","{""detection_events"":294,""detectors_checked"":165888}"
      6144,         0,         0,   0.131,decoder_by_matrix,e9839e3017c9ef118c4b8aeafef39e78c11ecbdb89764e9ca676a7dc2fb6d062,"{""distance"":3,""physical_error_rate"":1e-06}","{""detectors_checked"":331776}"
      6144,         0,         0,   0.132,decoder_by_matrix,e25b8d07214a8afb95d354611a83b9bb1ded39644e323a8585b3aabf687a4fff,"{""distance"":3,""physical_error_rate"":1e-05}","{""detection_events"":6,""detectors_checked"":331776}"
      8192,         0,         0,   0.132,decoder_by_matrix,e9839e3017c9ef118c4b8aeafef39e78c11ecbdb89764e9ca676a7dc2fb6d062,"{""distance"":3,""physical_error_rate"":1e-06}","{""detectors_checked"":442368}"
      2048,         0,         0,   0.003,decoder_by_matrix,5c8c81bfec719079c388cedc47a351f264c1bf769ae28a89f9b4fc7719fea501,"{""distance"":3,""physical_error_rate"":0.0005}","{""detection_events"":159,""detectors_checked"":110592}"
      4096,         0,         0,   0.132,decoder_by_matrix,36e3cd26fed5ec7649ec51fb08c1a5e7d7f30e615782d954fee045c18a4962ca,"{""distance"":3,""physical_error_rate"":5e-05}","{""detection_events"":39,""detectors_checked"":221184}"
      3072,         2,         0,   0.133,decoder_by_matrix,bf84ffc61868c0acf247eb3d31d6d1ff07feed51ae0b0770ddaf58683dcdd22c,"{""distance"":3,""physical_error_rate"":0.005}","{""detection_events"":2007,""detectors_checked"":165888,""obs_mistake_mask=E"":2}"
      2048,         4,         0,   0.131,decoder_by_matrix,bf84ffc61868c0acf247eb3d31d6d1ff07feed51ae0b0770ddaf58683dcdd22c,"{""distance"":3,""physical_error_rate"":0.005}","{""detection_events"":1518,""detectors_checked"":110592,""obs_mistake_mask=E"":4}"
      3072,         0,         0,   0.132,decoder_by_matrix,beec9fd12293a9cfe53c9b61fb8ce2a525e4eed38fa75d132d6dc64699336876,"{""distance"":3,""physical_error_rate"":0.0001}","{""detection_events"":30,""detectors_checked"":165888}"
      3072,         0,         0,   0.132,decoder_by_matrix,5c8c81bfec719079c388cedc47a351f264c1bf769ae28a89f9b4fc7719fea501,"{""distance"":3,""physical_error_rate"":0.0005}","{""detection_events"":264,""detectors_checked"":165888}"
      2048,        10,         0,   0.132,decoder_by_matrix,dc80d1b5cd4a369885d36fbbadd410646ee6a9cd91075667cd6e1b71d0442655,"{""distance"":3,""physical_error_rate"":0.01}","{""detection_events"":2841,""detectors_checked"":110592,""obs_mistake_mask=E"":10}"
      3072,         0,         0,   0.132,decoder_by_matrix,f854eed952f7ffb52e4f578393718ba880ba0930c78fe51d50828fe06a713055,"{""distance"":3,""physical_error_rate"":0.001}","{""detection_events"":519,""detectors_checked"":165888}"
      3072,         0,         0,   0.132,decoder_by_matrix,f854eed952f7ffb52e4f578393718ba880ba0930c78fe51d50828fe06a713055,"{""distance"":3,""physical_error_rate"":0.001}","{""detection_events"":498,""detectors_checked"":165888}"
      2048,        12,         0,   0.132,decoder_by_matrix,dc80d1b5cd4a369885d36fbbadd410646ee6a9cd91075667cd6e1b71d0442655,"{""distance"":3,""physical_error_rate"":0.01}","{""detection_events"":2790,""detectors_checked"":110592,""obs_mistake_mask=E"":12}"
      7168,         0,         0,   0.132,decoder_by_matrix,e25b8d07214a8afb95d354611a83b9bb1ded39644e323a8585b3aabf687a4fff,"{""distance"":3,""physical_error_rate"":1e-05}","{""detection_events"":3,""detectors_checked"":387072}"
      5120,         0,         0,   0.132,decoder_by_matrix,560c721f87db01d4cacf7dcb7d8812fecde61e9e7776d4b9e1b1a792578ecad7,"{""distance"":3,""physical_error_rate"":5e-06}","{""detection_events"":12,""detectors_checked"":276480}"
      2048,         0,         0,   0.133,decoder_by_matrix,beec9fd12293a9cfe53c9b61fb8ce2a525e4eed38fa75d132d6dc64699336876,"{""distance"":3,""physical_error_rate"":0.0001}","{""detection_events"":42,""detectors_checked"":110592}"
      6144,         0,         0,   0.252,decoder_by_matrix,36e3cd26fed5ec7649ec51fb08c1a5e7d7f30e615782d954fee045c18a4962ca,"{""distance"":3,""physical_error_rate"":5e-05}","{""detection_events"":36,""detectors_checked"":331776}"
     13312,         0,         0,   0.273,decoder_by_matrix,e25b8d07214a8afb95d354611a83b9bb1ded39644e323a8585b3aabf687a4fff,"{""distance"":3,""physical_error_rate"":1e-05}","{""detection_events"":15,""detectors_checked"":718848}"
      3072,         0,         0,   0.141,decoder_by_matrix,5c8c81bfec719079c388cedc47a351f264c1bf769ae28a89f9b4fc7719fea501,"{""distance"":3,""physical_error_rate"":0.0005}","{""detection_events"":285,""detectors_checked"":165888}"
      8192,         0,         0,   0.129,decoder_by_matrix,e9839e3017c9ef118c4b8aeafef39e78c11ecbdb89764e9ca676a7dc2fb6d062,"{""distance"":3,""physical_error_rate"":1e-06}","{""detectors_checked"":442368}"
     14336,         0,         0,   0.260,decoder_by_matrix,560c721f87db01d4cacf7dcb7d8812fecde61e9e7776d4b9e1b1a792578ecad7,"{""distance"":3,""physical_error_rate"":5e-06}","{""detection_events"":6,""detectors_checked"":774144}"
      5120,         0,         0,   0.260,decoder_by_matrix,f854eed952f7ffb52e4f578393718ba880ba0930c78fe51d50828fe06a713055,"{""distance"":3,""physical_error_rate"":0.001}","{""detection_events"":795,""detectors_checked"":276480}"
      3072,         0,         0,   0.129,decoder_by_matrix,36e3cd26fed5ec7649ec51fb08c1a5e7d7f30e615782d954fee045c18a4962ca,"{""distance"":3,""physical_error_rate"":5e-05}","{""detection_events"":54,""detectors_checked"":165888}"
      7168,         0,         0,   0.261,decoder_by_matrix,beec9fd12293a9cfe53c9b61fb8ce2a525e4eed38fa75d132d6dc64699336876,"{""distance"":3,""physical_error_rate"":0.0001}","{""detection_events"":138,""detectors_checked"":387072}"
      2048,         3,         0,   0.128,decoder_by_matrix,bf84ffc61868c0acf247eb3d31d6d1ff07feed51ae0b0770ddaf58683dcdd22c,"{""distance"":3,""physical_error_rate"":0.005}","{""detection_events"":1377,""detectors_checked"":110592,""obs_mistake_mask=E"":3}"
      3072,         0,         0,   0.125,decoder_by_matrix,beec9fd12293a9cfe53c9b61fb8ce2a525e4eed38fa75d132d6dc64699336876,"{""distance"":3,""physical_error_rate"":0.0001}","{""detection_events"":54,""detectors_checked"":165888}"
      6144,         0,         0,   0.256,decoder_by_matrix,beec9fd12293a9cfe53c9b61fb8ce2a525e4eed38fa75d132d6dc64699336876,"{""distance"":3,""physical_error_rate"":0.0001}","{""detection_events"":126,""detectors_checked"":331776}"
      3072,        24,         0,   0.255,decoder_by_matrix,dc80d1b5cd4a369885d36fbbadd410646ee6a9cd91075667cd6e1b71d0442655,"{""distance"":3,""physical_error_rate"":0.01}","{""detection_events"":4284,""detectors_checked"":165888,""obs_mistake_mask=E"":24}"
      7168,         0,         0,   0.257,decoder_by_matrix,36e3cd26fed5ec7649ec51fb08c1a5e7d7f30e615782d954fee045c18a4962ca,"{""distance"":3,""physical_error_rate"":5e-05}","{""detection_events"":90,""detectors_checked"":387072}"
      3072,         0,         0,   0.125,decoder_by_matrix,5c8c81bfec719079c388cedc47a351f264c1bf769ae28a89f9b4fc7719fea501,"{""distance"":3,""physical_error_rate"":0.0005}","{""detection_events"":219,""detectors_checked"":165888}"
      2048,        11,         0,   0.125,decoder_by_matrix,dc80d1b5cd4a369885d36fbbadd410646ee6a9cd91075667cd6e1b71d0442655,"{""distance"":3,""physical_error_rate"":0.01}","{""detection_events"":2979,""detectors_checked"":110592,""obs_mistake_mask=E"":11}"
      3072,         0,         0,   0.125,decoder_by_matrix,f854eed952f7ffb52e4f578393718ba880ba0930c78fe51d50828fe06a713055,"{""distance"":3,""physical_error_rate"":0.001}","{""detection_events"":387,""detectors_checked"":165888}"
      5120,         9,         0,   0.256,decoder_by_matrix,bf84ffc61868c0acf247eb3d31d6d1ff07feed51ae0b0770ddaf58683dcdd22c,"{""distance"":3,""physical_error_rate"":0.005}","{""detection_events"":3387,""detectors_checked"":276480,""obs_mistake_mask=E"":9}"
      3072,         0,         0,   0.124,decoder_by_matrix,f854eed952f7ffb52e4f578393718ba880ba0930c78fe51d50828fe06a713055,"{""distance"":3,""physical_error_rate"":0.001}","{""detection_events"":384,""detectors_checked"":165888}"
      3072,         3,         0,   0.165,decoder_by_matrix,bf84ffc61868c0acf247eb3d31d6d1ff07feed51ae0b0770ddaf58683dcdd22c,"{""distance"":3,""physical_error_rate"":0.005}","{""detection_events"":2319,""detectors_checked"":165888,""obs_mistake_mask=E"":3}"
      2048,        15,         0,   0.131,decoder_by_matrix,dc80d1b5cd4a369885d36fbbadd410646ee6a9cd91075667cd6e1b71d0442655,"{""distance"":3,""physical_error_rate"":0.01}","{""detection_events"":2898,""detectors_checked"":110592,""obs_mistake_mask=E"":15}"
     15360,         0,         0,   0.247,decoder_by_matrix,e9839e3017c9ef118c4b8aeafef39e78c11ecbdb89764e9ca676a7dc2fb6d062,"{""distance"":3,""physical_error_rate"":1e-06}","{""detectors_checked"":829440}"
      5120,         0,         0,   0.134,decoder_by_matrix,e25b8d07214a8afb95d354611a83b9bb1ded39644e323a8585b3aabf687a4fff,"{""distance"":3,""physical_error_rate"":1e-05}","{""detection_events"":9,""detectors_checked"":276480}"
     11264,         0,         0,   0.271,decoder_by_matrix,560c721f87db01d4cacf7dcb7d8812fecde61e9e7776d4b9e1b1a792578ecad7,"{""distance"":3,""physical_error_rate"":5e-06}","{""detection_events"":30,""detectors_checked"":608256}"
      4096,        10,         0,   0.270,decoder_by_matrix,bf84ffc61868c0acf247eb3d31d6d1ff07feed51ae0b0770ddaf58683dcdd22c,"{""distance"":3,""physical_error_rate"":0.005}","{""detection_events"":3057,""detectors_checked"":221184,""obs_mistake_mask=E"":10}"
      8192,         0,         0,   0.139,decoder_by_matrix,560c721f87db01d4cacf7dcb7d8812fecde61e9e7776d4b9e1b1a792578ecad7,"{""distance"":3,""physical_error_rate"":5e-06}","{""detectors_checked"":442368}"
      4096,        31,         0,   0.264,decoder_by_matrix,dc80d1b5cd4a369885d36fbbadd410646ee6a9cd91075667cd6e1b71d0442655,"{""distance"":3,""physical_error_rate"":0.01}","{""detection_events"":5787,""detectors_checked"":221184,""obs_mistake_mask=E"":31}"
      3072,         0,         0,   0.137,decoder_by_matrix,beec9fd12293a9cfe53c9b61fb8ce2a525e4eed38fa75d132d6dc64699336876,"{""distance"":3,""physical_error_rate"":0.0001}","{""detection_events"":60,""detectors_checked"":165888}"
      5120,         1,         0,   0.250,decoder_by_matrix,5c8c81bfec719079c388cedc47a351f264c1bf769ae28a89f9b4fc7719fea501,"{""distance"":3,""physical_error_rate"":0.0005}","{""detection_events"":324,""detectors_checked"":276480,""obs_mistake_mask=E"":1}"
      5120,         0,         0,   0.274,decoder_by_matrix,f854eed952f7ffb52e4f578393718ba880ba0930c78fe51d50828fe06a713055,"{""distance"":3,""physical_error_rate"":0.001}","{""detection_events"":747,""detectors_checked"":276480}"
      3072,         0,         0,   0.004,decoder_by_matrix,5c8c81bfec719079c388cedc47a351f264c1bf769ae28a89f9b4fc7719fea501,"{""distance"":3,""physical_error_rate"":0.0005}","{""detection_events"":105,""detectors_checked"":165888}"
      8192,         0,         0,   0.128,decoder_by_matrix,e9839e3017c9ef118c4b8aeafef39e78c11ecbdb89764e9ca676a7dc2fb6d062,"{""distance"":3,""physical_error_rate"":1e-06}","{""detectors_checked"":442368}"
     12288,         0,         0,   0.256,decoder_by_matrix,e25b8d07214a8afb95d354611a83b9bb1ded39644e323a8585b3aabf687a4fff,"{""distance"":3,""physical_error_rate"":1e-05}","{""detection_events"":9,""detectors_checked"":663552}"
     16384,         0,         0,   0.256,decoder_by_matrix,e9839e3017c9ef118c4b8aeafef39e78c11ecbdb89764e9ca676a7dc2fb6d062,"{""distance"":3,""physical_error_rate"":1e-06}","{""detectors_checked"":884736}"
      6144,         0,         0,   0.257,decoder_by_matrix,5c8c81bfec719079c388cedc47a351f264c1bf769ae28a89f9b4fc7719fea501,"{""distance"":3,""physical_error_rate"":0.0005}","{""detection_events"":477,""detectors_checked"":331776}"
      3072,         0,         0,   0.116,decoder_by_matrix,beec9fd12293a9cfe53c9b61fb8ce2a525e4eed38fa75d132d6dc64699336876,"{""distance"":3,""physical_error_rate"":0.0001}","{""detection_events"":33,""detectors_checked"":165888}"
      3072,         0,         0,   0.132,decoder_by_matrix,36e3cd26fed5ec7649ec51fb08c1a5e7d7f30e615782d954fee045c18a4962ca,"{""distance"":3,""physical_error_rate"":5e-05}","{""detection_events"":33,""detectors_checked"":165888}"
      2048,         0,         0,   0.104,decoder_by_matrix,f854eed952f7ffb52e4f578393718ba880ba0930c78fe51d50828fe06a713055,"{""distance"":3,""physical_error_rate"":0.001}","{""detection_events"":255,""detectors_checked"":110592}"
      2048,         3,         0,   0.138,decoder_by_matrix,bf84ffc61868c0acf247eb3d31d6d1ff07feed51ae0b0770ddaf58683dcdd22c,"{""distance"":3,""physical_error_rate"":0.005}","{""detection_events"":1632,""detectors_checked"":110592,""obs_mistake_mask=E"":3}"
      1024,         7,         0,   0.121,decoder_by_matrix,dc80d1b5cd4a369885d36fbbadd410646ee6a9cd91075667cd6e1b71d0442655,"{""distance"":3,""physical_error_rate"":0.01}","{""detection_events"":1512,""detectors_checked"":55296,""obs_mistake_mask=E"":7}"
      3072,         0,         0,   0.142,decoder_by_matrix,5c8c81bfec719079c388cedc47a351f264c1bf769ae28a89f9b4fc7719fea501,"{""distance"":3,""physical_error_rate"":0.0005}","{""detection_events"":276,""detectors_checked"":165888}"
      3072,         0,         0,   0.135,decoder_by_matrix,f854eed952f7ffb52e4f578393718ba880ba0930c78fe51d50828fe06a713055,"{""distance"":3,""physical_error_rate"":0.001}","{""detection_events"":408,""detectors_checked"":165888}"
      2048,         5,         0,   0.134,decoder_by_matrix,bf84ffc61868c0acf247eb3d31d6d1ff07feed51ae0b0770ddaf58683dcdd22c,"{""distance"":3,""physical_error_rate"":0.005}","{""detection_events"":1575,""detectors_checked"":110592,""obs_mistake_mask=E"":5}"
      1024,         4,         0,   0.134,decoder_by_matrix,dc80d1b5cd4a369885d36fbbadd410646ee6a9cd91075667cd6e1b71d0442655,"{""distance"":3,""physical_error_rate"":0.01}","{""detection_events"":1476,""detectors_checked"":55296,""obs_mistake_mask=E"":4}"
      5120,         0,         0,   0.132,decoder_by_matrix,e25b8d07214a8afb95d354611a83b9bb1ded39644e323a8585b3aabf687a4fff,"{""distance"":3,""physical_error_rate"":1e-05}","{""detection_events"":12,""detectors_checked"":276480}"
     12288,         0,         0,   0.229,decoder_by_matrix,e25b8d07214a8afb95d354611a83b9bb1ded39644e323a8585b3aabf687a4fff,"{""distance"":3,""physical_error_rate"":1e-05}","{""detection_events"":12,""detectors_checked"":663552}"
      6144,         0,         0,   0.132,decoder_by_matrix,560c721f87db01d4cacf7dcb7d8812fecde61e9e7776d4b9e1b1a792578ecad7,"{""distance"":3,""physical_error_rate"":5e-06}","{""detection_events"":15,""detectors_checked"":331776}"
      3072,         0,         0,   0.132,decoder_by_matrix,beec9fd12293a9cfe53c9b61fb8ce2a525e4eed38fa75d132d6dc64699336876,"{""distance"":3,""physical_error_rate"":0.0001}","{""detection_events"":27,""detectors_checked"":165888}"
      7168,         0,         0,   0.265,decoder_by_matrix,36e3cd26fed5ec7649ec51fb08c1a5e7d7f30e615782d954fee045c18a4962ca,"{""distance"":3,""physical_error_rate"":5e-05}","{""detection_events"":63,""detectors_checked"":387072}"
      2048,         0,         0,   0.129,decoder_by_matrix,5c8c81bfec719079c388cedc47a351f264c1bf769ae28a89f9b4fc7719fea501,"{""distance"":3,""physical_error_rate"":0.0005}","{""detection_events"":168,""detectors_checked"":110592}"
      6144,         0,         0,   0.130,decoder_by_matrix,e9839e3017c9ef118c4b8aeafef39e78c11ecbdb89764e9ca676a7dc2fb6d062,"{""distance"":3,""physical_error_rate"":1e-06}","{""detection_events"":3,""detectors_checked"":331776}"
      2048,         4,         0,   0.095,decoder_by_matrix,bf84ffc61868c0acf247eb3d31d6d1ff07feed51ae0b0770ddaf58683dcdd22c,"{""distance"":3,""physical_error_rate"":0.005}","{""detection_events"":1506,""detectors_checked"":110592,""obs_mistake_mask=E"":4}"
     13312,         0,         0,   0.262,decoder_by_matrix,560c721f87db01d4cacf7dcb7d8812fecde61e9e7776d4b9e1b1a792578ecad7,"{""distance"":3,""physical_error_rate"":5e-06}","{""detection_events"":12,""detectors_checked"":718848}"
      6144,         1,         0,   0.262,decoder_by_matrix,f854eed952f7ffb52e4f578393718ba880ba0930c78fe51d50828fe06a713055,"{""distance"":3,""physical_error_rate"":0.001}","{""detection_events"":930,""detectors_checked"":331776,""obs_mistake_mask=E"":1}"
      3072,         0,         0,   0.134,decoder_by_matrix,beec9fd12293a9cfe53c9b61fb8ce2a525e4eed38fa75d132d6dc64699336876,"{""distance"":3,""physical_error_rate"":0.0001}","{""detection_events"":66,""detectors_checked"":165888}"
      4096,         0,         0,   0.133,decoder_by_matrix,36e3cd26fed5ec7649ec51fb08c1a5e7d7f30e615782d954fee045c18a4962ca,"{""distance"":3,""physical_error_rate"":5e-05}","{""detection_events"":12,""detectors_checked"":221184}"
      5120,         0,         0,   0.266,decoder_by_matrix,beec9fd12293a9cfe53c9b61fb8ce2a525e4eed38fa75d132d6dc64699336876,"{""distance"":3,""physical_error_rate"":0.0001}","{""detection_events"":75,""detectors_checked"":276480}"
      3072,         1,         0,   0.135,decoder_by_matrix,f854eed952f7ffb52e4f578393718ba880ba0930c78fe51d50828fe06a713055,"{""distance"":3,""physical_error_rate"":0.001}","{""detection_events"":402,""detectors_checked"":165888,""obs_mistake_mask=E"":1}"
      6144,         0,         0,   0.267,decoder_by_matrix,beec9fd12293a9cfe53c9b61fb8ce2a525e4eed38fa75d132d6dc64699336876,"{""distance"":3,""physical_error_rate"":0.0001}","{""detection_events"":75,""detectors_checked"":331776}"
      2048,        18,         0,   0.133,decoder_by_matrix,dc80d1b5cd4a369885d36fbbadd410646ee6a9cd91075667cd6e1b71d0442655,"{""distance"":3,""physical_error_rate"":0.01}","{""detection_events"":2757,""detectors_checked"":110592,""obs_mistake_mask=E"":18}"
      4096,        33,         0,   0.272,decoder_by_matrix,dc80d1b5cd4a369885d36fbbadd410646ee6a9cd91075667cd6e1b71d0442655,"{""distance"":3,""physical_error_rate"":0.01}","{""detection_events"":6129,""detectors_checked"":221184,""obs_mistake_mask=E"":33}"
      4096,         4,         0,   0.255,decoder_by_matrix,bf84ffc61868c0acf247eb3d31d6d1ff07feed51ae0b0770ddaf58683dcdd22c,"{""distance"":3,""physical_error_rate"":0.005}","{""detection_events"":2748,""detectors_checked"":221184,""obs_mistake_mask=E"":4}"
      7168,         0,         0,   0.275,decoder_by_matrix,36e3cd26fed5ec7649ec51fb08c1a5e7d7f30e615782d954fee045c18a4962ca,"{""distance"":3,""physical_error_rate"":5e-05}","{""detection_events"":51,""detectors_checked"":387072}"
      3072,         0,         0,   0.133,decoder_by_matrix,5c8c81bfec719079c388cedc47a351f264c1bf769ae28a89f9b4fc7719fea501,"{""distance"":3,""physical_error_rate"":0.0005}","{""detection_events"":213,""detectors_checked"":165888}"
      2048,         0,         0,   0.128,decoder_by_matrix,f854eed952f7ffb52e4f578393718ba880ba0930c78fe51d50828fe06a713055,"{""distance"":3,""physical_error_rate"":0.001}","{""detection_events"":264,""detectors_checked"":110592}"
      3072,         9,         0,   0.130,decoder_by_matrix,bf84ffc61868c0acf247eb3d31d6d1ff07feed51ae0b0770ddaf58683dcdd22c,"{""distance"":3,""physical_error_rate"":0.005}","{""detection_events"":2319,""detectors_checked"":165888,""obs_mistake_mask=E"":9}"
     15360,         0,         0,   0.256,decoder_by_matrix,e9839e3017c9ef118c4b8aeafef39e78c11ecbdb89764e9ca676a7dc2fb6d062,"{""distance"":3,""physical_error_rate"":1e-06}","{""detectors_checked"":829440}"
      2048,        16,         0,   0.129,decoder_by_matrix,dc80d1b5cd4a369885d36fbbadd410646ee6a9cd91075667cd6e1b71d0442655,"{""distance"":3,""physical_error_rate"":0.01}","{""detection_events"":3123,""detectors_checked"":110592,""obs_mistake_mask=E"":16}"
      5120,         0,         0,   0.129,decoder_by_matrix,e25b8d07214a8afb95d354611a83b9bb1ded39644e323a8585b3aabf687a4fff,"{""distance"":3,""physical_error_rate"":1e-05}","{""detection_events"":6,""detectors_checked"":276480}"
     11264,         0,         0,   0.260,decoder_by_matrix,560c721f87db01d4cacf7dcb7d8812fecde61e9e7776d4b9e1b1a792578ecad7,"{""distance"":3,""physical_error_rate"":5e-06}","{""detection_events"":21,""detectors_checked"":608256}"
      5120,        11,         0,   0.262,decoder_by_matrix,bf84ffc61868c0acf247eb3d31d6d1ff07feed51ae0b0770ddaf58683dcdd22c,"{""distance"":3,""physical_error_rate"":0.005}","{""detection_events"":3837,""detectors_checked"":276480,""obs_mistake_mask=E"":11}"
      6144,         0,         0,   0.129,decoder_by_matrix,560c721f87db01d4cacf7dcb7d8812fecde61e9e7776d4b9e1b1a792578ecad7,"{""distance"":3,""physical_error_rate"":5e-06}","{""detection_events"":6,""detectors_checked"":331776}"
      4096,        28,         0,   0.261,decoder_by_matrix,dc80d1b5cd4a369885d36fbbadd410646ee6a9cd91075667cd6e1b71d0442655,"{""distance"":3,""physical_error_rate"":0.01}","{""detection_events"":6177,""detectors_checked"":221184,""obs_mistake_mask=E"":28}"
      3072,         0,         0,   0.129,decoder_by_matrix,beec9fd12293a9cfe53c9b61fb8ce2a525e4eed38fa75d132d6dc64699336876,"{""distance"":3,""physical_error_rate"":0.0001}","{""detection_events"":51,""detectors_checked"":165888}"
      6144,         0,         0,   0.261,decoder_by_matrix,5c8c81bfec719079c388cedc47a351f264c1bf769ae28a89f9b4fc7719fea501,"{""distance"":3,""physical_error_rate"":0.0005}","{""detection_events"":528,""detectors_checked"":331776}"
      3072,         0,         0,   0.129,decoder_by_matrix,5c8c81bfec719079c388cedc47a351f264c1bf769ae28a89f9b4fc7719fea501,"{""distance"":3,""physical_error_rate"":0.0005}","{""detection_events"":321,""detectors_checked"":165888}"
      8192,         0,         0,   0.136,decoder_by_matrix,e9839e3017c9ef118c4b8aeafef39e78c11ecbdb89764e9ca676a7dc2fb6d062,"{""distance"":3,""physical_error_rate"":1e-06}","{""detectors_checked"":442368}"
     16384,         0,         0,   0.266,decoder_by_matrix,e25b8d07214a8afb95d354611a83b9bb1ded39644e323a8585b3aabf687a4fff,"{""distance"":3,""physical_error_rate"":1e-05}","{""detectors_checked"":884736}"
      2048,         5,         0,   0.140,decoder_by_matrix,bf84ffc61868c0acf247eb3d31d6d1ff07feed51ae0b0770ddaf58683dcdd22c,"{""distance"":3,""physical_error_rate"":0.005}","{""detection_events"":1677,""detectors_checked"":110592,""obs_mistake_mask=E"":5}"
     16384,         0,         0,   0.274,decoder_by_matrix,e9839e3017c9ef118c4b8aeafef39e78c11ecbdb89764e9ca676a7dc2fb6d062,"{""distance"":3,""physical_error_rate"":1e-06}","{""detectors_checked"":884736}"
      6144,         0,         0,   0.274,decoder_by_matrix,5c8c81bfec719079c388cedc47a351f264c1bf769ae28a89f9b4fc7719fea501,"{""distance"":3,""physical_error_rate"":0.0005}","{""detection_events"":441,""detectors_checked"":331776}"
      3072,         0,         0,   0.139,decoder_by_matrix,beec9fd12293a9cfe53c9b61fb8ce2a525e4eed38fa75d132d6dc64699336876,"{""distance"":3,""physical_error_rate"":0.0001}","{""detection_events"":57,""detectors_checked"":165888}"
      2048,         0,         0,   0.130,decoder_by_matrix,f854eed952f7ffb52e4f578393718ba880ba0930c78fe51d50828fe06a713055,"{""distance"":3,""physical_error_rate"":0.001}","{""detection_events"":201,""detectors_checked"":110592}"
      7168,         0,         0,   0.312,decoder_by_matrix,f854eed952f7ffb52e4f578393718ba880ba0930c78fe51d50828fe06a713055,"{""distance"":3,""physical_error_rate"":0.001}","{""detection_events"":1191,""detectors_checked"":387072}"
      2048,         5,         0,   0.131,decoder_by_matrix,dc80d1b5cd4a369885d36fbbadd410646ee6a9cd91075667cd6e1b71d0442655,"{""distance"":3,""physical_error_rate"":0.01}","{""detection_events"":2835,""detectors_checked"":110592,""obs_mistake_mask=E"":5}"
      2048,         0,         0,   0.003,decoder_by_matrix,5c8c81bfec719079c388cedc47a351f264c1bf769ae28a89f9b4fc7719fea501,"{""distance"":3,""physical_error_rate"":0.0005}","{""detection_events"":150,""detectors_checked"":110592}"
      3072,         0,         0,   0.131,decoder_by_matrix,f854eed952f7ffb52e4f578393718ba880ba0930c78fe51d50828fe06a713055,"{""distance"":3,""physical_error_rate"":0.001}","{""detection_events"":420,""detectors_checked"":165888}"
      2048,         2,         0,   0.130,decoder_by_matrix,bf84ffc61868c0acf247eb3d31d6d1ff07feed51ae0b0770ddaf58683dcdd22c,"{""distance"":3,""physical_error_rate"":0.005}","{""detection_events"":1440,""detectors_checked"":110592,""obs_mistake_mask=E"":2}"
      2048,        13,         0,   0.131,decoder_by_matrix,dc80d1b5cd4a369885d36fbbadd410646ee6a9cd91075667cd6e1b71d0442655,"{""distance"":3,""physical_error_rate"":0.01}","{""detection_events"":3027,""detectors_checked"":110592,""obs_mistake_mask=E"":13}"
      6144,         0,         0,   0.131,decoder_by_matrix,e25b8d07214a8afb95d354611a83b9bb1ded39644e323a8585b3aabf687a4fff,"{""distance"":3,""physical_error_rate"":1e-05}","{""detection_events"":6,""detectors_checked"":331776}"
      4096,         0,         0,   0.131,decoder_by_matrix,beec9fd12293a9cfe53c9b61fb8ce2a525e4eed38fa75d132d6dc64699336876,"{""distance"":3,""physical_error_rate"":0.0001}","{""detection_events"":45,""detectors_checked"":221184}"
      6144,         0,         0,   0.238,decoder_by_matrix,36e3cd26fed5ec7649ec51fb08c1a5e7d7f30e615782d954fee045c18a4962ca,"{""distance"":3,""physical_error_rate"":5e-05}","{""detection_events"":60,""detectors_checked"":331776}"
     17408,         0,         0,   0.389,decoder_by_matrix,e25b8d07214a8afb95d354611a83b9bb1ded39644e323a8585b3aabf687a4fff,"{""distance"":3,""physical_error_rate"":1e-05}","{""detection_events"":18,""detectors_checked"":940032}"
     14336,         0,         0,   0.261,decoder_by_matrix,560c721f87db01d4cacf7dcb7d8812fecde61e9e7776d4b9e1b1a792578ecad7,"{""distance"":3,""physical_error_rate"":5e-06}","{""detection_events"":6,""detectors_checked"":774144}"
     12288,         0,         0,   0.386,decoder_by_matrix,36e3cd26fed5ec7649ec51fb08c1a5e7d7f30e615782d954fee045c18a4962ca,"{""distance"":3,""physical_error_rate"":5e-05}","{""detection_events"":60,""detectors_checked"":663552}"
      6144,         0,         0,   0.261,decoder_by_matrix,5c8c81bfec719079c388cedc47a351f264c1bf769ae28a89f9b4fc7719fea501,"{""distance"":3,""physical_error_rate"":0.0005}","{""detection_events"":447,""detectors_checked"":331776}"
      8192,         0,         0,   0.353,decoder_by_matrix,beec9fd12293a9cfe53c9b61fb8ce2a525e4eed38fa75d132d6dc64699336876,"{""distance"":3,""physical_error_rate"":0.0001}","{""detection_events"":162,""detectors_checked"":442368}"
     16384,         0,         0,   0.263,decoder_by_matrix,e9839e3017c9ef118c4b8aeafef39e78c11ecbdb89764e9ca676a7dc2fb6d062,"{""distance"":3,""physical_error_rate"":1e-06}","{""detectors_checked"":884736}"
      5120,         3,         0,   0.260,decoder_by_matrix,bf84ffc61868c0acf247eb3d31d6d1ff07feed51ae0b0770ddaf58683dcdd22c,"{""distance"":3,""physical_error_rate"":0.005}","{""detection_events"":3585,""detectors_checked"":276480,""obs_mistake_mask=E"":3}"
     19456,         0,         0,   0.398,decoder_by_matrix,560c721f87db01d4cacf7dcb7d8812fecde61e9e7776d4b9e1b1a792578ecad7,"{""distance"":3,""physical_error_rate"":5e-06}","{""detection_events"":21,""detectors_checked"":1050624}"
      8192,         0,         0,   0.398,decoder_by_matrix,f854eed952f7ffb52e4f578393718ba880ba0930c78fe51d50828fe06a713055,"{""distance"":3,""physical_error_rate"":0.001}","{""detection_events"":1113,""detectors_checked"":442368}"
      6144,         0,         0,   0.259,decoder_by_matrix,beec9fd12293a9cfe53c9b61fb8ce2a525e4eed38fa75d132d6dc64699336876,"{""distance"":3,""physical_error_rate"":0.0001}","{""detection_events"":117,""detectors_checked"":331776}"
      6144,         2,         0,   0.260,decoder_by_matrix,f854eed952f7ffb52e4f578393718ba880ba0930c78fe51d50828fe06a713055,"{""distance"":3,""physical_error_rate"":0.001}","{""detection_events"":954,""detectors_checked"":331776,""obs_mistake_mask=E"":2}"
      9216,         0,         0,   0.389,decoder_by_matrix,beec9fd12293a9cfe53c9b61fb8ce2a525e4eed38fa75d132d6dc64699336876,"{""distance"":3,""physical_error_rate"":0.0001}","{""detection_events"":123,""detectors_checked"":497664}"
      4096,        33,         0,   0.259,decoder_by_matrix,dc80d1b5cd4a369885d36fbbadd410646ee6a9cd91075667cd6e1b71d0442655,"{""distance"":3,""physical_error_rate"":0.01}","{""detection_events"":5394,""detectors_checked"":221184,""obs_mistake_mask=E"":33}"
      5120,        27,         0,   0.388,decoder_by_matrix,dc80d1b5cd4a369885d36fbbadd410646ee6a9cd91075667cd6e1b71d0442655,"{""distance"":3,""physical_error_rate"":0.01}","{""detection_events"":7296,""detectors_checked"":276480,""obs_mistake_mask=E"":27}"
      7168,        21,         0,   0.390,decoder_by_matrix,bf84ffc61868c0acf247eb3d31d6d1ff07feed51ae0b0770ddaf58683dcdd22c,"{""distance"":3,""physical_error_rate"":0.005}","{""detection_events"":5106,""detectors_checked"":387072,""obs_mistake_mask=E"":21}"
     10240,         0,         0,   0.389,decoder_by_matrix,36e3cd26fed5ec7649ec51fb08c1a5e7d7f30e615782d954fee045c18a4962ca,"{""distance"":3,""physical_error_rate"":5e-05}","{""detection_events"":81,""detectors_checked"":552960}"
      6144,         1,         0,   0.259,decoder_by_matrix,5c8c81bfec719079c388cedc47a351f264c1bf769ae28a89f9b4fc7719fea501,"{""distance"":3,""physical_error_rate"":0.0005}","{""detection_events"":423,""detectors_checked"":331776,""obs_mistake_mask=E"":1}"
      4096,         6,         0,   0.254,decoder_by_matrix,bf84ffc61868c0acf247eb3d31d6d1ff07feed51ae0b0770ddaf58683dcdd22c,"{""distance"":3,""physical_error_rate"":0.005}","{""detection_events"":3072,""detectors_checked"":221184,""obs_mistake_mask=E"":6}"
      6144,         2,         0,   0.263,decoder_by_matrix,f854eed952f7ffb52e4f578393718ba880ba0930c78fe51d50828fe06a713055,"{""distance"":3,""physical_error_rate"":0.001}","{""detection_events"":867,""detectors_checked"":331776,""obs_mistake_mask=E"":2}"
     22528,         0,         0,   0.389,decoder_by_matrix,e9839e3017c9ef118c4b8aeafef39e78c11ecbdb89764e9ca676a7dc2fb6d062,"{""distance"":3,""physical_error_rate"":1e-06}","{""detection_events"":12,""detectors_checked"":1216512}"
      4096,        33,         0,   0.259,decoder_by_matrix,dc80d1b5cd4a369885d36fbbadd410646ee6a9cd91075667cd6e1b71d0442655,"{""distance"":3,""physical_error_rate"":0.01}","{""detection_events"":5901,""detectors_checked"":221184,""obs_mistake_mask=E"":33}"
      8192,         1,         0,   0.362,decoder_by_matrix,5c8c81bfec719079c388cedc47a351f264c1bf769ae28a89f9b4fc7719fea501,"{""distance"":3,""physical_error_rate"":0.0005}","{""detection_events"":657,""detectors_checked"":442368,""obs_mistake_mask=E"":1}"
     12288,         0,         0,   0.262,decoder_by_matrix,e25b8d07214a8afb95d354611a83b9bb1ded39644e323a8585b3aabf687a4fff,"{""distance"":3,""physical_error_rate"":1e-05}","{""detection_events"":18,""detectors_checked"":663552}"
     20480,         0,         0,   0.393,decoder_by_matrix,560c721f87db01d4cacf7dcb7d8812fecde61e9e7776d4b9e1b1a792578ecad7,"{""distance"":3,""physical_error_rate"":5e-06}","{""detection_events"":21,""detectors_checked"":1105920}"
      7168,        11,         0,   0.394,decoder_by_matrix,bf84ffc61868c0acf247eb3d31d6d1ff07feed51ae0b0770ddaf58683dcdd22c,"{""distance"":3,""physical_error_rate"":0.005}","{""detection_events"":4842,""detectors_checked"":387072,""obs_mistake_mask=E"":11}"
      6144,        32,         0,   0.394,decoder_by_matrix,dc80d1b5cd4a369885d36fbbadd410646ee6a9cd91075667cd6e1b71d0442655,"{""distance"":3,""physical_error_rate"":0.01}","{""detection_events"":8382,""detectors_checked"":331776,""obs_mistake_mask=E"":32}"
      6144,         0,         0,   0.267,decoder_by_matrix,beec9fd12293a9cfe53c9b61fb8ce2a525e4eed38fa75d132d6dc64699336876,"{""distance"":3,""physical_error_rate"":0.0001}","{""detection_events"":96,""detectors_checked"":331776}"
     18432,         0,         0,   0.383,decoder_by_matrix,e25b8d07214a8afb95d354611a83b9bb1ded39644e323a8585b3aabf687a4fff,"{""distance"":3,""physical_error_rate"":1e-05}","{""detection_events"":21,""detectors_checked"":995328}"
      6144,         0,         0,   0.261,decoder_by_matrix,36e3cd26fed5ec7649ec51fb08c1a5e7d7f30e615782d954fee045c18a4962ca,"{""distance"":3,""physical_error_rate"":5e-05}","{""detection_events"":27,""detectors_checked"":331776}"
     22528,         0,         0,   0.391,decoder_by_matrix,e9839e3017c9ef118c4b8aeafef39e78c11ecbdb89764e9ca676a7dc2fb6d062,"{""distance"":3,""physical_error_rate"":1e-06}","{""detection_events"":3,""detectors_checked"":1216512}"
      8192,         1,         0,   0.391,decoder_by_matrix,5c8c81bfec719079c388cedc47a351f264c1bf769ae28a89f9b4fc7719fea501,"{""distance"":3,""physical_error_rate"":0.0005}","{""detection_events"":573,""detectors_checked"":442368,""obs_mistake_mask=E"":1}"
      8192,         0,         0,   0.391,decoder_by_matrix,f854eed952f7ffb52e4f578393718ba880ba0930c78fe51d50828fe06a713055,"{""distance"":3,""physical_error_rate"":0.001}","{""detection_events"":1344,""detectors_checked"":442368}"
     14336,         0,         0,   0.266,decoder_by_matrix,560c721f87db01d4cacf7dcb7d8812fecde61e9e7776d4b9e1b1a792578ecad7,"{""distance"":3,""physical_error_rate"":5e-06}","{""detection_events"":6,""detectors_checked"":774144}"
     14336,         0,         0,   0.253,decoder_by_matrix,e9839e3017c9ef118c4b8aeafef39e78c11ecbdb89764e9ca676a7dc2fb6d062,"{""distance"":3,""physical_error_rate"":1e-06}","{""detection_events"":3,""detectors_checked"":774144}"
      6144,         0,         0,   0.278,decoder_by_matrix,5c8c81bfec719079c388cedc47a351f264c1bf769ae28a89f9b4fc7719fea501,"{""distance"":3,""physical_error_rate"":0.0005}","{""detection_events"":405,""detectors_checked"":331776}"
      4096,         3,         0,   0.261,decoder_by_matrix,bf84ffc61868c0acf247eb3d31d6d1ff07feed51ae0b0770ddaf58683dcdd22c,"{""distance"":3,""physical_error_rate"":0.005}","{""detection_events"":2655,""detectors_checked"":221184,""obs_mistake_mask=E"":3}"
      6144,         0,         0,   0.262,decoder_by_matrix,beec9fd12293a9cfe53c9b61fb8ce2a525e4eed38fa75d132d6dc64699336876,"{""distance"":3,""physical_error_rate"":0.0001}","{""detection_events"":159,""detectors_checked"":331776}"
      5120,         0,         0,   0.261,decoder_by_matrix,f854eed952f7ffb52e4f578393718ba880ba0930c78fe51d50828fe06a713055,"{""distance"":3,""physical_error_rate"":0.001}","{""detection_events"":651,""detectors_checked"":276480}"
      4096,        27,         0,   0.262,decoder_by_matrix,dc80d1b5cd4a369885d36fbbadd410646ee6a9cd91075667cd6e1b71d0442655,"{""distance"":3,""physical_error_rate"":0.01}","{""detection_events"":5733,""detectors_checked"":221184,""obs_mistake_mask=E"":27}"
      6144,         0,         0,   0.250,decoder_by_matrix,5c8c81bfec719079c388cedc47a351f264c1bf769ae28a89f9b4fc7719fea501,"{""distance"":3,""physical_error_rate"":0.0005}","{""detection_events"":399,""detectors_checked"":331776}"
      5120,         1,         0,   0.259,decoder_by_matrix,f854eed952f7ffb52e4f578393718ba880ba0930c78fe51d50828fe06a713055,"{""distance"":3,""physical_error_rate"":0.001}","{""detection_events"":708,""detectors_checked"":276480,""obs_mistake_mask=E"":1}"
      5120,        16,         0,   0.268,decoder_by_matrix,bf84ffc61868c0acf247eb3d31d6d1ff07feed51ae0b0770ddaf58683dcdd22c,"{""distance"":3,""physical_error_rate"":0.005}","{""detection_events"":3690,""detectors_checked"":276480,""obs_mistake_mask=E"":16}"
      4096,        21,         0,   0.264,decoder_by_matrix,dc80d1b5cd4a369885d36fbbadd410646ee6a9cd91075667cd6e1b71d0442655,"{""distance"":3,""physical_error_rate"":0.01}","{""detection_events"":5826,""detectors_checked"":221184,""obs_mistake_mask=E"":21}"
     11264,         0,         0,   0.269,decoder_by_matrix,e25b8d07214a8afb95d354611a83b9bb1ded39644e323a8585b3aabf687a4fff,"{""distance"":3,""physical_error_rate"":1e-05}","{""detection_events"":45,""detectors_checked"":608256}"
      8192,         0,         0,   0.251,decoder_by_matrix,36e3cd26fed5ec7649ec51fb08c1a5e7d7f30e615782d954fee045c18a4962ca,"{""distance"":3,""physical_error_rate"":5e-05}","{""detection_events"":93,""detectors_checked"":442368}"
      8192,         0,         0,   0.274,decoder_by_matrix,beec9fd12293a9cfe53c9b61fb8ce2a525e4eed38fa75d132d6dc64699336876,"{""distance"":3,""physical_error_rate"":0.0001}","{""detection_events"":78,""detectors_checked"":442368}"
     23552,         0,         0,   0.531,decoder_by_matrix,e25b8d07214a8afb95d354611a83b9bb1ded39644e323a8585b3aabf687a4fff,"{""distance"":3,""physical_error_rate"":1e-05}","{""detection_events"":27,""detectors_checked"":1271808}"
     14336,         0,         0,   0.519,decoder_by_matrix,36e3cd26fed5ec7649ec51fb08c1a5e7d7f30e615782d954fee045c18a4962ca,"{""distance"":3,""physical_error_rate"":5e-05}","{""detection_events"":114,""detectors_checked"":774144}"
     13312,         0,         0,   0.514,decoder_by_matrix,beec9fd12293a9cfe53c9b61fb8ce2a525e4eed38fa75d132d6dc64699336876,"{""distance"":3,""physical_error_rate"":0.0001}","{""detection_events"":168,""detectors_checked"":718848}"
     29696,         0,         0,   0.498,decoder_by_matrix,560c721f87db01d4cacf7dcb7d8812fecde61e9e7776d4b9e1b1a792578ecad7,"{""distance"":3,""physical_error_rate"":5e-06}","{""detection_events"":9,""detectors_checked"":1603584}"
     11264,         2,         0,   0.518,decoder_by_matrix,f854eed952f7ffb52e4f578393718ba880ba0930c78fe51d50828fe06a713055,"{""distance"":3,""physical_error_rate"":0.001}","{""detection_events"":1425,""detectors_checked"":608256,""obs_mistake_mask=E"":2}"
     13312,         0,         0,   0.519,decoder_by_matrix,beec9fd12293a9cfe53c9b61fb8ce2a525e4eed38fa75d132d6dc64699336876,"{""distance"":3,""physical_error_rate"":0.0001}","{""detection_events"":144,""detectors_checked"":718848}"
      8192,        54,         0,   0.524,decoder_by_matrix,dc80d1b5cd4a369885d36fbbadd410646ee6a9cd91075667cd6e1b71d0442655,"{""distance"":3,""physical_error_rate"":0.01}","{""detection_events"":11676,""detectors_checked"":442368,""obs_mistake_mask=E"":54}"
      9216,        16,         0,   0.523,decoder_by_matrix,bf84ffc61868c0acf247eb3d31d6d1ff07feed51ae0b0770ddaf58683dcdd22c,"{""distance"":3,""physical_error_rate"":0.005}","{""detection_events"":6876,""detectors_checked"":497664,""obs_mistake_mask=E"":16}"
      8192,        10,         0,   0.482,decoder_by_matrix,bf84ffc61868c0acf247eb3d31d6d1ff07feed51ae0b0770ddaf58683dcdd22c,"{""distance"":3,""physical_error_rate"":0.005}","{""detection_events"":5688,""detectors_checked"":442368,""obs_mistake_mask=E"":10}"
     16384,         0,         0,   0.529,decoder_by_matrix,36e3cd26fed5ec7649ec51fb08c1a5e7d7f30e615782d954fee045c18a4962ca,"{""distance"":3,""physical_error_rate"":5e-05}","{""detection_events"":60,""detectors_checked"":884736}"
     32768,         0,         0,   0.520,decoder_by_matrix,e9839e3017c9ef118c4b8aeafef39e78c11ecbdb89764e9ca676a7dc2fb6d062,"{""distance"":3,""physical_error_rate"":1e-06}","{""detectors_checked"":1769472}"
     11264,         0,         0,   0.398,decoder_by_matrix,5c8c81bfec719079c388cedc47a351f264c1bf769ae28a89f9b4fc7719fea501,"{""distance"":3,""physical_error_rate"":0.0005}","{""detection_events"":747,""detectors_checked"":608256}"
     22528,         0,         0,   0.252,decoder_by_matrix,560c721f87db01d4cacf7dcb7d8812fecde61e9e7776d4b9e1b1a792578ecad7,"{""distance"":3,""physical_error_rate"":5e-06}","{""detection_events"":21,""detectors_checked"":1216512}"
     27648,         0,         0,   0.528,decoder_by_matrix,560c721f87db01d4cacf7dcb7d8812fecde61e9e7776d4b9e1b1a792578ecad7,"{""distance"":3,""physical_error_rate"":5e-06}","{""detection_events"":36,""detectors_checked"":1492992}"
      7168,        44,         0,   0.519,decoder_by_matrix,dc80d1b5cd4a369885d36fbbadd410646ee6a9cd91075667cd6e1b71d0442655,"{""distance"":3,""physical_error_rate"":0.01}","{""detection_events"":9552,""detectors_checked"":387072,""obs_mistake_mask=E"":44}"
     21504,         0,         0,   0.378,decoder_by_matrix,e9839e3017c9ef118c4b8aeafef39e78c11ecbdb89764e9ca676a7dc2fb6d062,"{""distance"":3,""physical_error_rate"":1e-06}","{""detection_events"":12,""detectors_checked"":1161216}"
     27648,         0,         0,   0.527,decoder_by_matrix,e25b8d07214a8afb95d354611a83b9bb1ded39644e323a8585b3aabf687a4fff,"{""distance"":3,""physical_error_rate"":1e-05}","{""detection_events"":21,""detectors_checked"":1492992}"
      9216,         0,         0,   0.391,decoder_by_matrix,5c8c81bfec719079c388cedc47a351f264c1bf769ae28a89f9b4fc7719fea501,"{""distance"":3,""physical_error_rate"":0.0005}","{""detection_events"":603,""detectors_checked"":497664}"
      7168,        14,         0,   0.391,decoder_by_matrix,bf84ffc61868c0acf247eb3d31d6d1ff07feed51ae0b0770ddaf58683dcdd22c,"{""distance"":3,""physical_error_rate"":0.005}","{""detection_events"":5589,""detectors_checked"":387072,""obs_mistake_mask=E"":14}"
     31744,         0,         0,   0.390,decoder_by_matrix,e9839e3017c9ef118c4b8aeafef39e78c11ecbdb89764e9ca676a7dc2fb6d062,"{""distance"":3,""physical_error_rate"":1e-06}","{""detection_events"":6,""detectors_checked"":1714176}"
     12288,         1,         0,   0.518,decoder_by_matrix,5c8c81bfec719079c388cedc47a351f264c1bf769ae28a89f9b4fc7719fea501,"{""distance"":3,""physical_error_rate"":0.0005}","{""detection_events"":849,""detectors_checked"":663552,""obs_mistake_mask=E"":1}"
      9216,         0,         0,   0.389,decoder_by_matrix,beec9fd12293a9cfe53c9b61fb8ce2a525e4eed38fa75d132d6dc64699336876,"{""distance"":3,""physical_error_rate"":0.0001}","{""detection_events"":123,""detectors_checked"":497664}"
      8192,         0,         0,   0.389,decoder_by_matrix,f854eed952f7ffb52e4f578393718ba880ba0930c78fe51d50828fe06a713055,"{""distance"":3,""physical_error_rate"":0.001}","{""detection_events"":1203,""detectors_checked"":442368}"
     11264,         0,         0,   0.519,decoder_by_matrix,f854eed952f7ffb52e4f578393718ba880ba0930c78fe51d50828fe06a713055,"{""distance"":3,""physical_error_rate"":0.001}","{""detection_events"":1956,""detectors_checked"":608256}"
      5120,        23,         0,   0.389,decoder_by_matrix,dc80d1b5cd4a369885d36fbbadd410646ee6a9cd91075667cd6e1b71d0442655,"{""distance"":3,""physical_error_rate"":0.01}","{""detection_events"":7155,""detectors_checked"":276480,""obs_mistake_mask=E"":23}"
      8192,         0,         0,   0.390,decoder_by_matrix,5c8c81bfec719079c388cedc47a351f264c1bf769ae28a89f9b4fc7719fea501,"{""distance"":3,""physical_error_rate"":0.0005}","{""detection_events"":453,""detectors_checked"":442368}"
      7168,        15,         0,   0.389,decoder_by_matrix,bf84ffc61868c0acf247eb3d31d6d1ff07feed51ae0b0770ddaf58683dcdd22c,"{""distance"":3,""physical_error_rate"":0.005}","{""detection_events"":5133,""detectors_checked"":387072,""obs_mistake_mask=E"":15}"
      5120,        42,         0,   0.387,decoder_by_matrix,dc80d1b5cd4a369885d36fbbadd410646ee6a9cd91075667cd6e1b71d0442655,"{""distance"":3,""physical_error_rate"":0.01}","{""detection_events"":7521,""detectors_checked"":276480,""obs_mistake_mask=E"":42}"
      9216,         1,         0,   0.410,decoder_by_matrix,f854eed952f7ffb52e4f578393718ba880ba0930c78fe51d50828fe06a713055,"{""distance"":3,""physical_error_rate"":0.001}","{""detection_events"":1260,""detectors_checked"":497664,""obs_mistake_mask=E"":1}"
     16384,         0,         0,   0.396,decoder_by_matrix,e25b8d07214a8afb95d354611a83b9bb1ded39644e323a8585b3aabf687a4fff,"{""distance"":3,""physical_error_rate"":1e-05}","{""detection_events"":33,""detectors_checked"":884736}"
     11264,         0,         0,   0.392,decoder_by_matrix,36e3cd26fed5ec7649ec51fb08c1a5e7d7f30e615782d954fee045c18a4962ca,"{""distance"":3,""physical_error_rate"":5e-05}","{""detection_events"":81,""detectors_checked"":608256}"
      9216,         0,         0,   0.395,decoder_by_matrix,beec9fd12293a9cfe53c9b61fb8ce2a525e4eed38fa75d132d6dc64699336876,"{""distance"":3,""physical_error_rate"":0.0001}","{""detection_events"":180,""detectors_checked"":497664}"
     10240,         0,         0,   0.406,decoder_by_matrix,beec9fd12293a9cfe53c9b61fb8ce2a525e4eed38fa75d132d6dc64699336876,"{""distance"":3,""physical_error_rate"":0.0001}","{""detection_events"":105,""detectors_checked"":552960}"
     31744,         0,         0,   0.525,decoder_by_matrix,e25b8d07214a8afb95d354611a83b9bb1ded39644e323a8585b3aabf687a4fff,"{""distance"":3,""physical_error_rate"":1e-05}","{""detection_events"":42,""detectors_checked"":1714176}"
     27648,         0,         0,   0.520,decoder_by_matrix,560c721f87db01d4cacf7dcb7d8812fecde61e9e7776d4b9e1b1a792578ecad7,"{""distance"":3,""physical_error_rate"":5e-06}","{""detection_events"":18,""detectors_checked"":1492992}"
     20480,         0,         0,   0.647,decoder_by_matrix,36e3cd26fed5ec7649ec51fb08c1a5e7d7f30e615782d954fee045c18a4962ca,"{""distance"":3,""physical_error_rate"":5e-05}","{""detection_events"":135,""detectors_checked"":1105920}"
     32768,         0,         0,   0.517,decoder_by_matrix,e9839e3017c9ef118c4b8aeafef39e78c11ecbdb89764e9ca676a7dc2fb6d062,"{""distance"":3,""physical_error_rate"":1e-06}","{""detectors_checked"":1769472}"
     16384,         0,         0,   0.647,decoder_by_matrix,beec9fd12293a9cfe53c9b61fb8ce2a525e4eed38fa75d132d6dc64699336876,"{""distance"":3,""physical_error_rate"":0.0001}","{""detection_events"":252,""detectors_checked"":884736}"
     40960,         0,         0,   0.521,decoder_by_matrix,560c721f87db01d4cacf7dcb7d8812fecde61e9e7776d4b9e1b1a792578ecad7,"{""distance"":3,""physical_error_rate"":5e-06}","{""detectors_checked"":2211840}"
     11264,         0,         0,   0.513,decoder_by_matrix,5c8c81bfec719079c388cedc47a351f264c1bf769ae28a89f9b4fc7719fea501,"{""distance"":3,""physical_error_rate"":0.0005}","{""detection_events"":888,""detectors_checked"":608256}"
      9216,        23,         0,   0.513,decoder_by_matrix,bf84ffc61868c0acf247eb3d31d6d1ff07feed51ae0b0770ddaf58683dcdd22c,"{""distance"":3,""physical_error_rate"":0.005}","{""detection_events"":6741,""detectors_checked"":497664,""obs_mistake_mask=E"":23}"
     11264,         1,         0,   0.495,decoder_by_matrix,f854eed952f7ffb52e4f578393718ba880ba0930c78fe51d50828fe06a713055,"{""distance"":3,""physical_error_rate"":0.001}","{""detection_events"":1743,""detectors_checked"":608256,""obs_mistake_mask=E"":1}"
     14336,         0,         0,   0.652,decoder_by_matrix,f854eed952f7ffb52e4f578393718ba880ba0930c78fe51d50828fe06a713055,"{""distance"":3,""physical_error_rate"":0.001}","{""detection_events"":2313,""detectors_checked"":774144}"
     14336,         0,         0,   0.639,decoder_by_matrix,beec9fd12293a9cfe53c9b61fb8ce2a525e4eed38fa75d132d6dc64699336876,"{""distance"":3,""physical_error_rate"":0.0001}","{""detection_events"":267,""detectors_checked"":774144}"
     12288,         1,         0,   0.504,decoder_by_matrix,5c8c81bfec719079c388cedc47a351f264c1bf769ae28a89f9b4fc7719fea501,"{""distance"":3,""physical_error_rate"":0.0005}","{""detection_events"":906,""detectors_checked"":663552,""obs_mistake_mask=E"":1}"
      8192,        56,         0,   0.514,decoder_by_matrix,dc80d1b5cd4a369885d36fbbadd410646ee6a9cd91075667cd6e1b71d0442655,"{""distance"":3,""physical_error_rate"":0.01}","{""detection_events"":11643,""detectors_checked"":442368,""obs_mistake_mask=E"":56}"
     20480,         0,         0,   0.464,decoder_by_matrix,e25b8d07214a8afb95d354611a83b9bb1ded39644e323a8585b3aabf687a4fff,"{""distance"":3,""physical_error_rate"":1e-05}","{""detection_events"":60,""detectors_checked"":1105920}"
      9216,        62,         0,   0.645,decoder_by_matrix,dc80d1b5cd4a369885d36fbbadd410646ee6a9cd91075667cd6e1b71d0442655,"{""distance"":3,""physical_error_rate"":0.01}","{""detection_events"":13089,""detectors_checked"":497664,""obs_mistake_mask=E"":62}"
     11264,        21,         0,   0.646,decoder_by_matrix,bf84ffc61868c0acf247eb3d31d6d1ff07feed51ae0b0770ddaf58683dcdd22c,"{""distance"":3,""physical_error_rate"":0.005}","{""detection_events"":8028,""detectors_checked"":608256,""obs_mistake_mask=E"":21}"
     12288,        27,         0,   0.647,decoder_by_matrix,bf84ffc61868c0acf247eb3d31d6d1ff07feed51ae0b0770ddaf58683dcdd22c,"{""distance"":3,""physical_error_rate"":0.005}","{""detection_events"":8598,""detectors_checked"":663552,""obs_mistake_mask=E"":27}"
     16384,         0,         0,   0.652,decoder_by_matrix,36e3cd26fed5ec7649ec51fb08c1a5e7d7f30e615782d954fee045c18a4962ca,"{""distance"":3,""physical_error_rate"":5e-05}","{""detection_events"":141,""detectors_checked"":884736}"
      9216,        15,         0,   0.520,decoder_by_matrix,bf84ffc61868c0acf247eb3d31d6d1ff07feed51ae0b0770ddaf58683dcdd22c,"{""distance"":3,""physical_error_rate"":0.005}","{""detection_events"":6615,""detectors_checked"":497664,""obs_mistake_mask=E"":15}"
     39936,         0,         0,   0.525,decoder_by_matrix,e9839e3017c9ef118c4b8aeafef39e78c11ecbdb89764e9ca676a7dc2fb6d062,"{""distance"":3,""physical_error_rate"":1e-06}","{""detection_events"":6,""detectors_checked"":2156544}"
      8192,        47,         0,   0.521,decoder_by_matrix,dc80d1b5cd4a369885d36fbbadd410646ee6a9cd91075667cd6e1b71d0442655,"{""distance"":3,""physical_error_rate"":0.01}","{""detection_events"":11289,""detectors_checked"":442368,""obs_mistake_mask=E"":47}"
     11264,         0,         0,   0.520,decoder_by_matrix,f854eed952f7ffb52e4f578393718ba880ba0930c78fe51d50828fe06a713055,"{""distance"":3,""physical_error_rate"":0.001}","{""detection_events"":1776,""detectors_checked"":608256}"
     14336,         0,         0,   0.652,decoder_by_matrix,5c8c81bfec719079c388cedc47a351f264c1bf769ae28a89f9b4fc7719fea501,"{""distance"":3,""physical_error_rate"":0.0005}","{""detection_events"":975,""detectors_checked"":774144}"
     37888,         0,         0,   0.648,decoder_by_matrix,560c721f87db01d4cacf7dcb7d8812fecde61e9e7776d4b9e1b1a792578ecad7,"{""distance"":3,""physical_error_rate"":5e-06}","{""detection_events"":6,""detectors_checked"":2045952}"
     10240,        56,         0,   0.649,decoder_by_matrix,dc80d1b5cd4a369885d36fbbadd410646ee6a9cd91075667cd6e1b71d0442655,"{""distance"":3,""physical_error_rate"":0.01}","{""detection_events"":14130,""detectors_checked"":552960,""obs_mistake_mask=E"":56}"
     17408,         0,         0,   0.518,decoder_by_matrix,36e3cd26fed5ec7649ec51fb08c1a5e7d7f30e615782d954fee045c18a4962ca,"{""distance"":3,""physical_error_rate"":5e-05}","{""detection_events"":84,""detectors_checked"":940032}"
     30720,         0,         0,   0.644,decoder_by_matrix,e25b8d07214a8afb95d354611a83b9bb1ded39644e323a8585b3aabf687a4fff,"{""distance"":3,""physical_error_rate"":1e-05}","{""detection_events"":42,""detectors_checked"":1658880}"
     12288,         0,         0,   0.533,decoder_by_matrix,beec9fd12293a9cfe53c9b61fb8ce2a525e4eed38fa75d132d6dc64699336876,"{""distance"":3,""physical_error_rate"":0.0001}","{""detection_events"":219,""detectors_checked"":663552}"
     38912,         0,         0,   0.653,decoder_by_matrix,e9839e3017c9ef118c4b8aeafef39e78c11ecbdb89764e9ca676a7dc2fb6d062,"{""distance"":3,""physical_error_rate"":1e-06}","{""detection_events"":6,""detectors_checked"":2101248}"
     14336,         2,         0,   0.651,decoder_by_matrix,5c8c81bfec719079c388cedc47a351f264c1bf769ae28a89f9b4fc7719fea501,"{""distance"":3,""physical_error_rate"":0.0005}","{""detection_events"":1068,""detectors_checked"":774144,""obs_mistake_mask=E"":2}"
     14336,         2,         0,   0.666,decoder_by_matrix,f854eed952f7ffb52e4f578393718ba880ba0930c78fe51d50828fe06a713055,"{""distance"":3,""physical_error_rate"":0.001}","{""detection_events"":2100,""detectors_checked"":774144,""obs_mistake_mask=E"":2}"
     13312,         0,         0,   0.567,decoder_by_matrix,beec9fd12293a9cfe53c9b61fb8ce2a525e4eed38fa75d132d6dc64699336876,"{""distance"":3,""physical_error_rate"":0.0001}","{""detection_events"":177,""detectors_checked"":718848}"
     13312,         1,         0,   0.567,decoder_by_matrix,5c8c81bfec719079c388cedc47a351f264c1bf769ae28a89f9b4fc7719fea501,"{""distance"":3,""physical_error_rate"":0.0005}","{""detection_events"":1134,""detectors_checked"":718848,""obs_mistake_mask=E"":1}"
     29696,         0,         0,   0.527,decoder_by_matrix,560c721f87db01d4cacf7dcb7d8812fecde61e9e7776d4b9e1b1a792578ecad7,"{""distance"":3,""physical_error_rate"":5e-06}","{""detection_events"":48,""detectors_checked"":1603584}"
     38912,         0,         0,   0.527,decoder_by_matrix,e9839e3017c9ef118c4b8aeafef39e78c11ecbdb89764e9ca676a7dc2fb6d062,"{""distance"":3,""physical_error_rate"":1e-06}","{""detection_events"":3,""detectors_checked"":2101248}"
     14336,         2,         0,   0.634,decoder_by_matrix,f854eed952f7ffb52e4f578393718ba880ba0930c78fe51d50828fe06a713055,"{""distance"":3,""physical_error_rate"":0.001}","{""detection_events"":2154,""detectors_checked"":774144,""obs_mistake_mask=E"":2}"
     14336,         0,         0,   0.653,decoder_by_matrix,5c8c81bfec719079c388cedc47a351f264c1bf769ae28a89f9b4fc7719fea501,"{""distance"":3,""physical_error_rate"":0.0005}","{""detection_events"":972,""detectors_checked"":774144}"
     11264,        18,         0,   0.657,decoder_by_matrix,bf84ffc61868c0acf247eb3d31d6d1ff07feed51ae0b0770ddaf58683dcdd22c,"{""distance"":3,""physical_error_rate"":0.005}","{""detection_events"":7971,""detectors_checked"":608256,""obs_mistake_mask=E"":18}"
      9216,        77,         0,   0.638,decoder_by_matrix,dc80d1b5cd4a369885d36fbbadd410646ee6a9cd91075667cd6e1b71d0442655,"{""distance"":3,""physical_error_rate"":0.01}","{""detection_events"":12996,""detectors_checked"":497664,""obs_mistake_mask=E"":77}"
     28672,         0,         0,   0.642,decoder_by_matrix,e25b8d07214a8afb95d354611a83b9bb1ded39644e323a8585b3aabf687a4fff,"{""distance"":3,""physical_error_rate"":1e-05}","{""detection_events"":45,""detectors_checked"":1548288}"
     12288,        24,         0,   0.648,decoder_by_matrix,bf84ffc61868c0acf247eb3d31d6d1ff07feed51ae0b0770ddaf58683dcdd22c,"{""distance"":3,""physical_error_rate"":0.005}","{""detection_events"":8004,""detectors_checked"":663552,""obs_mistake_mask=E"":24}"
      9216,        60,         0,   0.652,decoder_by_matrix,dc80d1b5cd4a369885d36fbbadd410646ee6a9cd91075667cd6e1b71d0442655,"{""distance"":3,""physical_error_rate"":0.01}","{""detection_events"":12339,""detectors_checked"":497664,""obs_mistake_mask=E"":60}"
     14336,         3,         0,   0.650,decoder_by_matrix,f854eed952f7ffb52e4f578393718ba880ba0930c78fe51d50828fe06a713055,"{""distance"":3,""physical_error_rate"":0.001}","{""detection_events"":2160,""detectors_checked"":774144,""obs_mistake_mask=E"":3}"
     19456,         0,         0,   0.652,decoder_by_matrix,36e3cd26fed5ec7649ec51fb08c1a5e7d7f30e615782d954fee045c18a4962ca,"{""distance"":3,""physical_error_rate"":5e-05}","{""detection_events"":126,""detectors_checked"":1050624}"
     17408,         0,         0,   0.643,decoder_by_matrix,beec9fd12293a9cfe53c9b61fb8ce2a525e4eed38fa75d132d6dc64699336876,"{""distance"":3,""physical_error_rate"":0.0001}","{""detection_events"":228,""detectors_checked"":940032}"
     17408,         4,         0,   0.689,decoder_by_matrix,f854eed952f7ffb52e4f578393718ba880ba0930c78fe51d50828fe06a713055,"{""distance"":3,""physical_error_rate"":0.001}","{""detection_events"":2601,""detectors_checked"":940032,""obs_mistake_mask=E"":4}"
     41984,         0,         0,   0.887,decoder_by_matrix,e25b8d07214a8afb95d354611a83b9bb1ded39644e323a8585b3aabf687a4fff,"{""distance"":3,""physical_error_rate"":1e-05}","{""detection_events"":78,""detectors_checked"":2267136}"
     20480,         0,         0,   0.888,decoder_by_matrix,beec9fd12293a9cfe53c9b61fb8ce2a525e4eed38fa75d132d6dc64699336876,"{""distance"":3,""physical_error_rate"":0.0001}","{""detection_events"":342,""detectors_checked"":1105920}"
     28672,         0,         0,   0.900,decoder_by_matrix,36e3cd26fed5ec7649ec51fb08c1a5e7d7f30e615782d954fee045c18a4962ca,"{""distance"":3,""physical_error_rate"":5e-05}","{""detection_events"":201,""detectors_checked"":1548288}"
     55296,         0,         0,   0.783,decoder_by_matrix,560c721f87db01d4cacf7dcb7d8812fecde61e9e7776d4b9e1b1a792578ecad7,"{""distance"":3,""physical_error_rate"":5e-06}","{""detection_events"":12,""detectors_checked"":2985984}"
     21504,         0,         0,   0.885,decoder_by_matrix,beec9fd12293a9cfe53c9b61fb8ce2a525e4eed38fa75d132d6dc64699336876,"{""distance"":3,""physical_error_rate"":0.0001}","{""detection_events"":393,""detectors_checked"":1161216}"
     13312,        80,         0,   0.890,decoder_by_matrix,dc80d1b5cd4a369885d36fbbadd410646ee6a9cd91075667cd6e1b71d0442655,"{""distance"":3,""physical_error_rate"":0.01}","{""detection_events"":19248,""detectors_checked"":718848,""obs_mistake_mask=E"":80}"
     12288,        67,         0,   0.849,decoder_by_matrix,dc80d1b5cd4a369885d36fbbadd410646ee6a9cd91075667cd6e1b71d0442655,"{""distance"":3,""physical_error_rate"":0.01}","{""detection_events"":17055,""detectors_checked"":663552,""obs_mistake_mask=E"":67}"
     16384,        25,         0,   0.906,decoder_by_matrix,bf84ffc61868c0acf247eb3d31d6d1ff07feed51ae0b0770ddaf58683dcdd22c,"{""distance"":3,""physical_error_rate"":0.005}","{""detection_events"":11298,""detectors_checked"":884736,""obs_mistake_mask=E"":25}"
     15360,        28,         0,   0.905,decoder_by_matrix,bf84ffc61868c0acf247eb3d31d6d1ff07feed51ae0b0770ddaf58683dcdd22c,"{""distance"":3,""physical_error_rate"":0.005}","{""detection_events"":11298,""detectors_checked"":829440,""obs_mistake_mask=E"":28}"
     25600,         0,         0,   0.906,decoder_by_matrix,36e3cd26fed5ec7649ec51fb08c1a5e7d7f30e615782d954fee045c18a4962ca,"{""distance"":3,""physical_error_rate"":5e-05}","{""detection_events"":204,""detectors_checked"":1382400}"
     56320,         0,         0,   0.901,decoder_by_matrix,e9839e3017c9ef118c4b8aeafef39e78c11ecbdb89764e9ca676a7dc2fb6d062,"{""distance"":3,""physical_error_rate"":1e-06}","{""detection_events"":9,""detectors_checked"":3041280}"
     21504,         0,         0,   0.903,decoder_by_matrix,5c8c81bfec719079c388cedc47a351f264c1bf769ae28a89f9b4fc7719fea501,"{""distance"":3,""physical_error_rate"":0.0005}","{""detection_events"":1503,""detectors_checked"":1161216}"
     54272,         0,         0,   0.898,decoder_by_matrix,560c721f87db01d4cacf7dcb7d8812fecde61e9e7776d4b9e1b1a792578ecad7,"{""distance"":3,""physical_error_rate"":5e-06}","{""detection_events"":18,""detectors_checked"":2930688}"
     48128,         0,         0,   0.909,decoder_by_matrix,e25b8d07214a8afb95d354611a83b9bb1ded39644e323a8585b3aabf687a4fff,"{""distance"":3,""physical_error_rate"":1e-05}","{""detection_events"":39,""detectors_checked"":2598912}"
     54272,         0,         0,   0.779,decoder_by_matrix,e9839e3017c9ef118c4b8aeafef39e78c11ecbdb89764e9ca676a7dc2fb6d062,"{""distance"":3,""physical_error_rate"":1e-06}","{""detection_events"":6,""detectors_checked"":2930688}"
     20480,         0,         0,   0.779,decoder_by_matrix,5c8c81bfec719079c388cedc47a351f264c1bf769ae28a89f9b4fc7719fea501,"{""distance"":3,""physical_error_rate"":0.0005}","{""detection_events"":1602,""detectors_checked"":1105920}"
     20480,         3,         0,   0.911,decoder_by_matrix,f854eed952f7ffb52e4f578393718ba880ba0930c78fe51d50828fe06a713055,"{""distance"":3,""physical_error_rate"":0.001}","{""detection_events"":2742,""detectors_checked"":1105920,""obs_mistake_mask=E"":3}"
     22528,         0,         0,   0.907,decoder_by_matrix,beec9fd12293a9cfe53c9b61fb8ce2a525e4eed38fa75d132d6dc64699336876,"{""distance"":3,""physical_error_rate"":0.0001}","{""detection_events"":327,""detectors_checked"":1216512}"
     17408,         0,         0,   0.684,decoder_by_matrix,5c8c81bfec719079c388cedc47a351f264c1bf769ae28a89f9b4fc7719fea501,"{""distance"":3,""physical_error_rate"":0.0005}","{""detection_events"":1290,""detectors_checked"":940032}"
     40960,         0,         0,   0.680,decoder_by_matrix,e25b8d07214a8afb95d354611a83b9bb1ded39644e323a8585b3aabf687a4fff,"{""distance"":3,""physical_error_rate"":1e-05}","{""detection_events"":48,""detectors_checked"":2211840}"
     55296,         0,         0,   0.784,decoder_by_matrix,560c721f87db01d4cacf7dcb7d8812fecde61e9e7776d4b9e1b1a792578ecad7,"{""distance"":3,""physical_error_rate"":5e-06}","{""detection_events"":15,""detectors_checked"":2985984}"
     15360,        24,         0,   0.865,decoder_by_matrix,bf84ffc61868c0acf247eb3d31d6d1ff07feed51ae0b0770ddaf58683dcdd22c,"{""distance"":3,""physical_error_rate"":0.005}","{""detection_events"":11397,""detectors_checked"":829440,""obs_mistake_mask=E"":24}"
     56320,         0,         0,   0.772,decoder_by_matrix,e9839e3017c9ef118c4b8aeafef39e78c11ecbdb89764e9ca676a7dc2fb6d062,"{""distance"":3,""physical_error_rate"":1e-06}","{""detection_events"":6,""detectors_checked"":3041280}"
     14336,        16,         0,   0.819,decoder_by_matrix,bf84ffc61868c0acf247eb3d31d6d1ff07feed51ae0b0770ddaf58683dcdd22c,"{""distance"":3,""physical_error_rate"":0.005}","{""detection_events"":9999,""detectors_checked"":774144,""obs_mistake_mask=E"":16}"
     19456,         0,         0,   0.909,decoder_by_matrix,f854eed952f7ffb52e4f578393718ba880ba0930c78fe51d50828fe06a713055,"{""distance"":3,""physical_error_rate"":0.001}","{""detection_events"":2964,""detectors_checked"":1050624}"
     20480,         0,         0,   0.781,decoder_by_matrix,5c8c81bfec719079c388cedc47a351f264c1bf769ae28a89f9b4fc7719fea501,"{""distance"":3,""physical_error_rate"":0.0005}","{""detection_events"":1473,""detectors_checked"":1105920}"
     14336,        93,         0,   0.919,decoder_by_matrix,dc80d1b5cd4a369885d36fbbadd410646ee6a9cd91075667cd6e1b71d0442655,"{""distance"":3,""physical_error_rate"":0.01}","{""detection_events"":20406,""detectors_checked"":774144,""obs_mistake_mask=E"":93}"
     14336,        96,         0,   0.892,decoder_by_matrix,dc80d1b5cd4a369885d36fbbadd410646ee6a9cd91075667cd6e1b71d0442655,"{""distance"":3,""physical_error_rate"":0.01}","{""detection_events"":19389,""detectors_checked"":774144,""obs_mistake_mask=E"":96}"
     19456,         1,         0,   0.891,decoder_by_matrix,f854eed952f7ffb52e4f578393718ba880ba0930c78fe51d50828fe06a713055,"{""distance"":3,""physical_error_rate"":0.001}","{""detection_events"":2715,""detectors_checked"":1050624,""obs_mistake_mask=E"":1}"
     24576,         0,         0,   0.900,decoder_by_matrix,36e3cd26fed5ec7649ec51fb08c1a5e7d7f30e615782d954fee045c18a4962ca,"{""distance"":3,""physical_error_rate"":5e-05}","{""detection_events"":204,""detectors_checked"":1327104}"
     23552,         0,         0,   0.904,decoder_by_matrix,beec9fd12293a9cfe53c9b61fb8ce2a525e4eed38fa75d132d6dc64699336876,"{""distance"":3,""physical_error_rate"":0.0001}","{""detection_events"":432,""detectors_checked"":1271808}"
     24576,         3,         0,    1.13,decoder_by_matrix,f854eed952f7ffb52e4f578393718ba880ba0930c78fe51d50828fe06a713055,"{""distance"":3,""physical_error_rate"":0.001}","{""detection_events"":3705,""detectors_checked"":1327104,""obs_mistake_mask=E"":3}"
     54272,         0,         0,    1.04,decoder_by_matrix,e25b8d07214a8afb95d354611a83b9bb1ded39644e323a8585b3aabf687a4fff,"{""distance"":3,""physical_error_rate"":1e-05}","{""detection_events"":102,""detectors_checked"":2930688}"
     32768,         0,         0,    1.14,decoder_by_matrix,36e3cd26fed5ec7649ec51fb08c1a5e7d7f30e615782d954fee045c18a4962ca,"{""distance"":3,""physical_error_rate"":5e-05}","{""detection_events"":240,""detectors_checked"":1769472}"
     30720,         0,         0,    1.16,decoder_by_matrix,beec9fd12293a9cfe53c9b61fb8ce2a525e4eed38fa75d132d6dc64699336876,"{""distance"":3,""physical_error_rate"":0.0001}","{""detection_events"":438,""detectors_checked"":1658880}"
     67584,         0,         0,    1.03,decoder_by_matrix,560c721f87db01d4cacf7dcb7d8812fecde61e9e7776d4b9e1b1a792578ecad7,"{""distance"":3,""physical_error_rate"":5e-06}","{""detection_events"":39,""detectors_checked"":3649536}"
     17408,        78,         0,    1.14,decoder_by_matrix,dc80d1b5cd4a369885d36fbbadd410646ee6a9cd91075667cd6e1b71d0442655,"{""distance"":3,""physical_error_rate"":0.01}","{""detection_events"":24675,""detectors_checked"":940032,""obs_mistake_mask=E"":78}"
     17408,        92,         0,    1.16,decoder_by_matrix,dc80d1b5cd4a369885d36fbbadd410646ee6a9cd91075667cd6e1b71d0442655,"{""distance"":3,""physical_error_rate"":0.01}","{""detection_events"":23817,""detectors_checked"":940032,""obs_mistake_mask=E"":92}"
     30720,         0,         0,    1.17,decoder_by_matrix,beec9fd12293a9cfe53c9b61fb8ce2a525e4eed38fa75d132d6dc64699336876,"{""distance"":3,""physical_error_rate"":0.0001}","{""detection_events"":375,""detectors_checked"":1658880}"
     72704,         0,         0,    1.13,decoder_by_matrix,e9839e3017c9ef118c4b8aeafef39e78c11ecbdb89764e9ca676a7dc2fb6d062,"{""distance"":3,""physical_error_rate"":1e-06}","{""detectors_checked"":3926016}"
     33792,         0,         0,    1.02,decoder_by_matrix,36e3cd26fed5ec7649ec51fb08c1a5e7d7f30e615782d954fee045c18a4962ca,"{""distance"":3,""physical_error_rate"":5e-05}","{""detection_events"":240,""detectors_checked"":1824768}"
     21504,        35,         0,    1.16,decoder_by_matrix,bf84ffc61868c0acf247eb3d31d6d1ff07feed51ae0b0770ddaf58683dcdd22c,"{""distance"":3,""physical_error_rate"":0.005}","{""detection_events"":15489,""detectors_checked"":1161216,""obs_mistake_mask=E"":35}"
     21504,        21,         0,    1.17,decoder_by_matrix,bf84ffc61868c0acf247eb3d31d6d1ff07feed51ae0b0770ddaf58683dcdd22c,"{""distance"":3,""physical_error_rate"":0.005}","{""detection_events"":15249,""detectors_checked"":1161216,""obs_mistake_mask=E"":21}"
     25600,         1,         0,    1.15,decoder_by_matrix,5c8c81bfec719079c388cedc47a351f264c1bf769ae28a89f9b4fc7719fea501,"{""distance"":3,""physical_error_rate"":0.0005}","{""detection_events"":2118,""detectors_checked"":1382400,""obs_mistake_mask=E"":1}"
     59392,         0,         0,    1.15,decoder_by_matrix,560c721f87db01d4cacf7dcb7d8812fecde61e9e7776d4b9e1b1a792578ecad7,"{""distance"":3,""physical_error_rate"":5e-06}","{""detection_events"":72,""detectors_checked"":3207168}"
     56320,         0,         0,    1.04,decoder_by_matrix,e25b8d07214a8afb95d354611a83b9bb1ded39644e323a8585b3aabf687a4fff,"{""distance"":3,""physical_error_rate"":1e-05}","{""detection_events"":84,""detectors_checked"":3041280}"
     69632,         0,         0,    1.03,decoder_by_matrix,e9839e3017c9ef118c4b8aeafef39e78c11ecbdb89764e9ca676a7dc2fb6d062,"{""distance"":3,""physical_error_rate"":1e-06}","{""detection_events"":21,""detectors_checked"":3760128}"
     26624,         1,         0,    1.16,decoder_by_matrix,5c8c81bfec719079c388cedc47a351f264c1bf769ae28a89f9b4fc7719fea501,"{""distance"":3,""physical_error_rate"":0.0005}","{""detection_events"":1782,""detectors_checked"":1437696,""obs_mistake_mask=E"":1}"
     24576,         1,         0,    1.16,decoder_by_matrix,f854eed952f7ffb52e4f578393718ba880ba0930c78fe51d50828fe06a713055,"{""distance"":3,""physical_error_rate"":0.001}","{""detection_events"":3462,""detectors_checked"":1327104,""obs_mistake_mask=E"":1}"
     28672,         0,         0,    1.15,decoder_by_matrix,beec9fd12293a9cfe53c9b61fb8ce2a525e4eed38fa75d132d6dc64699336876,"{""distance"":3,""physical_error_rate"":0.0001}","{""detection_events"":438,""detectors_checked"":1548288}"
     26624,         0,         0,    1.14,decoder_by_matrix,5c8c81bfec719079c388cedc47a351f264c1bf769ae28a89f9b4fc7719fea501,"{""distance"":3,""physical_error_rate"":0.0005}","{""detection_events"":1791,""detectors_checked"":1437696}"
     50176,         0,         0,    1.15,decoder_by_matrix,e25b8d07214a8afb95d354611a83b9bb1ded39644e323a8585b3aabf687a4fff,"{""distance"":3,""physical_error_rate"":1e-05}","{""detection_events"":99,""detectors_checked"":2709504}"
     63488,         0,         0,    1.15,decoder_by_matrix,560c721f87db01d4cacf7dcb7d8812fecde61e9e7776d4b9e1b1a792578ecad7,"{""distance"":3,""physical_error_rate"":5e-06}","{""detection_events"":51,""detectors_checked"":3428352}"
     21504,        41,         0,    1.14,decoder_by_matrix,bf84ffc61868c0acf247eb3d31d6d1ff07feed51ae0b0770ddaf58683dcdd22c,"{""distance"":3,""physical_error_rate"":0.005}","{""detection_events"":15621,""detectors_checked"":1161216,""obs_mistake_mask=E"":41}"
     71680,         0,         0,    1.15,decoder_by_matrix,e9839e3017c9ef118c4b8aeafef39e78c11ecbdb89764e9ca676a7dc2fb6d062,"{""distance"":3,""physical_error_rate"":1e-06}","{""detection_events"":9,""detectors_checked"":3870720}"
     21504,        29,         0,    1.16,decoder_by_matrix,bf84ffc61868c0acf247eb3d31d6d1ff07feed51ae0b0770ddaf58683dcdd22c,"{""distance"":3,""physical_error_rate"":0.005}","{""detection_events"":15690,""detectors_checked"":1161216,""obs_mistake_mask=E"":29}"
     25600,         2,         0,    1.04,decoder_by_matrix,f854eed952f7ffb52e4f578393718ba880ba0930c78fe51d50828fe06a713055,"{""distance"":3,""physical_error_rate"":0.001}","{""detection_events"":3735,""detectors_checked"":1382400,""obs_mistake_mask=E"":2}"
     26624,         0,         0,    1.04,decoder_by_matrix,5c8c81bfec719079c388cedc47a351f264c1bf769ae28a89f9b4fc7719fea501,"{""distance"":3,""physical_error_rate"":0.0005}","{""detection_events"":2145,""detectors_checked"":1437696}"
     17408,        88,         0,    1.15,decoder_by_matrix,dc80d1b5cd4a369885d36fbbadd410646ee6a9cd91075667cd6e1b71d0442655,"{""distance"":3,""physical_error_rate"":0.01}","{""detection_events"":24090,""detectors_checked"":940032,""obs_mistake_mask=E"":88}"
     17408,       115,         0,    1.03,decoder_by_matrix,dc80d1b5cd4a369885d36fbbadd410646ee6a9cd91075667cd6e1b71d0442655,"{""distance"":3,""physical_error_rate"":0.01}","{""detection_events"":23865,""detectors_checked"":940032,""obs_mistake_mask=E"":115}"
     26624,         2,         0,    1.05,decoder_by_matrix,f854eed952f7ffb52e4f578393718ba880ba0930c78fe51d50828fe06a713055,"{""distance"":3,""physical_error_rate"":0.001}","{""detection_events"":3840,""detectors_checked"":1437696,""obs_mistake_mask=E"":2}"
     30720,         0,         0,    1.15,decoder_by_matrix,beec9fd12293a9cfe53c9b61fb8ce2a525e4eed38fa75d132d6dc64699336876,"{""distance"":3,""physical_error_rate"":0.0001}","{""detection_events"":483,""detectors_checked"":1658880}"
     34816,         0,         0,    1.17,decoder_by_matrix,36e3cd26fed5ec7649ec51fb08c1a5e7d7f30e615782d954fee045c18a4962ca,"{""distance"":3,""physical_error_rate"":5e-05}","{""detection_events"":288,""detectors_checked"":1880064}"
     36864,         2,         0,    1.67,decoder_by_matrix,f854eed952f7ffb52e4f578393718ba880ba0930c78fe51d50828fe06a713055,"{""distance"":3,""physical_error_rate"":0.001}","{""detection_events"":5586,""detectors_checked"":1990656,""obs_mistake_mask=E"":2}"
     78848,         0,         0,    1.64,decoder_by_matrix,e25b8d07214a8afb95d354611a83b9bb1ded39644e323a8585b3aabf687a4fff,"{""distance"":3,""physical_error_rate"":1e-05}","{""detection_events"":84,""detectors_checked"":4257792}"
     24576,       172,         0,    1.43,decoder_by_matrix,dc80d1b5cd4a369885d36fbbadd410646ee6a9cd91075667cd6e1b71d0442655,"{""distance"":3,""physical_error_rate"":0.01}","{""detection_events"":34821,""detectors_checked"":1327104,""obs_mistake_mask=E"":172}"
     38912,         0,         0,    1.57,decoder_by_matrix,beec9fd12293a9cfe53c9b61fb8ce2a525e4eed38fa75d132d6dc64699336876,"{""distance"":3,""physical_error_rate"":0.0001}","{""detection_events"":537,""detectors_checked"":2101248}"
     50176,         0,         0,    1.66,decoder_by_matrix,36e3cd26fed5ec7649ec51fb08c1a5e7d7f30e615782d954fee045c18a4962ca,"{""distance"":3,""physical_error_rate"":5e-05}","{""detection_events"":354,""detectors_checked"":2709504}"
     44032,         0,         0,    1.67,decoder_by_matrix,beec9fd12293a9cfe53c9b61fb8ce2a525e4eed38fa75d132d6dc64699336876,"{""distance"":3,""physical_error_rate"":0.0001}","{""detection_events"":576,""detectors_checked"":2377728}"
     24576,       176,         0,    1.61,decoder_by_matrix,dc80d1b5cd4a369885d36fbbadd410646ee6a9cd91075667cd6e1b71d0442655,"{""distance"":3,""physical_error_rate"":0.01}","{""detection_events"":34560,""detectors_checked"":1327104,""obs_mistake_mask=E"":176}"
     95232,         0,         0,    1.55,decoder_by_matrix,560c721f87db01d4cacf7dcb7d8812fecde61e9e7776d4b9e1b1a792578ecad7,"{""distance"":3,""physical_error_rate"":5e-06}","{""detection_events"":48,""detectors_checked"":5142528}"
     98304,         0,         0,    1.65,decoder_by_matrix,e9839e3017c9ef118c4b8aeafef39e78c11ecbdb89764e9ca676a7dc2fb6d062,"{""distance"":3,""physical_error_rate"":1e-06}","{""detection_events"":39,""detectors_checked"":5308416}"
     46080,         0,         0,    1.66,decoder_by_matrix,36e3cd26fed5ec7649ec51fb08c1a5e7d7f30e615782d954fee045c18a4962ca,"{""distance"":3,""physical_error_rate"":5e-05}","{""detection_events"":408,""detectors_checked"":2488320}"
     29696,        49,         0,    1.66,decoder_by_matrix,bf84ffc61868c0acf247eb3d31d6d1ff07feed51ae0b0770ddaf58683dcdd22c,"{""distance"":3,""physical_error_rate"":0.005}","{""detection_events"":21465,""detectors_checked"":1603584,""obs_mistake_mask=E"":49}"
     30720,        41,         0,    1.54,decoder_by_matrix,bf84ffc61868c0acf247eb3d31d6d1ff07feed51ae0b0770ddaf58683dcdd22c,"{""distance"":3,""physical_error_rate"":0.005}","{""detection_events"":22668,""detectors_checked"":1658880,""obs_mistake_mask=E"":41}"
     37888,         1,         0,    1.67,decoder_by_matrix,5c8c81bfec719079c388cedc47a351f264c1bf769ae28a89f9b4fc7719fea501,"{""distance"":3,""physical_error_rate"":0.0005}","{""detection_events"":3006,""detectors_checked"":2045952,""obs_mistake_mask=E"":1}"
     91136,         0,         0,    1.67,decoder_by_matrix,560c721f87db01d4cacf7dcb7d8812fecde61e9e7776d4b9e1b1a792578ecad7,"{""distance"":3,""physical_error_rate"":5e-06}","{""detection_events"":63,""detectors_checked"":4921344}"
    103424,         0,         0,    1.64,decoder_by_matrix,e9839e3017c9ef118c4b8aeafef39e78c11ecbdb89764e9ca676a7dc2fb6d062,"{""distance"":3,""physical_error_rate"":1e-06}","{""detection_events"":27,""detectors_checked"":5584896}"
     78848,         0,         0,    1.68,decoder_by_matrix,e25b8d07214a8afb95d354611a83b9bb1ded39644e323a8585b3aabf687a4fff,"{""distance"":3,""physical_error_rate"":1e-05}","{""detection_events"":111,""detectors_checked"":4257792}"
     37888,         1,         0,    1.55,decoder_by_matrix,5c8c81bfec719079c388cedc47a351f264c1bf769ae28a89f9b4fc7719fea501,"{""distance"":3,""physical_error_rate"":0.0005}","{""detection_events"":2676,""detectors_checked"":2045952,""obs_mistake_mask=E"":1}"
     36864,         2,         0,    1.55,decoder_by_matrix,f854eed952f7ffb52e4f578393718ba880ba0930c78fe51d50828fe06a713055,"{""distance"":3,""physical_error_rate"":0.001}","{""detection_events"":5364,""detectors_checked"":1990656,""obs_mistake_mask=E"":2}"
     35840,         0,         0,    1.56,decoder_by_matrix,5c8c81bfec719079c388cedc47a351f264c1bf769ae28a89f9b4fc7719fea501,"{""distance"":3,""physical_error_rate"":0.0005}","{""detection_events"":2544,""detectors_checked"":1935360}"
     41984,         0,         0,    1.66,decoder_by_matrix,beec9fd12293a9cfe53c9b61fb8ce2a525e4eed38fa75d132d6dc64699336876,"{""distance"":3,""physical_error_rate"":0.0001}","{""detection_events"":678,""detectors_checked"":2267136}"
     78848,         0,         0,    1.38,decoder_by_matrix,e25b8d07214a8afb95d354611a83b9bb1ded39644e323a8585b3aabf687a4fff,"{""distance"":3,""physical_error_rate"":1e-05}","{""detection_events"":99,""detectors_checked"":4257792}"
     90112,         0,         0,    1.63,decoder_by_matrix,560c721f87db01d4cacf7dcb7d8812fecde61e9e7776d4b9e1b1a792578ecad7,"{""distance"":3,""physical_error_rate"":5e-06}","{""detection_events"":57,""detectors_checked"":4866048}"
     29696,        62,         0,    1.51,decoder_by_matrix,bf84ffc61868c0acf247eb3d31d6d1ff07feed51ae0b0770ddaf58683dcdd22c,"{""distance"":3,""physical_error_rate"":0.005}","{""detection_events"":21918,""detectors_checked"":1603584,""obs_mistake_mask=E"":62}"
    102400,         0,         0,    1.52,decoder_by_matrix,e9839e3017c9ef118c4b8aeafef39e78c11ecbdb89764e9ca676a7dc2fb6d062,"{""distance"":3,""physical_error_rate"":1e-06}","{""detection_events"":12,""detectors_checked"":5529600}"
     23552,       137,         0,    1.44,decoder_by_matrix,dc80d1b5cd4a369885d36fbbadd410646ee6a9cd91075667cd6e1b71d0442655,"{""distance"":3,""physical_error_rate"":0.01}","{""detection_events"":32805,""detectors_checked"":1271808,""obs_mistake_mask=E"":137}"
     30720,        53,         0,    1.67,decoder_by_matrix,bf84ffc61868c0acf247eb3d31d6d1ff07feed51ae0b0770ddaf58683dcdd22c,"{""distance"":3,""physical_error_rate"":0.005}","{""detection_events"":21600,""detectors_checked"":1658880,""obs_mistake_mask=E"":53}"
     35840,         2,         0,    1.66,decoder_by_matrix,f854eed952f7ffb52e4f578393718ba880ba0930c78fe51d50828fe06a713055,"{""distance"":3,""physical_error_rate"":0.001}","{""detection_events"":5376,""detectors_checked"":1935360,""obs_mistake_mask=E"":2}"
     37888,         0,         0,    1.67,decoder_by_matrix,5c8c81bfec719079c388cedc47a351f264c1bf769ae28a89f9b4fc7719fea501,"{""distance"":3,""physical_error_rate"":0.0005}","{""detection_events"":2739,""detectors_checked"":2045952}"
     24576,       155,         0,    1.68,decoder_by_matrix,dc80d1b5cd4a369885d36fbbadd410646ee6a9cd91075667cd6e1b71d0442655,"{""distance"":3,""physical_error_rate"":0.01}","{""detection_events"":33864,""detectors_checked"":1327104,""obs_mistake_mask=E"":155}"
     36864,         1,         0,    1.66,decoder_by_matrix,f854eed952f7ffb52e4f578393718ba880ba0930c78fe51d50828fe06a713055,"{""distance"":3,""physical_error_rate"":0.001}","{""detection_events"":5136,""detectors_checked"":1990656,""obs_mistake_mask=E"":1}"
     46080,         0,         0,    1.66,decoder_by_matrix,beec9fd12293a9cfe53c9b61fb8ce2a525e4eed38fa75d132d6dc64699336876,"{""distance"":3,""physical_error_rate"":0.0001}","{""detection_events"":708,""detectors_checked"":2488320}"
     50176,         0,         0,    1.66,decoder_by_matrix,36e3cd26fed5ec7649ec51fb08c1a5e7d7f30e615782d954fee045c18a4962ca,"{""distance"":3,""physical_error_rate"":5e-05}","{""detection_events"":393,""detectors_checked"":2709504}"
    113664,         0,         0,    1.92,decoder_by_matrix,e25b8d07214a8afb95d354611a83b9bb1ded39644e323a8585b3aabf687a4fff,"{""distance"":3,""physical_error_rate"":1e-05}","{""detection_events"":126,""detectors_checked"":6137856}"
     32768,       217,         0,    2.18,decoder_by_matrix,dc80d1b5cd4a369885d36fbbadd410646ee6a9cd91075667cd6e1b71d0442655,"{""distance"":3,""physical_error_rate"":0.01}","{""detection_events"":46188,""detectors_checked"":1769472,""obs_mistake_mask=E"":217}"
     48128,         6,         0,    2.07,decoder_by_matrix,f854eed952f7ffb52e4f578393718ba880ba0930c78fe51d50828fe06a713055,"{""distance"":3,""physical_error_rate"":0.001}","{""detection_events"":6705,""detectors_checked"":2598912,""obs_mistake_mask=E"":6}"
     68608,         0,         0,    2.19,decoder_by_matrix,36e3cd26fed5ec7649ec51fb08c1a5e7d7f30e615782d954fee045c18a4962ca,"{""distance"":3,""physical_error_rate"":5e-05}","{""detection_events"":441,""detectors_checked"":3704832}"
     55296,         0,         0,    2.08,decoder_by_matrix,beec9fd12293a9cfe53c9b61fb8ce2a525e4eed38fa75d132d6dc64699336876,"{""distance"":3,""physical_error_rate"":0.0001}","{""detection_events"":903,""detectors_checked"":2985984}"
     32768,       212,         0,    2.18,decoder_by_matrix,dc80d1b5cd4a369885d36fbbadd410646ee6a9cd91075667cd6e1b71d0442655,"{""distance"":3,""physical_error_rate"":0.01}","{""detection_events"":46875,""detectors_checked"":1769472,""obs_mistake_mask=E"":212}"
     54272,         0,         0,    2.19,decoder_by_matrix,beec9fd12293a9cfe53c9b61fb8ce2a525e4eed38fa75d132d6dc64699336876,"{""distance"":3,""physical_error_rate"":0.0001}","{""detection_events"":642,""detectors_checked"":2930688}"
    119808,         0,         0,    1.93,decoder_by_matrix,560c721f87db01d4cacf7dcb7d8812fecde61e9e7776d4b9e1b1a792578ecad7,"{""distance"":3,""physical_error_rate"":5e-06}","{""detection_events"":75,""detectors_checked"":6469632}"
    139264,         0,         0,    1.93,decoder_by_matrix,e9839e3017c9ef118c4b8aeafef39e78c11ecbdb89764e9ca676a7dc2fb6d062,"{""distance"":3,""physical_error_rate"":1e-06}","{""detectors_checked"":7520256}"
     51200,         0,         0,    2.18,decoder_by_matrix,5c8c81bfec719079c388cedc47a351f264c1bf769ae28a89f9b4fc7719fea501,"{""distance"":3,""physical_error_rate"":0.0005}","{""detection_events"":3639,""detectors_checked"":2764800}"
     39936,        64,         0,    2.21,decoder_by_matrix,bf84ffc61868c0acf247eb3d31d6d1ff07feed51ae0b0770ddaf58683dcdd22c,"{""distance"":3,""physical_error_rate"":0.005}","{""detection_events"":28626,""detectors_checked"":2156544,""obs_mistake_mask=E"":64}"
    138240,         0,         0,    2.17,decoder_by_matrix,e9839e3017c9ef118c4b8aeafef39e78c11ecbdb89764e9ca676a7dc2fb6d062,"{""distance"":3,""physical_error_rate"":1e-06}","{""detection_events"":24,""detectors_checked"":7464960}"
     68608,         0,         0,    2.29,decoder_by_matrix,36e3cd26fed5ec7649ec51fb08c1a5e7d7f30e615782d954fee045c18a4962ca,"{""distance"":3,""physical_error_rate"":5e-05}","{""detection_events"":489,""detectors_checked"":3704832}"
     50176,         3,         0,    2.19,decoder_by_matrix,5c8c81bfec719079c388cedc47a351f264c1bf769ae28a89f9b4fc7719fea501,"{""distance"":3,""physical_error_rate"":0.0005}","{""detection_events"":3735,""detectors_checked"":2709504,""obs_mistake_mask=E"":3}"
     41984,        79,         0,    2.30,decoder_by_matrix,bf84ffc61868c0acf247eb3d31d6d1ff07feed51ae0b0770ddaf58683dcdd22c,"{""distance"":3,""physical_error_rate"":0.005}","{""detection_events"":29586,""detectors_checked"":2267136,""obs_mistake_mask=E"":79}"
    129024,         0,         0,    2.27,decoder_by_matrix,560c721f87db01d4cacf7dcb7d8812fecde61e9e7776d4b9e1b1a792578ecad7,"{""distance"":3,""physical_error_rate"":5e-06}","{""detection_events"":69,""detectors_checked"":6967296}"
     50176,         2,         0,    2.25,decoder_by_matrix,f854eed952f7ffb52e4f578393718ba880ba0930c78fe51d50828fe06a713055,"{""distance"":3,""physical_error_rate"":0.001}","{""detection_events"":7347,""detectors_checked"":2709504,""obs_mistake_mask=E"":2}"
    104448,         0,         0,    2.04,decoder_by_matrix,e25b8d07214a8afb95d354611a83b9bb1ded39644e323a8585b3aabf687a4fff,"{""distance"":3,""physical_error_rate"":1e-05}","{""detection_events"":207,""detectors_checked"":5640192}"
     50176,         1,         0,    2.09,decoder_by_matrix,5c8c81bfec719079c388cedc47a351f264c1bf769ae28a89f9b4fc7719fea501,"{""distance"":3,""physical_error_rate"":0.0005}","{""detection_events"":3513,""detectors_checked"":2709504,""obs_mistake_mask=E"":1}"
     57344,         0,         0,    2.17,decoder_by_matrix,beec9fd12293a9cfe53c9b61fb8ce2a525e4eed38fa75d132d6dc64699336876,"{""distance"":3,""physical_error_rate"":0.0001}","{""detection_events"":741,""detectors_checked"":3096576}"
     38912,        81,         0,    2.18,decoder_by_matrix,bf84ffc61868c0acf247eb3d31d6d1ff07feed51ae0b0770ddaf58683dcdd22c,"{""distance"":3,""physical_error_rate"":0.005}","{""detection_events"":28374,""detectors_checked"":2101248,""obs_mistake_mask=E"":81}"
     48128,         7,         0,    2.18,decoder_by_matrix,f854eed952f7ffb52e4f578393718ba880ba0930c78fe51d50828fe06a713055,"{""distance"":3,""physical_error_rate"":0.001}","{""detection_events"":6747,""detectors_checked"":2598912,""obs_mistake_mask=E"":7}"
    121856,         0,         0,    2.04,decoder_by_matrix,e25b8d07214a8afb95d354611a83b9bb1ded39644e323a8585b3aabf687a4fff,"{""distance"":3,""physical_error_rate"":1e-05}","{""detection_events"":147,""detectors_checked"":6580224}"
     50176,         1,         0,    2.19,decoder_by_matrix,5c8c81bfec719079c388cedc47a351f264c1bf769ae28a89f9b4fc7719fea501,"{""distance"":3,""physical_error_rate"":0.0005}","{""detection_events"":3513,""detectors_checked"":2709504,""obs_mistake_mask=E"":1}"
    128000,         0,         0,    2.29,decoder_by_matrix,560c721f87db01d4cacf7dcb7d8812fecde61e9e7776d4b9e1b1a792578ecad7,"{""distance"":3,""physical_error_rate"":5e-06}","{""detection_events"":96,""detectors_checked"":6912000}"
     32768,       218,         0,    2.18,decoder_by_matrix,dc80d1b5cd4a369885d36fbbadd410646ee6a9cd91075667cd6e1b71d0442655,"{""distance"":3,""physical_error_rate"":0.01}","{""detection_events"":46494,""detectors_checked"":1769472,""obs_mistake_mask=E"":218}"
    144384,         0,         0,    2.28,decoder_by_matrix,e9839e3017c9ef118c4b8aeafef39e78c11ecbdb89764e9ca676a7dc2fb6d062,"{""distance"":3,""physical_error_rate"":1e-06}","{""detection_events"":6,""detectors_checked"":7796736}"
     41984,        73,         0,    2.30,decoder_by_matrix,bf84ffc61868c0acf247eb3d31d6d1ff07feed51ae0b0770ddaf58683dcdd22c,"{""distance"":3,""physical_error_rate"":0.005}","{""detection_events"":29931,""detectors_checked"":2267136,""obs_mistake_mask=E"":73}"
     34816,       234,         0,    2.29,decoder_by_matrix,dc80d1b5cd4a369885d36fbbadd410646ee6a9cd91075667cd6e1b71d0442655,"{""distance"":3,""physical_error_rate"":0.01}","{""detection_events"":49569,""detectors_checked"":1880064,""obs_mistake_mask=E"":234}"
     55296,         0,         0,    2.18,decoder_by_matrix,beec9fd12293a9cfe53c9b61fb8ce2a525e4eed38fa75d132d6dc64699336876,"{""distance"":3,""physical_error_rate"":0.0001}","{""detection_events"":768,""detectors_checked"":2985984}"
     66560,         0,         0,    2.19,decoder_by_matrix,36e3cd26fed5ec7649ec51fb08c1a5e7d7f30e615782d954fee045c18a4962ca,"{""distance"":3,""physical_error_rate"":5e-05}","{""detection_events"":468,""detectors_checked"":3594240}"
     51200,         4,         0,    2.30,decoder_by_matrix,f854eed952f7ffb52e4f578393718ba880ba0930c78fe51d50828fe06a713055,"{""distance"":3,""physical_error_rate"":0.001}","{""detection_events"":7797,""detectors_checked"":2764800,""obs_mistake_mask=E"":4}"
     68608,         5,         0,    2.95,decoder_by_matrix,f854eed952f7ffb52e4f578393718ba880ba0930c78fe51d50828fe06a713055,"{""distance"":3,""physical_error_rate"":0.001}","{""detection_events"":9915,""detectors_checked"":3704832,""obs_mistake_mask=E"":5}"
     93184,         0,         0,    2.94,decoder_by_matrix,36e3cd26fed5ec7649ec51fb08c1a5e7d7f30e615782d954fee045c18a4962ca,"{""distance"":3,""physical_error_rate"":5e-05}","{""detection_events"":633,""detectors_checked"":5031936}"
     74752,         0,         0,    2.94,decoder_by_matrix,beec9fd12293a9cfe53c9b61fb8ce2a525e4eed38fa75d132d6dc64699336876,"{""distance"":3,""physical_error_rate"":0.0001}","{""detection_events"":1008,""detectors_checked"":4036608}"
     47104,       312,         0,    3.12,decoder_by_matrix,dc80d1b5cd4a369885d36fbbadd410646ee6a9cd91075667cd6e1b71d0442655,"{""distance"":3,""physical_error_rate"":0.01}","{""detection_events"":66627,""detectors_checked"":2543616,""obs_mistake_mask=E"":312}"
     79872,         0,         0,    3.07,decoder_by_matrix,beec9fd12293a9cfe53c9b61fb8ce2a525e4eed38fa75d132d6dc64699336876,"{""distance"":3,""physical_error_rate"":0.0001}","{""detection_events"":1047,""detectors_checked"":4313088}"
    143360,         0,         0,    3.03,decoder_by_matrix,e25b8d07214a8afb95d354611a83b9bb1ded39644e323a8585b3aabf687a4fff,"{""distance"":3,""physical_error_rate"":1e-05}","{""detection_events"":243,""detectors_checked"":7741440}"
    186368,         0,         0,    2.94,decoder_by_matrix,e9839e3017c9ef118c4b8aeafef39e78c11ecbdb89764e9ca676a7dc2fb6d062,"{""distance"":3,""physical_error_rate"":1e-06}","{""detection_events"":45,""detectors_checked"":10063872}"
    163840,         0,         0,    3.08,decoder_by_matrix,560c721f87db01d4cacf7dcb7d8812fecde61e9e7776d4b9e1b1a792578ecad7,"{""distance"":3,""physical_error_rate"":5e-06}","{""detection_events"":132,""detectors_checked"":8847360}"
     47104,       306,         0,    3.16,decoder_by_matrix,dc80d1b5cd4a369885d36fbbadd410646ee6a9cd91075667cd6e1b71d0442655,"{""distance"":3,""physical_error_rate"":0.01}","{""detection_events"":66966,""detectors_checked"":2543616,""obs_mistake_mask=E"":306}"
     56320,        76,         0,    3.07,decoder_by_matrix,bf84ffc61868c0acf247eb3d31d6d1ff07feed51ae0b0770ddaf58683dcdd22c,"{""distance"":3,""physical_error_rate"":0.005}","{""detection_events"":41262,""detectors_checked"":3041280,""obs_mistake_mask=E"":76}"
     70656,         0,         0,    2.98,decoder_by_matrix,5c8c81bfec719079c388cedc47a351f264c1bf769ae28a89f9b4fc7719fea501,"{""distance"":3,""physical_error_rate"":0.0005}","{""detection_events"":5175,""detectors_checked"":3815424}"
    186368,         0,         0,    2.96,decoder_by_matrix,e9839e3017c9ef118c4b8aeafef39e78c11ecbdb89764e9ca676a7dc2fb6d062,"{""distance"":3,""physical_error_rate"":1e-06}","{""detection_events"":30,""detectors_checked"":10063872}"
     55296,       102,         0,    3.05,decoder_by_matrix,bf84ffc61868c0acf247eb3d31d6d1ff07feed51ae0b0770ddaf58683dcdd22c,"{""distance"":3,""physical_error_rate"":0.005}","{""detection_events"":40104,""detectors_checked"":2985984,""obs_mistake_mask=E"":102}"
     87040,         0,         0,    3.07,decoder_by_matrix,36e3cd26fed5ec7649ec51fb08c1a5e7d7f30e615782d954fee045c18a4962ca,"{""distance"":3,""physical_error_rate"":5e-05}","{""detection_events"":642,""detectors_checked"":4700160}"
    169984,         0,         0,    2.82,decoder_by_matrix,560c721f87db01d4cacf7dcb7d8812fecde61e9e7776d4b9e1b1a792578ecad7,"{""distance"":3,""physical_error_rate"":5e-06}","{""detection_events"":108,""detectors_checked"":9179136}"
     72704,         0,         0,    3.04,decoder_by_matrix,5c8c81bfec719079c388cedc47a351f264c1bf769ae28a89f9b4fc7719fea501,"{""distance"":3,""physical_error_rate"":0.0005}","{""detection_events"":5031,""detectors_checked"":3926016}"
    143360,         0,         0,    2.95,decoder_by_matrix,e25b8d07214a8afb95d354611a83b9bb1ded39644e323a8585b3aabf687a4fff,"{""distance"":3,""physical_error_rate"":1e-05}","{""detection_events"":213,""detectors_checked"":7741440}"
     68608,         7,         0,    3.11,decoder_by_matrix,f854eed952f7ffb52e4f578393718ba880ba0930c78fe51d50828fe06a713055,"{""distance"":3,""physical_error_rate"":0.001}","{""detection_events"":9540,""detectors_checked"":3704832,""obs_mistake_mask=E"":7}"
     70656,         0,         0,    2.95,decoder_by_matrix,5c8c81bfec719079c388cedc47a351f264c1bf769ae28a89f9b4fc7719fea501,"{""distance"":3,""physical_error_rate"":0.0005}","{""detection_events"":5115,""detectors_checked"":3815424}"
     78848,         0,         0,    2.85,decoder_by_matrix,beec9fd12293a9cfe53c9b61fb8ce2a525e4eed38fa75d132d6dc64699336876,"{""distance"":3,""physical_error_rate"":0.0001}","{""detection_events"":1035,""detectors_checked"":4257792}"
    150528,         0,         0,    2.97,decoder_by_matrix,e25b8d07214a8afb95d354611a83b9bb1ded39644e323a8585b3aabf687a4fff,"{""distance"":3,""physical_error_rate"":1e-05}","{""detection_events"":177,""detectors_checked"":8128512}"
     70656,         3,         0,    3.09,decoder_by_matrix,5c8c81bfec719079c388cedc47a351f264c1bf769ae28a89f9b4fc7719fea501,"{""distance"":3,""physical_error_rate"":0.0005}","{""detection_events"":4860,""detectors_checked"":3815424,""obs_mistake_mask=E"":3}"
    159744,         0,         0,    3.07,decoder_by_matrix,560c721f87db01d4cacf7dcb7d8812fecde61e9e7776d4b9e1b1a792578ecad7,"{""distance"":3,""physical_error_rate"":5e-06}","{""detection_events"":123,""detectors_checked"":8626176}"
     46080,       300,         0,    2.80,decoder_by_matrix,dc80d1b5cd4a369885d36fbbadd410646ee6a9cd91075667cd6e1b71d0442655,"{""distance"":3,""physical_error_rate"":0.01}","{""detection_events"":64182,""detectors_checked"":2488320,""obs_mistake_mask=E"":300}"
     56320,        92,         0,    3.07,decoder_by_matrix,bf84ffc61868c0acf247eb3d31d6d1ff07feed51ae0b0770ddaf58683dcdd22c,"{""distance"":3,""physical_error_rate"":0.005}","{""detection_events"":40164,""detectors_checked"":3041280,""obs_mistake_mask=E"":92}"
    181248,         0,         0,    3.08,decoder_by_matrix,e9839e3017c9ef118c4b8aeafef39e78c11ecbdb89764e9ca676a7dc2fb6d062,"{""distance"":3,""physical_error_rate"":1e-06}","{""detection_events"":57,""detectors_checked"":9787392}"
     70656,         9,         0,    3.15,decoder_by_matrix,f854eed952f7ffb52e4f578393718ba880ba0930c78fe51d50828fe06a713055,"{""distance"":3,""physical_error_rate"":0.001}","{""detection_events"":9828,""detectors_checked"":3815424,""obs_mistake_mask=E"":9}"
     58368,        97,         0,    3.17,decoder_by_matrix,bf84ffc61868c0acf247eb3d31d6d1ff07feed51ae0b0770ddaf58683dcdd22c,"{""distance"":3,""physical_error_rate"":0.005}","{""detection_events"":40698,""detectors_checked"":3151872,""obs_mistake_mask=E"":97}"
     47104,       300,         0,    3.11,decoder_by_matrix,dc80d1b5cd4a369885d36fbbadd410646ee6a9cd91075667cd6e1b71d0442655,"{""distance"":3,""physical_error_rate"":0.01}","{""detection_events"":66666,""detectors_checked"":2543616,""obs_mistake_mask=E"":300}"
     78848,         0,         0,    2.83,decoder_by_matrix,beec9fd12293a9cfe53c9b61fb8ce2a525e4eed38fa75d132d6dc64699336876,"{""distance"":3,""physical_error_rate"":0.0001}","{""detection_events"":1074,""detectors_checked"":4257792}"
     96256,         0,         0,    3.08,decoder_by_matrix,36e3cd26fed5ec7649ec51fb08c1a5e7d7f30e615782d954fee045c18a4962ca,"{""distance"":3,""physical_error_rate"":5e-05}","{""detection_events"":669,""detectors_checked"":5197824}"
     68608,         9,         0,    3.11,decoder_by_matrix,f854eed952f7ffb52e4f578393718ba880ba0930c78fe51d50828fe06a713055,"{""distance"":3,""physical_error_rate"":0.001}","{""detection_events"":9786,""detectors_checked"":3704832,""obs_mistake_mask=E"":9}"
     96256,         8,         0,    4.37,decoder_by_matrix,f854eed952f7ffb52e4f578393718ba880ba0930c78fe51d50828fe06a713055,"{""distance"":3,""physical_error_rate"":0.001}","{""detection_events"":14130,""detectors_checked"":5197824,""obs_mistake_mask=E"":8}"
     66560,       419,         0,    4.33,decoder_by_matrix,dc80d1b5cd4a369885d36fbbadd410646ee6a9cd91075667cd6e1b71d0442655,"{""distance"":3,""physical_error_rate"":0.01}","{""detection_events"":92406,""detectors_checked"":3594240,""obs_mistake_mask=E"":419}"
    113664,         1,         0,    4.23,decoder_by_matrix,beec9fd12293a9cfe53c9b61fb8ce2a525e4eed38fa75d132d6dc64699336876,"{""distance"":3,""physical_error_rate"":0.0001}","{""detection_events"":1599,""detectors_checked"":6137856,""obs_mistake_mask=E"":1}"
    194560,         0,         0,    4.09,decoder_by_matrix,e25b8d07214a8afb95d354611a83b9bb1ded39644e323a8585b3aabf687a4fff,"{""distance"":3,""physical_error_rate"":1e-05}","{""detection_events"":339,""detectors_checked"":10506240}"
    133120,         0,         0,    4.27,decoder_by_matrix,36e3cd26fed5ec7649ec51fb08c1a5e7d7f30e615782d954fee045c18a4962ca,"{""distance"":3,""physical_error_rate"":5e-05}","{""detection_events"":855,""detectors_checked"":7188480}"
    111616,         0,         0,    4.37,decoder_by_matrix,beec9fd12293a9cfe53c9b61fb8ce2a525e4eed38fa75d132d6dc64699336876,"{""distance"":3,""physical_error_rate"":0.0001}","{""detection_events"":1509,""detectors_checked"":6027264}"
    272384,         0,         0,    4.21,decoder_by_matrix,e9839e3017c9ef118c4b8aeafef39e78c11ecbdb89764e9ca676a7dc2fb6d062,"{""distance"":3,""physical_error_rate"":1e-06}","{""detection_events"":18,""detectors_checked"":14708736}"
     77824,       122,         0,    4.02,decoder_by_matrix,bf84ffc61868c0acf247eb3d31d6d1ff07feed51ae0b0770ddaf58683dcdd22c,"{""distance"":3,""physical_error_rate"":0.005}","{""detection_events"":55398,""detectors_checked"":4202496,""obs_mistake_mask=E"":122}"
    239616,         0,         0,    4.12,decoder_by_matrix,560c721f87db01d4cacf7dcb7d8812fecde61e9e7776d4b9e1b1a792578ecad7,"{""distance"":3,""physical_error_rate"":5e-06}","{""detection_events"":222,""detectors_checked"":12939264}"
     66560,       406,         0,    4.35,decoder_by_matrix,dc80d1b5cd4a369885d36fbbadd410646ee6a9cd91075667cd6e1b71d0442655,"{""distance"":3,""physical_error_rate"":0.01}","{""detection_events"":93315,""detectors_checked"":3594240,""obs_mistake_mask=E"":406}"
     99328,         1,         0,    4.33,decoder_by_matrix,5c8c81bfec719079c388cedc47a351f264c1bf769ae28a89f9b4fc7719fea501,"{""distance"":3,""physical_error_rate"":0.0005}","{""detection_events"":8061,""detectors_checked"":5363712,""obs_mistake_mask=E"":1}"
     77824,       123,         0,    4.33,decoder_by_matrix,bf84ffc61868c0acf247eb3d31d6d1ff07feed51ae0b0770ddaf58683dcdd22c,"{""distance"":3,""physical_error_rate"":0.005}","{""detection_events"":56127,""detectors_checked"":4202496,""obs_mistake_mask=E"":123}"
    260096,         0,         0,    4.38,decoder_by_matrix,e9839e3017c9ef118c4b8aeafef39e78c11ecbdb89764e9ca676a7dc2fb6d062,"{""distance"":3,""physical_error_rate"":1e-06}","{""detection_events"":108,""detectors_checked"":14045184}"
    134144,         0,         0,    4.22,decoder_by_matrix,36e3cd26fed5ec7649ec51fb08c1a5e7d7f30e615782d954fee045c18a4962ca,"{""distance"":3,""physical_error_rate"":5e-05}","{""detection_events"":1017,""detectors_checked"":7243776}"
    236544,         0,         0,    4.11,decoder_by_matrix,560c721f87db01d4cacf7dcb7d8812fecde61e9e7776d4b9e1b1a792578ecad7,"{""distance"":3,""physical_error_rate"":5e-06}","{""detection_events"":186,""detectors_checked"":12773376}"
    100352,         1,         0,    4.35,decoder_by_matrix,5c8c81bfec719079c388cedc47a351f264c1bf769ae28a89f9b4fc7719fea501,"{""distance"":3,""physical_error_rate"":0.0005}","{""detection_events"":6828,""detectors_checked"":5419008,""obs_mistake_mask=E"":1}"
    206848,         0,         0,    4.24,decoder_by_matrix,e25b8d07214a8afb95d354611a83b9bb1ded39644e323a8585b3aabf687a4fff,"{""distance"":3,""physical_error_rate"":1e-05}","{""detection_events"":333,""detectors_checked"":11169792}"
     97280,        12,         0,    4.25,decoder_by_matrix,f854eed952f7ffb52e4f578393718ba880ba0930c78fe51d50828fe06a713055,"{""distance"":3,""physical_error_rate"":0.001}","{""detection_events"":14085,""detectors_checked"":5253120,""obs_mistake_mask=E"":12}"
    101376,         2,         0,    4.35,decoder_by_matrix,5c8c81bfec719079c388cedc47a351f264c1bf769ae28a89f9b4fc7719fea501,"{""distance"":3,""physical_error_rate"":0.0005}","{""detection_events"":7326,""detectors_checked"":5474304,""obs_mistake_mask=E"":2}"
    109568,         0,         0,    4.09,decoder_by_matrix,beec9fd12293a9cfe53c9b61fb8ce2a525e4eed38fa75d132d6dc64699336876,"{""distance"":3,""physical_error_rate"":0.0001}","{""detection_events"":1788,""detectors_checked"":5916672}"
     98304,         1,         0,    4.20,decoder_by_matrix,5c8c81bfec719079c388cedc47a351f264c1bf769ae28a89f9b4fc7719fea501,"{""distance"":3,""physical_error_rate"":0.0005}","{""detection_events"":7146,""detectors_checked"":5308416,""obs_mistake_mask=E"":1}"
    211968,         0,         0,    4.35,decoder_by_matrix,e25b8d07214a8afb95d354611a83b9bb1ded39644e323a8585b3aabf687a4fff,"{""distance"":3,""physical_error_rate"":1e-05}","{""detection_events"":375,""detectors_checked"":11446272}"
    265216,         0,         0,    4.08,decoder_by_matrix,e9839e3017c9ef118c4b8aeafef39e78c11ecbdb89764e9ca676a7dc2fb6d062,"{""distance"":3,""physical_error_rate"":1e-06}","{""detection_events"":63,""detectors_checked"":14321664}"
    242688,         0,         0,    4.23,decoder_by_matrix,560c721f87db01d4cacf7dcb7d8812fecde61e9e7776d4b9e1b1a792578ecad7,"{""distance"":3,""physical_error_rate"":5e-06}","{""detection_events"":189,""detectors_checked"":13105152}"
     79872,       143,         0,    4.23,decoder_by_matrix,bf84ffc61868c0acf247eb3d31d6d1ff07feed51ae0b0770ddaf58683dcdd22c,"{""distance"":3,""physical_error_rate"":0.005}","{""detection_events"":56418,""detectors_checked"":4313088,""obs_mistake_mask=E"":143}"
     95232,         6,         0,    4.22,decoder_by_matrix,f854eed952f7ffb52e4f578393718ba880ba0930c78fe51d50828fe06a713055,"{""distance"":3,""physical_error_rate"":0.001}","{""detection_events"":14190,""detectors_checked"":5142528,""obs_mistake_mask=E"":6}"
     66560,       456,         0,    4.39,decoder_by_matrix,dc80d1b5cd4a369885d36fbbadd410646ee6a9cd91075667cd6e1b71d0442655,"{""distance"":3,""physical_error_rate"":0.01}","{""detection_events"":92913,""detectors_checked"":3594240,""obs_mistake_mask=E"":456}"
     78848,       114,         0,    4.23,decoder_by_matrix,bf84ffc61868c0acf247eb3d31d6d1ff07feed51ae0b0770ddaf58683dcdd22c,"{""distance"":3,""physical_error_rate"":0.005}","{""detection_events"":57165,""detectors_checked"":4257792,""obs_mistake_mask=E"":114}"
     66560,       417,         0,    4.11,decoder_by_matrix,dc80d1b5cd4a369885d36fbbadd410646ee6a9cd91075667cd6e1b71d0442655,"{""distance"":3,""physical_error_rate"":0.01}","{""detection_events"":92928,""detectors_checked"":3594240,""obs_mistake_mask=E"":417}"
    114688,         0,         0,    4.36,decoder_by_matrix,beec9fd12293a9cfe53c9b61fb8ce2a525e4eed38fa75d132d6dc64699336876,"{""distance"":3,""physical_error_rate"":0.0001}","{""detection_events"":1593,""detectors_checked"":6193152}"
    129024,         0,         0,    4.23,decoder_by_matrix,36e3cd26fed5ec7649ec51fb08c1a5e7d7f30e615782d954fee045c18a4962ca,"{""distance"":3,""physical_error_rate"":5e-05}","{""detection_events"":1047,""detectors_checked"":6967296}"
     97280,        10,         0,    4.09,decoder_by_matrix,f854eed952f7ffb52e4f578393718ba880ba0930c78fe51d50828fe06a713055,"{""distance"":3,""physical_error_rate"":0.001}","{""detection_events"":14130,""detectors_checked"":5253120,""obs_mistake_mask=E"":10}"
    133120,         7,         0,    5.77,decoder_by_matrix,f854eed952f7ffb52e4f578393718ba880ba0930c78fe51d50828fe06a713055,"{""distance"":3,""physical_error_rate"":0.001}","{""detection_events"":19797,""detectors_checked"":7188480,""obs_mistake_mask=E"":7}"
     92160,       541,         0,    6.02,decoder_by_matrix,dc80d1b5cd4a369885d36fbbadd410646ee6a9cd91075667cd6e1b71d0442655,"{""distance"":3,""physical_error_rate"":0.01}","{""detection_events"":127749,""detectors_checked"":4976640,""obs_mistake_mask=E"":541}"
    154624,         0,         0,    6.03,decoder_by_matrix,beec9fd12293a9cfe53c9b61fb8ce2a525e4eed38fa75d132d6dc64699336876,"{""distance"":3,""physical_error_rate"":0.0001}","{""detection_events"":2127,""detectors_checked"":8349696}"
    109568,       187,         0,    5.86,decoder_by_matrix,bf84ffc61868c0acf247eb3d31d6d1ff07feed51ae0b0770ddaf58683dcdd22c,"{""distance"":3,""physical_error_rate"":0.005}","{""detection_events"":78105,""detectors_checked"":5916672,""obs_mistake_mask=E"":187}"
    290816,         0,         0,    6.02,decoder_by_matrix,e25b8d07214a8afb95d354611a83b9bb1ded39644e323a8585b3aabf687a4fff,"{""distance"":3,""physical_error_rate"":1e-05}","{""detection_events"":387,""detectors_checked"":15704064}"
    150528,         1,         0,    6.03,decoder_by_matrix,beec9fd12293a9cfe53c9b61fb8ce2a525e4eed38fa75d132d6dc64699336876,"{""distance"":3,""physical_error_rate"":0.0001}","{""detection_events"":2364,""detectors_checked"":8128512,""obs_mistake_mask=E"":1}"
    193536,         0,         0,    5.69,decoder_by_matrix,36e3cd26fed5ec7649ec51fb08c1a5e7d7f30e615782d954fee045c18a4962ca,"{""distance"":3,""physical_error_rate"":5e-05}","{""detection_events"":1302,""detectors_checked"":10450944}"
    379904,         0,         0,    5.94,decoder_by_matrix,e9839e3017c9ef118c4b8aeafef39e78c11ecbdb89764e9ca676a7dc2fb6d062,"{""distance"":3,""physical_error_rate"":1e-06}","{""detection_events"":75,""detectors_checked"":20514816}"
    346112,         0,         0,    5.91,decoder_by_matrix,560c721f87db01d4cacf7dcb7d8812fecde61e9e7776d4b9e1b1a792578ecad7,"{""distance"":3,""physical_error_rate"":5e-06}","{""detection_events"":150,""detectors_checked"":18690048}"
     91136,       594,         0,    5.94,decoder_by_matrix,dc80d1b5cd4a369885d36fbbadd410646ee6a9cd91075667cd6e1b71d0442655,"{""distance"":3,""physical_error_rate"":0.01}","{""detection_events"":128922,""detectors_checked"":4921344,""obs_mistake_mask=E"":594}"
    109568,       176,         0,    5.89,decoder_by_matrix,bf84ffc61868c0acf247eb3d31d6d1ff07feed51ae0b0770ddaf58683dcdd22c,"{""distance"":3,""physical_error_rate"":0.005}","{""detection_events"":78972,""detectors_checked"":5916672,""obs_mistake_mask=E"":176}"
    139264,         4,         0,    5.81,decoder_by_matrix,5c8c81bfec719079c388cedc47a351f264c1bf769ae28a89f9b4fc7719fea501,"{""distance"":3,""physical_error_rate"":0.0005}","{""detection_events"":10116,""detectors_checked"":7520256,""obs_mistake_mask=E"":4}"
    176128,         0,         0,    5.62,decoder_by_matrix,36e3cd26fed5ec7649ec51fb08c1a5e7d7f30e615782d954fee045c18a4962ca,"{""distance"":3,""physical_error_rate"":5e-05}","{""detection_events"":1455,""detectors_checked"":9510912}"
    336896,         0,         0,    5.76,decoder_by_matrix,560c721f87db01d4cacf7dcb7d8812fecde61e9e7776d4b9e1b1a792578ecad7,"{""distance"":3,""physical_error_rate"":5e-06}","{""detection_events"":222,""detectors_checked"":18192384}"
    364544,         0,         0,    6.09,decoder_by_matrix,e9839e3017c9ef118c4b8aeafef39e78c11ecbdb89764e9ca676a7dc2fb6d062,"{""distance"":3,""physical_error_rate"":1e-06}","{""detection_events"":117,""detectors_checked"":19685376}"
    137216,         2,         0,    5.76,decoder_by_matrix,5c8c81bfec719079c388cedc47a351f264c1bf769ae28a89f9b4fc7719fea501,"{""distance"":3,""physical_error_rate"":0.0005}","{""detection_events"":10140,""detectors_checked"":7409664,""obs_mistake_mask=E"":2}"
    302080,         0,         0,    5.64,decoder_by_matrix,e25b8d07214a8afb95d354611a83b9bb1ded39644e323a8585b3aabf687a4fff,"{""distance"":3,""physical_error_rate"":1e-05}","{""detection_events"":420,""detectors_checked"":16312320}"
    134144,         9,         0,    6.02,decoder_by_matrix,f854eed952f7ffb52e4f578393718ba880ba0930c78fe51d50828fe06a713055,"{""distance"":3,""physical_error_rate"":0.001}","{""detection_events"":19905,""detectors_checked"":7243776,""obs_mistake_mask=E"":9}"
    138240,         0,         0,    6.00,decoder_by_matrix,5c8c81bfec719079c388cedc47a351f264c1bf769ae28a89f9b4fc7719fea501,"{""distance"":3,""physical_error_rate"":0.0005}","{""detection_events"":9990,""detectors_checked"":7464960}"
    151552,         0,         0,    5.64,decoder_by_matrix,beec9fd12293a9cfe53c9b61fb8ce2a525e4eed38fa75d132d6dc64699336876,"{""distance"":3,""physical_error_rate"":0.0001}","{""detection_events"":2259,""detectors_checked"":8183808}"
    304128,         0,         0,    5.78,decoder_by_matrix,e25b8d07214a8afb95d354611a83b9bb1ded39644e323a8585b3aabf687a4fff,"{""distance"":3,""physical_error_rate"":1e-05}","{""detection_events"":372,""detectors_checked"":16422912}"
    376832,         0,         0,    5.88,decoder_by_matrix,e9839e3017c9ef118c4b8aeafef39e78c11ecbdb89764e9ca676a7dc2fb6d062,"{""distance"":3,""physical_error_rate"":1e-06}","{""detection_events"":48,""detectors_checked"":20348928}"
    323584,         0,         0,    5.88,decoder_by_matrix,560c721f87db01d4cacf7dcb7d8812fecde61e9e7776d4b9e1b1a792578ecad7,"{""distance"":3,""physical_error_rate"":5e-06}","{""detection_events"":291,""detectors_checked"":17473536}"
    139264,         2,         0,    6.06,decoder_by_matrix,5c8c81bfec719079c388cedc47a351f264c1bf769ae28a89f9b4fc7719fea501,"{""distance"":3,""physical_error_rate"":0.0005}","{""detection_events"":9861,""detectors_checked"":7520256,""obs_mistake_mask=E"":2}"
     91136,       565,         0,    5.88,decoder_by_matrix,dc80d1b5cd4a369885d36fbbadd410646ee6a9cd91075667cd6e1b71d0442655,"{""distance"":3,""physical_error_rate"":0.01}","{""detection_events"":127602,""detectors_checked"":4921344,""obs_mistake_mask=E"":565}"
    110592,       166,         0,    6.03,decoder_by_matrix,bf84ffc61868c0acf247eb3d31d6d1ff07feed51ae0b0770ddaf58683dcdd22c,"{""distance"":3,""physical_error_rate"":0.005}","{""detection_events"":78594,""detectors_checked"":5971968,""obs_mistake_mask=E"":166}"
    134144,         5,         0,    5.90,decoder_by_matrix,f854eed952f7ffb52e4f578393718ba880ba0930c78fe51d50828fe06a713055,"{""distance"":3,""physical_error_rate"":0.001}","{""detection_events"":20058,""detectors_checked"":7243776,""obs_mistake_mask=E"":5}"
    150528,         0,         0,    5.89,decoder_by_matrix,beec9fd12293a9cfe53c9b61fb8ce2a525e4eed38fa75d132d6dc64699336876,"{""distance"":3,""physical_error_rate"":0.0001}","{""detection_events"":2208,""detectors_checked"":8128512}"
    177152,         0,         0,    5.89,decoder_by_matrix,36e3cd26fed5ec7649ec51fb08c1a5e7d7f30e615782d954fee045c18a4962ca,"{""distance"":3,""physical_error_rate"":5e-05}","{""detection_events"":1428,""detectors_checked"":9566208}"
    111616,       171,         0,    6.08,decoder_by_matrix,bf84ffc61868c0acf247eb3d31d6d1ff07feed51ae0b0770ddaf58683dcdd22c,"{""distance"":3,""physical_error_rate"":0.005}","{""detection_events"":78612,""detectors_checked"":6027264,""obs_mistake_mask=E"":171}"
     92160,       583,         0,    5.83,decoder_by_matrix,dc80d1b5cd4a369885d36fbbadd410646ee6a9cd91075667cd6e1b71d0442655,"{""distance"":3,""physical_error_rate"":0.01}","{""detection_events"":130539,""detectors_checked"":4976640,""obs_mistake_mask=E"":583}"
    134144,        17,         0,    6.02,decoder_by_matrix,f854eed952f7ffb52e4f578393718ba880ba0930c78fe51d50828fe06a713055,"{""distance"":3,""physical_error_rate"":0.001}","{""detection_events"":19119,""detectors_checked"":7243776,""obs_mistake_mask=E"":17}"
    153600,       255,         0,    8.25,decoder_by_matrix,bf84ffc61868c0acf247eb3d31d6d1ff07feed51ae0b0770ddaf58683dcdd22c,"{""distance"":3,""physical_error_rate"":0.005}","{""detection_events"":109986,""detectors_checked"":8294400,""obs_mistake_mask=E"":255}"
    187392,        12,         0,    8.45,decoder_by_matrix,f854eed952f7ffb52e4f578393718ba880ba0930c78fe51d50828fe06a713055,"{""distance"":3,""physical_error_rate"":0.001}","{""detection_events"":27345,""detectors_checked"":10119168,""obs_mistake_mask=E"":12}"
    129024,       825,         0,    8.45,decoder_by_matrix,dc80d1b5cd4a369885d36fbbadd410646ee6a9cd91075667cd6e1b71d0442655,"{""distance"":3,""physical_error_rate"":0.01}","{""detection_events"":182328,""detectors_checked"":6967296,""obs_mistake_mask=E"":825}"
    211968,         1,         0,    8.31,decoder_by_matrix,beec9fd12293a9cfe53c9b61fb8ce2a525e4eed38fa75d132d6dc64699336876,"{""distance"":3,""physical_error_rate"":0.0001}","{""detection_events"":3261,""detectors_checked"":11446272,""obs_mistake_mask=E"":1}"
    418816,         0,         0,    7.92,decoder_by_matrix,e25b8d07214a8afb95d354611a83b9bb1ded39644e323a8585b3aabf687a4fff,"{""distance"":3,""physical_error_rate"":1e-05}","{""detection_events"":555,""detectors_checked"":22616064}"
    521216,         0,         0,    8.07,decoder_by_matrix,e9839e3017c9ef118c4b8aeafef39e78c11ecbdb89764e9ca676a7dc2fb6d062,"{""distance"":3,""physical_error_rate"":1e-06}","{""detection_events"":90,""detectors_checked"":28145664}"
    214016,         0,         0,    8.20,decoder_by_matrix,beec9fd12293a9cfe53c9b61fb8ce2a525e4eed38fa75d132d6dc64699336876,"{""distance"":3,""physical_error_rate"":0.0001}","{""detection_events"":3174,""detectors_checked"":11556864}"
    264192,         0,         0,    8.33,decoder_by_matrix,36e3cd26fed5ec7649ec51fb08c1a5e7d7f30e615782d954fee045c18a4962ca,"{""distance"":3,""physical_error_rate"":5e-05}","{""detection_events"":1734,""detectors_checked"":14266368}"
    479232,         0,         0,    8.45,decoder_by_matrix,560c721f87db01d4cacf7dcb7d8812fecde61e9e7776d4b9e1b1a792578ecad7,"{""distance"":3,""physical_error_rate"":5e-06}","{""detection_events"":279,""detectors_checked"":25878528}"
    128000,       790,         0,    8.28,decoder_by_matrix,dc80d1b5cd4a369885d36fbbadd410646ee6a9cd91075667cd6e1b71d0442655,"{""distance"":3,""physical_error_rate"":0.01}","{""detection_events"":176931,""detectors_checked"":6912000,""obs_mistake_mask=E"":790}"
    194560,         5,         0,    7.93,decoder_by_matrix,5c8c81bfec719079c388cedc47a351f264c1bf769ae28a89f9b4fc7719fea501,"{""distance"":3,""physical_error_rate"":0.0005}","{""detection_events"":14292,""detectors_checked"":10506240,""obs_mistake_mask=E"":5}"
    154624,       239,         0,    8.08,decoder_by_matrix,bf84ffc61868c0acf247eb3d31d6d1ff07feed51ae0b0770ddaf58683dcdd22c,"{""distance"":3,""physical_error_rate"":0.005}","{""detection_events"":110655,""detectors_checked"":8349696,""obs_mistake_mask=E"":239}"
    253952,         0,         0,    8.43,decoder_by_matrix,36e3cd26fed5ec7649ec51fb08c1a5e7d7f30e615782d954fee045c18a4962ca,"{""distance"":3,""physical_error_rate"":5e-05}","{""detection_events"":1917,""detectors_checked"":13713408}"
    118784,       703,         0,    7.56,decoder_by_matrix,dc80d1b5cd4a369885d36fbbadd410646ee6a9cd91075667cd6e1b71d0442655,"{""distance"":3,""physical_error_rate"":0.01}","{""detection_events"":164199,""detectors_checked"":6414336,""obs_mistake_mask=E"":703}"
    465920,         0,         0,    8.18,decoder_by_matrix,560c721f87db01d4cacf7dcb7d8812fecde61e9e7776d4b9e1b1a792578ecad7,"{""distance"":3,""physical_error_rate"":5e-06}","{""detection_events"":345,""detectors_checked"":25159680}"
    120832,       764,         0,    7.67,decoder_by_matrix,dc80d1b5cd4a369885d36fbbadd410646ee6a9cd91075667cd6e1b71d0442655,"{""distance"":3,""physical_error_rate"":0.01}","{""detection_events"":169785,""detectors_checked"":6524928,""obs_mistake_mask=E"":764}"
      1024,        10,         0,   0.122,decoder_by_matrix,dc80d1b5cd4a369885d36fbbadd410646ee6a9cd91075667cd6e1b71d0442655,"{""distance"":3,""physical_error_rate"":0.01}","{""detection_events"":1329,""detectors_checked"":55296,""obs_mistake_mask=E"":10}"
      4096,        30,         0,   0.250,decoder_by_matrix,dc80d1b5cd4a369885d36fbbadd410646ee6a9cd91075667cd6e1b71d0442655,"{""distance"":3,""physical_error_rate"":0.01}","{""detection_events"":6072,""detectors_checked"":221184,""obs_mistake_mask=E"":30}"
    536576,         0,         0,    8.29,decoder_by_matrix,e9839e3017c9ef118c4b8aeafef39e78c11ecbdb89764e9ca676a7dc2fb6d062,"{""distance"":3,""physical_error_rate"":1e-06}","{""detection_events"":36,""detectors_checked"":28975104}"
         1,         0,         0,   0.000,decoder_by_matrix,e25b8d07214a8afb95d354611a83b9bb1ded39644e323a8585b3aabf687a4fff,"{""distance"":3,""physical_error_rate"":1e-05}","{""detectors_checked"":54}"
         1,         0,         0,   0.000,decoder_by_matrix,36e3cd26fed5ec7649ec51fb08c1a5e7d7f30e615782d954fee045c18a4962ca,"{""distance"":3,""physical_error_rate"":5e-05}","{""detectors_checked"":54}"
    194560,         6,         0,    8.35,decoder_by_matrix,5c8c81bfec719079c388cedc47a351f264c1bf769ae28a89f9b4fc7719fea501,"{""distance"":3,""physical_error_rate"":0.0005}","{""detection_events"":14244,""detectors_checked"":10506240,""obs_mistake_mask=E"":6}"
    417792,         0,         0,    8.07,decoder_by_matrix,e25b8d07214a8afb95d354611a83b9bb1ded39644e323a8585b3aabf687a4fff,"{""distance"":3,""physical_error_rate"":1e-05}","{""detection_events"":594,""detectors_checked"":22560768}"
    187392,        13,         0,    8.42,decoder_by_matrix,f854eed952f7ffb52e4f578393718ba880ba0930c78fe51d50828fe06a713055,"{""distance"":3,""physical_error_rate"":0.001}","{""detection_events"":27117,""detectors_checked"":10119168,""obs_mistake_mask=E"":13}"
      5392,         0,         0,   0.099,decoder_by_matrix,e25b8d07214a8afb95d354611a83b9bb1ded39644e323a8585b3aabf687a4fff,"{""distance"":3,""physical_error_rate"":1e-05}","{""detection_events"":15,""detectors_checked"":291168}"
         1,         0,         0,   0.000,decoder_by_matrix,560c721f87db01d4cacf7dcb7d8812fecde61e9e7776d4b9e1b1a792578ecad7,"{""distance"":3,""physical_error_rate"":5e-06}","{""detectors_checked"":54}"
         1,         0,         0,   0.000,decoder_by_matrix,e9839e3017c9ef118c4b8aeafef39e78c11ecbdb89764e9ca676a7dc2fb6d062,"{""distance"":3,""physical_error_rate"":1e-06}","{""detectors_checked"":54}"
      3344,         0,         0,   0.131,decoder_by_matrix,36e3cd26fed5ec7649ec51fb08c1a5e7d7f30e615782d954fee045c18a4962ca,"{""distance"":3,""physical_error_rate"":5e-05}","{""detection_events"":18,""detectors_checked"":180576}"
      6416,         0,         0,   0.067,decoder_by_matrix,560c721f87db01d4cacf7dcb7d8812fecde61e9e7776d4b9e1b1a792578ecad7,"{""distance"":3,""physical_error_rate"":5e-06}","{""detectors_checked"":346464}"
      2048,         0,         0,   0.052,decoder_by_matrix,36e3cd26fed5ec7649ec51fb08c1a5e7d7f30e615782d954fee045c18a4962ca,"{""distance"":3,""physical_error_rate"":5e-05}","{""detection_events"":6,""detectors_checked"":110592}"
      6144,         0,         0,   0.130,decoder_by_matrix,e25b8d07214a8afb95d354611a83b9bb1ded39644e323a8585b3aabf687a4fff,"{""distance"":3,""physical_error_rate"":1e-05}","{""detection_events"":6,""detectors_checked"":331776}"
     16656,         0,         0,   0.122,decoder_by_matrix,e9839e3017c9ef118c4b8aeafef39e78c11ecbdb89764e9ca676a7dc2fb6d062,"{""distance"":3,""physical_error_rate"":1e-06}","{""detectors_checked"":899424}"
    195584,         3,         0,    8.53,decoder_by_matrix,5c8c81bfec719079c388cedc47a351f264c1bf769ae28a89f9b4fc7719fea501,"{""distance"":3,""physical_error_rate"":0.0005}","{""detection_events"":14226,""detectors_checked"":10561536,""obs_mistake_mask=E"":3}"
      6144,         0,         0,   0.130,decoder_by_matrix,560c721f87db01d4cacf7dcb7d8812fecde61e9e7776d4b9e1b1a792578ecad7,"{""distance"":3,""physical_error_rate"":5e-06}","{""detection_events"":9,""detectors_checked"":331776}"
      4096,         0,         0,   0.130,decoder_by_matrix,36e3cd26fed5ec7649ec51fb08c1a5e7d7f30e615782d954fee045c18a4962ca,"{""distance"":3,""physical_error_rate"":5e-05}","{""detection_events"":12,""detectors_checked"":221184}"
    401408,         0,         0,    7.99,decoder_by_matrix,e25b8d07214a8afb95d354611a83b9bb1ded39644e323a8585b3aabf687a4fff,"{""distance"":3,""physical_error_rate"":1e-05}","{""detection_events"":552,""detectors_checked"":21676032}"
      5120,         0,         0,   0.145,decoder_by_matrix,e25b8d07214a8afb95d354611a83b9bb1ded39644e323a8585b3aabf687a4fff,"{""distance"":3,""physical_error_rate"":1e-05}","{""detection_events"":18,""detectors_checked"":276480}"
      8192,         0,         0,   0.129,decoder_by_matrix,e9839e3017c9ef118c4b8aeafef39e78c11ecbdb89764e9ca676a7dc2fb6d062,"{""distance"":3,""physical_error_rate"":1e-06}","{""detectors_checked"":442368}"
    222208,         0,         0,    8.22,decoder_by_matrix,beec9fd12293a9cfe53c9b61fb8ce2a525e4eed38fa75d132d6dc64699336876,"{""distance"":3,""physical_error_rate"":0.0001}","{""detection_events"":3513,""detectors_checked"":11999232}"
    528384,         0,         0,    8.18,decoder_by_matrix,e9839e3017c9ef118c4b8aeafef39e78c11ecbdb89764e9ca676a7dc2fb6d062,"{""distance"":3,""physical_error_rate"":1e-06}","{""detection_events"":51,""detectors_checked"":28532736}"
    154624,       277,         0,    8.40,decoder_by_matrix,bf84ffc61868c0acf247eb3d31d6d1ff07feed51ae0b0770ddaf58683dcdd22c,"{""distance"":3,""physical_error_rate"":0.005}","{""detection_events"":110040,""detectors_checked"":8349696,""obs_mistake_mask=E"":277}"
      8192,         0,         0,   0.129,decoder_by_matrix,560c721f87db01d4cacf7dcb7d8812fecde61e9e7776d4b9e1b1a792578ecad7,"{""distance"":3,""physical_error_rate"":5e-06}","{""detectors_checked"":442368}"
      3072,         0,         0,   0.129,decoder_by_matrix,36e3cd26fed5ec7649ec51fb08c1a5e7d7f30e615782d954fee045c18a4962ca,"{""distance"":3,""physical_error_rate"":5e-05}","{""detection_events"":27,""detectors_checked"":165888}"
    468992,         0,         0,    8.09,decoder_by_matrix,560c721f87db01d4cacf7dcb7d8812fecde61e9e7776d4b9e1b1a792578ecad7,"{""distance"":3,""physical_error_rate"":5e-06}","{""detection_events"":333,""detectors_checked"":25325568}"
    187392,        11,         0,    8.32,decoder_by_matrix,f854eed952f7ffb52e4f578393718ba880ba0930c78fe51d50828fe06a713055,"{""distance"":3,""physical_error_rate"":0.001}","{""detection_events"":27825,""detectors_checked"":10119168,""obs_mistake_mask=E"":11}"
    194560,         1,         0,    8.47,decoder_by_matrix,5c8c81bfec719079c388cedc47a351f264c1bf769ae28a89f9b4fc7719fea501,"{""distance"":3,""physical_error_rate"":0.0005}","{""detection_events"":14061,""detectors_checked"":10506240,""obs_mistake_mask=E"":1}"
      6144,         0,         0,   0.130,decoder_by_matrix,e25b8d07214a8afb95d354611a83b9bb1ded39644e323a8585b3aabf687a4fff,"{""distance"":3,""physical_error_rate"":1e-05}","{""detection_events"":6,""detectors_checked"":331776}"
      7168,         0,         0,   0.129,decoder_by_matrix,e9839e3017c9ef118c4b8aeafef39e78c11ecbdb89764e9ca676a7dc2fb6d062,"{""distance"":3,""physical_error_rate"":1e-06}","{""detectors_checked"":387072}"
    218112,         0,         0,    8.44,decoder_by_matrix,beec9fd12293a9cfe53c9b61fb8ce2a525e4eed38fa75d132d6dc64699336876,"{""distance"":3,""physical_error_rate"":0.0001}","{""detection_events"":3222,""detectors_checked"":11778048}"
    154624,       241,         0,    8.20,decoder_by_matrix,bf84ffc61868c0acf247eb3d31d6d1ff07feed51ae0b0770ddaf58683dcdd22c,"{""distance"":3,""physical_error_rate"":0.005}","{""detection_events"":109734,""detectors_checked"":8349696,""obs_mistake_mask=E"":241}"
      6144,         0,         0,   0.130,decoder_by_matrix,560c721f87db01d4cacf7dcb7d8812fecde61e9e7776d4b9e1b1a792578ecad7,"{""distance"":3,""physical_error_rate"":5e-06}","{""detection_events"":3,""detectors_checked"":331776}"
      6144,         0,         0,   0.130,decoder_by_matrix,36e3cd26fed5ec7649ec51fb08c1a5e7d7f30e615782d954fee045c18a4962ca,"{""distance"":3,""physical_error_rate"":5e-05}","{""detection_events"":18,""detectors_checked"":331776}"
    263168,         0,         0,    8.36,decoder_by_matrix,36e3cd26fed5ec7649ec51fb08c1a5e7d7f30e615782d954fee045c18a4962ca,"{""distance"":3,""physical_error_rate"":5e-05}","{""detection_events"":1920,""detectors_checked"":14211072}"
      6144,         0,         0,   0.124,decoder_by_matrix,e25b8d07214a8afb95d354611a83b9bb1ded39644e323a8585b3aabf687a4fff,"{""distance"":3,""physical_error_rate"":1e-05}","{""detection_events"":12,""detectors_checked"":331776}"
      8192,         0,         0,   0.124,decoder_by_matrix,e9839e3017c9ef118c4b8aeafef39e78c11ecbdb89764e9ca676a7dc2fb6d062,"{""distance"":3,""physical_error_rate"":1e-06}","{""detectors_checked"":442368}"
    188416,        13,         0,    8.20,decoder_by_matrix,f854eed952f7ffb52e4f578393718ba880ba0930c78fe51d50828fe06a713055,"{""distance"":3,""physical_error_rate"":0.001}","{""detection_events"":26910,""detectors_checked"":10174464,""obs_mistake_mask=E"":13}"
      8192,         0,         0,   0.132,decoder_by_matrix,560c721f87db01d4cacf7dcb7d8812fecde61e9e7776d4b9e1b1a792578ecad7,"{""distance"":3,""physical_error_rate"":5e-06}","{""detectors_checked"":442368}"
      4096,         0,         0,   0.132,decoder_by_matrix,36e3cd26fed5ec7649ec51fb08c1a5e7d7f30e615782d954fee045c18a4962ca,"{""distance"":3,""physical_error_rate"":5e-05}","{""detection_events"":21,""detectors_checked"":221184}"
      6144,         0,         0,   0.125,decoder_by_matrix,e25b8d07214a8afb95d354611a83b9bb1ded39644e323a8585b3aabf687a4fff,"{""distance"":3,""physical_error_rate"":1e-05}","{""detection_events"":12,""detectors_checked"":331776}"
      8192,         0,         0,   0.129,decoder_by_matrix,e9839e3017c9ef118c4b8aeafef39e78c11ecbdb89764e9ca676a7dc2fb6d062,"{""distance"":3,""physical_error_rate"":1e-06}","{""detectors_checked"":442368}"
      8192,         0,         0,   0.129,decoder_by_matrix,560c721f87db01d4cacf7dcb7d8812fecde61e9e7776d4b9e1b1a792578ecad7,"{""distance"":3,""physical_error_rate"":5e-06}","{""detectors_checked"":442368}"
      3072,         0,         0,   0.129,decoder_by_matrix,36e3cd26fed5ec7649ec51fb08c1a5e7d7f30e615782d954fee045c18a4962ca,"{""distance"":3,""physical_error_rate"":5e-05}","{""detection_events"":27,""detectors_checked"":165888}"
      5120,         0,         0,   0.127,decoder_by_matrix,e25b8d07214a8afb95d354611a83b9bb1ded39644e323a8585b3aabf687a4fff,"{""distance"":3,""physical_error_rate"":1e-05}","{""detection_events"":3,""detectors_checked"":276480}"
      8192,         0,         0,   0.128,decoder_by_matrix,e9839e3017c9ef118c4b8aeafef39e78c11ecbdb89764e9ca676a7dc2fb6d062,"{""distance"":3,""physical_error_rate"":1e-06}","{""detectors_checked"":442368}"
      8192,         0,         0,   0.128,decoder_by_matrix,560c721f87db01d4cacf7dcb7d8812fecde61e9e7776d4b9e1b1a792578ecad7,"{""distance"":3,""physical_error_rate"":5e-06}","{""detectors_checked"":442368}"
      7168,         0,         0,   0.128,decoder_by_matrix,e9839e3017c9ef118c4b8aeafef39e78c11ecbdb89764e9ca676a7dc2fb6d062,"{""distance"":3,""physical_error_rate"":1e-06}","{""detection_events"":6,""detectors_checked"":387072}"
      7168,         0,         0,   0.256,decoder_by_matrix,36e3cd26fed5ec7649ec51fb08c1a5e7d7f30e615782d954fee045c18a4962ca,"{""distance"":3,""physical_error_rate"":5e-05}","{""detection_events"":102,""detectors_checked"":387072}"
     10240,         0,         0,   0.256,decoder_by_matrix,e25b8d07214a8afb95d354611a83b9bb1ded39644e323a8585b3aabf687a4fff,"{""distance"":3,""physical_error_rate"":1e-05}","{""detection_events"":24,""detectors_checked"":552960}"
     13312,         0,         0,   0.252,decoder_by_matrix,560c721f87db01d4cacf7dcb7d8812fecde61e9e7776d4b9e1b1a792578ecad7,"{""distance"":3,""physical_error_rate"":5e-06}","{""detection_events"":18,""detectors_checked"":718848}"
     13312,         0,         0,   0.263,decoder_by_matrix,e9839e3017c9ef118c4b8aeafef39e78c11ecbdb89764e9ca676a7dc2fb6d062,"{""distance"":3,""physical_error_rate"":1e-06}","{""detection_events"":3,""detectors_checked"":718848}"
      6144,         0,         0,   0.255,decoder_by_matrix,36e3cd26fed5ec7649ec51fb08c1a5e7d7f30e615782d954fee045c18a4962ca,"{""distance"":3,""physical_error_rate"":5e-05}","{""detection_events"":36,""detectors_checked"":331776}"
     11264,         0,         0,   0.251,decoder_by_matrix,e25b8d07214a8afb95d354611a83b9bb1ded39644e323a8585b3aabf687a4fff,"{""distance"":3,""physical_error_rate"":1e-05}","{""detection_events"":18,""detectors_checked"":608256}"
     12288,         0,         0,   0.256,decoder_by_matrix,560c721f87db01d4cacf7dcb7d8812fecde61e9e7776d4b9e1b1a792578ecad7,"{""distance"":3,""physical_error_rate"":5e-06}","{""detection_events"":33,""detectors_checked"":663552}"
     15360,         0,         0,   0.244,decoder_by_matrix,e9839e3017c9ef118c4b8aeafef39e78c11ecbdb89764e9ca676a7dc2fb6d062,"{""distance"":3,""physical_error_rate"":1e-06}","{""detectors_checked"":829440}"
     11264,         0,         0,   0.380,decoder_by_matrix,36e3cd26fed5ec7649ec51fb08c1a5e7d7f30e615782d954fee045c18a4962ca,"{""distance"":3,""physical_error_rate"":5e-05}","{""detection_events"":90,""detectors_checked"":608256}"
     15360,         0,         0,   0.289,decoder_by_matrix,560c721f87db01d4cacf7dcb7d8812fecde61e9e7776d4b9e1b1a792578ecad7,"{""distance"":3,""physical_error_rate"":5e-06}","{""detection_events"":15,""detectors_checked"":829440}"
     19456,         0,         0,   0.386,decoder_by_matrix,e25b8d07214a8afb95d354611a83b9bb1ded39644e323a8585b3aabf687a4fff,"{""distance"":3,""physical_error_rate"":1e-05}","{""detection_events"":21,""detectors_checked"":1050624}"
     24576,         0,         0,   0.381,decoder_by_matrix,e9839e3017c9ef118c4b8aeafef39e78c11ecbdb89764e9ca676a7dc2fb6d062,"{""distance"":3,""physical_error_rate"":1e-06}","{""detectors_checked"":1327104}"
     11264,         0,         0,   0.415,decoder_by_matrix,36e3cd26fed5ec7649ec51fb08c1a5e7d7f30e615782d954fee045c18a4962ca,"{""distance"":3,""physical_error_rate"":5e-05}","{""detection_events"":126,""detectors_checked"":608256}"
     21504,         0,         0,   0.413,decoder_by_matrix,560c721f87db01d4cacf7dcb7d8812fecde61e9e7776d4b9e1b1a792578ecad7,"{""distance"":3,""physical_error_rate"":5e-06}","{""detection_events"":21,""detectors_checked"":1161216}"
     21504,         0,         0,   0.383,decoder_by_matrix,e25b8d07214a8afb95d354611a83b9bb1ded39644e323a8585b3aabf687a4fff,"{""distance"":3,""physical_error_rate"":1e-05}","{""detection_events"":54,""detectors_checked"":1161216}"
     31744,         0,         0,   0.519,decoder_by_matrix,e9839e3017c9ef118c4b8aeafef39e78c11ecbdb89764e9ca676a7dc2fb6d062,"{""distance"":3,""physical_error_rate"":1e-06}","{""detectors_checked"":1714176}"
     21504,         0,         0,   0.519,decoder_by_matrix,36e3cd26fed5ec7649ec51fb08c1a5e7d7f30e615782d954fee045c18a4962ca,"{""distance"":3,""physical_error_rate"":5e-05}","{""detection_events"":171,""detectors_checked"":1161216}"
     34816,         0,         0,   0.638,decoder_by_matrix,560c721f87db01d4cacf7dcb7d8812fecde61e9e7776d4b9e1b1a792578ecad7,"{""distance"":3,""physical_error_rate"":5e-06}","{""detection_events"":27,""detectors_checked"":1880064}"
     28672,         0,         0,   0.641,decoder_by_matrix,e25b8d07214a8afb95d354611a83b9bb1ded39644e323a8585b3aabf687a4fff,"{""distance"":3,""physical_error_rate"":1e-05}","{""detection_events"":51,""detectors_checked"":1548288}"
     39936,         0,         0,   0.624,decoder_by_matrix,e9839e3017c9ef118c4b8aeafef39e78c11ecbdb89764e9ca676a7dc2fb6d062,"{""distance"":3,""physical_error_rate"":1e-06}","{""detectors_checked"":2156544}"
     28672,         0,         0,   0.910,decoder_by_matrix,36e3cd26fed5ec7649ec51fb08c1a5e7d7f30e615782d954fee045c18a4962ca,"{""distance"":3,""physical_error_rate"":5e-05}","{""detection_events"":189,""detectors_checked"":1548288}"
     52224,         0,         0,   0.783,decoder_by_matrix,560c721f87db01d4cacf7dcb7d8812fecde61e9e7776d4b9e1b1a792578ecad7,"{""distance"":3,""physical_error_rate"":5e-06}","{""detection_events"":33,""detectors_checked"":2820096}"
     45056,         0,         0,   0.769,decoder_by_matrix,e25b8d07214a8afb95d354611a83b9bb1ded39644e323a8585b3aabf687a4fff,"{""distance"":3,""physical_error_rate"":1e-05}","{""detection_events"":48,""detectors_checked"":2433024}"
     52224,         0,         0,   0.869,decoder_by_matrix,e9839e3017c9ef118c4b8aeafef39e78c11ecbdb89764e9ca676a7dc2fb6d062,"{""distance"":3,""physical_error_rate"":1e-06}","{""detection_events"":6,""detectors_checked"":2820096}"
     62464,         0,         0,    1.14,decoder_by_matrix,560c721f87db01d4cacf7dcb7d8812fecde61e9e7776d4b9e1b1a792578ecad7,"{""distance"":3,""physical_error_rate"":5e-06}","{""detection_events"":57,""detectors_checked"":3373056}"
     33792,         0,         0,    1.16,decoder_by_matrix,36e3cd26fed5ec7649ec51fb08c1a5e7d7f30e615782d954fee045c18a4962ca,"{""distance"":3,""physical_error_rate"":5e-05}","{""detection_events"":297,""detectors_checked"":1824768}"
     57344,         0,         0,    1.15,decoder_by_matrix,e25b8d07214a8afb95d354611a83b9bb1ded39644e323a8585b3aabf687a4fff,"{""distance"":3,""physical_error_rate"":1e-05}","{""detection_events"":84,""detectors_checked"":3096576}"
     65536,         0,         0,    1.13,decoder_by_matrix,e9839e3017c9ef118c4b8aeafef39e78c11ecbdb89764e9ca676a7dc2fb6d062,"{""distance"":3,""physical_error_rate"":1e-06}","{""detection_events"":15,""detectors_checked"":3538944}"
     91136,         0,         0,    1.66,decoder_by_matrix,560c721f87db01d4cacf7dcb7d8812fecde61e9e7776d4b9e1b1a792578ecad7,"{""distance"":3,""physical_error_rate"":5e-06}","{""detection_events"":60,""detectors_checked"":4921344}"
     51200,         0,         0,    1.66,decoder_by_matrix,36e3cd26fed5ec7649ec51fb08c1a5e7d7f30e615782d954fee045c18a4962ca,"{""distance"":3,""physical_error_rate"":5e-05}","{""detection_events"":312,""detectors_checked"":2764800}"
     78848,         0,         0,    1.42,decoder_by_matrix,e25b8d07214a8afb95d354611a83b9bb1ded39644e323a8585b3aabf687a4fff,"{""distance"":3,""physical_error_rate"":1e-05}","{""detection_events"":129,""detectors_checked"":4257792}"
    105472,         0,         0,    1.52,decoder_by_matrix,e9839e3017c9ef118c4b8aeafef39e78c11ecbdb89764e9ca676a7dc2fb6d062,"{""distance"":3,""physical_error_rate"":1e-06}","{""detectors_checked"":5695488}"
    114688,         0,         0,    2.08,decoder_by_matrix,560c721f87db01d4cacf7dcb7d8812fecde61e9e7776d4b9e1b1a792578ecad7,"{""distance"":3,""physical_error_rate"":5e-06}","{""detection_events"":117,""detectors_checked"":6193152}"
     66560,         0,         0,    2.04,decoder_by_matrix,36e3cd26fed5ec7649ec51fb08c1a5e7d7f30e615782d954fee045c18a4962ca,"{""distance"":3,""physical_error_rate"":5e-05}","{""detection_events"":480,""detectors_checked"":3594240}"
    106496,         0,         0,    2.16,decoder_by_matrix,e25b8d07214a8afb95d354611a83b9bb1ded39644e323a8585b3aabf687a4fff,"{""distance"":3,""physical_error_rate"":1e-05}","{""detection_events"":180,""detectors_checked"":5750784}"
    141312,         0,         0,    2.28,decoder_by_matrix,e9839e3017c9ef118c4b8aeafef39e78c11ecbdb89764e9ca676a7dc2fb6d062,"{""distance"":3,""physical_error_rate"":1e-06}","{""detection_events"":18,""detectors_checked"":7630848}"
    215040,       350,         0,    11.1,decoder_by_matrix,bf84ffc61868c0acf247eb3d31d6d1ff07feed51ae0b0770ddaf58683dcdd22c,"{""distance"":3,""physical_error_rate"":0.005}","{""detection_events"":151611,""detectors_checked"":11612160,""obs_mistake_mask=E"":350}"
    295936,         0,         0,    11.2,decoder_by_matrix,beec9fd12293a9cfe53c9b61fb8ce2a525e4eed38fa75d132d6dc64699336876,"{""distance"":3,""physical_error_rate"":0.0001}","{""detection_events"":4464,""detectors_checked"":15980544}"
    547840,         0,         0,    11.5,decoder_by_matrix,e25b8d07214a8afb95d354611a83b9bb1ded39644e323a8585b3aabf687a4fff,"{""distance"":3,""physical_error_rate"":1e-05}","{""detection_events"":813,""detectors_checked"":29583360}"
    261120,        21,         0,    11.7,decoder_by_matrix,f854eed952f7ffb52e4f578393718ba880ba0930c78fe51d50828fe06a713055,"{""distance"":3,""physical_error_rate"":0.001}","{""detection_events"":37776,""detectors_checked"":14100480,""obs_mistake_mask=E"":21}"
    734208,         0,         0,    11.4,decoder_by_matrix,e9839e3017c9ef118c4b8aeafef39e78c11ecbdb89764e9ca676a7dc2fb6d062,"{""distance"":3,""physical_error_rate"":1e-06}","{""detection_events"":126,""detectors_checked"":39647232}"
    301056,         0,         0,    11.5,decoder_by_matrix,beec9fd12293a9cfe53c9b61fb8ce2a525e4eed38fa75d132d6dc64699336876,"{""distance"":3,""physical_error_rate"":0.0001}","{""detection_events"":4230,""detectors_checked"":16257024}"
    354304,         0,         0,    11.3,decoder_by_matrix,36e3cd26fed5ec7649ec51fb08c1a5e7d7f30e615782d954fee045c18a4962ca,"{""distance"":3,""physical_error_rate"":5e-05}","{""detection_events"":2793,""detectors_checked"":19132416}"
    651264,         0,         0,    11.6,decoder_by_matrix,560c721f87db01d4cacf7dcb7d8812fecde61e9e7776d4b9e1b1a792578ecad7,"{""distance"":3,""physical_error_rate"":5e-06}","{""detection_events"":501,""detectors_checked"":35168256}"
    270336,         4,         0,    11.4,decoder_by_matrix,5c8c81bfec719079c388cedc47a351f264c1bf769ae28a89f9b4fc7719fea501,"{""distance"":3,""physical_error_rate"":0.0005}","{""detection_events"":19647,""detectors_checked"":14598144,""obs_mistake_mask=E"":4}"
    359424,         0,         0,    11.3,decoder_by_matrix,36e3cd26fed5ec7649ec51fb08c1a5e7d7f30e615782d954fee045c18a4962ca,"{""distance"":3,""physical_error_rate"":5e-05}","{""detection_events"":2673,""detectors_checked"":19408896}"
    722944,         0,         0,    11.2,decoder_by_matrix,e9839e3017c9ef118c4b8aeafef39e78c11ecbdb89764e9ca676a7dc2fb6d062,"{""distance"":3,""physical_error_rate"":1e-06}","{""detection_events"":117,""detectors_checked"":39038976}"
    637952,         0,         0,    11.4,decoder_by_matrix,560c721f87db01d4cacf7dcb7d8812fecde61e9e7776d4b9e1b1a792578ecad7,"{""distance"":3,""physical_error_rate"":5e-06}","{""detection_events"":546,""detectors_checked"":34449408}"
    212992,       343,         0,    11.7,decoder_by_matrix,bf84ffc61868c0acf247eb3d31d6d1ff07feed51ae0b0770ddaf58683dcdd22c,"{""distance"":3,""physical_error_rate"":0.005}","{""detection_events"":153312,""detectors_checked"":11501568,""obs_mistake_mask=E"":343}"
    567296,         0,         0,    11.1,decoder_by_matrix,e25b8d07214a8afb95d354611a83b9bb1ded39644e323a8585b3aabf687a4fff,"{""distance"":3,""physical_error_rate"":1e-05}","{""detection_events"":825,""detectors_checked"":30633984}"
    271360,         4,         0,    11.7,decoder_by_matrix,5c8c81bfec719079c388cedc47a351f264c1bf769ae28a89f9b4fc7719fea501,"{""distance"":3,""physical_error_rate"":0.0005}","{""detection_events"":19764,""detectors_checked"":14653440,""obs_mistake_mask=E"":4}"
    261120,        16,         0,    11.7,decoder_by_matrix,f854eed952f7ffb52e4f578393718ba880ba0930c78fe51d50828fe06a713055,"{""distance"":3,""physical_error_rate"":0.001}","{""detection_events"":37779,""detectors_checked"":14100480,""obs_mistake_mask=E"":16}"
    173056,         0,         0,    3.15,decoder_by_matrix,560c721f87db01d4cacf7dcb7d8812fecde61e9e7776d4b9e1b1a792578ecad7,"{""distance"":3,""physical_error_rate"":5e-06}","{""detection_events"":120,""detectors_checked"":9345024}"
     91136,         0,         0,    3.07,decoder_by_matrix,36e3cd26fed5ec7649ec51fb08c1a5e7d7f30e615782d954fee045c18a4962ca,"{""distance"":3,""physical_error_rate"":5e-05}","{""detection_events"":702,""detectors_checked"":4921344}"
    154624,         0,         0,    3.05,decoder_by_matrix,e25b8d07214a8afb95d354611a83b9bb1ded39644e323a8585b3aabf687a4fff,"{""distance"":3,""physical_error_rate"":1e-05}","{""detection_events"":162,""detectors_checked"":8349696}"
    269312,         6,         0,    11.5,decoder_by_matrix,5c8c81bfec719079c388cedc47a351f264c1bf769ae28a89f9b4fc7719fea501,"{""distance"":3,""physical_error_rate"":0.0005}","{""detection_events"":19488,""detectors_checked"":14542848,""obs_mistake_mask=E"":6}"
    189440,         0,         0,    3.07,decoder_by_matrix,e9839e3017c9ef118c4b8aeafef39e78c11ecbdb89764e9ca676a7dc2fb6d062,"{""distance"":3,""physical_error_rate"":1e-06}","{""detection_events"":24,""detectors_checked"":10229760}"
    569344,         0,         0,    11.1,decoder_by_matrix,e25b8d07214a8afb95d354611a83b9bb1ded39644e323a8585b3aabf687a4fff,"{""distance"":3,""physical_error_rate"":1e-05}","{""detection_events"":747,""detectors_checked"":30744576}"
    292864,         1,         0,    11.6,decoder_by_matrix,beec9fd12293a9cfe53c9b61fb8ce2a525e4eed38fa75d132d6dc64699336876,"{""distance"":3,""physical_error_rate"":0.0001}","{""detection_events"":4614,""detectors_checked"":15814656,""obs_mistake_mask=E"":1}"
    734208,         0,         0,    11.5,decoder_by_matrix,e9839e3017c9ef118c4b8aeafef39e78c11ecbdb89764e9ca676a7dc2fb6d062,"{""distance"":3,""physical_error_rate"":1e-06}","{""detection_events"":93,""detectors_checked"":39647232}"
    267264,         5,         0,    11.6,decoder_by_matrix,5c8c81bfec719079c388cedc47a351f264c1bf769ae28a89f9b4fc7719fea501,"{""distance"":3,""physical_error_rate"":0.0005}","{""detection_events"":19551,""detectors_checked"":14432256,""obs_mistake_mask=E"":5}"
    259072,        17,         0,    11.8,decoder_by_matrix,f854eed952f7ffb52e4f578393718ba880ba0930c78fe51d50828fe06a713055,"{""distance"":3,""physical_error_rate"":0.001}","{""detection_events"":37917,""detectors_checked"":13989888,""obs_mistake_mask=E"":17}"
    626688,         0,         0,    11.5,decoder_by_matrix,560c721f87db01d4cacf7dcb7d8812fecde61e9e7776d4b9e1b1a792578ecad7,"{""distance"":3,""physical_error_rate"":5e-06}","{""detection_events"":489,""detectors_checked"":33841152}"
    217088,       393,         0,    11.3,decoder_by_matrix,bf84ffc61868c0acf247eb3d31d6d1ff07feed51ae0b0770ddaf58683dcdd22c,"{""distance"":3,""physical_error_rate"":0.005}","{""detection_events"":155715,""detectors_checked"":11722752,""obs_mistake_mask=E"":393}"
    296960,         0,         0,    11.3,decoder_by_matrix,beec9fd12293a9cfe53c9b61fb8ce2a525e4eed38fa75d132d6dc64699336876,"{""distance"":3,""physical_error_rate"":0.0001}","{""detection_events"":4386,""detectors_checked"":16035840}"
    350208,         0,         0,    11.5,decoder_by_matrix,36e3cd26fed5ec7649ec51fb08c1a5e7d7f30e615782d954fee045c18a4962ca,"{""distance"":3,""physical_error_rate"":5e-05}","{""detection_events"":2499,""detectors_checked"":18911232}"
    214016,       369,         0,    11.8,decoder_by_matrix,bf84ffc61868c0acf247eb3d31d6d1ff07feed51ae0b0770ddaf58683dcdd22c,"{""distance"":3,""physical_error_rate"":0.005}","{""detection_events"":154203,""detectors_checked"":11556864,""obs_mistake_mask=E"":369}"
    261120,        16,         0,    11.4,decoder_by_matrix,f854eed952f7ffb52e4f578393718ba880ba0930c78fe51d50828fe06a713055,"{""distance"":3,""physical_error_rate"":0.001}","{""detection_events"":38718,""detectors_checked"":14100480,""obs_mistake_mask=E"":16}"
    133120,         0,         0,    4.23,decoder_by_matrix,36e3cd26fed5ec7649ec51fb08c1a5e7d7f30e615782d954fee045c18a4962ca,"{""distance"":3,""physical_error_rate"":5e-05}","{""detection_events"":852,""detectors_checked"":7188480}"
    237568,         0,         0,    4.14,decoder_by_matrix,560c721f87db01d4cacf7dcb7d8812fecde61e9e7776d4b9e1b1a792578ecad7,"{""distance"":3,""physical_error_rate"":5e-06}","{""detection_events"":189,""detectors_checked"":12828672}"
    202752,         0,         0,    4.26,decoder_by_matrix,e25b8d07214a8afb95d354611a83b9bb1ded39644e323a8585b3aabf687a4fff,"{""distance"":3,""physical_error_rate"":1e-05}","{""detection_events"":354,""detectors_checked"":10948608}"
    272384,         0,         0,    4.09,decoder_by_matrix,e9839e3017c9ef118c4b8aeafef39e78c11ecbdb89764e9ca676a7dc2fb6d062,"{""distance"":3,""physical_error_rate"":1e-06}","{""detection_events"":15,""detectors_checked"":14708736}"
    309248,         0,         0,    5.86,decoder_by_matrix,560c721f87db01d4cacf7dcb7d8812fecde61e9e7776d4b9e1b1a792578ecad7,"{""distance"":3,""physical_error_rate"":5e-06}","{""detection_events"":276,""detectors_checked"":16699392}"
    186368,         0,         0,    5.86,decoder_by_matrix,36e3cd26fed5ec7649ec51fb08c1a5e7d7f30e615782d954fee045c18a4962ca,"{""distance"":3,""physical_error_rate"":5e-05}","{""detection_events"":1356,""detectors_checked"":10063872}"
    297984,         0,         0,    5.62,decoder_by_matrix,e25b8d07214a8afb95d354611a83b9bb1ded39644e323a8585b3aabf687a4fff,"{""distance"":3,""physical_error_rate"":1e-05}","{""detection_events"":411,""detectors_checked"":16091136}"
    368640,         0,         0,    5.84,decoder_by_matrix,e9839e3017c9ef118c4b8aeafef39e78c11ecbdb89764e9ca676a7dc2fb6d062,"{""distance"":3,""physical_error_rate"":1e-06}","{""detection_events"":72,""detectors_checked"":19906560}"
    299008,       510,         0,    15.9,decoder_by_matrix,bf84ffc61868c0acf247eb3d31d6d1ff07feed51ae0b0770ddaf58683dcdd22c,"{""distance"":3,""physical_error_rate"":0.005}","{""detection_events"":212298,""detectors_checked"":16146432,""obs_mistake_mask=E"":510}"
    361472,        26,         0,    16.0,decoder_by_matrix,f854eed952f7ffb52e4f578393718ba880ba0930c78fe51d50828fe06a713055,"{""distance"":3,""physical_error_rate"":0.001}","{""detection_events"":52242,""detectors_checked"":19519488,""obs_mistake_mask=E"":26}"
    417792,         0,         0,    16.2,decoder_by_matrix,beec9fd12293a9cfe53c9b61fb8ce2a525e4eed38fa75d132d6dc64699336876,"{""distance"":3,""physical_error_rate"":0.0001}","{""detection_events"":6300,""detectors_checked"":22560768}"
   1017856,         0,         0,    15.7,decoder_by_matrix,e9839e3017c9ef118c4b8aeafef39e78c11ecbdb89764e9ca676a7dc2fb6d062,"{""distance"":3,""physical_error_rate"":1e-06}","{""detection_events"":147,""detectors_checked"":54964224}"
    834560,         0,         0,    16.1,decoder_by_matrix,e25b8d07214a8afb95d354611a83b9bb1ded39644e323a8585b3aabf687a4fff,"{""distance"":3,""physical_error_rate"":1e-05}","{""detection_events"":984,""detectors_checked"":45066240}"
    423936,         1,         0,    16.0,decoder_by_matrix,beec9fd12293a9cfe53c9b61fb8ce2a525e4eed38fa75d132d6dc64699336876,"{""distance"":3,""physical_error_rate"":0.0001}","{""detection_events"":5943,""detectors_checked"":22892544,""obs_mistake_mask=E"":1}"
    504832,         0,         0,    15.8,decoder_by_matrix,36e3cd26fed5ec7649ec51fb08c1a5e7d7f30e615782d954fee045c18a4962ca,"{""distance"":3,""physical_error_rate"":5e-05}","{""detection_events"":3735,""detectors_checked"":27260928}"
    901120,         0,         0,    15.7,decoder_by_matrix,560c721f87db01d4cacf7dcb7d8812fecde61e9e7776d4b9e1b1a792578ecad7,"{""distance"":3,""physical_error_rate"":5e-06}","{""detection_events"":723,""detectors_checked"":48660480}"
    375808,         8,         0,    16.1,decoder_by_matrix,5c8c81bfec719079c388cedc47a351f264c1bf769ae28a89f9b4fc7719fea501,"{""distance"":3,""physical_error_rate"":0.0005}","{""detection_events"":27360,""detectors_checked"":20293632,""obs_mistake_mask=E"":8}"
    881664,         0,         0,    15.4,decoder_by_matrix,560c721f87db01d4cacf7dcb7d8812fecde61e9e7776d4b9e1b1a792578ecad7,"{""distance"":3,""physical_error_rate"":5e-06}","{""detection_events"":720,""detectors_checked"":47609856}"
   1021952,         0,         0,    15.2,decoder_by_matrix,e9839e3017c9ef118c4b8aeafef39e78c11ecbdb89764e9ca676a7dc2fb6d062,"{""distance"":3,""physical_error_rate"":1e-06}","{""detection_events"":159,""detectors_checked"":55185408}"
    299008,       466,         0,    16.5,decoder_by_matrix,bf84ffc61868c0acf247eb3d31d6d1ff07feed51ae0b0770ddaf58683dcdd22c,"{""distance"":3,""physical_error_rate"":0.005}","{""detection_events"":210519,""detectors_checked"":16146432,""obs_mistake_mask=E"":466}"
    491520,         0,         0,    16.4,decoder_by_matrix,36e3cd26fed5ec7649ec51fb08c1a5e7d7f30e615782d954fee045c18a4962ca,"{""distance"":3,""physical_error_rate"":5e-05}","{""detection_events"":3645,""detectors_checked"":26542080}"
    785408,         0,         0,    16.0,decoder_by_matrix,e25b8d07214a8afb95d354611a83b9bb1ded39644e323a8585b3aabf687a4fff,"{""distance"":3,""physical_error_rate"":1e-05}","{""detection_events"":1251,""detectors_checked"":42412032}"
    362496,        21,         0,    16.4,decoder_by_matrix,f854eed952f7ffb52e4f578393718ba880ba0930c78fe51d50828fe06a713055,"{""distance"":3,""physical_error_rate"":0.001}","{""detection_events"":53157,""detectors_checked"":19574784,""obs_mistake_mask=E"":21}"
    376832,         4,         0,    16.3,decoder_by_matrix,5c8c81bfec719079c388cedc47a351f264c1bf769ae28a89f9b4fc7719fea501,"{""distance"":3,""physical_error_rate"":0.0005}","{""detection_events"":27567,""detectors_checked"":20348928,""obs_mistake_mask=E"":4}"
    376832,         8,         0,    16.1,decoder_by_matrix,5c8c81bfec719079c388cedc47a351f264c1bf769ae28a89f9b4fc7719fea501,"{""distance"":3,""physical_error_rate"":0.0005}","{""detection_events"":27759,""detectors_checked"":20348928,""obs_mistake_mask=E"":8}"
    812032,         0,         0,    16.2,decoder_by_matrix,e25b8d07214a8afb95d354611a83b9bb1ded39644e323a8585b3aabf687a4fff,"{""distance"":3,""physical_error_rate"":1e-05}","{""detection_events"":1137,""detectors_checked"":43849728}"
    416768,         0,         0,    15.6,decoder_by_matrix,beec9fd12293a9cfe53c9b61fb8ce2a525e4eed38fa75d132d6dc64699336876,"{""distance"":3,""physical_error_rate"":0.0001}","{""detection_events"":6081,""detectors_checked"":22505472}"
    374784,         6,         0,    16.2,decoder_by_matrix,5c8c81bfec719079c388cedc47a351f264c1bf769ae28a89f9b4fc7719fea501,"{""distance"":3,""physical_error_rate"":0.0005}","{""detection_events"":26622,""detectors_checked"":20238336,""obs_mistake_mask=E"":6}"
    361472,        26,         0,    15.8,decoder_by_matrix,f854eed952f7ffb52e4f578393718ba880ba0930c78fe51d50828fe06a713055,"{""distance"":3,""physical_error_rate"":0.001}","{""detection_events"":52653,""detectors_checked"":19519488,""obs_mistake_mask=E"":26}"
   1012736,         0,         0,    15.9,decoder_by_matrix,e9839e3017c9ef118c4b8aeafef39e78c11ecbdb89764e9ca676a7dc2fb6d062,"{""distance"":3,""physical_error_rate"":1e-06}","{""detection_events"":177,""detectors_checked"":54687744}"
    302080,       494,         0,    16.2,decoder_by_matrix,bf84ffc61868c0acf247eb3d31d6d1ff07feed51ae0b0770ddaf58683dcdd22c,"{""distance"":3,""physical_error_rate"":0.005}","{""detection_events"":215577,""detectors_checked"":16312320,""obs_mistake_mask=E"":494}"
    934912,         0,         0,    16.3,decoder_by_matrix,560c721f87db01d4cacf7dcb7d8812fecde61e9e7776d4b9e1b1a792578ecad7,"{""distance"":3,""physical_error_rate"":5e-06}","{""detection_events"":525,""detectors_checked"":50485248}"
    421888,         0,         0,    16.2,decoder_by_matrix,beec9fd12293a9cfe53c9b61fb8ce2a525e4eed38fa75d132d6dc64699336876,"{""distance"":3,""physical_error_rate"":0.0001}","{""detection_events"":6030,""detectors_checked"":22781952}"
    300032,       489,         0,    16.2,decoder_by_matrix,bf84ffc61868c0acf247eb3d31d6d1ff07feed51ae0b0770ddaf58683dcdd22c,"{""distance"":3,""physical_error_rate"":0.005}","{""detection_events"":214101,""detectors_checked"":16201728,""obs_mistake_mask=E"":489}"
    509952,         0,         0,    15.9,decoder_by_matrix,36e3cd26fed5ec7649ec51fb08c1a5e7d7f30e615782d954fee045c18a4962ca,"{""distance"":3,""physical_error_rate"":5e-05}","{""detection_events"":3612,""detectors_checked"":27537408}"
    365568,        20,         0,    16.2,decoder_by_matrix,f854eed952f7ffb52e4f578393718ba880ba0930c78fe51d50828fe06a713055,"{""distance"":3,""physical_error_rate"":0.001}","{""detection_events"":52221,""detectors_checked"":19740672,""obs_mistake_mask=E"":20}"
    459776,         0,         0,    8.06,decoder_by_matrix,560c721f87db01d4cacf7dcb7d8812fecde61e9e7776d4b9e1b1a792578ecad7,"{""distance"":3,""physical_error_rate"":5e-06}","{""detection_events"":300,""detectors_checked"":24827904}"
    252928,         0,         0,    8.20,decoder_by_matrix,36e3cd26fed5ec7649ec51fb08c1a5e7d7f30e615782d954fee045c18a4962ca,"{""distance"":3,""physical_error_rate"":5e-05}","{""detection_events"":1845,""detectors_checked"":13658112}"
    524288,         0,         0,    7.92,decoder_by_matrix,e9839e3017c9ef118c4b8aeafef39e78c11ecbdb89764e9ca676a7dc2fb6d062,"{""distance"":3,""physical_error_rate"":1e-06}","{""detection_events"":66,""detectors_checked"":28311552}"
    407552,         0,         0,    8.21,decoder_by_matrix,e25b8d07214a8afb95d354611a83b9bb1ded39644e323a8585b3aabf687a4fff,"{""distance"":3,""physical_error_rate"":1e-05}","{""detection_events"":588,""detectors_checked"":22007808}"
    637952,         0,         0,    11.1,decoder_by_matrix,560c721f87db01d4cacf7dcb7d8812fecde61e9e7776d4b9e1b1a792578ecad7,"{""distance"":3,""physical_error_rate"":5e-06}","{""detection_events"":504,""detectors_checked"":34449408}"
    360448,         0,         0,    11.4,decoder_by_matrix,36e3cd26fed5ec7649ec51fb08c1a5e7d7f30e615782d954fee045c18a4962ca,"{""distance"":3,""physical_error_rate"":5e-05}","{""detection_events"":2487,""detectors_checked"":19464192}"
    721920,         0,         0,    10.8,decoder_by_matrix,e9839e3017c9ef118c4b8aeafef39e78c11ecbdb89764e9ca676a7dc2fb6d062,"{""distance"":3,""physical_error_rate"":1e-06}","{""detection_events"":123,""detectors_checked"":38983680}"
    584704,         0,         0,    11.2,decoder_by_matrix,e25b8d07214a8afb95d354611a83b9bb1ded39644e323a8585b3aabf687a4fff,"{""distance"":3,""physical_error_rate"":1e-05}","{""detection_events"":840,""detectors_checked"":31574016}"
    419840,       699,         0,    22.4,decoder_by_matrix,bf84ffc61868c0acf247eb3d31d6d1ff07feed51ae0b0770ddaf58683dcdd22c,"{""distance"":3,""physical_error_rate"":0.005}","{""detection_events"":299916,""detectors_checked"":22671360,""obs_mistake_mask=E"":699}"
   1443840,         0,         0,    21.8,decoder_by_matrix,e9839e3017c9ef118c4b8aeafef39e78c11ecbdb89764e9ca676a7dc2fb6d062,"{""distance"":3,""physical_error_rate"":1e-06}","{""detection_events"":186,""detectors_checked"":77967360}"
   1128448,         0,         0,    22.2,decoder_by_matrix,e25b8d07214a8afb95d354611a83b9bb1ded39644e323a8585b3aabf687a4fff,"{""distance"":3,""physical_error_rate"":1e-05}","{""detection_events"":1551,""detectors_checked"":60936192}"
    512000,        30,         0,    22.2,decoder_by_matrix,f854eed952f7ffb52e4f578393718ba880ba0930c78fe51d50828fe06a713055,"{""distance"":3,""physical_error_rate"":0.001}","{""detection_events"":74124,""detectors_checked"":27648000,""obs_mistake_mask=E"":30}"
    589824,         0,         0,    22.4,decoder_by_matrix,beec9fd12293a9cfe53c9b61fb8ce2a525e4eed38fa75d132d6dc64699336876,"{""distance"":3,""physical_error_rate"":0.0001}","{""detection_events"":8670,""detectors_checked"":31850496}"
    714752,         0,         0,    22.5,decoder_by_matrix,36e3cd26fed5ec7649ec51fb08c1a5e7d7f30e615782d954fee045c18a4962ca,"{""distance"":3,""physical_error_rate"":5e-05}","{""detection_events"":4824,""detectors_checked"":38596608}"
    593920,         0,         0,    22.8,decoder_by_matrix,beec9fd12293a9cfe53c9b61fb8ce2a525e4eed38fa75d132d6dc64699336876,"{""distance"":3,""physical_error_rate"":0.0001}","{""detection_events"":8340,""detectors_checked"":32071680}"
    528384,         8,         0,    22.6,decoder_by_matrix,5c8c81bfec719079c388cedc47a351f264c1bf769ae28a89f9b4fc7719fea501,"{""distance"":3,""physical_error_rate"":0.0005}","{""detection_events"":38733,""detectors_checked"":28532736,""obs_mistake_mask=E"":8}"
   1287168,         0,         0,    22.0,decoder_by_matrix,560c721f87db01d4cacf7dcb7d8812fecde61e9e7776d4b9e1b1a792578ecad7,"{""distance"":3,""physical_error_rate"":5e-06}","{""detection_events"":846,""detectors_checked"":69507072}"
   1431552,         0,         0,    21.9,decoder_by_matrix,e9839e3017c9ef118c4b8aeafef39e78c11ecbdb89764e9ca676a7dc2fb6d062,"{""distance"":3,""physical_error_rate"":1e-06}","{""detection_events"":213,""detectors_checked"":77303808}"
   1270784,         0,         0,    22.0,decoder_by_matrix,560c721f87db01d4cacf7dcb7d8812fecde61e9e7776d4b9e1b1a792578ecad7,"{""distance"":3,""physical_error_rate"":5e-06}","{""detection_events"":987,""detectors_checked"":68622336}"
   1140736,         0,         0,    22.1,decoder_by_matrix,e25b8d07214a8afb95d354611a83b9bb1ded39644e323a8585b3aabf687a4fff,"{""distance"":3,""physical_error_rate"":1e-05}","{""detection_events"":1470,""detectors_checked"":61599744}"
    693248,         0,         0,    22.1,decoder_by_matrix,36e3cd26fed5ec7649ec51fb08c1a5e7d7f30e615782d954fee045c18a4962ca,"{""distance"":3,""physical_error_rate"":5e-05}","{""detection_events"":5025,""detectors_checked"":37435392}"
    418816,       671,         0,    22.4,decoder_by_matrix,bf84ffc61868c0acf247eb3d31d6d1ff07feed51ae0b0770ddaf58683dcdd22c,"{""distance"":3,""physical_error_rate"":0.005}","{""detection_events"":298878,""detectors_checked"":22616064,""obs_mistake_mask=E"":671}"
    510976,        32,         0,    22.9,decoder_by_matrix,f854eed952f7ffb52e4f578393718ba880ba0930c78fe51d50828fe06a713055,"{""distance"":3,""physical_error_rate"":0.001}","{""detection_events"":74910,""detectors_checked"":27592704,""obs_mistake_mask=E"":32}"
    527360,         7,         0,    23.0,decoder_by_matrix,5c8c81bfec719079c388cedc47a351f264c1bf769ae28a89f9b4fc7719fea501,"{""distance"":3,""physical_error_rate"":0.0005}","{""detection_events"":38163,""detectors_checked"":28477440,""obs_mistake_mask=E"":7}"
    528384,         6,         0,    22.5,decoder_by_matrix,5c8c81bfec719079c388cedc47a351f264c1bf769ae28a89f9b4fc7719fea501,"{""distance"":3,""physical_error_rate"":0.0005}","{""detection_events"":38880,""detectors_checked"":28532736,""obs_mistake_mask=E"":6}"
   1137664,         0,         0,    22.4,decoder_by_matrix,e25b8d07214a8afb95d354611a83b9bb1ded39644e323a8585b3aabf687a4fff,"{""distance"":3,""physical_error_rate"":1e-05}","{""detection_events"":1563,""detectors_checked"":61433856}"
    526336,        10,         0,    22.3,decoder_by_matrix,5c8c81bfec719079c388cedc47a351f264c1bf769ae28a89f9b4fc7719fea501,"{""distance"":3,""physical_error_rate"":0.0005}","{""detection_events"":37467,""detectors_checked"":28422144,""obs_mistake_mask=E"":10}"
   1427456,         0,         0,    22.2,decoder_by_matrix,e9839e3017c9ef118c4b8aeafef39e78c11ecbdb89764e9ca676a7dc2fb6d062,"{""distance"":3,""physical_error_rate"":1e-06}","{""detection_events"":246,""detectors_checked"":77082624}"
    420864,       695,         0,    22.3,decoder_by_matrix,bf84ffc61868c0acf247eb3d31d6d1ff07feed51ae0b0770ddaf58683dcdd22c,"{""distance"":3,""physical_error_rate"":0.005}","{""detection_events"":300873,""detectors_checked"":22726656,""obs_mistake_mask=E"":695}"
    590848,         0,         0,    22.4,decoder_by_matrix,beec9fd12293a9cfe53c9b61fb8ce2a525e4eed38fa75d132d6dc64699336876,"{""distance"":3,""physical_error_rate"":0.0001}","{""detection_events"":9204,""detectors_checked"":31905792}"
    509952,        34,         0,    22.6,decoder_by_matrix,f854eed952f7ffb52e4f578393718ba880ba0930c78fe51d50828fe06a713055,"{""distance"":3,""physical_error_rate"":0.001}","{""detection_events"":73773,""detectors_checked"":27537408,""obs_mistake_mask=E"":34}"
    589824,         0,         0,    22.2,decoder_by_matrix,beec9fd12293a9cfe53c9b61fb8ce2a525e4eed38fa75d132d6dc64699336876,"{""distance"":3,""physical_error_rate"":0.0001}","{""detection_events"":8760,""detectors_checked"":31850496}"
   1258496,         0,         0,    21.7,decoder_by_matrix,560c721f87db01d4cacf7dcb7d8812fecde61e9e7776d4b9e1b1a792578ecad7,"{""distance"":3,""physical_error_rate"":5e-06}","{""detection_events"":1026,""detectors_checked"":67958784}"
    419840,       721,         0,    22.7,decoder_by_matrix,bf84ffc61868c0acf247eb3d31d6d1ff07feed51ae0b0770ddaf58683dcdd22c,"{""distance"":3,""physical_error_rate"":0.005}","{""detection_events"":300894,""detectors_checked"":22671360,""obs_mistake_mask=E"":721}"
    514048,        31,         0,    22.5,decoder_by_matrix,f854eed952f7ffb52e4f578393718ba880ba0930c78fe51d50828fe06a713055,"{""distance"":3,""physical_error_rate"":0.001}","{""detection_events"":74862,""detectors_checked"":27758592,""obs_mistake_mask=E"":31}"
    707584,         0,         0,    22.8,decoder_by_matrix,36e3cd26fed5ec7649ec51fb08c1a5e7d7f30e615782d954fee045c18a4962ca,"{""distance"":3,""physical_error_rate"":5e-05}","{""detection_events"":4935,""detectors_checked"":38209536}"
    884736,         0,         0,    16.0,decoder_by_matrix,560c721f87db01d4cacf7dcb7d8812fecde61e9e7776d4b9e1b1a792578ecad7,"{""distance"":3,""physical_error_rate"":5e-06}","{""detection_events"":729,""detectors_checked"":47775744}"
    493568,         0,         0,    16.1,decoder_by_matrix,36e3cd26fed5ec7649ec51fb08c1a5e7d7f30e615782d954fee045c18a4962ca,"{""distance"":3,""physical_error_rate"":5e-05}","{""detection_events"":3735,""detectors_checked"":26652672}"
    805888,         0,         0,    16.0,decoder_by_matrix,e25b8d07214a8afb95d354611a83b9bb1ded39644e323a8585b3aabf687a4fff,"{""distance"":3,""physical_error_rate"":1e-05}","{""detection_events"":1137,""detectors_checked"":43517952}"
   1031168,         0,         0,    15.6,decoder_by_matrix,e9839e3017c9ef118c4b8aeafef39e78c11ecbdb89764e9ca676a7dc2fb6d062,"{""distance"":3,""physical_error_rate"":1e-06}","{""detection_events"":120,""detectors_checked"":55683072}"
   1273856,         0,         0,    22.3,decoder_by_matrix,560c721f87db01d4cacf7dcb7d8812fecde61e9e7776d4b9e1b1a792578ecad7,"{""distance"":3,""physical_error_rate"":5e-06}","{""detection_events"":960,""detectors_checked"":68788224}"
   1098752,         0,         0,    22.1,decoder_by_matrix,e25b8d07214a8afb95d354611a83b9bb1ded39644e323a8585b3aabf687a4fff,"{""distance"":3,""physical_error_rate"":1e-05}","{""detection_events"":1686,""detectors_checked"":59332608}"
    696320,         0,         0,    22.7,decoder_by_matrix,36e3cd26fed5ec7649ec51fb08c1a5e7d7f30e615782d954fee045c18a4962ca,"{""distance"":3,""physical_error_rate"":5e-05}","{""detection_events"":4944,""detectors_checked"":37601280}"
   1425408,         0,         0,    22.1,decoder_by_matrix,e9839e3017c9ef118c4b8aeafef39e78c11ecbdb89764e9ca676a7dc2fb6d062,"{""distance"":3,""physical_error_rate"":1e-06}","{""detection_events"":252,""detectors_checked"":76972032}"
    590848,      1002,         0,    31.8,decoder_by_matrix,bf84ffc61868c0acf247eb3d31d6d1ff07feed51ae0b0770ddaf58683dcdd22c,"{""distance"":3,""physical_error_rate"":0.005}","{""detection_events"":421098,""detectors_checked"":31905792,""obs_mistake_mask=E"":1002}"
    579584,       954,         0,    31.5,decoder_by_matrix,bf84ffc61868c0acf247eb3d31d6d1ff07feed51ae0b0770ddaf58683dcdd22c,"{""distance"":3,""physical_error_rate"":0.005}","{""detection_events"":412953,""detectors_checked"":31297536,""obs_mistake_mask=E"":954}"
    578560,       966,         0,    30.8,decoder_by_matrix,bf84ffc61868c0acf247eb3d31d6d1ff07feed51ae0b0770ddaf58683dcdd22c,"{""distance"":3,""physical_error_rate"":0.005}","{""detection_events"":414510,""detectors_checked"":31242240,""obs_mistake_mask=E"":966}"
    572416,       987,         0,    30.6,decoder_by_matrix,bf84ffc61868c0acf247eb3d31d6d1ff07feed51ae0b0770ddaf58683dcdd22c,"{""distance"":3,""physical_error_rate"":0.005}","{""detection_events"":409209,""detectors_checked"":30910464,""obs_mistake_mask=E"":987}"
         1,         0,         0,   0.000,decoder_by_matrix,560c721f87db01d4cacf7dcb7d8812fecde61e9e7776d4b9e1b1a792578ecad7,"{""distance"":3,""physical_error_rate"":5e-06}","{""detectors_checked"":54}"
    820224,         0,         0,    31.0,decoder_by_matrix,beec9fd12293a9cfe53c9b61fb8ce2a525e4eed38fa75d132d6dc64699336876,"{""distance"":3,""physical_error_rate"":0.0001}","{""detection_events"":12501,""detectors_checked"":44292096}"
   2034688,         0,         0,    30.7,decoder_by_matrix,e9839e3017c9ef118c4b8aeafef39e78c11ecbdb89764e9ca676a7dc2fb6d062,"{""distance"":3,""physical_error_rate"":1e-06}","{""detection_events"":219,""detectors_checked"":109873152}"
      5392,         0,         0,   0.075,decoder_by_matrix,560c721f87db01d4cacf7dcb7d8812fecde61e9e7776d4b9e1b1a792578ecad7,"{""distance"":3,""physical_error_rate"":5e-06}","{""detectors_checked"":291168}"
   1594368,         0,         0,    30.6,decoder_by_matrix,e25b8d07214a8afb95d354611a83b9bb1ded39644e323a8585b3aabf687a4fff,"{""distance"":3,""physical_error_rate"":1e-05}","{""detection_events"":2151,""detectors_checked"":86095872}"
         1,         0,         0,   0.000,decoder_by_matrix,36e3cd26fed5ec7649ec51fb08c1a5e7d7f30e615782d954fee045c18a4962ca,"{""distance"":3,""physical_error_rate"":5e-05}","{""detectors_checked"":54}"
         1,         0,         0,   0.001,decoder_by_matrix,e9839e3017c9ef118c4b8aeafef39e78c11ecbdb89764e9ca676a7dc2fb6d062,"{""distance"":3,""physical_error_rate"":1e-06}","{""detectors_checked"":54}"
    821248,         0,         0,    31.0,decoder_by_matrix,beec9fd12293a9cfe53c9b61fb8ce2a525e4eed38fa75d132d6dc64699336876,"{""distance"":3,""physical_error_rate"":0.0001}","{""detection_events"":12459,""detectors_checked"":44347392}"
    715776,        51,         0,    31.8,decoder_by_matrix,f854eed952f7ffb52e4f578393718ba880ba0930c78fe51d50828fe06a713055,"{""distance"":3,""physical_error_rate"":0.001}","{""detection_events"":104805,""detectors_checked"":38651904,""obs_mistake_mask=E"":51}"
      3345,         0,         0,   0.123,decoder_by_matrix,e25b8d07214a8afb95d354611a83b9bb1ded39644e323a8585b3aabf687a4fff,"{""distance"":3,""physical_error_rate"":1e-05}","{""detection_events"":15,""detectors_checked"":180630}"
      6416,         0,         0,   0.024,decoder_by_matrix,e9839e3017c9ef118c4b8aeafef39e78c11ecbdb89764e9ca676a7dc2fb6d062,"{""distance"":3,""physical_error_rate"":1e-06}","{""detectors_checked"":346464}"
   1778688,         0,         0,    30.9,decoder_by_matrix,560c721f87db01d4cacf7dcb7d8812fecde61e9e7776d4b9e1b1a792578ecad7,"{""distance"":3,""physical_error_rate"":5e-06}","{""detection_events"":1269,""detectors_checked"":96049152}"
      2320,         0,         0,   0.056,decoder_by_matrix,36e3cd26fed5ec7649ec51fb08c1a5e7d7f30e615782d954fee045c18a4962ca,"{""distance"":3,""physical_error_rate"":5e-05}","{""detection_events"":21,""detectors_checked"":125280}"
    993280,         0,         0,    31.7,decoder_by_matrix,36e3cd26fed5ec7649ec51fb08c1a5e7d7f30e615782d954fee045c18a4962ca,"{""distance"":3,""physical_error_rate"":5e-05}","{""detection_events"":7209,""detectors_checked"":53637120}"
    741376,        12,         0,    31.6,decoder_by_matrix,5c8c81bfec719079c388cedc47a351f264c1bf769ae28a89f9b4fc7719fea501,"{""distance"":3,""physical_error_rate"":0.0005}","{""detection_events"":54171,""detectors_checked"":40034304,""obs_mistake_mask=E"":12}"
      8192,         0,         0,   0.124,decoder_by_matrix,560c721f87db01d4cacf7dcb7d8812fecde61e9e7776d4b9e1b1a792578ecad7,"{""distance"":3,""physical_error_rate"":5e-06}","{""detection_events"":9,""detectors_checked"":442368}"
   2021376,         0,         0,    30.8,decoder_by_matrix,e9839e3017c9ef118c4b8aeafef39e78c11ecbdb89764e9ca676a7dc2fb6d062,"{""distance"":3,""physical_error_rate"":1e-06}","{""detection_events"":246,""detectors_checked"":109154304}"
      5120,         0,         0,   0.114,decoder_by_matrix,e25b8d07214a8afb95d354611a83b9bb1ded39644e323a8585b3aabf687a4fff,"{""distance"":3,""physical_error_rate"":1e-05}","{""detection_events"":6,""detectors_checked"":276480}"
      8192,         0,         0,   0.110,decoder_by_matrix,e9839e3017c9ef118c4b8aeafef39e78c11ecbdb89764e9ca676a7dc2fb6d062,"{""distance"":3,""physical_error_rate"":1e-06}","{""detectors_checked"":442368}"
   1546240,         0,         0,    30.7,decoder_by_matrix,e25b8d07214a8afb95d354611a83b9bb1ded39644e323a8585b3aabf687a4fff,"{""distance"":3,""physical_error_rate"":1e-05}","{""detection_events"":2334,""detectors_checked"":83496960}"
      4096,         0,         0,   0.118,decoder_by_matrix,36e3cd26fed5ec7649ec51fb08c1a5e7d7f30e615782d954fee045c18a4962ca,"{""distance"":3,""physical_error_rate"":5e-05}","{""detection_events"":12,""detectors_checked"":221184}"
    978944,         0,         0,    31.8,decoder_by_matrix,36e3cd26fed5ec7649ec51fb08c1a5e7d7f30e615782d954fee045c18a4962ca,"{""distance"":3,""physical_error_rate"":5e-05}","{""detection_events"":6900,""detectors_checked"":52862976}"
   1779712,         0,         0,    30.8,decoder_by_matrix,560c721f87db01d4cacf7dcb7d8812fecde61e9e7776d4b9e1b1a792578ecad7,"{""distance"":3,""physical_error_rate"":5e-06}","{""detection_events"":1233,""detectors_checked"":96104448}"
      5120,         0,         0,   0.140,decoder_by_matrix,560c721f87db01d4cacf7dcb7d8812fecde61e9e7776d4b9e1b1a792578ecad7,"{""distance"":3,""physical_error_rate"":5e-06}","{""detection_events"":3,""detectors_checked"":276480}"
      5120,         0,         0,   0.128,decoder_by_matrix,e25b8d07214a8afb95d354611a83b9bb1ded39644e323a8585b3aabf687a4fff,"{""distance"":3,""physical_error_rate"":1e-05}","{""detection_events"":3,""detectors_checked"":276480}"
      8192,         0,         0,   0.129,decoder_by_matrix,e9839e3017c9ef118c4b8aeafef39e78c11ecbdb89764e9ca676a7dc2fb6d062,"{""distance"":3,""physical_error_rate"":1e-06}","{""detectors_checked"":442368}"
    714752,        45,         0,    31.3,decoder_by_matrix,f854eed952f7ffb52e4f578393718ba880ba0930c78fe51d50828fe06a713055,"{""distance"":3,""physical_error_rate"":0.001}","{""detection_events"":103665,""detectors_checked"":38596608,""obs_mistake_mask=E"":45}"
      5120,         0,         0,   0.130,decoder_by_matrix,36e3cd26fed5ec7649ec51fb08c1a5e7d7f30e615782d954fee045c18a4962ca,"{""distance"":3,""physical_error_rate"":5e-05}","{""detection_events"":30,""detectors_checked"":276480}"
    741376,        10,         0,    31.3,decoder_by_matrix,5c8c81bfec719079c388cedc47a351f264c1bf769ae28a89f9b4fc7719fea501,"{""distance"":3,""physical_error_rate"":0.0005}","{""detection_events"":54186,""detectors_checked"":40034304,""obs_mistake_mask=E"":10}"
      7168,         0,         0,   0.003,decoder_by_matrix,560c721f87db01d4cacf7dcb7d8812fecde61e9e7776d4b9e1b1a792578ecad7,"{""distance"":3,""physical_error_rate"":5e-06}","{""detectors_checked"":387072}"
      8192,         0,         0,   0.129,decoder_by_matrix,e25b8d07214a8afb95d354611a83b9bb1ded39644e323a8585b3aabf687a4fff,"{""distance"":3,""physical_error_rate"":1e-05}","{""detectors_checked"":442368}"
      8192,         0,         0,   0.129,decoder_by_matrix,e9839e3017c9ef118c4b8aeafef39e78c11ecbdb89764e9ca676a7dc2fb6d062,"{""distance"":3,""physical_error_rate"":1e-06}","{""detectors_checked"":442368}"
    742400,         6,         0,    32.0,decoder_by_matrix,5c8c81bfec719079c388cedc47a351f264c1bf769ae28a89f9b4fc7719fea501,"{""distance"":3,""physical_error_rate"":0.0005}","{""detection_events"":54867,""detectors_checked"":40089600,""obs_mistake_mask=E"":6}"
      3072,         0,         0,   0.128,decoder_by_matrix,36e3cd26fed5ec7649ec51fb08c1a5e7d7f30e615782d954fee045c18a4962ca,"{""distance"":3,""physical_error_rate"":5e-05}","{""detection_events"":18,""detectors_checked"":165888}"
      8192,         0,         0,   0.131,decoder_by_matrix,560c721f87db01d4cacf7dcb7d8812fecde61e9e7776d4b9e1b1a792578ecad7,"{""distance"":3,""physical_error_rate"":5e-06}","{""detectors_checked"":442368}"
      8192,         0,         0,   0.127,decoder_by_matrix,e25b8d07214a8afb95d354611a83b9bb1ded39644e323a8585b3aabf687a4fff,"{""distance"":3,""physical_error_rate"":1e-05}","{""detectors_checked"":442368}"
      8192,         0,         0,   0.131,decoder_by_matrix,e9839e3017c9ef118c4b8aeafef39e78c11ecbdb89764e9ca676a7dc2fb6d062,"{""distance"":3,""physical_error_rate"":1e-06}","{""detectors_checked"":442368}"
      4096,         0,         0,   0.131,decoder_by_matrix,36e3cd26fed5ec7649ec51fb08c1a5e7d7f30e615782d954fee045c18a4962ca,"{""distance"":3,""physical_error_rate"":5e-05}","{""detection_events"":21,""detectors_checked"":221184}"
    738304,        12,         0,    31.5,decoder_by_matrix,5c8c81bfec719079c388cedc47a351f264c1bf769ae28a89f9b4fc7719fea501,"{""distance"":3,""physical_error_rate"":0.0005}","{""detection_events"":53790,""detectors_checked"":39868416,""obs_mistake_mask=E"":12}"
   1586176,         0,         0,    31.1,decoder_by_matrix,e25b8d07214a8afb95d354611a83b9bb1ded39644e323a8585b3aabf687a4fff,"{""distance"":3,""physical_error_rate"":1e-05}","{""detection_events"":2190,""detectors_checked"":85653504}"
      6144,         0,         0,   0.129,decoder_by_matrix,560c721f87db01d4cacf7dcb7d8812fecde61e9e7776d4b9e1b1a792578ecad7,"{""distance"":3,""physical_error_rate"":5e-06}","{""detection_events"":3,""detectors_checked"":331776}"
      5120,         0,         0,   0.129,decoder_by_matrix,e25b8d07214a8afb95d354611a83b9bb1ded39644e323a8585b3aabf687a4fff,"{""distance"":3,""physical_error_rate"":1e-05}","{""detection_events"":12,""detectors_checked"":276480}"
      8192,         0,         0,   0.129,decoder_by_matrix,e9839e3017c9ef118c4b8aeafef39e78c11ecbdb89764e9ca676a7dc2fb6d062,"{""distance"":3,""physical_error_rate"":1e-06}","{""detectors_checked"":442368}"
    830464,         0,         0,    31.3,decoder_by_matrix,beec9fd12293a9cfe53c9b61fb8ce2a525e4eed38fa75d132d6dc64699336876,"{""distance"":3,""physical_error_rate"":0.0001}","{""detection_events"":12555,""detectors_checked"":44845056}"
      3072,         0,         0,   0.126,decoder_by_matrix,36e3cd26fed5ec7649ec51fb08c1a5e7d7f30e615782d954fee045c18a4962ca,"{""distance"":3,""physical_error_rate"":5e-05}","{""detection_events"":27,""detectors_checked"":165888}"
   2013184,         0,         0,    31.0,decoder_by_matrix,e9839e3017c9ef118c4b8aeafef39e78c11ecbdb89764e9ca676a7dc2fb6d062,"{""distance"":3,""physical_error_rate"":1e-06}","{""detection_events"":261,""detectors_checked"":108711936}"
      7168,         0,         0,   0.124,decoder_by_matrix,560c721f87db01d4cacf7dcb7d8812fecde61e9e7776d4b9e1b1a792578ecad7,"{""distance"":3,""physical_error_rate"":5e-06}","{""detectors_checked"":387072}"
    838656,         1,         0,    31.5,decoder_by_matrix,beec9fd12293a9cfe53c9b61fb8ce2a525e4eed38fa75d132d6dc64699336876,"{""distance"":3,""physical_error_rate"":0.0001}","{""detection_events"":12039,""detectors_checked"":45287424,""obs_mistake_mask=E"":1}"
      4096,         0,         0,   0.129,decoder_by_matrix,e25b8d07214a8afb95d354611a83b9bb1ded39644e323a8585b3aabf687a4fff,"{""distance"":3,""physical_error_rate"":1e-05}","{""detection_events"":24,""detectors_checked"":221184}"
    717824,        45,         0,    32.0,decoder_by_matrix,f854eed952f7ffb52e4f578393718ba880ba0930c78fe51d50828fe06a713055,"{""distance"":3,""physical_error_rate"":0.001}","{""detection_events"":105651,""detectors_checked"":38762496,""obs_mistake_mask=E"":45}"
      8192,         0,         0,   0.129,decoder_by_matrix,e9839e3017c9ef118c4b8aeafef39e78c11ecbdb89764e9ca676a7dc2fb6d062,"{""distance"":3,""physical_error_rate"":1e-06}","{""detectors_checked"":442368}"
      3072,         0,         0,   0.128,decoder_by_matrix,36e3cd26fed5ec7649ec51fb08c1a5e7d7f30e615782d954fee045c18a4962ca,"{""distance"":3,""physical_error_rate"":5e-05}","{""detection_events"":45,""detectors_checked"":165888}"
   1780736,         0,         0,    30.9,decoder_by_matrix,560c721f87db01d4cacf7dcb7d8812fecde61e9e7776d4b9e1b1a792578ecad7,"{""distance"":3,""physical_error_rate"":5e-06}","{""detection_events"":1293,""detectors_checked"":96159744}"
    717824,        50,         0,    31.5,decoder_by_matrix,f854eed952f7ffb52e4f578393718ba880ba0930c78fe51d50828fe06a713055,"{""distance"":3,""physical_error_rate"":0.001}","{""detection_events"":104862,""detectors_checked"":38762496,""obs_mistake_mask=E"":50}"
      3072,         0,         0,   0.130,decoder_by_matrix,e25b8d07214a8afb95d354611a83b9bb1ded39644e323a8585b3aabf687a4fff,"{""distance"":3,""physical_error_rate"":1e-05}","{""detection_events"":27,""detectors_checked"":165888}"
    955392,         0,         0,    31.3,decoder_by_matrix,36e3cd26fed5ec7649ec51fb08c1a5e7d7f30e615782d954fee045c18a4962ca,"{""distance"":3,""physical_error_rate"":5e-05}","{""detection_events"":7248,""detectors_checked"":51591168}"
     14336,         0,         0,   0.249,decoder_by_matrix,560c721f87db01d4cacf7dcb7d8812fecde61e9e7776d4b9e1b1a792578ecad7,"{""distance"":3,""physical_error_rate"":5e-06}","{""detection_events"":6,""detectors_checked"":774144}"
     14336,         0,         0,   0.261,decoder_by_matrix,e9839e3017c9ef118c4b8aeafef39e78c11ecbdb89764e9ca676a7dc2fb6d062,"{""distance"":3,""physical_error_rate"":1e-06}","{""detection_events"":9,""detectors_checked"":774144}"
      8192,         0,         0,   0.262,decoder_by_matrix,36e3cd26fed5ec7649ec51fb08c1a5e7d7f30e615782d954fee045c18a4962ca,"{""distance"":3,""physical_error_rate"":5e-05}","{""detection_events"":57,""detectors_checked"":442368}"
     11264,         0,         0,   0.255,decoder_by_matrix,e25b8d07214a8afb95d354611a83b9bb1ded39644e323a8585b3aabf687a4fff,"{""distance"":3,""physical_error_rate"":1e-05}","{""detection_events"":18,""detectors_checked"":608256}"
     15360,         0,         0,   0.263,decoder_by_matrix,560c721f87db01d4cacf7dcb7d8812fecde61e9e7776d4b9e1b1a792578ecad7,"{""distance"":3,""physical_error_rate"":5e-06}","{""detectors_checked"":829440}"
     16384,         0,         0,   0.255,decoder_by_matrix,e9839e3017c9ef118c4b8aeafef39e78c11ecbdb89764e9ca676a7dc2fb6d062,"{""distance"":3,""physical_error_rate"":1e-06}","{""detectors_checked"":884736}"
      6144,         0,         0,   0.256,decoder_by_matrix,36e3cd26fed5ec7649ec51fb08c1a5e7d7f30e615782d954fee045c18a4962ca,"{""distance"":3,""physical_error_rate"":5e-05}","{""detection_events"":54,""detectors_checked"":331776}"
     10240,         0,         0,   0.243,decoder_by_matrix,e25b8d07214a8afb95d354611a83b9bb1ded39644e323a8585b3aabf687a4fff,"{""distance"":3,""physical_error_rate"":1e-05}","{""detection_events"":21,""detectors_checked"":552960}"
     20480,         0,         0,   0.384,decoder_by_matrix,560c721f87db01d4cacf7dcb7d8812fecde61e9e7776d4b9e1b1a792578ecad7,"{""distance"":3,""physical_error_rate"":5e-06}","{""detection_events"":15,""detectors_checked"":1105920}"
     24576,         0,         0,   0.384,decoder_by_matrix,e9839e3017c9ef118c4b8aeafef39e78c11ecbdb89764e9ca676a7dc2fb6d062,"{""distance"":3,""physical_error_rate"":1e-06}","{""detectors_checked"":1327104}"
      9216,         0,         0,   0.384,decoder_by_matrix,36e3cd26fed5ec7649ec51fb08c1a5e7d7f30e615782d954fee045c18a4962ca,"{""distance"":3,""physical_error_rate"":5e-05}","{""detection_events"":66,""detectors_checked"":497664}"
     18432,         0,         0,   0.376,decoder_by_matrix,e25b8d07214a8afb95d354611a83b9bb1ded39644e323a8585b3aabf687a4fff,"{""distance"":3,""physical_error_rate"":1e-05}","{""detection_events"":21,""detectors_checked"":995328}"
     19456,         0,         0,   0.405,decoder_by_matrix,560c721f87db01d4cacf7dcb7d8812fecde61e9e7776d4b9e1b1a792578ecad7,"{""distance"":3,""physical_error_rate"":5e-06}","{""detection_events"":18,""detectors_checked"":1050624}"
     32768,         0,         0,   0.501,decoder_by_matrix,e9839e3017c9ef118c4b8aeafef39e78c11ecbdb89764e9ca676a7dc2fb6d062,"{""distance"":3,""physical_error_rate"":1e-06}","{""detectors_checked"":1769472}"
     17408,         0,         0,   0.510,decoder_by_matrix,36e3cd26fed5ec7649ec51fb08c1a5e7d7f30e615782d954fee045c18a4962ca,"{""distance"":3,""physical_error_rate"":5e-05}","{""detection_events"":105,""detectors_checked"":940032}"
     21504,         0,         0,   0.531,decoder_by_matrix,e25b8d07214a8afb95d354611a83b9bb1ded39644e323a8585b3aabf687a4fff,"{""distance"":3,""physical_error_rate"":1e-05}","{""detection_events"":42,""detectors_checked"":1161216}"
     35840,         0,         0,   0.627,decoder_by_matrix,560c721f87db01d4cacf7dcb7d8812fecde61e9e7776d4b9e1b1a792578ecad7,"{""distance"":3,""physical_error_rate"":5e-06}","{""detection_events"":6,""detectors_checked"":1935360}"
     39936,         0,         0,   0.623,decoder_by_matrix,e9839e3017c9ef118c4b8aeafef39e78c11ecbdb89764e9ca676a7dc2fb6d062,"{""distance"":3,""physical_error_rate"":1e-06}","{""detectors_checked"":2156544}"
     21504,         0,         0,   0.539,decoder_by_matrix,36e3cd26fed5ec7649ec51fb08c1a5e7d7f30e615782d954fee045c18a4962ca,"{""distance"":3,""physical_error_rate"":5e-05}","{""detection_events"":99,""detectors_checked"":1161216}"
     28672,         0,         0,   0.638,decoder_by_matrix,e25b8d07214a8afb95d354611a83b9bb1ded39644e323a8585b3aabf687a4fff,"{""distance"":3,""physical_error_rate"":1e-05}","{""detection_events"":36,""detectors_checked"":1548288}"
     50176,         0,         0,   0.766,decoder_by_matrix,560c721f87db01d4cacf7dcb7d8812fecde61e9e7776d4b9e1b1a792578ecad7,"{""distance"":3,""physical_error_rate"":5e-06}","{""detection_events"":18,""detectors_checked"":2709504}"
     28672,         0,         0,   0.793,decoder_by_matrix,36e3cd26fed5ec7649ec51fb08c1a5e7d7f30e615782d954fee045c18a4962ca,"{""distance"":3,""physical_error_rate"":5e-05}","{""detection_events"":144,""detectors_checked"":1548288}"
     57344,         0,         0,   0.892,decoder_by_matrix,e9839e3017c9ef118c4b8aeafef39e78c11ecbdb89764e9ca676a7dc2fb6d062,"{""distance"":3,""physical_error_rate"":1e-06}","{""detectors_checked"":3096576}"
     43008,         0,         0,   0.772,decoder_by_matrix,e25b8d07214a8afb95d354611a83b9bb1ded39644e323a8585b3aabf687a4fff,"{""distance"":3,""physical_error_rate"":1e-05}","{""detection_events"":69,""detectors_checked"":2322432}"
     61440,         0,         0,    1.02,decoder_by_matrix,560c721f87db01d4cacf7dcb7d8812fecde61e9e7776d4b9e1b1a792578ecad7,"{""distance"":3,""physical_error_rate"":5e-06}","{""detection_events"":51,""detectors_checked"":3317760}"
     69632,         0,         0,    1.14,decoder_by_matrix,e9839e3017c9ef118c4b8aeafef39e78c11ecbdb89764e9ca676a7dc2fb6d062,"{""distance"":3,""physical_error_rate"":1e-06}","{""detection_events"":15,""detectors_checked"":3760128}"
     31744,         0,         0,    1.17,decoder_by_matrix,36e3cd26fed5ec7649ec51fb08c1a5e7d7f30e615782d954fee045c18a4962ca,"{""distance"":3,""physical_error_rate"":5e-05}","{""detection_events"":225,""detectors_checked"":1714176}"
     49152,         0,         0,    1.14,decoder_by_matrix,e25b8d07214a8afb95d354611a83b9bb1ded39644e323a8585b3aabf687a4fff,"{""distance"":3,""physical_error_rate"":1e-05}","{""detection_events"":111,""detectors_checked"":2654208}"
     89088,         0,         0,    1.53,decoder_by_matrix,560c721f87db01d4cacf7dcb7d8812fecde61e9e7776d4b9e1b1a792578ecad7,"{""distance"":3,""physical_error_rate"":5e-06}","{""detection_events"":75,""detectors_checked"":4810752}"
     99328,         0,         0,    1.65,decoder_by_matrix,e9839e3017c9ef118c4b8aeafef39e78c11ecbdb89764e9ca676a7dc2fb6d062,"{""distance"":3,""physical_error_rate"":1e-06}","{""detection_events"":33,""detectors_checked"":5363712}"
     54272,         0,         0,    1.66,decoder_by_matrix,36e3cd26fed5ec7649ec51fb08c1a5e7d7f30e615782d954fee045c18a4962ca,"{""distance"":3,""physical_error_rate"":5e-05}","{""detection_events"":345,""detectors_checked"":2930688}"
     77824,         0,         0,    1.65,decoder_by_matrix,e25b8d07214a8afb95d354611a83b9bb1ded39644e323a8585b3aabf687a4fff,"{""distance"":3,""physical_error_rate"":1e-05}","{""detection_events"":123,""detectors_checked"":4202496}"
    131072,         0,         0,    2.30,decoder_by_matrix,560c721f87db01d4cacf7dcb7d8812fecde61e9e7776d4b9e1b1a792578ecad7,"{""distance"":3,""physical_error_rate"":5e-06}","{""detection_events"":108,""detectors_checked"":7077888}"
    144384,         0,         0,    2.17,decoder_by_matrix,e9839e3017c9ef118c4b8aeafef39e78c11ecbdb89764e9ca676a7dc2fb6d062,"{""distance"":3,""physical_error_rate"":1e-06}","{""detection_events"":12,""detectors_checked"":7796736}"
     70656,         0,         0,    2.29,decoder_by_matrix,36e3cd26fed5ec7649ec51fb08c1a5e7d7f30e615782d954fee045c18a4962ca,"{""distance"":3,""physical_error_rate"":5e-05}","{""detection_events"":507,""detectors_checked"":3815424}"
    113664,         0,         0,    2.29,decoder_by_matrix,e25b8d07214a8afb95d354611a83b9bb1ded39644e323a8585b3aabf687a4fff,"{""distance"":3,""physical_error_rate"":1e-05}","{""detection_events"":135,""detectors_checked"":6137856}"
    167936,         0,         0,    2.99,decoder_by_matrix,560c721f87db01d4cacf7dcb7d8812fecde61e9e7776d4b9e1b1a792578ecad7,"{""distance"":3,""physical_error_rate"":5e-06}","{""detection_events"":126,""detectors_checked"":9068544}"
    192512,         0,         0,    2.81,decoder_by_matrix,e9839e3017c9ef118c4b8aeafef39e78c11ecbdb89764e9ca676a7dc2fb6d062,"{""distance"":3,""physical_error_rate"":1e-06}","{""detection_events"":15,""detectors_checked"":10395648}"
     94208,         0,         0,    3.08,decoder_by_matrix,36e3cd26fed5ec7649ec51fb08c1a5e7d7f30e615782d954fee045c18a4962ca,"{""distance"":3,""physical_error_rate"":5e-05}","{""detection_events"":633,""detectors_checked"":5087232}"
    139264,         0,         0,    3.09,decoder_by_matrix,e25b8d07214a8afb95d354611a83b9bb1ded39644e323a8585b3aabf687a4fff,"{""distance"":3,""physical_error_rate"":1e-05}","{""detection_events"":255,""detectors_checked"":7520256}"
    236544,         0,         0,    4.26,decoder_by_matrix,560c721f87db01d4cacf7dcb7d8812fecde61e9e7776d4b9e1b1a792578ecad7,"{""distance"":3,""physical_error_rate"":5e-06}","{""detection_events"":129,""detectors_checked"":12773376}"
    271360,         0,         0,    4.33,decoder_by_matrix,e9839e3017c9ef118c4b8aeafef39e78c11ecbdb89764e9ca676a7dc2fb6d062,"{""distance"":3,""physical_error_rate"":1e-06}","{""detection_events"":51,""detectors_checked"":14653440}"
    128000,         0,         0,    4.22,decoder_by_matrix,36e3cd26fed5ec7649ec51fb08c1a5e7d7f30e615782d954fee045c18a4962ca,"{""distance"":3,""physical_error_rate"":5e-05}","{""detection_events"":1113,""detectors_checked"":6912000}"
    214016,         0,         0,    4.34,decoder_by_matrix,e25b8d07214a8afb95d354611a83b9bb1ded39644e323a8585b3aabf687a4fff,"{""distance"":3,""physical_error_rate"":1e-05}","{""detection_events"":294,""detectors_checked"":11556864}"
    317440,         0,         0,    6.00,decoder_by_matrix,560c721f87db01d4cacf7dcb7d8812fecde61e9e7776d4b9e1b1a792578ecad7,"{""distance"":3,""physical_error_rate"":5e-06}","{""detection_events"":306,""detectors_checked"":17141760}"
    379904,         0,         0,    5.50,decoder_by_matrix,e9839e3017c9ef118c4b8aeafef39e78c11ecbdb89764e9ca676a7dc2fb6d062,"{""distance"":3,""physical_error_rate"":1e-06}","{""detection_events"":18,""detectors_checked"":20514816}"
    188416,         0,         0,    6.02,decoder_by_matrix,36e3cd26fed5ec7649ec51fb08c1a5e7d7f30e615782d954fee045c18a4962ca,"{""distance"":3,""physical_error_rate"":5e-05}","{""detection_events"":1332,""detectors_checked"":10174464}"
    296960,         0,         0,    5.89,decoder_by_matrix,e25b8d07214a8afb95d354611a83b9bb1ded39644e323a8585b3aabf687a4fff,"{""distance"":3,""physical_error_rate"":1e-05}","{""detection_events"":366,""detectors_checked"":16035840}"
    450560,         0,         0,    7.91,decoder_by_matrix,560c721f87db01d4cacf7dcb7d8812fecde61e9e7776d4b9e1b1a792578ecad7,"{""distance"":3,""physical_error_rate"":5e-06}","{""detection_events"":384,""detectors_checked"":24330240}"
    526336,         0,         0,    7.94,decoder_by_matrix,e9839e3017c9ef118c4b8aeafef39e78c11ecbdb89764e9ca676a7dc2fb6d062,"{""distance"":3,""physical_error_rate"":1e-06}","{""detection_events"":87,""detectors_checked"":28422144}"
    266240,         1,         0,    8.06,decoder_by_matrix,36e3cd26fed5ec7649ec51fb08c1a5e7d7f30e615782d954fee045c18a4962ca,"{""distance"":3,""physical_error_rate"":5e-05}","{""detection_events"":1932,""detectors_checked"":14376960,""obs_mistake_mask=E"":1}"
    415744,         0,         0,    8.41,decoder_by_matrix,e25b8d07214a8afb95d354611a83b9bb1ded39644e323a8585b3aabf687a4fff,"{""distance"":3,""physical_error_rate"":1e-05}","{""detection_events"":594,""detectors_checked"":22450176}"
   1755136,         0,         0,    31.5,decoder_by_matrix,560c721f87db01d4cacf7dcb7d8812fecde61e9e7776d4b9e1b1a792578ecad7,"{""distance"":3,""physical_error_rate"":5e-06}","{""detection_events"":1389,""detectors_checked"":94777344}"
   1572864,         0,         0,    30.7,decoder_by_matrix,e25b8d07214a8afb95d354611a83b9bb1ded39644e323a8585b3aabf687a4fff,"{""distance"":3,""physical_error_rate"":1e-05}","{""detection_events"":2253,""detectors_checked"":84934656}"
   2014208,         0,         0,    30.9,decoder_by_matrix,e9839e3017c9ef118c4b8aeafef39e78c11ecbdb89764e9ca676a7dc2fb6d062,"{""distance"":3,""physical_error_rate"":1e-06}","{""detection_events"":222,""detectors_checked"":108767232}"
    992256,         1,         0,    31.5,decoder_by_matrix,36e3cd26fed5ec7649ec51fb08c1a5e7d7f30e615782d954fee045c18a4962ca,"{""distance"":3,""physical_error_rate"":5e-05}","{""detection_events"":6942,""detectors_checked"":53581824,""obs_mistake_mask=E"":1}"
    679936,         0,         0,    11.4,decoder_by_matrix,560c721f87db01d4cacf7dcb7d8812fecde61e9e7776d4b9e1b1a792578ecad7,"{""distance"":3,""physical_error_rate"":5e-06}","{""detection_events"":378,""detectors_checked"":36716544}"
    722944,         0,         0,    11.0,decoder_by_matrix,e9839e3017c9ef118c4b8aeafef39e78c11ecbdb89764e9ca676a7dc2fb6d062,"{""distance"":3,""physical_error_rate"":1e-06}","{""detection_events"":126,""detectors_checked"":39038976}"
    355328,         0,         0,    11.8,decoder_by_matrix,36e3cd26fed5ec7649ec51fb08c1a5e7d7f30e615782d954fee045c18a4962ca,"{""distance"":3,""physical_error_rate"":5e-05}","{""detection_events"":2547,""detectors_checked"":19187712}"
    589824,         0,         0,    11.6,decoder_by_matrix,e25b8d07214a8afb95d354611a83b9bb1ded39644e323a8585b3aabf687a4fff,"{""distance"":3,""physical_error_rate"":1e-05}","{""detection_events"":801,""detectors_checked"":31850496}"
   2161664,         0,         0,    43.3,decoder_by_matrix,e25b8d07214a8afb95d354611a83b9bb1ded39644e323a8585b3aabf687a4fff,"{""distance"":3,""physical_error_rate"":1e-05}","{""detection_events"":3291,""detectors_checked"":116729856}"
   2803712,         0,         0,    42.6,decoder_by_matrix,e9839e3017c9ef118c4b8aeafef39e78c11ecbdb89764e9ca676a7dc2fb6d062,"{""distance"":3,""physical_error_rate"":1e-06}","{""detection_events"":492,""detectors_checked"":151400448}"
   1170432,         1,         0,    43.8,decoder_by_matrix,beec9fd12293a9cfe53c9b61fb8ce2a525e4eed38fa75d132d6dc64699336876,"{""distance"":3,""physical_error_rate"":0.0001}","{""detection_events"":16401,""detectors_checked"":63203328,""obs_mistake_mask=E"":1}"
   2461696,         0,         0,    43.2,decoder_by_matrix,560c721f87db01d4cacf7dcb7d8812fecde61e9e7776d4b9e1b1a792578ecad7,"{""distance"":3,""physical_error_rate"":5e-06}","{""detection_events"":1950,""detectors_checked"":132931584}"
   1136640,         0,         0,    44.4,decoder_by_matrix,beec9fd12293a9cfe53c9b61fb8ce2a525e4eed38fa75d132d6dc64699336876,"{""distance"":3,""physical_error_rate"":0.0001}","{""detection_events"":16947,""detectors_checked"":61378560}"
   1366016,         1,         0,    43.7,decoder_by_matrix,36e3cd26fed5ec7649ec51fb08c1a5e7d7f30e615782d954fee045c18a4962ca,"{""distance"":3,""physical_error_rate"":5e-05}","{""detection_events"":10434,""detectors_checked"":73764864,""obs_mistake_mask=E"":1}"
   1000448,        66,         0,    44.2,decoder_by_matrix,f854eed952f7ffb52e4f578393718ba880ba0930c78fe51d50828fe06a713055,"{""distance"":3,""physical_error_rate"":0.001}","{""detection_events"":145458,""detectors_checked"":54024192,""obs_mistake_mask=E"":66}"
   1038336,        26,         0,    43.8,decoder_by_matrix,5c8c81bfec719079c388cedc47a351f264c1bf769ae28a89f9b4fc7719fea501,"{""distance"":3,""physical_error_rate"":0.0005}","{""detection_events"":75705,""detectors_checked"":56070144,""obs_mistake_mask=E"":26}"
   2825216,         0,         0,    42.9,decoder_by_matrix,e9839e3017c9ef118c4b8aeafef39e78c11ecbdb89764e9ca676a7dc2fb6d062,"{""distance"":3,""physical_error_rate"":1e-06}","{""detection_events"":321,""detectors_checked"":152561664}"
   2210816,         0,         0,    43.1,decoder_by_matrix,e25b8d07214a8afb95d354611a83b9bb1ded39644e323a8585b3aabf687a4fff,"{""distance"":3,""physical_error_rate"":1e-05}","{""detection_events"":3174,""detectors_checked"":119384064}"
   1373184,         0,         0,    43.9,decoder_by_matrix,36e3cd26fed5ec7649ec51fb08c1a5e7d7f30e615782d954fee045c18a4962ca,"{""distance"":3,""physical_error_rate"":5e-05}","{""detection_events"":9831,""detectors_checked"":74151936}"
   1000448,        75,         0,    43.9,decoder_by_matrix,f854eed952f7ffb52e4f578393718ba880ba0930c78fe51d50828fe06a713055,"{""distance"":3,""physical_error_rate"":0.001}","{""detection_events"":144885,""detectors_checked"":54024192,""obs_mistake_mask=E"":75}"
   2481152,         0,         0,    43.0,decoder_by_matrix,560c721f87db01d4cacf7dcb7d8812fecde61e9e7776d4b9e1b1a792578ecad7,"{""distance"":3,""physical_error_rate"":5e-06}","{""detection_events"":1815,""detectors_checked"":133982208}"
   1035264,        22,         0,    44.4,decoder_by_matrix,5c8c81bfec719079c388cedc47a351f264c1bf769ae28a89f9b4fc7719fea501,"{""distance"":3,""physical_error_rate"":0.0005}","{""detection_events"":77094,""detectors_checked"":55904256,""obs_mistake_mask=E"":22}"
   1037312,        16,         0,    44.3,decoder_by_matrix,5c8c81bfec719079c388cedc47a351f264c1bf769ae28a89f9b4fc7719fea501,"{""distance"":3,""physical_error_rate"":0.0005}","{""detection_events"":75585,""detectors_checked"":56014848,""obs_mistake_mask=E"":16}"
   1030144,        17,         0,    43.8,decoder_by_matrix,5c8c81bfec719079c388cedc47a351f264c1bf769ae28a89f9b4fc7719fea501,"{""distance"":3,""physical_error_rate"":0.0005}","{""detection_events"":76449,""detectors_checked"":55627776,""obs_mistake_mask=E"":17}"
   2193408,         0,         0,    43.6,decoder_by_matrix,e25b8d07214a8afb95d354611a83b9bb1ded39644e323a8585b3aabf687a4fff,"{""distance"":3,""physical_error_rate"":1e-05}","{""detection_events"":3237,""detectors_checked"":118444032}"
   1171456,         2,         0,    44.9,decoder_by_matrix,beec9fd12293a9cfe53c9b61fb8ce2a525e4eed38fa75d132d6dc64699336876,"{""distance"":3,""physical_error_rate"":0.0001}","{""detection_events"":16809,""detectors_checked"":63258624,""obs_mistake_mask=E"":2}"
   2820096,         0,         0,    42.5,decoder_by_matrix,e9839e3017c9ef118c4b8aeafef39e78c11ecbdb89764e9ca676a7dc2fb6d062,"{""distance"":3,""physical_error_rate"":1e-06}","{""detection_events"":384,""detectors_checked"":152285184}"
   1166336,         0,         0,    44.5,decoder_by_matrix,beec9fd12293a9cfe53c9b61fb8ce2a525e4eed38fa75d132d6dc64699336876,"{""distance"":3,""physical_error_rate"":0.0001}","{""detection_events"":16971,""detectors_checked"":62982144}"
   1000448,        66,         0,    44.4,decoder_by_matrix,f854eed952f7ffb52e4f578393718ba880ba0930c78fe51d50828fe06a713055,"{""distance"":3,""physical_error_rate"":0.001}","{""detection_events"":146334,""detectors_checked"":54024192,""obs_mistake_mask=E"":66}"
   2506752,         0,         0,    42.9,decoder_by_matrix,560c721f87db01d4cacf7dcb7d8812fecde61e9e7776d4b9e1b1a792578ecad7,"{""distance"":3,""physical_error_rate"":5e-06}","{""detection_events"":1617,""detectors_checked"":135364608}"
   1004544,        80,         0,    43.8,decoder_by_matrix,f854eed952f7ffb52e4f578393718ba880ba0930c78fe51d50828fe06a713055,"{""distance"":3,""physical_error_rate"":0.001}","{""detection_events"":147561,""detectors_checked"":54245376,""obs_mistake_mask=E"":80}"
   1341440,         0,         0,    43.3,decoder_by_matrix,36e3cd26fed5ec7649ec51fb08c1a5e7d7f30e615782d954fee045c18a4962ca,"{""distance"":3,""physical_error_rate"":5e-05}","{""detection_events"":10074,""detectors_checked"":72437760}"
    910336,         0,         0,    15.6,decoder_by_matrix,560c721f87db01d4cacf7dcb7d8812fecde61e9e7776d4b9e1b1a792578ecad7,"{""distance"":3,""physical_error_rate"":5e-06}","{""detection_events"":651,""detectors_checked"":49158144}"
   1032192,         0,         0,    15.7,decoder_by_matrix,e9839e3017c9ef118c4b8aeafef39e78c11ecbdb89764e9ca676a7dc2fb6d062,"{""distance"":3,""physical_error_rate"":1e-06}","{""detection_events"":147,""detectors_checked"":55738368}"
    504832,         0,         0,    15.9,decoder_by_matrix,36e3cd26fed5ec7649ec51fb08c1a5e7d7f30e615782d954fee045c18a4962ca,"{""distance"":3,""physical_error_rate"":5e-05}","{""detection_events"":3645,""detectors_checked"":27260928}"
    818176,         0,         0,    15.7,decoder_by_matrix,e25b8d07214a8afb95d354611a83b9bb1ded39644e323a8585b3aabf687a4fff,"{""distance"":3,""physical_error_rate"":1e-05}","{""detection_events"":1173,""detectors_checked"":44181504}"
   2475008,         0,         0,    43.9,decoder_by_matrix,560c721f87db01d4cacf7dcb7d8812fecde61e9e7776d4b9e1b1a792578ecad7,"{""distance"":3,""physical_error_rate"":5e-06}","{""detection_events"":1812,""detectors_checked"":133650432}"
   2201600,         0,         0,    43.8,decoder_by_matrix,e25b8d07214a8afb95d354611a83b9bb1ded39644e323a8585b3aabf687a4fff,"{""distance"":3,""physical_error_rate"":1e-05}","{""detection_events"":3231,""detectors_checked"":118886400}"
   2805760,         0,         0,    43.6,decoder_by_matrix,e9839e3017c9ef118c4b8aeafef39e78c11ecbdb89764e9ca676a7dc2fb6d062,"{""distance"":3,""physical_error_rate"":1e-06}","{""detection_events"":402,""detectors_checked"":151511040}"
   1364992,         0,         0,    44.1,decoder_by_matrix,36e3cd26fed5ec7649ec51fb08c1a5e7d7f30e615782d954fee045c18a4962ca,"{""distance"":3,""physical_error_rate"":5e-05}","{""detection_events"":10227,""detectors_checked"":73709568}"
   1256448,         0,         0,    22.1,decoder_by_matrix,560c721f87db01d4cacf7dcb7d8812fecde61e9e7776d4b9e1b1a792578ecad7,"{""distance"":3,""physical_error_rate"":5e-06}","{""detection_events"":960,""detectors_checked"":67848192}"
   1432576,         0,         0,    22.0,decoder_by_matrix,e9839e3017c9ef118c4b8aeafef39e78c11ecbdb89764e9ca676a7dc2fb6d062,"{""distance"":3,""physical_error_rate"":1e-06}","{""detection_events"":186,""detectors_checked"":77359104}"
    707584,         0,         0,    22.1,decoder_by_matrix,36e3cd26fed5ec7649ec51fb08c1a5e7d7f30e615782d954fee045c18a4962ca,"{""distance"":3,""physical_error_rate"":5e-05}","{""detection_events"":5088,""detectors_checked"":38209536}"
   1115136,         0,         0,    22.6,decoder_by_matrix,e25b8d07214a8afb95d354611a83b9bb1ded39644e323a8585b3aabf687a4fff,"{""distance"":3,""physical_error_rate"":1e-05}","{""detection_events"":1641,""detectors_checked"":60217344}"
   3044352,         0,         0,    60.1,decoder_by_matrix,e25b8d07214a8afb95d354611a83b9bb1ded39644e323a8585b3aabf687a4fff,"{""distance"":3,""physical_error_rate"":1e-05}","{""detection_events"":4734,""detectors_checked"":164395008}"
   3912704,         0,         0,    59.9,decoder_by_matrix,e9839e3017c9ef118c4b8aeafef39e78c11ecbdb89764e9ca676a7dc2fb6d062,"{""distance"":3,""physical_error_rate"":1e-06}","{""detection_events"":696,""detectors_checked"":211286016}"
   1624064,         1,         0,    61.3,decoder_by_matrix,beec9fd12293a9cfe53c9b61fb8ce2a525e4eed38fa75d132d6dc64699336876,"{""distance"":3,""physical_error_rate"":0.0001}","{""detection_events"":23979,""detectors_checked"":87699456,""obs_mistake_mask=E"":1}"
   1901568,         0,         0,    61.6,decoder_by_matrix,36e3cd26fed5ec7649ec51fb08c1a5e7d7f30e615782d954fee045c18a4962ca,"{""distance"":3,""physical_error_rate"":5e-05}","{""detection_events"":14346,""detectors_checked"":102684672}"
   1399808,        81,         0,    61.5,decoder_by_matrix,f854eed952f7ffb52e4f578393718ba880ba0930c78fe51d50828fe06a713055,"{""distance"":3,""physical_error_rate"":0.001}","{""detection_events"":201546,""detectors_checked"":75589632,""obs_mistake_mask=E"":81}"
   1611776,         0,         0,    62.0,decoder_by_matrix,beec9fd12293a9cfe53c9b61fb8ce2a525e4eed38fa75d132d6dc64699336876,"{""distance"":3,""physical_error_rate"":0.0001}","{""detection_events"":23340,""detectors_checked"":87035904}"
   3502080,         0,         0,    60.5,decoder_by_matrix,560c721f87db01d4cacf7dcb7d8812fecde61e9e7776d4b9e1b1a792578ecad7,"{""distance"":3,""physical_error_rate"":5e-06}","{""detection_events"":2574,""detectors_checked"":189112320}"
   1453056,        24,         0,    62.1,decoder_by_matrix,5c8c81bfec719079c388cedc47a351f264c1bf769ae28a89f9b4fc7719fea501,"{""distance"":3,""physical_error_rate"":0.0005}","{""detection_events"":106197,""detectors_checked"":78465024,""obs_mistake_mask=E"":24}"
   3069952,         0,         0,    61.0,decoder_by_matrix,e25b8d07214a8afb95d354611a83b9bb1ded39644e323a8585b3aabf687a4fff,"{""distance"":3,""physical_error_rate"":1e-05}","{""detection_events"":4395,""detectors_checked"":165777408}"
   1921024,         0,         0,    61.2,decoder_by_matrix,36e3cd26fed5ec7649ec51fb08c1a5e7d7f30e615782d954fee045c18a4962ca,"{""distance"":3,""physical_error_rate"":5e-05}","{""detection_events"":13722,""detectors_checked"":103735296}"
   3949568,         0,         0,    60.4,decoder_by_matrix,e9839e3017c9ef118c4b8aeafef39e78c11ecbdb89764e9ca676a7dc2fb6d062,"{""distance"":3,""physical_error_rate"":1e-06}","{""detection_events"":516,""detectors_checked"":213276672}"
   1401856,        99,         0,    61.4,decoder_by_matrix,f854eed952f7ffb52e4f578393718ba880ba0930c78fe51d50828fe06a713055,"{""distance"":3,""physical_error_rate"":0.001}","{""detection_events"":203754,""detectors_checked"":75700224,""obs_mistake_mask=E"":99}"
   3454976,         0,         0,    60.4,decoder_by_matrix,560c721f87db01d4cacf7dcb7d8812fecde61e9e7776d4b9e1b1a792578ecad7,"{""distance"":3,""physical_error_rate"":5e-06}","{""detection_events"":2745,""detectors_checked"":186568704}"
   1447936,        19,         0,    61.8,decoder_by_matrix,5c8c81bfec719079c388cedc47a351f264c1bf769ae28a89f9b4fc7719fea501,"{""distance"":3,""physical_error_rate"":0.0005}","{""detection_events"":105009,""detectors_checked"":78188544,""obs_mistake_mask=E"":19}"
   1453056,        26,         0,    61.5,decoder_by_matrix,5c8c81bfec719079c388cedc47a351f264c1bf769ae28a89f9b4fc7719fea501,"{""distance"":3,""physical_error_rate"":0.0005}","{""detection_events"":104967,""detectors_checked"":78465024,""obs_mistake_mask=E"":26}"
   3014656,         0,         0,    60.9,decoder_by_matrix,e25b8d07214a8afb95d354611a83b9bb1ded39644e323a8585b3aabf687a4fff,"{""distance"":3,""physical_error_rate"":1e-05}","{""detection_events"":4833,""detectors_checked"":162791424}"
   1443840,        24,         0,    61.5,decoder_by_matrix,5c8c81bfec719079c388cedc47a351f264c1bf769ae28a89f9b4fc7719fea501,"{""distance"":3,""physical_error_rate"":0.0005}","{""detection_events"":106755,""detectors_checked"":77967360,""obs_mistake_mask=E"":24}"
   1620992,         2,         0,    61.9,decoder_by_matrix,beec9fd12293a9cfe53c9b61fb8ce2a525e4eed38fa75d132d6dc64699336876,"{""distance"":3,""physical_error_rate"":0.0001}","{""detection_events"":23838,""detectors_checked"":87533568,""obs_mistake_mask=E"":2}"
   3929088,         0,         0,    59.8,decoder_by_matrix,e9839e3017c9ef118c4b8aeafef39e78c11ecbdb89764e9ca676a7dc2fb6d062,"{""distance"":3,""physical_error_rate"":1e-06}","{""detection_events"":567,""detectors_checked"":212170752}"
   1644544,         0,         0,    61.8,decoder_by_matrix,beec9fd12293a9cfe53c9b61fb8ce2a525e4eed38fa75d132d6dc64699336876,"{""distance"":3,""physical_error_rate"":0.0001}","{""detection_events"":23085,""detectors_checked"":88805376}"
   1405952,       117,         0,    61.7,decoder_by_matrix,f854eed952f7ffb52e4f578393718ba880ba0930c78fe51d50828fe06a713055,"{""distance"":3,""physical_error_rate"":0.001}","{""detection_events"":203373,""detectors_checked"":75921408,""obs_mistake_mask=E"":117}"
   3451904,         0,         0,    60.8,decoder_by_matrix,560c721f87db01d4cacf7dcb7d8812fecde61e9e7776d4b9e1b1a792578ecad7,"{""distance"":3,""physical_error_rate"":5e-06}","{""detection_events"":2805,""detectors_checked"":186402816}"
   1400832,       104,         0,    62.7,decoder_by_matrix,f854eed952f7ffb52e4f578393718ba880ba0930c78fe51d50828fe06a713055,"{""distance"":3,""physical_error_rate"":0.001}","{""detection_events"":204057,""detectors_checked"":75644928,""obs_mistake_mask=E"":104}"
   1900544,         0,         0,    61.8,decoder_by_matrix,36e3cd26fed5ec7649ec51fb08c1a5e7d7f30e615782d954fee045c18a4962ca,"{""distance"":3,""physical_error_rate"":5e-05}","{""detection_events"":14031,""detectors_checked"":102629376}"
   1799168,         0,         0,    31.7,decoder_by_matrix,560c721f87db01d4cacf7dcb7d8812fecde61e9e7776d4b9e1b1a792578ecad7,"{""distance"":3,""physical_error_rate"":5e-06}","{""detection_events"":1188,""detectors_checked"":97155072}"
   2003968,         0,         0,    30.5,decoder_by_matrix,e9839e3017c9ef118c4b8aeafef39e78c11ecbdb89764e9ca676a7dc2fb6d062,"{""distance"":3,""physical_error_rate"":1e-06}","{""detection_events"":297,""detectors_checked"":108214272}"
    973824,         1,         0,    31.3,decoder_by_matrix,36e3cd26fed5ec7649ec51fb08c1a5e7d7f30e615782d954fee045c18a4962ca,"{""distance"":3,""physical_error_rate"":5e-05}","{""detection_events"":7182,""detectors_checked"":52586496,""obs_mistake_mask=E"":1}"
   1609728,         0,         0,    31.1,decoder_by_matrix,e25b8d07214a8afb95d354611a83b9bb1ded39644e323a8585b3aabf687a4fff,"{""distance"":3,""physical_error_rate"":1e-05}","{""detection_events"":2106,""detectors_checked"":86925312}"
   3478528,         0,         0,    61.3,decoder_by_matrix,560c721f87db01d4cacf7dcb7d8812fecde61e9e7776d4b9e1b1a792578ecad7,"{""distance"":3,""physical_error_rate"":5e-06}","{""detection_events"":2544,""detectors_checked"":187840512}"
   3050496,         0,         0,    60.6,decoder_by_matrix,e25b8d07214a8afb95d354611a83b9bb1ded39644e323a8585b3aabf687a4fff,"{""distance"":3,""physical_error_rate"":1e-05}","{""detection_events"":4500,""detectors_checked"":164726784}"
   1913856,         0,         0,    61.9,decoder_by_matrix,36e3cd26fed5ec7649ec51fb08c1a5e7d7f30e615782d954fee045c18a4962ca,"{""distance"":3,""physical_error_rate"":5e-05}","{""detection_events"":13776,""detectors_checked"":103348224}"
   3937280,         0,         0,    60.2,decoder_by_matrix,e9839e3017c9ef118c4b8aeafef39e78c11ecbdb89764e9ca676a7dc2fb6d062,"{""distance"":3,""physical_error_rate"":1e-06}","{""detection_events"":483,""detectors_checked"":212613120}"
   2477056,         0,         0,    43.8,decoder_by_matrix,560c721f87db01d4cacf7dcb7d8812fecde61e9e7776d4b9e1b1a792578ecad7,"{""distance"":3,""physical_error_rate"":5e-06}","{""detection_events"":1701,""detectors_checked"":133761024}"
   2804736,         0,         0,    43.8,decoder_by_matrix,e9839e3017c9ef118c4b8aeafef39e78c11ecbdb89764e9ca676a7dc2fb6d062,"{""distance"":3,""physical_error_rate"":1e-06}","{""detection_events"":396,""detectors_checked"":151455744}"
   1373184,         0,         0,    44.4,decoder_by_matrix,36e3cd26fed5ec7649ec51fb08c1a5e7d7f30e615782d954fee045c18a4962ca,"{""distance"":3,""physical_error_rate"":5e-05}","{""detection_events"":9909,""detectors_checked"":74151936}"
   2182144,         0,         0,    43.5,decoder_by_matrix,e25b8d07214a8afb95d354611a83b9bb1ded39644e323a8585b3aabf687a4fff,"{""distance"":3,""physical_error_rate"":1e-05}","{""detection_events"":3150,""detectors_checked"":117835776}"
   5516288,         0,         0,    84.4,decoder_by_matrix,e9839e3017c9ef118c4b8aeafef39e78c11ecbdb89764e9ca676a7dc2fb6d062,"{""distance"":3,""physical_error_rate"":1e-06}","{""detection_events"":843,""detectors_checked"":297879552}"
   4327424,         0,         0,    85.3,decoder_by_matrix,e25b8d07214a8afb95d354611a83b9bb1ded39644e323a8585b3aabf687a4fff,"{""distance"":3,""physical_error_rate"":1e-05}","{""detection_events"":6168,""detectors_checked"":233680896}"
   2683904,         0,         0,    86.7,decoder_by_matrix,36e3cd26fed5ec7649ec51fb08c1a5e7d7f30e615782d954fee045c18a4962ca,"{""distance"":3,""physical_error_rate"":5e-05}","{""detection_events"":19761,""detectors_checked"":144930816}"
   2256896,         2,         0,    86.0,decoder_by_matrix,beec9fd12293a9cfe53c9b61fb8ce2a525e4eed38fa75d132d6dc64699336876,"{""distance"":3,""physical_error_rate"":0.0001}","{""detection_events"":33708,""detectors_checked"":121872384,""obs_mistake_mask=E"":2}"
   1958912,       132,         0,    87.0,decoder_by_matrix,f854eed952f7ffb52e4f578393718ba880ba0930c78fe51d50828fe06a713055,"{""distance"":3,""physical_error_rate"":0.001}","{""detection_events"":285831,""detectors_checked"":105781248,""obs_mistake_mask=E"":132}"
   4877312,         0,         0,    83.7,decoder_by_matrix,560c721f87db01d4cacf7dcb7d8812fecde61e9e7776d4b9e1b1a792578ecad7,"{""distance"":3,""physical_error_rate"":5e-06}","{""detection_events"":3513,""detectors_checked"":263374848}"
   2238464,         2,         0,    85.6,decoder_by_matrix,beec9fd12293a9cfe53c9b61fb8ce2a525e4eed38fa75d132d6dc64699336876,"{""distance"":3,""physical_error_rate"":0.0001}","{""detection_events"":32715,""detectors_checked"":120877056,""obs_mistake_mask=E"":2}"
   2030592,        28,         0,    86.1,decoder_by_matrix,5c8c81bfec719079c388cedc47a351f264c1bf769ae28a89f9b4fc7719fea501,"{""distance"":3,""physical_error_rate"":0.0005}","{""detection_events"":147555,""detectors_checked"":109651968,""obs_mistake_mask=E"":28}"
   4248576,         0,         0,    85.9,decoder_by_matrix,e25b8d07214a8afb95d354611a83b9bb1ded39644e323a8585b3aabf687a4fff,"{""distance"":3,""physical_error_rate"":1e-05}","{""detection_events"":6507,""detectors_checked"":229423104}"
   5501952,         0,         0,    85.5,decoder_by_matrix,e9839e3017c9ef118c4b8aeafef39e78c11ecbdb89764e9ca676a7dc2fb6d062,"{""distance"":3,""physical_error_rate"":1e-06}","{""detection_events"":852,""detectors_checked"":297105408}"
   2677760,         2,         0,    86.4,decoder_by_matrix,36e3cd26fed5ec7649ec51fb08c1a5e7d7f30e615782d954fee045c18a4962ca,"{""distance"":3,""physical_error_rate"":5e-05}","{""detection_events"":19119,""detectors_checked"":144599040,""obs_mistake_mask=E"":2}"
   1961984,       163,         0,    86.1,decoder_by_matrix,f854eed952f7ffb52e4f578393718ba880ba0930c78fe51d50828fe06a713055,"{""distance"":3,""physical_error_rate"":0.001}","{""detection_events"":284874,""detectors_checked"":105947136,""obs_mistake_mask=E"":163}"
   4865024,         0,         0,    85.2,decoder_by_matrix,560c721f87db01d4cacf7dcb7d8812fecde61e9e7776d4b9e1b1a792578ecad7,"{""distance"":3,""physical_error_rate"":5e-06}","{""detection_events"":3558,""detectors_checked"":262711296}"
   2029568,        33,         0,    85.7,decoder_by_matrix,5c8c81bfec719079c388cedc47a351f264c1bf769ae28a89f9b4fc7719fea501,"{""distance"":3,""physical_error_rate"":0.0005}","{""detection_events"":147165,""detectors_checked"":109596672,""obs_mistake_mask=E"":33}"
   2031616,        36,         0,    86.7,decoder_by_matrix,5c8c81bfec719079c388cedc47a351f264c1bf769ae28a89f9b4fc7719fea501,"{""distance"":3,""physical_error_rate"":0.0005}","{""detection_events"":147813,""detectors_checked"":109707264,""obs_mistake_mask=E"":36}"
   4322304,         0,         0,    85.5,decoder_by_matrix,e25b8d07214a8afb95d354611a83b9bb1ded39644e323a8585b3aabf687a4fff,"{""distance"":3,""physical_error_rate"":1e-05}","{""detection_events"":5841,""detectors_checked"":233404416}"
   2020352,        36,         0,    86.2,decoder_by_matrix,5c8c81bfec719079c388cedc47a351f264c1bf769ae28a89f9b4fc7719fea501,"{""distance"":3,""physical_error_rate"":0.0005}","{""detection_events"":146208,""detectors_checked"":109099008,""obs_mistake_mask=E"":36}"
   2288640,         0,         0,    86.6,decoder_by_matrix,beec9fd12293a9cfe53c9b61fb8ce2a525e4eed38fa75d132d6dc64699336876,"{""distance"":3,""physical_error_rate"":0.0001}","{""detection_events"":33798,""detectors_checked"":123586560}"
   5499904,         0,         0,    84.7,decoder_by_matrix,e9839e3017c9ef118c4b8aeafef39e78c11ecbdb89764e9ca676a7dc2fb6d062,"{""distance"":3,""physical_error_rate"":1e-06}","{""detection_events"":717,""detectors_checked"":296994816}"
   4848640,         0,         0,    84.9,decoder_by_matrix,560c721f87db01d4cacf7dcb7d8812fecde61e9e7776d4b9e1b1a792578ecad7,"{""distance"":3,""physical_error_rate"":5e-06}","{""detection_events"":3579,""detectors_checked"":261826560}"
   2270208,         2,         0,    87.3,decoder_by_matrix,beec9fd12293a9cfe53c9b61fb8ce2a525e4eed38fa75d132d6dc64699336876,"{""distance"":3,""physical_error_rate"":0.0001}","{""detection_events"":33024,""detectors_checked"":122591232,""obs_mistake_mask=E"":2}"
   1958912,       147,         0,    86.5,decoder_by_matrix,f854eed952f7ffb52e4f578393718ba880ba0930c78fe51d50828fe06a713055,"{""distance"":3,""physical_error_rate"":0.001}","{""detection_events"":286656,""detectors_checked"":105781248,""obs_mistake_mask=E"":147}"
   1970176,       142,         0,    85.9,decoder_by_matrix,f854eed952f7ffb52e4f578393718ba880ba0930c78fe51d50828fe06a713055,"{""distance"":3,""physical_error_rate"":0.001}","{""detection_events"":287499,""detectors_checked"":106389504,""obs_mistake_mask=E"":142}"
   2657280,         0,         0,    86.6,decoder_by_matrix,36e3cd26fed5ec7649ec51fb08c1a5e7d7f30e615782d954fee045c18a4962ca,"{""distance"":3,""physical_error_rate"":5e-05}","{""detection_events"":19644,""detectors_checked"":143493120}"
   3933184,         0,         0,    60.4,decoder_by_matrix,e9839e3017c9ef118c4b8aeafef39e78c11ecbdb89764e9ca676a7dc2fb6d062,"{""distance"":3,""physical_error_rate"":1e-06}","{""detection_events"":519,""detectors_checked"":212391936}"
   3485696,         0,         0,    60.3,decoder_by_matrix,560c721f87db01d4cacf7dcb7d8812fecde61e9e7776d4b9e1b1a792578ecad7,"{""distance"":3,""physical_error_rate"":5e-06}","{""detection_events"":2478,""detectors_checked"":188227584}"
   1926144,         0,         0,    61.6,decoder_by_matrix,36e3cd26fed5ec7649ec51fb08c1a5e7d7f30e615782d954fee045c18a4962ca,"{""distance"":3,""physical_error_rate"":5e-05}","{""detection_events"":14706,""detectors_checked"":104011776}"
   3054592,         0,         0,    61.1,decoder_by_matrix,e25b8d07214a8afb95d354611a83b9bb1ded39644e323a8585b3aabf687a4fff,"{""distance"":3,""physical_error_rate"":1e-05}","{""detection_events"":4674,""detectors_checked"":164947968}"
   4838400,         0,         0,    84.4,decoder_by_matrix,560c721f87db01d4cacf7dcb7d8812fecde61e9e7776d4b9e1b1a792578ecad7,"{""distance"":3,""physical_error_rate"":5e-06}","{""detection_events"":3603,""detectors_checked"":261273600}"
   2710528,         0,         0,    86.2,decoder_by_matrix,36e3cd26fed5ec7649ec51fb08c1a5e7d7f30e615782d954fee045c18a4962ca,"{""distance"":3,""physical_error_rate"":5e-05}","{""detection_events"":19521,""detectors_checked"":146368512}"
   5500928,         0,         0,    84.2,decoder_by_matrix,e9839e3017c9ef118c4b8aeafef39e78c11ecbdb89764e9ca676a7dc2fb6d062,"{""distance"":3,""physical_error_rate"":1e-06}","{""detection_events"":717,""detectors_checked"":297050112}"
   4243456,         0,         0,    86.1,decoder_by_matrix,e25b8d07214a8afb95d354611a83b9bb1ded39644e323a8585b3aabf687a4fff,"{""distance"":3,""physical_error_rate"":1e-05}","{""detection_events"":6546,""detectors_checked"":229146624}"
   5517312,         0,         0,    83.4,decoder_by_matrix,e9839e3017c9ef118c4b8aeafef39e78c11ecbdb89764e9ca676a7dc2fb6d062,"{""distance"":3,""physical_error_rate"":1e-06}","{""detection_events"":768,""detectors_checked"":297934848}"
   4871168,         0,         0,    84.9,decoder_by_matrix,560c721f87db01d4cacf7dcb7d8812fecde61e9e7776d4b9e1b1a792578ecad7,"{""distance"":3,""physical_error_rate"":5e-06}","{""detection_events"":3477,""detectors_checked"":263043072}"
   2704384,         0,         0,    87.1,decoder_by_matrix,36e3cd26fed5ec7649ec51fb08c1a5e7d7f30e615782d954fee045c18a4962ca,"{""distance"":3,""physical_error_rate"":5e-05}","{""detection_events"":19872,""detectors_checked"":146036736}"
   4314112,         0,         0,    85.3,decoder_by_matrix,e25b8d07214a8afb95d354611a83b9bb1ded39644e323a8585b3aabf687a4fff,"{""distance"":3,""physical_error_rate"":1e-05}","{""detection_events"":6129,""detectors_checked"":232962048}"
   5839872,         0,         0,   116.3,decoder_by_matrix,e25b8d07214a8afb95d354611a83b9bb1ded39644e323a8585b3aabf687a4fff,"{""distance"":3,""physical_error_rate"":1e-05}","{""detection_events"":8388,""detectors_checked"":315353088}"
   3661824,         1,         0,   116.7,decoder_by_matrix,36e3cd26fed5ec7649ec51fb08c1a5e7d7f30e615782d954fee045c18a4962ca,"{""distance"":3,""physical_error_rate"":5e-05}","{""detection_events"":27255,""detectors_checked"":197738496,""obs_mistake_mask=E"":1}"
   7515136,         0,         0,   115.3,decoder_by_matrix,e9839e3017c9ef118c4b8aeafef39e78c11ecbdb89764e9ca676a7dc2fb6d062,"{""distance"":3,""physical_error_rate"":1e-06}","{""detection_events"":1029,""detectors_checked"":405817344}"
   2663424,       180,         0,   117.4,decoder_by_matrix,f854eed952f7ffb52e4f578393718ba880ba0930c78fe51d50828fe06a713055,"{""distance"":3,""physical_error_rate"":0.001}","{""detection_events"":386583,""detectors_checked"":143824896,""obs_mistake_mask=E"":180}"
   3054592,         5,         0,   117.2,decoder_by_matrix,beec9fd12293a9cfe53c9b61fb8ce2a525e4eed38fa75d132d6dc64699336876,"{""distance"":3,""physical_error_rate"":0.0001}","{""detection_events"":44784,""detectors_checked"":164947968,""obs_mistake_mask=E"":5}"
   3063808,         1,         0,   117.1,decoder_by_matrix,beec9fd12293a9cfe53c9b61fb8ce2a525e4eed38fa75d132d6dc64699336876,"{""distance"":3,""physical_error_rate"":0.0001}","{""detection_events"":46461,""detectors_checked"":165445632,""obs_mistake_mask=E"":1}"
   6612992,         0,         0,   115.6,decoder_by_matrix,560c721f87db01d4cacf7dcb7d8812fecde61e9e7776d4b9e1b1a792578ecad7,"{""distance"":3,""physical_error_rate"":5e-06}","{""detection_events"":4989,""detectors_checked"":357101568}"
   2764800,        45,         0,   118.3,decoder_by_matrix,5c8c81bfec719079c388cedc47a351f264c1bf769ae28a89f9b4fc7719fea501,"{""distance"":3,""physical_error_rate"":0.0005}","{""detection_events"":202548,""detectors_checked"":149299200,""obs_mistake_mask=E"":45}"
   3572736,         1,         0,   116.2,decoder_by_matrix,36e3cd26fed5ec7649ec51fb08c1a5e7d7f30e615782d954fee045c18a4962ca,"{""distance"":3,""physical_error_rate"":5e-05}","{""detection_events"":25938,""detectors_checked"":192927744,""obs_mistake_mask=E"":1}"
   5785600,         0,         0,   116.3,decoder_by_matrix,e25b8d07214a8afb95d354611a83b9bb1ded39644e323a8585b3aabf687a4fff,"{""distance"":3,""physical_error_rate"":1e-05}","{""detection_events"":8829,""detectors_checked"":312422400}"
   2668544,       200,         0,   117.3,decoder_by_matrix,f854eed952f7ffb52e4f578393718ba880ba0930c78fe51d50828fe06a713055,"{""distance"":3,""physical_error_rate"":0.001}","{""detection_events"":388344,""detectors_checked"":144101376,""obs_mistake_mask=E"":200}"
   7467008,         0,         0,   114.5,decoder_by_matrix,e9839e3017c9ef118c4b8aeafef39e78c11ecbdb89764e9ca676a7dc2fb6d062,"{""distance"":3,""physical_error_rate"":1e-06}","{""detection_events"":1182,""detectors_checked"":403218432}"
   6562816,         0,         0,   116.0,decoder_by_matrix,560c721f87db01d4cacf7dcb7d8812fecde61e9e7776d4b9e1b1a792578ecad7,"{""distance"":3,""physical_error_rate"":5e-06}","{""detection_events"":4944,""detectors_checked"":354392064}"
   2756608,        48,         0,   117.3,decoder_by_matrix,5c8c81bfec719079c388cedc47a351f264c1bf769ae28a89f9b4fc7719fea501,"{""distance"":3,""physical_error_rate"":0.0005}","{""detection_events"":201117,""detectors_checked"":148856832,""obs_mistake_mask=E"":48}"
   2762752,        43,         0,   117.9,decoder_by_matrix,5c8c81bfec719079c388cedc47a351f264c1bf769ae28a89f9b4fc7719fea501,"{""distance"":3,""physical_error_rate"":0.0005}","{""detection_events"":200919,""detectors_checked"":149188608,""obs_mistake_mask=E"":43}"
   5884928,         0,         0,   115.7,decoder_by_matrix,e25b8d07214a8afb95d354611a83b9bb1ded39644e323a8585b3aabf687a4fff,"{""distance"":3,""physical_error_rate"":1e-05}","{""detection_events"":8454,""detectors_checked"":317786112}"
   2750464,        50,         0,   117.1,decoder_by_matrix,5c8c81bfec719079c388cedc47a351f264c1bf769ae28a89f9b4fc7719fea501,"{""distance"":3,""physical_error_rate"":0.0005}","{""detection_events"":202299,""detectors_checked"":148525056,""obs_mistake_mask=E"":50}"
   3093504,         3,         0,   117.7,decoder_by_matrix,beec9fd12293a9cfe53c9b61fb8ce2a525e4eed38fa75d132d6dc64699336876,"{""distance"":3,""physical_error_rate"":0.0001}","{""detection_events"":45633,""detectors_checked"":167049216,""obs_mistake_mask=E"":3}"
   7498752,         0,         0,   115.7,decoder_by_matrix,e9839e3017c9ef118c4b8aeafef39e78c11ecbdb89764e9ca676a7dc2fb6d062,"{""distance"":3,""physical_error_rate"":1e-06}","{""detection_events"":993,""detectors_checked"":404932608}"
   3077120,         5,         0,   117.6,decoder_by_matrix,beec9fd12293a9cfe53c9b61fb8ce2a525e4eed38fa75d132d6dc64699336876,"{""distance"":3,""physical_error_rate"":0.0001}","{""detection_events"":45405,""detectors_checked"":166164480,""obs_mistake_mask=E"":5}"
   2662400,       159,         0,   118.1,decoder_by_matrix,f854eed952f7ffb52e4f578393718ba880ba0930c78fe51d50828fe06a713055,"{""distance"":3,""physical_error_rate"":0.001}","{""detection_events"":385863,""detectors_checked"":143769600,""obs_mistake_mask=E"":159}"
   6624256,         0,         0,   114.8,decoder_by_matrix,560c721f87db01d4cacf7dcb7d8812fecde61e9e7776d4b9e1b1a792578ecad7,"{""distance"":3,""physical_error_rate"":5e-06}","{""detection_events"":4899,""detectors_checked"":357709824}"
   2677760,       187,         0,   117.1,decoder_by_matrix,f854eed952f7ffb52e4f578393718ba880ba0930c78fe51d50828fe06a713055,"{""distance"":3,""physical_error_rate"":0.001}","{""detection_events"":388479,""detectors_checked"":144599040,""obs_mistake_mask=E"":187}"
   3620864,         2,         0,   117.4,decoder_by_matrix,36e3cd26fed5ec7649ec51fb08c1a5e7d7f30e615782d954fee045c18a4962ca,"{""distance"":3,""physical_error_rate"":5e-05}","{""detection_events"":26919,""detectors_checked"":195526656,""obs_mistake_mask=E"":2}"
   6651904,         0,         0,   114.4,decoder_by_matrix,560c721f87db01d4cacf7dcb7d8812fecde61e9e7776d4b9e1b1a792578ecad7,"{""distance"":3,""physical_error_rate"":5e-06}","{""detection_events"":4560,""detectors_checked"":359202816}"
   3608576,         1,         0,   116.6,decoder_by_matrix,36e3cd26fed5ec7649ec51fb08c1a5e7d7f30e615782d954fee045c18a4962ca,"{""distance"":3,""physical_error_rate"":5e-05}","{""detection_events"":26628,""detectors_checked"":194863104,""obs_mistake_mask=E"":1}"
   7472128,         0,         0,   114.3,decoder_by_matrix,e9839e3017c9ef118c4b8aeafef39e78c11ecbdb89764e9ca676a7dc2fb6d062,"{""distance"":3,""physical_error_rate"":1e-06}","{""detection_events"":996,""detectors_checked"":403494912}"
   5804032,         0,         0,   116.8,decoder_by_matrix,e25b8d07214a8afb95d354611a83b9bb1ded39644e323a8585b3aabf687a4fff,"{""distance"":3,""physical_error_rate"":1e-05}","{""detection_events"":8814,""detectors_checked"":313417728}"
   6612992,         0,         0,   115.9,decoder_by_matrix,560c721f87db01d4cacf7dcb7d8812fecde61e9e7776d4b9e1b1a792578ecad7,"{""distance"":3,""physical_error_rate"":5e-06}","{""detection_events"":4908,""detectors_checked"":357101568}"
   7502848,         0,         0,   114.8,decoder_by_matrix,e9839e3017c9ef118c4b8aeafef39e78c11ecbdb89764e9ca676a7dc2fb6d062,"{""distance"":3,""physical_error_rate"":1e-06}","{""detection_events"":1014,""detectors_checked"":405153792}"
   3663872,         1,         0,   116.8,decoder_by_matrix,36e3cd26fed5ec7649ec51fb08c1a5e7d7f30e615782d954fee045c18a4962ca,"{""distance"":3,""physical_error_rate"":5e-05}","{""detection_events"":27222,""detectors_checked"":197849088,""obs_mistake_mask=E"":1}"
   5826560,         0,         0,   115.5,decoder_by_matrix,e25b8d07214a8afb95d354611a83b9bb1ded39644e323a8585b3aabf687a4fff,"{""distance"":3,""physical_error_rate"":1e-05}","{""detection_events"":8769,""detectors_checked"":314634240}"
   5856256,         0,         0,   115.2,decoder_by_matrix,e25b8d07214a8afb95d354611a83b9bb1ded39644e323a8585b3aabf687a4fff,"{""distance"":3,""physical_error_rate"":1e-05}","{""detection_events"":8700,""detectors_checked"":316237824}"
   2664448,       196,         0,   116.5,decoder_by_matrix,f854eed952f7ffb52e4f578393718ba880ba0930c78fe51d50828fe06a713055,"{""distance"":3,""physical_error_rate"":0.001}","{""detection_events"":385806,""detectors_checked"":143880192,""obs_mistake_mask=E"":196}"
   3663872,         1,         0,   117.0,decoder_by_matrix,36e3cd26fed5ec7649ec51fb08c1a5e7d7f30e615782d954fee045c18a4962ca,"{""distance"":3,""physical_error_rate"":5e-05}","{""detection_events"":26331,""detectors_checked"":197849088,""obs_mistake_mask=E"":1}"
   7538688,         0,         0,   113.6,decoder_by_matrix,e9839e3017c9ef118c4b8aeafef39e78c11ecbdb89764e9ca676a7dc2fb6d062,"{""distance"":3,""physical_error_rate"":1e-06}","{""detection_events"":942,""detectors_checked"":407089152}"
   3078144,         5,         0,   117.1,decoder_by_matrix,beec9fd12293a9cfe53c9b61fb8ce2a525e4eed38fa75d132d6dc64699336876,"{""distance"":3,""physical_error_rate"":0.0001}","{""detection_events"":45078,""detectors_checked"":166219776,""obs_mistake_mask=E"":5}"
   3054592,         0,         0,   117.1,decoder_by_matrix,beec9fd12293a9cfe53c9b61fb8ce2a525e4eed38fa75d132d6dc64699336876,"{""distance"":3,""physical_error_rate"":0.0001}","{""detection_events"":44823,""detectors_checked"":164947968}"
   6643712,         0,         0,   114.8,decoder_by_matrix,560c721f87db01d4cacf7dcb7d8812fecde61e9e7776d4b9e1b1a792578ecad7,"{""distance"":3,""physical_error_rate"":5e-06}","{""detection_events"":4773,""detectors_checked"":358760448}"
   2761728,        51,         0,   117.1,decoder_by_matrix,5c8c81bfec719079c388cedc47a351f264c1bf769ae28a89f9b4fc7719fea501,"{""distance"":3,""physical_error_rate"":0.0005}","{""detection_events"":200625,""detectors_checked"":149133312,""obs_mistake_mask=E"":51}"
   5835776,         0,         0,   115.7,decoder_by_matrix,e25b8d07214a8afb95d354611a83b9bb1ded39644e323a8585b3aabf687a4fff,"{""distance"":3,""physical_error_rate"":1e-05}","{""detection_events"":8550,""detectors_checked"":315131904}"
   3645440,         0,         0,   116.3,decoder_by_matrix,36e3cd26fed5ec7649ec51fb08c1a5e7d7f30e615782d954fee045c18a4962ca,"{""distance"":3,""physical_error_rate"":5e-05}","{""detection_events"":26325,""detectors_checked"":196853760}"
   2665472,       192,         0,   117.8,decoder_by_matrix,f854eed952f7ffb52e4f578393718ba880ba0930c78fe51d50828fe06a713055,"{""distance"":3,""physical_error_rate"":0.001}","{""detection_events"":387087,""detectors_checked"":143935488,""obs_mistake_mask=E"":192}"
   7502848,         0,         0,   113.7,decoder_by_matrix,e9839e3017c9ef118c4b8aeafef39e78c11ecbdb89764e9ca676a7dc2fb6d062,"{""distance"":3,""physical_error_rate"":1e-06}","{""detection_events"":1005,""detectors_checked"":405153792}"
   6612992,         0,         0,   115.4,decoder_by_matrix,560c721f87db01d4cacf7dcb7d8812fecde61e9e7776d4b9e1b1a792578ecad7,"{""distance"":3,""physical_error_rate"":5e-06}","{""detection_events"":4953,""detectors_checked"":357101568}"
   2763776,        57,         0,   118.2,decoder_by_matrix,5c8c81bfec719079c388cedc47a351f264c1bf769ae28a89f9b4fc7719fea501,"{""distance"":3,""physical_error_rate"":0.0005}","{""detection_events"":201312,""detectors_checked"":149243904,""obs_mistake_mask=E"":57}"
   2763776,        60,         0,   117.3,decoder_by_matrix,5c8c81bfec719079c388cedc47a351f264c1bf769ae28a89f9b4fc7719fea501,"{""distance"":3,""physical_error_rate"":0.0005}","{""detection_events"":198735,""detectors_checked"":149243904,""obs_mistake_mask=E"":60}"
   2745344,        46,         0,   117.2,decoder_by_matrix,5c8c81bfec719079c388cedc47a351f264c1bf769ae28a89f9b4fc7719fea501,"{""distance"":3,""physical_error_rate"":0.0005}","{""detection_events"":199737,""detectors_checked"":148248576,""obs_mistake_mask=E"":46}"
   5840896,         0,         0,   115.0,decoder_by_matrix,e25b8d07214a8afb95d354611a83b9bb1ded39644e323a8585b3aabf687a4fff,"{""distance"":3,""physical_error_rate"":1e-05}","{""detection_events"":8403,""detectors_checked"":315408384}"
   3105792,         0,         0,   117.1,decoder_by_matrix,beec9fd12293a9cfe53c9b61fb8ce2a525e4eed38fa75d132d6dc64699336876,"{""distance"":3,""physical_error_rate"":0.0001}","{""detection_events"":45510,""detectors_checked"":167712768}"
   3068928,         4,         0,   118.2,decoder_by_matrix,beec9fd12293a9cfe53c9b61fb8ce2a525e4eed38fa75d132d6dc64699336876,"{""distance"":3,""physical_error_rate"":0.0001}","{""detection_events"":46506,""detectors_checked"":165722112,""obs_mistake_mask=E"":4}"
   2658304,       212,         0,   117.3,decoder_by_matrix,f854eed952f7ffb52e4f578393718ba880ba0930c78fe51d50828fe06a713055,"{""distance"":3,""physical_error_rate"":0.001}","{""detection_events"":389190,""detectors_checked"":143548416,""obs_mistake_mask=E"":212}"
   7489536,         0,         0,   114.1,decoder_by_matrix,e9839e3017c9ef118c4b8aeafef39e78c11ecbdb89764e9ca676a7dc2fb6d062,"{""distance"":3,""physical_error_rate"":1e-06}","{""detection_events"":966,""detectors_checked"":404434944}"
   6675456,         0,         0,   115.3,decoder_by_matrix,560c721f87db01d4cacf7dcb7d8812fecde61e9e7776d4b9e1b1a792578ecad7,"{""distance"":3,""physical_error_rate"":5e-06}","{""detection_events"":4575,""detectors_checked"":360474624}"
   2676736,       172,         0,   117.8,decoder_by_matrix,f854eed952f7ffb52e4f578393718ba880ba0930c78fe51d50828fe06a713055,"{""distance"":3,""physical_error_rate"":0.001}","{""detection_events"":388605,""detectors_checked"":144543744,""obs_mistake_mask=E"":172}"
   3623936,         0,         0,   117.0,decoder_by_matrix,36e3cd26fed5ec7649ec51fb08c1a5e7d7f30e615782d954fee045c18a4962ca,"{""distance"":3,""physical_error_rate"":5e-05}","{""detection_events"":26391,""detectors_checked"":195692544}"
   6616064,         0,         0,   115.7,decoder_by_matrix,560c721f87db01d4cacf7dcb7d8812fecde61e9e7776d4b9e1b1a792578ecad7,"{""distance"":3,""physical_error_rate"":5e-06}","{""detection_events"":4830,""detectors_checked"":357267456}"
   3615744,         0,         0,   117.2,decoder_by_matrix,36e3cd26fed5ec7649ec51fb08c1a5e7d7f30e615782d954fee045c18a4962ca,"{""distance"":3,""physical_error_rate"":5e-05}","{""detection_events"":26823,""detectors_checked"":195250176}"
   7463936,         0,         0,   114.9,decoder_by_matrix,e9839e3017c9ef118c4b8aeafef39e78c11ecbdb89764e9ca676a7dc2fb6d062,"{""distance"":3,""physical_error_rate"":1e-06}","{""detection_events"":1086,""detectors_checked"":403052544}"
   5832704,         0,         0,   115.3,decoder_by_matrix,e25b8d07214a8afb95d354611a83b9bb1ded39644e323a8585b3aabf687a4fff,"{""distance"":3,""physical_error_rate"":1e-05}","{""detection_events"":8496,""detectors_checked"":314966016}"
   6559744,         0,         0,   115.2,decoder_by_matrix,560c721f87db01d4cacf7dcb7d8812fecde61e9e7776d4b9e1b1a792578ecad7,"{""distance"":3,""physical_error_rate"":5e-06}","{""detection_events"":4977,""detectors_checked"":354226176}"
   7507968,         0,         0,   115.7,decoder_by_matrix,e9839e3017c9ef118c4b8aeafef39e78c11ecbdb89764e9ca676a7dc2fb6d062,"{""distance"":3,""physical_error_rate"":1e-06}","{""detection_events"":942,""detectors_checked"":405430272}"
   5797888,         0,         0,   115.0,decoder_by_matrix,e25b8d07214a8afb95d354611a83b9bb1ded39644e323a8585b3aabf687a4fff,"{""distance"":3,""physical_error_rate"":1e-05}","{""detection_events"":8826,""detectors_checked"":313085952}"
   3638272,         0,         0,   116.2,decoder_by_matrix,36e3cd26fed5ec7649ec51fb08c1a5e7d7f30e615782d954fee045c18a4962ca,"{""distance"":3,""physical_error_rate"":5e-05}","{""detection_events"":26709,""detectors_checked"":196466688}"
   5734400,         0,         0,   116.5,decoder_by_matrix,e25b8d07214a8afb95d354611a83b9bb1ded39644e323a8585b3aabf687a4fff,"{""distance"":3,""physical_error_rate"":1e-05}","{""detection_events"":8685,""detectors_checked"":309657600}"
   2666496,       172,         0,   118.4,decoder_by_matrix,f854eed952f7ffb52e4f578393718ba880ba0930c78fe51d50828fe06a713055,"{""distance"":3,""physical_error_rate"":0.001}","{""detection_events"":387081,""detectors_checked"":143990784,""obs_mistake_mask=E"":172}"
   3667968,         0,         0,   116.7,decoder_by_matrix,36e3cd26fed5ec7649ec51fb08c1a5e7d7f30e615782d954fee045c18a4962ca,"{""distance"":3,""physical_error_rate"":5e-05}","{""detection_events"":27006,""detectors_checked"":198070272}"
   7496704,         0,         0,   114.4,decoder_by_matrix,e9839e3017c9ef118c4b8aeafef39e78c11ecbdb89764e9ca676a7dc2fb6d062,"{""distance"":3,""physical_error_rate"":1e-06}","{""detection_events"":1185,""detectors_checked"":404822016}"
   2761728,        50,         0,   117.9,decoder_by_matrix,5c8c81bfec719079c388cedc47a351f264c1bf769ae28a89f9b4fc7719fea501,"{""distance"":3,""physical_error_rate"":0.0005}","{""detection_events"":199785,""detectors_checked"":149133312,""obs_mistake_mask=E"":50}"
   3046400,         2,         0,   117.9,decoder_by_matrix,beec9fd12293a9cfe53c9b61fb8ce2a525e4eed38fa75d132d6dc64699336876,"{""distance"":3,""physical_error_rate"":0.0001}","{""detection_events"":45654,""detectors_checked"":164505600,""obs_mistake_mask=E"":2}"
   3079168,         1,         0,   117.2,decoder_by_matrix,beec9fd12293a9cfe53c9b61fb8ce2a525e4eed38fa75d132d6dc64699336876,"{""distance"":3,""physical_error_rate"":0.0001}","{""detection_events"":45513,""detectors_checked"":166275072,""obs_mistake_mask=E"":1}"
   6649856,         0,         0,   115.7,decoder_by_matrix,560c721f87db01d4cacf7dcb7d8812fecde61e9e7776d4b9e1b1a792578ecad7,"{""distance"":3,""physical_error_rate"":5e-06}","{""detection_events"":4851,""detectors_checked"":359092224}"
   5812224,         0,         0,   115.7,decoder_by_matrix,e25b8d07214a8afb95d354611a83b9bb1ded39644e323a8585b3aabf687a4fff,"{""distance"":3,""physical_error_rate"":1e-05}","{""detection_events"":8538,""detectors_checked"":313860096}"
   3591168,         0,         0,   116.4,decoder_by_matrix,36e3cd26fed5ec7649ec51fb08c1a5e7d7f30e615782d954fee045c18a4962ca,"{""distance"":3,""physical_error_rate"":5e-05}","{""detection_events"":25992,""detectors_checked"":193923072}"
   7506944,         0,         0,   114.0,decoder_by_matrix,e9839e3017c9ef118c4b8aeafef39e78c11ecbdb89764e9ca676a7dc2fb6d062,"{""distance"":3,""physical_error_rate"":1e-06}","{""detection_events"":936,""detectors_checked"":405374976}"
   2676736,       173,         0,   118.7,decoder_by_matrix,f854eed952f7ffb52e4f578393718ba880ba0930c78fe51d50828fe06a713055,"{""distance"":3,""physical_error_rate"":0.001}","{""detection_events"":388476,""detectors_checked"":144543744,""obs_mistake_mask=E"":173}"
   6619136,         0,         0,   116.8,decoder_by_matrix,560c721f87db01d4cacf7dcb7d8812fecde61e9e7776d4b9e1b1a792578ecad7,"{""distance"":3,""physical_error_rate"":5e-06}","{""detection_events"":4821,""detectors_checked"":357433344}"
   2762752,        49,         0,   117.9,decoder_by_matrix,5c8c81bfec719079c388cedc47a351f264c1bf769ae28a89f9b4fc7719fea501,"{""distance"":3,""physical_error_rate"":0.0005}","{""detection_events"":200763,""detectors_checked"":149188608,""obs_mistake_mask=E"":49}"
   2759680,        45,         0,   117.7,decoder_by_matrix,5c8c81bfec719079c388cedc47a351f264c1bf769ae28a89f9b4fc7719fea501,"{""distance"":3,""physical_error_rate"":0.0005}","{""detection_events"":200487,""detectors_checked"":149022720,""obs_mistake_mask=E"":45}"
   2745344,        47,         0,   118.0,decoder_by_matrix,5c8c81bfec719079c388cedc47a351f264c1bf769ae28a89f9b4fc7719fea501,"{""distance"":3,""physical_error_rate"":0.0005}","{""detection_events"":200742,""detectors_checked"":148248576,""obs_mistake_mask=E"":47}"
   5834752,         0,         0,   115.7,decoder_by_matrix,e25b8d07214a8afb95d354611a83b9bb1ded39644e323a8585b3aabf687a4fff,"{""distance"":3,""physical_error_rate"":1e-05}","{""detection_events"":8142,""detectors_checked"":315076608}"
   3093504,         0,         0,   116.7,decoder_by_matrix,beec9fd12293a9cfe53c9b61fb8ce2a525e4eed38fa75d132d6dc64699336876,"{""distance"":3,""physical_error_rate"":0.0001}","{""detection_events"":44919,""detectors_checked"":167049216}"
   2665472,       197,         0,   117.8,decoder_by_matrix,f854eed952f7ffb52e4f578393718ba880ba0930c78fe51d50828fe06a713055,"{""distance"":3,""physical_error_rate"":0.001}","{""detection_events"":386850,""detectors_checked"":143935488,""obs_mistake_mask=E"":197}"
   3082240,         2,         0,   117.0,decoder_by_matrix,beec9fd12293a9cfe53c9b61fb8ce2a525e4eed38fa75d132d6dc64699336876,"{""distance"":3,""physical_error_rate"":0.0001}","{""detection_events"":44916,""detectors_checked"":166440960,""obs_mistake_mask=E"":2}"
   7533568,         0,         0,   115.3,decoder_by_matrix,e9839e3017c9ef118c4b8aeafef39e78c11ecbdb89764e9ca676a7dc2fb6d062,"{""distance"":3,""physical_error_rate"":1e-06}","{""detection_events"":801,""detectors_checked"":406812672}"
   6630400,         0,         0,   115.4,decoder_by_matrix,560c721f87db01d4cacf7dcb7d8812fecde61e9e7776d4b9e1b1a792578ecad7,"{""distance"":3,""physical_error_rate"":5e-06}","{""detection_events"":4986,""detectors_checked"":358041600}"
   2676736,       175,         0,   117.0,decoder_by_matrix,f854eed952f7ffb52e4f578393718ba880ba0930c78fe51d50828fe06a713055,"{""distance"":3,""physical_error_rate"":0.001}","{""detection_events"":388635,""detectors_checked"":144543744,""obs_mistake_mask=E"":175}"
   3612672,         0,         0,   117.2,decoder_by_matrix,36e3cd26fed5ec7649ec51fb08c1a5e7d7f30e615782d954fee045c18a4962ca,"{""distance"":3,""physical_error_rate"":5e-05}","{""detection_events"":26085,""detectors_checked"":195084288}"
   6541312,         0,         0,   116.3,decoder_by_matrix,560c721f87db01d4cacf7dcb7d8812fecde61e9e7776d4b9e1b1a792578ecad7,"{""distance"":3,""physical_error_rate"":5e-06}","{""detection_events"":5037,""detectors_checked"":353230848}"
   3589120,         2,         0,   116.7,decoder_by_matrix,36e3cd26fed5ec7649ec51fb08c1a5e7d7f30e615782d954fee045c18a4962ca,"{""distance"":3,""physical_error_rate"":5e-05}","{""detection_events"":27027,""detectors_checked"":193812480,""obs_mistake_mask=E"":2}"
   7472128,         0,         0,   113.9,decoder_by_matrix,e9839e3017c9ef118c4b8aeafef39e78c11ecbdb89764e9ca676a7dc2fb6d062,"{""distance"":3,""physical_error_rate"":1e-06}","{""detection_events"":1104,""detectors_checked"":403494912}"
   5824512,         0,         0,   115.9,decoder_by_matrix,e25b8d07214a8afb95d354611a83b9bb1ded39644e323a8585b3aabf687a4fff,"{""distance"":3,""physical_error_rate"":1e-05}","{""detection_events"":8766,""detectors_checked"":314523648}"
   6634496,         0,         0,   114.4,decoder_by_matrix,560c721f87db01d4cacf7dcb7d8812fecde61e9e7776d4b9e1b1a792578ecad7,"{""distance"":3,""physical_error_rate"":5e-06}","{""detection_events"":4671,""detectors_checked"":358262784}"
   7462912,         0,         0,   115.2,decoder_by_matrix,e9839e3017c9ef118c4b8aeafef39e78c11ecbdb89764e9ca676a7dc2fb6d062,"{""distance"":3,""physical_error_rate"":1e-06}","{""detection_events"":1314,""detectors_checked"":402997248}"
   5932032,         0,         0,   116.6,decoder_by_matrix,e25b8d07214a8afb95d354611a83b9bb1ded39644e323a8585b3aabf687a4fff,"{""distance"":3,""physical_error_rate"":1e-05}","{""detection_events"":8370,""detectors_checked"":320329728}"
   3681280,         0,         0,   116.9,decoder_by_matrix,36e3cd26fed5ec7649ec51fb08c1a5e7d7f30e615782d954fee045c18a4962ca,"{""distance"":3,""physical_error_rate"":5e-05}","{""detection_events"":26943,""detectors_checked"":198789120}"
   5758976,         0,         0,   114.6,decoder_by_matrix,e25b8d07214a8afb95d354611a83b9bb1ded39644e323a8585b3aabf687a4fff,"{""distance"":3,""physical_error_rate"":1e-05}","{""detection_events"":8946,""detectors_checked"":310984704}"
   2670592,       179,         0,   118.5,decoder_by_matrix,f854eed952f7ffb52e4f578393718ba880ba0930c78fe51d50828fe06a713055,"{""distance"":3,""physical_error_rate"":0.001}","{""detection_events"":387027,""detectors_checked"":144211968,""obs_mistake_mask=E"":179}"
   7497728,         0,         0,   114.5,decoder_by_matrix,e9839e3017c9ef118c4b8aeafef39e78c11ecbdb89764e9ca676a7dc2fb6d062,"{""distance"":3,""physical_error_rate"":1e-06}","{""detection_events"":1293,""detectors_checked"":404877312}"
   3702784,         1,         0,   117.2,decoder_by_matrix,36e3cd26fed5ec7649ec51fb08c1a5e7d7f30e615782d954fee045c18a4962ca,"{""distance"":3,""physical_error_rate"":5e-05}","{""detection_events"":26727,""detectors_checked"":199950336,""obs_mistake_mask=E"":1}"
   2767872,        40,         0,   117.3,decoder_by_matrix,5c8c81bfec719079c388cedc47a351f264c1bf769ae28a89f9b4fc7719fea501,"{""distance"":3,""physical_error_rate"":0.0005}","{""detection_events"":201414,""detectors_checked"":149465088,""obs_mistake_mask=E"":40}"
   6643712,         0,         0,   115.3,decoder_by_matrix,560c721f87db01d4cacf7dcb7d8812fecde61e9e7776d4b9e1b1a792578ecad7,"{""distance"":3,""physical_error_rate"":5e-06}","{""detection_events"":4770,""detectors_checked"":358760448}"
   3622912,         0,         0,   117.2,decoder_by_matrix,36e3cd26fed5ec7649ec51fb08c1a5e7d7f30e615782d954fee045c18a4962ca,"{""distance"":3,""physical_error_rate"":5e-05}","{""detection_events"":26376,""detectors_checked"":195637248}"
   3065856,         6,         0,   117.3,decoder_by_matrix,beec9fd12293a9cfe53c9b61fb8ce2a525e4eed38fa75d132d6dc64699336876,"{""distance"":3,""physical_error_rate"":0.0001}","{""detection_events"":44331,""detectors_checked"":165556224,""obs_mistake_mask=E"":6}"
   3107840,         2,         0,   117.5,decoder_by_matrix,beec9fd12293a9cfe53c9b61fb8ce2a525e4eed38fa75d132d6dc64699336876,"{""distance"":3,""physical_error_rate"":0.0001}","{""detection_events"":44802,""detectors_checked"":167823360,""obs_mistake_mask=E"":2}"
   5832704,         0,         0,   116.2,decoder_by_matrix,e25b8d07214a8afb95d354611a83b9bb1ded39644e323a8585b3aabf687a4fff,"{""distance"":3,""physical_error_rate"":1e-05}","{""detection_events"":8568,""detectors_checked"":314966016}"
   2679808,       185,         0,   118.0,decoder_by_matrix,f854eed952f7ffb52e4f578393718ba880ba0930c78fe51d50828fe06a713055,"{""distance"":3,""physical_error_rate"":0.001}","{""detection_events"":389337,""detectors_checked"":144709632,""obs_mistake_mask=E"":185}"
   7504896,         0,         0,   115.1,decoder_by_matrix,e9839e3017c9ef118c4b8aeafef39e78c11ecbdb89764e9ca676a7dc2fb6d062,"{""distance"":3,""physical_error_rate"":1e-06}","{""detection_events"":1008,""detectors_checked"":405264384}"
   6654976,         0,         0,   114.7,decoder_by_matrix,560c721f87db01d4cacf7dcb7d8812fecde61e9e7776d4b9e1b1a792578ecad7,"{""distance"":3,""physical_error_rate"":5e-06}","{""detection_events"":4764,""detectors_checked"":359368704}"
   2765824,        36,         0,   117.7,decoder_by_matrix,5c8c81bfec719079c388cedc47a351f264c1bf769ae28a89f9b4fc7719fea501,"{""distance"":3,""physical_error_rate"":0.0005}","{""detection_events"":202164,""detectors_checked"":149354496,""obs_mistake_mask=E"":36}"
   2769920,        35,         0,   116.4,decoder_by_matrix,5c8c81bfec719079c388cedc47a351f264c1bf769ae28a89f9b4fc7719fea501,"{""distance"":3,""physical_error_rate"":0.0005}","{""detection_events"":200487,""detectors_checked"":149575680,""obs_mistake_mask=E"":35}"
   2749440,        59,         0,   117.6,decoder_by_matrix,5c8c81bfec719079c388cedc47a351f264c1bf769ae28a89f9b4fc7719fea501,"{""distance"":3,""physical_error_rate"":0.0005}","{""detection_events"":203175,""detectors_checked"":148469760,""obs_mistake_mask=E"":59}"
   5888000,         0,         0,   115.3,decoder_by_matrix,e25b8d07214a8afb95d354611a83b9bb1ded39644e323a8585b3aabf687a4fff,"{""distance"":3,""physical_error_rate"":1e-05}","{""detection_events"":8331,""detectors_checked"":317952000}"
   3076096,         2,         0,   118.1,decoder_by_matrix,beec9fd12293a9cfe53c9b61fb8ce2a525e4eed38fa75d132d6dc64699336876,"{""distance"":3,""physical_error_rate"":0.0001}","{""detection_events"":45504,""detectors_checked"":166109184,""obs_mistake_mask=E"":2}"
   2665472,       197,         0,   117.9,decoder_by_matrix,f854eed952f7ffb52e4f578393718ba880ba0930c78fe51d50828fe06a713055,"{""distance"":3,""physical_error_rate"":0.001}","{""detection_events"":385263,""detectors_checked"":143935488,""obs_mistake_mask=E"":197}"
   3083264,         2,         0,   116.5,decoder_by_matrix,beec9fd12293a9cfe53c9b61fb8ce2a525e4eed38fa75d132d6dc64699336876,"{""distance"":3,""physical_error_rate"":0.0001}","{""detection_events"":45444,""detectors_checked"":166496256,""obs_mistake_mask=E"":2}"
   7480320,         0,         0,   114.1,decoder_by_matrix,e9839e3017c9ef118c4b8aeafef39e78c11ecbdb89764e9ca676a7dc2fb6d062,"{""distance"":3,""physical_error_rate"":1e-06}","{""detection_events"":1155,""detectors_checked"":403937280}"
   6678528,         0,         0,   114.9,decoder_by_matrix,560c721f87db01d4cacf7dcb7d8812fecde61e9e7776d4b9e1b1a792578ecad7,"{""distance"":3,""physical_error_rate"":5e-06}","{""detection_events"":4524,""detectors_checked"":360640512}"
   2679808,       185,         0,   118.2,decoder_by_matrix,f854eed952f7ffb52e4f578393718ba880ba0930c78fe51d50828fe06a713055,"{""distance"":3,""physical_error_rate"":0.001}","{""detection_events"":388665,""detectors_checked"":144709632,""obs_mistake_mask=E"":185}"
   3619840,         1,         0,   118.1,decoder_by_matrix,36e3cd26fed5ec7649ec51fb08c1a5e7d7f30e615782d954fee045c18a4962ca,"{""distance"":3,""physical_error_rate"":5e-05}","{""detection_events"":26589,""detectors_checked"":195471360,""obs_mistake_mask=E"":1}"
   6681600,         0,         0,   115.8,decoder_by_matrix,560c721f87db01d4cacf7dcb7d8812fecde61e9e7776d4b9e1b1a792578ecad7,"{""distance"":3,""physical_error_rate"":5e-06}","{""detection_events"":4413,""detectors_checked"":360806400}"
   3666944,         1,         0,   116.7,decoder_by_matrix,36e3cd26fed5ec7649ec51fb08c1a5e7d7f30e615782d954fee045c18a4962ca,"{""distance"":3,""physical_error_rate"":5e-05}","{""detection_events"":26943,""detectors_checked"":198014976,""obs_mistake_mask=E"":1}"
   7492608,         0,         0,   114.0,decoder_by_matrix,e9839e3017c9ef118c4b8aeafef39e78c11ecbdb89764e9ca676a7dc2fb6d062,"{""distance"":3,""physical_error_rate"":1e-06}","{""detection_events"":1044,""detectors_checked"":404600832}"
   5885952,         0,         0,   116.0,decoder_by_matrix,e25b8d07214a8afb95d354611a83b9bb1ded39644e323a8585b3aabf687a4fff,"{""distance"":3,""physical_error_rate"":1e-05}","{""detection_events"":8499,""detectors_checked"":317841408}"
   6553600,         0,         0,   115.0,decoder_by_matrix,560c721f87db01d4cacf7dcb7d8812fecde61e9e7776d4b9e1b1a792578ecad7,"{""distance"":3,""physical_error_rate"":5e-06}","{""detection_events"":5286,""detectors_checked"":353894400}"
   7511040,         0,         0,   114.9,decoder_by_matrix,e9839e3017c9ef118c4b8aeafef39e78c11ecbdb89764e9ca676a7dc2fb6d062,"{""distance"":3,""physical_error_rate"":1e-06}","{""detection_events"":990,""detectors_checked"":405596160}"
   5921792,         0,         0,   116.1,decoder_by_matrix,e25b8d07214a8afb95d354611a83b9bb1ded39644e323a8585b3aabf687a4fff,"{""distance"":3,""physical_error_rate"":1e-05}","{""detection_events"":8604,""detectors_checked"":319776768}"
   3703808,         1,         0,   116.9,decoder_by_matrix,36e3cd26fed5ec7649ec51fb08c1a5e7d7f30e615782d954fee045c18a4962ca,"{""distance"":3,""physical_error_rate"":5e-05}","{""detection_events"":26574,""detectors_checked"":200005632,""obs_mistake_mask=E"":1}"
   5851136,         0,         0,   115.5,decoder_by_matrix,e25b8d07214a8afb95d354611a83b9bb1ded39644e323a8585b3aabf687a4fff,"{""distance"":3,""physical_error_rate"":1e-05}","{""detection_events"":8550,""detectors_checked"":315961344}"
   7534592,         0,         0,   113.1,decoder_by_matrix,e9839e3017c9ef118c4b8aeafef39e78c11ecbdb89764e9ca676a7dc2fb6d062,"{""distance"":3,""physical_error_rate"":1e-06}","{""detection_events"":1200,""detectors_checked"":406867968}"
   2671616,       175,         0,   117.1,decoder_by_matrix,f854eed952f7ffb52e4f578393718ba880ba0930c78fe51d50828fe06a713055,"{""distance"":3,""physical_error_rate"":0.001}","{""detection_events"":391281,""detectors_checked"":144267264,""obs_mistake_mask=E"":175}"
   3686400,         0,         0,   116.6,decoder_by_matrix,36e3cd26fed5ec7649ec51fb08c1a5e7d7f30e615782d954fee045c18a4962ca,"{""distance"":3,""physical_error_rate"":5e-05}","{""detection_events"":26862,""detectors_checked"":199065600}"
   2767872,        52,         0,   117.3,decoder_by_matrix,5c8c81bfec719079c388cedc47a351f264c1bf769ae28a89f9b4fc7719fea501,"{""distance"":3,""physical_error_rate"":0.0005}","{""detection_events"":203817,""detectors_checked"":149465088,""obs_mistake_mask=E"":52}"
   6649856,         0,         0,   115.3,decoder_by_matrix,560c721f87db01d4cacf7dcb7d8812fecde61e9e7776d4b9e1b1a792578ecad7,"{""distance"":3,""physical_error_rate"":5e-06}","{""detection_events"":4839,""detectors_checked"":359092224}"
   3095552,         0,         0,   117.3,decoder_by_matrix,beec9fd12293a9cfe53c9b61fb8ce2a525e4eed38fa75d132d6dc64699336876,"{""distance"":3,""physical_error_rate"":0.0001}","{""detection_events"":45264,""detectors_checked"":167159808}"
   3068928,         2,         0,   116.8,decoder_by_matrix,beec9fd12293a9cfe53c9b61fb8ce2a525e4eed38fa75d132d6dc64699336876,"{""distance"":3,""physical_error_rate"":0.0001}","{""detection_events"":44247,""detectors_checked"":165722112,""obs_mistake_mask=E"":2}"
   5828608,         0,         0,   115.4,decoder_by_matrix,e25b8d07214a8afb95d354611a83b9bb1ded39644e323a8585b3aabf687a4fff,"{""distance"":3,""physical_error_rate"":1e-05}","{""detection_events"":8739,""detectors_checked"":314744832}"
   3621888,         0,         0,   116.3,decoder_by_matrix,36e3cd26fed5ec7649ec51fb08c1a5e7d7f30e615782d954fee045c18a4962ca,"{""distance"":3,""physical_error_rate"":5e-05}","{""detection_events"":26337,""detectors_checked"":195581952}"
   7490560,         0,         0,   114.5,decoder_by_matrix,e9839e3017c9ef118c4b8aeafef39e78c11ecbdb89764e9ca676a7dc2fb6d062,"{""distance"":3,""physical_error_rate"":1e-06}","{""detection_events"":1071,""detectors_checked"":404490240}"
   2683904,       179,         0,   117.5,decoder_by_matrix,f854eed952f7ffb52e4f578393718ba880ba0930c78fe51d50828fe06a713055,"{""distance"":3,""physical_error_rate"":0.001}","{""detection_events"":389181,""detectors_checked"":144930816,""obs_mistake_mask=E"":179}"
   2765824,        52,         0,   117.5,decoder_by_matrix,5c8c81bfec719079c388cedc47a351f264c1bf769ae28a89f9b4fc7719fea501,"{""distance"":3,""physical_error_rate"":0.0005}","{""detection_events"":201162,""detectors_checked"":149354496,""obs_mistake_mask=E"":52}"
   6656000,         0,         0,   115.3,decoder_by_matrix,560c721f87db01d4cacf7dcb7d8812fecde61e9e7776d4b9e1b1a792578ecad7,"{""distance"":3,""physical_error_rate"":5e-06}","{""detection_events"":4749,""detectors_checked"":359424000}"
   2774016,        44,         0,   117.1,decoder_by_matrix,5c8c81bfec719079c388cedc47a351f264c1bf769ae28a89f9b4fc7719fea501,"{""distance"":3,""physical_error_rate"":0.0005}","{""detection_events"":201852,""detectors_checked"":149796864,""obs_mistake_mask=E"":44}"
   5858304,         0,         0,   116.2,decoder_by_matrix,e25b8d07214a8afb95d354611a83b9bb1ded39644e323a8585b3aabf687a4fff,"{""distance"":3,""physical_error_rate"":1e-05}","{""detection_events"":8643,""detectors_checked"":316348416}"
   2753536,        45,         0,   117.8,decoder_by_matrix,5c8c81bfec719079c388cedc47a351f264c1bf769ae28a89f9b4fc7719fea501,"{""distance"":3,""physical_error_rate"":0.0005}","{""detection_events"":201663,""detectors_checked"":148690944,""obs_mistake_mask=E"":45}"
   3086336,         2,         0,   117.7,decoder_by_matrix,beec9fd12293a9cfe53c9b61fb8ce2a525e4eed38fa75d132d6dc64699336876,"{""distance"":3,""physical_error_rate"":0.0001}","{""detection_events"":45630,""detectors_checked"":166662144,""obs_mistake_mask=E"":2}"
   2666496,       192,         0,   118.4,decoder_by_matrix,f854eed952f7ffb52e4f578393718ba880ba0930c78fe51d50828fe06a713055,"{""distance"":3,""physical_error_rate"":0.001}","{""detection_events"":392667,""detectors_checked"":143990784,""obs_mistake_mask=E"":192}"
   7505920,         0,         0,   114.1,decoder_by_matrix,e9839e3017c9ef118c4b8aeafef39e78c11ecbdb89764e9ca676a7dc2fb6d062,"{""distance"":3,""physical_error_rate"":1e-06}","{""detection_events"":1140,""detectors_checked"":405319680}"
   3105792,         1,         0,   117.5,decoder_by_matrix,beec9fd12293a9cfe53c9b61fb8ce2a525e4eed38fa75d132d6dc64699336876,"{""distance"":3,""physical_error_rate"":0.0001}","{""detection_events"":46146,""detectors_checked"":167712768,""obs_mistake_mask=E"":1}"
   6665216,         0,         0,   113.5,decoder_by_matrix,560c721f87db01d4cacf7dcb7d8812fecde61e9e7776d4b9e1b1a792578ecad7,"{""distance"":3,""physical_error_rate"":5e-06}","{""detection_events"":4779,""detectors_checked"":359921664}"
   2678784,       214,         0,   117.2,decoder_by_matrix,f854eed952f7ffb52e4f578393718ba880ba0930c78fe51d50828fe06a713055,"{""distance"":3,""physical_error_rate"":0.001}","{""detection_events"":388905,""detectors_checked"":144654336,""obs_mistake_mask=E"":214}"
   3608576,         1,         0,   117.6,decoder_by_matrix,36e3cd26fed5ec7649ec51fb08c1a5e7d7f30e615782d954fee045c18a4962ca,"{""distance"":3,""physical_error_rate"":5e-05}","{""detection_events"":26535,""detectors_checked"":194863104,""obs_mistake_mask=E"":1}"
   6660096,         0,         0,   115.8,decoder_by_matrix,560c721f87db01d4cacf7dcb7d8812fecde61e9e7776d4b9e1b1a792578ecad7,"{""distance"":3,""physical_error_rate"":5e-06}","{""detection_events"":4893,""detectors_checked"":359645184}"
   3653632,         1,         0,   117.4,decoder_by_matrix,36e3cd26fed5ec7649ec51fb08c1a5e7d7f30e615782d954fee045c18a4962ca,"{""distance"":3,""physical_error_rate"":5e-05}","{""detection_events"":26868,""detectors_checked"":197296128,""obs_mistake_mask=E"":1}"
   7471104,         0,         0,   115.5,decoder_by_matrix,e9839e3017c9ef118c4b8aeafef39e78c11ecbdb89764e9ca676a7dc2fb6d062,"{""distance"":3,""physical_error_rate"":1e-06}","{""detection_events"":1137,""detectors_checked"":403439616}"
   5764096,         0,         0,   116.1,decoder_by_matrix,e25b8d07214a8afb95d354611a83b9bb1ded39644e323a8585b3aabf687a4fff,"{""distance"":3,""physical_error_rate"":1e-05}","{""detection_events"":9159,""detectors_checked"":311261184}"
   6636544,         0,         0,   116.2,decoder_by_matrix,560c721f87db01d4cacf7dcb7d8812fecde61e9e7776d4b9e1b1a792578ecad7,"{""distance"":3,""physical_error_rate"":5e-06}","{""detection_events"":4704,""detectors_checked"":358373376}"
   7495680,         0,         0,   114.6,decoder_by_matrix,e9839e3017c9ef118c4b8aeafef39e78c11ecbdb89764e9ca676a7dc2fb6d062,"{""distance"":3,""physical_error_rate"":1e-06}","{""detection_events"":1194,""detectors_checked"":404766720}"
   5816320,         0,         0,   115.5,decoder_by_matrix,e25b8d07214a8afb95d354611a83b9bb1ded39644e323a8585b3aabf687a4fff,"{""distance"":3,""physical_error_rate"":1e-05}","{""detection_events"":8688,""detectors_checked"":314081280}"
   3687424,         1,         0,   116.9,decoder_by_matrix,36e3cd26fed5ec7649ec51fb08c1a5e7d7f30e615782d954fee045c18a4962ca,"{""distance"":3,""physical_error_rate"":5e-05}","{""detection_events"":26772,""detectors_checked"":199120896,""obs_mistake_mask=E"":1}"
   5831680,         0,         0,   116.5,decoder_by_matrix,e25b8d07214a8afb95d354611a83b9bb1ded39644e323a8585b3aabf687a4fff,"{""distance"":3,""physical_error_rate"":1e-05}","{""detection_events"":8811,""detectors_checked"":314910720}"
   2670592,       173,         0,   117.0,decoder_by_matrix,f854eed952f7ffb52e4f578393718ba880ba0930c78fe51d50828fe06a713055,"{""distance"":3,""physical_error_rate"":0.001}","{""detection_events"":386268,""detectors_checked"":144211968,""obs_mistake_mask=E"":173}"
   7547904,         0,         0,   114.7,decoder_by_matrix,e9839e3017c9ef118c4b8aeafef39e78c11ecbdb89764e9ca676a7dc2fb6d062,"{""distance"":3,""physical_error_rate"":1e-06}","{""detection_events"":1113,""detectors_checked"":407586816}"
   6694912,         0,         0,   115.5,decoder_by_matrix,560c721f87db01d4cacf7dcb7d8812fecde61e9e7776d4b9e1b1a792578ecad7,"{""distance"":3,""physical_error_rate"":5e-06}","{""detection_events"":4605,""detectors_checked"":361525248}"
   3092480,         0,         0,   117.0,decoder_by_matrix,beec9fd12293a9cfe53c9b61fb8ce2a525e4eed38fa75d132d6dc64699336876,"{""distance"":3,""physical_error_rate"":0.0001}","{""detection_events"":45021,""detectors_checked"":166993920}"
   3672064,         0,         0,   118.0,decoder_by_matrix,36e3cd26fed5ec7649ec51fb08c1a5e7d7f30e615782d954fee045c18a4962ca,"{""distance"":3,""physical_error_rate"":5e-05}","{""detection_events"":27174,""detectors_checked"":198291456}"
   2770944,        43,         0,   117.0,decoder_by_matrix,5c8c81bfec719079c388cedc47a351f264c1bf769ae28a89f9b4fc7719fea501,"{""distance"":3,""physical_error_rate"":0.0005}","{""detection_events"":199575,""detectors_checked"":149630976,""obs_mistake_mask=E"":43}"
   3647488,         0,         0,   116.9,decoder_by_matrix,36e3cd26fed5ec7649ec51fb08c1a5e7d7f30e615782d954fee045c18a4962ca,"{""distance"":3,""physical_error_rate"":5e-05}","{""detection_events"":26652,""detectors_checked"":196964352}"
   3063808,         4,         0,   117.1,decoder_by_matrix,beec9fd12293a9cfe53c9b61fb8ce2a525e4eed38fa75d132d6dc64699336876,"{""distance"":3,""physical_error_rate"":0.0001}","{""detection_events"":45579,""detectors_checked"":165445632,""obs_mistake_mask=E"":4}"
   5790720,         0,         0,   115.8,decoder_by_matrix,e25b8d07214a8afb95d354611a83b9bb1ded39644e323a8585b3aabf687a4fff,"{""distance"":3,""physical_error_rate"":1e-05}","{""detection_events"":8673,""detectors_checked"":312698880}"
   7503872,         0,         0,   113.8,decoder_by_matrix,e9839e3017c9ef118c4b8aeafef39e78c11ecbdb89764e9ca676a7dc2fb6d062,"{""distance"":3,""physical_error_rate"":1e-06}","{""detection_events"":1080,""detectors_checked"":405209088}"
   2683904,       158,         0,   117.9,decoder_by_matrix,f854eed952f7ffb52e4f578393718ba880ba0930c78fe51d50828fe06a713055,"{""distance"":3,""physical_error_rate"":0.001}","{""detection_events"":389649,""detectors_checked"":144930816,""obs_mistake_mask=E"":158}"
   6671360,         0,         0,   116.4,decoder_by_matrix,560c721f87db01d4cacf7dcb7d8812fecde61e9e7776d4b9e1b1a792578ecad7,"{""distance"":3,""physical_error_rate"":5e-06}","{""detection_events"":4830,""detectors_checked"":360253440}"
   2768896,        67,         0,   117.4,decoder_by_matrix,5c8c81bfec719079c388cedc47a351f264c1bf769ae28a89f9b4fc7719fea501,"{""distance"":3,""physical_error_rate"":0.0005}","{""detection_events"":203814,""detectors_checked"":149520384,""obs_mistake_mask=E"":67}"
   2774016,        35,         0,   118.3,decoder_by_matrix,5c8c81bfec719079c388cedc47a351f264c1bf769ae28a89f9b4fc7719fea501,"{""distance"":3,""physical_error_rate"":0.0005}","{""detection_events"":201105,""detectors_checked"":149796864,""obs_mistake_mask=E"":35}"
   5798912,         0,         0,   115.7,decoder_by_matrix,e25b8d07214a8afb95d354611a83b9bb1ded39644e323a8585b3aabf687a4fff,"{""distance"":3,""physical_error_rate"":1e-05}","{""detection_events"":8901,""detectors_checked"":313141248}"
   2749440,        60,         0,   117.0,decoder_by_matrix,5c8c81bfec719079c388cedc47a351f264c1bf769ae28a89f9b4fc7719fea501,"{""distance"":3,""physical_error_rate"":0.0005}","{""detection_events"":201015,""detectors_checked"":148469760,""obs_mistake_mask=E"":60}"
   2673664,       202,         0,   116.9,decoder_by_matrix,f854eed952f7ffb52e4f578393718ba880ba0930c78fe51d50828fe06a713055,"{""distance"":3,""physical_error_rate"":0.001}","{""detection_events"":389748,""detectors_checked"":144377856,""obs_mistake_mask=E"":202}"
   3097600,         3,         0,   117.4,decoder_by_matrix,beec9fd12293a9cfe53c9b61fb8ce2a525e4eed38fa75d132d6dc64699336876,"{""distance"":3,""physical_error_rate"":0.0001}","{""detection_events"":44421,""detectors_checked"":167270400,""obs_mistake_mask=E"":3}"
   7519232,         0,         0,   114.7,decoder_by_matrix,e9839e3017c9ef118c4b8aeafef39e78c11ecbdb89764e9ca676a7dc2fb6d062,"{""distance"":3,""physical_error_rate"":1e-06}","{""detection_events"":1074,""detectors_checked"":406038528}"
   3093504,         2,         0,   117.3,decoder_by_matrix,beec9fd12293a9cfe53c9b61fb8ce2a525e4eed38fa75d132d6dc64699336876,"{""distance"":3,""physical_error_rate"":0.0001}","{""detection_events"":45267,""detectors_checked"":167049216,""obs_mistake_mask=E"":2}"
   6652928,         0,         0,   116.3,decoder_by_matrix,560c721f87db01d4cacf7dcb7d8812fecde61e9e7776d4b9e1b1a792578ecad7,"{""distance"":3,""physical_error_rate"":5e-06}","{""detection_events"":4827,""detectors_checked"":359258112}"
   2680832,       197,         0,   118.6,decoder_by_matrix,f854eed952f7ffb52e4f578393718ba880ba0930c78fe51d50828fe06a713055,"{""distance"":3,""physical_error_rate"":0.001}","{""detection_events"":390000,""detectors_checked"":144764928,""obs_mistake_mask=E"":197}"
   3631104,         1,         0,   117.2,decoder_by_matrix,36e3cd26fed5ec7649ec51fb08c1a5e7d7f30e615782d954fee045c18a4962ca,"{""distance"":3,""physical_error_rate"":5e-05}","{""detection_events"":26982,""detectors_checked"":196079616,""obs_mistake_mask=E"":1}"
   6623232,         0,         0,   114.8,decoder_by_matrix,560c721f87db01d4cacf7dcb7d8812fecde61e9e7776d4b9e1b1a792578ecad7,"{""distance"":3,""physical_error_rate"":5e-06}","{""detection_events"":5016,""detectors_checked"":357654528}"
   3691520,         0,         0,   117.0,decoder_by_matrix,36e3cd26fed5ec7649ec51fb08c1a5e7d7f30e615782d954fee045c18a4962ca,"{""distance"":3,""physical_error_rate"":5e-05}","{""detection_events"":26868,""detectors_checked"":199342080}"
   7492608,         0,         0,   115.0,decoder_by_matrix,e9839e3017c9ef118c4b8aeafef39e78c11ecbdb89764e9ca676a7dc2fb6d062,"{""distance"":3,""physical_error_rate"":1e-06}","{""detection_events"":1068,""detectors_checked"":404600832}"
   5904384,         0,         0,   115.5,decoder_by_matrix,e25b8d07214a8afb95d354611a83b9bb1ded39644e323a8585b3aabf687a4fff,"{""distance"":3,""physical_error_rate"":1e-05}","{""detection_events"":8616,""detectors_checked"":318836736}"
   6619136,         0,         0,   115.6,decoder_by_matrix,560c721f87db01d4cacf7dcb7d8812fecde61e9e7776d4b9e1b1a792578ecad7,"{""distance"":3,""physical_error_rate"":5e-06}","{""detection_events"":5016,""detectors_checked"":357433344}"
   7507968,         0,         0,   115.5,decoder_by_matrix,e9839e3017c9ef118c4b8aeafef39e78c11ecbdb89764e9ca676a7dc2fb6d062,"{""distance"":3,""physical_error_rate"":1e-06}","{""detection_events"":1134,""detectors_checked"":405430272}"
   3630080,         1,         0,   116.8,decoder_by_matrix,36e3cd26fed5ec7649ec51fb08c1a5e7d7f30e615782d954fee045c18a4962ca,"{""distance"":3,""physical_error_rate"":5e-05}","{""detection_events"":26715,""detectors_checked"":196024320,""obs_mistake_mask=E"":1}"
   5832704,         1,         0,   116.0,decoder_by_matrix,e25b8d07214a8afb95d354611a83b9bb1ded39644e323a8585b3aabf687a4fff,"{""distance"":3,""physical_error_rate"":1e-05}","{""detection_events"":8889,""detectors_checked"":314966016,""obs_mistake_mask=E"":1}"
   2671616,       166,         0,   117.7,decoder_by_matrix,f854eed952f7ffb52e4f578393718ba880ba0930c78fe51d50828fe06a713055,"{""distance"":3,""physical_error_rate"":0.001}","{""detection_events"":390876,""detectors_checked"":144267264,""obs_mistake_mask=E"":166}"
   5840896,         0,         0,   115.2,decoder_by_matrix,e25b8d07214a8afb95d354611a83b9bb1ded39644e323a8585b3aabf687a4fff,"{""distance"":3,""physical_error_rate"":1e-05}","{""detection_events"":8352,""detectors_checked"":315408384}"
   7528448,         0,         0,   113.8,decoder_by_matrix,e9839e3017c9ef118c4b8aeafef39e78c11ecbdb89764e9ca676a7dc2fb6d062,"{""distance"":3,""physical_error_rate"":1e-06}","{""detection_events"":1119,""detectors_checked"":406536192}"
   3120128,         1,         0,   117.3,decoder_by_matrix,beec9fd12293a9cfe53c9b61fb8ce2a525e4eed38fa75d132d6dc64699336876,"{""distance"":3,""physical_error_rate"":0.0001}","{""detection_events"":45420,""detectors_checked"":168486912,""obs_mistake_mask=E"":1}"
   3676160,         0,         0,   118.3,decoder_by_matrix,36e3cd26fed5ec7649ec51fb08c1a5e7d7f30e615782d954fee045c18a4962ca,"{""distance"":3,""physical_error_rate"":5e-05}","{""detection_events"":26751,""detectors_checked"":198512640}"
   6640640,         0,         0,   116.0,decoder_by_matrix,560c721f87db01d4cacf7dcb7d8812fecde61e9e7776d4b9e1b1a792578ecad7,"{""distance"":3,""physical_error_rate"":5e-06}","{""detection_events"":4983,""detectors_checked"":358594560}"
   2768896,        44,         0,   117.6,decoder_by_matrix,5c8c81bfec719079c388cedc47a351f264c1bf769ae28a89f9b4fc7719fea501,"{""distance"":3,""physical_error_rate"":0.0005}","{""detection_events"":204468,""detectors_checked"":149520384,""obs_mistake_mask=E"":44}"
   5852160,         0,         0,   115.9,decoder_by_matrix,e25b8d07214a8afb95d354611a83b9bb1ded39644e323a8585b3aabf687a4fff,"{""distance"":3,""physical_error_rate"":1e-05}","{""detection_events"":8346,""detectors_checked"":316016640}"
   3613696,         2,         0,   116.9,decoder_by_matrix,36e3cd26fed5ec7649ec51fb08c1a5e7d7f30e615782d954fee045c18a4962ca,"{""distance"":3,""physical_error_rate"":5e-05}","{""detection_events"":26193,""detectors_checked"":195139584,""obs_mistake_mask=E"":2}"
   3077120,         3,         0,   118.0,decoder_by_matrix,beec9fd12293a9cfe53c9b61fb8ce2a525e4eed38fa75d132d6dc64699336876,"{""distance"":3,""physical_error_rate"":0.0001}","{""detection_events"":44745,""detectors_checked"":166164480,""obs_mistake_mask=E"":3}"
   7455744,         0,         0,   115.4,decoder_by_matrix,e9839e3017c9ef118c4b8aeafef39e78c11ecbdb89764e9ca676a7dc2fb6d062,"{""distance"":3,""physical_error_rate"":1e-06}","{""detection_events"":1233,""detectors_checked"":402610176}"
   6642688,         0,         0,   115.9,decoder_by_matrix,560c721f87db01d4cacf7dcb7d8812fecde61e9e7776d4b9e1b1a792578ecad7,"{""distance"":3,""physical_error_rate"":5e-06}","{""detection_events"":4866,""detectors_checked"":358705152}"
   2681856,       173,         0,   118.8,decoder_by_matrix,f854eed952f7ffb52e4f578393718ba880ba0930c78fe51d50828fe06a713055,"{""distance"":3,""physical_error_rate"":0.001}","{""detection_events"":390129,""detectors_checked"":144820224,""obs_mistake_mask=E"":173}"
   2771968,        58,         0,   117.0,decoder_by_matrix,5c8c81bfec719079c388cedc47a351f264c1bf769ae28a89f9b4fc7719fea501,"{""distance"":3,""physical_error_rate"":0.0005}","{""detection_events"":203550,""detectors_checked"":149686272,""obs_mistake_mask=E"":58}"
   2767872,        45,         0,   117.6,decoder_by_matrix,5c8c81bfec719079c388cedc47a351f264c1bf769ae28a89f9b4fc7719fea501,"{""distance"":3,""physical_error_rate"":0.0005}","{""detection_events"":202338,""detectors_checked"":149465088,""obs_mistake_mask=E"":45}"
   5858304,         0,         0,   114.9,decoder_by_matrix,e25b8d07214a8afb95d354611a83b9bb1ded39644e323a8585b3aabf687a4fff,"{""distance"":3,""physical_error_rate"":1e-05}","{""detection_events"":8436,""detectors_checked"":316348416}"
   2754560,        43,         0,   118.0,decoder_by_matrix,5c8c81bfec719079c388cedc47a351f264c1bf769ae28a89f9b4fc7719fea501,"{""distance"":3,""physical_error_rate"":0.0005}","{""detection_events"":199779,""detectors_checked"":148746240,""obs_mistake_mask=E"":43}"
   2671616,       201,         0,   117.9,decoder_by_matrix,f854eed952f7ffb52e4f578393718ba880ba0930c78fe51d50828fe06a713055,"{""distance"":3,""physical_error_rate"":0.001}","{""detection_events"":388710,""detectors_checked"":144267264,""obs_mistake_mask=E"":201}"
   3106816,         3,         0,   117.7,decoder_by_matrix,beec9fd12293a9cfe53c9b61fb8ce2a525e4eed38fa75d132d6dc64699336876,"{""distance"":3,""physical_error_rate"":0.0001}","{""detection_events"":45981,""detectors_checked"":167768064,""obs_mistake_mask=E"":3}"
   3117056,         1,         0,   117.4,decoder_by_matrix,beec9fd12293a9cfe53c9b61fb8ce2a525e4eed38fa75d132d6dc64699336876,"{""distance"":3,""physical_error_rate"":0.0001}","{""detection_events"":45330,""detectors_checked"":168321024,""obs_mistake_mask=E"":1}"
   7488512,         0,         0,   113.9,decoder_by_matrix,e9839e3017c9ef118c4b8aeafef39e78c11ecbdb89764e9ca676a7dc2fb6d062,"{""distance"":3,""physical_error_rate"":1e-06}","{""detection_events"":1227,""detectors_checked"":404379648}"
   6650880,         0,         0,   115.8,decoder_by_matrix,560c721f87db01d4cacf7dcb7d8812fecde61e9e7776d4b9e1b1a792578ecad7,"{""distance"":3,""physical_error_rate"":5e-06}","{""detection_events"":4794,""detectors_checked"":359147520}"
   2685952,       189,         0,   117.6,decoder_by_matrix,f854eed952f7ffb52e4f578393718ba880ba0930c78fe51d50828fe06a713055,"{""distance"":3,""physical_error_rate"":0.001}","{""detection_events"":388731,""detectors_checked"":145041408,""obs_mistake_mask=E"":189}"
   3653632,         0,         0,   118.0,decoder_by_matrix,36e3cd26fed5ec7649ec51fb08c1a5e7d7f30e615782d954fee045c18a4962ca,"{""distance"":3,""physical_error_rate"":5e-05}","{""detection_events"":25713,""detectors_checked"":197296128}"
   3687424,         0,         0,   117.5,decoder_by_matrix,36e3cd26fed5ec7649ec51fb08c1a5e7d7f30e615782d954fee045c18a4962ca,"{""distance"":3,""physical_error_rate"":5e-05}","{""detection_events"":25920,""detectors_checked"":199120896}"
   6598656,         0,         0,   115.9,decoder_by_matrix,560c721f87db01d4cacf7dcb7d8812fecde61e9e7776d4b9e1b1a792578ecad7,"{""distance"":3,""physical_error_rate"":5e-06}","{""detection_events"":5151,""detectors_checked"":356327424}"
   7489536,         0,         0,   115.3,decoder_by_matrix,e9839e3017c9ef118c4b8aeafef39e78c11ecbdb89764e9ca676a7dc2fb6d062,"{""distance"":3,""physical_error_rate"":1e-06}","{""detection_events"":1080,""detectors_checked"":404434944}"
   5885952,         0,         0,   116.1,decoder_by_matrix,e25b8d07214a8afb95d354611a83b9bb1ded39644e323a8585b3aabf687a4fff,"{""distance"":3,""physical_error_rate"":1e-05}","{""detection_events"":8562,""detectors_checked"":317841408}"
   6561792,         0,         0,   115.4,decoder_by_matrix,560c721f87db01d4cacf7dcb7d8812fecde61e9e7776d4b9e1b1a792578ecad7,"{""distance"":3,""physical_error_rate"":5e-06}","{""detection_events"":5172,""detectors_checked"":354336768}"
   7514112,         0,         0,   114.3,decoder_by_matrix,e9839e3017c9ef118c4b8aeafef39e78c11ecbdb89764e9ca676a7dc2fb6d062,"{""distance"":3,""physical_error_rate"":1e-06}","{""detection_events"":1083,""detectors_checked"":405762048}"
   3697664,         0,         0,   117.0,decoder_by_matrix,36e3cd26fed5ec7649ec51fb08c1a5e7d7f30e615782d954fee045c18a4962ca,"{""distance"":3,""physical_error_rate"":5e-05}","{""detection_events"":26220,""detectors_checked"":199673856}"
   5904384,         0,         0,   115.7,decoder_by_matrix,e25b8d07214a8afb95d354611a83b9bb1ded39644e323a8585b3aabf687a4fff,"{""distance"":3,""physical_error_rate"":1e-05}","{""detection_events"":8724,""detectors_checked"":318836736}"
   2671616,       185,         0,   118.4,decoder_by_matrix,f854eed952f7ffb52e4f578393718ba880ba0930c78fe51d50828fe06a713055,"{""distance"":3,""physical_error_rate"":0.001}","{""detection_events"":388206,""detectors_checked"":144267264,""obs_mistake_mask=E"":185}"
   5853184,         0,         0,   115.7,decoder_by_matrix,e25b8d07214a8afb95d354611a83b9bb1ded39644e323a8585b3aabf687a4fff,"{""distance"":3,""physical_error_rate"":1e-05}","{""detection_events"":8490,""detectors_checked"":316071936}"
   7547904,         0,         0,   113.9,decoder_by_matrix,e9839e3017c9ef118c4b8aeafef39e78c11ecbdb89764e9ca676a7dc2fb6d062,"{""distance"":3,""physical_error_rate"":1e-06}","{""detection_events"":1035,""detectors_checked"":407586816}"
   3710976,         1,         0,   116.2,decoder_by_matrix,36e3cd26fed5ec7649ec51fb08c1a5e7d7f30e615782d954fee045c18a4962ca,"{""distance"":3,""physical_error_rate"":5e-05}","{""detection_events"":27096,""detectors_checked"":200392704,""obs_mistake_mask=E"":1}"
   3083264,         4,         0,   116.8,decoder_by_matrix,beec9fd12293a9cfe53c9b61fb8ce2a525e4eed38fa75d132d6dc64699336876,"{""distance"":3,""physical_error_rate"":0.0001}","{""detection_events"":45519,""detectors_checked"":166496256,""obs_mistake_mask=E"":4}"
   3061760,         1,         0,   117.2,decoder_by_matrix,beec9fd12293a9cfe53c9b61fb8ce2a525e4eed38fa75d132d6dc64699336876,"{""distance"":3,""physical_error_rate"":0.0001}","{""detection_events"":45708,""detectors_checked"":165335040,""obs_mistake_mask=E"":1}"
   2770944,        49,         0,   117.6,decoder_by_matrix,5c8c81bfec719079c388cedc47a351f264c1bf769ae28a89f9b4fc7719fea501,"{""distance"":3,""physical_error_rate"":0.0005}","{""detection_events"":203814,""detectors_checked"":149630976,""obs_mistake_mask=E"":49}"
   3610624,         0,         0,   117.1,decoder_by_matrix,36e3cd26fed5ec7649ec51fb08c1a5e7d7f30e615782d954fee045c18a4962ca,"{""distance"":3,""physical_error_rate"":5e-05}","{""detection_events"":25857,""detectors_checked"":194973696}"
   6664192,         0,         0,   115.3,decoder_by_matrix,560c721f87db01d4cacf7dcb7d8812fecde61e9e7776d4b9e1b1a792578ecad7,"{""distance"":3,""physical_error_rate"":5e-06}","{""detection_events"":4824,""detectors_checked"":359866368}"
   5901312,         1,         0,   116.7,decoder_by_matrix,e25b8d07214a8afb95d354611a83b9bb1ded39644e323a8585b3aabf687a4fff,"{""distance"":3,""physical_error_rate"":1e-05}","{""detection_events"":8289,""detectors_checked"":318670848,""obs_mistake_mask=E"":1}"
   7532544,         0,         0,   114.5,decoder_by_matrix,e9839e3017c9ef118c4b8aeafef39e78c11ecbdb89764e9ca676a7dc2fb6d062,"{""distance"":3,""physical_error_rate"":1e-06}","{""detection_events"":888,""detectors_checked"":406757376}"
   6663168,         0,         0,   116.1,decoder_by_matrix,560c721f87db01d4cacf7dcb7d8812fecde61e9e7776d4b9e1b1a792578ecad7,"{""distance"":3,""physical_error_rate"":5e-06}","{""detection_events"":4911,""detectors_checked"":359811072}"
   2680832,       195,         0,   116.7,decoder_by_matrix,f854eed952f7ffb52e4f578393718ba880ba0930c78fe51d50828fe06a713055,"{""distance"":3,""physical_error_rate"":0.001}","{""detection_events"":389574,""detectors_checked"":144764928,""obs_mistake_mask=E"":195}"
   2767872,        40,         0,   116.8,decoder_by_matrix,5c8c81bfec719079c388cedc47a351f264c1bf769ae28a89f9b4fc7719fea501,"{""distance"":3,""physical_error_rate"":0.0005}","{""detection_events"":202650,""detectors_checked"":149465088,""obs_mistake_mask=E"":40}"
   2772992,        60,         0,   118.4,decoder_by_matrix,5c8c81bfec719079c388cedc47a351f264c1bf769ae28a89f9b4fc7719fea501,"{""distance"":3,""physical_error_rate"":0.0005}","{""detection_events"":202305,""detectors_checked"":149741568,""obs_mistake_mask=E"":60}"
   5863424,         0,         0,   116.6,decoder_by_matrix,e25b8d07214a8afb95d354611a83b9bb1ded39644e323a8585b3aabf687a4fff,"{""distance"":3,""physical_error_rate"":1e-05}","{""detection_events"":8250,""detectors_checked"":316624896}"
   2755584,        48,         0,   116.7,decoder_by_matrix,5c8c81bfec719079c388cedc47a351f264c1bf769ae28a89f9b4fc7719fea501,"{""distance"":3,""physical_error_rate"":0.0005}","{""detection_events"":200871,""detectors_checked"":148801536,""obs_mistake_mask=E"":48}"
   2669568,       201,         0,   117.2,decoder_by_matrix,f854eed952f7ffb52e4f578393718ba880ba0930c78fe51d50828fe06a713055,"{""distance"":3,""physical_error_rate"":0.001}","{""detection_events"":387321,""detectors_checked"":144156672,""obs_mistake_mask=E"":201}"
   3080192,         0,         0,   116.1,decoder_by_matrix,beec9fd12293a9cfe53c9b61fb8ce2a525e4eed38fa75d132d6dc64699336876,"{""distance"":3,""physical_error_rate"":0.0001}","{""detection_events"":46050,""detectors_checked"":166330368}"
   3110912,         2,         0,   116.7,decoder_by_matrix,beec9fd12293a9cfe53c9b61fb8ce2a525e4eed38fa75d132d6dc64699336876,"{""distance"":3,""physical_error_rate"":0.0001}","{""detection_events"":46080,""detectors_checked"":167989248,""obs_mistake_mask=E"":2}"
   7542784,         0,         0,   114.9,decoder_by_matrix,e9839e3017c9ef118c4b8aeafef39e78c11ecbdb89764e9ca676a7dc2fb6d062,"{""distance"":3,""physical_error_rate"":1e-06}","{""detection_events"":975,""detectors_checked"":407310336}"
   6589440,         0,         0,   114.7,decoder_by_matrix,560c721f87db01d4cacf7dcb7d8812fecde61e9e7776d4b9e1b1a792578ecad7,"{""distance"":3,""physical_error_rate"":5e-06}","{""detection_events"":5076,""detectors_checked"":355829760}"
   2684928,       165,         0,   117.6,decoder_by_matrix,f854eed952f7ffb52e4f578393718ba880ba0930c78fe51d50828fe06a713055,"{""distance"":3,""physical_error_rate"":0.001}","{""detection_events"":392085,""detectors_checked"":144986112,""obs_mistake_mask=E"":165}"
   3697664,         1,         0,   116.5,decoder_by_matrix,36e3cd26fed5ec7649ec51fb08c1a5e7d7f30e615782d954fee045c18a4962ca,"{""distance"":3,""physical_error_rate"":5e-05}","{""detection_events"":26058,""detectors_checked"":199673856,""obs_mistake_mask=E"":1}"
   3694592,         1,         0,   115.9,decoder_by_matrix,36e3cd26fed5ec7649ec51fb08c1a5e7d7f30e615782d954fee045c18a4962ca,"{""distance"":3,""physical_error_rate"":5e-05}","{""detection_events"":26868,""detectors_checked"":199507968,""obs_mistake_mask=E"":1}"
   6663168,         0,         0,   115.5,decoder_by_matrix,560c721f87db01d4cacf7dcb7d8812fecde61e9e7776d4b9e1b1a792578ecad7,"{""distance"":3,""physical_error_rate"":5e-06}","{""detection_events"":4875,""detectors_checked"":359811072}"
   7504896,         0,         0,   115.2,decoder_by_matrix,e9839e3017c9ef118c4b8aeafef39e78c11ecbdb89764e9ca676a7dc2fb6d062,"{""distance"":3,""physical_error_rate"":1e-06}","{""detection_events"":1098,""detectors_checked"":405264384}"
   5871616,         0,         0,   116.1,decoder_by_matrix,e25b8d07214a8afb95d354611a83b9bb1ded39644e323a8585b3aabf687a4fff,"{""distance"":3,""physical_error_rate"":1e-05}","{""detection_events"":8586,""detectors_checked"":317067264}"
   6678528,         0,         0,   115.0,decoder_by_matrix,560c721f87db01d4cacf7dcb7d8812fecde61e9e7776d4b9e1b1a792578ecad7,"{""distance"":3,""physical_error_rate"":5e-06}","{""detection_events"":4656,""detectors_checked"":360640512}"
   7480320,         0,         0,   114.4,decoder_by_matrix,e9839e3017c9ef118c4b8aeafef39e78c11ecbdb89764e9ca676a7dc2fb6d062,"{""distance"":3,""physical_error_rate"":1e-06}","{""detection_events"":1131,""detectors_checked"":403937280}"
   3702784,         1,         0,   117.0,decoder_by_matrix,36e3cd26fed5ec7649ec51fb08c1a5e7d7f30e615782d954fee045c18a4962ca,"{""distance"":3,""physical_error_rate"":5e-05}","{""detection_events"":27024,""detectors_checked"":199950336,""obs_mistake_mask=E"":1}"
   5857280,         0,         0,   116.1,decoder_by_matrix,e25b8d07214a8afb95d354611a83b9bb1ded39644e323a8585b3aabf687a4fff,"{""distance"":3,""physical_error_rate"":1e-05}","{""detection_events"":8658,""detectors_checked"":316293120}"
   2672640,       217,         0,   117.9,decoder_by_matrix,f854eed952f7ffb52e4f578393718ba880ba0930c78fe51d50828fe06a713055,"{""distance"":3,""physical_error_rate"":0.001}","{""detection_events"":388968,""detectors_checked"":144322560,""obs_mistake_mask=E"":217}"
   5865472,         0,         0,   116.2,decoder_by_matrix,e25b8d07214a8afb95d354611a83b9bb1ded39644e323a8585b3aabf687a4fff,"{""distance"":3,""physical_error_rate"":1e-05}","{""detection_events"":8613,""detectors_checked"":316735488}"
   7529472,         0,         0,   115.3,decoder_by_matrix,e9839e3017c9ef118c4b8aeafef39e78c11ecbdb89764e9ca676a7dc2fb6d062,"{""distance"":3,""physical_error_rate"":1e-06}","{""detection_events"":1230,""detectors_checked"":406591488}"
   3673088,         0,         0,   116.5,decoder_by_matrix,36e3cd26fed5ec7649ec51fb08c1a5e7d7f30e615782d954fee045c18a4962ca,"{""distance"":3,""physical_error_rate"":5e-05}","{""detection_events"":27120,""detectors_checked"":198346752}"
   3062784,         3,         0,   117.7,decoder_by_matrix,beec9fd12293a9cfe53c9b61fb8ce2a525e4eed38fa75d132d6dc64699336876,"{""distance"":3,""physical_error_rate"":0.0001}","{""detection_events"":44805,""detectors_checked"":165390336,""obs_mistake_mask=E"":3}"
   6643712,         0,         0,   114.5,decoder_by_matrix,560c721f87db01d4cacf7dcb7d8812fecde61e9e7776d4b9e1b1a792578ecad7,"{""distance"":3,""physical_error_rate"":5e-06}","{""detection_events"":4767,""detectors_checked"":358760448}"
   3628032,         0,         0,   117.1,decoder_by_matrix,36e3cd26fed5ec7649ec51fb08c1a5e7d7f30e615782d954fee045c18a4962ca,"{""distance"":3,""physical_error_rate"":5e-05}","{""detection_events"":26508,""detectors_checked"":195913728}"
   3108864,         1,         0,   116.2,decoder_by_matrix,beec9fd12293a9cfe53c9b61fb8ce2a525e4eed38fa75d132d6dc64699336876,"{""distance"":3,""physical_error_rate"":0.0001}","{""detection_events"":44475,""detectors_checked"":167878656,""obs_mistake_mask=E"":1}"
   2768896,        50,         0,   118.0,decoder_by_matrix,5c8c81bfec719079c388cedc47a351f264c1bf769ae28a89f9b4fc7719fea501,"{""distance"":3,""physical_error_rate"":0.0005}","{""detection_events"":202206,""detectors_checked"":149520384,""obs_mistake_mask=E"":50}"
   5824512,         0,         0,   116.3,decoder_by_matrix,e25b8d07214a8afb95d354611a83b9bb1ded39644e323a8585b3aabf687a4fff,"{""distance"":3,""physical_error_rate"":1e-05}","{""detection_events"":8592,""detectors_checked"":314523648}"
   7429120,         0,         0,   115.3,decoder_by_matrix,e9839e3017c9ef118c4b8aeafef39e78c11ecbdb89764e9ca676a7dc2fb6d062,"{""distance"":3,""physical_error_rate"":1e-06}","{""detection_events"":1395,""detectors_checked"":401172480}"
   2681856,       186,         0,   118.5,decoder_by_matrix,f854eed952f7ffb52e4f578393718ba880ba0930c78fe51d50828fe06a713055,"{""distance"":3,""physical_error_rate"":0.001}","{""detection_events"":391476,""detectors_checked"":144820224,""obs_mistake_mask=E"":186}"
   6580224,         0,         0,   115.1,decoder_by_matrix,560c721f87db01d4cacf7dcb7d8812fecde61e9e7776d4b9e1b1a792578ecad7,"{""distance"":3,""physical_error_rate"":5e-06}","{""detection_events"":5094,""detectors_checked"":355332096}"
   2769920,        52,         0,   117.2,decoder_by_matrix,5c8c81bfec719079c388cedc47a351f264c1bf769ae28a89f9b4fc7719fea501,"{""distance"":3,""physical_error_rate"":0.0005}","{""detection_events"":201432,""detectors_checked"":149575680,""obs_mistake_mask=E"":52}"
   5873664,         0,         0,   117.1,decoder_by_matrix,e25b8d07214a8afb95d354611a83b9bb1ded39644e323a8585b3aabf687a4fff,"{""distance"":3,""physical_error_rate"":1e-05}","{""detection_events"":8247,""detectors_checked"":317177856}"
   2774016,        45,         0,   116.8,decoder_by_matrix,5c8c81bfec719079c388cedc47a351f264c1bf769ae28a89f9b4fc7719fea501,"{""distance"":3,""physical_error_rate"":0.0005}","{""detection_events"":200250,""detectors_checked"":149796864,""obs_mistake_mask=E"":45}"
   2755584,        39,         0,   118.0,decoder_by_matrix,5c8c81bfec719079c388cedc47a351f264c1bf769ae28a89f9b4fc7719fea501,"{""distance"":3,""physical_error_rate"":0.0005}","{""detection_events"":200319,""detectors_checked"":148801536,""obs_mistake_mask=E"":39}"
   2667520,       211,         0,   117.4,decoder_by_matrix,f854eed952f7ffb52e4f578393718ba880ba0930c78fe51d50828fe06a713055,"{""distance"":3,""physical_error_rate"":0.001}","{""detection_events"":386904,""detectors_checked"":144046080,""obs_mistake_mask=E"":211}"
   3116032,         4,         0,   117.3,decoder_by_matrix,beec9fd12293a9cfe53c9b61fb8ce2a525e4eed38fa75d132d6dc64699336876,"{""distance"":3,""physical_error_rate"":0.0001}","{""detection_events"":44604,""detectors_checked"":168265728,""obs_mistake_mask=E"":4}"
   7527424,         0,         0,   114.5,decoder_by_matrix,e9839e3017c9ef118c4b8aeafef39e78c11ecbdb89764e9ca676a7dc2fb6d062,"{""distance"":3,""physical_error_rate"":1e-06}","{""detection_events"":1053,""detectors_checked"":406480896}"
   3107840,         1,         0,   118.3,decoder_by_matrix,beec9fd12293a9cfe53c9b61fb8ce2a525e4eed38fa75d132d6dc64699336876,"{""distance"":3,""physical_error_rate"":0.0001}","{""detection_events"":45483,""detectors_checked"":167823360,""obs_mistake_mask=E"":1}"
   6646784,         0,         0,   114.7,decoder_by_matrix,560c721f87db01d4cacf7dcb7d8812fecde61e9e7776d4b9e1b1a792578ecad7,"{""distance"":3,""physical_error_rate"":5e-06}","{""detection_events"":4713,""detectors_checked"":358926336}"
   2684928,       193,         0,   118.1,decoder_by_matrix,f854eed952f7ffb52e4f578393718ba880ba0930c78fe51d50828fe06a713055,"{""distance"":3,""physical_error_rate"":0.001}","{""detection_events"":390465,""detectors_checked"":144986112,""obs_mistake_mask=E"":193}"
   3595264,         1,         0,   116.1,decoder_by_matrix,36e3cd26fed5ec7649ec51fb08c1a5e7d7f30e615782d954fee045c18a4962ca,"{""distance"":3,""physical_error_rate"":5e-05}","{""detection_events"":25956,""detectors_checked"":194144256,""obs_mistake_mask=E"":1}"
   3684352,         2,         0,   116.2,decoder_by_matrix,36e3cd26fed5ec7649ec51fb08c1a5e7d7f30e615782d954fee045c18a4962ca,"{""distance"":3,""physical_error_rate"":5e-05}","{""detection_events"":26673,""detectors_checked"":198955008,""obs_mistake_mask=E"":2}"
   6590464,         0,         0,   116.0,decoder_by_matrix,560c721f87db01d4cacf7dcb7d8812fecde61e9e7776d4b9e1b1a792578ecad7,"{""distance"":3,""physical_error_rate"":5e-06}","{""detection_events"":5076,""detectors_checked"":355885056}"
   5852160,         0,         0,   117.0,decoder_by_matrix,e25b8d07214a8afb95d354611a83b9bb1ded39644e323a8585b3aabf687a4fff,"{""distance"":3,""physical_error_rate"":1e-05}","{""detection_events"":8700,""detectors_checked"":316016640}"
   7476224,         0,         0,   114.3,decoder_by_matrix,e9839e3017c9ef118c4b8aeafef39e78c11ecbdb89764e9ca676a7dc2fb6d062,"{""distance"":3,""physical_error_rate"":1e-06}","{""detection_events"":1137,""detectors_checked"":403716096}"
   6648832,         0,         0,   115.1,decoder_by_matrix,560c721f87db01d4cacf7dcb7d8812fecde61e9e7776d4b9e1b1a792578ecad7,"{""distance"":3,""physical_error_rate"":5e-06}","{""detection_events"":4722,""detectors_checked"":359036928}"
   7507968,         0,         0,   116.3,decoder_by_matrix,e9839e3017c9ef118c4b8aeafef39e78c11ecbdb89764e9ca676a7dc2fb6d062,"{""distance"":3,""physical_error_rate"":1e-06}","{""detection_events"":1050,""detectors_checked"":405430272}"
   3643392,         0,         0,   116.8,decoder_by_matrix,36e3cd26fed5ec7649ec51fb08c1a5e7d7f30e615782d954fee045c18a4962ca,"{""distance"":3,""physical_error_rate"":5e-05}","{""detection_events"":27357,""detectors_checked"":196743168}"
   5872640,         0,         0,   116.6,decoder_by_matrix,e25b8d07214a8afb95d354611a83b9bb1ded39644e323a8585b3aabf687a4fff,"{""distance"":3,""physical_error_rate"":1e-05}","{""detection_events"":8718,""detectors_checked"":317122560}"
   2673664,       174,         0,   117.9,decoder_by_matrix,f854eed952f7ffb52e4f578393718ba880ba0930c78fe51d50828fe06a713055,"{""distance"":3,""physical_error_rate"":0.001}","{""detection_events"":387009,""detectors_checked"":144377856,""obs_mistake_mask=E"":174}"
   5775360,         0,         0,   115.5,decoder_by_matrix,e25b8d07214a8afb95d354611a83b9bb1ded39644e323a8585b3aabf687a4fff,"{""distance"":3,""physical_error_rate"":1e-05}","{""detection_events"":8871,""detectors_checked"":311869440}"
   7537664,         0,         0,   114.8,decoder_by_matrix,e9839e3017c9ef118c4b8aeafef39e78c11ecbdb89764e9ca676a7dc2fb6d062,"{""distance"":3,""physical_error_rate"":1e-06}","{""detection_events"":1152,""detectors_checked"":407033856}"
   3597312,         1,         0,   115.8,decoder_by_matrix,36e3cd26fed5ec7649ec51fb08c1a5e7d7f30e615782d954fee045c18a4962ca,"{""distance"":3,""physical_error_rate"":5e-05}","{""detection_events"":26499,""detectors_checked"":194254848,""obs_mistake_mask=E"":1}"
   2768896,        50,         0,   117.0,decoder_by_matrix,5c8c81bfec719079c388cedc47a351f264c1bf769ae28a89f9b4fc7719fea501,"{""distance"":3,""physical_error_rate"":0.0005}","{""detection_events"":201300,""detectors_checked"":149520384,""obs_mistake_mask=E"":50}"
   3097600,         7,         0,   117.3,decoder_by_matrix,beec9fd12293a9cfe53c9b61fb8ce2a525e4eed38fa75d132d6dc64699336876,"{""distance"":3,""physical_error_rate"":0.0001}","{""detection_events"":43893,""detectors_checked"":167270400,""obs_mistake_mask=E"":7}"
   3699712,         0,         0,   117.1,decoder_by_matrix,36e3cd26fed5ec7649ec51fb08c1a5e7d7f30e615782d954fee045c18a4962ca,"{""distance"":3,""physical_error_rate"":5e-05}","{""detection_events"":26928,""detectors_checked"":199784448}"
   6667264,         0,         0,   115.7,decoder_by_matrix,560c721f87db01d4cacf7dcb7d8812fecde61e9e7776d4b9e1b1a792578ecad7,"{""distance"":3,""physical_error_rate"":5e-06}","{""detection_events"":4791,""detectors_checked"":360032256}"
   5866496,         0,         0,   115.2,decoder_by_matrix,e25b8d07214a8afb95d354611a83b9bb1ded39644e323a8585b3aabf687a4fff,"{""distance"":3,""physical_error_rate"":1e-05}","{""detection_events"":8379,""detectors_checked"":316790784}"
   3093504,         6,         0,   116.7,decoder_by_matrix,beec9fd12293a9cfe53c9b61fb8ce2a525e4eed38fa75d132d6dc64699336876,"{""distance"":3,""physical_error_rate"":0.0001}","{""detection_events"":45111,""detectors_checked"":167049216,""obs_mistake_mask=E"":6}"
   2682880,       213,         0,   118.1,decoder_by_matrix,f854eed952f7ffb52e4f578393718ba880ba0930c78fe51d50828fe06a713055,"{""distance"":3,""physical_error_rate"":0.001}","{""detection_events"":391872,""detectors_checked"":144875520,""obs_mistake_mask=E"":213}"
   7493632,         0,         0,   114.1,decoder_by_matrix,e9839e3017c9ef118c4b8aeafef39e78c11ecbdb89764e9ca676a7dc2fb6d062,"{""distance"":3,""physical_error_rate"":1e-06}","{""detection_events"":1197,""detectors_checked"":404656128}"
   6585344,         0,         0,   115.2,decoder_by_matrix,560c721f87db01d4cacf7dcb7d8812fecde61e9e7776d4b9e1b1a792578ecad7,"{""distance"":3,""physical_error_rate"":5e-06}","{""detection_events"":5346,""detectors_checked"":355608576}"
   2767872,        55,         0,   118.2,decoder_by_matrix,5c8c81bfec719079c388cedc47a351f264c1bf769ae28a89f9b4fc7719fea501,"{""distance"":3,""physical_error_rate"":0.0005}","{""detection_events"":204303,""detectors_checked"":149465088,""obs_mistake_mask=E"":55}"
   5907456,         0,         0,   116.9,decoder_by_matrix,e25b8d07214a8afb95d354611a83b9bb1ded39644e323a8585b3aabf687a4fff,"{""distance"":3,""physical_error_rate"":1e-05}","{""detection_events"":8421,""detectors_checked"":319002624}"
   2772992,        51,         0,   117.1,decoder_by_matrix,5c8c81bfec719079c388cedc47a351f264c1bf769ae28a89f9b4fc7719fea501,"{""distance"":3,""physical_error_rate"":0.0005}","{""detection_events"":202971,""detectors_checked"":149741568,""obs_mistake_mask=E"":51}"
   2755584,        55,         0,   117.2,decoder_by_matrix,5c8c81bfec719079c388cedc47a351f264c1bf769ae28a89f9b4fc7719fea501,"{""distance"":3,""physical_error_rate"":0.0005}","{""detection_events"":201384,""detectors_checked"":148801536,""obs_mistake_mask=E"":55}"
   2674688,       191,         0,   117.3,decoder_by_matrix,f854eed952f7ffb52e4f578393718ba880ba0930c78fe51d50828fe06a713055,"{""distance"":3,""physical_error_rate"":0.001}","{""detection_events"":391122,""detectors_checked"":144433152,""obs_mistake_mask=E"":191}"
   3087360,         1,         0,   117.6,decoder_by_matrix,beec9fd12293a9cfe53c9b61fb8ce2a525e4eed38fa75d132d6dc64699336876,"{""distance"":3,""physical_error_rate"":0.0001}","{""detection_events"":45696,""detectors_checked"":166717440,""obs_mistake_mask=E"":1}"
   7455744,         0,         0,   114.3,decoder_by_matrix,e9839e3017c9ef118c4b8aeafef39e78c11ecbdb89764e9ca676a7dc2fb6d062,"{""distance"":3,""physical_error_rate"":1e-06}","{""detection_events"":1407,""detectors_checked"":402610176}"
   6660096,         0,         0,   116.4,decoder_by_matrix,560c721f87db01d4cacf7dcb7d8812fecde61e9e7776d4b9e1b1a792578ecad7,"{""distance"":3,""physical_error_rate"":5e-06}","{""detection_events"":4674,""detectors_checked"":359645184}"
   3107840,         1,         0,   117.8,decoder_by_matrix,beec9fd12293a9cfe53c9b61fb8ce2a525e4eed38fa75d132d6dc64699336876,"{""distance"":3,""physical_error_rate"":0.0001}","{""detection_events"":45273,""detectors_checked"":167823360,""obs_mistake_mask=E"":1}"
   2689024,       174,         0,   117.4,decoder_by_matrix,f854eed952f7ffb52e4f578393718ba880ba0930c78fe51d50828fe06a713055,"{""distance"":3,""physical_error_rate"":0.001}","{""detection_events"":389994,""detectors_checked"":145207296,""obs_mistake_mask=E"":174}"
   3653632,         1,         0,   117.7,decoder_by_matrix,36e3cd26fed5ec7649ec51fb08c1a5e7d7f30e615782d954fee045c18a4962ca,"{""distance"":3,""physical_error_rate"":5e-05}","{""detection_events"":26145,""detectors_checked"":197296128,""obs_mistake_mask=E"":1}"
   3693568,         0,         0,   116.7,decoder_by_matrix,36e3cd26fed5ec7649ec51fb08c1a5e7d7f30e615782d954fee045c18a4962ca,"{""distance"":3,""physical_error_rate"":5e-05}","{""detection_events"":27081,""detectors_checked"":199452672}"
   6653952,         0,         0,   117.0,decoder_by_matrix,560c721f87db01d4cacf7dcb7d8812fecde61e9e7776d4b9e1b1a792578ecad7,"{""distance"":3,""physical_error_rate"":5e-06}","{""detection_events"":4860,""detectors_checked"":359313408}"
   5863424,         0,         0,   115.4,decoder_by_matrix,e25b8d07214a8afb95d354611a83b9bb1ded39644e323a8585b3aabf687a4fff,"{""distance"":3,""physical_error_rate"":1e-05}","{""detection_events"":8688,""detectors_checked"":316624896}"
   7528448,         0,         0,   115.0,decoder_by_matrix,e9839e3017c9ef118c4b8aeafef39e78c11ecbdb89764e9ca676a7dc2fb6d062,"{""distance"":3,""physical_error_rate"":1e-06}","{""detection_events"":972,""detectors_checked"":406536192}"
   6642688,         0,         0,   114.9,decoder_by_matrix,560c721f87db01d4cacf7dcb7d8812fecde61e9e7776d4b9e1b1a792578ecad7,"{""distance"":3,""physical_error_rate"":5e-06}","{""detection_events"":4611,""detectors_checked"":358705152}"
   7484416,         0,         0,   114.3,decoder_by_matrix,e9839e3017c9ef118c4b8aeafef39e78c11ecbdb89764e9ca676a7dc2fb6d062,"{""distance"":3,""physical_error_rate"":1e-06}","{""detection_events"":1149,""detectors_checked"":404158464}"
   3733504,         0,         0,   117.5,decoder_by_matrix,36e3cd26fed5ec7649ec51fb08c1a5e7d7f30e615782d954fee045c18a4962ca,"{""distance"":3,""physical_error_rate"":5e-05}","{""detection_events"":26850,""detectors_checked"":201609216}"
   5857280,         0,         0,   116.8,decoder_by_matrix,e25b8d07214a8afb95d354611a83b9bb1ded39644e323a8585b3aabf687a4fff,"{""distance"":3,""physical_error_rate"":1e-05}","{""detection_events"":8823,""detectors_checked"":316293120}"
   2675712,       172,         0,   117.2,decoder_by_matrix,f854eed952f7ffb52e4f578393718ba880ba0930c78fe51d50828fe06a713055,"{""distance"":3,""physical_error_rate"":0.001}","{""detection_events"":385977,""detectors_checked"":144488448,""obs_mistake_mask=E"":172}"
   5827584,         0,         0,   116.1,decoder_by_matrix,e25b8d07214a8afb95d354611a83b9bb1ded39644e323a8585b3aabf687a4fff,"{""distance"":3,""physical_error_rate"":1e-05}","{""detection_events"":8652,""detectors_checked"":314689536}"
   7560192,         0,         0,   115.6,decoder_by_matrix,e9839e3017c9ef118c4b8aeafef39e78c11ecbdb89764e9ca676a7dc2fb6d062,"{""distance"":3,""physical_error_rate"":1e-06}","{""detection_events"":1113,""detectors_checked"":408250368}"
   3578880,         2,         0,   116.7,decoder_by_matrix,36e3cd26fed5ec7649ec51fb08c1a5e7d7f30e615782d954fee045c18a4962ca,"{""distance"":3,""physical_error_rate"":5e-05}","{""detection_events"":26547,""detectors_checked"":193259520,""obs_mistake_mask=E"":2}"
   2769920,        47,         0,   118.0,decoder_by_matrix,5c8c81bfec719079c388cedc47a351f264c1bf769ae28a89f9b4fc7719fea501,"{""distance"":3,""physical_error_rate"":0.0005}","{""detection_events"":201948,""detectors_checked"":149575680,""obs_mistake_mask=E"":47}"
   3048448,         2,         0,   117.1,decoder_by_matrix,beec9fd12293a9cfe53c9b61fb8ce2a525e4eed38fa75d132d6dc64699336876,"{""distance"":3,""physical_error_rate"":0.0001}","{""detection_events"":44340,""detectors_checked"":164616192,""obs_mistake_mask=E"":2}"
   5869568,         0,         0,   115.5,decoder_by_matrix,e25b8d07214a8afb95d354611a83b9bb1ded39644e323a8585b3aabf687a4fff,"{""distance"":3,""physical_error_rate"":1e-05}","{""detection_events"":8661,""detectors_checked"":316956672}"
   6642688,         0,         0,   115.1,decoder_by_matrix,560c721f87db01d4cacf7dcb7d8812fecde61e9e7776d4b9e1b1a792578ecad7,"{""distance"":3,""physical_error_rate"":5e-06}","{""detection_events"":4983,""detectors_checked"":358705152}"
   3092480,         3,         0,   117.5,decoder_by_matrix,beec9fd12293a9cfe53c9b61fb8ce2a525e4eed38fa75d132d6dc64699336876,"{""distance"":3,""physical_error_rate"":0.0001}","{""detection_events"":44253,""detectors_checked"":166993920,""obs_mistake_mask=E"":3}"
   3676160,         0,         0,   117.0,decoder_by_matrix,36e3cd26fed5ec7649ec51fb08c1a5e7d7f30e615782d954fee045c18a4962ca,"{""distance"":3,""physical_error_rate"":5e-05}","{""detection_events"":27081,""detectors_checked"":198512640}"
   7505920,         0,         0,   114.2,decoder_by_matrix,e9839e3017c9ef118c4b8aeafef39e78c11ecbdb89764e9ca676a7dc2fb6d062,"{""distance"":3,""physical_error_rate"":1e-06}","{""detection_events"":1059,""detectors_checked"":405319680}"
   2683904,       190,         0,   117.4,decoder_by_matrix,f854eed952f7ffb52e4f578393718ba880ba0930c78fe51d50828fe06a713055,"{""distance"":3,""physical_error_rate"":0.001}","{""detection_events"":392133,""detectors_checked"":144930816,""obs_mistake_mask=E"":190}"
   6580224,         0,         0,   115.3,decoder_by_matrix,560c721f87db01d4cacf7dcb7d8812fecde61e9e7776d4b9e1b1a792578ecad7,"{""distance"":3,""physical_error_rate"":5e-06}","{""detection_events"":5067,""detectors_checked"":355332096}"
   2772992,        47,         0,   117.9,decoder_by_matrix,5c8c81bfec719079c388cedc47a351f264c1bf769ae28a89f9b4fc7719fea501,"{""distance"":3,""physical_error_rate"":0.0005}","{""detection_events"":201240,""detectors_checked"":149741568,""obs_mistake_mask=E"":47}"
   5902336,         0,         0,   116.2,decoder_by_matrix,e25b8d07214a8afb95d354611a83b9bb1ded39644e323a8585b3aabf687a4fff,"{""distance"":3,""physical_error_rate"":1e-05}","{""detection_events"":8337,""detectors_checked"":318726144}"
   2769920,        46,         0,   117.7,decoder_by_matrix,5c8c81bfec719079c388cedc47a351f264c1bf769ae28a89f9b4fc7719fea501,"{""distance"":3,""physical_error_rate"":0.0005}","{""detection_events"":203754,""detectors_checked"":149575680,""obs_mistake_mask=E"":46}"
   2670592,       168,         0,   118.2,decoder_by_matrix,f854eed952f7ffb52e4f578393718ba880ba0930c78fe51d50828fe06a713055,"{""distance"":3,""physical_error_rate"":0.001}","{""detection_events"":390651,""detectors_checked"":144211968,""obs_mistake_mask=E"":168}"
   2757632,        57,         0,   117.2,decoder_by_matrix,5c8c81bfec719079c388cedc47a351f264c1bf769ae28a89f9b4fc7719fea501,"{""distance"":3,""physical_error_rate"":0.0005}","{""detection_events"":201711,""detectors_checked"":148912128,""obs_mistake_mask=E"":57}"
   3100672,         0,         0,   117.0,decoder_by_matrix,beec9fd12293a9cfe53c9b61fb8ce2a525e4eed38fa75d132d6dc64699336876,"{""distance"":3,""physical_error_rate"":0.0001}","{""detection_events"":45009,""detectors_checked"":167436288}"
   7531520,         0,         0,   114.4,decoder_by_matrix,e9839e3017c9ef118c4b8aeafef39e78c11ecbdb89764e9ca676a7dc2fb6d062,"{""distance"":3,""physical_error_rate"":1e-06}","{""detection_events"":1101,""detectors_checked"":406702080}"
   3087360,         0,         0,   117.3,decoder_by_matrix,beec9fd12293a9cfe53c9b61fb8ce2a525e4eed38fa75d132d6dc64699336876,"{""distance"":3,""physical_error_rate"":0.0001}","{""detection_events"":43698,""detectors_checked"":166717440}"
   6648832,         0,         0,   114.0,decoder_by_matrix,560c721f87db01d4cacf7dcb7d8812fecde61e9e7776d4b9e1b1a792578ecad7,"{""distance"":3,""physical_error_rate"":5e-06}","{""detection_events"":4878,""detectors_checked"":359036928}"
   2688000,       187,         0,   118.5,decoder_by_matrix,f854eed952f7ffb52e4f578393718ba880ba0930c78fe51d50828fe06a713055,"{""distance"":3,""physical_error_rate"":0.001}","{""detection_events"":389040,""detectors_checked"":145152000,""obs_mistake_mask=E"":187}"
      9216,         2,         0,   0.440,decoder_by_matrix,f854eed952f7ffb52e4f578393718ba880ba0930c78fe51d50828fe06a713055,"{""distance"":3,""physical_error_rate"":0.001}","{""detection_events"":1299,""detectors_checked"":497664,""obs_mistake_mask=E"":2}"
     28672,         1,         0,    1.30,decoder_by_matrix,f854eed952f7ffb52e4f578393718ba880ba0930c78fe51d50828fe06a713055,"{""distance"":3,""physical_error_rate"":0.001}","{""detection_events"":4080,""detectors_checked"":1548288,""obs_mistake_mask=E"":1}"
     17408,         2,         0,   0.788,decoder_by_matrix,f854eed952f7ffb52e4f578393718ba880ba0930c78fe51d50828fe06a713055,"{""distance"":3,""physical_error_rate"":0.001}","{""detection_events"":2505,""detectors_checked"":940032,""obs_mistake_mask=E"":2}"
      3072,         0,         0,   0.121,decoder_by_matrix,f854eed952f7ffb52e4f578393718ba880ba0930c78fe51d50828fe06a713055,"{""distance"":3,""physical_error_rate"":0.001}","{""detection_events"":459,""detectors_checked"":165888}"
   3692544,         1,         0,   116.4,decoder_by_matrix,36e3cd26fed5ec7649ec51fb08c1a5e7d7f30e615782d954fee045c18a4962ca,"{""distance"":3,""physical_error_rate"":5e-05}","{""detection_events"":25968,""detectors_checked"":199397376,""obs_mistake_mask=E"":1}"
         1,         0,         0,   0.000,decoder_by_matrix,beec9fd12293a9cfe53c9b61fb8ce2a525e4eed38fa75d132d6dc64699336876,"{""distance"":3,""physical_error_rate"":0.0001}","{""detectors_checked"":54}"
         1,         0,         0,   0.000,decoder_by_matrix,5c8c81bfec719079c388cedc47a351f264c1bf769ae28a89f9b4fc7719fea501,"{""distance"":3,""physical_error_rate"":0.0005}","{""detectors_checked"":54}"
         1,         0,         0,   0.000,decoder_by_matrix,5c8c81bfec719079c388cedc47a351f264c1bf769ae28a89f9b4fc7719fea501,"{""distance"":3,""physical_error_rate"":0.0005}","{""detectors_checked"":54}"
         1,         0,         0,   0.000,decoder_by_matrix,beec9fd12293a9cfe53c9b61fb8ce2a525e4eed38fa75d132d6dc64699336876,"{""distance"":3,""physical_error_rate"":0.0001}","{""detectors_checked"":54}"
      3344,         0,         0,   0.029,decoder_by_matrix,5c8c81bfec719079c388cedc47a351f264c1bf769ae28a89f9b4fc7719fea501,"{""distance"":3,""physical_error_rate"":0.0005}","{""detection_events"":303,""detectors_checked"":180576}"
      3344,         0,         0,   0.040,decoder_by_matrix,beec9fd12293a9cfe53c9b61fb8ce2a525e4eed38fa75d132d6dc64699336876,"{""distance"":3,""physical_error_rate"":0.0001}","{""detection_events"":99,""detectors_checked"":180576}"
      3344,         0,         0,   0.040,decoder_by_matrix,5c8c81bfec719079c388cedc47a351f264c1bf769ae28a89f9b4fc7719fea501,"{""distance"":3,""physical_error_rate"":0.0005}","{""detection_events"":246,""detectors_checked"":180576}"
      4368,         0,         0,   0.061,decoder_by_matrix,beec9fd12293a9cfe53c9b61fb8ce2a525e4eed38fa75d132d6dc64699336876,"{""distance"":3,""physical_error_rate"":0.0001}","{""detection_events"":39,""detectors_checked"":235872}"
      3072,         0,         0,   0.113,decoder_by_matrix,5c8c81bfec719079c388cedc47a351f264c1bf769ae28a89f9b4fc7719fea501,"{""distance"":3,""physical_error_rate"":0.0005}","{""detection_events"":267,""detectors_checked"":165888}"
      3072,         0,         0,   0.114,decoder_by_matrix,beec9fd12293a9cfe53c9b61fb8ce2a525e4eed38fa75d132d6dc64699336876,"{""distance"":3,""physical_error_rate"":0.0001}","{""detection_events"":42,""detectors_checked"":165888}"
      3072,         0,         0,   0.126,decoder_by_matrix,5c8c81bfec719079c388cedc47a351f264c1bf769ae28a89f9b4fc7719fea501,"{""distance"":3,""physical_error_rate"":0.0005}","{""detection_events"":183,""detectors_checked"":165888}"
      3072,         0,         0,   0.129,decoder_by_matrix,beec9fd12293a9cfe53c9b61fb8ce2a525e4eed38fa75d132d6dc64699336876,"{""distance"":3,""physical_error_rate"":0.0001}","{""detection_events"":21,""detectors_checked"":165888}"
      3072,         0,         0,   0.124,decoder_by_matrix,beec9fd12293a9cfe53c9b61fb8ce2a525e4eed38fa75d132d6dc64699336876,"{""distance"":3,""physical_error_rate"":0.0001}","{""detection_events"":78,""detectors_checked"":165888}"
      3072,         0,         0,   0.125,decoder_by_matrix,5c8c81bfec719079c388cedc47a351f264c1bf769ae28a89f9b4fc7719fea501,"{""distance"":3,""physical_error_rate"":0.0005}","{""detection_events"":228,""detectors_checked"":165888}"
      3072,         0,         0,   0.177,decoder_by_matrix,5c8c81bfec719079c388cedc47a351f264c1bf769ae28a89f9b4fc7719fea501,"{""distance"":3,""physical_error_rate"":0.0005}","{""detection_events"":240,""detectors_checked"":165888}"
      4096,         0,         0,   0.129,decoder_by_matrix,beec9fd12293a9cfe53c9b61fb8ce2a525e4eed38fa75d132d6dc64699336876,"{""distance"":3,""physical_error_rate"":0.0001}","{""detection_events"":69,""detectors_checked"":221184}"
      2048,         0,         0,   0.123,decoder_by_matrix,5c8c81bfec719079c388cedc47a351f264c1bf769ae28a89f9b4fc7719fea501,"{""distance"":3,""physical_error_rate"":0.0005}","{""detection_events"":171,""detectors_checked"":110592}"
      3072,         0,         0,   0.124,decoder_by_matrix,5c8c81bfec719079c388cedc47a351f264c1bf769ae28a89f9b4fc7719fea501,"{""distance"":3,""physical_error_rate"":0.0005}","{""detection_events"":222,""detectors_checked"":165888}"
      3072,         0,         0,   0.172,decoder_by_matrix,beec9fd12293a9cfe53c9b61fb8ce2a525e4eed38fa75d132d6dc64699336876,"{""distance"":3,""physical_error_rate"":0.0001}","{""detection_events"":33,""detectors_checked"":165888}"
      3072,         0,         0,   0.128,decoder_by_matrix,beec9fd12293a9cfe53c9b61fb8ce2a525e4eed38fa75d132d6dc64699336876,"{""distance"":3,""physical_error_rate"":0.0001}","{""detection_events"":39,""detectors_checked"":165888}"
      3072,         0,         0,   0.112,decoder_by_matrix,5c8c81bfec719079c388cedc47a351f264c1bf769ae28a89f9b4fc7719fea501,"{""distance"":3,""physical_error_rate"":0.0005}","{""detection_events"":174,""detectors_checked"":165888}"
      3072,         0,         0,   0.129,decoder_by_matrix,5c8c81bfec719079c388cedc47a351f264c1bf769ae28a89f9b4fc7719fea501,"{""distance"":3,""physical_error_rate"":0.0005}","{""detection_events"":267,""detectors_checked"":165888}"
      5120,         0,         0,   0.129,decoder_by_matrix,beec9fd12293a9cfe53c9b61fb8ce2a525e4eed38fa75d132d6dc64699336876,"{""distance"":3,""physical_error_rate"":0.0001}","{""detection_events"":15,""detectors_checked"":276480}"
      3072,         0,         0,   0.129,decoder_by_matrix,beec9fd12293a9cfe53c9b61fb8ce2a525e4eed38fa75d132d6dc64699336876,"{""distance"":3,""physical_error_rate"":0.0001}","{""detection_events"":45,""detectors_checked"":165888}"
      2048,         0,         0,   0.119,decoder_by_matrix,5c8c81bfec719079c388cedc47a351f264c1bf769ae28a89f9b4fc7719fea501,"{""distance"":3,""physical_error_rate"":0.0005}","{""detection_events"":96,""detectors_checked"":110592}"
      3072,         0,         0,   0.121,decoder_by_matrix,beec9fd12293a9cfe53c9b61fb8ce2a525e4eed38fa75d132d6dc64699336876,"{""distance"":3,""physical_error_rate"":0.0001}","{""detection_events"":54,""detectors_checked"":165888}"
      3072,         0,         0,   0.177,decoder_by_matrix,5c8c81bfec719079c388cedc47a351f264c1bf769ae28a89f9b4fc7719fea501,"{""distance"":3,""physical_error_rate"":0.0005}","{""detection_events"":219,""detectors_checked"":165888}"
      3072,         0,         0,   0.128,decoder_by_matrix,beec9fd12293a9cfe53c9b61fb8ce2a525e4eed38fa75d132d6dc64699336876,"{""distance"":3,""physical_error_rate"":0.0001}","{""detection_events"":30,""detectors_checked"":165888}"
      3072,         0,         0,   0.124,decoder_by_matrix,5c8c81bfec719079c388cedc47a351f264c1bf769ae28a89f9b4fc7719fea501,"{""distance"":3,""physical_error_rate"":0.0005}","{""detection_events"":198,""detectors_checked"":165888}"
      3072,         0,         0,   0.128,decoder_by_matrix,beec9fd12293a9cfe53c9b61fb8ce2a525e4eed38fa75d132d6dc64699336876,"{""distance"":3,""physical_error_rate"":0.0001}","{""detection_events"":45,""detectors_checked"":165888}"
      3072,         0,         0,   0.128,decoder_by_matrix,5c8c81bfec719079c388cedc47a351f264c1bf769ae28a89f9b4fc7719fea501,"{""distance"":3,""physical_error_rate"":0.0005}","{""detection_events"":165,""detectors_checked"":165888}"
      3072,         0,         0,   0.128,decoder_by_matrix,beec9fd12293a9cfe53c9b61fb8ce2a525e4eed38fa75d132d6dc64699336876,"{""distance"":3,""physical_error_rate"":0.0001}","{""detection_events"":45,""detectors_checked"":165888}"
      6144,         0,         0,   0.240,decoder_by_matrix,5c8c81bfec719079c388cedc47a351f264c1bf769ae28a89f9b4fc7719fea501,"{""distance"":3,""physical_error_rate"":0.0005}","{""detection_events"":492,""detectors_checked"":331776}"
      7168,         0,         0,   0.257,decoder_by_matrix,beec9fd12293a9cfe53c9b61fb8ce2a525e4eed38fa75d132d6dc64699336876,"{""distance"":3,""physical_error_rate"":0.0001}","{""detection_events"":60,""detectors_checked"":387072}"
      6144,         0,         0,   0.258,decoder_by_matrix,5c8c81bfec719079c388cedc47a351f264c1bf769ae28a89f9b4fc7719fea501,"{""distance"":3,""physical_error_rate"":0.0005}","{""detection_events"":414,""detectors_checked"":331776}"
      6144,         0,         0,   0.258,decoder_by_matrix,beec9fd12293a9cfe53c9b61fb8ce2a525e4eed38fa75d132d6dc64699336876,"{""distance"":3,""physical_error_rate"":0.0001}","{""detection_events"":93,""detectors_checked"":331776}"
      6144,         0,         0,   0.248,decoder_by_matrix,5c8c81bfec719079c388cedc47a351f264c1bf769ae28a89f9b4fc7719fea501,"{""distance"":3,""physical_error_rate"":0.0005}","{""detection_events"":408,""detectors_checked"":331776}"
      6144,         0,         0,   0.290,decoder_by_matrix,5c8c81bfec719079c388cedc47a351f264c1bf769ae28a89f9b4fc7719fea501,"{""distance"":3,""physical_error_rate"":0.0005}","{""detection_events"":516,""detectors_checked"":331776}"
      6144,         0,         0,   0.253,decoder_by_matrix,beec9fd12293a9cfe53c9b61fb8ce2a525e4eed38fa75d132d6dc64699336876,"{""distance"":3,""physical_error_rate"":0.0001}","{""detection_events"":78,""detectors_checked"":331776}"
      7168,         0,         0,   0.282,decoder_by_matrix,beec9fd12293a9cfe53c9b61fb8ce2a525e4eed38fa75d132d6dc64699336876,"{""distance"":3,""physical_error_rate"":0.0001}","{""detection_events"":108,""detectors_checked"":387072}"
      6144,         0,         0,   0.292,decoder_by_matrix,5c8c81bfec719079c388cedc47a351f264c1bf769ae28a89f9b4fc7719fea501,"{""distance"":3,""physical_error_rate"":0.0005}","{""detection_events"":420,""detectors_checked"":331776}"
     11264,         0,         0,   0.375,decoder_by_matrix,beec9fd12293a9cfe53c9b61fb8ce2a525e4eed38fa75d132d6dc64699336876,"{""distance"":3,""physical_error_rate"":0.0001}","{""detection_events"":129,""detectors_checked"":608256}"
      8192,         0,         0,   0.261,decoder_by_matrix,beec9fd12293a9cfe53c9b61fb8ce2a525e4eed38fa75d132d6dc64699336876,"{""distance"":3,""physical_error_rate"":0.0001}","{""detection_events"":132,""detectors_checked"":442368}"
      9216,         1,         0,   0.416,decoder_by_matrix,5c8c81bfec719079c388cedc47a351f264c1bf769ae28a89f9b4fc7719fea501,"{""distance"":3,""physical_error_rate"":0.0005}","{""detection_events"":786,""detectors_checked"":497664,""obs_mistake_mask=E"":1}"
     12288,         0,         0,   0.522,decoder_by_matrix,5c8c81bfec719079c388cedc47a351f264c1bf769ae28a89f9b4fc7719fea501,"{""distance"":3,""physical_error_rate"":0.0005}","{""detection_events"":1017,""detectors_checked"":663552}"
     12288,         0,         0,   0.496,decoder_by_matrix,beec9fd12293a9cfe53c9b61fb8ce2a525e4eed38fa75d132d6dc64699336876,"{""distance"":3,""physical_error_rate"":0.0001}","{""detection_events"":168,""detectors_checked"":663552}"
     13312,         0,         0,   0.392,decoder_by_matrix,beec9fd12293a9cfe53c9b61fb8ce2a525e4eed38fa75d132d6dc64699336876,"{""distance"":3,""physical_error_rate"":0.0001}","{""detection_events"":192,""detectors_checked"":718848}"
     11264,         0,         0,   0.392,decoder_by_matrix,5c8c81bfec719079c388cedc47a351f264c1bf769ae28a89f9b4fc7719fea501,"{""distance"":3,""physical_error_rate"":0.0005}","{""detection_events"":759,""detectors_checked"":608256}"
     15360,         0,         0,   0.663,decoder_by_matrix,5c8c81bfec719079c388cedc47a351f264c1bf769ae28a89f9b4fc7719fea501,"{""distance"":3,""physical_error_rate"":0.0005}","{""detection_events"":1188,""detectors_checked"":829440}"
     16384,         0,         0,   0.668,decoder_by_matrix,beec9fd12293a9cfe53c9b61fb8ce2a525e4eed38fa75d132d6dc64699336876,"{""distance"":3,""physical_error_rate"":0.0001}","{""detection_events"":216,""detectors_checked"":884736}"
     16384,         0,         0,   0.645,decoder_by_matrix,beec9fd12293a9cfe53c9b61fb8ce2a525e4eed38fa75d132d6dc64699336876,"{""distance"":3,""physical_error_rate"":0.0001}","{""detection_events"":213,""detectors_checked"":884736}"
     15360,         0,         0,   0.649,decoder_by_matrix,5c8c81bfec719079c388cedc47a351f264c1bf769ae28a89f9b4fc7719fea501,"{""distance"":3,""physical_error_rate"":0.0005}","{""detection_events"":1467,""detectors_checked"":829440}"
     19456,         0,         0,   0.795,decoder_by_matrix,beec9fd12293a9cfe53c9b61fb8ce2a525e4eed38fa75d132d6dc64699336876,"{""distance"":3,""physical_error_rate"":0.0001}","{""detection_events"":297,""detectors_checked"":1050624}"
     20480,         0,         0,   0.918,decoder_by_matrix,5c8c81bfec719079c388cedc47a351f264c1bf769ae28a89f9b4fc7719fea501,"{""distance"":3,""physical_error_rate"":0.0005}","{""detection_events"":1497,""detectors_checked"":1105920}"
     20480,         0,         0,   0.857,decoder_by_matrix,beec9fd12293a9cfe53c9b61fb8ce2a525e4eed38fa75d132d6dc64699336876,"{""distance"":3,""physical_error_rate"":0.0001}","{""detection_events"":258,""detectors_checked"":1105920}"
     20480,         0,         0,   0.893,decoder_by_matrix,5c8c81bfec719079c388cedc47a351f264c1bf769ae28a89f9b4fc7719fea501,"{""distance"":3,""physical_error_rate"":0.0005}","{""detection_events"":1542,""detectors_checked"":1105920}"
     27648,         0,         0,    1.00,decoder_by_matrix,beec9fd12293a9cfe53c9b61fb8ce2a525e4eed38fa75d132d6dc64699336876,"{""distance"":3,""physical_error_rate"":0.0001}","{""detection_events"":456,""detectors_checked"":1492992}"
     26624,         1,         0,    1.14,decoder_by_matrix,5c8c81bfec719079c388cedc47a351f264c1bf769ae28a89f9b4fc7719fea501,"{""distance"":3,""physical_error_rate"":0.0005}","{""detection_events"":1794,""detectors_checked"":1437696,""obs_mistake_mask=E"":1}"
     29696,         1,         0,    1.16,decoder_by_matrix,beec9fd12293a9cfe53c9b61fb8ce2a525e4eed38fa75d132d6dc64699336876,"{""distance"":3,""physical_error_rate"":0.0001}","{""detection_events"":549,""detectors_checked"":1603584,""obs_mistake_mask=E"":1}"
     26624,         1,         0,    1.14,decoder_by_matrix,5c8c81bfec719079c388cedc47a351f264c1bf769ae28a89f9b4fc7719fea501,"{""distance"":3,""physical_error_rate"":0.0005}","{""detection_events"":1614,""detectors_checked"":1437696,""obs_mistake_mask=E"":1}"
     43008,         0,         0,    1.65,decoder_by_matrix,beec9fd12293a9cfe53c9b61fb8ce2a525e4eed38fa75d132d6dc64699336876,"{""distance"":3,""physical_error_rate"":0.0001}","{""detection_events"":588,""detectors_checked"":2322432}"
     37888,         0,         0,    1.65,decoder_by_matrix,5c8c81bfec719079c388cedc47a351f264c1bf769ae28a89f9b4fc7719fea501,"{""distance"":3,""physical_error_rate"":0.0005}","{""detection_events"":2967,""detectors_checked"":2045952}"
     44032,         0,         0,    1.53,decoder_by_matrix,beec9fd12293a9cfe53c9b61fb8ce2a525e4eed38fa75d132d6dc64699336876,"{""distance"":3,""physical_error_rate"":0.0001}","{""detection_events"":546,""detectors_checked"":2377728}"
     37888,         0,         0,    1.66,decoder_by_matrix,5c8c81bfec719079c388cedc47a351f264c1bf769ae28a89f9b4fc7719fea501,"{""distance"":3,""physical_error_rate"":0.0005}","{""detection_events"":2826,""detectors_checked"":2045952}"
     50176,         0,         0,    2.19,decoder_by_matrix,5c8c81bfec719079c388cedc47a351f264c1bf769ae28a89f9b4fc7719fea501,"{""distance"":3,""physical_error_rate"":0.0005}","{""detection_events"":3702,""detectors_checked"":2709504}"
     57344,         0,         0,    2.29,decoder_by_matrix,beec9fd12293a9cfe53c9b61fb8ce2a525e4eed38fa75d132d6dc64699336876,"{""distance"":3,""physical_error_rate"":0.0001}","{""detection_events"":867,""detectors_checked"":3096576}"
     56320,         0,         0,    2.21,decoder_by_matrix,beec9fd12293a9cfe53c9b61fb8ce2a525e4eed38fa75d132d6dc64699336876,"{""distance"":3,""physical_error_rate"":0.0001}","{""detection_events"":792,""detectors_checked"":3041280}"
     50176,         1,         0,    1.93,decoder_by_matrix,5c8c81bfec719079c388cedc47a351f264c1bf769ae28a89f9b4fc7719fea501,"{""distance"":3,""physical_error_rate"":0.0005}","{""detection_events"":3885,""detectors_checked"":2709504,""obs_mistake_mask=E"":1}"
     70656,         1,         0,    3.08,decoder_by_matrix,5c8c81bfec719079c388cedc47a351f264c1bf769ae28a89f9b4fc7719fea501,"{""distance"":3,""physical_error_rate"":0.0005}","{""detection_events"":5190,""detectors_checked"":3815424,""obs_mistake_mask=E"":1}"
     70656,         0,         0,    2.94,decoder_by_matrix,5c8c81bfec719079c388cedc47a351f264c1bf769ae28a89f9b4fc7719fea501,"{""distance"":3,""physical_error_rate"":0.0005}","{""detection_events"":5019,""detectors_checked"":3815424}"
     80896,         0,         0,    2.79,decoder_by_matrix,beec9fd12293a9cfe53c9b61fb8ce2a525e4eed38fa75d132d6dc64699336876,"{""distance"":3,""physical_error_rate"":0.0001}","{""detection_events"":1308,""detectors_checked"":4368384}"
     78848,         0,         0,    3.14,decoder_by_matrix,beec9fd12293a9cfe53c9b61fb8ce2a525e4eed38fa75d132d6dc64699336876,"{""distance"":3,""physical_error_rate"":0.0001}","{""detection_events"":1200,""detectors_checked"":4257792}"
     99328,         1,         0,    4.17,decoder_by_matrix,5c8c81bfec719079c388cedc47a351f264c1bf769ae28a89f9b4fc7719fea501,"{""distance"":3,""physical_error_rate"":0.0005}","{""detection_events"":7386,""detectors_checked"":5363712,""obs_mistake_mask=E"":1}"
     99328,         1,         0,    4.17,decoder_by_matrix,5c8c81bfec719079c388cedc47a351f264c1bf769ae28a89f9b4fc7719fea501,"{""distance"":3,""physical_error_rate"":0.0005}","{""detection_events"":7521,""detectors_checked"":5363712,""obs_mistake_mask=E"":1}"
    110592,         0,         0,    4.09,decoder_by_matrix,beec9fd12293a9cfe53c9b61fb8ce2a525e4eed38fa75d132d6dc64699336876,"{""distance"":3,""physical_error_rate"":0.0001}","{""detection_events"":1494,""detectors_checked"":5971968}"
    108544,         0,         0,    4.35,decoder_by_matrix,beec9fd12293a9cfe53c9b61fb8ce2a525e4eed38fa75d132d6dc64699336876,"{""distance"":3,""physical_error_rate"":0.0001}","{""detection_events"":1632,""detectors_checked"":5861376}"
    138240,         0,         0,    5.89,decoder_by_matrix,5c8c81bfec719079c388cedc47a351f264c1bf769ae28a89f9b4fc7719fea501,"{""distance"":3,""physical_error_rate"":0.0005}","{""detection_events"":10347,""detectors_checked"":7464960}"
    137216,         2,         0,    5.76,decoder_by_matrix,5c8c81bfec719079c388cedc47a351f264c1bf769ae28a89f9b4fc7719fea501,"{""distance"":3,""physical_error_rate"":0.0005}","{""detection_events"":10254,""detectors_checked"":7409664,""obs_mistake_mask=E"":2}"
    150528,         0,         0,    5.62,decoder_by_matrix,beec9fd12293a9cfe53c9b61fb8ce2a525e4eed38fa75d132d6dc64699336876,"{""distance"":3,""physical_error_rate"":0.0001}","{""detection_events"":2136,""detectors_checked"":8128512}"
    158720,         0,         0,    5.91,decoder_by_matrix,beec9fd12293a9cfe53c9b61fb8ce2a525e4eed38fa75d132d6dc64699336876,"{""distance"":3,""physical_error_rate"":0.0001}","{""detection_events"":2388,""detectors_checked"":8570880}"
   3676160,         1,         0,   115.9,decoder_by_matrix,36e3cd26fed5ec7649ec51fb08c1a5e7d7f30e615782d954fee045c18a4962ca,"{""distance"":3,""physical_error_rate"":5e-05}","{""detection_events"":26403,""detectors_checked"":198512640,""obs_mistake_mask=E"":1}"
   6660096,         0,         0,   115.8,decoder_by_matrix,560c721f87db01d4cacf7dcb7d8812fecde61e9e7776d4b9e1b1a792578ecad7,"{""distance"":3,""physical_error_rate"":5e-06}","{""detection_events"":4782,""detectors_checked"":359645184}"
   7481344,         0,         0,   114.0,decoder_by_matrix,e9839e3017c9ef118c4b8aeafef39e78c11ecbdb89764e9ca676a7dc2fb6d062,"{""distance"":3,""physical_error_rate"":1e-06}","{""detection_events"":1098,""detectors_checked"":403992576}"
   5867520,         0,         0,   115.8,decoder_by_matrix,e25b8d07214a8afb95d354611a83b9bb1ded39644e323a8585b3aabf687a4fff,"{""distance"":3,""physical_error_rate"":1e-05}","{""detection_events"":8442,""detectors_checked"":316846080}"
    193536,         4,         0,    8.31,decoder_by_matrix,5c8c81bfec719079c388cedc47a351f264c1bf769ae28a89f9b4fc7719fea501,"{""distance"":3,""physical_error_rate"":0.0005}","{""detection_events"":14367,""detectors_checked"":10450944,""obs_mistake_mask=E"":4}"
    193536,         3,         0,    8.16,decoder_by_matrix,5c8c81bfec719079c388cedc47a351f264c1bf769ae28a89f9b4fc7719fea501,"{""distance"":3,""physical_error_rate"":0.0005}","{""detection_events"":14466,""detectors_checked"":10450944,""obs_mistake_mask=E"":3}"
    211968,         1,         0,    7.82,decoder_by_matrix,beec9fd12293a9cfe53c9b61fb8ce2a525e4eed38fa75d132d6dc64699336876,"{""distance"":3,""physical_error_rate"":0.0001}","{""detection_events"":3342,""detectors_checked"":11446272,""obs_mistake_mask=E"":1}"
    220160,         0,         0,    8.36,decoder_by_matrix,beec9fd12293a9cfe53c9b61fb8ce2a525e4eed38fa75d132d6dc64699336876,"{""distance"":3,""physical_error_rate"":0.0001}","{""detection_events"":3288,""detectors_checked"":11888640}"
    270336,         9,         0,    11.2,decoder_by_matrix,5c8c81bfec719079c388cedc47a351f264c1bf769ae28a89f9b4fc7719fea501,"{""distance"":3,""physical_error_rate"":0.0005}","{""detection_events"":19212,""detectors_checked"":14598144,""obs_mistake_mask=E"":9}"
    272384,         6,         0,    11.4,decoder_by_matrix,5c8c81bfec719079c388cedc47a351f264c1bf769ae28a89f9b4fc7719fea501,"{""distance"":3,""physical_error_rate"":0.0005}","{""detection_events"":19653,""detectors_checked"":14708736,""obs_mistake_mask=E"":6}"
    304128,         0,         0,    11.5,decoder_by_matrix,beec9fd12293a9cfe53c9b61fb8ce2a525e4eed38fa75d132d6dc64699336876,"{""distance"":3,""physical_error_rate"":0.0001}","{""detection_events"":4338,""detectors_checked"":16422912}"
    302080,         0,         0,    11.4,decoder_by_matrix,beec9fd12293a9cfe53c9b61fb8ce2a525e4eed38fa75d132d6dc64699336876,"{""distance"":3,""physical_error_rate"":0.0001}","{""detection_events"":4326,""detectors_checked"":16312320}"
    377856,         7,         0,    16.3,decoder_by_matrix,5c8c81bfec719079c388cedc47a351f264c1bf769ae28a89f9b4fc7719fea501,"{""distance"":3,""physical_error_rate"":0.0005}","{""detection_events"":27537,""detectors_checked"":20404224,""obs_mistake_mask=E"":7}"
    378880,         4,         0,    16.4,decoder_by_matrix,5c8c81bfec719079c388cedc47a351f264c1bf769ae28a89f9b4fc7719fea501,"{""distance"":3,""physical_error_rate"":0.0005}","{""detection_events"":28227,""detectors_checked"":20459520,""obs_mistake_mask=E"":4}"
    422912,         0,         0,    16.1,decoder_by_matrix,beec9fd12293a9cfe53c9b61fb8ce2a525e4eed38fa75d132d6dc64699336876,"{""distance"":3,""physical_error_rate"":0.0001}","{""detection_events"":6459,""detectors_checked"":22837248}"
    420864,         0,         0,    16.1,decoder_by_matrix,beec9fd12293a9cfe53c9b61fb8ce2a525e4eed38fa75d132d6dc64699336876,"{""distance"":3,""physical_error_rate"":0.0001}","{""detection_events"":6243,""detectors_checked"":22726656}"
    528384,         9,         0,    22.7,decoder_by_matrix,5c8c81bfec719079c388cedc47a351f264c1bf769ae28a89f9b4fc7719fea501,"{""distance"":3,""physical_error_rate"":0.0005}","{""detection_events"":38781,""detectors_checked"":28532736,""obs_mistake_mask=E"":9}"
    529408,        14,         0,    22.5,decoder_by_matrix,5c8c81bfec719079c388cedc47a351f264c1bf769ae28a89f9b4fc7719fea501,"{""distance"":3,""physical_error_rate"":0.0005}","{""detection_events"":38916,""detectors_checked"":28588032,""obs_mistake_mask=E"":14}"
    587776,         0,         0,    22.3,decoder_by_matrix,beec9fd12293a9cfe53c9b61fb8ce2a525e4eed38fa75d132d6dc64699336876,"{""distance"":3,""physical_error_rate"":0.0001}","{""detection_events"":9030,""detectors_checked"":31739904}"
    582656,         1,         0,    21.5,decoder_by_matrix,beec9fd12293a9cfe53c9b61fb8ce2a525e4eed38fa75d132d6dc64699336876,"{""distance"":3,""physical_error_rate"":0.0001}","{""detection_events"":9153,""detectors_checked"":31463424,""obs_mistake_mask=E"":1}"
   6624256,         0,         0,   115.9,decoder_by_matrix,560c721f87db01d4cacf7dcb7d8812fecde61e9e7776d4b9e1b1a792578ecad7,"{""distance"":3,""physical_error_rate"":5e-06}","{""detection_events"":4905,""detectors_checked"":357709824}"
   7504896,         0,         0,   114.8,decoder_by_matrix,e9839e3017c9ef118c4b8aeafef39e78c11ecbdb89764e9ca676a7dc2fb6d062,"{""distance"":3,""physical_error_rate"":1e-06}","{""detection_events"":1014,""detectors_checked"":405264384}"
   3687424,         0,         0,   117.2,decoder_by_matrix,36e3cd26fed5ec7649ec51fb08c1a5e7d7f30e615782d954fee045c18a4962ca,"{""distance"":3,""physical_error_rate"":5e-05}","{""detection_events"":26991,""detectors_checked"":199120896}"
   5822464,         0,         0,   116.4,decoder_by_matrix,e25b8d07214a8afb95d354611a83b9bb1ded39644e323a8585b3aabf687a4fff,"{""distance"":3,""physical_error_rate"":1e-05}","{""detection_events"":8718,""detectors_checked"":314413056}"
    741376,        14,         0,    31.4,decoder_by_matrix,5c8c81bfec719079c388cedc47a351f264c1bf769ae28a89f9b4fc7719fea501,"{""distance"":3,""physical_error_rate"":0.0005}","{""detection_events"":54360,""detectors_checked"":40034304,""obs_mistake_mask=E"":14}"
    739328,        12,         0,    31.6,decoder_by_matrix,5c8c81bfec719079c388cedc47a351f264c1bf769ae28a89f9b4fc7719fea501,"{""distance"":3,""physical_error_rate"":0.0005}","{""detection_events"":53499,""detectors_checked"":39923712,""obs_mistake_mask=E"":12}"
    831488,         0,         0,    31.8,decoder_by_matrix,beec9fd12293a9cfe53c9b61fb8ce2a525e4eed38fa75d132d6dc64699336876,"{""distance"":3,""physical_error_rate"":0.0001}","{""detection_events"":12345,""detectors_checked"":44900352}"
    824320,         1,         0,    31.4,decoder_by_matrix,beec9fd12293a9cfe53c9b61fb8ce2a525e4eed38fa75d132d6dc64699336876,"{""distance"":3,""physical_error_rate"":0.0001}","{""detection_events"":11613,""detectors_checked"":44513280,""obs_mistake_mask=E"":1}"
   5915648,         0,         0,   116.8,decoder_by_matrix,e25b8d07214a8afb95d354611a83b9bb1ded39644e323a8585b3aabf687a4fff,"{""distance"":3,""physical_error_rate"":1e-05}","{""detection_events"":8220,""detectors_checked"":319444992}"
   3635200,         1,         0,   117.2,decoder_by_matrix,36e3cd26fed5ec7649ec51fb08c1a5e7d7f30e615782d954fee045c18a4962ca,"{""distance"":3,""physical_error_rate"":5e-05}","{""detection_events"":25848,""detectors_checked"":196300800,""obs_mistake_mask=E"":1}"
   2768896,        51,         0,   117.0,decoder_by_matrix,5c8c81bfec719079c388cedc47a351f264c1bf769ae28a89f9b4fc7719fea501,"{""distance"":3,""physical_error_rate"":0.0005}","{""detection_events"":201108,""detectors_checked"":149520384,""obs_mistake_mask=E"":51}"
   5791744,         0,         0,   114.6,decoder_by_matrix,e25b8d07214a8afb95d354611a83b9bb1ded39644e323a8585b3aabf687a4fff,"{""distance"":3,""physical_error_rate"":1e-05}","{""detection_events"":8886,""detectors_checked"":312754176}"
   7542784,         0,         0,   114.0,decoder_by_matrix,e9839e3017c9ef118c4b8aeafef39e78c11ecbdb89764e9ca676a7dc2fb6d062,"{""distance"":3,""physical_error_rate"":1e-06}","{""detection_events"":1107,""detectors_checked"":407310336}"
   6639616,         0,         0,   113.9,decoder_by_matrix,560c721f87db01d4cacf7dcb7d8812fecde61e9e7776d4b9e1b1a792578ecad7,"{""distance"":3,""physical_error_rate"":5e-06}","{""detection_events"":4917,""detectors_checked"":358539264}"
   3063808,         2,         0,   117.1,decoder_by_matrix,beec9fd12293a9cfe53c9b61fb8ce2a525e4eed38fa75d132d6dc64699336876,"{""distance"":3,""physical_error_rate"":0.0001}","{""detection_events"":45870,""detectors_checked"":165445632,""obs_mistake_mask=E"":2}"
   3678208,         0,         0,   116.6,decoder_by_matrix,36e3cd26fed5ec7649ec51fb08c1a5e7d7f30e615782d954fee045c18a4962ca,"{""distance"":3,""physical_error_rate"":5e-05}","{""detection_events"":26808,""detectors_checked"":198623232}"
   3089408,         2,         0,   117.3,decoder_by_matrix,beec9fd12293a9cfe53c9b61fb8ce2a525e4eed38fa75d132d6dc64699336876,"{""distance"":3,""physical_error_rate"":0.0001}","{""detection_events"":44919,""detectors_checked"":166828032,""obs_mistake_mask=E"":2}"
   7523328,         0,         0,   115.0,decoder_by_matrix,e9839e3017c9ef118c4b8aeafef39e78c11ecbdb89764e9ca676a7dc2fb6d062,"{""distance"":3,""physical_error_rate"":1e-06}","{""detection_events"":999,""detectors_checked"":406259712}"
   6654976,         0,         0,   115.3,decoder_by_matrix,560c721f87db01d4cacf7dcb7d8812fecde61e9e7776d4b9e1b1a792578ecad7,"{""distance"":3,""physical_error_rate"":5e-06}","{""detection_events"":4920,""detectors_checked"":359368704}"
   2766848,        49,         0,   117.2,decoder_by_matrix,5c8c81bfec719079c388cedc47a351f264c1bf769ae28a89f9b4fc7719fea501,"{""distance"":3,""physical_error_rate"":0.0005}","{""detection_events"":203394,""detectors_checked"":149409792,""obs_mistake_mask=E"":49}"
   5805056,         1,         0,   116.1,decoder_by_matrix,e25b8d07214a8afb95d354611a83b9bb1ded39644e323a8585b3aabf687a4fff,"{""distance"":3,""physical_error_rate"":1e-05}","{""detection_events"":8727,""detectors_checked"":313473024,""obs_mistake_mask=E"":1}"
   2771968,        40,         0,   117.3,decoder_by_matrix,5c8c81bfec719079c388cedc47a351f264c1bf769ae28a89f9b4fc7719fea501,"{""distance"":3,""physical_error_rate"":0.0005}","{""detection_events"":200193,""detectors_checked"":149686272,""obs_mistake_mask=E"":40}"
   2756608,        65,         0,   117.8,decoder_by_matrix,5c8c81bfec719079c388cedc47a351f264c1bf769ae28a89f9b4fc7719fea501,"{""distance"":3,""physical_error_rate"":0.0005}","{""detection_events"":202488,""detectors_checked"":148856832,""obs_mistake_mask=E"":65}"
   7491584,         0,         0,   114.6,decoder_by_matrix,e9839e3017c9ef118c4b8aeafef39e78c11ecbdb89764e9ca676a7dc2fb6d062,"{""distance"":3,""physical_error_rate"":1e-06}","{""detection_events"":1152,""detectors_checked"":404545536}"
   3099648,         1,         0,   118.1,decoder_by_matrix,beec9fd12293a9cfe53c9b61fb8ce2a525e4eed38fa75d132d6dc64699336876,"{""distance"":3,""physical_error_rate"":0.0001}","{""detection_events"":46176,""detectors_checked"":167380992,""obs_mistake_mask=E"":1}"
   6645760,         0,         0,   115.0,decoder_by_matrix,560c721f87db01d4cacf7dcb7d8812fecde61e9e7776d4b9e1b1a792578ecad7,"{""distance"":3,""physical_error_rate"":5e-06}","{""detection_events"":4860,""detectors_checked"":358871040}"
   3086336,         0,         0,   116.9,decoder_by_matrix,beec9fd12293a9cfe53c9b61fb8ce2a525e4eed38fa75d132d6dc64699336876,"{""distance"":3,""physical_error_rate"":0.0001}","{""detection_events"":44793,""detectors_checked"":166662144}"
   3645440,         0,         0,   117.6,decoder_by_matrix,36e3cd26fed5ec7649ec51fb08c1a5e7d7f30e615782d954fee045c18a4962ca,"{""distance"":3,""physical_error_rate"":5e-05}","{""detection_events"":26976,""detectors_checked"":196853760}"
   3687424,         0,         0,   117.2,decoder_by_matrix,36e3cd26fed5ec7649ec51fb08c1a5e7d7f30e615782d954fee045c18a4962ca,"{""distance"":3,""physical_error_rate"":5e-05}","{""detection_events"":26280,""detectors_checked"":199120896}"
   6635520,         0,         0,   115.3,decoder_by_matrix,560c721f87db01d4cacf7dcb7d8812fecde61e9e7776d4b9e1b1a792578ecad7,"{""distance"":3,""physical_error_rate"":5e-06}","{""detection_events"":4905,""detectors_checked"":358318080}"
   7484416,         0,         0,   115.5,decoder_by_matrix,e9839e3017c9ef118c4b8aeafef39e78c11ecbdb89764e9ca676a7dc2fb6d062,"{""distance"":3,""physical_error_rate"":1e-06}","{""detection_events"":1053,""detectors_checked"":404158464}"
   5821440,         0,         0,   115.2,decoder_by_matrix,e25b8d07214a8afb95d354611a83b9bb1ded39644e323a8585b3aabf687a4fff,"{""distance"":3,""physical_error_rate"":1e-05}","{""detection_events"":8817,""detectors_checked"":314357760}"
   1036288,        20,         0,    44.4,decoder_by_matrix,5c8c81bfec719079c388cedc47a351f264c1bf769ae28a89f9b4fc7719fea501,"{""distance"":3,""physical_error_rate"":0.0005}","{""detection_events"":76494,""detectors_checked"":55959552,""obs_mistake_mask=E"":20}"
   1032192,         9,         0,    44.1,decoder_by_matrix,5c8c81bfec719079c388cedc47a351f264c1bf769ae28a89f9b4fc7719fea501,"{""distance"":3,""physical_error_rate"":0.0005}","{""detection_events"":75342,""detectors_checked"":55738368,""obs_mistake_mask=E"":9}"
   1164288,         0,         0,    44.3,decoder_by_matrix,beec9fd12293a9cfe53c9b61fb8ce2a525e4eed38fa75d132d6dc64699336876,"{""distance"":3,""physical_error_rate"":0.0001}","{""detection_events"":17223,""detectors_checked"":62871552}"
   1165312,         0,         0,    43.8,decoder_by_matrix,beec9fd12293a9cfe53c9b61fb8ce2a525e4eed38fa75d132d6dc64699336876,"{""distance"":3,""physical_error_rate"":0.0001}","{""detection_events"":16626,""detectors_checked"":62926848}"
   1444864,        31,         0,    61.0,decoder_by_matrix,5c8c81bfec719079c388cedc47a351f264c1bf769ae28a89f9b4fc7719fea501,"{""distance"":3,""physical_error_rate"":0.0005}","{""detection_events"":107289,""detectors_checked"":78022656,""obs_mistake_mask=E"":31}"
   1454080,        20,         0,    61.8,decoder_by_matrix,5c8c81bfec719079c388cedc47a351f264c1bf769ae28a89f9b4fc7719fea501,"{""distance"":3,""physical_error_rate"":0.0005}","{""detection_events"":104889,""detectors_checked"":78520320,""obs_mistake_mask=E"":20}"
   1634304,         3,         0,    61.0,decoder_by_matrix,beec9fd12293a9cfe53c9b61fb8ce2a525e4eed38fa75d132d6dc64699336876,"{""distance"":3,""physical_error_rate"":0.0001}","{""detection_events"":23235,""detectors_checked"":88252416,""obs_mistake_mask=E"":3}"
   1620992,         1,         0,    61.8,decoder_by_matrix,beec9fd12293a9cfe53c9b61fb8ce2a525e4eed38fa75d132d6dc64699336876,"{""distance"":3,""physical_error_rate"":0.0001}","{""detection_events"":23673,""detectors_checked"":87533568,""obs_mistake_mask=E"":1}"
   6536192,         0,         0,   115.6,decoder_by_matrix,560c721f87db01d4cacf7dcb7d8812fecde61e9e7776d4b9e1b1a792578ecad7,"{""distance"":3,""physical_error_rate"":5e-06}","{""detection_events"":5181,""detectors_checked"":352954368}"
   7516160,         0,         0,   115.3,decoder_by_matrix,e9839e3017c9ef118c4b8aeafef39e78c11ecbdb89764e9ca676a7dc2fb6d062,"{""distance"":3,""physical_error_rate"":1e-06}","{""detection_events"":1017,""detectors_checked"":405872640}"
   3667968,         1,         0,   117.5,decoder_by_matrix,36e3cd26fed5ec7649ec51fb08c1a5e7d7f30e615782d954fee045c18a4962ca,"{""distance"":3,""physical_error_rate"":5e-05}","{""detection_events"":26949,""detectors_checked"":198070272,""obs_mistake_mask=E"":1}"
   5800960,         0,         0,   115.6,decoder_by_matrix,e25b8d07214a8afb95d354611a83b9bb1ded39644e323a8585b3aabf687a4fff,"{""distance"":3,""physical_error_rate"":1e-05}","{""detection_events"":8958,""detectors_checked"":313251840}"
   5885952,         0,         0,   112.9,decoder_by_matrix,e25b8d07214a8afb95d354611a83b9bb1ded39644e323a8585b3aabf687a4fff,"{""distance"":3,""physical_error_rate"":1e-05}","{""detection_events"":8289,""detectors_checked"":317841408}"
   5829632,         0,         0,   115.9,decoder_by_matrix,e25b8d07214a8afb95d354611a83b9bb1ded39644e323a8585b3aabf687a4fff,"{""distance"":3,""physical_error_rate"":1e-05}","{""detection_events"":8715,""detectors_checked"":314800128}"
   6709248,         0,         0,   114.0,decoder_by_matrix,560c721f87db01d4cacf7dcb7d8812fecde61e9e7776d4b9e1b1a792578ecad7,"{""distance"":3,""physical_error_rate"":5e-06}","{""detection_events"":4656,""detectors_checked"":362299392}"
   7533568,         0,         0,   114.7,decoder_by_matrix,e9839e3017c9ef118c4b8aeafef39e78c11ecbdb89764e9ca676a7dc2fb6d062,"{""distance"":3,""physical_error_rate"":1e-06}","{""detection_events"":1170,""detectors_checked"":406812672}"
   2771968,        40,         0,   117.9,decoder_by_matrix,5c8c81bfec719079c388cedc47a351f264c1bf769ae28a89f9b4fc7719fea501,"{""distance"":3,""physical_error_rate"":0.0005}","{""detection_events"":203553,""detectors_checked"":149686272,""obs_mistake_mask=E"":40}"
   3630080,         4,         0,   117.0,decoder_by_matrix,36e3cd26fed5ec7649ec51fb08c1a5e7d7f30e615782d954fee045c18a4962ca,"{""distance"":3,""physical_error_rate"":5e-05}","{""detection_events"":26919,""detectors_checked"":196024320,""obs_mistake_mask=E"":4}"
   3057664,         3,         0,   117.1,decoder_by_matrix,beec9fd12293a9cfe53c9b61fb8ce2a525e4eed38fa75d132d6dc64699336876,"{""distance"":3,""physical_error_rate"":0.0001}","{""detection_events"":44472,""detectors_checked"":165113856,""obs_mistake_mask=E"":3}"
   3084288,         4,         0,   117.7,decoder_by_matrix,beec9fd12293a9cfe53c9b61fb8ce2a525e4eed38fa75d132d6dc64699336876,"{""distance"":3,""physical_error_rate"":0.0001}","{""detection_events"":45219,""detectors_checked"":166551552,""obs_mistake_mask=E"":4}"
   3698688,         0,         0,   116.9,decoder_by_matrix,36e3cd26fed5ec7649ec51fb08c1a5e7d7f30e615782d954fee045c18a4962ca,"{""distance"":3,""physical_error_rate"":5e-05}","{""detection_events"":26136,""detectors_checked"":199729152}"
   7517184,         0,         0,   114.4,decoder_by_matrix,e9839e3017c9ef118c4b8aeafef39e78c11ecbdb89764e9ca676a7dc2fb6d062,"{""distance"":3,""physical_error_rate"":1e-06}","{""detection_events"":1017,""detectors_checked"":405927936}"
   2767872,        41,         0,   118.2,decoder_by_matrix,5c8c81bfec719079c388cedc47a351f264c1bf769ae28a89f9b4fc7719fea501,"{""distance"":3,""physical_error_rate"":0.0005}","{""detection_events"":204228,""detectors_checked"":149465088,""obs_mistake_mask=E"":41}"
   6685696,         0,         0,   114.9,decoder_by_matrix,560c721f87db01d4cacf7dcb7d8812fecde61e9e7776d4b9e1b1a792578ecad7,"{""distance"":3,""physical_error_rate"":5e-06}","{""detection_events"":4641,""detectors_checked"":361027584}"
   5879808,         0,         0,   115.7,decoder_by_matrix,e25b8d07214a8afb95d354611a83b9bb1ded39644e323a8585b3aabf687a4fff,"{""distance"":3,""physical_error_rate"":1e-05}","{""detection_events"":8820,""detectors_checked"":317509632}"
   2770944,        39,         0,   117.4,decoder_by_matrix,5c8c81bfec719079c388cedc47a351f264c1bf769ae28a89f9b4fc7719fea501,"{""distance"":3,""physical_error_rate"":0.0005}","{""detection_events"":200961,""detectors_checked"":149630976,""obs_mistake_mask=E"":39}"
   7508992,         0,         0,   114.8,decoder_by_matrix,e9839e3017c9ef118c4b8aeafef39e78c11ecbdb89764e9ca676a7dc2fb6d062,"{""distance"":3,""physical_error_rate"":1e-06}","{""detection_events"":1020,""detectors_checked"":405485568}"
   3077120,         4,         0,   117.0,decoder_by_matrix,beec9fd12293a9cfe53c9b61fb8ce2a525e4eed38fa75d132d6dc64699336876,"{""distance"":3,""physical_error_rate"":0.0001}","{""detection_events"":44796,""detectors_checked"":166164480,""obs_mistake_mask=E"":4}"
   2760704,        45,         0,   117.6,decoder_by_matrix,5c8c81bfec719079c388cedc47a351f264c1bf769ae28a89f9b4fc7719fea501,"{""distance"":3,""physical_error_rate"":0.0005}","{""detection_events"":200496,""detectors_checked"":149078016,""obs_mistake_mask=E"":45}"
   6674432,         0,         0,   115.8,decoder_by_matrix,560c721f87db01d4cacf7dcb7d8812fecde61e9e7776d4b9e1b1a792578ecad7,"{""distance"":3,""physical_error_rate"":5e-06}","{""detection_events"":4839,""detectors_checked"":360419328}"
   3110912,         1,         0,   118.0,decoder_by_matrix,beec9fd12293a9cfe53c9b61fb8ce2a525e4eed38fa75d132d6dc64699336876,"{""distance"":3,""physical_error_rate"":0.0001}","{""detection_events"":44931,""detectors_checked"":167989248,""obs_mistake_mask=E"":1}"
   3659776,         1,         0,   117.4,decoder_by_matrix,36e3cd26fed5ec7649ec51fb08c1a5e7d7f30e615782d954fee045c18a4962ca,"{""distance"":3,""physical_error_rate"":5e-05}","{""detection_events"":26796,""detectors_checked"":197627904,""obs_mistake_mask=E"":1}"
   3659776,         2,         0,   116.1,decoder_by_matrix,36e3cd26fed5ec7649ec51fb08c1a5e7d7f30e615782d954fee045c18a4962ca,"{""distance"":3,""physical_error_rate"":5e-05}","{""detection_events"":27021,""detectors_checked"":197627904,""obs_mistake_mask=E"":2}"
   6650880,         0,         0,   116.7,decoder_by_matrix,560c721f87db01d4cacf7dcb7d8812fecde61e9e7776d4b9e1b1a792578ecad7,"{""distance"":3,""physical_error_rate"":5e-06}","{""detection_events"":4818,""detectors_checked"":359147520}"
   5907456,         0,         0,   116.0,decoder_by_matrix,e25b8d07214a8afb95d354611a83b9bb1ded39644e323a8585b3aabf687a4fff,"{""distance"":3,""physical_error_rate"":1e-05}","{""detection_events"":8316,""detectors_checked"":319002624}"
   7494656,         0,         0,   114.1,decoder_by_matrix,e9839e3017c9ef118c4b8aeafef39e78c11ecbdb89764e9ca676a7dc2fb6d062,"{""distance"":3,""physical_error_rate"":1e-06}","{""detection_events"":1065,""detectors_checked"":404711424}"
   2266112,         2,         0,    86.5,decoder_by_matrix,beec9fd12293a9cfe53c9b61fb8ce2a525e4eed38fa75d132d6dc64699336876,"{""distance"":3,""physical_error_rate"":0.0001}","{""detection_events"":33630,""detectors_checked"":122370048,""obs_mistake_mask=E"":2}"
   2024448,        33,         0,    86.5,decoder_by_matrix,5c8c81bfec719079c388cedc47a351f264c1bf769ae28a89f9b4fc7719fea501,"{""distance"":3,""physical_error_rate"":0.0005}","{""detection_events"":147204,""detectors_checked"":109320192,""obs_mistake_mask=E"":33}"
   2035712,        31,         0,    86.4,decoder_by_matrix,5c8c81bfec719079c388cedc47a351f264c1bf769ae28a89f9b4fc7719fea501,"{""distance"":3,""physical_error_rate"":0.0005}","{""detection_events"":147252,""detectors_checked"":109928448,""obs_mistake_mask=E"":31}"
   2251776,         0,         0,    86.4,decoder_by_matrix,beec9fd12293a9cfe53c9b61fb8ce2a525e4eed38fa75d132d6dc64699336876,"{""distance"":3,""physical_error_rate"":0.0001}","{""detection_events"":32631,""detectors_checked"":121595904}"
   6652928,         0,         0,   114.8,decoder_by_matrix,560c721f87db01d4cacf7dcb7d8812fecde61e9e7776d4b9e1b1a792578ecad7,"{""distance"":3,""physical_error_rate"":5e-06}","{""detection_events"":4689,""detectors_checked"":359258112}"
   7503872,         0,         0,   114.2,decoder_by_matrix,e9839e3017c9ef118c4b8aeafef39e78c11ecbdb89764e9ca676a7dc2fb6d062,"{""distance"":3,""physical_error_rate"":1e-06}","{""detection_events"":1044,""detectors_checked"":405209088}"
   3693568,         1,         0,   116.7,decoder_by_matrix,36e3cd26fed5ec7649ec51fb08c1a5e7d7f30e615782d954fee045c18a4962ca,"{""distance"":3,""physical_error_rate"":5e-05}","{""detection_events"":26748,""detectors_checked"":199452672,""obs_mistake_mask=E"":1}"
   5847040,         0,         0,   116.3,decoder_by_matrix,e25b8d07214a8afb95d354611a83b9bb1ded39644e323a8585b3aabf687a4fff,"{""distance"":3,""physical_error_rate"":1e-05}","{""detection_events"":8766,""detectors_checked"":315740160}"
   5856256,         1,         0,   115.3,decoder_by_matrix,e25b8d07214a8afb95d354611a83b9bb1ded39644e323a8585b3aabf687a4fff,"{""distance"":3,""physical_error_rate"":1e-05}","{""detection_events"":8625,""detectors_checked"":316237824,""obs_mistake_mask=E"":1}"
   5824512,         0,         0,   115.9,decoder_by_matrix,e25b8d07214a8afb95d354611a83b9bb1ded39644e323a8585b3aabf687a4fff,"{""distance"":3,""physical_error_rate"":1e-05}","{""detection_events"":8448,""detectors_checked"":314523648}"
   6628352,         0,         0,   115.1,decoder_by_matrix,560c721f87db01d4cacf7dcb7d8812fecde61e9e7776d4b9e1b1a792578ecad7,"{""distance"":3,""physical_error_rate"":5e-06}","{""detection_events"":4908,""detectors_checked"":357931008}"
   3632128,         1,         0,   117.3,decoder_by_matrix,36e3cd26fed5ec7649ec51fb08c1a5e7d7f30e615782d954fee045c18a4962ca,"{""distance"":3,""physical_error_rate"":5e-05}","{""detection_events"":26388,""detectors_checked"":196134912,""obs_mistake_mask=E"":1}"
   7534592,         0,         0,   114.3,decoder_by_matrix,e9839e3017c9ef118c4b8aeafef39e78c11ecbdb89764e9ca676a7dc2fb6d062,"{""distance"":3,""physical_error_rate"":1e-06}","{""detection_events"":1167,""detectors_checked"":406867968}"
   2774016,        40,         0,   118.3,decoder_by_matrix,5c8c81bfec719079c388cedc47a351f264c1bf769ae28a89f9b4fc7719fea501,"{""distance"":3,""physical_error_rate"":0.0005}","{""detection_events"":201693,""detectors_checked"":149796864,""obs_mistake_mask=E"":40}"
   3062784,         4,         0,   118.0,decoder_by_matrix,beec9fd12293a9cfe53c9b61fb8ce2a525e4eed38fa75d132d6dc64699336876,"{""distance"":3,""physical_error_rate"":0.0001}","{""detection_events"":44436,""detectors_checked"":165390336,""obs_mistake_mask=E"":4}"
   3664896,         0,         0,   116.2,decoder_by_matrix,36e3cd26fed5ec7649ec51fb08c1a5e7d7f30e615782d954fee045c18a4962ca,"{""distance"":3,""physical_error_rate"":5e-05}","{""detection_events"":27564,""detectors_checked"":197904384}"
   3088384,         4,         0,   116.7,decoder_by_matrix,beec9fd12293a9cfe53c9b61fb8ce2a525e4eed38fa75d132d6dc64699336876,"{""distance"":3,""physical_error_rate"":0.0001}","{""detection_events"":45375,""detectors_checked"":166772736,""obs_mistake_mask=E"":4}"
   7501824,         0,         0,   114.2,decoder_by_matrix,e9839e3017c9ef118c4b8aeafef39e78c11ecbdb89764e9ca676a7dc2fb6d062,"{""distance"":3,""physical_error_rate"":1e-06}","{""detection_events"":1035,""detectors_checked"":405098496}"
   2766848,        46,         0,   117.9,decoder_by_matrix,5c8c81bfec719079c388cedc47a351f264c1bf769ae28a89f9b4fc7719fea501,"{""distance"":3,""physical_error_rate"":0.0005}","{""detection_events"":201903,""detectors_checked"":149409792,""obs_mistake_mask=E"":46}"
   6699008,         0,         0,   114.6,decoder_by_matrix,560c721f87db01d4cacf7dcb7d8812fecde61e9e7776d4b9e1b1a792578ecad7,"{""distance"":3,""physical_error_rate"":5e-06}","{""detection_events"":4569,""detectors_checked"":361746432}"
   5828608,         0,         0,   115.9,decoder_by_matrix,e25b8d07214a8afb95d354611a83b9bb1ded39644e323a8585b3aabf687a4fff,"{""distance"":3,""physical_error_rate"":1e-05}","{""detection_events"":8865,""detectors_checked"":314744832}"
   2772992,        58,         0,   116.7,decoder_by_matrix,5c8c81bfec719079c388cedc47a351f264c1bf769ae28a89f9b4fc7719fea501,"{""distance"":3,""physical_error_rate"":0.0005}","{""detection_events"":200448,""detectors_checked"":149741568,""obs_mistake_mask=E"":58}"
   7492608,         0,         0,   114.4,decoder_by_matrix,e9839e3017c9ef118c4b8aeafef39e78c11ecbdb89764e9ca676a7dc2fb6d062,"{""distance"":3,""physical_error_rate"":1e-06}","{""detection_events"":1170,""detectors_checked"":404600832}"
   2757632,        50,         0,   118.4,decoder_by_matrix,5c8c81bfec719079c388cedc47a351f264c1bf769ae28a89f9b4fc7719fea501,"{""distance"":3,""physical_error_rate"":0.0005}","{""detection_events"":200628,""detectors_checked"":148912128,""obs_mistake_mask=E"":50}"
   6624256,         0,         0,   114.6,decoder_by_matrix,560c721f87db01d4cacf7dcb7d8812fecde61e9e7776d4b9e1b1a792578ecad7,"{""distance"":3,""physical_error_rate"":5e-06}","{""detection_events"":4935,""detectors_checked"":357709824}"
   3093504,         3,         0,   117.7,decoder_by_matrix,beec9fd12293a9cfe53c9b61fb8ce2a525e4eed38fa75d132d6dc64699336876,"{""distance"":3,""physical_error_rate"":0.0001}","{""detection_events"":45666,""detectors_checked"":167049216,""obs_mistake_mask=E"":3}"
   3086336,         3,         0,   117.9,decoder_by_matrix,beec9fd12293a9cfe53c9b61fb8ce2a525e4eed38fa75d132d6dc64699336876,"{""distance"":3,""physical_error_rate"":0.0001}","{""detection_events"":46212,""detectors_checked"":166662144,""obs_mistake_mask=E"":3}"
   3601408,         2,         0,   116.9,decoder_by_matrix,36e3cd26fed5ec7649ec51fb08c1a5e7d7f30e615782d954fee045c18a4962ca,"{""distance"":3,""physical_error_rate"":5e-05}","{""detection_events"":27171,""detectors_checked"":194476032,""obs_mistake_mask=E"":2}"
   3642368,         2,         0,   116.1,decoder_by_matrix,36e3cd26fed5ec7649ec51fb08c1a5e7d7f30e615782d954fee045c18a4962ca,"{""distance"":3,""physical_error_rate"":5e-05}","{""detection_events"":26904,""detectors_checked"":196687872,""obs_mistake_mask=E"":2}"
   6594560,         0,         0,   115.1,decoder_by_matrix,560c721f87db01d4cacf7dcb7d8812fecde61e9e7776d4b9e1b1a792578ecad7,"{""distance"":3,""physical_error_rate"":5e-06}","{""detection_events"":4965,""detectors_checked"":356106240}"
   5895168,         0,         0,   116.0,decoder_by_matrix,e25b8d07214a8afb95d354611a83b9bb1ded39644e323a8585b3aabf687a4fff,"{""distance"":3,""physical_error_rate"":1e-05}","{""detection_events"":8493,""detectors_checked"":318339072}"
   7482368,         0,         0,   114.6,decoder_by_matrix,e9839e3017c9ef118c4b8aeafef39e78c11ecbdb89764e9ca676a7dc2fb6d062,"{""distance"":3,""physical_error_rate"":1e-06}","{""detection_events"":1167,""detectors_checked"":404047872}"
   3095552,         1,         0,   117.7,decoder_by_matrix,beec9fd12293a9cfe53c9b61fb8ce2a525e4eed38fa75d132d6dc64699336876,"{""distance"":3,""physical_error_rate"":0.0001}","{""detection_events"":45669,""detectors_checked"":167159808,""obs_mistake_mask=E"":1}"
   2764800,        47,         0,   117.1,decoder_by_matrix,5c8c81bfec719079c388cedc47a351f264c1bf769ae28a89f9b4fc7719fea501,"{""distance"":3,""physical_error_rate"":0.0005}","{""detection_events"":201057,""detectors_checked"":149299200,""obs_mistake_mask=E"":47}"
   2754560,        48,         0,   117.4,decoder_by_matrix,5c8c81bfec719079c388cedc47a351f264c1bf769ae28a89f9b4fc7719fea501,"{""distance"":3,""physical_error_rate"":0.0005}","{""detection_events"":202944,""detectors_checked"":148746240,""obs_mistake_mask=E"":48}"
   3085312,         4,         0,   117.9,decoder_by_matrix,beec9fd12293a9cfe53c9b61fb8ce2a525e4eed38fa75d132d6dc64699336876,"{""distance"":3,""physical_error_rate"":0.0001}","{""detection_events"":46443,""detectors_checked"":166606848,""obs_mistake_mask=E"":4}"
   6642688,         0,         0,   115.2,decoder_by_matrix,560c721f87db01d4cacf7dcb7d8812fecde61e9e7776d4b9e1b1a792578ecad7,"{""distance"":3,""physical_error_rate"":5e-06}","{""detection_events"":4596,""detectors_checked"":358705152}"
   7494656,         0,         0,   116.1,decoder_by_matrix,e9839e3017c9ef118c4b8aeafef39e78c11ecbdb89764e9ca676a7dc2fb6d062,"{""distance"":3,""physical_error_rate"":1e-06}","{""detection_events"":1122,""detectors_checked"":404711424}"
   3709952,         0,         0,   116.4,decoder_by_matrix,36e3cd26fed5ec7649ec51fb08c1a5e7d7f30e615782d954fee045c18a4962ca,"{""distance"":3,""physical_error_rate"":5e-05}","{""detection_events"":26607,""detectors_checked"":200337408}"
   5916672,         0,         0,   115.9,decoder_by_matrix,e25b8d07214a8afb95d354611a83b9bb1ded39644e323a8585b3aabf687a4fff,"{""distance"":3,""physical_error_rate"":1e-05}","{""detection_events"":8229,""detectors_checked"":319500288}"
   5766144,         0,         0,   114.7,decoder_by_matrix,e25b8d07214a8afb95d354611a83b9bb1ded39644e323a8585b3aabf687a4fff,"{""distance"":3,""physical_error_rate"":1e-05}","{""detection_events"":9078,""detectors_checked"":311371776}"
   6632448,         0,         0,   115.6,decoder_by_matrix,560c721f87db01d4cacf7dcb7d8812fecde61e9e7776d4b9e1b1a792578ecad7,"{""distance"":3,""physical_error_rate"":5e-06}","{""detection_events"":4977,""detectors_checked"":358152192}"
   5919744,         0,         0,   116.3,decoder_by_matrix,e25b8d07214a8afb95d354611a83b9bb1ded39644e323a8585b3aabf687a4fff,"{""distance"":3,""physical_error_rate"":1e-05}","{""detection_events"":8235,""detectors_checked"":319666176}"
   3640320,         0,         0,   117.5,decoder_by_matrix,36e3cd26fed5ec7649ec51fb08c1a5e7d7f30e615782d954fee045c18a4962ca,"{""distance"":3,""physical_error_rate"":5e-05}","{""detection_events"":26361,""detectors_checked"":196577280}"
   2768896,        45,         0,   117.1,decoder_by_matrix,5c8c81bfec719079c388cedc47a351f264c1bf769ae28a89f9b4fc7719fea501,"{""distance"":3,""physical_error_rate"":0.0005}","{""detection_events"":201321,""detectors_checked"":149520384,""obs_mistake_mask=E"":45}"
   7542784,         0,         0,   113.1,decoder_by_matrix,e9839e3017c9ef118c4b8aeafef39e78c11ecbdb89764e9ca676a7dc2fb6d062,"{""distance"":3,""physical_error_rate"":1e-06}","{""detection_events"":1152,""detectors_checked"":407310336}"
   3087360,         2,         0,   117.7,decoder_by_matrix,beec9fd12293a9cfe53c9b61fb8ce2a525e4eed38fa75d132d6dc64699336876,"{""distance"":3,""physical_error_rate"":0.0001}","{""detection_events"":43902,""detectors_checked"":166717440,""obs_mistake_mask=E"":2}"
   3697664,         0,         0,   116.0,decoder_by_matrix,36e3cd26fed5ec7649ec51fb08c1a5e7d7f30e615782d954fee045c18a4962ca,"{""distance"":3,""physical_error_rate"":5e-05}","{""detection_events"":27282,""detectors_checked"":199673856}"
   3055616,         1,         0,   117.5,decoder_by_matrix,beec9fd12293a9cfe53c9b61fb8ce2a525e4eed38fa75d132d6dc64699336876,"{""distance"":3,""physical_error_rate"":0.0001}","{""detection_events"":44925,""detectors_checked"":165003264,""obs_mistake_mask=E"":1}"
   7539712,         0,         0,   114.8,decoder_by_matrix,e9839e3017c9ef118c4b8aeafef39e78c11ecbdb89764e9ca676a7dc2fb6d062,"{""distance"":3,""physical_error_rate"":1e-06}","{""detection_events"":942,""detectors_checked"":407144448}"
   2765824,        39,         0,   117.9,decoder_by_matrix,5c8c81bfec719079c388cedc47a351f264c1bf769ae28a89f9b4fc7719fea501,"{""distance"":3,""physical_error_rate"":0.0005}","{""detection_events"":203121,""detectors_checked"":149354496,""obs_mistake_mask=E"":39}"
   6520832,         0,         0,   116.0,decoder_by_matrix,560c721f87db01d4cacf7dcb7d8812fecde61e9e7776d4b9e1b1a792578ecad7,"{""distance"":3,""physical_error_rate"":5e-06}","{""detection_events"":5523,""detectors_checked"":352124928}"
   5831680,         0,         0,   115.9,decoder_by_matrix,e25b8d07214a8afb95d354611a83b9bb1ded39644e323a8585b3aabf687a4fff,"{""distance"":3,""physical_error_rate"":1e-05}","{""detection_events"":8631,""detectors_checked"":314910720}"
   2769920,        57,         0,   117.4,decoder_by_matrix,5c8c81bfec719079c388cedc47a351f264c1bf769ae28a89f9b4fc7719fea501,"{""distance"":3,""physical_error_rate"":0.0005}","{""detection_events"":202971,""detectors_checked"":149575680,""obs_mistake_mask=E"":57}"
   2755584,        41,         0,   117.1,decoder_by_matrix,5c8c81bfec719079c388cedc47a351f264c1bf769ae28a89f9b4fc7719fea501,"{""distance"":3,""physical_error_rate"":0.0005}","{""detection_events"":200541,""detectors_checked"":148801536,""obs_mistake_mask=E"":41}"
   6688768,         0,         0,   115.4,decoder_by_matrix,560c721f87db01d4cacf7dcb7d8812fecde61e9e7776d4b9e1b1a792578ecad7,"{""distance"":3,""physical_error_rate"":5e-06}","{""detection_events"":4632,""detectors_checked"":361193472}"
   7450624,         0,         0,   115.1,decoder_by_matrix,e9839e3017c9ef118c4b8aeafef39e78c11ecbdb89764e9ca676a7dc2fb6d062,"{""distance"":3,""physical_error_rate"":1e-06}","{""detection_events"":1449,""detectors_checked"":402333696}"
   3121152,         5,         0,   117.7,decoder_by_matrix,beec9fd12293a9cfe53c9b61fb8ce2a525e4eed38fa75d132d6dc64699336876,"{""distance"":3,""physical_error_rate"":0.0001}","{""detection_events"":45603,""detectors_checked"":168542208,""obs_mistake_mask=E"":5}"
   3106816,         3,         0,   117.9,decoder_by_matrix,beec9fd12293a9cfe53c9b61fb8ce2a525e4eed38fa75d132d6dc64699336876,"{""distance"":3,""physical_error_rate"":0.0001}","{""detection_events"":45387,""detectors_checked"":167768064,""obs_mistake_mask=E"":3}"
   3659776,         0,         0,   117.1,decoder_by_matrix,36e3cd26fed5ec7649ec51fb08c1a5e7d7f30e615782d954fee045c18a4962ca,"{""distance"":3,""physical_error_rate"":5e-05}","{""detection_events"":27114,""detectors_checked"":197627904}"
   3657728,         1,         0,   116.6,decoder_by_matrix,36e3cd26fed5ec7649ec51fb08c1a5e7d7f30e615782d954fee045c18a4962ca,"{""distance"":3,""physical_error_rate"":5e-05}","{""detection_events"":27342,""detectors_checked"":197517312,""obs_mistake_mask=E"":1}"
   6566912,         0,         0,   115.0,decoder_by_matrix,560c721f87db01d4cacf7dcb7d8812fecde61e9e7776d4b9e1b1a792578ecad7,"{""distance"":3,""physical_error_rate"":5e-06}","{""detection_events"":5136,""detectors_checked"":354613248}"
   5877760,         0,         0,   116.2,decoder_by_matrix,e25b8d07214a8afb95d354611a83b9bb1ded39644e323a8585b3aabf687a4fff,"{""distance"":3,""physical_error_rate"":1e-05}","{""detection_events"":8352,""detectors_checked"":317399040}"
   7496704,         0,         0,   115.1,decoder_by_matrix,e9839e3017c9ef118c4b8aeafef39e78c11ecbdb89764e9ca676a7dc2fb6d062,"{""distance"":3,""physical_error_rate"":1e-06}","{""detection_events"":1020,""detectors_checked"":404822016}"
   3101696,         0,         0,   117.3,decoder_by_matrix,beec9fd12293a9cfe53c9b61fb8ce2a525e4eed38fa75d132d6dc64699336876,"{""distance"":3,""physical_error_rate"":0.0001}","{""detection_events"":45291,""detectors_checked"":167491584}"
   2759680,        43,         0,   118.0,decoder_by_matrix,5c8c81bfec719079c388cedc47a351f264c1bf769ae28a89f9b4fc7719fea501,"{""distance"":3,""physical_error_rate"":0.0005}","{""detection_events"":204327,""detectors_checked"":149022720,""obs_mistake_mask=E"":43}"
   2755584,        62,         0,   117.8,decoder_by_matrix,5c8c81bfec719079c388cedc47a351f264c1bf769ae28a89f9b4fc7719fea501,"{""distance"":3,""physical_error_rate"":0.0005}","{""detection_events"":201630,""detectors_checked"":148801536,""obs_mistake_mask=E"":62}"
   3073024,         4,         0,   116.8,decoder_by_matrix,beec9fd12293a9cfe53c9b61fb8ce2a525e4eed38fa75d132d6dc64699336876,"{""distance"":3,""physical_error_rate"":0.0001}","{""detection_events"":46197,""detectors_checked"":165943296,""obs_mistake_mask=E"":4}"
   6623232,         0,         0,   114.7,decoder_by_matrix,560c721f87db01d4cacf7dcb7d8812fecde61e9e7776d4b9e1b1a792578ecad7,"{""distance"":3,""physical_error_rate"":5e-06}","{""detection_events"":4761,""detectors_checked"":357654528}"
   7496704,         0,         0,   114.6,decoder_by_matrix,e9839e3017c9ef118c4b8aeafef39e78c11ecbdb89764e9ca676a7dc2fb6d062,"{""distance"":3,""physical_error_rate"":1e-06}","{""detection_events"":1092,""detectors_checked"":404822016}"
   3715072,         0,         0,   117.4,decoder_by_matrix,36e3cd26fed5ec7649ec51fb08c1a5e7d7f30e615782d954fee045c18a4962ca,"{""distance"":3,""physical_error_rate"":5e-05}","{""detection_events"":26937,""detectors_checked"":200613888}"
   5853184,         0,         0,   115.6,decoder_by_matrix,e25b8d07214a8afb95d354611a83b9bb1ded39644e323a8585b3aabf687a4fff,"{""distance"":3,""physical_error_rate"":1e-05}","{""detection_events"":8868,""detectors_checked"":316071936}"
   5837824,         0,         0,   114.9,decoder_by_matrix,e25b8d07214a8afb95d354611a83b9bb1ded39644e323a8585b3aabf687a4fff,"{""distance"":3,""physical_error_rate"":1e-05}","{""detection_events"":8700,""detectors_checked"":315242496}"
   6640640,         0,         0,   116.1,decoder_by_matrix,560c721f87db01d4cacf7dcb7d8812fecde61e9e7776d4b9e1b1a792578ecad7,"{""distance"":3,""physical_error_rate"":5e-06}","{""detection_events"":4650,""detectors_checked"":358594560}"
   5855232,         0,         0,   115.4,decoder_by_matrix,e25b8d07214a8afb95d354611a83b9bb1ded39644e323a8585b3aabf687a4fff,"{""distance"":3,""physical_error_rate"":1e-05}","{""detection_events"":8385,""detectors_checked"":316182528}"
   2767872,        50,         0,   117.8,decoder_by_matrix,5c8c81bfec719079c388cedc47a351f264c1bf769ae28a89f9b4fc7719fea501,"{""distance"":3,""physical_error_rate"":0.0005}","{""detection_events"":202332,""detectors_checked"":149465088,""obs_mistake_mask=E"":50}"
   3588096,         3,         0,   117.9,decoder_by_matrix,36e3cd26fed5ec7649ec51fb08c1a5e7d7f30e615782d954fee045c18a4962ca,"{""distance"":3,""physical_error_rate"":5e-05}","{""detection_events"":26796,""detectors_checked"":193757184,""obs_mistake_mask=E"":3}"
   3080192,         2,         0,   117.9,decoder_by_matrix,beec9fd12293a9cfe53c9b61fb8ce2a525e4eed38fa75d132d6dc64699336876,"{""distance"":3,""physical_error_rate"":0.0001}","{""detection_events"":45000,""detectors_checked"":166330368,""obs_mistake_mask=E"":2}"
   7558144,         0,         0,   113.3,decoder_by_matrix,e9839e3017c9ef118c4b8aeafef39e78c11ecbdb89764e9ca676a7dc2fb6d062,"{""distance"":3,""physical_error_rate"":1e-06}","{""detection_events"":1038,""detectors_checked"":408139776}"
   3709952,         1,         0,   117.3,decoder_by_matrix,36e3cd26fed5ec7649ec51fb08c1a5e7d7f30e615782d954fee045c18a4962ca,"{""distance"":3,""physical_error_rate"":5e-05}","{""detection_events"":26352,""detectors_checked"":200337408,""obs_mistake_mask=E"":1}"
   7467008,         0,         0,   114.8,decoder_by_matrix,e9839e3017c9ef118c4b8aeafef39e78c11ecbdb89764e9ca676a7dc2fb6d062,"{""distance"":3,""physical_error_rate"":1e-06}","{""detection_events"":1278,""detectors_checked"":403218432}"
   3038208,         2,         0,   117.4,decoder_by_matrix,beec9fd12293a9cfe53c9b61fb8ce2a525e4eed38fa75d132d6dc64699336876,"{""distance"":3,""physical_error_rate"":0.0001}","{""detection_events"":44817,""detectors_checked"":164063232,""obs_mistake_mask=E"":2}"
   2767872,        53,         0,   117.3,decoder_by_matrix,5c8c81bfec719079c388cedc47a351f264c1bf769ae28a89f9b4fc7719fea501,"{""distance"":3,""physical_error_rate"":0.0005}","{""detection_events"":202083,""detectors_checked"":149465088,""obs_mistake_mask=E"":53}"
   6668288,         0,         0,   115.2,decoder_by_matrix,560c721f87db01d4cacf7dcb7d8812fecde61e9e7776d4b9e1b1a792578ecad7,"{""distance"":3,""physical_error_rate"":5e-06}","{""detection_events"":4764,""detectors_checked"":360087552}"
   5844992,         0,         0,   116.7,decoder_by_matrix,e25b8d07214a8afb95d354611a83b9bb1ded39644e323a8585b3aabf687a4fff,"{""distance"":3,""physical_error_rate"":1e-05}","{""detection_events"":8769,""detectors_checked"":315629568}"
   2770944,        50,         0,   118.3,decoder_by_matrix,5c8c81bfec719079c388cedc47a351f264c1bf769ae28a89f9b4fc7719fea501,"{""distance"":3,""physical_error_rate"":0.0005}","{""detection_events"":200733,""detectors_checked"":149630976,""obs_mistake_mask=E"":50}"
   2755584,        45,         0,   118.4,decoder_by_matrix,5c8c81bfec719079c388cedc47a351f264c1bf769ae28a89f9b4fc7719fea501,"{""distance"":3,""physical_error_rate"":0.0005}","{""detection_events"":200397,""detectors_checked"":148801536,""obs_mistake_mask=E"":45}"
   3098624,         2,         0,   117.4,decoder_by_matrix,beec9fd12293a9cfe53c9b61fb8ce2a525e4eed38fa75d132d6dc64699336876,"{""distance"":3,""physical_error_rate"":0.0001}","{""detection_events"":44814,""detectors_checked"":167325696,""obs_mistake_mask=E"":2}"
   6646784,         0,         0,   114.6,decoder_by_matrix,560c721f87db01d4cacf7dcb7d8812fecde61e9e7776d4b9e1b1a792578ecad7,"{""distance"":3,""physical_error_rate"":5e-06}","{""detection_events"":4884,""detectors_checked"":358926336}"
   7493632,         0,         0,   115.6,decoder_by_matrix,e9839e3017c9ef118c4b8aeafef39e78c11ecbdb89764e9ca676a7dc2fb6d062,"{""distance"":3,""physical_error_rate"":1e-06}","{""detection_events"":1173,""detectors_checked"":404656128}"
   3130368,         0,         0,   117.2,decoder_by_matrix,beec9fd12293a9cfe53c9b61fb8ce2a525e4eed38fa75d132d6dc64699336876,"{""distance"":3,""physical_error_rate"":0.0001}","{""detection_events"":44391,""detectors_checked"":169039872}"
   3685376,         3,         0,   117.5,decoder_by_matrix,36e3cd26fed5ec7649ec51fb08c1a5e7d7f30e615782d954fee045c18a4962ca,"{""distance"":3,""physical_error_rate"":5e-05}","{""detection_events"":26031,""detectors_checked"":199010304,""obs_mistake_mask=E"":3}"
   3611648,         0,         0,   116.8,decoder_by_matrix,36e3cd26fed5ec7649ec51fb08c1a5e7d7f30e615782d954fee045c18a4962ca,"{""distance"":3,""physical_error_rate"":5e-05}","{""detection_events"":26841,""detectors_checked"":195028992}"
   6659072,         0,         0,   115.5,decoder_by_matrix,560c721f87db01d4cacf7dcb7d8812fecde61e9e7776d4b9e1b1a792578ecad7,"{""distance"":3,""physical_error_rate"":5e-06}","{""detection_events"":4878,""detectors_checked"":359589888}"
   5872640,         0,         0,   116.5,decoder_by_matrix,e25b8d07214a8afb95d354611a83b9bb1ded39644e323a8585b3aabf687a4fff,"{""distance"":3,""physical_error_rate"":1e-05}","{""detection_events"":8619,""detectors_checked"":317122560}"
   7449600,         0,         0,   115.4,decoder_by_matrix,e9839e3017c9ef118c4b8aeafef39e78c11ecbdb89764e9ca676a7dc2fb6d062,"{""distance"":3,""physical_error_rate"":1e-06}","{""detection_events"":1200,""detectors_checked"":402278400}"
   2762752,        54,         0,   118.2,decoder_by_matrix,5c8c81bfec719079c388cedc47a351f264c1bf769ae28a89f9b4fc7719fea501,"{""distance"":3,""physical_error_rate"":0.0005}","{""detection_events"":201423,""detectors_checked"":149188608,""obs_mistake_mask=E"":54}"
   3075072,         3,         0,   117.0,decoder_by_matrix,beec9fd12293a9cfe53c9b61fb8ce2a525e4eed38fa75d132d6dc64699336876,"{""distance"":3,""physical_error_rate"":0.0001}","{""detection_events"":45384,""detectors_checked"":166053888,""obs_mistake_mask=E"":3}"
   2755584,        46,         0,   118.2,decoder_by_matrix,5c8c81bfec719079c388cedc47a351f264c1bf769ae28a89f9b4fc7719fea501,"{""distance"":3,""physical_error_rate"":0.0005}","{""detection_events"":199392,""detectors_checked"":148801536,""obs_mistake_mask=E"":46}"
   3102720,         3,         0,   118.0,decoder_by_matrix,beec9fd12293a9cfe53c9b61fb8ce2a525e4eed38fa75d132d6dc64699336876,"{""distance"":3,""physical_error_rate"":0.0001}","{""detection_events"":45603,""detectors_checked"":167546880,""obs_mistake_mask=E"":3}"
   6630400,         0,         0,   114.5,decoder_by_matrix,560c721f87db01d4cacf7dcb7d8812fecde61e9e7776d4b9e1b1a792578ecad7,"{""distance"":3,""physical_error_rate"":5e-06}","{""detection_events"":4914,""detectors_checked"":358041600}"
   7505920,         0,         0,   115.9,decoder_by_matrix,e9839e3017c9ef118c4b8aeafef39e78c11ecbdb89764e9ca676a7dc2fb6d062,"{""distance"":3,""physical_error_rate"":1e-06}","{""detection_events"":1167,""detectors_checked"":405319680}"
   3721216,         0,         0,   116.7,decoder_by_matrix,36e3cd26fed5ec7649ec51fb08c1a5e7d7f30e615782d954fee045c18a4962ca,"{""distance"":3,""physical_error_rate"":5e-05}","{""detection_events"":26664,""detectors_checked"":200945664}"
   5905408,         0,         0,   116.2,decoder_by_matrix,e25b8d07214a8afb95d354611a83b9bb1ded39644e323a8585b3aabf687a4fff,"{""distance"":3,""physical_error_rate"":1e-05}","{""detection_events"":8427,""detectors_checked"":318892032}"
   5871616,         0,         0,   115.4,decoder_by_matrix,e25b8d07214a8afb95d354611a83b9bb1ded39644e323a8585b3aabf687a4fff,"{""distance"":3,""physical_error_rate"":1e-05}","{""detection_events"":8499,""detectors_checked"":317067264}"
   6652928,         0,         0,   115.6,decoder_by_matrix,560c721f87db01d4cacf7dcb7d8812fecde61e9e7776d4b9e1b1a792578ecad7,"{""distance"":3,""physical_error_rate"":5e-06}","{""detection_events"":4974,""detectors_checked"":359258112}"
   3608576,         1,         0,   117.4,decoder_by_matrix,36e3cd26fed5ec7649ec51fb08c1a5e7d7f30e615782d954fee045c18a4962ca,"{""distance"":3,""physical_error_rate"":5e-05}","{""detection_events"":26334,""detectors_checked"":194863104,""obs_mistake_mask=E"":1}"
   5818368,         0,         0,   117.5,decoder_by_matrix,e25b8d07214a8afb95d354611a83b9bb1ded39644e323a8585b3aabf687a4fff,"{""distance"":3,""physical_error_rate"":1e-05}","{""detection_events"":8652,""detectors_checked"":314191872}"
   3685376,         1,         0,   116.7,decoder_by_matrix,36e3cd26fed5ec7649ec51fb08c1a5e7d7f30e615782d954fee045c18a4962ca,"{""distance"":3,""physical_error_rate"":5e-05}","{""detection_events"":27330,""detectors_checked"":199010304,""obs_mistake_mask=E"":1}"
   2774016,        45,         0,   118.4,decoder_by_matrix,5c8c81bfec719079c388cedc47a351f264c1bf769ae28a89f9b4fc7719fea501,"{""distance"":3,""physical_error_rate"":0.0005}","{""detection_events"":200751,""detectors_checked"":149796864,""obs_mistake_mask=E"":45}"
   3096576,         2,         0,   117.3,decoder_by_matrix,beec9fd12293a9cfe53c9b61fb8ce2a525e4eed38fa75d132d6dc64699336876,"{""distance"":3,""physical_error_rate"":0.0001}","{""detection_events"":45165,""detectors_checked"":167215104,""obs_mistake_mask=E"":2}"
   7513088,         0,         0,   114.2,decoder_by_matrix,e9839e3017c9ef118c4b8aeafef39e78c11ecbdb89764e9ca676a7dc2fb6d062,"{""distance"":3,""physical_error_rate"":1e-06}","{""detection_events"":1209,""detectors_checked"":405706752}"
   7500800,         0,         0,   115.8,decoder_by_matrix,e9839e3017c9ef118c4b8aeafef39e78c11ecbdb89764e9ca676a7dc2fb6d062,"{""distance"":3,""physical_error_rate"":1e-06}","{""detection_events"":1092,""detectors_checked"":405043200}"
   3051520,         2,         0,   118.0,decoder_by_matrix,beec9fd12293a9cfe53c9b61fb8ce2a525e4eed38fa75d132d6dc64699336876,"{""distance"":3,""physical_error_rate"":0.0001}","{""detection_events"":45033,""detectors_checked"":164782080,""obs_mistake_mask=E"":2}"
   2768896,        48,         0,   117.0,decoder_by_matrix,5c8c81bfec719079c388cedc47a351f264c1bf769ae28a89f9b4fc7719fea501,"{""distance"":3,""physical_error_rate"":0.0005}","{""detection_events"":202026,""detectors_checked"":149520384,""obs_mistake_mask=E"":48}"
   6649856,         0,         0,   114.6,decoder_by_matrix,560c721f87db01d4cacf7dcb7d8812fecde61e9e7776d4b9e1b1a792578ecad7,"{""distance"":3,""physical_error_rate"":5e-06}","{""detection_events"":4845,""detectors_checked"":359092224}"
   5878784,         0,         0,   116.3,decoder_by_matrix,e25b8d07214a8afb95d354611a83b9bb1ded39644e323a8585b3aabf687a4fff,"{""distance"":3,""physical_error_rate"":1e-05}","{""detection_events"":8127,""detectors_checked"":317454336}"
   2771968,        49,         0,   117.8,decoder_by_matrix,5c8c81bfec719079c388cedc47a351f264c1bf769ae28a89f9b4fc7719fea501,"{""distance"":3,""physical_error_rate"":0.0005}","{""detection_events"":203799,""detectors_checked"":149686272,""obs_mistake_mask=E"":49}"
   2760704,        42,         0,   117.0,decoder_by_matrix,5c8c81bfec719079c388cedc47a351f264c1bf769ae28a89f9b4fc7719fea501,"{""distance"":3,""physical_error_rate"":0.0005}","{""detection_events"":199929,""detectors_checked"":149078016,""obs_mistake_mask=E"":42}"
   3110912,         2,         0,   116.5,decoder_by_matrix,beec9fd12293a9cfe53c9b61fb8ce2a525e4eed38fa75d132d6dc64699336876,"{""distance"":3,""physical_error_rate"":0.0001}","{""detection_events"":45477,""detectors_checked"":167989248,""obs_mistake_mask=E"":2}"
   6571008,         0,         0,   115.8,decoder_by_matrix,560c721f87db01d4cacf7dcb7d8812fecde61e9e7776d4b9e1b1a792578ecad7,"{""distance"":3,""physical_error_rate"":5e-06}","{""detection_events"":4899,""detectors_checked"":354834432}"
   7501824,         0,         0,   115.0,decoder_by_matrix,e9839e3017c9ef118c4b8aeafef39e78c11ecbdb89764e9ca676a7dc2fb6d062,"{""distance"":3,""physical_error_rate"":1e-06}","{""detection_events"":1137,""detectors_checked"":405098496}"
   3119104,         0,         0,   115.8,decoder_by_matrix,beec9fd12293a9cfe53c9b61fb8ce2a525e4eed38fa75d132d6dc64699336876,"{""distance"":3,""physical_error_rate"":0.0001}","{""detection_events"":44970,""detectors_checked"":168431616}"
   3657728,         0,         0,   116.9,decoder_by_matrix,36e3cd26fed5ec7649ec51fb08c1a5e7d7f30e615782d954fee045c18a4962ca,"{""distance"":3,""physical_error_rate"":5e-05}","{""detection_events"":26874,""detectors_checked"":197517312}"
   3695616,         0,         0,   117.7,decoder_by_matrix,36e3cd26fed5ec7649ec51fb08c1a5e7d7f30e615782d954fee045c18a4962ca,"{""distance"":3,""physical_error_rate"":5e-05}","{""detection_events"":26523,""detectors_checked"":199563264}"
   6631424,         0,         0,   116.1,decoder_by_matrix,560c721f87db01d4cacf7dcb7d8812fecde61e9e7776d4b9e1b1a792578ecad7,"{""distance"":3,""physical_error_rate"":5e-06}","{""detection_events"":4977,""detectors_checked"":358096896}"
   5885952,         0,         0,   115.8,decoder_by_matrix,e25b8d07214a8afb95d354611a83b9bb1ded39644e323a8585b3aabf687a4fff,"{""distance"":3,""physical_error_rate"":1e-05}","{""detection_events"":8289,""detectors_checked"":317841408}"
   7460864,         0,         0,   114.7,decoder_by_matrix,e9839e3017c9ef118c4b8aeafef39e78c11ecbdb89764e9ca676a7dc2fb6d062,"{""distance"":3,""physical_error_rate"":1e-06}","{""detection_events"":1242,""detectors_checked"":402886656}"
   2764800,        49,         0,   117.2,decoder_by_matrix,5c8c81bfec719079c388cedc47a351f264c1bf769ae28a89f9b4fc7719fea501,"{""distance"":3,""physical_error_rate"":0.0005}","{""detection_events"":201009,""detectors_checked"":149299200,""obs_mistake_mask=E"":49}"
   3094528,         2,         0,   116.6,decoder_by_matrix,beec9fd12293a9cfe53c9b61fb8ce2a525e4eed38fa75d132d6dc64699336876,"{""distance"":3,""physical_error_rate"":0.0001}","{""detection_events"":45834,""detectors_checked"":167104512,""obs_mistake_mask=E"":2}"
   2758656,        44,         0,   118.0,decoder_by_matrix,5c8c81bfec719079c388cedc47a351f264c1bf769ae28a89f9b4fc7719fea501,"{""distance"":3,""physical_error_rate"":0.0005}","{""detection_events"":202044,""detectors_checked"":148967424,""obs_mistake_mask=E"":44}"
   3074048,         1,         0,   117.5,decoder_by_matrix,beec9fd12293a9cfe53c9b61fb8ce2a525e4eed38fa75d132d6dc64699336876,"{""distance"":3,""physical_error_rate"":0.0001}","{""detection_events"":45165,""detectors_checked"":165998592,""obs_mistake_mask=E"":1}"
   6566912,         0,         0,   115.6,decoder_by_matrix,560c721f87db01d4cacf7dcb7d8812fecde61e9e7776d4b9e1b1a792578ecad7,"{""distance"":3,""physical_error_rate"":5e-06}","{""detection_events"":5046,""detectors_checked"":354613248}"
   7530496,         0,         0,   115.1,decoder_by_matrix,e9839e3017c9ef118c4b8aeafef39e78c11ecbdb89764e9ca676a7dc2fb6d062,"{""distance"":3,""physical_error_rate"":1e-06}","{""detection_events"":1026,""detectors_checked"":406646784}"
   3692544,         0,         0,   116.2,decoder_by_matrix,36e3cd26fed5ec7649ec51fb08c1a5e7d7f30e615782d954fee045c18a4962ca,"{""distance"":3,""physical_error_rate"":5e-05}","{""detection_events"":27153,""detectors_checked"":199397376}"
   5891072,         0,         0,   115.3,decoder_by_matrix,e25b8d07214a8afb95d354611a83b9bb1ded39644e323a8585b3aabf687a4fff,"{""distance"":3,""physical_error_rate"":1e-05}","{""detection_events"":8418,""detectors_checked"":318117888}"
   5856256,         0,         0,   114.6,decoder_by_matrix,e25b8d07214a8afb95d354611a83b9bb1ded39644e323a8585b3aabf687a4fff,"{""distance"":3,""physical_error_rate"":1e-05}","{""detection_events"":8424,""detectors_checked"":316237824}"
   6680576,         0,         0,   115.2,decoder_by_matrix,560c721f87db01d4cacf7dcb7d8812fecde61e9e7776d4b9e1b1a792578ecad7,"{""distance"":3,""physical_error_rate"":5e-06}","{""detection_events"":4773,""detectors_checked"":360751104}"
   5850112,         0,         0,   116.4,decoder_by_matrix,e25b8d07214a8afb95d354611a83b9bb1ded39644e323a8585b3aabf687a4fff,"{""distance"":3,""physical_error_rate"":1e-05}","{""detection_events"":8598,""detectors_checked"":315906048}"
   3602432,         0,         0,   117.1,decoder_by_matrix,36e3cd26fed5ec7649ec51fb08c1a5e7d7f30e615782d954fee045c18a4962ca,"{""distance"":3,""physical_error_rate"":5e-05}","{""detection_events"":26436,""detectors_checked"":194531328}"
   3630080,         0,         0,   116.2,decoder_by_matrix,36e3cd26fed5ec7649ec51fb08c1a5e7d7f30e615782d954fee045c18a4962ca,"{""distance"":3,""physical_error_rate"":5e-05}","{""detection_events"":27309,""detectors_checked"":196024320}"
   2771968,        40,         0,   116.8,decoder_by_matrix,5c8c81bfec719079c388cedc47a351f264c1bf769ae28a89f9b4fc7719fea501,"{""distance"":3,""physical_error_rate"":0.0005}","{""detection_events"":199923,""detectors_checked"":149686272,""obs_mistake_mask=E"":40}"
   7510016,         0,         0,   114.4,decoder_by_matrix,e9839e3017c9ef118c4b8aeafef39e78c11ecbdb89764e9ca676a7dc2fb6d062,"{""distance"":3,""physical_error_rate"":1e-06}","{""detection_events"":1077,""detectors_checked"":405540864}"
   7571456,         0,         0,   114.6,decoder_by_matrix,e9839e3017c9ef118c4b8aeafef39e78c11ecbdb89764e9ca676a7dc2fb6d062,"{""distance"":3,""physical_error_rate"":1e-06}","{""detection_events"":1062,""detectors_checked"":408858624}"
   3098624,         0,         0,   117.9,decoder_by_matrix,beec9fd12293a9cfe53c9b61fb8ce2a525e4eed38fa75d132d6dc64699336876,"{""distance"":3,""physical_error_rate"":0.0001}","{""detection_events"":44871,""detectors_checked"":167325696}"
   3044352,         2,         0,   117.2,decoder_by_matrix,beec9fd12293a9cfe53c9b61fb8ce2a525e4eed38fa75d132d6dc64699336876,"{""distance"":3,""physical_error_rate"":0.0001}","{""detection_events"":45177,""detectors_checked"":164395008,""obs_mistake_mask=E"":2}"
   2771968,        48,         0,   117.2,decoder_by_matrix,5c8c81bfec719079c388cedc47a351f264c1bf769ae28a89f9b4fc7719fea501,"{""distance"":3,""physical_error_rate"":0.0005}","{""detection_events"":202416,""detectors_checked"":149686272,""obs_mistake_mask=E"":48}"
   5840896,         0,         0,   114.0,decoder_by_matrix,e25b8d07214a8afb95d354611a83b9bb1ded39644e323a8585b3aabf687a4fff,"{""distance"":3,""physical_error_rate"":1e-05}","{""detection_events"":8793,""detectors_checked"":315408384}"
   6641664,         0,         0,   115.0,decoder_by_matrix,560c721f87db01d4cacf7dcb7d8812fecde61e9e7776d4b9e1b1a792578ecad7,"{""distance"":3,""physical_error_rate"":5e-06}","{""detection_events"":4770,""detectors_checked"":358649856}"
   2772992,        49,         0,   117.6,decoder_by_matrix,5c8c81bfec719079c388cedc47a351f264c1bf769ae28a89f9b4fc7719fea501,"{""distance"":3,""physical_error_rate"":0.0005}","{""detection_events"":200151,""detectors_checked"":149741568,""obs_mistake_mask=E"":49}"
   2757632,        51,         0,   117.2,decoder_by_matrix,5c8c81bfec719079c388cedc47a351f264c1bf769ae28a89f9b4fc7719fea501,"{""distance"":3,""physical_error_rate"":0.0005}","{""detection_events"":202494,""detectors_checked"":148912128,""obs_mistake_mask=E"":51}"
   6628352,         0,         0,   115.2,decoder_by_matrix,560c721f87db01d4cacf7dcb7d8812fecde61e9e7776d4b9e1b1a792578ecad7,"{""distance"":3,""physical_error_rate"":5e-06}","{""detection_events"":4824,""detectors_checked"":357931008}"
   3089408,         1,         0,   117.1,decoder_by_matrix,beec9fd12293a9cfe53c9b61fb8ce2a525e4eed38fa75d132d6dc64699336876,"{""distance"":3,""physical_error_rate"":0.0001}","{""detection_events"":44628,""detectors_checked"":166828032,""obs_mistake_mask=E"":1}"
   7511040,         0,         0,   114.0,decoder_by_matrix,e9839e3017c9ef118c4b8aeafef39e78c11ecbdb89764e9ca676a7dc2fb6d062,"{""distance"":3,""physical_error_rate"":1e-06}","{""detection_events"":1101,""detectors_checked"":405596160}"
   3135488,         1,         0,   116.7,decoder_by_matrix,beec9fd12293a9cfe53c9b61fb8ce2a525e4eed38fa75d132d6dc64699336876,"{""distance"":3,""physical_error_rate"":0.0001}","{""detection_events"":43755,""detectors_checked"":169316352,""obs_mistake_mask=E"":1}"
   3605504,         1,         0,   117.0,decoder_by_matrix,36e3cd26fed5ec7649ec51fb08c1a5e7d7f30e615782d954fee045c18a4962ca,"{""distance"":3,""physical_error_rate"":5e-05}","{""detection_events"":26451,""detectors_checked"":194697216,""obs_mistake_mask=E"":1}"
   3706880,         0,         0,   117.1,decoder_by_matrix,36e3cd26fed5ec7649ec51fb08c1a5e7d7f30e615782d954fee045c18a4962ca,"{""distance"":3,""physical_error_rate"":5e-05}","{""detection_events"":27000,""detectors_checked"":200171520}"
   6592512,         0,         0,   114.9,decoder_by_matrix,560c721f87db01d4cacf7dcb7d8812fecde61e9e7776d4b9e1b1a792578ecad7,"{""distance"":3,""physical_error_rate"":5e-06}","{""detection_events"":5166,""detectors_checked"":355995648}"
   5848064,         0,         0,   115.6,decoder_by_matrix,e25b8d07214a8afb95d354611a83b9bb1ded39644e323a8585b3aabf687a4fff,"{""distance"":3,""physical_error_rate"":1e-05}","{""detection_events"":8628,""detectors_checked"":315795456}"
   7488512,         0,         0,   115.2,decoder_by_matrix,e9839e3017c9ef118c4b8aeafef39e78c11ecbdb89764e9ca676a7dc2fb6d062,"{""distance"":3,""physical_error_rate"":1e-06}","{""detection_events"":1098,""detectors_checked"":404379648}"
   2763776,        41,         0,   116.9,decoder_by_matrix,5c8c81bfec719079c388cedc47a351f264c1bf769ae28a89f9b4fc7719fea501,"{""distance"":3,""physical_error_rate"":0.0005}","{""detection_events"":200583,""detectors_checked"":149243904,""obs_mistake_mask=E"":41}"
   3085312,         3,         0,   117.9,decoder_by_matrix,beec9fd12293a9cfe53c9b61fb8ce2a525e4eed38fa75d132d6dc64699336876,"{""distance"":3,""physical_error_rate"":0.0001}","{""detection_events"":45177,""detectors_checked"":166606848,""obs_mistake_mask=E"":3}"
   2751488,        47,         0,   117.2,decoder_by_matrix,5c8c81bfec719079c388cedc47a351f264c1bf769ae28a89f9b4fc7719fea501,"{""distance"":3,""physical_error_rate"":0.0005}","{""detection_events"":200196,""detectors_checked"":148580352,""obs_mistake_mask=E"":47}"
   3091456,         1,         0,   117.9,decoder_by_matrix,beec9fd12293a9cfe53c9b61fb8ce2a525e4eed38fa75d132d6dc64699336876,"{""distance"":3,""physical_error_rate"":0.0001}","{""detection_events"":45510,""detectors_checked"":166938624,""obs_mistake_mask=E"":1}"
   6643712,         0,         0,   114.3,decoder_by_matrix,560c721f87db01d4cacf7dcb7d8812fecde61e9e7776d4b9e1b1a792578ecad7,"{""distance"":3,""physical_error_rate"":5e-06}","{""detection_events"":4680,""detectors_checked"":358760448}"
   7478272,         0,         0,   114.2,decoder_by_matrix,e9839e3017c9ef118c4b8aeafef39e78c11ecbdb89764e9ca676a7dc2fb6d062,"{""distance"":3,""physical_error_rate"":1e-06}","{""detection_events"":1182,""detectors_checked"":403826688}"
   3660800,         1,         0,   116.2,decoder_by_matrix,36e3cd26fed5ec7649ec51fb08c1a5e7d7f30e615782d954fee045c18a4962ca,"{""distance"":3,""physical_error_rate"":5e-05}","{""detection_events"":27258,""detectors_checked"":197683200,""obs_mistake_mask=E"":1}"
   5849088,         1,         0,   116.1,decoder_by_matrix,e25b8d07214a8afb95d354611a83b9bb1ded39644e323a8585b3aabf687a4fff,"{""distance"":3,""physical_error_rate"":1e-05}","{""detection_events"":8907,""detectors_checked"":315850752,""obs_mistake_mask=E"":1}"
   5899264,         0,         0,   116.2,decoder_by_matrix,e25b8d07214a8afb95d354611a83b9bb1ded39644e323a8585b3aabf687a4fff,"{""distance"":3,""physical_error_rate"":1e-05}","{""detection_events"":8433,""detectors_checked"":318560256}"
   6695936,         0,         0,   115.6,decoder_by_matrix,560c721f87db01d4cacf7dcb7d8812fecde61e9e7776d4b9e1b1a792578ecad7,"{""distance"":3,""physical_error_rate"":5e-06}","{""detection_events"":4578,""detectors_checked"":361580544}"
   5842944,         0,         0,   116.1,decoder_by_matrix,e25b8d07214a8afb95d354611a83b9bb1ded39644e323a8585b3aabf687a4fff,"{""distance"":3,""physical_error_rate"":1e-05}","{""detection_events"":8730,""detectors_checked"":315518976}"
   3590144,         1,         0,   117.1,decoder_by_matrix,36e3cd26fed5ec7649ec51fb08c1a5e7d7f30e615782d954fee045c18a4962ca,"{""distance"":3,""physical_error_rate"":5e-05}","{""detection_events"":26316,""detectors_checked"":193867776,""obs_mistake_mask=E"":1}"
   3674112,         1,         0,   116.9,decoder_by_matrix,36e3cd26fed5ec7649ec51fb08c1a5e7d7f30e615782d954fee045c18a4962ca,"{""distance"":3,""physical_error_rate"":5e-05}","{""detection_events"":27564,""detectors_checked"":198402048,""obs_mistake_mask=E"":1}"
   2770944,        39,         0,   116.6,decoder_by_matrix,5c8c81bfec719079c388cedc47a351f264c1bf769ae28a89f9b4fc7719fea501,"{""distance"":3,""physical_error_rate"":0.0005}","{""detection_events"":200499,""detectors_checked"":149630976,""obs_mistake_mask=E"":39}"
   7560192,         0,         0,   113.6,decoder_by_matrix,e9839e3017c9ef118c4b8aeafef39e78c11ecbdb89764e9ca676a7dc2fb6d062,"{""distance"":3,""physical_error_rate"":1e-06}","{""detection_events"":1101,""detectors_checked"":408250368}"
   3103744,         0,         0,   116.7,decoder_by_matrix,beec9fd12293a9cfe53c9b61fb8ce2a525e4eed38fa75d132d6dc64699336876,"{""distance"":3,""physical_error_rate"":0.0001}","{""detection_events"":44373,""detectors_checked"":167602176}"
   3056640,         1,         0,   117.2,decoder_by_matrix,beec9fd12293a9cfe53c9b61fb8ce2a525e4eed38fa75d132d6dc64699336876,"{""distance"":3,""physical_error_rate"":0.0001}","{""detection_events"":44583,""detectors_checked"":165058560,""obs_mistake_mask=E"":1}"
   7482368,         0,         0,   115.2,decoder_by_matrix,e9839e3017c9ef118c4b8aeafef39e78c11ecbdb89764e9ca676a7dc2fb6d062,"{""distance"":3,""physical_error_rate"":1e-06}","{""detection_events"":1107,""detectors_checked"":404047872}"
   2768896,        54,         0,   118.0,decoder_by_matrix,5c8c81bfec719079c388cedc47a351f264c1bf769ae28a89f9b4fc7719fea501,"{""distance"":3,""physical_error_rate"":0.0005}","{""detection_events"":202434,""detectors_checked"":149520384,""obs_mistake_mask=E"":54}"
   5888000,         1,         0,   116.6,decoder_by_matrix,e25b8d07214a8afb95d354611a83b9bb1ded39644e323a8585b3aabf687a4fff,"{""distance"":3,""physical_error_rate"":1e-05}","{""detection_events"":8229,""detectors_checked"":317952000,""obs_mistake_mask=E"":1}"
   6679552,         0,         0,   114.7,decoder_by_matrix,560c721f87db01d4cacf7dcb7d8812fecde61e9e7776d4b9e1b1a792578ecad7,"{""distance"":3,""physical_error_rate"":5e-06}","{""detection_events"":4800,""detectors_checked"":360695808}"
   2769920,        43,         0,   117.8,decoder_by_matrix,5c8c81bfec719079c388cedc47a351f264c1bf769ae28a89f9b4fc7719fea501,"{""distance"":3,""physical_error_rate"":0.0005}","{""detection_events"":203271,""detectors_checked"":149575680,""obs_mistake_mask=E"":43}"
   6629376,         0,         0,   115.4,decoder_by_matrix,560c721f87db01d4cacf7dcb7d8812fecde61e9e7776d4b9e1b1a792578ecad7,"{""distance"":3,""physical_error_rate"":5e-06}","{""detection_events"":4770,""detectors_checked"":357986304}"
   3105792,         1,         0,   118.0,decoder_by_matrix,beec9fd12293a9cfe53c9b61fb8ce2a525e4eed38fa75d132d6dc64699336876,"{""distance"":3,""physical_error_rate"":0.0001}","{""detection_events"":45543,""detectors_checked"":167712768,""obs_mistake_mask=E"":1}"
   2758656,        56,         0,   117.2,decoder_by_matrix,5c8c81bfec719079c388cedc47a351f264c1bf769ae28a89f9b4fc7719fea501,"{""distance"":3,""physical_error_rate"":0.0005}","{""detection_events"":200427,""detectors_checked"":148967424,""obs_mistake_mask=E"":56}"
   7530496,         0,         0,   115.2,decoder_by_matrix,e9839e3017c9ef118c4b8aeafef39e78c11ecbdb89764e9ca676a7dc2fb6d062,"{""distance"":3,""physical_error_rate"":1e-06}","{""detection_events"":1008,""detectors_checked"":406646784}"
   3121152,         5,         0,   116.8,decoder_by_matrix,beec9fd12293a9cfe53c9b61fb8ce2a525e4eed38fa75d132d6dc64699336876,"{""distance"":3,""physical_error_rate"":0.0001}","{""detection_events"":45738,""detectors_checked"":168542208,""obs_mistake_mask=E"":5}"
   3680256,         1,         0,   116.9,decoder_by_matrix,36e3cd26fed5ec7649ec51fb08c1a5e7d7f30e615782d954fee045c18a4962ca,"{""distance"":3,""physical_error_rate"":5e-05}","{""detection_events"":26472,""detectors_checked"":198733824,""obs_mistake_mask=E"":1}"
   3688448,         1,         0,   116.2,decoder_by_matrix,36e3cd26fed5ec7649ec51fb08c1a5e7d7f30e615782d954fee045c18a4962ca,"{""distance"":3,""physical_error_rate"":5e-05}","{""detection_events"":26607,""detectors_checked"":199176192,""obs_mistake_mask=E"":1}"
   6616064,         0,         0,   115.2,decoder_by_matrix,560c721f87db01d4cacf7dcb7d8812fecde61e9e7776d4b9e1b1a792578ecad7,"{""distance"":3,""physical_error_rate"":5e-06}","{""detection_events"":5094,""detectors_checked"":357267456}"
   5860352,         1,         0,   115.7,decoder_by_matrix,e25b8d07214a8afb95d354611a83b9bb1ded39644e323a8585b3aabf687a4fff,"{""distance"":3,""physical_error_rate"":1e-05}","{""detection_events"":8580,""detectors_checked"":316459008,""obs_mistake_mask=E"":1}"
   7443456,         0,         0,   115.7,decoder_by_matrix,e9839e3017c9ef118c4b8aeafef39e78c11ecbdb89764e9ca676a7dc2fb6d062,"{""distance"":3,""physical_error_rate"":1e-06}","{""detection_events"":1320,""detectors_checked"":401946624}"
   2764800,        46,         0,   117.0,decoder_by_matrix,5c8c81bfec719079c388cedc47a351f264c1bf769ae28a89f9b4fc7719fea501,"{""distance"":3,""physical_error_rate"":0.0005}","{""detection_events"":200556,""detectors_checked"":149299200,""obs_mistake_mask=E"":46}"
   3099648,         2,         0,   117.6,decoder_by_matrix,beec9fd12293a9cfe53c9b61fb8ce2a525e4eed38fa75d132d6dc64699336876,"{""distance"":3,""physical_error_rate"":0.0001}","{""detection_events"":44361,""detectors_checked"":167380992,""obs_mistake_mask=E"":2}"
   2753536,        54,         0,   118.4,decoder_by_matrix,5c8c81bfec719079c388cedc47a351f264c1bf769ae28a89f9b4fc7719fea501,"{""distance"":3,""physical_error_rate"":0.0005}","{""detection_events"":197799,""detectors_checked"":148690944,""obs_mistake_mask=E"":54}"
   3090432,         1,         0,   117.0,decoder_by_matrix,beec9fd12293a9cfe53c9b61fb8ce2a525e4eed38fa75d132d6dc64699336876,"{""distance"":3,""physical_error_rate"":0.0001}","{""detection_events"":45219,""detectors_checked"":166883328,""obs_mistake_mask=E"":1}"
   6663168,         0,         0,   116.7,decoder_by_matrix,560c721f87db01d4cacf7dcb7d8812fecde61e9e7776d4b9e1b1a792578ecad7,"{""distance"":3,""physical_error_rate"":5e-06}","{""detection_events"":4677,""detectors_checked"":359811072}"
   7482368,         0,         0,   115.3,decoder_by_matrix,e9839e3017c9ef118c4b8aeafef39e78c11ecbdb89764e9ca676a7dc2fb6d062,"{""distance"":3,""physical_error_rate"":1e-06}","{""detection_events"":1176,""detectors_checked"":404047872}"
   3707904,         0,         0,   117.2,decoder_by_matrix,36e3cd26fed5ec7649ec51fb08c1a5e7d7f30e615782d954fee045c18a4962ca,"{""distance"":3,""physical_error_rate"":5e-05}","{""detection_events"":26010,""detectors_checked"":200226816}"
   5832704,         0,         0,   116.6,decoder_by_matrix,e25b8d07214a8afb95d354611a83b9bb1ded39644e323a8585b3aabf687a4fff,"{""distance"":3,""physical_error_rate"":1e-05}","{""detection_events"":8757,""detectors_checked"":314966016}"
   5824512,         0,         0,   116.4,decoder_by_matrix,e25b8d07214a8afb95d354611a83b9bb1ded39644e323a8585b3aabf687a4fff,"{""distance"":3,""physical_error_rate"":1e-05}","{""detection_events"":8775,""detectors_checked"":314523648}"
   6654976,         0,         0,   115.3,decoder_by_matrix,560c721f87db01d4cacf7dcb7d8812fecde61e9e7776d4b9e1b1a792578ecad7,"{""distance"":3,""physical_error_rate"":5e-06}","{""detection_events"":4887,""detectors_checked"":359368704}"
   5808128,         0,         0,   115.1,decoder_by_matrix,e25b8d07214a8afb95d354611a83b9bb1ded39644e323a8585b3aabf687a4fff,"{""distance"":3,""physical_error_rate"":1e-05}","{""detection_events"":8745,""detectors_checked"":313638912}"
   3620864,         1,         0,   117.1,decoder_by_matrix,36e3cd26fed5ec7649ec51fb08c1a5e7d7f30e615782d954fee045c18a4962ca,"{""distance"":3,""physical_error_rate"":5e-05}","{""detection_events"":26541,""detectors_checked"":195526656,""obs_mistake_mask=E"":1}"
   3091456,         1,         0,   117.4,decoder_by_matrix,beec9fd12293a9cfe53c9b61fb8ce2a525e4eed38fa75d132d6dc64699336876,"{""distance"":3,""physical_error_rate"":0.0001}","{""detection_events"":45024,""detectors_checked"":166938624,""obs_mistake_mask=E"":1}"
   3717120,         1,         0,   116.5,decoder_by_matrix,36e3cd26fed5ec7649ec51fb08c1a5e7d7f30e615782d954fee045c18a4962ca,"{""distance"":3,""physical_error_rate"":5e-05}","{""detection_events"":26328,""detectors_checked"":200724480,""obs_mistake_mask=E"":1}"
   7557120,         0,         0,   114.9,decoder_by_matrix,e9839e3017c9ef118c4b8aeafef39e78c11ecbdb89764e9ca676a7dc2fb6d062,"{""distance"":3,""physical_error_rate"":1e-06}","{""detection_events"":1137,""detectors_checked"":408084480}"
   2770944,        48,         0,   118.3,decoder_by_matrix,5c8c81bfec719079c388cedc47a351f264c1bf769ae28a89f9b4fc7719fea501,"{""distance"":3,""physical_error_rate"":0.0005}","{""detection_events"":202671,""detectors_checked"":149630976,""obs_mistake_mask=E"":48}"
   7526400,         0,         0,   114.1,decoder_by_matrix,e9839e3017c9ef118c4b8aeafef39e78c11ecbdb89764e9ca676a7dc2fb6d062,"{""distance"":3,""physical_error_rate"":1e-06}","{""detection_events"":987,""detectors_checked"":406425600}"
   3060736,         4,         0,   117.4,decoder_by_matrix,beec9fd12293a9cfe53c9b61fb8ce2a525e4eed38fa75d132d6dc64699336876,"{""distance"":3,""physical_error_rate"":0.0001}","{""detection_events"":44634,""detectors_checked"":165279744,""obs_mistake_mask=E"":4}"
   5872640,         0,         0,   115.5,decoder_by_matrix,e25b8d07214a8afb95d354611a83b9bb1ded39644e323a8585b3aabf687a4fff,"{""distance"":3,""physical_error_rate"":1e-05}","{""detection_events"":8328,""detectors_checked"":317122560}"
   2770944,        55,         0,   117.6,decoder_by_matrix,5c8c81bfec719079c388cedc47a351f264c1bf769ae28a89f9b4fc7719fea501,"{""distance"":3,""physical_error_rate"":0.0005}","{""detection_events"":200865,""detectors_checked"":149630976,""obs_mistake_mask=E"":55}"
   6654976,         0,         0,   115.9,decoder_by_matrix,560c721f87db01d4cacf7dcb7d8812fecde61e9e7776d4b9e1b1a792578ecad7,"{""distance"":3,""physical_error_rate"":5e-06}","{""detection_events"":4926,""detectors_checked"":359368704}"
   6562816,         0,         0,   115.1,decoder_by_matrix,560c721f87db01d4cacf7dcb7d8812fecde61e9e7776d4b9e1b1a792578ecad7,"{""distance"":3,""physical_error_rate"":5e-06}","{""detection_events"":5013,""detectors_checked"":354392064}"
   2771968,        44,         0,   118.0,decoder_by_matrix,5c8c81bfec719079c388cedc47a351f264c1bf769ae28a89f9b4fc7719fea501,"{""distance"":3,""physical_error_rate"":0.0005}","{""detection_events"":201711,""detectors_checked"":149686272,""obs_mistake_mask=E"":44}"
   3097600,         0,         0,   118.6,decoder_by_matrix,beec9fd12293a9cfe53c9b61fb8ce2a525e4eed38fa75d132d6dc64699336876,"{""distance"":3,""physical_error_rate"":0.0001}","{""detection_events"":45408,""detectors_checked"":167270400}"
   2757632,        49,         0,   117.8,decoder_by_matrix,5c8c81bfec719079c388cedc47a351f264c1bf769ae28a89f9b4fc7719fea501,"{""distance"":3,""physical_error_rate"":0.0005}","{""detection_events"":200376,""detectors_checked"":148912128,""obs_mistake_mask=E"":49}"
   7550976,         0,         0,   114.3,decoder_by_matrix,e9839e3017c9ef118c4b8aeafef39e78c11ecbdb89764e9ca676a7dc2fb6d062,"{""distance"":3,""physical_error_rate"":1e-06}","{""detection_events"":972,""detectors_checked"":407752704}"
   3111936,         1,         0,   116.4,decoder_by_matrix,beec9fd12293a9cfe53c9b61fb8ce2a525e4eed38fa75d132d6dc64699336876,"{""distance"":3,""physical_error_rate"":0.0001}","{""detection_events"":44964,""detectors_checked"":168044544,""obs_mistake_mask=E"":1}"
   3635200,         1,         0,   117.4,decoder_by_matrix,36e3cd26fed5ec7649ec51fb08c1a5e7d7f30e615782d954fee045c18a4962ca,"{""distance"":3,""physical_error_rate"":5e-05}","{""detection_events"":27210,""detectors_checked"":196300800,""obs_mistake_mask=E"":1}"
   3675136,         1,         0,   116.1,decoder_by_matrix,36e3cd26fed5ec7649ec51fb08c1a5e7d7f30e615782d954fee045c18a4962ca,"{""distance"":3,""physical_error_rate"":5e-05}","{""detection_events"":26946,""detectors_checked"":198457344,""obs_mistake_mask=E"":1}"
   6704128,         0,         0,   114.3,decoder_by_matrix,560c721f87db01d4cacf7dcb7d8812fecde61e9e7776d4b9e1b1a792578ecad7,"{""distance"":3,""physical_error_rate"":5e-06}","{""detection_events"":4491,""detectors_checked"":362022912}"
   5843968,         0,         0,   115.7,decoder_by_matrix,e25b8d07214a8afb95d354611a83b9bb1ded39644e323a8585b3aabf687a4fff,"{""distance"":3,""physical_error_rate"":1e-05}","{""detection_events"":8658,""detectors_checked"":315574272}"
   7472128,         0,         0,   114.1,decoder_by_matrix,e9839e3017c9ef118c4b8aeafef39e78c11ecbdb89764e9ca676a7dc2fb6d062,"{""distance"":3,""physical_error_rate"":1e-06}","{""detection_events"":1128,""detectors_checked"":403494912}"
   2762752,        50,         0,   118.0,decoder_by_matrix,5c8c81bfec719079c388cedc47a351f264c1bf769ae28a89f9b4fc7719fea501,"{""distance"":3,""physical_error_rate"":0.0005}","{""detection_events"":203619,""detectors_checked"":149188608,""obs_mistake_mask=E"":50}"
   3077120,         1,         0,   116.8,decoder_by_matrix,beec9fd12293a9cfe53c9b61fb8ce2a525e4eed38fa75d132d6dc64699336876,"{""distance"":3,""physical_error_rate"":0.0001}","{""detection_events"":45078,""detectors_checked"":166164480,""obs_mistake_mask=E"":1}"
   2752512,        47,         0,   117.8,decoder_by_matrix,5c8c81bfec719079c388cedc47a351f264c1bf769ae28a89f9b4fc7719fea501,"{""distance"":3,""physical_error_rate"":0.0005}","{""detection_events"":200151,""detectors_checked"":148635648,""obs_mistake_mask=E"":47}"
   3079168,         1,         0,   116.9,decoder_by_matrix,beec9fd12293a9cfe53c9b61fb8ce2a525e4eed38fa75d132d6dc64699336876,"{""distance"":3,""physical_error_rate"":0.0001}","{""detection_events"":44289,""detectors_checked"":166275072,""obs_mistake_mask=E"":1}"
   6560768,         0,         0,   114.9,decoder_by_matrix,560c721f87db01d4cacf7dcb7d8812fecde61e9e7776d4b9e1b1a792578ecad7,"{""distance"":3,""physical_error_rate"":5e-06}","{""detection_events"":5046,""detectors_checked"":354281472}"
   7491584,         0,         0,   115.0,decoder_by_matrix,e9839e3017c9ef118c4b8aeafef39e78c11ecbdb89764e9ca676a7dc2fb6d062,"{""distance"":3,""physical_error_rate"":1e-06}","{""detection_events"":1152,""detectors_checked"":404545536}"
   3678208,         0,         0,   116.3,decoder_by_matrix,36e3cd26fed5ec7649ec51fb08c1a5e7d7f30e615782d954fee045c18a4962ca,"{""distance"":3,""physical_error_rate"":5e-05}","{""detection_events"":26772,""detectors_checked"":198623232}"
   5850112,         0,         0,   115.3,decoder_by_matrix,e25b8d07214a8afb95d354611a83b9bb1ded39644e323a8585b3aabf687a4fff,"{""distance"":3,""physical_error_rate"":1e-05}","{""detection_events"":8856,""detectors_checked"":315906048}"
   5794816,         0,         0,   114.2,decoder_by_matrix,e25b8d07214a8afb95d354611a83b9bb1ded39644e323a8585b3aabf687a4fff,"{""distance"":3,""physical_error_rate"":1e-05}","{""detection_events"":8661,""detectors_checked"":312920064}"
   6610944,         0,         0,   115.1,decoder_by_matrix,560c721f87db01d4cacf7dcb7d8812fecde61e9e7776d4b9e1b1a792578ecad7,"{""distance"":3,""physical_error_rate"":5e-06}","{""detection_events"":5148,""detectors_checked"":356990976}"
   5816320,         0,         0,   115.8,decoder_by_matrix,e25b8d07214a8afb95d354611a83b9bb1ded39644e323a8585b3aabf687a4fff,"{""distance"":3,""physical_error_rate"":1e-05}","{""detection_events"":8823,""detectors_checked"":314081280}"
   3633152,         0,         0,   117.1,decoder_by_matrix,36e3cd26fed5ec7649ec51fb08c1a5e7d7f30e615782d954fee045c18a4962ca,"{""distance"":3,""physical_error_rate"":5e-05}","{""detection_events"":26223,""detectors_checked"":196190208}"
   3685376,         1,         0,   116.2,decoder_by_matrix,36e3cd26fed5ec7649ec51fb08c1a5e7d7f30e615782d954fee045c18a4962ca,"{""distance"":3,""physical_error_rate"":5e-05}","{""detection_events"":27528,""detectors_checked"":199010304,""obs_mistake_mask=E"":1}"
   3097600,         6,         0,   117.2,decoder_by_matrix,beec9fd12293a9cfe53c9b61fb8ce2a525e4eed38fa75d132d6dc64699336876,"{""distance"":3,""physical_error_rate"":0.0001}","{""detection_events"":44844,""detectors_checked"":167270400,""obs_mistake_mask=E"":6}"
   7522304,         0,         0,   114.4,decoder_by_matrix,e9839e3017c9ef118c4b8aeafef39e78c11ecbdb89764e9ca676a7dc2fb6d062,"{""distance"":3,""physical_error_rate"":1e-06}","{""detection_events"":1179,""detectors_checked"":406204416}"
   2770944,        42,         0,   118.1,decoder_by_matrix,5c8c81bfec719079c388cedc47a351f264c1bf769ae28a89f9b4fc7719fea501,"{""distance"":3,""physical_error_rate"":0.0005}","{""detection_events"":201720,""detectors_checked"":149630976,""obs_mistake_mask=E"":42}"
   7503872,         0,         0,   115.1,decoder_by_matrix,e9839e3017c9ef118c4b8aeafef39e78c11ecbdb89764e9ca676a7dc2fb6d062,"{""distance"":3,""physical_error_rate"":1e-06}","{""detection_events"":1068,""detectors_checked"":405209088}"
   3062784,         5,         0,   117.7,decoder_by_matrix,beec9fd12293a9cfe53c9b61fb8ce2a525e4eed38fa75d132d6dc64699336876,"{""distance"":3,""physical_error_rate"":0.0001}","{""detection_events"":45153,""detectors_checked"":165390336,""obs_mistake_mask=E"":5}"
   5870592,         0,         0,   115.9,decoder_by_matrix,e25b8d07214a8afb95d354611a83b9bb1ded39644e323a8585b3aabf687a4fff,"{""distance"":3,""physical_error_rate"":1e-05}","{""detection_events"":8643,""detectors_checked"":317011968}"
   2767872,        59,         0,   117.6,decoder_by_matrix,5c8c81bfec719079c388cedc47a351f264c1bf769ae28a89f9b4fc7719fea501,"{""distance"":3,""physical_error_rate"":0.0005}","{""detection_events"":201828,""detectors_checked"":149465088,""obs_mistake_mask=E"":59}"
   6665216,         0,         0,   114.4,decoder_by_matrix,560c721f87db01d4cacf7dcb7d8812fecde61e9e7776d4b9e1b1a792578ecad7,"{""distance"":3,""physical_error_rate"":5e-06}","{""detection_events"":4779,""detectors_checked"":359921664}"
   6718464,         0,         0,   114.9,decoder_by_matrix,560c721f87db01d4cacf7dcb7d8812fecde61e9e7776d4b9e1b1a792578ecad7,"{""distance"":3,""physical_error_rate"":5e-06}","{""detection_events"":4548,""detectors_checked"":362797056}"
   2768896,        61,         0,   117.6,decoder_by_matrix,5c8c81bfec719079c388cedc47a351f264c1bf769ae28a89f9b4fc7719fea501,"{""distance"":3,""physical_error_rate"":0.0005}","{""detection_events"":201903,""detectors_checked"":149520384,""obs_mistake_mask=E"":61}"
   3122176,         1,         0,   117.2,decoder_by_matrix,beec9fd12293a9cfe53c9b61fb8ce2a525e4eed38fa75d132d6dc64699336876,"{""distance"":3,""physical_error_rate"":0.0001}","{""detection_events"":45618,""detectors_checked"":168597504,""obs_mistake_mask=E"":1}"
   2756608,        46,         0,   117.6,decoder_by_matrix,5c8c81bfec719079c388cedc47a351f264c1bf769ae28a89f9b4fc7719fea501,"{""distance"":3,""physical_error_rate"":0.0005}","{""detection_events"":202194,""detectors_checked"":148856832,""obs_mistake_mask=E"":46}"
   7496704,         0,         0,   115.1,decoder_by_matrix,e9839e3017c9ef118c4b8aeafef39e78c11ecbdb89764e9ca676a7dc2fb6d062,"{""distance"":3,""physical_error_rate"":1e-06}","{""detection_events"":1176,""detectors_checked"":404822016}"
   3104768,         1,         0,   117.7,decoder_by_matrix,beec9fd12293a9cfe53c9b61fb8ce2a525e4eed38fa75d132d6dc64699336876,"{""distance"":3,""physical_error_rate"":0.0001}","{""detection_events"":46107,""detectors_checked"":167657472,""obs_mistake_mask=E"":1}"
   3665920,         0,         0,   117.8,decoder_by_matrix,36e3cd26fed5ec7649ec51fb08c1a5e7d7f30e615782d954fee045c18a4962ca,"{""distance"":3,""physical_error_rate"":5e-05}","{""detection_events"":25977,""detectors_checked"":197959680}"
   3670016,         1,         0,   117.7,decoder_by_matrix,36e3cd26fed5ec7649ec51fb08c1a5e7d7f30e615782d954fee045c18a4962ca,"{""distance"":3,""physical_error_rate"":5e-05}","{""detection_events"":27171,""detectors_checked"":198180864,""obs_mistake_mask=E"":1}"
   6673408,         0,         0,   114.7,decoder_by_matrix,560c721f87db01d4cacf7dcb7d8812fecde61e9e7776d4b9e1b1a792578ecad7,"{""distance"":3,""physical_error_rate"":5e-06}","{""detection_events"":4614,""detectors_checked"":360364032}"
   5803008,         0,         0,   116.1,decoder_by_matrix,e25b8d07214a8afb95d354611a83b9bb1ded39644e323a8585b3aabf687a4fff,"{""distance"":3,""physical_error_rate"":1e-05}","{""detection_events"":8742,""detectors_checked"":313362432}"
   7470080,         0,         0,   116.8,decoder_by_matrix,e9839e3017c9ef118c4b8aeafef39e78c11ecbdb89764e9ca676a7dc2fb6d062,"{""distance"":3,""physical_error_rate"":1e-06}","{""detection_events"":1179,""detectors_checked"":403384320}"
   2764800,        41,         0,   117.1,decoder_by_matrix,5c8c81bfec719079c388cedc47a351f264c1bf769ae28a89f9b4fc7719fea501,"{""distance"":3,""physical_error_rate"":0.0005}","{""detection_events"":200103,""detectors_checked"":149299200,""obs_mistake_mask=E"":41}"
   3099648,         4,         0,   117.8,decoder_by_matrix,beec9fd12293a9cfe53c9b61fb8ce2a525e4eed38fa75d132d6dc64699336876,"{""distance"":3,""physical_error_rate"":0.0001}","{""detection_events"":44571,""detectors_checked"":167380992,""obs_mistake_mask=E"":4}"
   2755584,        48,         0,   117.8,decoder_by_matrix,5c8c81bfec719079c388cedc47a351f264c1bf769ae28a89f9b4fc7719fea501,"{""distance"":3,""physical_error_rate"":0.0005}","{""detection_events"":201783,""detectors_checked"":148801536,""obs_mistake_mask=E"":48}"
   3099648,         5,         0,   117.0,decoder_by_matrix,beec9fd12293a9cfe53c9b61fb8ce2a525e4eed38fa75d132d6dc64699336876,"{""distance"":3,""physical_error_rate"":0.0001}","{""detection_events"":45891,""detectors_checked"":167380992,""obs_mistake_mask=E"":5}"
   6616064,         0,         0,   115.9,decoder_by_matrix,560c721f87db01d4cacf7dcb7d8812fecde61e9e7776d4b9e1b1a792578ecad7,"{""distance"":3,""physical_error_rate"":5e-06}","{""detection_events"":4962,""detectors_checked"":357267456}"
   3723264,         0,         0,   116.4,decoder_by_matrix,36e3cd26fed5ec7649ec51fb08c1a5e7d7f30e615782d954fee045c18a4962ca,"{""distance"":3,""physical_error_rate"":5e-05}","{""detection_events"":26544,""detectors_checked"":201056256}"
   7453696,         0,         0,   114.9,decoder_by_matrix,e9839e3017c9ef118c4b8aeafef39e78c11ecbdb89764e9ca676a7dc2fb6d062,"{""distance"":3,""physical_error_rate"":1e-06}","{""detection_events"":1329,""detectors_checked"":402499584}"
   5886976,         0,         0,   116.8,decoder_by_matrix,e25b8d07214a8afb95d354611a83b9bb1ded39644e323a8585b3aabf687a4fff,"{""distance"":3,""physical_error_rate"":1e-05}","{""detection_events"":8190,""detectors_checked"":317896704}"
   5881856,         0,         0,   115.9,decoder_by_matrix,e25b8d07214a8afb95d354611a83b9bb1ded39644e323a8585b3aabf687a4fff,"{""distance"":3,""physical_error_rate"":1e-05}","{""detection_events"":8313,""detectors_checked"":317620224}"
   6692864,         0,         0,   115.6,decoder_by_matrix,560c721f87db01d4cacf7dcb7d8812fecde61e9e7776d4b9e1b1a792578ecad7,"{""distance"":3,""physical_error_rate"":5e-06}","{""detection_events"":4701,""detectors_checked"":361414656}"
   3609600,         1,         0,   117.9,decoder_by_matrix,36e3cd26fed5ec7649ec51fb08c1a5e7d7f30e615782d954fee045c18a4962ca,"{""distance"":3,""physical_error_rate"":5e-05}","{""detection_events"":26256,""detectors_checked"":194918400,""obs_mistake_mask=E"":1}"
   5881856,         0,         0,   115.5,decoder_by_matrix,e25b8d07214a8afb95d354611a83b9bb1ded39644e323a8585b3aabf687a4fff,"{""distance"":3,""physical_error_rate"":1e-05}","{""detection_events"":8463,""detectors_checked"":317620224}"
   3656704,         1,         0,   117.7,decoder_by_matrix,36e3cd26fed5ec7649ec51fb08c1a5e7d7f30e615782d954fee045c18a4962ca,"{""distance"":3,""physical_error_rate"":5e-05}","{""detection_events"":26796,""detectors_checked"":197462016,""obs_mistake_mask=E"":1}"
   3086336,         1,         0,   118.2,decoder_by_matrix,beec9fd12293a9cfe53c9b61fb8ce2a525e4eed38fa75d132d6dc64699336876,"{""distance"":3,""physical_error_rate"":0.0001}","{""detection_events"":44832,""detectors_checked"":166662144,""obs_mistake_mask=E"":1}"
   7538688,         0,         0,   114.9,decoder_by_matrix,e9839e3017c9ef118c4b8aeafef39e78c11ecbdb89764e9ca676a7dc2fb6d062,"{""distance"":3,""physical_error_rate"":1e-06}","{""detection_events"":1056,""detectors_checked"":407089152}"
   2770944,        44,         0,   117.4,decoder_by_matrix,5c8c81bfec719079c388cedc47a351f264c1bf769ae28a89f9b4fc7719fea501,"{""distance"":3,""physical_error_rate"":0.0005}","{""detection_events"":201141,""detectors_checked"":149630976,""obs_mistake_mask=E"":44}"
   7515136,         0,         0,   115.4,decoder_by_matrix,e9839e3017c9ef118c4b8aeafef39e78c11ecbdb89764e9ca676a7dc2fb6d062,"{""distance"":3,""physical_error_rate"":1e-06}","{""detection_events"":978,""detectors_checked"":405817344}"
   3056640,         3,         0,   116.9,decoder_by_matrix,beec9fd12293a9cfe53c9b61fb8ce2a525e4eed38fa75d132d6dc64699336876,"{""distance"":3,""physical_error_rate"":0.0001}","{""detection_events"":44613,""detectors_checked"":165058560,""obs_mistake_mask=E"":3}"
   2766848,        48,         0,   118.2,decoder_by_matrix,5c8c81bfec719079c388cedc47a351f264c1bf769ae28a89f9b4fc7719fea501,"{""distance"":3,""physical_error_rate"":0.0005}","{""detection_events"":201006,""detectors_checked"":149409792,""obs_mistake_mask=E"":48}"
   5908480,         0,         0,   115.0,decoder_by_matrix,e25b8d07214a8afb95d354611a83b9bb1ded39644e323a8585b3aabf687a4fff,"{""distance"":3,""physical_error_rate"":1e-05}","{""detection_events"":8331,""detectors_checked"":319057920}"
   6660096,         1,         0,   114.6,decoder_by_matrix,560c721f87db01d4cacf7dcb7d8812fecde61e9e7776d4b9e1b1a792578ecad7,"{""distance"":3,""physical_error_rate"":5e-06}","{""detection_events"":5097,""detectors_checked"":359645184,""obs_mistake_mask=E"":1}"
   6618112,         1,         0,   115.3,decoder_by_matrix,560c721f87db01d4cacf7dcb7d8812fecde61e9e7776d4b9e1b1a792578ecad7,"{""distance"":3,""physical_error_rate"":5e-06}","{""detection_events"":4938,""detectors_checked"":357378048,""obs_mistake_mask=E"":1}"
   2770944,        54,         0,   117.4,decoder_by_matrix,5c8c81bfec719079c388cedc47a351f264c1bf769ae28a89f9b4fc7719fea501,"{""distance"":3,""physical_error_rate"":0.0005}","{""detection_events"":200466,""detectors_checked"":149630976,""obs_mistake_mask=E"":54}"
   3109888,         0,         0,   116.3,decoder_by_matrix,beec9fd12293a9cfe53c9b61fb8ce2a525e4eed38fa75d132d6dc64699336876,"{""distance"":3,""physical_error_rate"":0.0001}","{""detection_events"":44577,""detectors_checked"":167933952}"
   2756608,        51,         0,   118.2,decoder_by_matrix,5c8c81bfec719079c388cedc47a351f264c1bf769ae28a89f9b4fc7719fea501,"{""distance"":3,""physical_error_rate"":0.0005}","{""detection_events"":202200,""detectors_checked"":148856832,""obs_mistake_mask=E"":51}"
   7500800,         0,         0,   113.7,decoder_by_matrix,e9839e3017c9ef118c4b8aeafef39e78c11ecbdb89764e9ca676a7dc2fb6d062,"{""distance"":3,""physical_error_rate"":1e-06}","{""detection_events"":1095,""detectors_checked"":405043200}"
   3111936,         2,         0,   117.0,decoder_by_matrix,beec9fd12293a9cfe53c9b61fb8ce2a525e4eed38fa75d132d6dc64699336876,"{""distance"":3,""physical_error_rate"":0.0001}","{""detection_events"":43593,""detectors_checked"":168044544,""obs_mistake_mask=E"":2}"
   3656704,         0,         0,   116.9,decoder_by_matrix,36e3cd26fed5ec7649ec51fb08c1a5e7d7f30e615782d954fee045c18a4962ca,"{""distance"":3,""physical_error_rate"":5e-05}","{""detection_events"":27027,""detectors_checked"":197462016}"
   3675136,         0,         0,   116.3,decoder_by_matrix,36e3cd26fed5ec7649ec51fb08c1a5e7d7f30e615782d954fee045c18a4962ca,"{""distance"":3,""physical_error_rate"":5e-05}","{""detection_events"":26484,""detectors_checked"":198457344}"
   6658048,         0,         0,   115.2,decoder_by_matrix,560c721f87db01d4cacf7dcb7d8812fecde61e9e7776d4b9e1b1a792578ecad7,"{""distance"":3,""physical_error_rate"":5e-06}","{""detection_events"":4956,""detectors_checked"":359534592}"
   5955584,         0,         0,   115.4,decoder_by_matrix,e25b8d07214a8afb95d354611a83b9bb1ded39644e323a8585b3aabf687a4fff,"{""distance"":3,""physical_error_rate"":1e-05}","{""detection_events"":8064,""detectors_checked"":321601536}"
   7447552,         0,         0,   115.4,decoder_by_matrix,e9839e3017c9ef118c4b8aeafef39e78c11ecbdb89764e9ca676a7dc2fb6d062,"{""distance"":3,""physical_error_rate"":1e-06}","{""detection_events"":1326,""detectors_checked"":402167808}"
   2765824,        48,         0,   117.2,decoder_by_matrix,5c8c81bfec719079c388cedc47a351f264c1bf769ae28a89f9b4fc7719fea501,"{""distance"":3,""physical_error_rate"":0.0005}","{""detection_events"":200760,""detectors_checked"":149354496,""obs_mistake_mask=E"":48}"
   3091456,         1,         0,   117.4,decoder_by_matrix,beec9fd12293a9cfe53c9b61fb8ce2a525e4eed38fa75d132d6dc64699336876,"{""distance"":3,""physical_error_rate"":0.0001}","{""detection_events"":44853,""detectors_checked"":166938624,""obs_mistake_mask=E"":1}"
   2760704,        49,         0,   118.1,decoder_by_matrix,5c8c81bfec719079c388cedc47a351f264c1bf769ae28a89f9b4fc7719fea501,"{""distance"":3,""physical_error_rate"":0.0005}","{""detection_events"":199488,""detectors_checked"":149078016,""obs_mistake_mask=E"":49}"
   3086336,         2,         0,   117.0,decoder_by_matrix,beec9fd12293a9cfe53c9b61fb8ce2a525e4eed38fa75d132d6dc64699336876,"{""distance"":3,""physical_error_rate"":0.0001}","{""detection_events"":45477,""detectors_checked"":166662144,""obs_mistake_mask=E"":2}"
   3690496,         2,         0,   117.4,decoder_by_matrix,36e3cd26fed5ec7649ec51fb08c1a5e7d7f30e615782d954fee045c18a4962ca,"{""distance"":3,""physical_error_rate"":5e-05}","{""detection_events"":26586,""detectors_checked"":199286784,""obs_mistake_mask=E"":2}"
   6663168,         0,         0,   116.0,decoder_by_matrix,560c721f87db01d4cacf7dcb7d8812fecde61e9e7776d4b9e1b1a792578ecad7,"{""distance"":3,""physical_error_rate"":5e-06}","{""detection_events"":4680,""detectors_checked"":359811072}"
   7494656,         0,         0,   114.9,decoder_by_matrix,e9839e3017c9ef118c4b8aeafef39e78c11ecbdb89764e9ca676a7dc2fb6d062,"{""distance"":3,""physical_error_rate"":1e-06}","{""detection_events"":1164,""detectors_checked"":404711424}"
   5882880,         0,         0,   115.2,decoder_by_matrix,e25b8d07214a8afb95d354611a83b9bb1ded39644e323a8585b3aabf687a4fff,"{""distance"":3,""physical_error_rate"":1e-05}","{""detection_events"":8607,""detectors_checked"":317675520}"
   5899264,         0,         0,   115.9,decoder_by_matrix,e25b8d07214a8afb95d354611a83b9bb1ded39644e323a8585b3aabf687a4fff,"{""distance"":3,""physical_error_rate"":1e-05}","{""detection_events"":8394,""detectors_checked"":318560256}"
   6663168,         0,         0,   115.7,decoder_by_matrix,560c721f87db01d4cacf7dcb7d8812fecde61e9e7776d4b9e1b1a792578ecad7,"{""distance"":3,""physical_error_rate"":5e-06}","{""detection_events"":4758,""detectors_checked"":359811072}"
   5846016,         0,         0,   115.8,decoder_by_matrix,e25b8d07214a8afb95d354611a83b9bb1ded39644e323a8585b3aabf687a4fff,"{""distance"":3,""physical_error_rate"":1e-05}","{""detection_events"":8661,""detectors_checked"":315684864}"
   3620864,         1,         0,   116.9,decoder_by_matrix,36e3cd26fed5ec7649ec51fb08c1a5e7d7f30e615782d954fee045c18a4962ca,"{""distance"":3,""physical_error_rate"":5e-05}","{""detection_events"":25713,""detectors_checked"":195526656,""obs_mistake_mask=E"":1}"
   3685376,         0,         0,   116.8,decoder_by_matrix,36e3cd26fed5ec7649ec51fb08c1a5e7d7f30e615782d954fee045c18a4962ca,"{""distance"":3,""physical_error_rate"":5e-05}","{""detection_events"":27261,""detectors_checked"":199010304}"
   7559168,         0,         0,   116.0,decoder_by_matrix,e9839e3017c9ef118c4b8aeafef39e78c11ecbdb89764e9ca676a7dc2fb6d062,"{""distance"":3,""physical_error_rate"":1e-06}","{""detection_events"":963,""detectors_checked"":408195072}"
   2768896,        37,         0,   117.7,decoder_by_matrix,5c8c81bfec719079c388cedc47a351f264c1bf769ae28a89f9b4fc7719fea501,"{""distance"":3,""physical_error_rate"":0.0005}","{""detection_events"":201594,""detectors_checked"":149520384,""obs_mistake_mask=E"":37}"
   3094528,         0,         0,   118.1,decoder_by_matrix,beec9fd12293a9cfe53c9b61fb8ce2a525e4eed38fa75d132d6dc64699336876,"{""distance"":3,""physical_error_rate"":0.0001}","{""detection_events"":44958,""detectors_checked"":167104512}"
   7502848,         0,         0,   114.7,decoder_by_matrix,e9839e3017c9ef118c4b8aeafef39e78c11ecbdb89764e9ca676a7dc2fb6d062,"{""distance"":3,""physical_error_rate"":1e-06}","{""detection_events"":1020,""detectors_checked"":405153792}"
   3034112,         5,         0,   118.5,decoder_by_matrix,beec9fd12293a9cfe53c9b61fb8ce2a525e4eed38fa75d132d6dc64699336876,"{""distance"":3,""physical_error_rate"":0.0001}","{""detection_events"":44424,""detectors_checked"":163842048,""obs_mistake_mask=E"":5}"
   2767872,        55,         0,   118.0,decoder_by_matrix,5c8c81bfec719079c388cedc47a351f264c1bf769ae28a89f9b4fc7719fea501,"{""distance"":3,""physical_error_rate"":0.0005}","{""detection_events"":203379,""detectors_checked"":149465088,""obs_mistake_mask=E"":55}"
   5870592,         0,         0,   115.0,decoder_by_matrix,e25b8d07214a8afb95d354611a83b9bb1ded39644e323a8585b3aabf687a4fff,"{""distance"":3,""physical_error_rate"":1e-05}","{""detection_events"":8808,""detectors_checked"":317011968}"
   6689792,         0,         0,   115.8,decoder_by_matrix,560c721f87db01d4cacf7dcb7d8812fecde61e9e7776d4b9e1b1a792578ecad7,"{""distance"":3,""physical_error_rate"":5e-06}","{""detection_events"":4731,""detectors_checked"":361248768}"
   2769920,        50,         0,   117.0,decoder_by_matrix,5c8c81bfec719079c388cedc47a351f264c1bf769ae28a89f9b4fc7719fea501,"{""distance"":3,""physical_error_rate"":0.0005}","{""detection_events"":202161,""detectors_checked"":149575680,""obs_mistake_mask=E"":50}"
   3081216,         3,         0,   116.8,decoder_by_matrix,beec9fd12293a9cfe53c9b61fb8ce2a525e4eed38fa75d132d6dc64699336876,"{""distance"":3,""physical_error_rate"":0.0001}","{""detection_events"":45135,""detectors_checked"":166385664,""obs_mistake_mask=E"":3}"
   6679552,         0,         0,   116.6,decoder_by_matrix,560c721f87db01d4cacf7dcb7d8812fecde61e9e7776d4b9e1b1a792578ecad7,"{""distance"":3,""physical_error_rate"":5e-06}","{""detection_events"":4767,""detectors_checked"":360695808}"
   7502848,         0,         0,   114.0,decoder_by_matrix,e9839e3017c9ef118c4b8aeafef39e78c11ecbdb89764e9ca676a7dc2fb6d062,"{""distance"":3,""physical_error_rate"":1e-06}","{""detection_events"":1116,""detectors_checked"":405153792}"
   2756608,        47,         0,   117.6,decoder_by_matrix,5c8c81bfec719079c388cedc47a351f264c1bf769ae28a89f9b4fc7719fea501,"{""distance"":3,""physical_error_rate"":0.0005}","{""detection_events"":202971,""detectors_checked"":148856832,""obs_mistake_mask=E"":47}"
   3103744,         1,         0,   117.6,decoder_by_matrix,beec9fd12293a9cfe53c9b61fb8ce2a525e4eed38fa75d132d6dc64699336876,"{""distance"":3,""physical_error_rate"":0.0001}","{""detection_events"":45258,""detectors_checked"":167602176,""obs_mistake_mask=E"":1}"
   3601408,         1,         0,   116.8,decoder_by_matrix,36e3cd26fed5ec7649ec51fb08c1a5e7d7f30e615782d954fee045c18a4962ca,"{""distance"":3,""physical_error_rate"":5e-05}","{""detection_events"":26364,""detectors_checked"":194476032,""obs_mistake_mask=E"":1}"
   3700736,         0,         0,   117.4,decoder_by_matrix,36e3cd26fed5ec7649ec51fb08c1a5e7d7f30e615782d954fee045c18a4962ca,"{""distance"":3,""physical_error_rate"":5e-05}","{""detection_events"":26661,""detectors_checked"":199839744}"
   6598656,         0,         0,   116.9,decoder_by_matrix,560c721f87db01d4cacf7dcb7d8812fecde61e9e7776d4b9e1b1a792578ecad7,"{""distance"":3,""physical_error_rate"":5e-06}","{""detection_events"":5088,""detectors_checked"":356327424}"
   5826560,         0,         0,   116.1,decoder_by_matrix,e25b8d07214a8afb95d354611a83b9bb1ded39644e323a8585b3aabf687a4fff,"{""distance"":3,""physical_error_rate"":1e-05}","{""detection_events"":8628,""detectors_checked"":314634240}"
   7507968,         0,         0,   115.3,decoder_by_matrix,e9839e3017c9ef118c4b8aeafef39e78c11ecbdb89764e9ca676a7dc2fb6d062,"{""distance"":3,""physical_error_rate"":1e-06}","{""detection_events"":1008,""detectors_checked"":405430272}"
   3094528,         1,         0,   117.2,decoder_by_matrix,beec9fd12293a9cfe53c9b61fb8ce2a525e4eed38fa75d132d6dc64699336876,"{""distance"":3,""physical_error_rate"":0.0001}","{""detection_events"":45312,""detectors_checked"":167104512,""obs_mistake_mask=E"":1}"
   2765824,        42,         0,   117.5,decoder_by_matrix,5c8c81bfec719079c388cedc47a351f264c1bf769ae28a89f9b4fc7719fea501,"{""distance"":3,""physical_error_rate"":0.0005}","{""detection_events"":201411,""detectors_checked"":149354496,""obs_mistake_mask=E"":42}"
   2762752,        52,         0,   117.7,decoder_by_matrix,5c8c81bfec719079c388cedc47a351f264c1bf769ae28a89f9b4fc7719fea501,"{""distance"":3,""physical_error_rate"":0.0005}","{""detection_events"":200280,""detectors_checked"":149188608,""obs_mistake_mask=E"":52}"
   3078144,         2,         0,   117.7,decoder_by_matrix,beec9fd12293a9cfe53c9b61fb8ce2a525e4eed38fa75d132d6dc64699336876,"{""distance"":3,""physical_error_rate"":0.0001}","{""detection_events"":44913,""detectors_checked"":166219776,""obs_mistake_mask=E"":2}"
   6596608,         0,         0,   116.5,decoder_by_matrix,560c721f87db01d4cacf7dcb7d8812fecde61e9e7776d4b9e1b1a792578ecad7,"{""distance"":3,""physical_error_rate"":5e-06}","{""detection_events"":4815,""detectors_checked"":356216832}"
   3723264,         1,         0,   118.2,decoder_by_matrix,36e3cd26fed5ec7649ec51fb08c1a5e7d7f30e615782d954fee045c18a4962ca,"{""distance"":3,""physical_error_rate"":5e-05}","{""detection_events"":27210,""detectors_checked"":201056256,""obs_mistake_mask=E"":1}"
   7487488,         0,         0,   114.0,decoder_by_matrix,e9839e3017c9ef118c4b8aeafef39e78c11ecbdb89764e9ca676a7dc2fb6d062,"{""distance"":3,""physical_error_rate"":1e-06}","{""detection_events"":1131,""detectors_checked"":404324352}"
   5906432,         0,         0,   117.2,decoder_by_matrix,e25b8d07214a8afb95d354611a83b9bb1ded39644e323a8585b3aabf687a4fff,"{""distance"":3,""physical_error_rate"":1e-05}","{""detection_events"":8484,""detectors_checked"":318947328}"
   5877760,         0,         0,   116.4,decoder_by_matrix,e25b8d07214a8afb95d354611a83b9bb1ded39644e323a8585b3aabf687a4fff,"{""distance"":3,""physical_error_rate"":1e-05}","{""detection_events"":8463,""detectors_checked"":317399040}"
   5870592,         0,         0,   116.2,decoder_by_matrix,e25b8d07214a8afb95d354611a83b9bb1ded39644e323a8585b3aabf687a4fff,"{""distance"":3,""physical_error_rate"":1e-05}","{""detection_events"":8397,""detectors_checked"":317011968}"
   6654976,         0,         0,   114.9,decoder_by_matrix,560c721f87db01d4cacf7dcb7d8812fecde61e9e7776d4b9e1b1a792578ecad7,"{""distance"":3,""physical_error_rate"":5e-06}","{""detection_events"":4830,""detectors_checked"":359368704}"
   3611648,         1,         0,   117.8,decoder_by_matrix,36e3cd26fed5ec7649ec51fb08c1a5e7d7f30e615782d954fee045c18a4962ca,"{""distance"":3,""physical_error_rate"":5e-05}","{""detection_events"":26856,""detectors_checked"":195028992,""obs_mistake_mask=E"":1}"
   3685376,         1,         0,   117.7,decoder_by_matrix,36e3cd26fed5ec7649ec51fb08c1a5e7d7f30e615782d954fee045c18a4962ca,"{""distance"":3,""physical_error_rate"":5e-05}","{""detection_events"":26688,""detectors_checked"":199010304,""obs_mistake_mask=E"":1}"
   7552000,         0,         0,   113.3,decoder_by_matrix,e9839e3017c9ef118c4b8aeafef39e78c11ecbdb89764e9ca676a7dc2fb6d062,"{""distance"":3,""physical_error_rate"":1e-06}","{""detection_events"":1005,""detectors_checked"":407808000}"
   2767872,        45,         0,   117.5,decoder_by_matrix,5c8c81bfec719079c388cedc47a351f264c1bf769ae28a89f9b4fc7719fea501,"{""distance"":3,""physical_error_rate"":0.0005}","{""detection_events"":202704,""detectors_checked"":149465088,""obs_mistake_mask=E"":45}"
   3080192,         1,         0,   117.1,decoder_by_matrix,beec9fd12293a9cfe53c9b61fb8ce2a525e4eed38fa75d132d6dc64699336876,"{""distance"":3,""physical_error_rate"":0.0001}","{""detection_events"":45267,""detectors_checked"":166330368,""obs_mistake_mask=E"":1}"
   7483392,         0,         0,   115.4,decoder_by_matrix,e9839e3017c9ef118c4b8aeafef39e78c11ecbdb89764e9ca676a7dc2fb6d062,"{""distance"":3,""physical_error_rate"":1e-06}","{""detection_events"":1194,""detectors_checked"":404103168}"
   3060736,         5,         0,   117.3,decoder_by_matrix,beec9fd12293a9cfe53c9b61fb8ce2a525e4eed38fa75d132d6dc64699336876,"{""distance"":3,""physical_error_rate"":0.0001}","{""detection_events"":43698,""detectors_checked"":165279744,""obs_mistake_mask=E"":5}"
   2767872,        48,         0,   117.4,decoder_by_matrix,5c8c81bfec719079c388cedc47a351f264c1bf769ae28a89f9b4fc7719fea501,"{""distance"":3,""physical_error_rate"":0.0005}","{""detection_events"":203961,""detectors_checked"":149465088,""obs_mistake_mask=E"":48}"
   6644736,         0,         0,   114.7,decoder_by_matrix,560c721f87db01d4cacf7dcb7d8812fecde61e9e7776d4b9e1b1a792578ecad7,"{""distance"":3,""physical_error_rate"":5e-06}","{""detection_events"":5025,""detectors_checked"":358815744}"
   2769920,        39,         0,   118.3,decoder_by_matrix,5c8c81bfec719079c388cedc47a351f264c1bf769ae28a89f9b4fc7719fea501,"{""distance"":3,""physical_error_rate"":0.0005}","{""detection_events"":200043,""detectors_checked"":149575680,""obs_mistake_mask=E"":39}"
   5818368,         0,         0,   116.0,decoder_by_matrix,e25b8d07214a8afb95d354611a83b9bb1ded39644e323a8585b3aabf687a4fff,"{""distance"":3,""physical_error_rate"":1e-05}","{""detection_events"":8754,""detectors_checked"":314191872}"
   3108864,         2,         0,   115.7,decoder_by_matrix,beec9fd12293a9cfe53c9b61fb8ce2a525e4eed38fa75d132d6dc64699336876,"{""distance"":3,""physical_error_rate"":0.0001}","{""detection_events"":45069,""detectors_checked"":167878656,""obs_mistake_mask=E"":2}"
   6674432,         0,         0,   115.8,decoder_by_matrix,560c721f87db01d4cacf7dcb7d8812fecde61e9e7776d4b9e1b1a792578ecad7,"{""distance"":3,""physical_error_rate"":5e-06}","{""detection_events"":4797,""detectors_checked"":360419328}"
   7545856,         0,         0,   115.2,decoder_by_matrix,e9839e3017c9ef118c4b8aeafef39e78c11ecbdb89764e9ca676a7dc2fb6d062,"{""distance"":3,""physical_error_rate"":1e-06}","{""detection_events"":1020,""detectors_checked"":407476224}"
   2756608,        54,         0,   118.0,decoder_by_matrix,5c8c81bfec719079c388cedc47a351f264c1bf769ae28a89f9b4fc7719fea501,"{""distance"":3,""physical_error_rate"":0.0005}","{""detection_events"":199488,""detectors_checked"":148856832,""obs_mistake_mask=E"":54}"
   3106816,         6,         0,   115.7,decoder_by_matrix,beec9fd12293a9cfe53c9b61fb8ce2a525e4eed38fa75d132d6dc64699336876,"{""distance"":3,""physical_error_rate"":0.0001}","{""detection_events"":46248,""detectors_checked"":167768064,""obs_mistake_mask=E"":6}"
   3660800,         2,         0,   116.5,decoder_by_matrix,36e3cd26fed5ec7649ec51fb08c1a5e7d7f30e615782d954fee045c18a4962ca,"{""distance"":3,""physical_error_rate"":5e-05}","{""detection_events"":26166,""detectors_checked"":197683200,""obs_mistake_mask=E"":2}"
   1149942,         0,         0,    17.4,decoder_by_matrix,e9839e3017c9ef118c4b8aeafef39e78c11ecbdb89764e9ca676a7dc2fb6d062,"{""distance"":3,""physical_error_rate"":1e-06}","{""detection_events"":192,""detectors_checked"":62096868}"
   6672384,         0,         0,   102.9,decoder_by_matrix,e9839e3017c9ef118c4b8aeafef39e78c11ecbdb89764e9ca676a7dc2fb6d062,"{""distance"":3,""physical_error_rate"":1e-06}","{""detection_events"":1017,""detectors_checked"":360308736}"
   1517152,         0,         0,    23.2,decoder_by_matrix,e9839e3017c9ef118c4b8aeafef39e78c11ecbdb89764e9ca676a7dc2fb6d062,"{""distance"":3,""physical_error_rate"":1e-06}","{""detection_events"":255,""detectors_checked"":81926208}"
   1937408,         0,         0,    29.5,decoder_by_matrix,e9839e3017c9ef118c4b8aeafef39e78c11ecbdb89764e9ca676a7dc2fb6d062,"{""distance"":3,""physical_error_rate"":1e-06}","{""detection_events"":282,""detectors_checked"":104620032}"
   1570816,         0,         0,    24.0,decoder_by_matrix,e9839e3017c9ef118c4b8aeafef39e78c11ecbdb89764e9ca676a7dc2fb6d062,"{""distance"":3,""physical_error_rate"":1e-06}","{""detection_events"":168,""detectors_checked"":84824064}"
    212102,         0,         0,    3.13,decoder_by_matrix,e9839e3017c9ef118c4b8aeafef39e78c11ecbdb89764e9ca676a7dc2fb6d062,"{""distance"":3,""physical_error_rate"":1e-06}","{""detection_events"":24,""detectors_checked"":11453508}"
   3666944,         0,         0,   117.1,decoder_by_matrix,36e3cd26fed5ec7649ec51fb08c1a5e7d7f30e615782d954fee045c18a4962ca,"{""distance"":3,""physical_error_rate"":5e-05}","{""detection_events"":26367,""detectors_checked"":198014976}"
   6621184,         0,         0,   116.7,decoder_by_matrix,560c721f87db01d4cacf7dcb7d8812fecde61e9e7776d4b9e1b1a792578ecad7,"{""distance"":3,""physical_error_rate"":5e-06}","{""detection_events"":4782,""detectors_checked"":357543936}"
   5900288,         0,         0,   117.0,decoder_by_matrix,e25b8d07214a8afb95d354611a83b9bb1ded39644e323a8585b3aabf687a4fff,"{""distance"":3,""physical_error_rate"":1e-05}","{""detection_events"":8625,""detectors_checked"":318615552}"
    927741,         0,         0,    14.1,decoder_by_matrix,e9839e3017c9ef118c4b8aeafef39e78c11ecbdb89764e9ca676a7dc2fb6d062,"{""distance"":3,""physical_error_rate"":1e-06}","{""detection_events"":138,""detectors_checked"":50098014}"
    921600,         0,         0,    14.3,decoder_by_matrix,e9839e3017c9ef118c4b8aeafef39e78c11ecbdb89764e9ca676a7dc2fb6d062,"{""distance"":3,""physical_error_rate"":1e-06}","{""detection_events"":171,""detectors_checked"":49766400}"
    191689,         0,         0,    2.77,decoder_by_matrix,e9839e3017c9ef118c4b8aeafef39e78c11ecbdb89764e9ca676a7dc2fb6d062,"{""distance"":3,""physical_error_rate"":1e-06}","{""detection_events"":9,""detectors_checked"":10351206}"
    700416,         0,         0,    10.6,decoder_by_matrix,e9839e3017c9ef118c4b8aeafef39e78c11ecbdb89764e9ca676a7dc2fb6d062,"{""distance"":3,""physical_error_rate"":1e-06}","{""detection_events"":66,""detectors_checked"":37822464}"
    709632,         0,         0,    10.3,decoder_by_matrix,e9839e3017c9ef118c4b8aeafef39e78c11ecbdb89764e9ca676a7dc2fb6d062,"{""distance"":3,""physical_error_rate"":1e-06}","{""detection_events"":36,""detectors_checked"":38320128}"
     32561,         0,         0,   0.489,decoder_by_matrix,e9839e3017c9ef118c4b8aeafef39e78c11ecbdb89764e9ca676a7dc2fb6d062,"{""distance"":3,""physical_error_rate"":1e-06}","{""detection_events"":12,""detectors_checked"":1758294}"
    506880,         0,         0,    7.68,decoder_by_matrix,e9839e3017c9ef118c4b8aeafef39e78c11ecbdb89764e9ca676a7dc2fb6d062,"{""distance"":3,""physical_error_rate"":1e-06}","{""detection_events"":132,""detectors_checked"":27371520}"
    231013,         0,         0,    3.34,decoder_by_matrix,e9839e3017c9ef118c4b8aeafef39e78c11ecbdb89764e9ca676a7dc2fb6d062,"{""distance"":3,""physical_error_rate"":1e-06}","{""detection_events"":21,""detectors_checked"":12474702}"
     41777,         0,         0,   0.615,decoder_by_matrix,e9839e3017c9ef118c4b8aeafef39e78c11ecbdb89764e9ca676a7dc2fb6d062,"{""distance"":3,""physical_error_rate"":1e-06}","{""detectors_checked"":2255958}"
     49397,         0,         0,   0.629,decoder_by_matrix,e9839e3017c9ef118c4b8aeafef39e78c11ecbdb89764e9ca676a7dc2fb6d062,"{""distance"":3,""physical_error_rate"":1e-06}","{""detection_events"":9,""detectors_checked"":2667438}"
     89088,         0,         0,    1.30,decoder_by_matrix,e9839e3017c9ef118c4b8aeafef39e78c11ecbdb89764e9ca676a7dc2fb6d062,"{""distance"":3,""physical_error_rate"":1e-06}","{""detection_events"":9,""detectors_checked"":4810752}"
     46202,         0,         0,   0.627,decoder_by_matrix,e9839e3017c9ef118c4b8aeafef39e78c11ecbdb89764e9ca676a7dc2fb6d062,"{""distance"":3,""physical_error_rate"":1e-06}","{""detection_events"":6,""detectors_checked"":2494908}"
      2407,         0,         0,   0.001,decoder_by_matrix,e9839e3017c9ef118c4b8aeafef39e78c11ecbdb89764e9ca676a7dc2fb6d062,"{""distance"":3,""physical_error_rate"":1e-06}","{""detectors_checked"":129978}"
     56320,         0,         0,   0.816,decoder_by_matrix,e9839e3017c9ef118c4b8aeafef39e78c11ecbdb89764e9ca676a7dc2fb6d062,"{""distance"":3,""physical_error_rate"":1e-06}","{""detection_events"":12,""detectors_checked"":3041280}"
     56320,         0,         0,   0.740,decoder_by_matrix,e9839e3017c9ef118c4b8aeafef39e78c11ecbdb89764e9ca676a7dc2fb6d062,"{""distance"":3,""physical_error_rate"":1e-06}","{""detection_events"":6,""detectors_checked"":3041280}"
       482,         0,         0,   0.000,decoder_by_matrix,e9839e3017c9ef118c4b8aeafef39e78c11ecbdb89764e9ca676a7dc2fb6d062,"{""distance"":3,""physical_error_rate"":1e-06}","{""detectors_checked"":26028}"
      8880,         0,         0,   0.022,decoder_by_matrix,e9839e3017c9ef118c4b8aeafef39e78c11ecbdb89764e9ca676a7dc2fb6d062,"{""distance"":3,""physical_error_rate"":1e-06}","{""detectors_checked"":479520}"
     15036,         0,         0,   0.170,decoder_by_matrix,e9839e3017c9ef118c4b8aeafef39e78c11ecbdb89764e9ca676a7dc2fb6d062,"{""distance"":3,""physical_error_rate"":1e-06}","{""detection_events"":9,""detectors_checked"":811944}"
     16384,         0,         0,   0.210,decoder_by_matrix,e9839e3017c9ef118c4b8aeafef39e78c11ecbdb89764e9ca676a7dc2fb6d062,"{""distance"":3,""physical_error_rate"":1e-06}","{""detectors_checked"":884736}"
      6976,         0,         0,   0.003,decoder_by_matrix,e9839e3017c9ef118c4b8aeafef39e78c11ecbdb89764e9ca676a7dc2fb6d062,"{""distance"":3,""physical_error_rate"":1e-06}","{""detectors_checked"":376704}"
      5070,         0,         0,   0.002,decoder_by_matrix,e9839e3017c9ef118c4b8aeafef39e78c11ecbdb89764e9ca676a7dc2fb6d062,"{""distance"":3,""physical_error_rate"":1e-06}","{""detectors_checked"":273780}"
      6976,         0,         0,   0.003,decoder_by_matrix,e9839e3017c9ef118c4b8aeafef39e78c11ecbdb89764e9ca676a7dc2fb6d062,"{""distance"":3,""physical_error_rate"":1e-06}","{""detectors_checked"":376704}"
      8880,         0,         0,   0.149,decoder_by_matrix,e9839e3017c9ef118c4b8aeafef39e78c11ecbdb89764e9ca676a7dc2fb6d062,"{""distance"":3,""physical_error_rate"":1e-06}","{""detectors_checked"":479520}"
      5581,         0,         0,   0.040,decoder_by_matrix,e9839e3017c9ef118c4b8aeafef39e78c11ecbdb89764e9ca676a7dc2fb6d062,"{""distance"":3,""physical_error_rate"":1e-06}","{""detectors_checked"":301374}"
       279,         0,         0,   0.000,decoder_by_matrix,e9839e3017c9ef118c4b8aeafef39e78c11ecbdb89764e9ca676a7dc2fb6d062,"{""distance"":3,""physical_error_rate"":1e-06}","{""detectors_checked"":15066}"
       224,         0,         0,   0.000,decoder_by_matrix,e9839e3017c9ef118c4b8aeafef39e78c11ecbdb89764e9ca676a7dc2fb6d062,"{""distance"":3,""physical_error_rate"":1e-06}","{""detectors_checked"":12096}"
       224,         0,         0,   0.000,decoder_by_matrix,e9839e3017c9ef118c4b8aeafef39e78c11ecbdb89764e9ca676a7dc2fb6d062,"{""distance"":3,""physical_error_rate"":1e-06}","{""detectors_checked"":12096}"
       224,         0,         0,   0.000,decoder_by_matrix,e9839e3017c9ef118c4b8aeafef39e78c11ecbdb89764e9ca676a7dc2fb6d062,"{""distance"":3,""physical_error_rate"":1e-06}","{""detectors_checked"":12096}"
        89,         0,         0,   0.000,decoder_by_matrix,e9839e3017c9ef118c4b8aeafef39e78c11ecbdb89764e9ca676a7dc2fb6d062,"{""distance"":3,""physical_error_rate"":1e-06}","{""detectors_checked"":4806}"
        71,         0,         0,   0.000,decoder_by_matrix,e9839e3017c9ef118c4b8aeafef39e78c11ecbdb89764e9ca676a7dc2fb6d062,"{""distance"":3,""physical_error_rate"":1e-06}","{""detectors_checked"":3834}"
        71,         0,         0,   0.000,decoder_by_matrix,e9839e3017c9ef118c4b8aeafef39e78c11ecbdb89764e9ca676a7dc2fb6d062,"{""distance"":3,""physical_error_rate"":1e-06}","{""detectors_checked"":3834}"
        71,         0,         0,   0.000,decoder_by_matrix,e9839e3017c9ef118c4b8aeafef39e78c11ecbdb89764e9ca676a7dc2fb6d062,"{""distance"":3,""physical_error_rate"":1e-06}","{""detectors_checked"":3834}"
        71,         0,         0,   0.000,decoder_by_matrix,e9839e3017c9ef118c4b8aeafef39e78c11ecbdb89764e9ca676a7dc2fb6d062,"{""distance"":3,""physical_error_rate"":1e-06}","{""detectors_checked"":3834}"
        15,         0,         0,   0.000,decoder_by_matrix,e9839e3017c9ef118c4b8aeafef39e78c11ecbdb89764e9ca676a7dc2fb6d062,"{""distance"":3,""physical_error_rate"":1e-06}","{""detectors_checked"":810}"
        15,         0,         0,   0.000,decoder_by_matrix,e9839e3017c9ef118c4b8aeafef39e78c11ecbdb89764e9ca676a7dc2fb6d062,"{""distance"":3,""physical_error_rate"":1e-06}","{""detectors_checked"":810}"
        15,         0,         0,   0.000,decoder_by_matrix,e9839e3017c9ef118c4b8aeafef39e78c11ecbdb89764e9ca676a7dc2fb6d062,"{""distance"":3,""physical_error_rate"":1e-06}","{""detectors_checked"":810}"
        15,         0,         0,   0.000,decoder_by_matrix,e9839e3017c9ef118c4b8aeafef39e78c11ecbdb89764e9ca676a7dc2fb6d062,"{""distance"":3,""physical_error_rate"":1e-06}","{""detectors_checked"":810}"
         3,         0,         0,   0.000,decoder_by_matrix,e9839e3017c9ef118c4b8aeafef39e78c11ecbdb89764e9ca676a7dc2fb6d062,"{""distance"":3,""physical_error_rate"":1e-06}","{""detectors_checked"":162}"
         2,         0,         0,   0.000,decoder_by_matrix,e9839e3017c9ef118c4b8aeafef39e78c11ecbdb89764e9ca676a7dc2fb6d062,"{""distance"":3,""physical_error_rate"":1e-06}","{""detectors_checked"":108}"
         2,         0,         0,   0.000,decoder_by_matrix,e9839e3017c9ef118c4b8aeafef39e78c11ecbdb89764e9ca676a7dc2fb6d062,"{""distance"":3,""physical_error_rate"":1e-06}","{""detectors_checked"":108}"
         1,         0,         0,   0.000,decoder_by_matrix,e9839e3017c9ef118c4b8aeafef39e78c11ecbdb89764e9ca676a7dc2fb6d062,"{""distance"":3,""physical_error_rate"":1e-06}","{""detectors_checked"":54}"
         1,         0,         0,   0.000,decoder_by_matrix,e9839e3017c9ef118c4b8aeafef39e78c11ecbdb89764e9ca676a7dc2fb6d062,"{""distance"":3,""physical_error_rate"":1e-06}","{""detectors_checked"":54}"
         1,         0,         0,   0.000,decoder_by_matrix,e9839e3017c9ef118c4b8aeafef39e78c11ecbdb89764e9ca676a7dc2fb6d062,"{""distance"":3,""physical_error_rate"":1e-06}","{""detectors_checked"":54}"
         1,         0,         0,   0.000,decoder_by_matrix,e9839e3017c9ef118c4b8aeafef39e78c11ecbdb89764e9ca676a7dc2fb6d062,"{""distance"":3,""physical_error_rate"":1e-06}","{""detectors_checked"":54}"
         1,         0,         0,   0.000,decoder_by_matrix,e25b8d07214a8afb95d354611a83b9bb1ded39644e323a8585b3aabf687a4fff,"{""distance"":3,""physical_error_rate"":1e-05}","{""detectors_checked"":54}"
      6417,         0,         0,   0.044,decoder_by_matrix,560c721f87db01d4cacf7dcb7d8812fecde61e9e7776d4b9e1b1a792578ecad7,"{""distance"":3,""physical_error_rate"":5e-06}","{""detectors_checked"":346518}"
     11536,         0,         0,   0.006,decoder_by_matrix,e25b8d07214a8afb95d354611a83b9bb1ded39644e323a8585b3aabf687a4fff,"{""distance"":3,""physical_error_rate"":1e-05}","{""detection_events"":15,""detectors_checked"":622944}"
         1,         0,         0,   0.000,decoder_by_matrix,36e3cd26fed5ec7649ec51fb08c1a5e7d7f30e615782d954fee045c18a4962ca,"{""distance"":3,""physical_error_rate"":5e-05}","{""detectors_checked"":54}"
         1,         0,         0,   0.000,decoder_by_matrix,36e3cd26fed5ec7649ec51fb08c1a5e7d7f30e615782d954fee045c18a4962ca,"{""distance"":3,""physical_error_rate"":5e-05}","{""detectors_checked"":54}"
         1,         0,         0,   0.000,decoder_by_matrix,e25b8d07214a8afb95d354611a83b9bb1ded39644e323a8585b3aabf687a4fff,"{""distance"":3,""physical_error_rate"":1e-05}","{""detectors_checked"":54}"
      5392,         0,         0,   0.014,decoder_by_matrix,36e3cd26fed5ec7649ec51fb08c1a5e7d7f30e615782d954fee045c18a4962ca,"{""distance"":3,""physical_error_rate"":5e-05}","{""detection_events"":60,""detectors_checked"":291168}"
      6416,         0,         0,   0.014,decoder_by_matrix,36e3cd26fed5ec7649ec51fb08c1a5e7d7f30e615782d954fee045c18a4962ca,"{""distance"":3,""physical_error_rate"":5e-05}","{""detection_events"":42,""detectors_checked"":346464}"
      9488,         0,         0,   0.014,decoder_by_matrix,e25b8d07214a8afb95d354611a83b9bb1ded39644e323a8585b3aabf687a4fff,"{""distance"":3,""physical_error_rate"":1e-05}","{""detection_events"":12,""detectors_checked"":512352}"
      1024,         0,         0,   0.037,decoder_by_matrix,36e3cd26fed5ec7649ec51fb08c1a5e7d7f30e615782d954fee045c18a4962ca,"{""distance"":3,""physical_error_rate"":5e-05}","{""detection_events"":12,""detectors_checked"":55296}"
      4096,         0,         0,   0.157,decoder_by_matrix,560c721f87db01d4cacf7dcb7d8812fecde61e9e7776d4b9e1b1a792578ecad7,"{""distance"":3,""physical_error_rate"":5e-06}","{""detection_events"":12,""detectors_checked"":221184}"
      3072,         0,         0,   0.049,decoder_by_matrix,e25b8d07214a8afb95d354611a83b9bb1ded39644e323a8585b3aabf687a4fff,"{""distance"":3,""physical_error_rate"":1e-05}","{""detectors_checked"":165888}"
      9216,         0,         0,   0.201,decoder_by_matrix,e25b8d07214a8afb95d354611a83b9bb1ded39644e323a8585b3aabf687a4fff,"{""distance"":3,""physical_error_rate"":1e-05}","{""detection_events"":21,""detectors_checked"":497664}"
      6144,         0,         0,   0.119,decoder_by_matrix,36e3cd26fed5ec7649ec51fb08c1a5e7d7f30e615782d954fee045c18a4962ca,"{""distance"":3,""physical_error_rate"":5e-05}","{""detection_events"":78,""detectors_checked"":331776}"
      5120,         0,         0,   0.115,decoder_by_matrix,36e3cd26fed5ec7649ec51fb08c1a5e7d7f30e615782d954fee045c18a4962ca,"{""distance"":3,""physical_error_rate"":5e-05}","{""detection_events"":39,""detectors_checked"":276480}"
      5120,         0,         0,   0.004,decoder_by_matrix,560c721f87db01d4cacf7dcb7d8812fecde61e9e7776d4b9e1b1a792578ecad7,"{""distance"":3,""physical_error_rate"":5e-06}","{""detection_events"":18,""detectors_checked"":276480}"
      8192,         0,         0,   0.126,decoder_by_matrix,e25b8d07214a8afb95d354611a83b9bb1ded39644e323a8585b3aabf687a4fff,"{""distance"":3,""physical_error_rate"":1e-05}","{""detectors_checked"":442368}"
      5120,         0,         0,   0.133,decoder_by_matrix,e25b8d07214a8afb95d354611a83b9bb1ded39644e323a8585b3aabf687a4fff,"{""distance"":3,""physical_error_rate"":1e-05}","{""detection_events"":3,""detectors_checked"":276480}"
      4096,         0,         0,   0.123,decoder_by_matrix,36e3cd26fed5ec7649ec51fb08c1a5e7d7f30e615782d954fee045c18a4962ca,"{""distance"":3,""physical_error_rate"":5e-05}","{""detection_events"":9,""detectors_checked"":221184}"
      7168,         0,         0,   0.124,decoder_by_matrix,560c721f87db01d4cacf7dcb7d8812fecde61e9e7776d4b9e1b1a792578ecad7,"{""distance"":3,""physical_error_rate"":5e-06}","{""detection_events"":6,""detectors_checked"":387072}"
      4096,         0,         0,   0.169,decoder_by_matrix,36e3cd26fed5ec7649ec51fb08c1a5e7d7f30e615782d954fee045c18a4962ca,"{""distance"":3,""physical_error_rate"":5e-05}","{""detection_events"":60,""detectors_checked"":221184}"
      6144,         0,         0,   0.128,decoder_by_matrix,e25b8d07214a8afb95d354611a83b9bb1ded39644e323a8585b3aabf687a4fff,"{""distance"":3,""physical_error_rate"":1e-05}","{""detection_events"":15,""detectors_checked"":331776}"
      5120,         0,         0,   0.132,decoder_by_matrix,e25b8d07214a8afb95d354611a83b9bb1ded39644e323a8585b3aabf687a4fff,"{""distance"":3,""physical_error_rate"":1e-05}","{""detection_events"":15,""detectors_checked"":276480}"
      4096,         0,         0,   0.108,decoder_by_matrix,36e3cd26fed5ec7649ec51fb08c1a5e7d7f30e615782d954fee045c18a4962ca,"{""distance"":3,""physical_error_rate"":5e-05}","{""detection_events"":30,""detectors_checked"":221184}"
      5120,         0,         0,   0.128,decoder_by_matrix,560c721f87db01d4cacf7dcb7d8812fecde61e9e7776d4b9e1b1a792578ecad7,"{""distance"":3,""physical_error_rate"":5e-06}","{""detection_events"":9,""detectors_checked"":276480}"
      3072,         0,         0,   0.128,decoder_by_matrix,36e3cd26fed5ec7649ec51fb08c1a5e7d7f30e615782d954fee045c18a4962ca,"{""distance"":3,""physical_error_rate"":5e-05}","{""detection_events"":33,""detectors_checked"":165888}"
      5120,         0,         0,   0.129,decoder_by_matrix,e25b8d07214a8afb95d354611a83b9bb1ded39644e323a8585b3aabf687a4fff,"{""distance"":3,""physical_error_rate"":1e-05}","{""detection_events"":21,""detectors_checked"":276480}"
      6144,         0,         0,   0.129,decoder_by_matrix,e25b8d07214a8afb95d354611a83b9bb1ded39644e323a8585b3aabf687a4fff,"{""distance"":3,""physical_error_rate"":1e-05}","{""detection_events"":9,""detectors_checked"":331776}"
      8192,         0,         0,   0.124,decoder_by_matrix,560c721f87db01d4cacf7dcb7d8812fecde61e9e7776d4b9e1b1a792578ecad7,"{""distance"":3,""physical_error_rate"":5e-06}","{""detectors_checked"":442368}"
      4096,         0,         0,   0.124,decoder_by_matrix,36e3cd26fed5ec7649ec51fb08c1a5e7d7f30e615782d954fee045c18a4962ca,"{""distance"":3,""physical_error_rate"":5e-05}","{""detection_events"":18,""detectors_checked"":221184}"
      4096,         0,         0,   0.168,decoder_by_matrix,36e3cd26fed5ec7649ec51fb08c1a5e7d7f30e615782d954fee045c18a4962ca,"{""distance"":3,""physical_error_rate"":5e-05}","{""detection_events"":33,""detectors_checked"":221184}"
      8192,         0,         0,   0.128,decoder_by_matrix,e25b8d07214a8afb95d354611a83b9bb1ded39644e323a8585b3aabf687a4fff,"{""distance"":3,""physical_error_rate"":1e-05}","{""detectors_checked"":442368}"
      7168,         0,         0,   0.132,decoder_by_matrix,e25b8d07214a8afb95d354611a83b9bb1ded39644e323a8585b3aabf687a4fff,"{""distance"":3,""physical_error_rate"":1e-05}","{""detection_events"":3,""detectors_checked"":387072}"
      6144,         0,         0,   0.108,decoder_by_matrix,560c721f87db01d4cacf7dcb7d8812fecde61e9e7776d4b9e1b1a792578ecad7,"{""distance"":3,""physical_error_rate"":5e-06}","{""detection_events"":6,""detectors_checked"":331776}"
      4096,         0,         0,   0.129,decoder_by_matrix,36e3cd26fed5ec7649ec51fb08c1a5e7d7f30e615782d954fee045c18a4962ca,"{""distance"":3,""physical_error_rate"":5e-05}","{""detection_events"":12,""detectors_checked"":221184}"
      6144,         0,         0,   0.129,decoder_by_matrix,36e3cd26fed5ec7649ec51fb08c1a5e7d7f30e615782d954fee045c18a4962ca,"{""distance"":3,""physical_error_rate"":5e-05}","{""detection_events"":9,""detectors_checked"":331776}"
      6144,         0,         0,   0.129,decoder_by_matrix,e25b8d07214a8afb95d354611a83b9bb1ded39644e323a8585b3aabf687a4fff,"{""distance"":3,""physical_error_rate"":1e-05}","{""detection_events"":6,""detectors_checked"":331776}"
      7168,         0,         0,   0.128,decoder_by_matrix,e25b8d07214a8afb95d354611a83b9bb1ded39644e323a8585b3aabf687a4fff,"{""distance"":3,""physical_error_rate"":1e-05}","{""detectors_checked"":387072}"
      5120,         0,         0,   0.125,decoder_by_matrix,36e3cd26fed5ec7649ec51fb08c1a5e7d7f30e615782d954fee045c18a4962ca,"{""distance"":3,""physical_error_rate"":5e-05}","{""detection_events"":27,""detectors_checked"":276480}"
      9216,         0,         0,   0.165,decoder_by_matrix,560c721f87db01d4cacf7dcb7d8812fecde61e9e7776d4b9e1b1a792578ecad7,"{""distance"":3,""physical_error_rate"":5e-06}","{""detectors_checked"":497664}"
      7168,         0,         0,   0.254,decoder_by_matrix,36e3cd26fed5ec7649ec51fb08c1a5e7d7f30e615782d954fee045c18a4962ca,"{""distance"":3,""physical_error_rate"":5e-05}","{""detection_events"":57,""detectors_checked"":387072}"
     14336,         0,         0,   0.254,decoder_by_matrix,e25b8d07214a8afb95d354611a83b9bb1ded39644e323a8585b3aabf687a4fff,"{""distance"":3,""physical_error_rate"":1e-05}","{""detection_events"":3,""detectors_checked"":774144}"
      4096,         0,         0,   0.170,decoder_by_matrix,36e3cd26fed5ec7649ec51fb08c1a5e7d7f30e615782d954fee045c18a4962ca,"{""distance"":3,""physical_error_rate"":5e-05}","{""detection_events"":9,""detectors_checked"":221184}"
     12288,         0,         0,   0.275,decoder_by_matrix,e25b8d07214a8afb95d354611a83b9bb1ded39644e323a8585b3aabf687a4fff,"{""distance"":3,""physical_error_rate"":1e-05}","{""detection_events"":24,""detectors_checked"":663552}"
     12288,         0,         0,   0.253,decoder_by_matrix,560c721f87db01d4cacf7dcb7d8812fecde61e9e7776d4b9e1b1a792578ecad7,"{""distance"":3,""physical_error_rate"":5e-06}","{""detection_events"":9,""detectors_checked"":663552}"
     13312,         0,         0,   0.252,decoder_by_matrix,e25b8d07214a8afb95d354611a83b9bb1ded39644e323a8585b3aabf687a4fff,"{""distance"":3,""physical_error_rate"":1e-05}","{""detection_events"":18,""detectors_checked"":718848}"
      6144,         0,         0,   0.252,decoder_by_matrix,36e3cd26fed5ec7649ec51fb08c1a5e7d7f30e615782d954fee045c18a4962ca,"{""distance"":3,""physical_error_rate"":5e-05}","{""detection_events"":42,""detectors_checked"":331776}"
      9216,         0,         0,   0.284,decoder_by_matrix,36e3cd26fed5ec7649ec51fb08c1a5e7d7f30e615782d954fee045c18a4962ca,"{""distance"":3,""physical_error_rate"":5e-05}","{""detection_events"":36,""detectors_checked"":497664}"
     11264,         0,         0,   0.256,decoder_by_matrix,e25b8d07214a8afb95d354611a83b9bb1ded39644e323a8585b3aabf687a4fff,"{""distance"":3,""physical_error_rate"":1e-05}","{""detection_events"":15,""detectors_checked"":608256}"
     14336,         0,         0,   0.243,decoder_by_matrix,560c721f87db01d4cacf7dcb7d8812fecde61e9e7776d4b9e1b1a792578ecad7,"{""distance"":3,""physical_error_rate"":5e-06}","{""detection_events"":9,""detectors_checked"":774144}"
     21504,         0,         0,   0.375,decoder_by_matrix,e25b8d07214a8afb95d354611a83b9bb1ded39644e323a8585b3aabf687a4fff,"{""distance"":3,""physical_error_rate"":1e-05}","{""detection_events"":9,""detectors_checked"":1161216}"
     11264,         0,         0,   0.259,decoder_by_matrix,36e3cd26fed5ec7649ec51fb08c1a5e7d7f30e615782d954fee045c18a4962ca,"{""distance"":3,""physical_error_rate"":5e-05}","{""detection_events"":54,""detectors_checked"":608256}"
     10240,         0,         0,   0.259,decoder_by_matrix,36e3cd26fed5ec7649ec51fb08c1a5e7d7f30e615782d954fee045c18a4962ca,"{""distance"":3,""physical_error_rate"":5e-05}","{""detection_events"":78,""detectors_checked"":552960}"
     19456,         0,         0,   0.383,decoder_by_matrix,e25b8d07214a8afb95d354611a83b9bb1ded39644e323a8585b3aabf687a4fff,"{""distance"":3,""physical_error_rate"":1e-05}","{""detection_events"":24,""detectors_checked"":1050624}"
     21504,         0,         0,   0.375,decoder_by_matrix,560c721f87db01d4cacf7dcb7d8812fecde61e9e7776d4b9e1b1a792578ecad7,"{""distance"":3,""physical_error_rate"":5e-06}","{""detection_events"":3,""detectors_checked"":1161216}"
     20480,         0,         0,   0.482,decoder_by_matrix,e25b8d07214a8afb95d354611a83b9bb1ded39644e323a8585b3aabf687a4fff,"{""distance"":3,""physical_error_rate"":1e-05}","{""detection_events"":42,""detectors_checked"":1105920}"
     15360,         0,         0,   0.495,decoder_by_matrix,36e3cd26fed5ec7649ec51fb08c1a5e7d7f30e615782d954fee045c18a4962ca,"{""distance"":3,""physical_error_rate"":5e-05}","{""detection_events"":114,""detectors_checked"":829440}"
     17408,         0,         0,   0.512,decoder_by_matrix,36e3cd26fed5ec7649ec51fb08c1a5e7d7f30e615782d954fee045c18a4962ca,"{""distance"":3,""physical_error_rate"":5e-05}","{""detection_events"":99,""detectors_checked"":940032}"
     27648,         0,         0,   0.386,decoder_by_matrix,e25b8d07214a8afb95d354611a83b9bb1ded39644e323a8585b3aabf687a4fff,"{""distance"":3,""physical_error_rate"":1e-05}","{""detection_events"":27,""detectors_checked"":1492992}"
     30720,         0,         0,   0.516,decoder_by_matrix,560c721f87db01d4cacf7dcb7d8812fecde61e9e7776d4b9e1b1a792578ecad7,"{""distance"":3,""physical_error_rate"":5e-06}","{""detection_events"":15,""detectors_checked"":1658880}"
     31744,         0,         0,   0.628,decoder_by_matrix,e25b8d07214a8afb95d354611a83b9bb1ded39644e323a8585b3aabf687a4fff,"{""distance"":3,""physical_error_rate"":1e-05}","{""detection_events"":33,""detectors_checked"":1714176}"
     21504,         0,         0,   0.635,decoder_by_matrix,36e3cd26fed5ec7649ec51fb08c1a5e7d7f30e615782d954fee045c18a4962ca,"{""distance"":3,""physical_error_rate"":5e-05}","{""detection_events"":138,""detectors_checked"":1161216}"
     21504,         0,         0,   0.663,decoder_by_matrix,36e3cd26fed5ec7649ec51fb08c1a5e7d7f30e615782d954fee045c18a4962ca,"{""distance"":3,""physical_error_rate"":5e-05}","{""detection_events"":123,""detectors_checked"":1161216}"
     32768,         0,         0,   0.635,decoder_by_matrix,e25b8d07214a8afb95d354611a83b9bb1ded39644e323a8585b3aabf687a4fff,"{""distance"":3,""physical_error_rate"":1e-05}","{""detection_events"":27,""detectors_checked"":1769472}"
     34816,         0,         0,   0.627,decoder_by_matrix,560c721f87db01d4cacf7dcb7d8812fecde61e9e7776d4b9e1b1a792578ecad7,"{""distance"":3,""physical_error_rate"":5e-06}","{""detection_events"":33,""detectors_checked"":1880064}"
     37888,         0,         0,   0.882,decoder_by_matrix,e25b8d07214a8afb95d354611a83b9bb1ded39644e323a8585b3aabf687a4fff,"{""distance"":3,""physical_error_rate"":1e-05}","{""detection_events"":87,""detectors_checked"":2045952}"
     23552,         0,         0,   0.890,decoder_by_matrix,36e3cd26fed5ec7649ec51fb08c1a5e7d7f30e615782d954fee045c18a4962ca,"{""distance"":3,""physical_error_rate"":5e-05}","{""detection_events"":219,""detectors_checked"":1271808}"
     27648,         0,         0,   0.898,decoder_by_matrix,36e3cd26fed5ec7649ec51fb08c1a5e7d7f30e615782d954fee045c18a4962ca,"{""distance"":3,""physical_error_rate"":5e-05}","{""detection_events"":153,""detectors_checked"":1492992}"
     41984,         0,         0,   0.894,decoder_by_matrix,e25b8d07214a8afb95d354611a83b9bb1ded39644e323a8585b3aabf687a4fff,"{""distance"":3,""physical_error_rate"":1e-05}","{""detection_events"":66,""detectors_checked"":2267136}"
     52224,         0,         0,   0.893,decoder_by_matrix,560c721f87db01d4cacf7dcb7d8812fecde61e9e7776d4b9e1b1a792578ecad7,"{""distance"":3,""physical_error_rate"":5e-06}","{""detection_events"":15,""detectors_checked"":2820096}"
     54272,         0,         0,    1.14,decoder_by_matrix,e25b8d07214a8afb95d354611a83b9bb1ded39644e323a8585b3aabf687a4fff,"{""distance"":3,""physical_error_rate"":1e-05}","{""detection_events"":81,""detectors_checked"":2930688}"
     34816,         0,         0,   0.907,decoder_by_matrix,36e3cd26fed5ec7649ec51fb08c1a5e7d7f30e615782d954fee045c18a4962ca,"{""distance"":3,""physical_error_rate"":5e-05}","{""detection_events"":294,""detectors_checked"":1880064}"
     35840,         0,         0,    1.15,decoder_by_matrix,36e3cd26fed5ec7649ec51fb08c1a5e7d7f30e615782d954fee045c18a4962ca,"{""distance"":3,""physical_error_rate"":5e-05}","{""detection_events"":267,""detectors_checked"":1935360}"
     53248,         0,         0,    1.15,decoder_by_matrix,e25b8d07214a8afb95d354611a83b9bb1ded39644e323a8585b3aabf687a4fff,"{""distance"":3,""physical_error_rate"":1e-05}","{""detection_events"":108,""detectors_checked"":2875392}"
     72704,         0,         0,    1.15,decoder_by_matrix,560c721f87db01d4cacf7dcb7d8812fecde61e9e7776d4b9e1b1a792578ecad7,"{""distance"":3,""physical_error_rate"":5e-06}","{""detection_events"":15,""detectors_checked"":3926016}"
     82944,         0,         0,    1.53,decoder_by_matrix,e25b8d07214a8afb95d354611a83b9bb1ded39644e323a8585b3aabf687a4fff,"{""distance"":3,""physical_error_rate"":1e-05}","{""detection_events"":84,""detectors_checked"":4478976}"
     50176,         0,         0,    1.55,decoder_by_matrix,36e3cd26fed5ec7649ec51fb08c1a5e7d7f30e615782d954fee045c18a4962ca,"{""distance"":3,""physical_error_rate"":5e-05}","{""detection_events"":372,""detectors_checked"":2709504}"
     48128,         0,         0,    1.66,decoder_by_matrix,36e3cd26fed5ec7649ec51fb08c1a5e7d7f30e615782d954fee045c18a4962ca,"{""distance"":3,""physical_error_rate"":5e-05}","{""detection_events"":444,""detectors_checked"":2598912}"
     91136,         0,         0,    1.62,decoder_by_matrix,560c721f87db01d4cacf7dcb7d8812fecde61e9e7776d4b9e1b1a792578ecad7,"{""distance"":3,""physical_error_rate"":5e-06}","{""detection_events"":54,""detectors_checked"":4921344}"
     78848,         0,         0,    1.68,decoder_by_matrix,e25b8d07214a8afb95d354611a83b9bb1ded39644e323a8585b3aabf687a4fff,"{""distance"":3,""physical_error_rate"":1e-05}","{""detection_events"":138,""detectors_checked"":4257792}"
    108544,         0,         0,    2.26,decoder_by_matrix,e25b8d07214a8afb95d354611a83b9bb1ded39644e323a8585b3aabf687a4fff,"{""distance"":3,""physical_error_rate"":1e-05}","{""detection_events"":168,""detectors_checked"":5861376}"
     70656,         0,         0,    2.20,decoder_by_matrix,36e3cd26fed5ec7649ec51fb08c1a5e7d7f30e615782d954fee045c18a4962ca,"{""distance"":3,""physical_error_rate"":5e-05}","{""detection_events"":507,""detectors_checked"":3815424}"
    122880,         0,         0,    2.17,decoder_by_matrix,560c721f87db01d4cacf7dcb7d8812fecde61e9e7776d4b9e1b1a792578ecad7,"{""distance"":3,""physical_error_rate"":5e-06}","{""detection_events"":123,""detectors_checked"":6635520}"
    107520,         0,         0,    2.05,decoder_by_matrix,e25b8d07214a8afb95d354611a83b9bb1ded39644e323a8585b3aabf687a4fff,"{""distance"":3,""physical_error_rate"":1e-05}","{""detection_events"":180,""detectors_checked"":5806080}"
     69632,         0,         0,    2.04,decoder_by_matrix,36e3cd26fed5ec7649ec51fb08c1a5e7d7f30e615782d954fee045c18a4962ca,"{""distance"":3,""physical_error_rate"":5e-05}","{""detection_events"":510,""detectors_checked"":3760128}"
    147456,         0,         0,    2.93,decoder_by_matrix,e25b8d07214a8afb95d354611a83b9bb1ded39644e323a8585b3aabf687a4fff,"{""distance"":3,""physical_error_rate"":1e-05}","{""detection_events"":228,""detectors_checked"":7962624}"
     89088,         0,         0,    2.82,decoder_by_matrix,36e3cd26fed5ec7649ec51fb08c1a5e7d7f30e615782d954fee045c18a4962ca,"{""distance"":3,""physical_error_rate"":5e-05}","{""detection_events"":699,""detectors_checked"":4810752}"
    162816,         0,         0,    3.06,decoder_by_matrix,560c721f87db01d4cacf7dcb7d8812fecde61e9e7776d4b9e1b1a792578ecad7,"{""distance"":3,""physical_error_rate"":5e-06}","{""detection_events"":138,""detectors_checked"":8792064}"
    147456,         0,         0,    3.06,decoder_by_matrix,e25b8d07214a8afb95d354611a83b9bb1ded39644e323a8585b3aabf687a4fff,"{""distance"":3,""physical_error_rate"":1e-05}","{""detection_events"":243,""detectors_checked"":7962624}"
     96256,         0,         0,    3.07,decoder_by_matrix,36e3cd26fed5ec7649ec51fb08c1a5e7d7f30e615782d954fee045c18a4962ca,"{""distance"":3,""physical_error_rate"":5e-05}","{""detection_events"":594,""detectors_checked"":5197824}"
    216064,         0,         0,    4.17,decoder_by_matrix,e25b8d07214a8afb95d354611a83b9bb1ded39644e323a8585b3aabf687a4fff,"{""distance"":3,""physical_error_rate"":1e-05}","{""detection_events"":321,""detectors_checked"":11667456}"
    246784,         0,         0,    4.27,decoder_by_matrix,560c721f87db01d4cacf7dcb7d8812fecde61e9e7776d4b9e1b1a792578ecad7,"{""distance"":3,""physical_error_rate"":5e-06}","{""detection_events"":126,""detectors_checked"":13326336}"
    130048,         0,         0,    4.33,decoder_by_matrix,36e3cd26fed5ec7649ec51fb08c1a5e7d7f30e615782d954fee045c18a4962ca,"{""distance"":3,""physical_error_rate"":5e-05}","{""detection_events"":972,""detectors_checked"":7022592}"
    208896,         0,         0,    4.23,decoder_by_matrix,e25b8d07214a8afb95d354611a83b9bb1ded39644e323a8585b3aabf687a4fff,"{""distance"":3,""physical_error_rate"":1e-05}","{""detection_events"":294,""detectors_checked"":11280384}"
    132096,         0,         0,    4.35,decoder_by_matrix,36e3cd26fed5ec7649ec51fb08c1a5e7d7f30e615782d954fee045c18a4962ca,"{""distance"":3,""physical_error_rate"":5e-05}","{""detection_events"":957,""detectors_checked"":7133184}"
    303104,         0,         0,    5.93,decoder_by_matrix,e25b8d07214a8afb95d354611a83b9bb1ded39644e323a8585b3aabf687a4fff,"{""distance"":3,""physical_error_rate"":1e-05}","{""detection_events"":426,""detectors_checked"":16367616}"
    187392,         0,         0,    6.01,decoder_by_matrix,36e3cd26fed5ec7649ec51fb08c1a5e7d7f30e615782d954fee045c18a4962ca,"{""distance"":3,""physical_error_rate"":5e-05}","{""detection_events"":1404,""detectors_checked"":10119168}"
    337920,         0,         0,    5.81,decoder_by_matrix,560c721f87db01d4cacf7dcb7d8812fecde61e9e7776d4b9e1b1a792578ecad7,"{""distance"":3,""physical_error_rate"":5e-06}","{""detection_events"":189,""detectors_checked"":18247680}"
    181248,         0,         0,    5.62,decoder_by_matrix,36e3cd26fed5ec7649ec51fb08c1a5e7d7f30e615782d954fee045c18a4962ca,"{""distance"":3,""physical_error_rate"":5e-05}","{""detection_events"":1218,""detectors_checked"":9787392}"
    297984,         0,         0,    5.94,decoder_by_matrix,e25b8d07214a8afb95d354611a83b9bb1ded39644e323a8585b3aabf687a4fff,"{""distance"":3,""physical_error_rate"":1e-05}","{""detection_events"":399,""detectors_checked"":16091136}"
    410624,         0,         0,    7.76,decoder_by_matrix,e25b8d07214a8afb95d354611a83b9bb1ded39644e323a8585b3aabf687a4fff,"{""distance"":3,""physical_error_rate"":1e-05}","{""detection_events"":621,""detectors_checked"":22173696}"
    261120,         0,         0,    8.30,decoder_by_matrix,36e3cd26fed5ec7649ec51fb08c1a5e7d7f30e615782d954fee045c18a4962ca,"{""distance"":3,""physical_error_rate"":5e-05}","{""detection_events"":1788,""detectors_checked"":14100480}"
    464896,         0,         0,    8.32,decoder_by_matrix,560c721f87db01d4cacf7dcb7d8812fecde61e9e7776d4b9e1b1a792578ecad7,"{""distance"":3,""physical_error_rate"":5e-06}","{""detection_events"":309,""detectors_checked"":25104384}"
    411648,         0,         0,    7.91,decoder_by_matrix,e25b8d07214a8afb95d354611a83b9bb1ded39644e323a8585b3aabf687a4fff,"{""distance"":3,""physical_error_rate"":1e-05}","{""detection_events"":534,""detectors_checked"":22228992}"
    251904,         0,         0,    8.45,decoder_by_matrix,36e3cd26fed5ec7649ec51fb08c1a5e7d7f30e615782d954fee045c18a4962ca,"{""distance"":3,""physical_error_rate"":5e-05}","{""detection_events"":2001,""detectors_checked"":13602816}"
   3087360,         1,         0,   116.8,decoder_by_matrix,beec9fd12293a9cfe53c9b61fb8ce2a525e4eed38fa75d132d6dc64699336876,"{""distance"":3,""physical_error_rate"":0.0001}","{""detection_events"":44883,""detectors_checked"":166717440,""obs_mistake_mask=E"":1}"
   2764800,        55,         0,   116.4,decoder_by_matrix,5c8c81bfec719079c388cedc47a351f264c1bf769ae28a89f9b4fc7719fea501,"{""distance"":3,""physical_error_rate"":0.0005}","{""detection_events"":200778,""detectors_checked"":149299200,""obs_mistake_mask=E"":55}"
   2756608,        49,         0,   118.4,decoder_by_matrix,5c8c81bfec719079c388cedc47a351f264c1bf769ae28a89f9b4fc7719fea501,"{""distance"":3,""physical_error_rate"":0.0005}","{""detection_events"":200046,""detectors_checked"":148856832,""obs_mistake_mask=E"":49}"
   3093504,         3,         0,   118.3,decoder_by_matrix,beec9fd12293a9cfe53c9b61fb8ce2a525e4eed38fa75d132d6dc64699336876,"{""distance"":3,""physical_error_rate"":0.0001}","{""detection_events"":45594,""detectors_checked"":167049216,""obs_mistake_mask=E"":3}"
    575488,         0,         0,    11.3,decoder_by_matrix,e25b8d07214a8afb95d354611a83b9bb1ded39644e323a8585b3aabf687a4fff,"{""distance"":3,""physical_error_rate"":1e-05}","{""detection_events"":840,""detectors_checked"":31076352}"
    360448,         0,         0,    11.4,decoder_by_matrix,36e3cd26fed5ec7649ec51fb08c1a5e7d7f30e615782d954fee045c18a4962ca,"{""distance"":3,""physical_error_rate"":5e-05}","{""detection_events"":2508,""detectors_checked"":19464192}"
    627712,         0,         0,    11.7,decoder_by_matrix,560c721f87db01d4cacf7dcb7d8812fecde61e9e7776d4b9e1b1a792578ecad7,"{""distance"":3,""physical_error_rate"":5e-06}","{""detection_events"":645,""detectors_checked"":33896448}"
    564224,         0,         0,    11.5,decoder_by_matrix,e25b8d07214a8afb95d354611a83b9bb1ded39644e323a8585b3aabf687a4fff,"{""distance"":3,""physical_error_rate"":1e-05}","{""detection_events"":909,""detectors_checked"":30468096}"
    353280,         1,         0,    11.8,decoder_by_matrix,36e3cd26fed5ec7649ec51fb08c1a5e7d7f30e615782d954fee045c18a4962ca,"{""distance"":3,""physical_error_rate"":5e-05}","{""detection_events"":2370,""detectors_checked"":19077120,""obs_mistake_mask=E"":1}"
    806912,         0,         0,    15.6,decoder_by_matrix,e25b8d07214a8afb95d354611a83b9bb1ded39644e323a8585b3aabf687a4fff,"{""distance"":3,""physical_error_rate"":1e-05}","{""detection_events"":1131,""detectors_checked"":43573248}"
    499712,         0,         0,    15.4,decoder_by_matrix,36e3cd26fed5ec7649ec51fb08c1a5e7d7f30e615782d954fee045c18a4962ca,"{""distance"":3,""physical_error_rate"":5e-05}","{""detection_events"":3756,""detectors_checked"":26984448}"
    927744,         0,         0,    15.7,decoder_by_matrix,560c721f87db01d4cacf7dcb7d8812fecde61e9e7776d4b9e1b1a792578ecad7,"{""distance"":3,""physical_error_rate"":5e-06}","{""detection_events"":648,""detectors_checked"":50098176}"
    828416,         0,         0,    15.9,decoder_by_matrix,e25b8d07214a8afb95d354611a83b9bb1ded39644e323a8585b3aabf687a4fff,"{""distance"":3,""physical_error_rate"":1e-05}","{""detection_events"":1002,""detectors_checked"":44734464}"
    484352,         0,         0,    16.3,decoder_by_matrix,36e3cd26fed5ec7649ec51fb08c1a5e7d7f30e615782d954fee045c18a4962ca,"{""distance"":3,""physical_error_rate"":5e-05}","{""detection_events"":3849,""detectors_checked"":26155008}"
   6634496,         0,         0,   114.6,decoder_by_matrix,560c721f87db01d4cacf7dcb7d8812fecde61e9e7776d4b9e1b1a792578ecad7,"{""distance"":3,""physical_error_rate"":5e-06}","{""detection_events"":4794,""detectors_checked"":358262784}"
   3678208,         0,         0,   117.6,decoder_by_matrix,36e3cd26fed5ec7649ec51fb08c1a5e7d7f30e615782d954fee045c18a4962ca,"{""distance"":3,""physical_error_rate"":5e-05}","{""detection_events"":28218,""detectors_checked"":198623232}"
   5912576,         0,         0,   117.0,decoder_by_matrix,e25b8d07214a8afb95d354611a83b9bb1ded39644e323a8585b3aabf687a4fff,"{""distance"":3,""physical_error_rate"":1e-05}","{""detection_events"":8319,""detectors_checked"":319279104}"
   5909504,         0,         0,   116.7,decoder_by_matrix,e25b8d07214a8afb95d354611a83b9bb1ded39644e323a8585b3aabf687a4fff,"{""distance"":3,""physical_error_rate"":1e-05}","{""detection_events"":8040,""detectors_checked"":319113216}"
   1131520,         0,         0,    22.5,decoder_by_matrix,e25b8d07214a8afb95d354611a83b9bb1ded39644e323a8585b3aabf687a4fff,"{""distance"":3,""physical_error_rate"":1e-05}","{""detection_events"":1647,""detectors_checked"":61102080}"
   6616064,         0,         0,   114.6,decoder_by_matrix,560c721f87db01d4cacf7dcb7d8812fecde61e9e7776d4b9e1b1a792578ecad7,"{""distance"":3,""physical_error_rate"":5e-06}","{""detection_events"":5103,""detectors_checked"":357267456}"
   3616768,         1,         0,   117.0,decoder_by_matrix,36e3cd26fed5ec7649ec51fb08c1a5e7d7f30e615782d954fee045c18a4962ca,"{""distance"":3,""physical_error_rate"":5e-05}","{""detection_events"":26580,""detectors_checked"":195305472,""obs_mistake_mask=E"":1}"
   5846016,         0,         0,   115.5,decoder_by_matrix,e25b8d07214a8afb95d354611a83b9bb1ded39644e323a8585b3aabf687a4fff,"{""distance"":3,""physical_error_rate"":1e-05}","{""detection_events"":8229,""detectors_checked"":315684864}"
    689152,         0,         0,    22.5,decoder_by_matrix,36e3cd26fed5ec7649ec51fb08c1a5e7d7f30e615782d954fee045c18a4962ca,"{""distance"":3,""physical_error_rate"":5e-05}","{""detection_events"":5346,""detectors_checked"":37214208}"
   3681280,         0,         0,   115.8,decoder_by_matrix,36e3cd26fed5ec7649ec51fb08c1a5e7d7f30e615782d954fee045c18a4962ca,"{""distance"":3,""physical_error_rate"":5e-05}","{""detection_events"":27147,""detectors_checked"":198789120}"
   1258496,         0,         0,    22.0,decoder_by_matrix,560c721f87db01d4cacf7dcb7d8812fecde61e9e7776d4b9e1b1a792578ecad7,"{""distance"":3,""physical_error_rate"":5e-06}","{""detection_events"":1056,""detectors_checked"":67958784}"
   3088384,         0,         0,   116.3,decoder_by_matrix,beec9fd12293a9cfe53c9b61fb8ce2a525e4eed38fa75d132d6dc64699336876,"{""distance"":3,""physical_error_rate"":0.0001}","{""detection_events"":45081,""detectors_checked"":166772736}"
   2771968,        37,         0,   117.3,decoder_by_matrix,5c8c81bfec719079c388cedc47a351f264c1bf769ae28a89f9b4fc7719fea501,"{""distance"":3,""physical_error_rate"":0.0005}","{""detection_events"":201474,""detectors_checked"":149686272,""obs_mistake_mask=E"":37}"
    690176,         0,         0,    22.2,decoder_by_matrix,36e3cd26fed5ec7649ec51fb08c1a5e7d7f30e615782d954fee045c18a4962ca,"{""distance"":3,""physical_error_rate"":5e-05}","{""detection_events"":5001,""detectors_checked"":37269504}"
   1124352,         0,         0,    22.3,decoder_by_matrix,e25b8d07214a8afb95d354611a83b9bb1ded39644e323a8585b3aabf687a4fff,"{""distance"":3,""physical_error_rate"":1e-05}","{""detection_events"":1611,""detectors_checked"":60715008}"
   3077120,         0,         0,   117.6,decoder_by_matrix,beec9fd12293a9cfe53c9b61fb8ce2a525e4eed38fa75d132d6dc64699336876,"{""distance"":3,""physical_error_rate"":0.0001}","{""detection_events"":44517,""detectors_checked"":166164480}"
   6668288,         0,         0,   115.4,decoder_by_matrix,560c721f87db01d4cacf7dcb7d8812fecde61e9e7776d4b9e1b1a792578ecad7,"{""distance"":3,""physical_error_rate"":5e-06}","{""detection_events"":4884,""detectors_checked"":360087552}"
   2767872,        39,         0,   117.5,decoder_by_matrix,5c8c81bfec719079c388cedc47a351f264c1bf769ae28a89f9b4fc7719fea501,"{""distance"":3,""physical_error_rate"":0.0005}","{""detection_events"":203835,""detectors_checked"":149465088,""obs_mistake_mask=E"":39}"
   2770944,        54,         0,   117.4,decoder_by_matrix,5c8c81bfec719079c388cedc47a351f264c1bf769ae28a89f9b4fc7719fea501,"{""distance"":3,""physical_error_rate"":0.0005}","{""detection_events"":202230,""detectors_checked"":149630976,""obs_mistake_mask=E"":54}"
   5799936,         0,         0,   117.3,decoder_by_matrix,e25b8d07214a8afb95d354611a83b9bb1ded39644e323a8585b3aabf687a4fff,"{""distance"":3,""physical_error_rate"":1e-05}","{""detection_events"":8946,""detectors_checked"":313196544}"
   3132416,         3,         0,   117.1,decoder_by_matrix,beec9fd12293a9cfe53c9b61fb8ce2a525e4eed38fa75d132d6dc64699336876,"{""distance"":3,""physical_error_rate"":0.0001}","{""detection_events"":45999,""detectors_checked"":169150464,""obs_mistake_mask=E"":3}"
   6649856,         0,         0,   113.8,decoder_by_matrix,560c721f87db01d4cacf7dcb7d8812fecde61e9e7776d4b9e1b1a792578ecad7,"{""distance"":3,""physical_error_rate"":5e-06}","{""detection_events"":4659,""detectors_checked"":359092224}"
   2757632,        56,         0,   117.4,decoder_by_matrix,5c8c81bfec719079c388cedc47a351f264c1bf769ae28a89f9b4fc7719fea501,"{""distance"":3,""physical_error_rate"":0.0005}","{""detection_events"":199230,""detectors_checked"":148912128,""obs_mistake_mask=E"":56}"
   3125248,         1,         0,   116.5,decoder_by_matrix,beec9fd12293a9cfe53c9b61fb8ce2a525e4eed38fa75d132d6dc64699336876,"{""distance"":3,""physical_error_rate"":0.0001}","{""detection_events"":45315,""detectors_checked"":168763392,""obs_mistake_mask=E"":1}"
   3680256,         1,         0,   117.0,decoder_by_matrix,36e3cd26fed5ec7649ec51fb08c1a5e7d7f30e615782d954fee045c18a4962ca,"{""distance"":3,""physical_error_rate"":5e-05}","{""detection_events"":27012,""detectors_checked"":198733824,""obs_mistake_mask=E"":1}"
   3670016,         1,         0,   117.5,decoder_by_matrix,36e3cd26fed5ec7649ec51fb08c1a5e7d7f30e615782d954fee045c18a4962ca,"{""distance"":3,""physical_error_rate"":5e-05}","{""detection_events"":26541,""detectors_checked"":198180864,""obs_mistake_mask=E"":1}"
   6669312,         0,         0,   115.9,decoder_by_matrix,560c721f87db01d4cacf7dcb7d8812fecde61e9e7776d4b9e1b1a792578ecad7,"{""distance"":3,""physical_error_rate"":5e-06}","{""detection_events"":4818,""detectors_checked"":360142848}"
   5886976,         0,         0,   116.9,decoder_by_matrix,e25b8d07214a8afb95d354611a83b9bb1ded39644e323a8585b3aabf687a4fff,"{""distance"":3,""physical_error_rate"":1e-05}","{""detection_events"":8589,""detectors_checked"":317896704}"
   1596416,         0,         0,    31.3,decoder_by_matrix,e25b8d07214a8afb95d354611a83b9bb1ded39644e323a8585b3aabf687a4fff,"{""distance"":3,""physical_error_rate"":1e-05}","{""detection_events"":2268,""detectors_checked"":86206464}"
    979968,         0,         0,    31.6,decoder_by_matrix,36e3cd26fed5ec7649ec51fb08c1a5e7d7f30e615782d954fee045c18a4962ca,"{""distance"":3,""physical_error_rate"":5e-05}","{""detection_events"":7440,""detectors_checked"":52918272}"
   1774592,         0,         0,    30.7,decoder_by_matrix,560c721f87db01d4cacf7dcb7d8812fecde61e9e7776d4b9e1b1a792578ecad7,"{""distance"":3,""physical_error_rate"":5e-06}","{""detection_events"":1362,""detectors_checked"":95827968}"
    952320,         2,         0,    31.1,decoder_by_matrix,36e3cd26fed5ec7649ec51fb08c1a5e7d7f30e615782d954fee045c18a4962ca,"{""distance"":3,""physical_error_rate"":5e-05}","{""detection_events"":7458,""detectors_checked"":51425280,""obs_mistake_mask=E"":2}"
   1562624,         0,         0,    30.9,decoder_by_matrix,e25b8d07214a8afb95d354611a83b9bb1ded39644e323a8585b3aabf687a4fff,"{""distance"":3,""physical_error_rate"":1e-05}","{""detection_events"":2379,""detectors_checked"":84381696}"
   2764800,        48,         0,   117.3,decoder_by_matrix,5c8c81bfec719079c388cedc47a351f264c1bf769ae28a89f9b4fc7719fea501,"{""distance"":3,""physical_error_rate"":0.0005}","{""detection_events"":199611,""detectors_checked"":149299200,""obs_mistake_mask=E"":48}"
   3116032,         2,         0,   117.9,decoder_by_matrix,beec9fd12293a9cfe53c9b61fb8ce2a525e4eed38fa75d132d6dc64699336876,"{""distance"":3,""physical_error_rate"":0.0001}","{""detection_events"":44619,""detectors_checked"":168265728,""obs_mistake_mask=E"":2}"
   2751488,        33,         0,   117.7,decoder_by_matrix,5c8c81bfec719079c388cedc47a351f264c1bf769ae28a89f9b4fc7719fea501,"{""distance"":3,""physical_error_rate"":0.0005}","{""detection_events"":201396,""detectors_checked"":148580352,""obs_mistake_mask=E"":33}"
   3093504,         1,         0,   117.9,decoder_by_matrix,beec9fd12293a9cfe53c9b61fb8ce2a525e4eed38fa75d132d6dc64699336876,"{""distance"":3,""physical_error_rate"":0.0001}","{""detection_events"":45150,""detectors_checked"":167049216,""obs_mistake_mask=E"":1}"
   2201600,         0,         0,    43.0,decoder_by_matrix,e25b8d07214a8afb95d354611a83b9bb1ded39644e323a8585b3aabf687a4fff,"{""distance"":3,""physical_error_rate"":1e-05}","{""detection_events"":3228,""detectors_checked"":118886400}"
   1358848,         0,         0,    43.8,decoder_by_matrix,36e3cd26fed5ec7649ec51fb08c1a5e7d7f30e615782d954fee045c18a4962ca,"{""distance"":3,""physical_error_rate"":5e-05}","{""detection_events"":10458,""detectors_checked"":73377792}"
   1324032,         0,         0,    44.1,decoder_by_matrix,36e3cd26fed5ec7649ec51fb08c1a5e7d7f30e615782d954fee045c18a4962ca,"{""distance"":3,""physical_error_rate"":5e-05}","{""detection_events"":10116,""detectors_checked"":71497728}"
   2460672,         0,         0,    43.1,decoder_by_matrix,560c721f87db01d4cacf7dcb7d8812fecde61e9e7776d4b9e1b1a792578ecad7,"{""distance"":3,""physical_error_rate"":5e-06}","{""detection_events"":1902,""detectors_checked"":132876288}"
   2227200,         0,         0,    43.7,decoder_by_matrix,e25b8d07214a8afb95d354611a83b9bb1ded39644e323a8585b3aabf687a4fff,"{""distance"":3,""physical_error_rate"":1e-05}","{""detection_events"":3216,""detectors_checked"":120268800}"
   3694592,         0,         0,   116.7,decoder_by_matrix,36e3cd26fed5ec7649ec51fb08c1a5e7d7f30e615782d954fee045c18a4962ca,"{""distance"":3,""physical_error_rate"":5e-05}","{""detection_events"":26796,""detectors_checked"":199507968}"
   6623232,         0,         0,   114.3,decoder_by_matrix,560c721f87db01d4cacf7dcb7d8812fecde61e9e7776d4b9e1b1a792578ecad7,"{""distance"":3,""physical_error_rate"":5e-06}","{""detection_events"":4854,""detectors_checked"":357654528}"
   5874688,         0,         0,   116.4,decoder_by_matrix,e25b8d07214a8afb95d354611a83b9bb1ded39644e323a8585b3aabf687a4fff,"{""distance"":3,""physical_error_rate"":1e-05}","{""detection_events"":8538,""detectors_checked"":317233152}"
   5863424,         0,         0,   115.2,decoder_by_matrix,e25b8d07214a8afb95d354611a83b9bb1ded39644e323a8585b3aabf687a4fff,"{""distance"":3,""physical_error_rate"":1e-05}","{""detection_events"":8547,""detectors_checked"":316624896}"
   6645760,         0,         0,   114.7,decoder_by_matrix,560c721f87db01d4cacf7dcb7d8812fecde61e9e7776d4b9e1b1a792578ecad7,"{""distance"":3,""physical_error_rate"":5e-06}","{""detection_events"":4794,""detectors_checked"":358871040}"
   3639296,         1,         0,   118.0,decoder_by_matrix,36e3cd26fed5ec7649ec51fb08c1a5e7d7f30e615782d954fee045c18a4962ca,"{""distance"":3,""physical_error_rate"":5e-05}","{""detection_events"":26070,""detectors_checked"":196521984,""obs_mistake_mask=E"":1}"
   3703808,         1,         0,   116.0,decoder_by_matrix,36e3cd26fed5ec7649ec51fb08c1a5e7d7f30e615782d954fee045c18a4962ca,"{""distance"":3,""physical_error_rate"":5e-05}","{""detection_events"":26442,""detectors_checked"":200005632,""obs_mistake_mask=E"":1}"
   3111936,         4,         0,   117.3,decoder_by_matrix,beec9fd12293a9cfe53c9b61fb8ce2a525e4eed38fa75d132d6dc64699336876,"{""distance"":3,""physical_error_rate"":0.0001}","{""detection_events"":45612,""detectors_checked"":168044544,""obs_mistake_mask=E"":4}"
   5916672,         0,         0,   114.7,decoder_by_matrix,e25b8d07214a8afb95d354611a83b9bb1ded39644e323a8585b3aabf687a4fff,"{""distance"":3,""physical_error_rate"":1e-05}","{""detection_events"":8250,""detectors_checked"":319500288}"
   2770944,        54,         0,   117.5,decoder_by_matrix,5c8c81bfec719079c388cedc47a351f264c1bf769ae28a89f9b4fc7719fea501,"{""distance"":3,""physical_error_rate"":0.0005}","{""detection_events"":202851,""detectors_checked"":149630976,""obs_mistake_mask=E"":54}"
   3072000,         1,         0,   117.6,decoder_by_matrix,beec9fd12293a9cfe53c9b61fb8ce2a525e4eed38fa75d132d6dc64699336876,"{""distance"":3,""physical_error_rate"":0.0001}","{""detection_events"":44886,""detectors_checked"":165888000,""obs_mistake_mask=E"":1}"
   6607872,         0,         0,   115.4,decoder_by_matrix,560c721f87db01d4cacf7dcb7d8812fecde61e9e7776d4b9e1b1a792578ecad7,"{""distance"":3,""physical_error_rate"":5e-06}","{""detection_events"":5082,""detectors_checked"":356825088}"
   2771968,        43,         0,   117.1,decoder_by_matrix,5c8c81bfec719079c388cedc47a351f264c1bf769ae28a89f9b4fc7719fea501,"{""distance"":3,""physical_error_rate"":0.0005}","{""detection_events"":201075,""detectors_checked"":149686272,""obs_mistake_mask=E"":43}"
   2771968,        49,         0,   117.5,decoder_by_matrix,5c8c81bfec719079c388cedc47a351f264c1bf769ae28a89f9b4fc7719fea501,"{""distance"":3,""physical_error_rate"":0.0005}","{""detection_events"":203556,""detectors_checked"":149686272,""obs_mistake_mask=E"":49}"
   5884928,         0,         0,   113.8,decoder_by_matrix,e25b8d07214a8afb95d354611a83b9bb1ded39644e323a8585b3aabf687a4fff,"{""distance"":3,""physical_error_rate"":1e-05}","{""detection_events"":8430,""detectors_checked"":317786112}"
   3125248,         1,         0,   117.3,decoder_by_matrix,beec9fd12293a9cfe53c9b61fb8ce2a525e4eed38fa75d132d6dc64699336876,"{""distance"":3,""physical_error_rate"":0.0001}","{""detection_events"":45120,""detectors_checked"":168763392,""obs_mistake_mask=E"":1}"
   6634496,         0,         0,   115.4,decoder_by_matrix,560c721f87db01d4cacf7dcb7d8812fecde61e9e7776d4b9e1b1a792578ecad7,"{""distance"":3,""physical_error_rate"":5e-06}","{""detection_events"":5037,""detectors_checked"":358262784}"
   2757632,        39,         0,   117.9,decoder_by_matrix,5c8c81bfec719079c388cedc47a351f264c1bf769ae28a89f9b4fc7719fea501,"{""distance"":3,""physical_error_rate"":0.0005}","{""detection_events"":200709,""detectors_checked"":148912128,""obs_mistake_mask=E"":39}"
   3105792,         6,         0,   118.1,decoder_by_matrix,beec9fd12293a9cfe53c9b61fb8ce2a525e4eed38fa75d132d6dc64699336876,"{""distance"":3,""physical_error_rate"":0.0001}","{""detection_events"":45204,""detectors_checked"":167712768,""obs_mistake_mask=E"":6}"
   3629056,         0,         0,   117.3,decoder_by_matrix,36e3cd26fed5ec7649ec51fb08c1a5e7d7f30e615782d954fee045c18a4962ca,"{""distance"":3,""physical_error_rate"":5e-05}","{""detection_events"":26748,""detectors_checked"":195969024}"
   3127296,         0,         0,    60.0,decoder_by_matrix,e25b8d07214a8afb95d354611a83b9bb1ded39644e323a8585b3aabf687a4fff,"{""distance"":3,""physical_error_rate"":1e-05}","{""detection_events"":4341,""detectors_checked"":168873984}"
   1938432,         1,         0,    61.7,decoder_by_matrix,36e3cd26fed5ec7649ec51fb08c1a5e7d7f30e615782d954fee045c18a4962ca,"{""distance"":3,""physical_error_rate"":5e-05}","{""detection_events"":13986,""detectors_checked"":104675328,""obs_mistake_mask=E"":1}"
   3454976,         0,         0,    60.2,decoder_by_matrix,560c721f87db01d4cacf7dcb7d8812fecde61e9e7776d4b9e1b1a792578ecad7,"{""distance"":3,""physical_error_rate"":5e-06}","{""detection_events"":2721,""detectors_checked"":186568704}"
   1901568,         0,         0,    61.9,decoder_by_matrix,36e3cd26fed5ec7649ec51fb08c1a5e7d7f30e615782d954fee045c18a4962ca,"{""distance"":3,""physical_error_rate"":5e-05}","{""detection_events"":13671,""detectors_checked"":102684672}"
   3053568,         0,         0,    60.2,decoder_by_matrix,e25b8d07214a8afb95d354611a83b9bb1ded39644e323a8585b3aabf687a4fff,"{""distance"":3,""physical_error_rate"":1e-05}","{""detection_events"":4614,""detectors_checked"":164892672}"
   3636224,         0,         0,   116.5,decoder_by_matrix,36e3cd26fed5ec7649ec51fb08c1a5e7d7f30e615782d954fee045c18a4962ca,"{""distance"":3,""physical_error_rate"":5e-05}","{""detection_events"":27333,""detectors_checked"":196356096}"
   6612992,         0,         0,   115.1,decoder_by_matrix,560c721f87db01d4cacf7dcb7d8812fecde61e9e7776d4b9e1b1a792578ecad7,"{""distance"":3,""physical_error_rate"":5e-06}","{""detection_events"":4974,""detectors_checked"":357101568}"
   5782528,         0,         0,   116.2,decoder_by_matrix,e25b8d07214a8afb95d354611a83b9bb1ded39644e323a8585b3aabf687a4fff,"{""distance"":3,""physical_error_rate"":1e-05}","{""detection_events"":8964,""detectors_checked"":312256512}"
   2767872,        33,         0,   116.8,decoder_by_matrix,5c8c81bfec719079c388cedc47a351f264c1bf769ae28a89f9b4fc7719fea501,"{""distance"":3,""physical_error_rate"":0.0005}","{""detection_events"":199482,""detectors_checked"":149465088,""obs_mistake_mask=E"":33}"
   3086336,         4,         0,   117.9,decoder_by_matrix,beec9fd12293a9cfe53c9b61fb8ce2a525e4eed38fa75d132d6dc64699336876,"{""distance"":3,""physical_error_rate"":0.0001}","{""detection_events"":45876,""detectors_checked"":166662144,""obs_mistake_mask=E"":4}"
   2752512,        31,         0,   117.2,decoder_by_matrix,5c8c81bfec719079c388cedc47a351f264c1bf769ae28a89f9b4fc7719fea501,"{""distance"":3,""physical_error_rate"":0.0005}","{""detection_events"":198489,""detectors_checked"":148635648,""obs_mistake_mask=E"":31}"
   3092480,         4,         0,   117.2,decoder_by_matrix,beec9fd12293a9cfe53c9b61fb8ce2a525e4eed38fa75d132d6dc64699336876,"{""distance"":3,""physical_error_rate"":0.0001}","{""detection_events"":45087,""detectors_checked"":166993920,""obs_mistake_mask=E"":4}"
   4345856,         0,         0,    85.0,decoder_by_matrix,e25b8d07214a8afb95d354611a83b9bb1ded39644e323a8585b3aabf687a4fff,"{""distance"":3,""physical_error_rate"":1e-05}","{""detection_events"":6270,""detectors_checked"":234676224}"
   4919296,         0,         0,    84.5,decoder_by_matrix,560c721f87db01d4cacf7dcb7d8812fecde61e9e7776d4b9e1b1a792578ecad7,"{""distance"":3,""physical_error_rate"":5e-06}","{""detection_events"":3429,""detectors_checked"":265641984}"
   2647040,         1,         0,    86.2,decoder_by_matrix,36e3cd26fed5ec7649ec51fb08c1a5e7d7f30e615782d954fee045c18a4962ca,"{""distance"":3,""physical_error_rate"":5e-05}","{""detection_events"":19974,""detectors_checked"":142940160,""obs_mistake_mask=E"":1}"
   2665472,         0,         0,    85.4,decoder_by_matrix,36e3cd26fed5ec7649ec51fb08c1a5e7d7f30e615782d954fee045c18a4962ca,"{""distance"":3,""physical_error_rate"":5e-05}","{""detection_events"":19407,""detectors_checked"":143935488}"
   4347904,         0,         0,    84.7,decoder_by_matrix,e25b8d07214a8afb95d354611a83b9bb1ded39644e323a8585b3aabf687a4fff,"{""distance"":3,""physical_error_rate"":1e-05}","{""detection_events"":6279,""detectors_checked"":234786816}"
   6704128,         0,         0,   114.9,decoder_by_matrix,560c721f87db01d4cacf7dcb7d8812fecde61e9e7776d4b9e1b1a792578ecad7,"{""distance"":3,""physical_error_rate"":5e-06}","{""detection_events"":4497,""detectors_checked"":362022912}"
   3700736,         0,         0,   117.6,decoder_by_matrix,36e3cd26fed5ec7649ec51fb08c1a5e7d7f30e615782d954fee045c18a4962ca,"{""distance"":3,""physical_error_rate"":5e-05}","{""detection_events"":26721,""detectors_checked"":199839744}"
   5882880,         0,         0,   116.1,decoder_by_matrix,e25b8d07214a8afb95d354611a83b9bb1ded39644e323a8585b3aabf687a4fff,"{""distance"":3,""physical_error_rate"":1e-05}","{""detection_events"":8544,""detectors_checked"":317675520}"
   5809152,         0,         0,   117.0,decoder_by_matrix,e25b8d07214a8afb95d354611a83b9bb1ded39644e323a8585b3aabf687a4fff,"{""distance"":3,""physical_error_rate"":1e-05}","{""detection_events"":8823,""detectors_checked"":313694208}"
   6637568,         0,         0,   114.9,decoder_by_matrix,560c721f87db01d4cacf7dcb7d8812fecde61e9e7776d4b9e1b1a792578ecad7,"{""distance"":3,""physical_error_rate"":5e-06}","{""detection_events"":4809,""detectors_checked"":358428672}"
   3624960,         1,         0,   117.3,decoder_by_matrix,36e3cd26fed5ec7649ec51fb08c1a5e7d7f30e615782d954fee045c18a4962ca,"{""distance"":3,""physical_error_rate"":5e-05}","{""detection_events"":26640,""detectors_checked"":195747840,""obs_mistake_mask=E"":1}"
   3110912,         4,         0,   117.1,decoder_by_matrix,beec9fd12293a9cfe53c9b61fb8ce2a525e4eed38fa75d132d6dc64699336876,"{""distance"":3,""physical_error_rate"":0.0001}","{""detection_events"":44718,""detectors_checked"":167989248,""obs_mistake_mask=E"":4}"
   5815296,         1,         0,   116.5,decoder_by_matrix,e25b8d07214a8afb95d354611a83b9bb1ded39644e323a8585b3aabf687a4fff,"{""distance"":3,""physical_error_rate"":1e-05}","{""detection_events"":8796,""detectors_checked"":314025984,""obs_mistake_mask=E"":1}"
   2774016,        49,         0,   117.2,decoder_by_matrix,5c8c81bfec719079c388cedc47a351f264c1bf769ae28a89f9b4fc7719fea501,"{""distance"":3,""physical_error_rate"":0.0005}","{""detection_events"":201294,""detectors_checked"":149796864,""obs_mistake_mask=E"":49}"
   3691520,         0,         0,   116.2,decoder_by_matrix,36e3cd26fed5ec7649ec51fb08c1a5e7d7f30e615782d954fee045c18a4962ca,"{""distance"":3,""physical_error_rate"":5e-05}","{""detection_events"":26820,""detectors_checked"":199342080}"
   3054592,         4,         0,   116.6,decoder_by_matrix,beec9fd12293a9cfe53c9b61fb8ce2a525e4eed38fa75d132d6dc64699336876,"{""distance"":3,""physical_error_rate"":0.0001}","{""detection_events"":44328,""detectors_checked"":164947968,""obs_mistake_mask=E"":4}"
   6684672,         0,         0,   116.3,decoder_by_matrix,560c721f87db01d4cacf7dcb7d8812fecde61e9e7776d4b9e1b1a792578ecad7,"{""distance"":3,""physical_error_rate"":5e-06}","{""detection_events"":5025,""detectors_checked"":360972288}"
   2770944,        52,         0,   116.9,decoder_by_matrix,5c8c81bfec719079c388cedc47a351f264c1bf769ae28a89f9b4fc7719fea501,"{""distance"":3,""physical_error_rate"":0.0005}","{""detection_events"":199371,""detectors_checked"":149630976,""obs_mistake_mask=E"":52}"
   3101696,         3,         0,   116.8,decoder_by_matrix,beec9fd12293a9cfe53c9b61fb8ce2a525e4eed38fa75d132d6dc64699336876,"{""distance"":3,""physical_error_rate"":0.0001}","{""detection_events"":45234,""detectors_checked"":167491584,""obs_mistake_mask=E"":3}"
   5884928,         0,         0,   115.9,decoder_by_matrix,e25b8d07214a8afb95d354611a83b9bb1ded39644e323a8585b3aabf687a4fff,"{""distance"":3,""physical_error_rate"":1e-05}","{""detection_events"":8382,""detectors_checked"":317786112}"
   2771968,        51,         0,   117.6,decoder_by_matrix,5c8c81bfec719079c388cedc47a351f264c1bf769ae28a89f9b4fc7719fea501,"{""distance"":3,""physical_error_rate"":0.0005}","{""detection_events"":201654,""detectors_checked"":149686272,""obs_mistake_mask=E"":51}"
   6727680,         0,         0,   115.8,decoder_by_matrix,560c721f87db01d4cacf7dcb7d8812fecde61e9e7776d4b9e1b1a792578ecad7,"{""distance"":3,""physical_error_rate"":5e-06}","{""detection_events"":4518,""detectors_checked"":363294720}"
   2757632,        46,         0,   117.4,decoder_by_matrix,5c8c81bfec719079c388cedc47a351f264c1bf769ae28a89f9b4fc7719fea501,"{""distance"":3,""physical_error_rate"":0.0005}","{""detection_events"":199704,""detectors_checked"":148912128,""obs_mistake_mask=E"":46}"
   3122176,         1,         0,   116.5,decoder_by_matrix,beec9fd12293a9cfe53c9b61fb8ce2a525e4eed38fa75d132d6dc64699336876,"{""distance"":3,""physical_error_rate"":0.0001}","{""detection_events"":44526,""detectors_checked"":168597504,""obs_mistake_mask=E"":1}"
   3637248,         1,         0,   116.7,decoder_by_matrix,36e3cd26fed5ec7649ec51fb08c1a5e7d7f30e615782d954fee045c18a4962ca,"{""distance"":3,""physical_error_rate"":5e-05}","{""detection_events"":25836,""detectors_checked"":196411392,""obs_mistake_mask=E"":1}"
    816396,         0,         0,    14.7,decoder_by_matrix,560c721f87db01d4cacf7dcb7d8812fecde61e9e7776d4b9e1b1a792578ecad7,"{""distance"":3,""physical_error_rate"":5e-06}","{""detection_events"":627,""detectors_checked"":44085384}"
   5442560,         0,         0,    94.4,decoder_by_matrix,560c721f87db01d4cacf7dcb7d8812fecde61e9e7776d4b9e1b1a792578ecad7,"{""distance"":3,""physical_error_rate"":5e-06}","{""detection_events"":3795,""detectors_checked"":293898240}"
    878860,         0,         0,    15.2,decoder_by_matrix,560c721f87db01d4cacf7dcb7d8812fecde61e9e7776d4b9e1b1a792578ecad7,"{""distance"":3,""physical_error_rate"":5e-06}","{""detection_events"":654,""detectors_checked"":47458440}"
   1505280,         0,         0,    25.7,decoder_by_matrix,560c721f87db01d4cacf7dcb7d8812fecde61e9e7776d4b9e1b1a792578ecad7,"{""distance"":3,""physical_error_rate"":5e-06}","{""detection_events"":1170,""detectors_checked"":81285120}"
    932096,         0,         0,    15.8,decoder_by_matrix,560c721f87db01d4cacf7dcb7d8812fecde61e9e7776d4b9e1b1a792578ecad7,"{""distance"":3,""physical_error_rate"":5e-06}","{""detection_events"":663,""detectors_checked"":50333184}"
    922624,         0,         0,    16.3,decoder_by_matrix,560c721f87db01d4cacf7dcb7d8812fecde61e9e7776d4b9e1b1a792578ecad7,"{""distance"":3,""physical_error_rate"":5e-06}","{""detection_events"":621,""detectors_checked"":49821696}"
    806319,         0,         0,    14.0,decoder_by_matrix,560c721f87db01d4cacf7dcb7d8812fecde61e9e7776d4b9e1b1a792578ecad7,"{""distance"":3,""physical_error_rate"":5e-06}","{""detection_events"":633,""detectors_checked"":43541226}"
    795648,         0,         0,    13.6,decoder_by_matrix,560c721f87db01d4cacf7dcb7d8812fecde61e9e7776d4b9e1b1a792578ecad7,"{""distance"":3,""physical_error_rate"":5e-06}","{""detection_events"":657,""detectors_checked"":42964992}"
     10671,         0,         0,   0.118,decoder_by_matrix,560c721f87db01d4cacf7dcb7d8812fecde61e9e7776d4b9e1b1a792578ecad7,"{""distance"":3,""physical_error_rate"":5e-06}","{""detection_events"":18,""detectors_checked"":576234}"
    438272,         0,         0,    7.73,decoder_by_matrix,560c721f87db01d4cacf7dcb7d8812fecde61e9e7776d4b9e1b1a792578ecad7,"{""distance"":3,""physical_error_rate"":5e-06}","{""detection_events"":360,""detectors_checked"":23666688}"
    477184,         0,         0,    7.30,decoder_by_matrix,560c721f87db01d4cacf7dcb7d8812fecde61e9e7776d4b9e1b1a792578ecad7,"{""distance"":3,""physical_error_rate"":5e-06}","{""detection_events"":210,""detectors_checked"":25767936}"
    383776,         0,         0,    6.78,decoder_by_matrix,560c721f87db01d4cacf7dcb7d8812fecde61e9e7776d4b9e1b1a792578ecad7,"{""distance"":3,""physical_error_rate"":5e-06}","{""detection_events"":315,""detectors_checked"":20723904}"
    383776,         0,         0,    6.90,decoder_by_matrix,560c721f87db01d4cacf7dcb7d8812fecde61e9e7776d4b9e1b1a792578ecad7,"{""distance"":3,""physical_error_rate"":5e-06}","{""detection_events"":345,""detectors_checked"":20723904}"
     67490,         0,         0,    1.09,decoder_by_matrix,560c721f87db01d4cacf7dcb7d8812fecde61e9e7776d4b9e1b1a792578ecad7,"{""distance"":3,""physical_error_rate"":5e-06}","{""detection_events"":72,""detectors_checked"":3644460}"
     92026,         0,         0,    1.52,decoder_by_matrix,560c721f87db01d4cacf7dcb7d8812fecde61e9e7776d4b9e1b1a792578ecad7,"{""distance"":3,""physical_error_rate"":5e-06}","{""detection_events"":99,""detectors_checked"":4969404}"
     89088,         0,         0,    1.49,decoder_by_matrix,560c721f87db01d4cacf7dcb7d8812fecde61e9e7776d4b9e1b1a792578ecad7,"{""distance"":3,""physical_error_rate"":5e-06}","{""detection_events"":54,""detectors_checked"":4810752}"
     84992,         0,         0,    1.49,decoder_by_matrix,560c721f87db01d4cacf7dcb7d8812fecde61e9e7776d4b9e1b1a792578ecad7,"{""distance"":3,""physical_error_rate"":5e-06}","{""detection_events"":51,""detectors_checked"":4589568}"
     76688,         0,         0,    1.24,decoder_by_matrix,560c721f87db01d4cacf7dcb7d8812fecde61e9e7776d4b9e1b1a792578ecad7,"{""distance"":3,""physical_error_rate"":5e-06}","{""detection_events"":18,""detectors_checked"":4141152}"
     68608,         0,         0,    1.24,decoder_by_matrix,560c721f87db01d4cacf7dcb7d8812fecde61e9e7776d4b9e1b1a792578ecad7,"{""distance"":3,""physical_error_rate"":5e-06}","{""detection_events"":78,""detectors_checked"":3704832}"
      8080,         0,         0,   0.077,decoder_by_matrix,560c721f87db01d4cacf7dcb7d8812fecde61e9e7776d4b9e1b1a792578ecad7,"{""distance"":3,""physical_error_rate"":5e-06}","{""detection_events"":9,""detectors_checked"":436320}"
     18276,         0,         0,   0.213,decoder_by_matrix,560c721f87db01d4cacf7dcb7d8812fecde61e9e7776d4b9e1b1a792578ecad7,"{""distance"":3,""physical_error_rate"":5e-06}","{""detection_events"":18,""detectors_checked"":986904}"
     31744,         0,         0,   0.668,decoder_by_matrix,560c721f87db01d4cacf7dcb7d8812fecde61e9e7776d4b9e1b1a792578ecad7,"{""distance"":3,""physical_error_rate"":5e-06}","{""detection_events"":39,""detectors_checked"":1714176}"
      3150,         0,         0,   0.002,decoder_by_matrix,560c721f87db01d4cacf7dcb7d8812fecde61e9e7776d4b9e1b1a792578ecad7,"{""distance"":3,""physical_error_rate"":5e-06}","{""detection_events"":6,""detectors_checked"":170100}"
     22112,         0,         0,   0.373,decoder_by_matrix,560c721f87db01d4cacf7dcb7d8812fecde61e9e7776d4b9e1b1a792578ecad7,"{""distance"":3,""physical_error_rate"":5e-06}","{""detection_events"":33,""detectors_checked"":1194048}"
     22112,         0,         0,   0.334,decoder_by_matrix,560c721f87db01d4cacf7dcb7d8812fecde61e9e7776d4b9e1b1a792578ecad7,"{""distance"":3,""physical_error_rate"":5e-06}","{""detection_events"":30,""detectors_checked"":1194048}"
     22112,         0,         0,   0.343,decoder_by_matrix,560c721f87db01d4cacf7dcb7d8812fecde61e9e7776d4b9e1b1a792578ecad7,"{""distance"":3,""physical_error_rate"":5e-06}","{""detection_events"":12,""detectors_checked"":1194048}"
      7168,         0,         0,   0.103,decoder_by_matrix,560c721f87db01d4cacf7dcb7d8812fecde61e9e7776d4b9e1b1a792578ecad7,"{""distance"":3,""physical_error_rate"":5e-06}","{""detectors_checked"":387072}"
       124,         0,         0,   0.000,decoder_by_matrix,560c721f87db01d4cacf7dcb7d8812fecde61e9e7776d4b9e1b1a792578ecad7,"{""distance"":3,""physical_error_rate"":5e-06}","{""detectors_checked"":6696}"
      1000,         0,         0,   0.000,decoder_by_matrix,560c721f87db01d4cacf7dcb7d8812fecde61e9e7776d4b9e1b1a792578ecad7,"{""distance"":3,""physical_error_rate"":5e-06}","{""detectors_checked"":54000}"
       260,         0,         0,   0.000,decoder_by_matrix,560c721f87db01d4cacf7dcb7d8812fecde61e9e7776d4b9e1b1a792578ecad7,"{""distance"":3,""physical_error_rate"":5e-06}","{""detectors_checked"":14040}"
      1000,         0,         0,   0.001,decoder_by_matrix,560c721f87db01d4cacf7dcb7d8812fecde61e9e7776d4b9e1b1a792578ecad7,"{""distance"":3,""physical_error_rate"":5e-06}","{""detectors_checked"":54000}"
       813,         0,         0,   0.000,decoder_by_matrix,560c721f87db01d4cacf7dcb7d8812fecde61e9e7776d4b9e1b1a792578ecad7,"{""distance"":3,""physical_error_rate"":5e-06}","{""detectors_checked"":43902}"
       603,         0,         0,   0.000,decoder_by_matrix,560c721f87db01d4cacf7dcb7d8812fecde61e9e7776d4b9e1b1a792578ecad7,"{""distance"":3,""physical_error_rate"":5e-06}","{""detectors_checked"":32562}"
       367,         0,         0,   0.000,decoder_by_matrix,560c721f87db01d4cacf7dcb7d8812fecde61e9e7776d4b9e1b1a792578ecad7,"{""distance"":3,""physical_error_rate"":5e-06}","{""detectors_checked"":19818}"
       187,         0,         0,   0.000,decoder_by_matrix,560c721f87db01d4cacf7dcb7d8812fecde61e9e7776d4b9e1b1a792578ecad7,"{""distance"":3,""physical_error_rate"":5e-06}","{""detectors_checked"":10098}"
       367,         0,         0,   0.000,decoder_by_matrix,560c721f87db01d4cacf7dcb7d8812fecde61e9e7776d4b9e1b1a792578ecad7,"{""distance"":3,""physical_error_rate"":5e-06}","{""detectors_checked"":19818}"
       813,         0,         0,   0.000,decoder_by_matrix,560c721f87db01d4cacf7dcb7d8812fecde61e9e7776d4b9e1b1a792578ecad7,"{""distance"":3,""physical_error_rate"":5e-06}","{""detectors_checked"":43902}"
       166,         0,         0,   0.000,decoder_by_matrix,560c721f87db01d4cacf7dcb7d8812fecde61e9e7776d4b9e1b1a792578ecad7,"{""distance"":3,""physical_error_rate"":5e-06}","{""detectors_checked"":8964}"
        78,         0,         0,   0.000,decoder_by_matrix,560c721f87db01d4cacf7dcb7d8812fecde61e9e7776d4b9e1b1a792578ecad7,"{""distance"":3,""physical_error_rate"":5e-06}","{""detectors_checked"":4212}"
        78,         0,         0,   0.000,decoder_by_matrix,560c721f87db01d4cacf7dcb7d8812fecde61e9e7776d4b9e1b1a792578ecad7,"{""distance"":3,""physical_error_rate"":5e-06}","{""detectors_checked"":4212}"
        24,         0,         0,   0.000,decoder_by_matrix,560c721f87db01d4cacf7dcb7d8812fecde61e9e7776d4b9e1b1a792578ecad7,"{""distance"":3,""physical_error_rate"":5e-06}","{""detectors_checked"":1296}"
        20,         0,         0,   0.000,decoder_by_matrix,560c721f87db01d4cacf7dcb7d8812fecde61e9e7776d4b9e1b1a792578ecad7,"{""distance"":3,""physical_error_rate"":5e-06}","{""detectors_checked"":1080}"
        24,         0,         0,   0.000,decoder_by_matrix,560c721f87db01d4cacf7dcb7d8812fecde61e9e7776d4b9e1b1a792578ecad7,"{""distance"":3,""physical_error_rate"":5e-06}","{""detectors_checked"":1296}"
         9,         0,         0,   0.000,decoder_by_matrix,560c721f87db01d4cacf7dcb7d8812fecde61e9e7776d4b9e1b1a792578ecad7,"{""distance"":3,""physical_error_rate"":5e-06}","{""detectors_checked"":486}"
        13,         0,         0,   0.000,decoder_by_matrix,560c721f87db01d4cacf7dcb7d8812fecde61e9e7776d4b9e1b1a792578ecad7,"{""distance"":3,""physical_error_rate"":5e-06}","{""detectors_checked"":702}"
         9,         0,         0,   0.000,decoder_by_matrix,560c721f87db01d4cacf7dcb7d8812fecde61e9e7776d4b9e1b1a792578ecad7,"{""distance"":3,""physical_error_rate"":5e-06}","{""detectors_checked"":486}"
        17,         0,         0,   0.000,decoder_by_matrix,560c721f87db01d4cacf7dcb7d8812fecde61e9e7776d4b9e1b1a792578ecad7,"{""distance"":3,""physical_error_rate"":5e-06}","{""detection_events"":3,""detectors_checked"":918}"
         5,         0,         0,   0.000,decoder_by_matrix,560c721f87db01d4cacf7dcb7d8812fecde61e9e7776d4b9e1b1a792578ecad7,"{""distance"":3,""physical_error_rate"":5e-06}","{""detectors_checked"":270}"
         4,         0,         0,   0.000,decoder_by_matrix,560c721f87db01d4cacf7dcb7d8812fecde61e9e7776d4b9e1b1a792578ecad7,"{""distance"":3,""physical_error_rate"":5e-06}","{""detectors_checked"":216}"
         8,         0,         0,   0.000,decoder_by_matrix,560c721f87db01d4cacf7dcb7d8812fecde61e9e7776d4b9e1b1a792578ecad7,"{""distance"":3,""physical_error_rate"":5e-06}","{""detectors_checked"":432}"
         4,         0,         0,   0.000,decoder_by_matrix,560c721f87db01d4cacf7dcb7d8812fecde61e9e7776d4b9e1b1a792578ecad7,"{""distance"":3,""physical_error_rate"":5e-06}","{""detectors_checked"":216}"
         2,         0,         0,   0.000,decoder_by_matrix,560c721f87db01d4cacf7dcb7d8812fecde61e9e7776d4b9e1b1a792578ecad7,"{""distance"":3,""physical_error_rate"":5e-06}","{""detectors_checked"":108}"
         1,         0,         0,   0.000,decoder_by_matrix,560c721f87db01d4cacf7dcb7d8812fecde61e9e7776d4b9e1b1a792578ecad7,"{""distance"":3,""physical_error_rate"":5e-06}","{""detectors_checked"":54}"
         1,         0,         0,   0.000,decoder_by_matrix,560c721f87db01d4cacf7dcb7d8812fecde61e9e7776d4b9e1b1a792578ecad7,"{""distance"":3,""physical_error_rate"":5e-06}","{""detectors_checked"":54}"
         1,         0,         0,   0.000,decoder_by_matrix,560c721f87db01d4cacf7dcb7d8812fecde61e9e7776d4b9e1b1a792578ecad7,"{""distance"":3,""physical_error_rate"":5e-06}","{""detectors_checked"":54}"
         1,         0,         0,   0.000,decoder_by_matrix,36e3cd26fed5ec7649ec51fb08c1a5e7d7f30e615782d954fee045c18a4962ca,"{""distance"":3,""physical_error_rate"":5e-05}","{""detectors_checked"":54}"
         1,         0,         0,   0.000,decoder_by_matrix,5c8c81bfec719079c388cedc47a351f264c1bf769ae28a89f9b4fc7719fea501,"{""distance"":3,""physical_error_rate"":0.0005}","{""detectors_checked"":54}"
      7440,         0,         0,   0.019,decoder_by_matrix,36e3cd26fed5ec7649ec51fb08c1a5e7d7f30e615782d954fee045c18a4962ca,"{""distance"":3,""physical_error_rate"":5e-05}","{""detection_events"":30,""detectors_checked"":401760}"
      3072,         0,         0,   0.097,decoder_by_matrix,36e3cd26fed5ec7649ec51fb08c1a5e7d7f30e615782d954fee045c18a4962ca,"{""distance"":3,""physical_error_rate"":5e-05}","{""detection_events"":42,""detectors_checked"":165888}"
         1,         0,         0,   0.000,decoder_by_matrix,beec9fd12293a9cfe53c9b61fb8ce2a525e4eed38fa75d132d6dc64699336876,"{""distance"":3,""physical_error_rate"":0.0001}","{""detectors_checked"":54}"
         1,         0,         0,   0.000,decoder_by_matrix,beec9fd12293a9cfe53c9b61fb8ce2a525e4eed38fa75d132d6dc64699336876,"{""distance"":3,""physical_error_rate"":0.0001}","{""detectors_checked"":54}"
         1,         0,         0,   0.000,decoder_by_matrix,e25b8d07214a8afb95d354611a83b9bb1ded39644e323a8585b3aabf687a4fff,"{""distance"":3,""physical_error_rate"":1e-05}","{""detectors_checked"":54}"
         1,         0,         0,   0.000,decoder_by_matrix,5c8c81bfec719079c388cedc47a351f264c1bf769ae28a89f9b4fc7719fea501,"{""distance"":3,""physical_error_rate"":0.0005}","{""detectors_checked"":54}"
      3344,         0,         0,   0.016,decoder_by_matrix,beec9fd12293a9cfe53c9b61fb8ce2a525e4eed38fa75d132d6dc64699336876,"{""distance"":3,""physical_error_rate"":0.0001}","{""detection_events"":48,""detectors_checked"":180576}"
     10512,         0,         0,   0.014,decoder_by_matrix,e25b8d07214a8afb95d354611a83b9bb1ded39644e323a8585b3aabf687a4fff,"{""distance"":3,""physical_error_rate"":1e-05}","{""detection_events"":12,""detectors_checked"":567648}"
      3344,         0,         0,   0.020,decoder_by_matrix,beec9fd12293a9cfe53c9b61fb8ce2a525e4eed38fa75d132d6dc64699336876,"{""distance"":3,""physical_error_rate"":0.0001}","{""detection_events"":39,""detectors_checked"":180576}"
      3344,         0,         0,   0.016,decoder_by_matrix,5c8c81bfec719079c388cedc47a351f264c1bf769ae28a89f9b4fc7719fea501,"{""distance"":3,""physical_error_rate"":0.0005}","{""detection_events"":183,""detectors_checked"":180576}"
      5120,         0,         0,   0.020,decoder_by_matrix,beec9fd12293a9cfe53c9b61fb8ce2a525e4eed38fa75d132d6dc64699336876,"{""distance"":3,""physical_error_rate"":0.0001}","{""detection_events"":132,""detectors_checked"":276480}"
      6144,         0,         0,   0.036,decoder_by_matrix,beec9fd12293a9cfe53c9b61fb8ce2a525e4eed38fa75d132d6dc64699336876,"{""distance"":3,""physical_error_rate"":0.0001}","{""detection_events"":51,""detectors_checked"":331776}"
     10240,         0,         0,   0.034,decoder_by_matrix,e25b8d07214a8afb95d354611a83b9bb1ded39644e323a8585b3aabf687a4fff,"{""distance"":3,""physical_error_rate"":1e-05}","{""detection_events"":3,""detectors_checked"":552960}"
      1024,         0,         0,   0.033,decoder_by_matrix,beec9fd12293a9cfe53c9b61fb8ce2a525e4eed38fa75d132d6dc64699336876,"{""distance"":3,""physical_error_rate"":0.0001}","{""detection_events"":39,""detectors_checked"":55296}"
      9488,         0,         0,   0.218,decoder_by_matrix,5c8c81bfec719079c388cedc47a351f264c1bf769ae28a89f9b4fc7719fea501,"{""distance"":3,""physical_error_rate"":0.0005}","{""detection_events"":648,""detectors_checked"":512352}"
      6144,         0,         0,   0.076,decoder_by_matrix,5c8c81bfec719079c388cedc47a351f264c1bf769ae28a89f9b4fc7719fea501,"{""distance"":3,""physical_error_rate"":0.0005}","{""detection_events"":363,""detectors_checked"":331776}"
      4096,         0,         0,   0.153,decoder_by_matrix,36e3cd26fed5ec7649ec51fb08c1a5e7d7f30e615782d954fee045c18a4962ca,"{""distance"":3,""physical_error_rate"":5e-05}","{""detection_events"":33,""detectors_checked"":221184}"
      4096,         0,         0,   0.098,decoder_by_matrix,beec9fd12293a9cfe53c9b61fb8ce2a525e4eed38fa75d132d6dc64699336876,"{""distance"":3,""physical_error_rate"":0.0001}","{""detection_events"":54,""detectors_checked"":221184}"
      6144,         0,         0,   0.099,decoder_by_matrix,e25b8d07214a8afb95d354611a83b9bb1ded39644e323a8585b3aabf687a4fff,"{""distance"":3,""physical_error_rate"":1e-05}","{""detection_events"":3,""detectors_checked"":331776}"
      3072,         0,         0,   0.103,decoder_by_matrix,beec9fd12293a9cfe53c9b61fb8ce2a525e4eed38fa75d132d6dc64699336876,"{""distance"":3,""physical_error_rate"":0.0001}","{""detection_events"":57,""detectors_checked"":165888}"
      3072,         0,         0,   0.107,decoder_by_matrix,5c8c81bfec719079c388cedc47a351f264c1bf769ae28a89f9b4fc7719fea501,"{""distance"":3,""physical_error_rate"":0.0005}","{""detection_events"":282,""detectors_checked"":165888}"
      3072,         0,         0,   0.123,decoder_by_matrix,5c8c81bfec719079c388cedc47a351f264c1bf769ae28a89f9b4fc7719fea501,"{""distance"":3,""physical_error_rate"":0.0005}","{""detection_events"":216,""detectors_checked"":165888}"
      4096,         0,         0,   0.135,decoder_by_matrix,36e3cd26fed5ec7649ec51fb08c1a5e7d7f30e615782d954fee045c18a4962ca,"{""distance"":3,""physical_error_rate"":5e-05}","{""detection_events"":6,""detectors_checked"":221184}"
      3072,         0,         0,   0.125,decoder_by_matrix,e25b8d07214a8afb95d354611a83b9bb1ded39644e323a8585b3aabf687a4fff,"{""distance"":3,""physical_error_rate"":1e-05}","{""detection_events"":18,""detectors_checked"":165888}"
      4096,         0,         0,   0.149,decoder_by_matrix,beec9fd12293a9cfe53c9b61fb8ce2a525e4eed38fa75d132d6dc64699336876,"{""distance"":3,""physical_error_rate"":0.0001}","{""detection_events"":51,""detectors_checked"":221184}"
      3072,         0,         0,   0.129,decoder_by_matrix,beec9fd12293a9cfe53c9b61fb8ce2a525e4eed38fa75d132d6dc64699336876,"{""distance"":3,""physical_error_rate"":0.0001}","{""detection_events"":18,""detectors_checked"":165888}"
      3072,         0,         0,   0.129,decoder_by_matrix,5c8c81bfec719079c388cedc47a351f264c1bf769ae28a89f9b4fc7719fea501,"{""distance"":3,""physical_error_rate"":0.0005}","{""detection_events"":162,""detectors_checked"":165888}"
      3072,         1,         0,   0.129,decoder_by_matrix,5c8c81bfec719079c388cedc47a351f264c1bf769ae28a89f9b4fc7719fea501,"{""distance"":3,""physical_error_rate"":0.0005}","{""detection_events"":246,""detectors_checked"":165888,""obs_mistake_mask=E"":1}"
      4096,         0,         0,   0.129,decoder_by_matrix,36e3cd26fed5ec7649ec51fb08c1a5e7d7f30e615782d954fee045c18a4962ca,"{""distance"":3,""physical_error_rate"":5e-05}","{""detection_events"":33,""detectors_checked"":221184}"
      6144,         0,         0,   0.129,decoder_by_matrix,e25b8d07214a8afb95d354611a83b9bb1ded39644e323a8585b3aabf687a4fff,"{""distance"":3,""physical_error_rate"":1e-05}","{""detection_events"":9,""detectors_checked"":331776}"
      3072,         0,         0,   0.129,decoder_by_matrix,beec9fd12293a9cfe53c9b61fb8ce2a525e4eed38fa75d132d6dc64699336876,"{""distance"":3,""physical_error_rate"":0.0001}","{""detection_events"":42,""detectors_checked"":165888}"
      4096,         0,         0,   0.129,decoder_by_matrix,beec9fd12293a9cfe53c9b61fb8ce2a525e4eed38fa75d132d6dc64699336876,"{""distance"":3,""physical_error_rate"":0.0001}","{""detection_events"":57,""detectors_checked"":221184}"
      3072,         0,         0,   0.129,decoder_by_matrix,5c8c81bfec719079c388cedc47a351f264c1bf769ae28a89f9b4fc7719fea501,"{""distance"":3,""physical_error_rate"":0.0005}","{""detection_events"":198,""detectors_checked"":165888}"
      3072,         0,         0,   0.129,decoder_by_matrix,5c8c81bfec719079c388cedc47a351f264c1bf769ae28a89f9b4fc7719fea501,"{""distance"":3,""physical_error_rate"":0.0005}","{""detection_events"":150,""detectors_checked"":165888}"
      4096,         0,         0,   0.109,decoder_by_matrix,36e3cd26fed5ec7649ec51fb08c1a5e7d7f30e615782d954fee045c18a4962ca,"{""distance"":3,""physical_error_rate"":5e-05}","{""detection_events"":45,""detectors_checked"":221184}"
      5120,         0,         0,   0.128,decoder_by_matrix,e25b8d07214a8afb95d354611a83b9bb1ded39644e323a8585b3aabf687a4fff,"{""distance"":3,""physical_error_rate"":1e-05}","{""detection_events"":6,""detectors_checked"":276480}"
      3072,         0,         0,   0.127,decoder_by_matrix,beec9fd12293a9cfe53c9b61fb8ce2a525e4eed38fa75d132d6dc64699336876,"{""distance"":3,""physical_error_rate"":0.0001}","{""detection_events"":57,""detectors_checked"":165888}"
      3072,         0,         0,   0.126,decoder_by_matrix,beec9fd12293a9cfe53c9b61fb8ce2a525e4eed38fa75d132d6dc64699336876,"{""distance"":3,""physical_error_rate"":0.0001}","{""detection_events"":30,""detectors_checked"":165888}"
      3072,         0,         0,   0.127,decoder_by_matrix,5c8c81bfec719079c388cedc47a351f264c1bf769ae28a89f9b4fc7719fea501,"{""distance"":3,""physical_error_rate"":0.0005}","{""detection_events"":225,""detectors_checked"":165888}"
      3072,         1,         0,   0.132,decoder_by_matrix,5c8c81bfec719079c388cedc47a351f264c1bf769ae28a89f9b4fc7719fea501,"{""distance"":3,""physical_error_rate"":0.0005}","{""detection_events"":288,""detectors_checked"":165888,""obs_mistake_mask=E"":1}"
      4096,         0,         0,   0.159,decoder_by_matrix,36e3cd26fed5ec7649ec51fb08c1a5e7d7f30e615782d954fee045c18a4962ca,"{""distance"":3,""physical_error_rate"":5e-05}","{""detection_events"":27,""detectors_checked"":221184}"
      7168,         0,         0,   0.137,decoder_by_matrix,e25b8d07214a8afb95d354611a83b9bb1ded39644e323a8585b3aabf687a4fff,"{""distance"":3,""physical_error_rate"":1e-05}","{""detection_events"":3,""detectors_checked"":387072}"
      3072,         0,         0,   0.130,decoder_by_matrix,beec9fd12293a9cfe53c9b61fb8ce2a525e4eed38fa75d132d6dc64699336876,"{""distance"":3,""physical_error_rate"":0.0001}","{""detection_events"":39,""detectors_checked"":165888}"
      3072,         0,         0,   0.131,decoder_by_matrix,5c8c81bfec719079c388cedc47a351f264c1bf769ae28a89f9b4fc7719fea501,"{""distance"":3,""physical_error_rate"":0.0005}","{""detection_events"":126,""detectors_checked"":165888}"
      3072,         0,         0,   0.150,decoder_by_matrix,5c8c81bfec719079c388cedc47a351f264c1bf769ae28a89f9b4fc7719fea501,"{""distance"":3,""physical_error_rate"":0.0005}","{""detection_events"":222,""detectors_checked"":165888}"
      6144,         0,         0,   0.260,decoder_by_matrix,beec9fd12293a9cfe53c9b61fb8ce2a525e4eed38fa75d132d6dc64699336876,"{""distance"":3,""physical_error_rate"":0.0001}","{""detection_events"":81,""detectors_checked"":331776}"
      3072,         0,         0,   0.172,decoder_by_matrix,5c8c81bfec719079c388cedc47a351f264c1bf769ae28a89f9b4fc7719fea501,"{""distance"":3,""physical_error_rate"":0.0005}","{""detection_events"":279,""detectors_checked"":165888}"
      5120,         0,         0,   0.257,decoder_by_matrix,36e3cd26fed5ec7649ec51fb08c1a5e7d7f30e615782d954fee045c18a4962ca,"{""distance"":3,""physical_error_rate"":5e-05}","{""detection_events"":84,""detectors_checked"":276480}"
     10240,         0,         0,   0.257,decoder_by_matrix,e25b8d07214a8afb95d354611a83b9bb1ded39644e323a8585b3aabf687a4fff,"{""distance"":3,""physical_error_rate"":1e-05}","{""detection_events"":21,""detectors_checked"":552960}"
      6144,         0,         0,   0.257,decoder_by_matrix,beec9fd12293a9cfe53c9b61fb8ce2a525e4eed38fa75d132d6dc64699336876,"{""distance"":3,""physical_error_rate"":0.0001}","{""detection_events"":78,""detectors_checked"":331776}"
      6144,         1,         0,   0.248,decoder_by_matrix,5c8c81bfec719079c388cedc47a351f264c1bf769ae28a89f9b4fc7719fea501,"{""distance"":3,""physical_error_rate"":0.0005}","{""detection_events"":498,""detectors_checked"":331776,""obs_mistake_mask=E"":1}"
      6144,         0,         0,   0.261,decoder_by_matrix,beec9fd12293a9cfe53c9b61fb8ce2a525e4eed38fa75d132d6dc64699336876,"{""distance"":3,""physical_error_rate"":0.0001}","{""detection_events"":81,""detectors_checked"":331776}"
      6144,         0,         0,   0.254,decoder_by_matrix,5c8c81bfec719079c388cedc47a351f264c1bf769ae28a89f9b4fc7719fea501,"{""distance"":3,""physical_error_rate"":0.0005}","{""detection_events"":465,""detectors_checked"":331776}"
      7168,         0,         0,   0.258,decoder_by_matrix,36e3cd26fed5ec7649ec51fb08c1a5e7d7f30e615782d954fee045c18a4962ca,"{""distance"":3,""physical_error_rate"":5e-05}","{""detection_events"":45,""detectors_checked"":387072}"
     11264,         0,         0,   0.258,decoder_by_matrix,e25b8d07214a8afb95d354611a83b9bb1ded39644e323a8585b3aabf687a4fff,"{""distance"":3,""physical_error_rate"":1e-05}","{""detection_events"":21,""detectors_checked"":608256}"
      6144,         0,         0,   0.258,decoder_by_matrix,beec9fd12293a9cfe53c9b61fb8ce2a525e4eed38fa75d132d6dc64699336876,"{""distance"":3,""physical_error_rate"":0.0001}","{""detection_events"":105,""detectors_checked"":331776}"
      6144,         0,         0,   0.277,decoder_by_matrix,5c8c81bfec719079c388cedc47a351f264c1bf769ae28a89f9b4fc7719fea501,"{""distance"":3,""physical_error_rate"":0.0005}","{""detection_events"":393,""detectors_checked"":331776}"
      6144,         0,         0,   0.265,decoder_by_matrix,5c8c81bfec719079c388cedc47a351f264c1bf769ae28a89f9b4fc7719fea501,"{""distance"":3,""physical_error_rate"":0.0005}","{""detection_events"":438,""detectors_checked"":331776}"
     10240,         0,         0,   0.389,decoder_by_matrix,beec9fd12293a9cfe53c9b61fb8ce2a525e4eed38fa75d132d6dc64699336876,"{""distance"":3,""physical_error_rate"":0.0001}","{""detection_events"":84,""detectors_checked"":552960}"
     11264,         0,         0,   0.381,decoder_by_matrix,36e3cd26fed5ec7649ec51fb08c1a5e7d7f30e615782d954fee045c18a4962ca,"{""distance"":3,""physical_error_rate"":5e-05}","{""detection_events"":75,""detectors_checked"":608256}"
     19456,         0,         0,   0.385,decoder_by_matrix,e25b8d07214a8afb95d354611a83b9bb1ded39644e323a8585b3aabf687a4fff,"{""distance"":3,""physical_error_rate"":1e-05}","{""detection_events"":18,""detectors_checked"":1050624}"
     10240,         0,         0,   0.390,decoder_by_matrix,beec9fd12293a9cfe53c9b61fb8ce2a525e4eed38fa75d132d6dc64699336876,"{""distance"":3,""physical_error_rate"":0.0001}","{""detection_events"":186,""detectors_checked"":552960}"
      9216,         0,         0,   0.405,decoder_by_matrix,5c8c81bfec719079c388cedc47a351f264c1bf769ae28a89f9b4fc7719fea501,"{""distance"":3,""physical_error_rate"":0.0005}","{""detection_events"":708,""detectors_checked"":497664}"
      8192,         0,         0,   0.361,decoder_by_matrix,5c8c81bfec719079c388cedc47a351f264c1bf769ae28a89f9b4fc7719fea501,"{""distance"":3,""physical_error_rate"":0.0005}","{""detection_events"":513,""detectors_checked"":442368}"
     12288,         0,         0,   0.525,decoder_by_matrix,beec9fd12293a9cfe53c9b61fb8ce2a525e4eed38fa75d132d6dc64699336876,"{""distance"":3,""physical_error_rate"":0.0001}","{""detection_events"":144,""detectors_checked"":663552}"
     15360,         0,         0,   0.517,decoder_by_matrix,36e3cd26fed5ec7649ec51fb08c1a5e7d7f30e615782d954fee045c18a4962ca,"{""distance"":3,""physical_error_rate"":5e-05}","{""detection_events"":126,""detectors_checked"":829440}"
     23552,         0,         0,   0.509,decoder_by_matrix,e25b8d07214a8afb95d354611a83b9bb1ded39644e323a8585b3aabf687a4fff,"{""distance"":3,""physical_error_rate"":1e-05}","{""detection_events"":48,""detectors_checked"":1271808}"
     11264,         0,         0,   0.387,decoder_by_matrix,beec9fd12293a9cfe53c9b61fb8ce2a525e4eed38fa75d132d6dc64699336876,"{""distance"":3,""physical_error_rate"":0.0001}","{""detection_events"":177,""detectors_checked"":608256}"
     12288,         0,         0,   0.533,decoder_by_matrix,5c8c81bfec719079c388cedc47a351f264c1bf769ae28a89f9b4fc7719fea501,"{""distance"":3,""physical_error_rate"":0.0005}","{""detection_events"":969,""detectors_checked"":663552}"
     11264,         1,         0,   0.513,decoder_by_matrix,5c8c81bfec719079c388cedc47a351f264c1bf769ae28a89f9b4fc7719fea501,"{""distance"":3,""physical_error_rate"":0.0005}","{""detection_events"":687,""detectors_checked"":608256,""obs_mistake_mask=E"":1}"
     16384,         0,         0,   0.630,decoder_by_matrix,beec9fd12293a9cfe53c9b61fb8ce2a525e4eed38fa75d132d6dc64699336876,"{""distance"":3,""physical_error_rate"":0.0001}","{""detection_events"":129,""detectors_checked"":884736}"
     35840,         0,         0,   0.638,decoder_by_matrix,e25b8d07214a8afb95d354611a83b9bb1ded39644e323a8585b3aabf687a4fff,"{""distance"":3,""physical_error_rate"":1e-05}","{""detection_events"":36,""detectors_checked"":1935360}"
     17408,         0,         0,   0.654,decoder_by_matrix,36e3cd26fed5ec7649ec51fb08c1a5e7d7f30e615782d954fee045c18a4962ca,"{""distance"":3,""physical_error_rate"":5e-05}","{""detection_events"":132,""detectors_checked"":940032}"
     16384,         0,         0,   0.639,decoder_by_matrix,beec9fd12293a9cfe53c9b61fb8ce2a525e4eed38fa75d132d6dc64699336876,"{""distance"":3,""physical_error_rate"":0.0001}","{""detection_events"":291,""detectors_checked"":884736}"
     13312,         0,         0,   0.602,decoder_by_matrix,5c8c81bfec719079c388cedc47a351f264c1bf769ae28a89f9b4fc7719fea501,"{""distance"":3,""physical_error_rate"":0.0005}","{""detection_events"":942,""detectors_checked"":718848}"
     14336,         0,         0,   0.615,decoder_by_matrix,5c8c81bfec719079c388cedc47a351f264c1bf769ae28a89f9b4fc7719fea501,"{""distance"":3,""physical_error_rate"":0.0005}","{""detection_events"":1068,""detectors_checked"":774144}"
     18432,         0,         0,   0.801,decoder_by_matrix,beec9fd12293a9cfe53c9b61fb8ce2a525e4eed38fa75d132d6dc64699336876,"{""distance"":3,""physical_error_rate"":0.0001}","{""detection_events"":357,""detectors_checked"":995328}"
     44032,         0,         0,   0.890,decoder_by_matrix,e25b8d07214a8afb95d354611a83b9bb1ded39644e323a8585b3aabf687a4fff,"{""distance"":3,""physical_error_rate"":1e-05}","{""detection_events"":63,""detectors_checked"":2377728}"
     27648,         0,         0,   0.895,decoder_by_matrix,36e3cd26fed5ec7649ec51fb08c1a5e7d7f30e615782d954fee045c18a4962ca,"{""distance"":3,""physical_error_rate"":5e-05}","{""detection_events"":207,""detectors_checked"":1492992}"
     21504,         0,         0,   0.899,decoder_by_matrix,beec9fd12293a9cfe53c9b61fb8ce2a525e4eed38fa75d132d6dc64699336876,"{""distance"":3,""physical_error_rate"":0.0001}","{""detection_events"":369,""detectors_checked"":1161216}"
     20480,         0,         0,   0.899,decoder_by_matrix,5c8c81bfec719079c388cedc47a351f264c1bf769ae28a89f9b4fc7719fea501,"{""distance"":3,""physical_error_rate"":0.0005}","{""detection_events"":1527,""detectors_checked"":1105920}"
     20480,         0,         0,   0.899,decoder_by_matrix,5c8c81bfec719079c388cedc47a351f264c1bf769ae28a89f9b4fc7719fea501,"{""distance"":3,""physical_error_rate"":0.0005}","{""detection_events"":1392,""detectors_checked"":1105920}"
   3700736,         0,         0,   116.6,decoder_by_matrix,36e3cd26fed5ec7649ec51fb08c1a5e7d7f30e615782d954fee045c18a4962ca,"{""distance"":3,""physical_error_rate"":5e-05}","{""detection_events"":26685,""detectors_checked"":199839744}"
     30720,         0,         0,    1.19,decoder_by_matrix,beec9fd12293a9cfe53c9b61fb8ce2a525e4eed38fa75d132d6dc64699336876,"{""distance"":3,""physical_error_rate"":0.0001}","{""detection_events"":474,""detectors_checked"":1658880}"
   5885952,         0,         0,   115.1,decoder_by_matrix,e25b8d07214a8afb95d354611a83b9bb1ded39644e323a8585b3aabf687a4fff,"{""distance"":3,""physical_error_rate"":1e-05}","{""detection_events"":8415,""detectors_checked"":317841408}"
     54272,         0,         0,    1.02,decoder_by_matrix,e25b8d07214a8afb95d354611a83b9bb1ded39644e323a8585b3aabf687a4fff,"{""distance"":3,""physical_error_rate"":1e-05}","{""detection_events"":105,""detectors_checked"":2930688}"
     33792,         0,         0,    1.03,decoder_by_matrix,36e3cd26fed5ec7649ec51fb08c1a5e7d7f30e615782d954fee045c18a4962ca,"{""distance"":3,""physical_error_rate"":5e-05}","{""detection_events"":312,""detectors_checked"":1824768}"
     27648,         0,         0,    1.15,decoder_by_matrix,beec9fd12293a9cfe53c9b61fb8ce2a525e4eed38fa75d132d6dc64699336876,"{""distance"":3,""physical_error_rate"":0.0001}","{""detection_events"":417,""detectors_checked"":1492992}"
     26624,         1,         0,    1.16,decoder_by_matrix,5c8c81bfec719079c388cedc47a351f264c1bf769ae28a89f9b4fc7719fea501,"{""distance"":3,""physical_error_rate"":0.0005}","{""detection_events"":2004,""detectors_checked"":1437696,""obs_mistake_mask=E"":1}"
     26624,         1,         0,    1.14,decoder_by_matrix,5c8c81bfec719079c388cedc47a351f264c1bf769ae28a89f9b4fc7719fea501,"{""distance"":3,""physical_error_rate"":0.0005}","{""detection_events"":2073,""detectors_checked"":1437696,""obs_mistake_mask=E"":1}"
     45056,         0,         0,    1.52,decoder_by_matrix,beec9fd12293a9cfe53c9b61fb8ce2a525e4eed38fa75d132d6dc64699336876,"{""distance"":3,""physical_error_rate"":0.0001}","{""detection_events"":534,""detectors_checked"":2433024}"
     53248,         0,         0,    1.53,decoder_by_matrix,36e3cd26fed5ec7649ec51fb08c1a5e7d7f30e615782d954fee045c18a4962ca,"{""distance"":3,""physical_error_rate"":5e-05}","{""detection_events"":348,""detectors_checked"":2875392}"
     83968,         0,         0,    1.67,decoder_by_matrix,e25b8d07214a8afb95d354611a83b9bb1ded39644e323a8585b3aabf687a4fff,"{""distance"":3,""physical_error_rate"":1e-05}","{""detection_events"":108,""detectors_checked"":4534272}"
     43008,         0,         0,    1.67,decoder_by_matrix,beec9fd12293a9cfe53c9b61fb8ce2a525e4eed38fa75d132d6dc64699336876,"{""distance"":3,""physical_error_rate"":0.0001}","{""detection_events"":627,""detectors_checked"":2322432}"
     38912,         0,         0,    1.55,decoder_by_matrix,5c8c81bfec719079c388cedc47a351f264c1bf769ae28a89f9b4fc7719fea501,"{""distance"":3,""physical_error_rate"":0.0005}","{""detection_events"":2781,""detectors_checked"":2101248}"
     37888,         1,         0,    1.67,decoder_by_matrix,5c8c81bfec719079c388cedc47a351f264c1bf769ae28a89f9b4fc7719fea501,"{""distance"":3,""physical_error_rate"":0.0005}","{""detection_events"":2853,""detectors_checked"":2045952,""obs_mistake_mask=E"":1}"
     59392,         0,         0,    2.20,decoder_by_matrix,beec9fd12293a9cfe53c9b61fb8ce2a525e4eed38fa75d132d6dc64699336876,"{""distance"":3,""physical_error_rate"":0.0001}","{""detection_events"":696,""detectors_checked"":3207168}"
     68608,         0,         0,    2.19,decoder_by_matrix,36e3cd26fed5ec7649ec51fb08c1a5e7d7f30e615782d954fee045c18a4962ca,"{""distance"":3,""physical_error_rate"":5e-05}","{""detection_events"":465,""detectors_checked"":3704832}"
     58368,         0,         0,    2.18,decoder_by_matrix,beec9fd12293a9cfe53c9b61fb8ce2a525e4eed38fa75d132d6dc64699336876,"{""distance"":3,""physical_error_rate"":0.0001}","{""detection_events"":864,""detectors_checked"":3151872}"
    119808,         0,         0,    2.28,decoder_by_matrix,e25b8d07214a8afb95d354611a83b9bb1ded39644e323a8585b3aabf687a4fff,"{""distance"":3,""physical_error_rate"":1e-05}","{""detection_events"":129,""detectors_checked"":6469632}"
     51200,         0,         0,    2.18,decoder_by_matrix,5c8c81bfec719079c388cedc47a351f264c1bf769ae28a89f9b4fc7719fea501,"{""distance"":3,""physical_error_rate"":0.0005}","{""detection_events"":3549,""detectors_checked"":2764800}"
     51200,         0,         0,    2.13,decoder_by_matrix,5c8c81bfec719079c388cedc47a351f264c1bf769ae28a89f9b4fc7719fea501,"{""distance"":3,""physical_error_rate"":0.0005}","{""detection_events"":3495,""detectors_checked"":2764800}"
     74752,         0,         0,    2.94,decoder_by_matrix,beec9fd12293a9cfe53c9b61fb8ce2a525e4eed38fa75d132d6dc64699336876,"{""distance"":3,""physical_error_rate"":0.0001}","{""detection_events"":1293,""detectors_checked"":4036608}"
     92160,         0,         0,    2.82,decoder_by_matrix,36e3cd26fed5ec7649ec51fb08c1a5e7d7f30e615782d954fee045c18a4962ca,"{""distance"":3,""physical_error_rate"":5e-05}","{""detection_events"":690,""detectors_checked"":4976640}"
    164864,         0,         0,    3.07,decoder_by_matrix,e25b8d07214a8afb95d354611a83b9bb1ded39644e323a8585b3aabf687a4fff,"{""distance"":3,""physical_error_rate"":1e-05}","{""detection_events"":162,""detectors_checked"":8902656}"
     79872,         0,         0,    3.16,decoder_by_matrix,beec9fd12293a9cfe53c9b61fb8ce2a525e4eed38fa75d132d6dc64699336876,"{""distance"":3,""physical_error_rate"":0.0001}","{""detection_events"":1101,""detectors_checked"":4313088}"
     70656,         1,         0,    3.07,decoder_by_matrix,5c8c81bfec719079c388cedc47a351f264c1bf769ae28a89f9b4fc7719fea501,"{""distance"":3,""physical_error_rate"":0.0005}","{""detection_events"":5193,""detectors_checked"":3815424,""obs_mistake_mask=E"":1}"
     70656,         0,         0,    3.01,decoder_by_matrix,5c8c81bfec719079c388cedc47a351f264c1bf769ae28a89f9b4fc7719fea501,"{""distance"":3,""physical_error_rate"":0.0005}","{""detection_events"":5046,""detectors_checked"":3815424}"
    110592,         0,         0,    4.18,decoder_by_matrix,beec9fd12293a9cfe53c9b61fb8ce2a525e4eed38fa75d132d6dc64699336876,"{""distance"":3,""physical_error_rate"":0.0001}","{""detection_events"":1650,""detectors_checked"":5971968}"
    128000,         0,         0,    4.21,decoder_by_matrix,36e3cd26fed5ec7649ec51fb08c1a5e7d7f30e615782d954fee045c18a4962ca,"{""distance"":3,""physical_error_rate"":5e-05}","{""detection_events"":903,""detectors_checked"":6912000}"
    218112,         0,         0,    4.22,decoder_by_matrix,e25b8d07214a8afb95d354611a83b9bb1ded39644e323a8585b3aabf687a4fff,"{""distance"":3,""physical_error_rate"":1e-05}","{""detection_events"":231,""detectors_checked"":11778048}"
    114688,         1,         0,    4.36,decoder_by_matrix,beec9fd12293a9cfe53c9b61fb8ce2a525e4eed38fa75d132d6dc64699336876,"{""distance"":3,""physical_error_rate"":0.0001}","{""detection_events"":1740,""detectors_checked"":6193152,""obs_mistake_mask=E"":1}"
     98304,         8,         0,    4.28,decoder_by_matrix,5c8c81bfec719079c388cedc47a351f264c1bf769ae28a89f9b4fc7719fea501,"{""distance"":3,""physical_error_rate"":0.0005}","{""detection_events"":7095,""detectors_checked"":5308416,""obs_mistake_mask=E"":8}"
    100352,         0,         0,    4.33,decoder_by_matrix,5c8c81bfec719079c388cedc47a351f264c1bf769ae28a89f9b4fc7719fea501,"{""distance"":3,""physical_error_rate"":0.0005}","{""detection_events"":7377,""detectors_checked"":5419008}"
    150528,         1,         0,    5.91,decoder_by_matrix,beec9fd12293a9cfe53c9b61fb8ce2a525e4eed38fa75d132d6dc64699336876,"{""distance"":3,""physical_error_rate"":0.0001}","{""detection_events"":2337,""detectors_checked"":8128512,""obs_mistake_mask=E"":1}"
    189440,         0,         0,    5.91,decoder_by_matrix,36e3cd26fed5ec7649ec51fb08c1a5e7d7f30e615782d954fee045c18a4962ca,"{""distance"":3,""physical_error_rate"":5e-05}","{""detection_events"":1401,""detectors_checked"":10229760}"
    272384,         0,         0,    5.86,decoder_by_matrix,e25b8d07214a8afb95d354611a83b9bb1ded39644e323a8585b3aabf687a4fff,"{""distance"":3,""physical_error_rate"":1e-05}","{""detection_events"":558,""detectors_checked"":14708736}"
    138240,         2,         0,    6.01,decoder_by_matrix,5c8c81bfec719079c388cedc47a351f264c1bf769ae28a89f9b4fc7719fea501,"{""distance"":3,""physical_error_rate"":0.0005}","{""detection_events"":10122,""detectors_checked"":7464960,""obs_mistake_mask=E"":2}"
    151552,         0,         0,    6.04,decoder_by_matrix,beec9fd12293a9cfe53c9b61fb8ce2a525e4eed38fa75d132d6dc64699336876,"{""distance"":3,""physical_error_rate"":0.0001}","{""detection_events"":2415,""detectors_checked"":8183808}"
    138240,         2,         0,    5.90,decoder_by_matrix,5c8c81bfec719079c388cedc47a351f264c1bf769ae28a89f9b4fc7719fea501,"{""distance"":3,""physical_error_rate"":0.0005}","{""detection_events"":9924,""detectors_checked"":7464960,""obs_mistake_mask=E"":2}"
    219136,         0,         0,    8.04,decoder_by_matrix,beec9fd12293a9cfe53c9b61fb8ce2a525e4eed38fa75d132d6dc64699336876,"{""distance"":3,""physical_error_rate"":0.0001}","{""detection_events"":3096,""detectors_checked"":11833344}"
    256000,         0,         0,    8.31,decoder_by_matrix,36e3cd26fed5ec7649ec51fb08c1a5e7d7f30e615782d954fee045c18a4962ca,"{""distance"":3,""physical_error_rate"":5e-05}","{""detection_events"":2055,""detectors_checked"":13824000}"
    429056,         0,         0,    7.53,decoder_by_matrix,e25b8d07214a8afb95d354611a83b9bb1ded39644e323a8585b3aabf687a4fff,"{""distance"":3,""physical_error_rate"":1e-05}","{""detection_events"":555,""detectors_checked"":23169024}"
    219136,         0,         0,    8.18,decoder_by_matrix,beec9fd12293a9cfe53c9b61fb8ce2a525e4eed38fa75d132d6dc64699336876,"{""distance"":3,""physical_error_rate"":0.0001}","{""detection_events"":3279,""detectors_checked"":11833344}"
    193536,         6,         0,    8.21,decoder_by_matrix,5c8c81bfec719079c388cedc47a351f264c1bf769ae28a89f9b4fc7719fea501,"{""distance"":3,""physical_error_rate"":0.0005}","{""detection_events"":14718,""detectors_checked"":10450944,""obs_mistake_mask=E"":6}"
    194560,         4,         0,    8.17,decoder_by_matrix,5c8c81bfec719079c388cedc47a351f264c1bf769ae28a89f9b4fc7719fea501,"{""distance"":3,""physical_error_rate"":0.0005}","{""detection_events"":13731,""detectors_checked"":10506240,""obs_mistake_mask=E"":4}"
    309248,         0,         0,    11.3,decoder_by_matrix,beec9fd12293a9cfe53c9b61fb8ce2a525e4eed38fa75d132d6dc64699336876,"{""distance"":3,""physical_error_rate"":0.0001}","{""detection_events"":4185,""detectors_checked"":16699392}"
    563200,         0,         0,    11.5,decoder_by_matrix,e25b8d07214a8afb95d354611a83b9bb1ded39644e323a8585b3aabf687a4fff,"{""distance"":3,""physical_error_rate"":1e-05}","{""detection_events"":924,""detectors_checked"":30412800}"
    352256,         0,         0,    11.7,decoder_by_matrix,36e3cd26fed5ec7649ec51fb08c1a5e7d7f30e615782d954fee045c18a4962ca,"{""distance"":3,""physical_error_rate"":5e-05}","{""detection_events"":2676,""detectors_checked"":19021824}"
    304128,         0,         0,    11.4,decoder_by_matrix,beec9fd12293a9cfe53c9b61fb8ce2a525e4eed38fa75d132d6dc64699336876,"{""distance"":3,""physical_error_rate"":0.0001}","{""detection_events"":4458,""detectors_checked"":16422912}"
    270336,         6,         0,    11.7,decoder_by_matrix,5c8c81bfec719079c388cedc47a351f264c1bf769ae28a89f9b4fc7719fea501,"{""distance"":3,""physical_error_rate"":0.0005}","{""detection_events"":18993,""detectors_checked"":14598144,""obs_mistake_mask=E"":6}"
    271360,         6,         0,    11.8,decoder_by_matrix,5c8c81bfec719079c388cedc47a351f264c1bf769ae28a89f9b4fc7719fea501,"{""distance"":3,""physical_error_rate"":0.0005}","{""detection_events"":19887,""detectors_checked"":14653440,""obs_mistake_mask=E"":6}"
   2761728,        43,         0,   117.5,decoder_by_matrix,5c8c81bfec719079c388cedc47a351f264c1bf769ae28a89f9b4fc7719fea501,"{""distance"":3,""physical_error_rate"":0.0005}","{""detection_events"":202002,""detectors_checked"":149133312,""obs_mistake_mask=E"":43}"
   3092480,         1,         0,   117.8,decoder_by_matrix,beec9fd12293a9cfe53c9b61fb8ce2a525e4eed38fa75d132d6dc64699336876,"{""distance"":3,""physical_error_rate"":0.0001}","{""detection_events"":45108,""detectors_checked"":166993920,""obs_mistake_mask=E"":1}"
   2748416,        40,         0,   117.8,decoder_by_matrix,5c8c81bfec719079c388cedc47a351f264c1bf769ae28a89f9b4fc7719fea501,"{""distance"":3,""physical_error_rate"":0.0005}","{""detection_events"":198636,""detectors_checked"":148414464,""obs_mistake_mask=E"":40}"
   3092480,         1,         0,   116.3,decoder_by_matrix,beec9fd12293a9cfe53c9b61fb8ce2a525e4eed38fa75d132d6dc64699336876,"{""distance"":3,""physical_error_rate"":0.0001}","{""detection_events"":45915,""detectors_checked"":166993920,""obs_mistake_mask=E"":1}"
    428032,         1,         0,    15.9,decoder_by_matrix,beec9fd12293a9cfe53c9b61fb8ce2a525e4eed38fa75d132d6dc64699336876,"{""distance"":3,""physical_error_rate"":0.0001}","{""detection_events"":6249,""detectors_checked"":23113728,""obs_mistake_mask=E"":1}"
    789504,         0,         0,    16.2,decoder_by_matrix,e25b8d07214a8afb95d354611a83b9bb1ded39644e323a8585b3aabf687a4fff,"{""distance"":3,""physical_error_rate"":1e-05}","{""detection_events"":1224,""detectors_checked"":42633216}"
    432128,         0,         0,    15.9,decoder_by_matrix,beec9fd12293a9cfe53c9b61fb8ce2a525e4eed38fa75d132d6dc64699336876,"{""distance"":3,""physical_error_rate"":0.0001}","{""detection_events"":6402,""detectors_checked"":23334912}"
    495616,         1,         0,    15.8,decoder_by_matrix,36e3cd26fed5ec7649ec51fb08c1a5e7d7f30e615782d954fee045c18a4962ca,"{""distance"":3,""physical_error_rate"":5e-05}","{""detection_events"":3732,""detectors_checked"":26763264,""obs_mistake_mask=E"":1}"
    376832,         4,         0,    16.3,decoder_by_matrix,5c8c81bfec719079c388cedc47a351f264c1bf769ae28a89f9b4fc7719fea501,"{""distance"":3,""physical_error_rate"":0.0005}","{""detection_events"":27306,""detectors_checked"":20348928,""obs_mistake_mask=E"":4}"
    379904,         9,         0,    16.2,decoder_by_matrix,5c8c81bfec719079c388cedc47a351f264c1bf769ae28a89f9b4fc7719fea501,"{""distance"":3,""physical_error_rate"":0.0005}","{""detection_events"":27654,""detectors_checked"":20514816,""obs_mistake_mask=E"":9}"
    599040,         0,         0,    21.9,decoder_by_matrix,beec9fd12293a9cfe53c9b61fb8ce2a525e4eed38fa75d132d6dc64699336876,"{""distance"":3,""physical_error_rate"":0.0001}","{""detection_events"":8454,""detectors_checked"":32348160}"
   1141760,         0,         0,    22.1,decoder_by_matrix,e25b8d07214a8afb95d354611a83b9bb1ded39644e323a8585b3aabf687a4fff,"{""distance"":3,""physical_error_rate"":1e-05}","{""detection_events"":1647,""detectors_checked"":61655040}"
    710656,         1,         0,    21.6,decoder_by_matrix,36e3cd26fed5ec7649ec51fb08c1a5e7d7f30e615782d954fee045c18a4962ca,"{""distance"":3,""physical_error_rate"":5e-05}","{""detection_events"":5265,""detectors_checked"":38375424,""obs_mistake_mask=E"":1}"
    583680,         1,         0,    22.9,decoder_by_matrix,beec9fd12293a9cfe53c9b61fb8ce2a525e4eed38fa75d132d6dc64699336876,"{""distance"":3,""physical_error_rate"":0.0001}","{""detection_events"":9060,""detectors_checked"":31518720,""obs_mistake_mask=E"":1}"
    528384,        11,         0,    22.7,decoder_by_matrix,5c8c81bfec719079c388cedc47a351f264c1bf769ae28a89f9b4fc7719fea501,"{""distance"":3,""physical_error_rate"":0.0005}","{""detection_events"":38814,""detectors_checked"":28532736,""obs_mistake_mask=E"":11}"
    528384,         7,         0,    22.5,decoder_by_matrix,5c8c81bfec719079c388cedc47a351f264c1bf769ae28a89f9b4fc7719fea501,"{""distance"":3,""physical_error_rate"":0.0005}","{""detection_events"":37221,""detectors_checked"":28532736,""obs_mistake_mask=E"":7}"
   5881856,         0,         0,   115.7,decoder_by_matrix,e25b8d07214a8afb95d354611a83b9bb1ded39644e323a8585b3aabf687a4fff,"{""distance"":3,""physical_error_rate"":1e-05}","{""detection_events"":8592,""detectors_checked"":317620224}"
   3676160,         2,         0,   117.1,decoder_by_matrix,36e3cd26fed5ec7649ec51fb08c1a5e7d7f30e615782d954fee045c18a4962ca,"{""distance"":3,""physical_error_rate"":5e-05}","{""detection_events"":26721,""detectors_checked"":198512640,""obs_mistake_mask=E"":2}"
   3607552,         0,         0,   116.6,decoder_by_matrix,36e3cd26fed5ec7649ec51fb08c1a5e7d7f30e615782d954fee045c18a4962ca,"{""distance"":3,""physical_error_rate"":5e-05}","{""detection_events"":26496,""detectors_checked"":194807808}"
   5884928,         0,         0,   116.5,decoder_by_matrix,e25b8d07214a8afb95d354611a83b9bb1ded39644e323a8585b3aabf687a4fff,"{""distance"":3,""physical_error_rate"":1e-05}","{""detection_events"":8421,""detectors_checked"":317786112}"
   3719168,         1,         0,   117.2,decoder_by_matrix,36e3cd26fed5ec7649ec51fb08c1a5e7d7f30e615782d954fee045c18a4962ca,"{""distance"":3,""physical_error_rate"":5e-05}","{""detection_events"":26535,""detectors_checked"":200835072,""obs_mistake_mask=E"":1}"
   5949440,         0,         0,   115.2,decoder_by_matrix,e25b8d07214a8afb95d354611a83b9bb1ded39644e323a8585b3aabf687a4fff,"{""distance"":3,""physical_error_rate"":1e-05}","{""detection_events"":8097,""detectors_checked"":321269760}"
   5885952,         0,         0,   116.2,decoder_by_matrix,e25b8d07214a8afb95d354611a83b9bb1ded39644e323a8585b3aabf687a4fff,"{""distance"":3,""physical_error_rate"":1e-05}","{""detection_events"":8409,""detectors_checked"":317841408}"
   3089408,         4,         0,   117.5,decoder_by_matrix,beec9fd12293a9cfe53c9b61fb8ce2a525e4eed38fa75d132d6dc64699336876,"{""distance"":3,""physical_error_rate"":0.0001}","{""detection_events"":43905,""detectors_checked"":166828032,""obs_mistake_mask=E"":4}"
   3631104,         0,         0,   117.5,decoder_by_matrix,36e3cd26fed5ec7649ec51fb08c1a5e7d7f30e615782d954fee045c18a4962ca,"{""distance"":3,""physical_error_rate"":5e-05}","{""detection_events"":25962,""detectors_checked"":196079616}"
   3683328,         0,         0,   117.7,decoder_by_matrix,36e3cd26fed5ec7649ec51fb08c1a5e7d7f30e615782d954fee045c18a4962ca,"{""distance"":3,""physical_error_rate"":5e-05}","{""detection_events"":26478,""detectors_checked"":198899712}"
   2768896,        42,         0,   118.2,decoder_by_matrix,5c8c81bfec719079c388cedc47a351f264c1bf769ae28a89f9b4fc7719fea501,"{""distance"":3,""physical_error_rate"":0.0005}","{""detection_events"":204573,""detectors_checked"":149520384,""obs_mistake_mask=E"":42}"
   5929984,         0,         0,   114.4,decoder_by_matrix,e25b8d07214a8afb95d354611a83b9bb1ded39644e323a8585b3aabf687a4fff,"{""distance"":3,""physical_error_rate"":1e-05}","{""detection_events"":8139,""detectors_checked"":320219136}"
   3084288,         1,         0,   117.5,decoder_by_matrix,beec9fd12293a9cfe53c9b61fb8ce2a525e4eed38fa75d132d6dc64699336876,"{""distance"":3,""physical_error_rate"":0.0001}","{""detection_events"":44220,""detectors_checked"":166551552,""obs_mistake_mask=E"":1}"
   3117056,         0,         0,   117.0,decoder_by_matrix,beec9fd12293a9cfe53c9b61fb8ce2a525e4eed38fa75d132d6dc64699336876,"{""distance"":3,""physical_error_rate"":0.0001}","{""detection_events"":44205,""detectors_checked"":168321024}"
   5824512,         0,         0,   115.8,decoder_by_matrix,e25b8d07214a8afb95d354611a83b9bb1ded39644e323a8585b3aabf687a4fff,"{""distance"":3,""physical_error_rate"":1e-05}","{""detection_events"":8952,""detectors_checked"":314523648}"
   2768896,        43,         0,   116.7,decoder_by_matrix,5c8c81bfec719079c388cedc47a351f264c1bf769ae28a89f9b4fc7719fea501,"{""distance"":3,""physical_error_rate"":0.0005}","{""detection_events"":204030,""detectors_checked"":149520384,""obs_mistake_mask=E"":43}"
   2771968,        56,         0,   118.2,decoder_by_matrix,5c8c81bfec719079c388cedc47a351f264c1bf769ae28a89f9b4fc7719fea501,"{""distance"":3,""physical_error_rate"":0.0005}","{""detection_events"":202401,""detectors_checked"":149686272,""obs_mistake_mask=E"":56}"
   2755584,        44,         0,   118.3,decoder_by_matrix,5c8c81bfec719079c388cedc47a351f264c1bf769ae28a89f9b4fc7719fea501,"{""distance"":3,""physical_error_rate"":0.0005}","{""detection_events"":199731,""detectors_checked"":148801536,""obs_mistake_mask=E"":44}"
   3099648,         1,         0,   116.7,decoder_by_matrix,beec9fd12293a9cfe53c9b61fb8ce2a525e4eed38fa75d132d6dc64699336876,"{""distance"":3,""physical_error_rate"":0.0001}","{""detection_events"":44769,""detectors_checked"":167380992,""obs_mistake_mask=E"":1}"
   3618816,         2,         0,   117.6,decoder_by_matrix,36e3cd26fed5ec7649ec51fb08c1a5e7d7f30e615782d954fee045c18a4962ca,"{""distance"":3,""physical_error_rate"":5e-05}","{""detection_events"":25926,""detectors_checked"":195416064,""obs_mistake_mask=E"":2}"
    827392,         1,         0,    31.1,decoder_by_matrix,beec9fd12293a9cfe53c9b61fb8ce2a525e4eed38fa75d132d6dc64699336876,"{""distance"":3,""physical_error_rate"":0.0001}","{""detection_events"":12216,""detectors_checked"":44679168,""obs_mistake_mask=E"":1}"
   1602560,         0,         0,    30.5,decoder_by_matrix,e25b8d07214a8afb95d354611a83b9bb1ded39644e323a8585b3aabf687a4fff,"{""distance"":3,""physical_error_rate"":1e-05}","{""detection_events"":2271,""detectors_checked"":86538240}"
    964608,         1,         0,    31.0,decoder_by_matrix,36e3cd26fed5ec7649ec51fb08c1a5e7d7f30e615782d954fee045c18a4962ca,"{""distance"":3,""physical_error_rate"":5e-05}","{""detection_events"":7284,""detectors_checked"":52088832,""obs_mistake_mask=E"":1}"
    739328,        21,         0,    31.6,decoder_by_matrix,5c8c81bfec719079c388cedc47a351f264c1bf769ae28a89f9b4fc7719fea501,"{""distance"":3,""physical_error_rate"":0.0005}","{""detection_events"":52839,""detectors_checked"":39923712,""obs_mistake_mask=E"":21}"
    827392,         0,         0,    31.8,decoder_by_matrix,beec9fd12293a9cfe53c9b61fb8ce2a525e4eed38fa75d132d6dc64699336876,"{""distance"":3,""physical_error_rate"":0.0001}","{""detection_events"":12099,""detectors_checked"":44679168}"
    741376,        15,         0,    31.4,decoder_by_matrix,5c8c81bfec719079c388cedc47a351f264c1bf769ae28a89f9b4fc7719fea501,"{""distance"":3,""physical_error_rate"":0.0005}","{""detection_events"":53412,""detectors_checked"":40034304,""obs_mistake_mask=E"":15}"
   3644416,         1,         0,   117.4,decoder_by_matrix,36e3cd26fed5ec7649ec51fb08c1a5e7d7f30e615782d954fee045c18a4962ca,"{""distance"":3,""physical_error_rate"":5e-05}","{""detection_events"":27054,""detectors_checked"":196798464,""obs_mistake_mask=E"":1}"
   5900288,         0,         0,   115.6,decoder_by_matrix,e25b8d07214a8afb95d354611a83b9bb1ded39644e323a8585b3aabf687a4fff,"{""distance"":3,""physical_error_rate"":1e-05}","{""detection_events"":8325,""detectors_checked"":318615552}"
   1164288,         0,         0,    43.4,decoder_by_matrix,beec9fd12293a9cfe53c9b61fb8ce2a525e4eed38fa75d132d6dc64699336876,"{""distance"":3,""physical_error_rate"":0.0001}","{""detection_events"":17448,""detectors_checked"":62871552}"
   2185216,         0,         0,    42.5,decoder_by_matrix,e25b8d07214a8afb95d354611a83b9bb1ded39644e323a8585b3aabf687a4fff,"{""distance"":3,""physical_error_rate"":1e-05}","{""detection_events"":3276,""detectors_checked"":118001664}"
   1036288,        17,         0,    44.0,decoder_by_matrix,5c8c81bfec719079c388cedc47a351f264c1bf769ae28a89f9b4fc7719fea501,"{""distance"":3,""physical_error_rate"":0.0005}","{""detection_events"":75477,""detectors_checked"":55959552,""obs_mistake_mask=E"":17}"
   1397760,         0,         0,    44.5,decoder_by_matrix,36e3cd26fed5ec7649ec51fb08c1a5e7d7f30e615782d954fee045c18a4962ca,"{""distance"":3,""physical_error_rate"":5e-05}","{""detection_events"":9759,""detectors_checked"":75479040}"
   1163264,         3,         0,    44.4,decoder_by_matrix,beec9fd12293a9cfe53c9b61fb8ce2a525e4eed38fa75d132d6dc64699336876,"{""distance"":3,""physical_error_rate"":0.0001}","{""detection_events"":17409,""detectors_checked"":62816256,""obs_mistake_mask=E"":3}"
   1038336,        13,         0,    43.6,decoder_by_matrix,5c8c81bfec719079c388cedc47a351f264c1bf769ae28a89f9b4fc7719fea501,"{""distance"":3,""physical_error_rate"":0.0005}","{""detection_events"":77091,""detectors_checked"":56070144,""obs_mistake_mask=E"":13}"
   2765824,        51,         0,   117.2,decoder_by_matrix,5c8c81bfec719079c388cedc47a351f264c1bf769ae28a89f9b4fc7719fea501,"{""distance"":3,""physical_error_rate"":0.0005}","{""detection_events"":199572,""detectors_checked"":149354496,""obs_mistake_mask=E"":51}"
   3089408,         3,         0,   117.1,decoder_by_matrix,beec9fd12293a9cfe53c9b61fb8ce2a525e4eed38fa75d132d6dc64699336876,"{""distance"":3,""physical_error_rate"":0.0001}","{""detection_events"":45834,""detectors_checked"":166828032,""obs_mistake_mask=E"":3}"
   2749440,        68,         0,   117.7,decoder_by_matrix,5c8c81bfec719079c388cedc47a351f264c1bf769ae28a89f9b4fc7719fea501,"{""distance"":3,""physical_error_rate"":0.0005}","{""detection_events"":202539,""detectors_checked"":148469760,""obs_mistake_mask=E"":68}"
   3077120,         0,         0,   117.3,decoder_by_matrix,beec9fd12293a9cfe53c9b61fb8ce2a525e4eed38fa75d132d6dc64699336876,"{""distance"":3,""physical_error_rate"":0.0001}","{""detection_events"":45240,""detectors_checked"":166164480}"
   2635508,         0,         0,    52.3,decoder_by_matrix,e25b8d07214a8afb95d354611a83b9bb1ded39644e323a8585b3aabf687a4fff,"{""distance"":3,""physical_error_rate"":1e-05}","{""detection_events"":4095,""detectors_checked"":142317432}"
   5838848,         0,         0,   116.5,decoder_by_matrix,e25b8d07214a8afb95d354611a83b9bb1ded39644e323a8585b3aabf687a4fff,"{""distance"":3,""physical_error_rate"":1e-05}","{""detection_events"":8904,""detectors_checked"":315297792}"
   3675136,         0,         0,   117.7,decoder_by_matrix,36e3cd26fed5ec7649ec51fb08c1a5e7d7f30e615782d954fee045c18a4962ca,"{""distance"":3,""physical_error_rate"":5e-05}","{""detection_events"":27084,""detectors_checked"":198457344}"
   3613696,         0,         0,   117.2,decoder_by_matrix,36e3cd26fed5ec7649ec51fb08c1a5e7d7f30e615782d954fee045c18a4962ca,"{""distance"":3,""physical_error_rate"":5e-05}","{""detection_events"":25932,""detectors_checked"":195139584}"
   5821440,         0,         0,   115.7,decoder_by_matrix,e25b8d07214a8afb95d354611a83b9bb1ded39644e323a8585b3aabf687a4fff,"{""distance"":3,""physical_error_rate"":1e-05}","{""detection_events"":8856,""detectors_checked"":314357760}"
   5804032,         0,         0,   115.3,decoder_by_matrix,e25b8d07214a8afb95d354611a83b9bb1ded39644e323a8585b3aabf687a4fff,"{""distance"":3,""physical_error_rate"":1e-05}","{""detection_events"":8898,""detectors_checked"":313417728}"
   3740672,         0,         0,   117.2,decoder_by_matrix,36e3cd26fed5ec7649ec51fb08c1a5e7d7f30e615782d954fee045c18a4962ca,"{""distance"":3,""physical_error_rate"":5e-05}","{""detection_events"":26808,""detectors_checked"":201996288}"
   5771264,         0,         0,   115.7,decoder_by_matrix,e25b8d07214a8afb95d354611a83b9bb1ded39644e323a8585b3aabf687a4fff,"{""distance"":3,""physical_error_rate"":1e-05}","{""detection_events"":8670,""detectors_checked"":311648256}"
   3101696,         6,         0,   118.3,decoder_by_matrix,beec9fd12293a9cfe53c9b61fb8ce2a525e4eed38fa75d132d6dc64699336876,"{""distance"":3,""physical_error_rate"":0.0001}","{""detection_events"":45114,""detectors_checked"":167491584,""obs_mistake_mask=E"":6}"
   2771968,        41,         0,   117.4,decoder_by_matrix,5c8c81bfec719079c388cedc47a351f264c1bf769ae28a89f9b4fc7719fea501,"{""distance"":3,""physical_error_rate"":0.0005}","{""detection_events"":203100,""detectors_checked"":149686272,""obs_mistake_mask=E"":41}"
   3593216,         2,         0,   116.6,decoder_by_matrix,36e3cd26fed5ec7649ec51fb08c1a5e7d7f30e615782d954fee045c18a4962ca,"{""distance"":3,""physical_error_rate"":5e-05}","{""detection_events"":26418,""detectors_checked"":194033664,""obs_mistake_mask=E"":2}"
   3705856,         1,         0,   117.0,decoder_by_matrix,36e3cd26fed5ec7649ec51fb08c1a5e7d7f30e615782d954fee045c18a4962ca,"{""distance"":3,""physical_error_rate"":5e-05}","{""detection_events"":26610,""detectors_checked"":200116224,""obs_mistake_mask=E"":1}"
   5833728,         0,         0,   116.4,decoder_by_matrix,e25b8d07214a8afb95d354611a83b9bb1ded39644e323a8585b3aabf687a4fff,"{""distance"":3,""physical_error_rate"":1e-05}","{""detection_events"":8601,""detectors_checked"":315021312}"
   3053568,         2,         0,   117.3,decoder_by_matrix,beec9fd12293a9cfe53c9b61fb8ce2a525e4eed38fa75d132d6dc64699336876,"{""distance"":3,""physical_error_rate"":0.0001}","{""detection_events"":45051,""detectors_checked"":164892672,""obs_mistake_mask=E"":2}"
   3116032,         0,         0,   116.8,decoder_by_matrix,beec9fd12293a9cfe53c9b61fb8ce2a525e4eed38fa75d132d6dc64699336876,"{""distance"":3,""physical_error_rate"":0.0001}","{""detection_events"":44889,""detectors_checked"":168265728}"
   2772992,        45,         0,   117.3,decoder_by_matrix,5c8c81bfec719079c388cedc47a351f264c1bf769ae28a89f9b4fc7719fea501,"{""distance"":3,""physical_error_rate"":0.0005}","{""detection_events"":203760,""detectors_checked"":149741568,""obs_mistake_mask=E"":45}"
   5823488,         0,         0,   115.4,decoder_by_matrix,e25b8d07214a8afb95d354611a83b9bb1ded39644e323a8585b3aabf687a4fff,"{""distance"":3,""physical_error_rate"":1e-05}","{""detection_events"":8703,""detectors_checked"":314468352}"
   2772992,        43,         0,   117.8,decoder_by_matrix,5c8c81bfec719079c388cedc47a351f264c1bf769ae28a89f9b4fc7719fea501,"{""distance"":3,""physical_error_rate"":0.0005}","{""detection_events"":200352,""detectors_checked"":149741568,""obs_mistake_mask=E"":43}"
   2758656,        57,         0,   117.3,decoder_by_matrix,5c8c81bfec719079c388cedc47a351f264c1bf769ae28a89f9b4fc7719fea501,"{""distance"":3,""physical_error_rate"":0.0005}","{""detection_events"":199833,""detectors_checked"":148967424,""obs_mistake_mask=E"":57}"
   3092480,         0,         0,   117.1,decoder_by_matrix,beec9fd12293a9cfe53c9b61fb8ce2a525e4eed38fa75d132d6dc64699336876,"{""distance"":3,""physical_error_rate"":0.0001}","{""detection_events"":45480,""detectors_checked"":166993920}"
   3688448,         0,         0,   117.8,decoder_by_matrix,36e3cd26fed5ec7649ec51fb08c1a5e7d7f30e615782d954fee045c18a4962ca,"{""distance"":3,""physical_error_rate"":5e-05}","{""detection_events"":26391,""detectors_checked"":199176192}"
   1623040,         1,         0,    61.5,decoder_by_matrix,beec9fd12293a9cfe53c9b61fb8ce2a525e4eed38fa75d132d6dc64699336876,"{""distance"":3,""physical_error_rate"":0.0001}","{""detection_events"":23226,""detectors_checked"":87644160,""obs_mistake_mask=E"":1}"
   3093504,         0,         0,    60.2,decoder_by_matrix,e25b8d07214a8afb95d354611a83b9bb1ded39644e323a8585b3aabf687a4fff,"{""distance"":3,""physical_error_rate"":1e-05}","{""detection_events"":4566,""detectors_checked"":167049216}"
   1447936,        25,         0,    61.1,decoder_by_matrix,5c8c81bfec719079c388cedc47a351f264c1bf769ae28a89f9b4fc7719fea501,"{""distance"":3,""physical_error_rate"":0.0005}","{""detection_events"":105408,""detectors_checked"":78188544,""obs_mistake_mask=E"":25}"
   1932288,         0,         0,    61.1,decoder_by_matrix,36e3cd26fed5ec7649ec51fb08c1a5e7d7f30e615782d954fee045c18a4962ca,"{""distance"":3,""physical_error_rate"":5e-05}","{""detection_events"":14082,""detectors_checked"":104343552}"
   1619968,         2,         0,    61.3,decoder_by_matrix,beec9fd12293a9cfe53c9b61fb8ce2a525e4eed38fa75d132d6dc64699336876,"{""distance"":3,""physical_error_rate"":0.0001}","{""detection_events"":23829,""detectors_checked"":87478272,""obs_mistake_mask=E"":2}"
   1453056,        29,         0,    61.9,decoder_by_matrix,5c8c81bfec719079c388cedc47a351f264c1bf769ae28a89f9b4fc7719fea501,"{""distance"":3,""physical_error_rate"":0.0005}","{""detection_events"":106380,""detectors_checked"":78465024,""obs_mistake_mask=E"":29}"
   1383411,         0,         0,    26.7,decoder_by_matrix,e25b8d07214a8afb95d354611a83b9bb1ded39644e323a8585b3aabf687a4fff,"{""distance"":3,""physical_error_rate"":1e-05}","{""detection_events"":1908,""detectors_checked"":74704194}"
   2446336,         0,         0,    48.5,decoder_by_matrix,e25b8d07214a8afb95d354611a83b9bb1ded39644e323a8585b3aabf687a4fff,"{""distance"":3,""physical_error_rate"":1e-05}","{""detection_events"":3813,""detectors_checked"":132102144}"
   1995253,         0,         0,    39.4,decoder_by_matrix,e25b8d07214a8afb95d354611a83b9bb1ded39644e323a8585b3aabf687a4fff,"{""distance"":3,""physical_error_rate"":1e-05}","{""detection_events"":3012,""detectors_checked"":107743662}"
   1745846,         0,         0,    34.2,decoder_by_matrix,e25b8d07214a8afb95d354611a83b9bb1ded39644e323a8585b3aabf687a4fff,"{""distance"":3,""physical_error_rate"":1e-05}","{""detection_events"":2466,""detectors_checked"":94275684}"
   3691520,         1,         0,   116.3,decoder_by_matrix,36e3cd26fed5ec7649ec51fb08c1a5e7d7f30e615782d954fee045c18a4962ca,"{""distance"":3,""physical_error_rate"":5e-05}","{""detection_events"":26982,""detectors_checked"":199342080,""obs_mistake_mask=E"":1}"
   1527615,         0,         0,    29.6,decoder_by_matrix,e25b8d07214a8afb95d354611a83b9bb1ded39644e323a8585b3aabf687a4fff,"{""distance"":3,""physical_error_rate"":1e-05}","{""detection_events"":2136,""detectors_checked"":82491210}"
   1507328,         0,         0,    30.2,decoder_by_matrix,e25b8d07214a8afb95d354611a83b9bb1ded39644e323a8585b3aabf687a4fff,"{""distance"":3,""physical_error_rate"":1e-05}","{""detection_events"":2328,""detectors_checked"":81395712}"
   1487872,         0,         0,    29.3,decoder_by_matrix,e25b8d07214a8afb95d354611a83b9bb1ded39644e323a8585b3aabf687a4fff,"{""distance"":3,""physical_error_rate"":1e-05}","{""detection_events"":2196,""detectors_checked"":80345088}"
   1336663,         0,         0,    26.4,decoder_by_matrix,e25b8d07214a8afb95d354611a83b9bb1ded39644e323a8585b3aabf687a4fff,"{""distance"":3,""physical_error_rate"":1e-05}","{""detection_events"":1968,""detectors_checked"":72179802}"
    980992,         0,         0,    18.6,decoder_by_matrix,e25b8d07214a8afb95d354611a83b9bb1ded39644e323a8585b3aabf687a4fff,"{""distance"":3,""physical_error_rate"":1e-05}","{""detection_events"":1248,""detectors_checked"":52973568}"
    953344,         0,         0,    19.1,decoder_by_matrix,e25b8d07214a8afb95d354611a83b9bb1ded39644e323a8585b3aabf687a4fff,"{""distance"":3,""physical_error_rate"":1e-05}","{""detection_events"":1290,""detectors_checked"":51480576}"
    257974,         0,         0,    5.09,decoder_by_matrix,e25b8d07214a8afb95d354611a83b9bb1ded39644e323a8585b3aabf687a4fff,"{""distance"":3,""physical_error_rate"":1e-05}","{""detection_events"":384,""detectors_checked"":13930596}"
    521142,         0,         0,    10.4,decoder_by_matrix,e25b8d07214a8afb95d354611a83b9bb1ded39644e323a8585b3aabf687a4fff,"{""distance"":3,""physical_error_rate"":1e-05}","{""detection_events"":696,""detectors_checked"":28141668}"
    504832,         0,         0,    10.2,decoder_by_matrix,e25b8d07214a8afb95d354611a83b9bb1ded39644e323a8585b3aabf687a4fff,"{""distance"":3,""physical_error_rate"":1e-05}","{""detection_events"":729,""detectors_checked"":27260928}"
    455999,         0,         0,    8.69,decoder_by_matrix,e25b8d07214a8afb95d354611a83b9bb1ded39644e323a8585b3aabf687a4fff,"{""distance"":3,""physical_error_rate"":1e-05}","{""detection_events"":636,""detectors_checked"":24623946}"
    431104,         0,         0,    8.67,decoder_by_matrix,e25b8d07214a8afb95d354611a83b9bb1ded39644e323a8585b3aabf687a4fff,"{""distance"":3,""physical_error_rate"":1e-05}","{""detection_events"":693,""detectors_checked"":23279616}"
    335895,         0,         0,    6.64,decoder_by_matrix,e25b8d07214a8afb95d354611a83b9bb1ded39644e323a8585b3aabf687a4fff,"{""distance"":3,""physical_error_rate"":1e-05}","{""detection_events"":462,""detectors_checked"":18138330}"
    283648,         0,         0,    5.70,decoder_by_matrix,e25b8d07214a8afb95d354611a83b9bb1ded39644e323a8585b3aabf687a4fff,"{""distance"":3,""physical_error_rate"":1e-05}","{""detection_events"":435,""detectors_checked"":15316992}"
    328704,         0,         0,    6.30,decoder_by_matrix,e25b8d07214a8afb95d354611a83b9bb1ded39644e323a8585b3aabf687a4fff,"{""distance"":3,""physical_error_rate"":1e-05}","{""detection_events"":438,""detectors_checked"":17750016}"
    327680,         0,         0,    6.57,decoder_by_matrix,e25b8d07214a8afb95d354611a83b9bb1ded39644e323a8585b3aabf687a4fff,"{""distance"":3,""physical_error_rate"":1e-05}","{""detection_events"":525,""detectors_checked"":17694720}"
      8215,         0,         0,   0.072,decoder_by_matrix,e25b8d07214a8afb95d354611a83b9bb1ded39644e323a8585b3aabf687a4fff,"{""distance"":3,""physical_error_rate"":1e-05}","{""detection_events"":24,""detectors_checked"":443610}"
    125952,         0,         0,    2.56,decoder_by_matrix,e25b8d07214a8afb95d354611a83b9bb1ded39644e323a8585b3aabf687a4fff,"{""distance"":3,""physical_error_rate"":1e-05}","{""detection_events"":165,""detectors_checked"":6801408}"
    121489,         0,         0,    2.30,decoder_by_matrix,e25b8d07214a8afb95d354611a83b9bb1ded39644e323a8585b3aabf687a4fff,"{""distance"":3,""physical_error_rate"":1e-05}","{""detection_events"":153,""detectors_checked"":6560406}"
    121489,         0,         0,    2.31,decoder_by_matrix,e25b8d07214a8afb95d354611a83b9bb1ded39644e323a8585b3aabf687a4fff,"{""distance"":3,""physical_error_rate"":1e-05}","{""detection_events"":126,""detectors_checked"":6560406}"
    116736,         0,         0,    2.57,decoder_by_matrix,e25b8d07214a8afb95d354611a83b9bb1ded39644e323a8585b3aabf687a4fff,"{""distance"":3,""physical_error_rate"":1e-05}","{""detection_events"":249,""detectors_checked"":6303744}"
     37524,         0,         0,   0.598,decoder_by_matrix,e25b8d07214a8afb95d354611a83b9bb1ded39644e323a8585b3aabf687a4fff,"{""distance"":3,""physical_error_rate"":1e-05}","{""detection_events"":30,""detectors_checked"":2026296}"
     35683,         0,         0,   0.412,decoder_by_matrix,e25b8d07214a8afb95d354611a83b9bb1ded39644e323a8585b3aabf687a4fff,"{""distance"":3,""physical_error_rate"":1e-05}","{""detection_events"":48,""detectors_checked"":1926882}"
     35058,         0,         0,   0.519,decoder_by_matrix,e25b8d07214a8afb95d354611a83b9bb1ded39644e323a8585b3aabf687a4fff,"{""distance"":3,""physical_error_rate"":1e-05}","{""detection_events"":63,""detectors_checked"":1893132}"
     56091,         0,         0,    1.03,decoder_by_matrix,e25b8d07214a8afb95d354611a83b9bb1ded39644e323a8585b3aabf687a4fff,"{""distance"":3,""physical_error_rate"":1e-05}","{""detection_events"":69,""detectors_checked"":3028914}"
     54272,         0,         0,    1.07,decoder_by_matrix,e25b8d07214a8afb95d354611a83b9bb1ded39644e323a8585b3aabf687a4fff,"{""distance"":3,""physical_error_rate"":1e-05}","{""detection_events"":96,""detectors_checked"":2930688}"
     54272,         0,         0,    1.08,decoder_by_matrix,e25b8d07214a8afb95d354611a83b9bb1ded39644e323a8585b3aabf687a4fff,"{""distance"":3,""physical_error_rate"":1e-05}","{""detection_events"":54,""detectors_checked"":2930688}"
      7698,         0,         0,   0.004,decoder_by_matrix,e25b8d07214a8afb95d354611a83b9bb1ded39644e323a8585b3aabf687a4fff,"{""distance"":3,""physical_error_rate"":1e-05}","{""detectors_checked"":415692}"
     50176,         0,         0,    1.02,decoder_by_matrix,e25b8d07214a8afb95d354611a83b9bb1ded39644e323a8585b3aabf687a4fff,"{""distance"":3,""physical_error_rate"":1e-05}","{""detection_events"":75,""detectors_checked"":2709504}"
      4461,         0,         0,   0.004,decoder_by_matrix,e25b8d07214a8afb95d354611a83b9bb1ded39644e323a8585b3aabf687a4fff,"{""distance"":3,""physical_error_rate"":1e-05}","{""detection_events"":18,""detectors_checked"":240894}"
     38912,         0,         0,   0.763,decoder_by_matrix,e25b8d07214a8afb95d354611a83b9bb1ded39644e323a8585b3aabf687a4fff,"{""distance"":3,""physical_error_rate"":1e-05}","{""detection_events"":75,""detectors_checked"":2101248}"
      1454,         0,         0,   0.001,decoder_by_matrix,e25b8d07214a8afb95d354611a83b9bb1ded39644e323a8585b3aabf687a4fff,"{""distance"":3,""physical_error_rate"":1e-05}","{""detectors_checked"":78516}"
      1325,         0,         0,   0.001,decoder_by_matrix,e25b8d07214a8afb95d354611a83b9bb1ded39644e323a8585b3aabf687a4fff,"{""distance"":3,""physical_error_rate"":1e-05}","{""detectors_checked"":71550}"
     18877,         0,         0,   0.238,decoder_by_matrix,e25b8d07214a8afb95d354611a83b9bb1ded39644e323a8585b3aabf687a4fff,"{""distance"":3,""physical_error_rate"":1e-05}","{""detection_events"":6,""detectors_checked"":1019358}"
     25706,         0,         0,   0.380,decoder_by_matrix,e25b8d07214a8afb95d354611a83b9bb1ded39644e323a8585b3aabf687a4fff,"{""distance"":3,""physical_error_rate"":1e-05}","{""detection_events"":39,""detectors_checked"":1388124}"
      8762,         0,         0,   0.090,decoder_by_matrix,e25b8d07214a8afb95d354611a83b9bb1ded39644e323a8585b3aabf687a4fff,"{""distance"":3,""physical_error_rate"":1e-05}","{""detectors_checked"":473148}"
      3225,         0,         0,   0.002,decoder_by_matrix,e25b8d07214a8afb95d354611a83b9bb1ded39644e323a8585b3aabf687a4fff,"{""distance"":3,""physical_error_rate"":1e-05}","{""detectors_checked"":174150}"
      2525,         0,         0,   0.001,decoder_by_matrix,e25b8d07214a8afb95d354611a83b9bb1ded39644e323a8585b3aabf687a4fff,"{""distance"":3,""physical_error_rate"":1e-05}","{""detectors_checked"":136350}"
      8092,         0,         0,   0.008,decoder_by_matrix,e25b8d07214a8afb95d354611a83b9bb1ded39644e323a8585b3aabf687a4fff,"{""distance"":3,""physical_error_rate"":1e-05}","{""detection_events"":12,""detectors_checked"":436968}"
      6829,         0,         0,   0.015,decoder_by_matrix,e25b8d07214a8afb95d354611a83b9bb1ded39644e323a8585b3aabf687a4fff,"{""distance"":3,""physical_error_rate"":1e-05}","{""detection_events"":18,""detectors_checked"":368766}"
     13212,         0,         0,   0.203,decoder_by_matrix,e25b8d07214a8afb95d354611a83b9bb1ded39644e323a8585b3aabf687a4fff,"{""distance"":3,""physical_error_rate"":1e-05}","{""detection_events"":36,""detectors_checked"":713448}"
     16384,         0,         0,   0.246,decoder_by_matrix,e25b8d07214a8afb95d354611a83b9bb1ded39644e323a8585b3aabf687a4fff,"{""distance"":3,""physical_error_rate"":1e-05}","{""detection_events"":21,""detectors_checked"":884736}"
       714,         0,         0,   0.000,decoder_by_matrix,e25b8d07214a8afb95d354611a83b9bb1ded39644e323a8585b3aabf687a4fff,"{""distance"":3,""physical_error_rate"":1e-05}","{""detectors_checked"":38556}"
       625,         0,         0,   0.000,decoder_by_matrix,e25b8d07214a8afb95d354611a83b9bb1ded39644e323a8585b3aabf687a4fff,"{""distance"":3,""physical_error_rate"":1e-05}","{""detectors_checked"":33750}"
       625,         0,         0,   0.000,decoder_by_matrix,e25b8d07214a8afb95d354611a83b9bb1ded39644e323a8585b3aabf687a4fff,"{""distance"":3,""physical_error_rate"":1e-05}","{""detectors_checked"":33750}"
       625,         0,         0,   0.001,decoder_by_matrix,e25b8d07214a8afb95d354611a83b9bb1ded39644e323a8585b3aabf687a4fff,"{""distance"":3,""physical_error_rate"":1e-05}","{""detection_events"":15,""detectors_checked"":33750}"
       625,         0,         0,   0.000,decoder_by_matrix,e25b8d07214a8afb95d354611a83b9bb1ded39644e323a8585b3aabf687a4fff,"{""distance"":3,""physical_error_rate"":1e-05}","{""detectors_checked"":33750}"
       714,         0,         0,   0.000,decoder_by_matrix,e25b8d07214a8afb95d354611a83b9bb1ded39644e323a8585b3aabf687a4fff,"{""distance"":3,""physical_error_rate"":1e-05}","{""detectors_checked"":38556}"
       714,         0,         0,   0.000,decoder_by_matrix,e25b8d07214a8afb95d354611a83b9bb1ded39644e323a8585b3aabf687a4fff,"{""distance"":3,""physical_error_rate"":1e-05}","{""detectors_checked"":38556}"
       625,         0,         0,   0.000,decoder_by_matrix,e25b8d07214a8afb95d354611a83b9bb1ded39644e323a8585b3aabf687a4fff,"{""distance"":3,""physical_error_rate"":1e-05}","{""detectors_checked"":33750}"
        55,         0,         0,   0.000,decoder_by_matrix,e25b8d07214a8afb95d354611a83b9bb1ded39644e323a8585b3aabf687a4fff,"{""distance"":3,""physical_error_rate"":1e-05}","{""detectors_checked"":2970}"
        55,         0,         0,   0.000,decoder_by_matrix,e25b8d07214a8afb95d354611a83b9bb1ded39644e323a8585b3aabf687a4fff,"{""distance"":3,""physical_error_rate"":1e-05}","{""detectors_checked"":2970}"
        55,         0,         0,   0.000,decoder_by_matrix,e25b8d07214a8afb95d354611a83b9bb1ded39644e323a8585b3aabf687a4fff,"{""distance"":3,""physical_error_rate"":1e-05}","{""detectors_checked"":2970}"
        55,         0,         0,   0.000,decoder_by_matrix,e25b8d07214a8afb95d354611a83b9bb1ded39644e323a8585b3aabf687a4fff,"{""distance"":3,""physical_error_rate"":1e-05}","{""detectors_checked"":2970}"
        55,         0,         0,   0.000,decoder_by_matrix,e25b8d07214a8afb95d354611a83b9bb1ded39644e323a8585b3aabf687a4fff,"{""distance"":3,""physical_error_rate"":1e-05}","{""detectors_checked"":2970}"
        34,         0,         0,   0.000,decoder_by_matrix,e25b8d07214a8afb95d354611a83b9bb1ded39644e323a8585b3aabf687a4fff,"{""distance"":3,""physical_error_rate"":1e-05}","{""detectors_checked"":1836}"
         1,         0,         0,   0.000,decoder_by_matrix,e25b8d07214a8afb95d354611a83b9bb1ded39644e323a8585b3aabf687a4fff,"{""distance"":3,""physical_error_rate"":1e-05}","{""detectors_checked"":54}"
        28,         0,         0,   0.000,decoder_by_matrix,e25b8d07214a8afb95d354611a83b9bb1ded39644e323a8585b3aabf687a4fff,"{""distance"":3,""physical_error_rate"":1e-05}","{""detectors_checked"":1512}"
        13,         0,         0,   0.000,decoder_by_matrix,e25b8d07214a8afb95d354611a83b9bb1ded39644e323a8585b3aabf687a4fff,"{""distance"":3,""physical_error_rate"":1e-05}","{""detectors_checked"":702}"
        34,         0,         0,   0.000,decoder_by_matrix,e25b8d07214a8afb95d354611a83b9bb1ded39644e323a8585b3aabf687a4fff,"{""distance"":3,""physical_error_rate"":1e-05}","{""detectors_checked"":1836}"
        28,         0,         0,   0.000,decoder_by_matrix,e25b8d07214a8afb95d354611a83b9bb1ded39644e323a8585b3aabf687a4fff,"{""distance"":3,""physical_error_rate"":1e-05}","{""detectors_checked"":1512}"
         6,         0,         0,   0.000,decoder_by_matrix,e25b8d07214a8afb95d354611a83b9bb1ded39644e323a8585b3aabf687a4fff,"{""distance"":3,""physical_error_rate"":1e-05}","{""detectors_checked"":324}"
         6,         0,         0,   0.000,decoder_by_matrix,e25b8d07214a8afb95d354611a83b9bb1ded39644e323a8585b3aabf687a4fff,"{""distance"":3,""physical_error_rate"":1e-05}","{""detectors_checked"":324}"
         2,         0,         0,   0.000,decoder_by_matrix,e25b8d07214a8afb95d354611a83b9bb1ded39644e323a8585b3aabf687a4fff,"{""distance"":3,""physical_error_rate"":1e-05}","{""detectors_checked"":108}"
        13,         0,         0,   0.000,decoder_by_matrix,e25b8d07214a8afb95d354611a83b9bb1ded39644e323a8585b3aabf687a4fff,"{""distance"":3,""physical_error_rate"":1e-05}","{""detectors_checked"":702}"
         1,         0,         0,   0.000,decoder_by_matrix,36e3cd26fed5ec7649ec51fb08c1a5e7d7f30e615782d954fee045c18a4962ca,"{""distance"":3,""physical_error_rate"":5e-05}","{""detectors_checked"":54}"
         1,         0,         0,   0.000,decoder_by_matrix,5c8c81bfec719079c388cedc47a351f264c1bf769ae28a89f9b4fc7719fea501,"{""distance"":3,""physical_error_rate"":0.0005}","{""detectors_checked"":54}"
      4368,         0,         0,   0.015,decoder_by_matrix,36e3cd26fed5ec7649ec51fb08c1a5e7d7f30e615782d954fee045c18a4962ca,"{""distance"":3,""physical_error_rate"":5e-05}","{""detection_events"":57,""detectors_checked"":235872}"
         1,         0,         0,   0.000,decoder_by_matrix,36e3cd26fed5ec7649ec51fb08c1a5e7d7f30e615782d954fee045c18a4962ca,"{""distance"":3,""physical_error_rate"":5e-05}","{""detectors_checked"":54}"
         1,         0,         0,   0.000,decoder_by_matrix,5c8c81bfec719079c388cedc47a351f264c1bf769ae28a89f9b4fc7719fea501,"{""distance"":3,""physical_error_rate"":0.0005}","{""detectors_checked"":54}"
         1,         0,         0,   0.000,decoder_by_matrix,36e3cd26fed5ec7649ec51fb08c1a5e7d7f30e615782d954fee045c18a4962ca,"{""distance"":3,""physical_error_rate"":5e-05}","{""detectors_checked"":54}"
         1,         0,         0,   0.000,decoder_by_matrix,beec9fd12293a9cfe53c9b61fb8ce2a525e4eed38fa75d132d6dc64699336876,"{""distance"":3,""physical_error_rate"":0.0001}","{""detectors_checked"":54}"
         1,         0,         0,   0.000,decoder_by_matrix,beec9fd12293a9cfe53c9b61fb8ce2a525e4eed38fa75d132d6dc64699336876,"{""distance"":3,""physical_error_rate"":0.0001}","{""detectors_checked"":54}"
      3344,         0,         0,   0.017,decoder_by_matrix,5c8c81bfec719079c388cedc47a351f264c1bf769ae28a89f9b4fc7719fea501,"{""distance"":3,""physical_error_rate"":0.0005}","{""detection_events"":228,""detectors_checked"":180576}"
         1,         0,         0,   0.000,decoder_by_matrix,beec9fd12293a9cfe53c9b61fb8ce2a525e4eed38fa75d132d6dc64699336876,"{""distance"":3,""physical_error_rate"":0.0001}","{""detectors_checked"":54}"
      4368,         0,         0,   0.029,decoder_by_matrix,36e3cd26fed5ec7649ec51fb08c1a5e7d7f30e615782d954fee045c18a4962ca,"{""distance"":3,""physical_error_rate"":5e-05}","{""detection_events"":33,""detectors_checked"":235872}"
      5392,         0,         0,   0.024,decoder_by_matrix,36e3cd26fed5ec7649ec51fb08c1a5e7d7f30e615782d954fee045c18a4962ca,"{""distance"":3,""physical_error_rate"":5e-05}","{""detection_events"":21,""detectors_checked"":291168}"
      2320,         0,         0,   0.023,decoder_by_matrix,beec9fd12293a9cfe53c9b61fb8ce2a525e4eed38fa75d132d6dc64699336876,"{""distance"":3,""physical_error_rate"":0.0001}","{""detection_events"":51,""detectors_checked"":125280}"
      3344,         0,         0,   0.025,decoder_by_matrix,beec9fd12293a9cfe53c9b61fb8ce2a525e4eed38fa75d132d6dc64699336876,"{""distance"":3,""physical_error_rate"":0.0001}","{""detection_events"":57,""detectors_checked"":180576}"
      3072,         0,         0,   0.025,decoder_by_matrix,5c8c81bfec719079c388cedc47a351f264c1bf769ae28a89f9b4fc7719fea501,"{""distance"":3,""physical_error_rate"":0.0005}","{""detection_events"":264,""detectors_checked"":165888}"
      3344,         0,         0,   0.026,decoder_by_matrix,beec9fd12293a9cfe53c9b61fb8ce2a525e4eed38fa75d132d6dc64699336876,"{""distance"":3,""physical_error_rate"":0.0001}","{""detection_events"":39,""detectors_checked"":180576}"
      3072,         0,         0,   0.003,decoder_by_matrix,36e3cd26fed5ec7649ec51fb08c1a5e7d7f30e615782d954fee045c18a4962ca,"{""distance"":3,""physical_error_rate"":5e-05}","{""detection_events"":21,""detectors_checked"":165888}"
      5120,         0,         0,   0.027,decoder_by_matrix,36e3cd26fed5ec7649ec51fb08c1a5e7d7f30e615782d954fee045c18a4962ca,"{""distance"":3,""physical_error_rate"":5e-05}","{""detection_events"":45,""detectors_checked"":276480}"
      3072,         0,         0,   0.027,decoder_by_matrix,beec9fd12293a9cfe53c9b61fb8ce2a525e4eed38fa75d132d6dc64699336876,"{""distance"":3,""physical_error_rate"":0.0001}","{""detection_events"":63,""detectors_checked"":165888}"
      3072,         0,         0,   0.026,decoder_by_matrix,beec9fd12293a9cfe53c9b61fb8ce2a525e4eed38fa75d132d6dc64699336876,"{""distance"":3,""physical_error_rate"":0.0001}","{""detection_events"":36,""detectors_checked"":165888}"
      7440,         0,         0,   0.176,decoder_by_matrix,5c8c81bfec719079c388cedc47a351f264c1bf769ae28a89f9b4fc7719fea501,"{""distance"":3,""physical_error_rate"":0.0005}","{""detection_events"":606,""detectors_checked"":401760}"
      3072,         0,         0,   0.046,decoder_by_matrix,5c8c81bfec719079c388cedc47a351f264c1bf769ae28a89f9b4fc7719fea501,"{""distance"":3,""physical_error_rate"":0.0005}","{""detection_events"":243,""detectors_checked"":165888}"
      3072,         0,         0,   0.041,decoder_by_matrix,36e3cd26fed5ec7649ec51fb08c1a5e7d7f30e615782d954fee045c18a4962ca,"{""distance"":3,""physical_error_rate"":5e-05}","{""detection_events"":21,""detectors_checked"":165888}"
      3072,         0,         0,   0.004,decoder_by_matrix,beec9fd12293a9cfe53c9b61fb8ce2a525e4eed38fa75d132d6dc64699336876,"{""distance"":3,""physical_error_rate"":0.0001}","{""detection_events"":60,""detectors_checked"":165888}"
      4096,         0,         0,   0.049,decoder_by_matrix,36e3cd26fed5ec7649ec51fb08c1a5e7d7f30e615782d954fee045c18a4962ca,"{""distance"":3,""physical_error_rate"":5e-05}","{""detection_events"":30,""detectors_checked"":221184}"
      3072,         0,         0,   0.069,decoder_by_matrix,beec9fd12293a9cfe53c9b61fb8ce2a525e4eed38fa75d132d6dc64699336876,"{""distance"":3,""physical_error_rate"":0.0001}","{""detection_events"":66,""detectors_checked"":165888}"
      8192,         0,         0,   0.258,decoder_by_matrix,36e3cd26fed5ec7649ec51fb08c1a5e7d7f30e615782d954fee045c18a4962ca,"{""distance"":3,""physical_error_rate"":5e-05}","{""detection_events"":48,""detectors_checked"":442368}"
      4096,         0,         0,   0.107,decoder_by_matrix,beec9fd12293a9cfe53c9b61fb8ce2a525e4eed38fa75d132d6dc64699336876,"{""distance"":3,""physical_error_rate"":0.0001}","{""detection_events"":69,""detectors_checked"":221184}"
      3072,         0,         0,   0.118,decoder_by_matrix,5c8c81bfec719079c388cedc47a351f264c1bf769ae28a89f9b4fc7719fea501,"{""distance"":3,""physical_error_rate"":0.0005}","{""detection_events"":165,""detectors_checked"":165888}"
      4096,         0,         0,   0.004,decoder_by_matrix,36e3cd26fed5ec7649ec51fb08c1a5e7d7f30e615782d954fee045c18a4962ca,"{""distance"":3,""physical_error_rate"":5e-05}","{""detection_events"":18,""detectors_checked"":221184}"
      3072,         0,         0,   0.150,decoder_by_matrix,5c8c81bfec719079c388cedc47a351f264c1bf769ae28a89f9b4fc7719fea501,"{""distance"":3,""physical_error_rate"":0.0005}","{""detection_events"":300,""detectors_checked"":165888}"
      3072,         0,         0,   0.126,decoder_by_matrix,beec9fd12293a9cfe53c9b61fb8ce2a525e4eed38fa75d132d6dc64699336876,"{""distance"":3,""physical_error_rate"":0.0001}","{""detection_events"":39,""detectors_checked"":165888}"
      6144,         0,         0,   0.126,decoder_by_matrix,36e3cd26fed5ec7649ec51fb08c1a5e7d7f30e615782d954fee045c18a4962ca,"{""distance"":3,""physical_error_rate"":5e-05}","{""detection_events"":18,""detectors_checked"":331776}"
      3072,         0,         0,   0.130,decoder_by_matrix,beec9fd12293a9cfe53c9b61fb8ce2a525e4eed38fa75d132d6dc64699336876,"{""distance"":3,""physical_error_rate"":0.0001}","{""detection_events"":54,""detectors_checked"":165888}"
      3072,         0,         0,   0.130,decoder_by_matrix,36e3cd26fed5ec7649ec51fb08c1a5e7d7f30e615782d954fee045c18a4962ca,"{""distance"":3,""physical_error_rate"":5e-05}","{""detection_events"":30,""detectors_checked"":165888}"
      4096,         0,         0,   0.154,decoder_by_matrix,beec9fd12293a9cfe53c9b61fb8ce2a525e4eed38fa75d132d6dc64699336876,"{""distance"":3,""physical_error_rate"":0.0001}","{""detection_events"":60,""detectors_checked"":221184}"
      3072,         0,         0,   0.130,decoder_by_matrix,5c8c81bfec719079c388cedc47a351f264c1bf769ae28a89f9b4fc7719fea501,"{""distance"":3,""physical_error_rate"":0.0005}","{""detection_events"":165,""detectors_checked"":165888}"
      2048,         0,         0,   0.129,decoder_by_matrix,36e3cd26fed5ec7649ec51fb08c1a5e7d7f30e615782d954fee045c18a4962ca,"{""distance"":3,""physical_error_rate"":5e-05}","{""detection_events"":18,""detectors_checked"":110592}"
      3072,         0,         0,   0.126,decoder_by_matrix,5c8c81bfec719079c388cedc47a351f264c1bf769ae28a89f9b4fc7719fea501,"{""distance"":3,""physical_error_rate"":0.0005}","{""detection_events"":324,""detectors_checked"":165888}"
      5120,         0,         0,   0.131,decoder_by_matrix,beec9fd12293a9cfe53c9b61fb8ce2a525e4eed38fa75d132d6dc64699336876,"{""distance"":3,""physical_error_rate"":0.0001}","{""detection_events"":36,""detectors_checked"":276480}"
      4096,         0,         0,   0.130,decoder_by_matrix,36e3cd26fed5ec7649ec51fb08c1a5e7d7f30e615782d954fee045c18a4962ca,"{""distance"":3,""physical_error_rate"":5e-05}","{""detection_events"":15,""detectors_checked"":221184}"
      3072,         0,         0,   0.130,decoder_by_matrix,beec9fd12293a9cfe53c9b61fb8ce2a525e4eed38fa75d132d6dc64699336876,"{""distance"":3,""physical_error_rate"":0.0001}","{""detection_events"":36,""detectors_checked"":165888}"
      4096,         0,         0,   0.004,decoder_by_matrix,36e3cd26fed5ec7649ec51fb08c1a5e7d7f30e615782d954fee045c18a4962ca,"{""distance"":3,""physical_error_rate"":5e-05}","{""detection_events"":45,""detectors_checked"":221184}"
      3072,         0,         0,   0.129,decoder_by_matrix,beec9fd12293a9cfe53c9b61fb8ce2a525e4eed38fa75d132d6dc64699336876,"{""distance"":3,""physical_error_rate"":0.0001}","{""detection_events"":39,""detectors_checked"":165888}"
      3072,         0,         0,   0.129,decoder_by_matrix,5c8c81bfec719079c388cedc47a351f264c1bf769ae28a89f9b4fc7719fea501,"{""distance"":3,""physical_error_rate"":0.0005}","{""detection_events"":162,""detectors_checked"":165888}"
      4096,         0,         0,   0.129,decoder_by_matrix,36e3cd26fed5ec7649ec51fb08c1a5e7d7f30e615782d954fee045c18a4962ca,"{""distance"":3,""physical_error_rate"":5e-05}","{""detection_events"":51,""detectors_checked"":221184}"
      3072,         0,         0,   0.129,decoder_by_matrix,5c8c81bfec719079c388cedc47a351f264c1bf769ae28a89f9b4fc7719fea501,"{""distance"":3,""physical_error_rate"":0.0005}","{""detection_events"":153,""detectors_checked"":165888}"
      2048,         0,         0,   0.003,decoder_by_matrix,beec9fd12293a9cfe53c9b61fb8ce2a525e4eed38fa75d132d6dc64699336876,"{""distance"":3,""physical_error_rate"":0.0001}","{""detection_events"":33,""detectors_checked"":110592}"
      3072,         0,         0,   0.129,decoder_by_matrix,36e3cd26fed5ec7649ec51fb08c1a5e7d7f30e615782d954fee045c18a4962ca,"{""distance"":3,""physical_error_rate"":5e-05}","{""detection_events"":30,""detectors_checked"":165888}"
      3072,         0,         0,   0.129,decoder_by_matrix,beec9fd12293a9cfe53c9b61fb8ce2a525e4eed38fa75d132d6dc64699336876,"{""distance"":3,""physical_error_rate"":0.0001}","{""detection_events"":36,""detectors_checked"":165888}"
      4096,         0,         0,   0.125,decoder_by_matrix,36e3cd26fed5ec7649ec51fb08c1a5e7d7f30e615782d954fee045c18a4962ca,"{""distance"":3,""physical_error_rate"":5e-05}","{""detection_events"":21,""detectors_checked"":221184}"
      3072,         0,         0,   0.129,decoder_by_matrix,beec9fd12293a9cfe53c9b61fb8ce2a525e4eed38fa75d132d6dc64699336876,"{""distance"":3,""physical_error_rate"":0.0001}","{""detection_events"":51,""detectors_checked"":165888}"
      3072,         0,         0,   0.129,decoder_by_matrix,5c8c81bfec719079c388cedc47a351f264c1bf769ae28a89f9b4fc7719fea501,"{""distance"":3,""physical_error_rate"":0.0005}","{""detection_events"":228,""detectors_checked"":165888}"
      4096,         0,         0,   0.129,decoder_by_matrix,36e3cd26fed5ec7649ec51fb08c1a5e7d7f30e615782d954fee045c18a4962ca,"{""distance"":3,""physical_error_rate"":5e-05}","{""detection_events"":33,""detectors_checked"":221184}"
      2048,         0,         0,   0.128,decoder_by_matrix,5c8c81bfec719079c388cedc47a351f264c1bf769ae28a89f9b4fc7719fea501,"{""distance"":3,""physical_error_rate"":0.0005}","{""detection_events"":180,""detectors_checked"":110592}"
      3072,         0,         0,   0.129,decoder_by_matrix,beec9fd12293a9cfe53c9b61fb8ce2a525e4eed38fa75d132d6dc64699336876,"{""distance"":3,""physical_error_rate"":0.0001}","{""detection_events"":54,""detectors_checked"":165888}"
      3072,         0,         0,   0.129,decoder_by_matrix,36e3cd26fed5ec7649ec51fb08c1a5e7d7f30e615782d954fee045c18a4962ca,"{""distance"":3,""physical_error_rate"":5e-05}","{""detection_events"":36,""detectors_checked"":165888}"
      3072,         0,         0,   0.122,decoder_by_matrix,beec9fd12293a9cfe53c9b61fb8ce2a525e4eed38fa75d132d6dc64699336876,"{""distance"":3,""physical_error_rate"":0.0001}","{""detection_events"":69,""detectors_checked"":165888}"
      4096,         0,         0,   0.129,decoder_by_matrix,36e3cd26fed5ec7649ec51fb08c1a5e7d7f30e615782d954fee045c18a4962ca,"{""distance"":3,""physical_error_rate"":5e-05}","{""detection_events"":48,""detectors_checked"":221184}"
      4096,         0,         0,   0.130,decoder_by_matrix,beec9fd12293a9cfe53c9b61fb8ce2a525e4eed38fa75d132d6dc64699336876,"{""distance"":3,""physical_error_rate"":0.0001}","{""detection_events"":54,""detectors_checked"":221184}"
      3072,         0,         0,   0.130,decoder_by_matrix,5c8c81bfec719079c388cedc47a351f264c1bf769ae28a89f9b4fc7719fea501,"{""distance"":3,""physical_error_rate"":0.0005}","{""detection_events"":198,""detectors_checked"":165888}"
      3072,         0,         0,   0.130,decoder_by_matrix,beec9fd12293a9cfe53c9b61fb8ce2a525e4eed38fa75d132d6dc64699336876,"{""distance"":3,""physical_error_rate"":0.0001}","{""detection_events"":84,""detectors_checked"":165888}"
      4096,         0,         0,   0.140,decoder_by_matrix,36e3cd26fed5ec7649ec51fb08c1a5e7d7f30e615782d954fee045c18a4962ca,"{""distance"":3,""physical_error_rate"":5e-05}","{""detection_events"":30,""detectors_checked"":221184}"
      5120,         1,         0,   0.258,decoder_by_matrix,5c8c81bfec719079c388cedc47a351f264c1bf769ae28a89f9b4fc7719fea501,"{""distance"":3,""physical_error_rate"":0.0005}","{""detection_events"":417,""detectors_checked"":276480,""obs_mistake_mask=E"":1}"
      9216,         0,         0,   0.258,decoder_by_matrix,36e3cd26fed5ec7649ec51fb08c1a5e7d7f30e615782d954fee045c18a4962ca,"{""distance"":3,""physical_error_rate"":5e-05}","{""detection_events"":27,""detectors_checked"":497664}"
      3072,         0,         0,   0.129,decoder_by_matrix,5c8c81bfec719079c388cedc47a351f264c1bf769ae28a89f9b4fc7719fea501,"{""distance"":3,""physical_error_rate"":0.0005}","{""detection_events"":273,""detectors_checked"":165888}"
      7168,         0,         0,   0.258,decoder_by_matrix,36e3cd26fed5ec7649ec51fb08c1a5e7d7f30e615782d954fee045c18a4962ca,"{""distance"":3,""physical_error_rate"":5e-05}","{""detection_events"":42,""detectors_checked"":387072}"
      5120,         0,         0,   0.265,decoder_by_matrix,beec9fd12293a9cfe53c9b61fb8ce2a525e4eed38fa75d132d6dc64699336876,"{""distance"":3,""physical_error_rate"":0.0001}","{""detection_events"":84,""detectors_checked"":276480}"
      6144,         0,         0,   0.253,decoder_by_matrix,beec9fd12293a9cfe53c9b61fb8ce2a525e4eed38fa75d132d6dc64699336876,"{""distance"":3,""physical_error_rate"":0.0001}","{""detection_events"":96,""detectors_checked"":331776}"
      3072,         0,         0,   0.173,decoder_by_matrix,36e3cd26fed5ec7649ec51fb08c1a5e7d7f30e615782d954fee045c18a4962ca,"{""distance"":3,""physical_error_rate"":5e-05}","{""detection_events"":18,""detectors_checked"":165888}"
      6144,         0,         0,   0.258,decoder_by_matrix,beec9fd12293a9cfe53c9b61fb8ce2a525e4eed38fa75d132d6dc64699336876,"{""distance"":3,""physical_error_rate"":0.0001}","{""detection_events"":126,""detectors_checked"":331776}"
      6144,         1,         0,   0.249,decoder_by_matrix,5c8c81bfec719079c388cedc47a351f264c1bf769ae28a89f9b4fc7719fea501,"{""distance"":3,""physical_error_rate"":0.0005}","{""detection_events"":453,""detectors_checked"":331776,""obs_mistake_mask=E"":1}"
      6144,         0,         0,   0.247,decoder_by_matrix,36e3cd26fed5ec7649ec51fb08c1a5e7d7f30e615782d954fee045c18a4962ca,"{""distance"":3,""physical_error_rate"":5e-05}","{""detection_events"":54,""detectors_checked"":331776}"
      7168,         0,         0,   0.242,decoder_by_matrix,36e3cd26fed5ec7649ec51fb08c1a5e7d7f30e615782d954fee045c18a4962ca,"{""distance"":3,""physical_error_rate"":5e-05}","{""detection_events"":57,""detectors_checked"":387072}"
      6144,         0,         0,   0.278,decoder_by_matrix,5c8c81bfec719079c388cedc47a351f264c1bf769ae28a89f9b4fc7719fea501,"{""distance"":3,""physical_error_rate"":0.0005}","{""detection_events"":474,""detectors_checked"":331776}"
      6144,         0,         0,   0.251,decoder_by_matrix,beec9fd12293a9cfe53c9b61fb8ce2a525e4eed38fa75d132d6dc64699336876,"{""distance"":3,""physical_error_rate"":0.0001}","{""detection_events"":96,""detectors_checked"":331776}"
      7168,         0,         0,   0.246,decoder_by_matrix,beec9fd12293a9cfe53c9b61fb8ce2a525e4eed38fa75d132d6dc64699336876,"{""distance"":3,""physical_error_rate"":0.0001}","{""detection_events"":72,""detectors_checked"":387072}"
      7168,         0,         0,   0.286,decoder_by_matrix,beec9fd12293a9cfe53c9b61fb8ce2a525e4eed38fa75d132d6dc64699336876,"{""distance"":3,""physical_error_rate"":0.0001}","{""detection_events"":102,""detectors_checked"":387072}"
      7168,         0,         0,   0.278,decoder_by_matrix,36e3cd26fed5ec7649ec51fb08c1a5e7d7f30e615782d954fee045c18a4962ca,"{""distance"":3,""physical_error_rate"":5e-05}","{""detection_events"":63,""detectors_checked"":387072}"
      6144,         0,         0,   0.256,decoder_by_matrix,5c8c81bfec719079c388cedc47a351f264c1bf769ae28a89f9b4fc7719fea501,"{""distance"":3,""physical_error_rate"":0.0005}","{""detection_events"":360,""detectors_checked"":331776}"
      7168,         0,         0,   0.327,decoder_by_matrix,5c8c81bfec719079c388cedc47a351f264c1bf769ae28a89f9b4fc7719fea501,"{""distance"":3,""physical_error_rate"":0.0005}","{""detection_events"":522,""detectors_checked"":387072}"
     13312,         0,         0,   0.265,decoder_by_matrix,36e3cd26fed5ec7649ec51fb08c1a5e7d7f30e615782d954fee045c18a4962ca,"{""distance"":3,""physical_error_rate"":5e-05}","{""detection_events"":96,""detectors_checked"":718848}"
     13312,         0,         0,   0.386,decoder_by_matrix,36e3cd26fed5ec7649ec51fb08c1a5e7d7f30e615782d954fee045c18a4962ca,"{""distance"":3,""physical_error_rate"":5e-05}","{""detection_events"":84,""detectors_checked"":718848}"
      9216,         0,         0,   0.382,decoder_by_matrix,beec9fd12293a9cfe53c9b61fb8ce2a525e4eed38fa75d132d6dc64699336876,"{""distance"":3,""physical_error_rate"":0.0001}","{""detection_events"":186,""detectors_checked"":497664}"
      9216,         0,         0,   0.371,decoder_by_matrix,beec9fd12293a9cfe53c9b61fb8ce2a525e4eed38fa75d132d6dc64699336876,"{""distance"":3,""physical_error_rate"":0.0001}","{""detection_events"":171,""detectors_checked"":497664}"
      8192,         0,         0,   0.382,decoder_by_matrix,beec9fd12293a9cfe53c9b61fb8ce2a525e4eed38fa75d132d6dc64699336876,"{""distance"":3,""physical_error_rate"":0.0001}","{""detection_events"":111,""detectors_checked"":442368}"
     11264,         0,         0,   0.258,decoder_by_matrix,36e3cd26fed5ec7649ec51fb08c1a5e7d7f30e615782d954fee045c18a4962ca,"{""distance"":3,""physical_error_rate"":5e-05}","{""detection_events"":90,""detectors_checked"":608256}"
      6144,         0,         0,   0.297,decoder_by_matrix,5c8c81bfec719079c388cedc47a351f264c1bf769ae28a89f9b4fc7719fea501,"{""distance"":3,""physical_error_rate"":0.0005}","{""detection_events"":417,""detectors_checked"":331776}"
     11264,         0,         0,   0.508,decoder_by_matrix,5c8c81bfec719079c388cedc47a351f264c1bf769ae28a89f9b4fc7719fea501,"{""distance"":3,""physical_error_rate"":0.0005}","{""detection_events"":813,""detectors_checked"":608256}"
     16384,         0,         0,   0.516,decoder_by_matrix,36e3cd26fed5ec7649ec51fb08c1a5e7d7f30e615782d954fee045c18a4962ca,"{""distance"":3,""physical_error_rate"":5e-05}","{""detection_events"":132,""detectors_checked"":884736}"
     10240,         0,         0,   0.407,decoder_by_matrix,beec9fd12293a9cfe53c9b61fb8ce2a525e4eed38fa75d132d6dc64699336876,"{""distance"":3,""physical_error_rate"":0.0001}","{""detection_events"":180,""detectors_checked"":552960}"
     15360,         0,         0,   0.521,decoder_by_matrix,36e3cd26fed5ec7649ec51fb08c1a5e7d7f30e615782d954fee045c18a4962ca,"{""distance"":3,""physical_error_rate"":5e-05}","{""detection_events"":159,""detectors_checked"":829440}"
     12288,         0,         0,   0.516,decoder_by_matrix,beec9fd12293a9cfe53c9b61fb8ce2a525e4eed38fa75d132d6dc64699336876,"{""distance"":3,""physical_error_rate"":0.0001}","{""detection_events"":261,""detectors_checked"":663552}"
     14336,         0,         0,   0.500,decoder_by_matrix,beec9fd12293a9cfe53c9b61fb8ce2a525e4eed38fa75d132d6dc64699336876,"{""distance"":3,""physical_error_rate"":0.0001}","{""detection_events"":285,""detectors_checked"":774144}"
     15360,         0,         0,   0.510,decoder_by_matrix,36e3cd26fed5ec7649ec51fb08c1a5e7d7f30e615782d954fee045c18a4962ca,"{""distance"":3,""physical_error_rate"":5e-05}","{""detection_events"":81,""detectors_checked"":829440}"
     12288,         0,         0,   0.512,decoder_by_matrix,5c8c81bfec719079c388cedc47a351f264c1bf769ae28a89f9b4fc7719fea501,"{""distance"":3,""physical_error_rate"":0.0005}","{""detection_events"":1035,""detectors_checked"":663552}"
     14336,         0,         0,   0.623,decoder_by_matrix,5c8c81bfec719079c388cedc47a351f264c1bf769ae28a89f9b4fc7719fea501,"{""distance"":3,""physical_error_rate"":0.0005}","{""detection_events"":969,""detectors_checked"":774144}"
     15360,         0,         0,   0.635,decoder_by_matrix,beec9fd12293a9cfe53c9b61fb8ce2a525e4eed38fa75d132d6dc64699336876,"{""distance"":3,""physical_error_rate"":0.0001}","{""detection_events"":192,""detectors_checked"":829440}"
     19456,         0,         0,   0.634,decoder_by_matrix,36e3cd26fed5ec7649ec51fb08c1a5e7d7f30e615782d954fee045c18a4962ca,"{""distance"":3,""physical_error_rate"":5e-05}","{""detection_events"":96,""detectors_checked"":1050624}"
     20480,         0,         0,   0.651,decoder_by_matrix,36e3cd26fed5ec7649ec51fb08c1a5e7d7f30e615782d954fee045c18a4962ca,"{""distance"":3,""physical_error_rate"":5e-05}","{""detection_events"":114,""detectors_checked"":1105920}"
     17408,         0,         0,   0.643,decoder_by_matrix,beec9fd12293a9cfe53c9b61fb8ce2a525e4eed38fa75d132d6dc64699336876,"{""distance"":3,""physical_error_rate"":0.0001}","{""detection_events"":246,""detectors_checked"":940032}"
     15360,         0,         0,   0.497,decoder_by_matrix,beec9fd12293a9cfe53c9b61fb8ce2a525e4eed38fa75d132d6dc64699336876,"{""distance"":3,""physical_error_rate"":0.0001}","{""detection_events"":189,""detectors_checked"":829440}"
     17408,         0,         0,   0.640,decoder_by_matrix,36e3cd26fed5ec7649ec51fb08c1a5e7d7f30e615782d954fee045c18a4962ca,"{""distance"":3,""physical_error_rate"":5e-05}","{""detection_events"":135,""detectors_checked"":940032}"
     14336,         0,         0,   0.641,decoder_by_matrix,5c8c81bfec719079c388cedc47a351f264c1bf769ae28a89f9b4fc7719fea501,"{""distance"":3,""physical_error_rate"":0.0005}","{""detection_events"":1041,""detectors_checked"":774144}"
     20480,         1,         0,   0.889,decoder_by_matrix,5c8c81bfec719079c388cedc47a351f264c1bf769ae28a89f9b4fc7719fea501,"{""distance"":3,""physical_error_rate"":0.0005}","{""detection_events"":1347,""detectors_checked"":1105920,""obs_mistake_mask=E"":1}"
     22528,         0,         0,   0.896,decoder_by_matrix,beec9fd12293a9cfe53c9b61fb8ce2a525e4eed38fa75d132d6dc64699336876,"{""distance"":3,""physical_error_rate"":0.0001}","{""detection_events"":438,""detectors_checked"":1216512}"
     28672,         0,         0,   0.897,decoder_by_matrix,36e3cd26fed5ec7649ec51fb08c1a5e7d7f30e615782d954fee045c18a4962ca,"{""distance"":3,""physical_error_rate"":5e-05}","{""detection_events"":192,""detectors_checked"":1548288}"
     28672,         0,         0,   0.774,decoder_by_matrix,36e3cd26fed5ec7649ec51fb08c1a5e7d7f30e615782d954fee045c18a4962ca,"{""distance"":3,""physical_error_rate"":5e-05}","{""detection_events"":198,""detectors_checked"":1548288}"
     21504,         0,         0,   0.890,decoder_by_matrix,beec9fd12293a9cfe53c9b61fb8ce2a525e4eed38fa75d132d6dc64699336876,"{""distance"":3,""physical_error_rate"":0.0001}","{""detection_events"":354,""detectors_checked"":1161216}"
     23552,         0,         0,   0.793,decoder_by_matrix,36e3cd26fed5ec7649ec51fb08c1a5e7d7f30e615782d954fee045c18a4962ca,"{""distance"":3,""physical_error_rate"":5e-05}","{""detection_events"":216,""detectors_checked"":1271808}"
     22528,         0,         0,   0.888,decoder_by_matrix,beec9fd12293a9cfe53c9b61fb8ce2a525e4eed38fa75d132d6dc64699336876,"{""distance"":3,""physical_error_rate"":0.0001}","{""detection_events"":444,""detectors_checked"":1216512}"
     20480,         1,         0,   0.897,decoder_by_matrix,5c8c81bfec719079c388cedc47a351f264c1bf769ae28a89f9b4fc7719fea501,"{""distance"":3,""physical_error_rate"":0.0005}","{""detection_events"":1473,""detectors_checked"":1105920,""obs_mistake_mask=E"":1}"
     26624,         2,         0,    1.14,decoder_by_matrix,5c8c81bfec719079c388cedc47a351f264c1bf769ae28a89f9b4fc7719fea501,"{""distance"":3,""physical_error_rate"":0.0005}","{""detection_events"":1914,""detectors_checked"":1437696,""obs_mistake_mask=E"":2}"
     38912,         0,         0,    1.15,decoder_by_matrix,36e3cd26fed5ec7649ec51fb08c1a5e7d7f30e615782d954fee045c18a4962ca,"{""distance"":3,""physical_error_rate"":5e-05}","{""detection_events"":204,""detectors_checked"":2101248}"
     30720,         0,         0,    1.17,decoder_by_matrix,beec9fd12293a9cfe53c9b61fb8ce2a525e4eed38fa75d132d6dc64699336876,"{""distance"":3,""physical_error_rate"":0.0001}","{""detection_events"":297,""detectors_checked"":1658880}"
     35840,         0,         0,    1.18,decoder_by_matrix,36e3cd26fed5ec7649ec51fb08c1a5e7d7f30e615782d954fee045c18a4962ca,"{""distance"":3,""physical_error_rate"":5e-05}","{""detection_events"":180,""detectors_checked"":1935360}"
     28672,         0,         0,    1.16,decoder_by_matrix,beec9fd12293a9cfe53c9b61fb8ce2a525e4eed38fa75d132d6dc64699336876,"{""distance"":3,""physical_error_rate"":0.0001}","{""detection_events"":471,""detectors_checked"":1548288}"
     32768,         0,         0,    1.03,decoder_by_matrix,36e3cd26fed5ec7649ec51fb08c1a5e7d7f30e615782d954fee045c18a4962ca,"{""distance"":3,""physical_error_rate"":5e-05}","{""detection_events"":240,""detectors_checked"":1769472}"
     29696,         0,         0,    1.04,decoder_by_matrix,beec9fd12293a9cfe53c9b61fb8ce2a525e4eed38fa75d132d6dc64699336876,"{""distance"":3,""physical_error_rate"":0.0001}","{""detection_events"":420,""detectors_checked"":1603584}"
     26624,         2,         0,    1.17,decoder_by_matrix,5c8c81bfec719079c388cedc47a351f264c1bf769ae28a89f9b4fc7719fea501,"{""distance"":3,""physical_error_rate"":0.0005}","{""detection_events"":1962,""detectors_checked"":1437696,""obs_mistake_mask=E"":2}"
     37888,         1,         0,    1.64,decoder_by_matrix,5c8c81bfec719079c388cedc47a351f264c1bf769ae28a89f9b4fc7719fea501,"{""distance"":3,""physical_error_rate"":0.0005}","{""detection_events"":3000,""detectors_checked"":2045952,""obs_mistake_mask=E"":1}"
     51200,         0,         0,    1.59,decoder_by_matrix,36e3cd26fed5ec7649ec51fb08c1a5e7d7f30e615782d954fee045c18a4962ca,"{""distance"":3,""physical_error_rate"":5e-05}","{""detection_events"":327,""detectors_checked"":2764800}"
     44032,         0,         0,    1.54,decoder_by_matrix,beec9fd12293a9cfe53c9b61fb8ce2a525e4eed38fa75d132d6dc64699336876,"{""distance"":3,""physical_error_rate"":0.0001}","{""detection_events"":513,""detectors_checked"":2377728}"
     51200,         0,         0,    1.54,decoder_by_matrix,36e3cd26fed5ec7649ec51fb08c1a5e7d7f30e615782d954fee045c18a4962ca,"{""distance"":3,""physical_error_rate"":5e-05}","{""detection_events"":408,""detectors_checked"":2764800}"
     44032,         0,         0,    1.67,decoder_by_matrix,beec9fd12293a9cfe53c9b61fb8ce2a525e4eed38fa75d132d6dc64699336876,"{""distance"":3,""physical_error_rate"":0.0001}","{""detection_events"":666,""detectors_checked"":2377728}"
     47104,         0,         0,    1.67,decoder_by_matrix,36e3cd26fed5ec7649ec51fb08c1a5e7d7f30e615782d954fee045c18a4962ca,"{""distance"":3,""physical_error_rate"":5e-05}","{""detection_events"":408,""detectors_checked"":2543616}"
     43008,         0,         0,    1.42,decoder_by_matrix,beec9fd12293a9cfe53c9b61fb8ce2a525e4eed38fa75d132d6dc64699336876,"{""distance"":3,""physical_error_rate"":0.0001}","{""detection_events"":726,""detectors_checked"":2322432}"
     35840,         0,         0,    1.57,decoder_by_matrix,5c8c81bfec719079c388cedc47a351f264c1bf769ae28a89f9b4fc7719fea501,"{""distance"":3,""physical_error_rate"":0.0005}","{""detection_events"":2655,""detectors_checked"":1935360}"
     52224,         1,         0,    2.18,decoder_by_matrix,5c8c81bfec719079c388cedc47a351f264c1bf769ae28a89f9b4fc7719fea501,"{""distance"":3,""physical_error_rate"":0.0005}","{""detection_events"":3363,""detectors_checked"":2820096,""obs_mistake_mask=E"":1}"
     72704,         0,         0,    2.17,decoder_by_matrix,36e3cd26fed5ec7649ec51fb08c1a5e7d7f30e615782d954fee045c18a4962ca,"{""distance"":3,""physical_error_rate"":5e-05}","{""detection_events"":540,""detectors_checked"":3926016}"
     58368,         0,         0,    2.26,decoder_by_matrix,beec9fd12293a9cfe53c9b61fb8ce2a525e4eed38fa75d132d6dc64699336876,"{""distance"":3,""physical_error_rate"":0.0001}","{""detection_events"":894,""detectors_checked"":3151872}"
     61440,         0,         0,    2.05,decoder_by_matrix,beec9fd12293a9cfe53c9b61fb8ce2a525e4eed38fa75d132d6dc64699336876,"{""distance"":3,""physical_error_rate"":0.0001}","{""detection_events"":855,""detectors_checked"":3317760}"
     69632,         0,         0,    2.30,decoder_by_matrix,36e3cd26fed5ec7649ec51fb08c1a5e7d7f30e615782d954fee045c18a4962ca,"{""distance"":3,""physical_error_rate"":5e-05}","{""detection_events"":477,""detectors_checked"":3760128}"
     78848,         0,         0,    2.29,decoder_by_matrix,36e3cd26fed5ec7649ec51fb08c1a5e7d7f30e615782d954fee045c18a4962ca,"{""distance"":3,""physical_error_rate"":5e-05}","{""detection_events"":396,""detectors_checked"":4257792}"
     61440,         0,         0,    2.30,decoder_by_matrix,beec9fd12293a9cfe53c9b61fb8ce2a525e4eed38fa75d132d6dc64699336876,"{""distance"":3,""physical_error_rate"":0.0001}","{""detection_events"":858,""detectors_checked"":3317760}"
     52224,         0,         0,    2.17,decoder_by_matrix,5c8c81bfec719079c388cedc47a351f264c1bf769ae28a89f9b4fc7719fea501,"{""distance"":3,""physical_error_rate"":0.0005}","{""detection_events"":3639,""detectors_checked"":2820096}"
     71680,         0,         0,    3.15,decoder_by_matrix,5c8c81bfec719079c388cedc47a351f264c1bf769ae28a89f9b4fc7719fea501,"{""distance"":3,""physical_error_rate"":0.0005}","{""detection_events"":5418,""detectors_checked"":3870720}"
     91136,         0,         0,    3.07,decoder_by_matrix,36e3cd26fed5ec7649ec51fb08c1a5e7d7f30e615782d954fee045c18a4962ca,"{""distance"":3,""physical_error_rate"":5e-05}","{""detection_events"":732,""detectors_checked"":4921344}"
     76800,         0,         0,    3.08,decoder_by_matrix,beec9fd12293a9cfe53c9b61fb8ce2a525e4eed38fa75d132d6dc64699336876,"{""distance"":3,""physical_error_rate"":0.0001}","{""detection_events"":1125,""detectors_checked"":4147200}"
     94208,         0,         0,    3.05,decoder_by_matrix,36e3cd26fed5ec7649ec51fb08c1a5e7d7f30e615782d954fee045c18a4962ca,"{""distance"":3,""physical_error_rate"":5e-05}","{""detection_events"":768,""detectors_checked"":5087232}"
     89088,         0,         0,    3.08,decoder_by_matrix,36e3cd26fed5ec7649ec51fb08c1a5e7d7f30e615782d954fee045c18a4962ca,"{""distance"":3,""physical_error_rate"":5e-05}","{""detection_events"":666,""detectors_checked"":4810752}"
     76800,         0,         0,    3.06,decoder_by_matrix,beec9fd12293a9cfe53c9b61fb8ce2a525e4eed38fa75d132d6dc64699336876,"{""distance"":3,""physical_error_rate"":0.0001}","{""detection_events"":1266,""detectors_checked"":4147200}"
     78848,         0,         0,    3.15,decoder_by_matrix,beec9fd12293a9cfe53c9b61fb8ce2a525e4eed38fa75d132d6dc64699336876,"{""distance"":3,""physical_error_rate"":0.0001}","{""detection_events"":1134,""detectors_checked"":4257792}"
     70656,         1,         0,    2.95,decoder_by_matrix,5c8c81bfec719079c388cedc47a351f264c1bf769ae28a89f9b4fc7719fea501,"{""distance"":3,""physical_error_rate"":0.0005}","{""detection_events"":5034,""detectors_checked"":3815424,""obs_mistake_mask=E"":1}"
    101376,         2,         0,    4.24,decoder_by_matrix,5c8c81bfec719079c388cedc47a351f264c1bf769ae28a89f9b4fc7719fea501,"{""distance"":3,""physical_error_rate"":0.0005}","{""detection_events"":7077,""detectors_checked"":5474304,""obs_mistake_mask=E"":2}"
    131072,         0,         0,    4.37,decoder_by_matrix,36e3cd26fed5ec7649ec51fb08c1a5e7d7f30e615782d954fee045c18a4962ca,"{""distance"":3,""physical_error_rate"":5e-05}","{""detection_events"":987,""detectors_checked"":7077888}"
    122880,         0,         0,    3.92,decoder_by_matrix,36e3cd26fed5ec7649ec51fb08c1a5e7d7f30e615782d954fee045c18a4962ca,"{""distance"":3,""physical_error_rate"":5e-05}","{""detection_events"":969,""detectors_checked"":6635520}"
    125952,         0,         0,    4.21,decoder_by_matrix,36e3cd26fed5ec7649ec51fb08c1a5e7d7f30e615782d954fee045c18a4962ca,"{""distance"":3,""physical_error_rate"":5e-05}","{""detection_events"":897,""detectors_checked"":6801408}"
    112640,         0,         0,    4.11,decoder_by_matrix,beec9fd12293a9cfe53c9b61fb8ce2a525e4eed38fa75d132d6dc64699336876,"{""distance"":3,""physical_error_rate"":0.0001}","{""detection_events"":1713,""detectors_checked"":6082560}"
    112640,         0,         0,    4.21,decoder_by_matrix,beec9fd12293a9cfe53c9b61fb8ce2a525e4eed38fa75d132d6dc64699336876,"{""distance"":3,""physical_error_rate"":0.0001}","{""detection_events"":1809,""detectors_checked"":6082560}"
    110592,         0,         0,    4.34,decoder_by_matrix,beec9fd12293a9cfe53c9b61fb8ce2a525e4eed38fa75d132d6dc64699336876,"{""distance"":3,""physical_error_rate"":0.0001}","{""detection_events"":1602,""detectors_checked"":5971968}"
     99328,         1,         0,    4.21,decoder_by_matrix,5c8c81bfec719079c388cedc47a351f264c1bf769ae28a89f9b4fc7719fea501,"{""distance"":3,""physical_error_rate"":0.0005}","{""detection_events"":7449,""detectors_checked"":5363712,""obs_mistake_mask=E"":1}"
    139264,         2,         0,    5.92,decoder_by_matrix,5c8c81bfec719079c388cedc47a351f264c1bf769ae28a89f9b4fc7719fea501,"{""distance"":3,""physical_error_rate"":0.0005}","{""detection_events"":9822,""detectors_checked"":7520256,""obs_mistake_mask=E"":2}"
    185344,         0,         0,    5.86,decoder_by_matrix,36e3cd26fed5ec7649ec51fb08c1a5e7d7f30e615782d954fee045c18a4962ca,"{""distance"":3,""physical_error_rate"":5e-05}","{""detection_events"":1290,""detectors_checked"":10008576}"
    151552,         0,         0,    5.98,decoder_by_matrix,beec9fd12293a9cfe53c9b61fb8ce2a525e4eed38fa75d132d6dc64699336876,"{""distance"":3,""physical_error_rate"":0.0001}","{""detection_events"":2319,""detectors_checked"":8183808}"
    179200,         0,         0,    6.01,decoder_by_matrix,36e3cd26fed5ec7649ec51fb08c1a5e7d7f30e615782d954fee045c18a4962ca,"{""distance"":3,""physical_error_rate"":5e-05}","{""detection_events"":1329,""detectors_checked"":9676800}"
    189440,         1,         0,    5.96,decoder_by_matrix,36e3cd26fed5ec7649ec51fb08c1a5e7d7f30e615782d954fee045c18a4962ca,"{""distance"":3,""physical_error_rate"":5e-05}","{""detection_events"":1431,""detectors_checked"":10229760,""obs_mistake_mask=E"":1}"
    157696,         0,         0,    5.76,decoder_by_matrix,beec9fd12293a9cfe53c9b61fb8ce2a525e4eed38fa75d132d6dc64699336876,"{""distance"":3,""physical_error_rate"":0.0001}","{""detection_events"":2175,""detectors_checked"":8515584}"
    154624,         0,         0,    6.00,decoder_by_matrix,beec9fd12293a9cfe53c9b61fb8ce2a525e4eed38fa75d132d6dc64699336876,"{""distance"":3,""physical_error_rate"":0.0001}","{""detection_events"":2139,""detectors_checked"":8349696}"
    137216,         4,         0,    5.88,decoder_by_matrix,5c8c81bfec719079c388cedc47a351f264c1bf769ae28a89f9b4fc7719fea501,"{""distance"":3,""physical_error_rate"":0.0005}","{""detection_events"":9780,""detectors_checked"":7409664,""obs_mistake_mask=E"":4}"
   3084288,         4,         0,   117.3,decoder_by_matrix,beec9fd12293a9cfe53c9b61fb8ce2a525e4eed38fa75d132d6dc64699336876,"{""distance"":3,""physical_error_rate"":0.0001}","{""detection_events"":44520,""detectors_checked"":166551552,""obs_mistake_mask=E"":4}"
   2764800,        60,         0,   117.5,decoder_by_matrix,5c8c81bfec719079c388cedc47a351f264c1bf769ae28a89f9b4fc7719fea501,"{""distance"":3,""physical_error_rate"":0.0005}","{""detection_events"":200076,""detectors_checked"":149299200,""obs_mistake_mask=E"":60}"
   2749440,        53,         0,   118.5,decoder_by_matrix,5c8c81bfec719079c388cedc47a351f264c1bf769ae28a89f9b4fc7719fea501,"{""distance"":3,""physical_error_rate"":0.0005}","{""detection_events"":198897,""detectors_checked"":148469760,""obs_mistake_mask=E"":53}"
   3092480,         2,         0,   117.2,decoder_by_matrix,beec9fd12293a9cfe53c9b61fb8ce2a525e4eed38fa75d132d6dc64699336876,"{""distance"":3,""physical_error_rate"":0.0001}","{""detection_events"":45159,""detectors_checked"":166993920,""obs_mistake_mask=E"":2}"
    194560,         3,         0,    8.01,decoder_by_matrix,5c8c81bfec719079c388cedc47a351f264c1bf769ae28a89f9b4fc7719fea501,"{""distance"":3,""physical_error_rate"":0.0005}","{""detection_events"":13854,""detectors_checked"":10506240,""obs_mistake_mask=E"":3}"
    259072,         0,         0,    7.88,decoder_by_matrix,36e3cd26fed5ec7649ec51fb08c1a5e7d7f30e615782d954fee045c18a4962ca,"{""distance"":3,""physical_error_rate"":5e-05}","{""detection_events"":1833,""detectors_checked"":13989888}"
    216064,         0,         0,    8.07,decoder_by_matrix,beec9fd12293a9cfe53c9b61fb8ce2a525e4eed38fa75d132d6dc64699336876,"{""distance"":3,""physical_error_rate"":0.0001}","{""detection_events"":3120,""detectors_checked"":11667456}"
    259072,         0,         0,    8.43,decoder_by_matrix,36e3cd26fed5ec7649ec51fb08c1a5e7d7f30e615782d954fee045c18a4962ca,"{""distance"":3,""physical_error_rate"":5e-05}","{""detection_events"":1887,""detectors_checked"":13989888}"
    258048,         0,         0,    8.06,decoder_by_matrix,36e3cd26fed5ec7649ec51fb08c1a5e7d7f30e615782d954fee045c18a4962ca,"{""distance"":3,""physical_error_rate"":5e-05}","{""detection_events"":1860,""detectors_checked"":13934592}"
    212992,         1,         0,    8.16,decoder_by_matrix,beec9fd12293a9cfe53c9b61fb8ce2a525e4eed38fa75d132d6dc64699336876,"{""distance"":3,""physical_error_rate"":0.0001}","{""detection_events"":3183,""detectors_checked"":11501568,""obs_mistake_mask=E"":1}"
    220160,         0,         0,    8.43,decoder_by_matrix,beec9fd12293a9cfe53c9b61fb8ce2a525e4eed38fa75d132d6dc64699336876,"{""distance"":3,""physical_error_rate"":0.0001}","{""detection_events"":3069,""detectors_checked"":11888640}"
    193536,         7,         0,    8.48,decoder_by_matrix,5c8c81bfec719079c388cedc47a351f264c1bf769ae28a89f9b4fc7719fea501,"{""distance"":3,""physical_error_rate"":0.0005}","{""detection_events"":14460,""detectors_checked"":10450944,""obs_mistake_mask=E"":7}"
    273408,         5,         0,    11.5,decoder_by_matrix,5c8c81bfec719079c388cedc47a351f264c1bf769ae28a89f9b4fc7719fea501,"{""distance"":3,""physical_error_rate"":0.0005}","{""detection_events"":19911,""detectors_checked"":14764032,""obs_mistake_mask=E"":5}"
    368640,         0,         0,    11.8,decoder_by_matrix,36e3cd26fed5ec7649ec51fb08c1a5e7d7f30e615782d954fee045c18a4962ca,"{""distance"":3,""physical_error_rate"":5e-05}","{""detection_events"":2760,""detectors_checked"":19906560}"
    372736,         0,         0,    11.2,decoder_by_matrix,36e3cd26fed5ec7649ec51fb08c1a5e7d7f30e615782d954fee045c18a4962ca,"{""distance"":3,""physical_error_rate"":5e-05}","{""detection_events"":2604,""detectors_checked"":20127744}"
    343040,         0,         0,    11.4,decoder_by_matrix,36e3cd26fed5ec7649ec51fb08c1a5e7d7f30e615782d954fee045c18a4962ca,"{""distance"":3,""physical_error_rate"":5e-05}","{""detection_events"":2742,""detectors_checked"":18524160}"
    304128,         0,         0,    11.6,decoder_by_matrix,beec9fd12293a9cfe53c9b61fb8ce2a525e4eed38fa75d132d6dc64699336876,"{""distance"":3,""physical_error_rate"":0.0001}","{""detection_events"":4332,""detectors_checked"":16422912}"
    307200,         1,         0,    11.4,decoder_by_matrix,beec9fd12293a9cfe53c9b61fb8ce2a525e4eed38fa75d132d6dc64699336876,"{""distance"":3,""physical_error_rate"":0.0001}","{""detection_events"":4362,""detectors_checked"":16588800,""obs_mistake_mask=E"":1}"
    306176,         0,         0,    11.3,decoder_by_matrix,beec9fd12293a9cfe53c9b61fb8ce2a525e4eed38fa75d132d6dc64699336876,"{""distance"":3,""physical_error_rate"":0.0001}","{""detection_events"":4218,""detectors_checked"":16533504}"
    268288,         1,         0,    11.5,decoder_by_matrix,5c8c81bfec719079c388cedc47a351f264c1bf769ae28a89f9b4fc7719fea501,"{""distance"":3,""physical_error_rate"":0.0005}","{""detection_events"":19266,""detectors_checked"":14487552,""obs_mistake_mask=E"":1}"
   2268160,         0,         0,    85.9,decoder_by_matrix,beec9fd12293a9cfe53c9b61fb8ce2a525e4eed38fa75d132d6dc64699336876,"{""distance"":3,""physical_error_rate"":0.0001}","{""detection_events"":33543,""detectors_checked"":122480640}"
   2028544,        44,         0,    87.1,decoder_by_matrix,5c8c81bfec719079c388cedc47a351f264c1bf769ae28a89f9b4fc7719fea501,"{""distance"":3,""physical_error_rate"":0.0005}","{""detection_events"":148731,""detectors_checked"":109541376,""obs_mistake_mask=E"":44}"
   2275328,         1,         0,    86.4,decoder_by_matrix,beec9fd12293a9cfe53c9b61fb8ce2a525e4eed38fa75d132d6dc64699336876,"{""distance"":3,""physical_error_rate"":0.0001}","{""detection_events"":32745,""detectors_checked"":122867712,""obs_mistake_mask=E"":1}"
   2726912,         1,         0,    85.9,decoder_by_matrix,36e3cd26fed5ec7649ec51fb08c1a5e7d7f30e615782d954fee045c18a4962ca,"{""distance"":3,""physical_error_rate"":5e-05}","{""detection_events"":18963,""detectors_checked"":147253248,""obs_mistake_mask=E"":1}"
   2030592,        29,         0,    85.9,decoder_by_matrix,5c8c81bfec719079c388cedc47a351f264c1bf769ae28a89f9b4fc7719fea501,"{""distance"":3,""physical_error_rate"":0.0005}","{""detection_events"":149109,""detectors_checked"":109651968,""obs_mistake_mask=E"":29}"
    378880,         6,         0,    15.9,decoder_by_matrix,5c8c81bfec719079c388cedc47a351f264c1bf769ae28a89f9b4fc7719fea501,"{""distance"":3,""physical_error_rate"":0.0005}","{""detection_events"":27426,""detectors_checked"":20459520,""obs_mistake_mask=E"":6}"
    514048,         0,         0,    16.4,decoder_by_matrix,36e3cd26fed5ec7649ec51fb08c1a5e7d7f30e615782d954fee045c18a4962ca,"{""distance"":3,""physical_error_rate"":5e-05}","{""detection_events"":3732,""detectors_checked"":27758592}"
    495616,         0,         0,    15.9,decoder_by_matrix,36e3cd26fed5ec7649ec51fb08c1a5e7d7f30e615782d954fee045c18a4962ca,"{""distance"":3,""physical_error_rate"":5e-05}","{""detection_events"":3789,""detectors_checked"":26763264}"
    422912,         0,         0,    15.9,decoder_by_matrix,beec9fd12293a9cfe53c9b61fb8ce2a525e4eed38fa75d132d6dc64699336876,"{""distance"":3,""physical_error_rate"":0.0001}","{""detection_events"":6405,""detectors_checked"":22837248}"
    492544,         0,         0,    16.4,decoder_by_matrix,36e3cd26fed5ec7649ec51fb08c1a5e7d7f30e615782d954fee045c18a4962ca,"{""distance"":3,""physical_error_rate"":5e-05}","{""detection_events"":3720,""detectors_checked"":26597376}"
    425984,         0,         0,    16.1,decoder_by_matrix,beec9fd12293a9cfe53c9b61fb8ce2a525e4eed38fa75d132d6dc64699336876,"{""distance"":3,""physical_error_rate"":0.0001}","{""detection_events"":6132,""detectors_checked"":23003136}"
    423936,         0,         0,    16.1,decoder_by_matrix,beec9fd12293a9cfe53c9b61fb8ce2a525e4eed38fa75d132d6dc64699336876,"{""distance"":3,""physical_error_rate"":0.0001}","{""detection_events"":5676,""detectors_checked"":22892544}"
    376832,         9,         0,    16.0,decoder_by_matrix,5c8c81bfec719079c388cedc47a351f264c1bf769ae28a89f9b4fc7719fea501,"{""distance"":3,""physical_error_rate"":0.0005}","{""detection_events"":28335,""detectors_checked"":20348928,""obs_mistake_mask=E"":9}"
   3700736,         0,         0,   117.3,decoder_by_matrix,36e3cd26fed5ec7649ec51fb08c1a5e7d7f30e615782d954fee045c18a4962ca,"{""distance"":3,""physical_error_rate"":5e-05}","{""detection_events"":26751,""detectors_checked"":199839744}"
   3600384,         1,         0,   117.5,decoder_by_matrix,36e3cd26fed5ec7649ec51fb08c1a5e7d7f30e615782d954fee045c18a4962ca,"{""distance"":3,""physical_error_rate"":5e-05}","{""detection_events"":26292,""detectors_checked"":194420736,""obs_mistake_mask=E"":1}"
   3734528,         0,         0,   116.8,decoder_by_matrix,36e3cd26fed5ec7649ec51fb08c1a5e7d7f30e615782d954fee045c18a4962ca,"{""distance"":3,""physical_error_rate"":5e-05}","{""detection_events"":27471,""detectors_checked"":201664512}"
   3112960,         2,         0,   117.7,decoder_by_matrix,beec9fd12293a9cfe53c9b61fb8ce2a525e4eed38fa75d132d6dc64699336876,"{""distance"":3,""physical_error_rate"":0.0001}","{""detection_events"":44190,""detectors_checked"":168099840,""obs_mistake_mask=E"":2}"
   2772992,        46,         0,   117.5,decoder_by_matrix,5c8c81bfec719079c388cedc47a351f264c1bf769ae28a89f9b4fc7719fea501,"{""distance"":3,""physical_error_rate"":0.0005}","{""detection_events"":202068,""detectors_checked"":149741568,""obs_mistake_mask=E"":46}"
   3620864,         0,         0,   116.6,decoder_by_matrix,36e3cd26fed5ec7649ec51fb08c1a5e7d7f30e615782d954fee045c18a4962ca,"{""distance"":3,""physical_error_rate"":5e-05}","{""detection_events"":26226,""detectors_checked"":195526656}"
   3710976,         0,         0,   116.8,decoder_by_matrix,36e3cd26fed5ec7649ec51fb08c1a5e7d7f30e615782d954fee045c18a4962ca,"{""distance"":3,""physical_error_rate"":5e-05}","{""detection_events"":26850,""detectors_checked"":200392704}"
   3034112,         2,         0,   116.8,decoder_by_matrix,beec9fd12293a9cfe53c9b61fb8ce2a525e4eed38fa75d132d6dc64699336876,"{""distance"":3,""physical_error_rate"":0.0001}","{""detection_events"":45426,""detectors_checked"":163842048,""obs_mistake_mask=E"":2}"
   3108864,         4,         0,   117.5,decoder_by_matrix,beec9fd12293a9cfe53c9b61fb8ce2a525e4eed38fa75d132d6dc64699336876,"{""distance"":3,""physical_error_rate"":0.0001}","{""detection_events"":44835,""detectors_checked"":167878656,""obs_mistake_mask=E"":4}"
   2772992,        61,         0,   117.7,decoder_by_matrix,5c8c81bfec719079c388cedc47a351f264c1bf769ae28a89f9b4fc7719fea501,"{""distance"":3,""physical_error_rate"":0.0005}","{""detection_events"":202029,""detectors_checked"":149741568,""obs_mistake_mask=E"":61}"
   2769920,        60,         0,   117.2,decoder_by_matrix,5c8c81bfec719079c388cedc47a351f264c1bf769ae28a89f9b4fc7719fea501,"{""distance"":3,""physical_error_rate"":0.0005}","{""detection_events"":203613,""detectors_checked"":149575680,""obs_mistake_mask=E"":60}"
   2758656,        44,         0,   116.4,decoder_by_matrix,5c8c81bfec719079c388cedc47a351f264c1bf769ae28a89f9b4fc7719fea501,"{""distance"":3,""physical_error_rate"":0.0005}","{""detection_events"":199902,""detectors_checked"":148967424,""obs_mistake_mask=E"":44}"
   3108864,         3,         0,   117.8,decoder_by_matrix,beec9fd12293a9cfe53c9b61fb8ce2a525e4eed38fa75d132d6dc64699336876,"{""distance"":3,""physical_error_rate"":0.0001}","{""detection_events"":45459,""detectors_checked"":167878656,""obs_mistake_mask=E"":3}"
   3675136,         1,         0,   117.0,decoder_by_matrix,36e3cd26fed5ec7649ec51fb08c1a5e7d7f30e615782d954fee045c18a4962ca,"{""distance"":3,""physical_error_rate"":5e-05}","{""detection_events"":26199,""detectors_checked"":198457344,""obs_mistake_mask=E"":1}"
    532480,        13,         0,    22.7,decoder_by_matrix,5c8c81bfec719079c388cedc47a351f264c1bf769ae28a89f9b4fc7719fea501,"{""distance"":3,""physical_error_rate"":0.0005}","{""detection_events"":38478,""detectors_checked"":28753920,""obs_mistake_mask=E"":13}"
    703488,         0,         0,    22.3,decoder_by_matrix,36e3cd26fed5ec7649ec51fb08c1a5e7d7f30e615782d954fee045c18a4962ca,"{""distance"":3,""physical_error_rate"":5e-05}","{""detection_events"":4842,""detectors_checked"":37988352}"
    701440,         0,         0,    22.1,decoder_by_matrix,36e3cd26fed5ec7649ec51fb08c1a5e7d7f30e615782d954fee045c18a4962ca,"{""distance"":3,""physical_error_rate"":5e-05}","{""detection_events"":5298,""detectors_checked"":37877760}"
    583680,         1,         0,    22.4,decoder_by_matrix,beec9fd12293a9cfe53c9b61fb8ce2a525e4eed38fa75d132d6dc64699336876,"{""distance"":3,""physical_error_rate"":0.0001}","{""detection_events"":8874,""detectors_checked"":31518720,""obs_mistake_mask=E"":1}"
    718848,         0,         0,    22.3,decoder_by_matrix,36e3cd26fed5ec7649ec51fb08c1a5e7d7f30e615782d954fee045c18a4962ca,"{""distance"":3,""physical_error_rate"":5e-05}","{""detection_events"":5028,""detectors_checked"":38817792}"
    598016,         0,         0,    22.5,decoder_by_matrix,beec9fd12293a9cfe53c9b61fb8ce2a525e4eed38fa75d132d6dc64699336876,"{""distance"":3,""physical_error_rate"":0.0001}","{""detection_events"":8274,""detectors_checked"":32292864}"
    601088,         0,         0,    22.4,decoder_by_matrix,beec9fd12293a9cfe53c9b61fb8ce2a525e4eed38fa75d132d6dc64699336876,"{""distance"":3,""physical_error_rate"":0.0001}","{""detection_events"":8115,""detectors_checked"":32458752}"
    527360,        14,         0,    22.3,decoder_by_matrix,5c8c81bfec719079c388cedc47a351f264c1bf769ae28a89f9b4fc7719fea501,"{""distance"":3,""physical_error_rate"":0.0005}","{""detection_events"":38166,""detectors_checked"":28477440,""obs_mistake_mask=E"":14}"
   3702784,         3,         0,   117.0,decoder_by_matrix,36e3cd26fed5ec7649ec51fb08c1a5e7d7f30e615782d954fee045c18a4962ca,"{""distance"":3,""physical_error_rate"":5e-05}","{""detection_events"":26628,""detectors_checked"":199950336,""obs_mistake_mask=E"":3}"
    744448,        21,         0,    31.2,decoder_by_matrix,5c8c81bfec719079c388cedc47a351f264c1bf769ae28a89f9b4fc7719fea501,"{""distance"":3,""physical_error_rate"":0.0005}","{""detection_events"":53124,""detectors_checked"":40200192,""obs_mistake_mask=E"":21}"
    996352,         0,         0,    31.9,decoder_by_matrix,36e3cd26fed5ec7649ec51fb08c1a5e7d7f30e615782d954fee045c18a4962ca,"{""distance"":3,""physical_error_rate"":5e-05}","{""detection_events"":7104,""detectors_checked"":53803008}"
   1001472,         0,         0,    31.5,decoder_by_matrix,36e3cd26fed5ec7649ec51fb08c1a5e7d7f30e615782d954fee045c18a4962ca,"{""distance"":3,""physical_error_rate"":5e-05}","{""detection_events"":7371,""detectors_checked"":54079488}"
    832512,         1,         0,    31.6,decoder_by_matrix,beec9fd12293a9cfe53c9b61fb8ce2a525e4eed38fa75d132d6dc64699336876,"{""distance"":3,""physical_error_rate"":0.0001}","{""detection_events"":11862,""detectors_checked"":44955648,""obs_mistake_mask=E"":1}"
    972800,         0,         0,    31.8,decoder_by_matrix,36e3cd26fed5ec7649ec51fb08c1a5e7d7f30e615782d954fee045c18a4962ca,"{""distance"":3,""physical_error_rate"":5e-05}","{""detection_events"":6918,""detectors_checked"":52531200}"
    817152,         1,         0,    31.9,decoder_by_matrix,beec9fd12293a9cfe53c9b61fb8ce2a525e4eed38fa75d132d6dc64699336876,"{""distance"":3,""physical_error_rate"":0.0001}","{""detection_events"":11934,""detectors_checked"":44126208,""obs_mistake_mask=E"":1}"
    832512,         0,         0,    31.9,decoder_by_matrix,beec9fd12293a9cfe53c9b61fb8ce2a525e4eed38fa75d132d6dc64699336876,"{""distance"":3,""physical_error_rate"":0.0001}","{""detection_events"":12399,""detectors_checked"":44955648}"
    737280,         6,         0,    31.9,decoder_by_matrix,5c8c81bfec719079c388cedc47a351f264c1bf769ae28a89f9b4fc7719fea501,"{""distance"":3,""physical_error_rate"":0.0005}","{""detection_events"":54216,""detectors_checked"":39813120,""obs_mistake_mask=E"":6}"
   3086336,         4,         0,   116.9,decoder_by_matrix,beec9fd12293a9cfe53c9b61fb8ce2a525e4eed38fa75d132d6dc64699336876,"{""distance"":3,""physical_error_rate"":0.0001}","{""detection_events"":44820,""detectors_checked"":166662144,""obs_mistake_mask=E"":4}"
   2765824,        47,         0,   116.8,decoder_by_matrix,5c8c81bfec719079c388cedc47a351f264c1bf769ae28a89f9b4fc7719fea501,"{""distance"":3,""physical_error_rate"":0.0005}","{""detection_events"":200964,""detectors_checked"":149354496,""obs_mistake_mask=E"":47}"
   2753536,        47,         0,   117.7,decoder_by_matrix,5c8c81bfec719079c388cedc47a351f264c1bf769ae28a89f9b4fc7719fea501,"{""distance"":3,""physical_error_rate"":0.0005}","{""detection_events"":201330,""detectors_checked"":148690944,""obs_mistake_mask=E"":47}"
   3094528,         4,         0,   118.1,decoder_by_matrix,beec9fd12293a9cfe53c9b61fb8ce2a525e4eed38fa75d132d6dc64699336876,"{""distance"":3,""physical_error_rate"":0.0001}","{""detection_events"":45159,""detectors_checked"":167104512,""obs_mistake_mask=E"":4}"
   1043456,        24,         0,    44.5,decoder_by_matrix,5c8c81bfec719079c388cedc47a351f264c1bf769ae28a89f9b4fc7719fea501,"{""distance"":3,""physical_error_rate"":0.0005}","{""detection_events"":77091,""detectors_checked"":56346624,""obs_mistake_mask=E"":24}"
   1379328,         0,         0,    43.3,decoder_by_matrix,36e3cd26fed5ec7649ec51fb08c1a5e7d7f30e615782d954fee045c18a4962ca,"{""distance"":3,""physical_error_rate"":5e-05}","{""detection_events"":9789,""detectors_checked"":74483712}"
   1374208,         0,         0,    43.9,decoder_by_matrix,36e3cd26fed5ec7649ec51fb08c1a5e7d7f30e615782d954fee045c18a4962ca,"{""distance"":3,""physical_error_rate"":5e-05}","{""detection_events"":10452,""detectors_checked"":74207232}"
   1161216,         0,         0,    43.8,decoder_by_matrix,beec9fd12293a9cfe53c9b61fb8ce2a525e4eed38fa75d132d6dc64699336876,"{""distance"":3,""physical_error_rate"":0.0001}","{""detection_events"":17178,""detectors_checked"":62705664}"
   1376256,         0,         0,    44.4,decoder_by_matrix,36e3cd26fed5ec7649ec51fb08c1a5e7d7f30e615782d954fee045c18a4962ca,"{""distance"":3,""physical_error_rate"":5e-05}","{""detection_events"":10332,""detectors_checked"":74317824}"
   1157120,         3,         0,    44.7,decoder_by_matrix,beec9fd12293a9cfe53c9b61fb8ce2a525e4eed38fa75d132d6dc64699336876,"{""distance"":3,""physical_error_rate"":0.0001}","{""detection_events"":16875,""detectors_checked"":62484480,""obs_mistake_mask=E"":3}"
   1030144,        21,         0,    44.4,decoder_by_matrix,5c8c81bfec719079c388cedc47a351f264c1bf769ae28a89f9b4fc7719fea501,"{""distance"":3,""physical_error_rate"":0.0005}","{""detection_events"":74895,""detectors_checked"":55627776,""obs_mistake_mask=E"":21}"
   1155072,         1,         0,    44.1,decoder_by_matrix,beec9fd12293a9cfe53c9b61fb8ce2a525e4eed38fa75d132d6dc64699336876,"{""distance"":3,""physical_error_rate"":0.0001}","{""detection_events"":16386,""detectors_checked"":62373888,""obs_mistake_mask=E"":1}"
   3091456,         5,         0,   116.8,decoder_by_matrix,beec9fd12293a9cfe53c9b61fb8ce2a525e4eed38fa75d132d6dc64699336876,"{""distance"":3,""physical_error_rate"":0.0001}","{""detection_events"":44868,""detectors_checked"":166938624,""obs_mistake_mask=E"":5}"
   3097600,         2,         0,   116.9,decoder_by_matrix,beec9fd12293a9cfe53c9b61fb8ce2a525e4eed38fa75d132d6dc64699336876,"{""distance"":3,""physical_error_rate"":0.0001}","{""detection_events"":44784,""detectors_checked"":167270400,""obs_mistake_mask=E"":2}"
   3674112,         2,         0,   116.4,decoder_by_matrix,36e3cd26fed5ec7649ec51fb08c1a5e7d7f30e615782d954fee045c18a4962ca,"{""distance"":3,""physical_error_rate"":5e-05}","{""detection_events"":26961,""detectors_checked"":198402048,""obs_mistake_mask=E"":2}"
   2760704,        42,         0,   117.9,decoder_by_matrix,5c8c81bfec719079c388cedc47a351f264c1bf769ae28a89f9b4fc7719fea501,"{""distance"":3,""physical_error_rate"":0.0005}","{""detection_events"":201183,""detectors_checked"":149078016,""obs_mistake_mask=E"":42}"
   2764800,        52,         0,   117.6,decoder_by_matrix,5c8c81bfec719079c388cedc47a351f264c1bf769ae28a89f9b4fc7719fea501,"{""distance"":3,""physical_error_rate"":0.0005}","{""detection_events"":203196,""detectors_checked"":149299200,""obs_mistake_mask=E"":52}"
   3695616,         1,         0,   117.4,decoder_by_matrix,36e3cd26fed5ec7649ec51fb08c1a5e7d7f30e615782d954fee045c18a4962ca,"{""distance"":3,""physical_error_rate"":5e-05}","{""detection_events"":27234,""detectors_checked"":199563264,""obs_mistake_mask=E"":1}"
   3588096,         0,         0,   117.4,decoder_by_matrix,36e3cd26fed5ec7649ec51fb08c1a5e7d7f30e615782d954fee045c18a4962ca,"{""distance"":3,""physical_error_rate"":5e-05}","{""detection_events"":26835,""detectors_checked"":193757184}"
   3666944,         0,         0,   117.3,decoder_by_matrix,36e3cd26fed5ec7649ec51fb08c1a5e7d7f30e615782d954fee045c18a4962ca,"{""distance"":3,""physical_error_rate"":5e-05}","{""detection_events"":26922,""detectors_checked"":198014976}"
   3098624,         1,         0,   117.1,decoder_by_matrix,beec9fd12293a9cfe53c9b61fb8ce2a525e4eed38fa75d132d6dc64699336876,"{""distance"":3,""physical_error_rate"":0.0001}","{""detection_events"":44571,""detectors_checked"":167325696,""obs_mistake_mask=E"":1}"
   2776064,        48,         0,   118.0,decoder_by_matrix,5c8c81bfec719079c388cedc47a351f264c1bf769ae28a89f9b4fc7719fea501,"{""distance"":3,""physical_error_rate"":0.0005}","{""detection_events"":202008,""detectors_checked"":149907456,""obs_mistake_mask=E"":48}"
   3645440,         2,         0,   116.7,decoder_by_matrix,36e3cd26fed5ec7649ec51fb08c1a5e7d7f30e615782d954fee045c18a4962ca,"{""distance"":3,""physical_error_rate"":5e-05}","{""detection_events"":25995,""detectors_checked"":196853760,""obs_mistake_mask=E"":2}"
   3663872,         1,         0,   116.8,decoder_by_matrix,36e3cd26fed5ec7649ec51fb08c1a5e7d7f30e615782d954fee045c18a4962ca,"{""distance"":3,""physical_error_rate"":5e-05}","{""detection_events"":27984,""detectors_checked"":197849088,""obs_mistake_mask=E"":1}"
   3085312,         1,         0,   117.7,decoder_by_matrix,beec9fd12293a9cfe53c9b61fb8ce2a525e4eed38fa75d132d6dc64699336876,"{""distance"":3,""physical_error_rate"":0.0001}","{""detection_events"":44547,""detectors_checked"":166606848,""obs_mistake_mask=E"":1}"
   3095552,         1,         0,   117.5,decoder_by_matrix,beec9fd12293a9cfe53c9b61fb8ce2a525e4eed38fa75d132d6dc64699336876,"{""distance"":3,""physical_error_rate"":0.0001}","{""detection_events"":44367,""detectors_checked"":167159808,""obs_mistake_mask=E"":1}"
   2776064,        58,         0,   117.6,decoder_by_matrix,5c8c81bfec719079c388cedc47a351f264c1bf769ae28a89f9b4fc7719fea501,"{""distance"":3,""physical_error_rate"":0.0005}","{""detection_events"":202059,""detectors_checked"":149907456,""obs_mistake_mask=E"":58}"
   2774016,        57,         0,   117.8,decoder_by_matrix,5c8c81bfec719079c388cedc47a351f264c1bf769ae28a89f9b4fc7719fea501,"{""distance"":3,""physical_error_rate"":0.0005}","{""detection_events"":203286,""detectors_checked"":149796864,""obs_mistake_mask=E"":57}"
   2757632,        44,         0,   116.5,decoder_by_matrix,5c8c81bfec719079c388cedc47a351f264c1bf769ae28a89f9b4fc7719fea501,"{""distance"":3,""physical_error_rate"":0.0005}","{""detection_events"":201693,""detectors_checked"":148912128,""obs_mistake_mask=E"":44}"
   3107840,         2,         0,   117.0,decoder_by_matrix,beec9fd12293a9cfe53c9b61fb8ce2a525e4eed38fa75d132d6dc64699336876,"{""distance"":3,""physical_error_rate"":0.0001}","{""detection_events"":45822,""detectors_checked"":167823360,""obs_mistake_mask=E"":2}"
   3644416,         0,         0,   117.0,decoder_by_matrix,36e3cd26fed5ec7649ec51fb08c1a5e7d7f30e615782d954fee045c18a4962ca,"{""distance"":3,""physical_error_rate"":5e-05}","{""detection_events"":26184,""detectors_checked"":196798464}"
   1457152,        24,         0,    61.1,decoder_by_matrix,5c8c81bfec719079c388cedc47a351f264c1bf769ae28a89f9b4fc7719fea501,"{""distance"":3,""physical_error_rate"":0.0005}","{""detection_events"":107121,""detectors_checked"":78686208,""obs_mistake_mask=E"":24}"
   1924096,         0,         0,    61.8,decoder_by_matrix,36e3cd26fed5ec7649ec51fb08c1a5e7d7f30e615782d954fee045c18a4962ca,"{""distance"":3,""physical_error_rate"":5e-05}","{""detection_events"":13962,""detectors_checked"":103901184}"
   1924096,         0,         0,    61.4,decoder_by_matrix,36e3cd26fed5ec7649ec51fb08c1a5e7d7f30e615782d954fee045c18a4962ca,"{""distance"":3,""physical_error_rate"":5e-05}","{""detection_events"":14907,""detectors_checked"":103901184}"
   1625088,         1,         0,    61.4,decoder_by_matrix,beec9fd12293a9cfe53c9b61fb8ce2a525e4eed38fa75d132d6dc64699336876,"{""distance"":3,""physical_error_rate"":0.0001}","{""detection_events"":22914,""detectors_checked"":87754752,""obs_mistake_mask=E"":1}"
   1619968,         3,         0,    61.0,decoder_by_matrix,beec9fd12293a9cfe53c9b61fb8ce2a525e4eed38fa75d132d6dc64699336876,"{""distance"":3,""physical_error_rate"":0.0001}","{""detection_events"":24297,""detectors_checked"":87478272,""obs_mistake_mask=E"":3}"
   1930240,         0,         0,    61.5,decoder_by_matrix,36e3cd26fed5ec7649ec51fb08c1a5e7d7f30e615782d954fee045c18a4962ca,"{""distance"":3,""physical_error_rate"":5e-05}","{""detection_events"":13893,""detectors_checked"":104232960}"
   1441792,        23,         0,    62.2,decoder_by_matrix,5c8c81bfec719079c388cedc47a351f264c1bf769ae28a89f9b4fc7719fea501,"{""distance"":3,""physical_error_rate"":0.0005}","{""detection_events"":104934,""detectors_checked"":77856768,""obs_mistake_mask=E"":23}"
   1615872,         1,         0,    61.8,decoder_by_matrix,beec9fd12293a9cfe53c9b61fb8ce2a525e4eed38fa75d132d6dc64699336876,"{""distance"":3,""physical_error_rate"":0.0001}","{""detection_events"":23445,""detectors_checked"":87257088,""obs_mistake_mask=E"":1}"
   3653632,         0,         0,   117.2,decoder_by_matrix,36e3cd26fed5ec7649ec51fb08c1a5e7d7f30e615782d954fee045c18a4962ca,"{""distance"":3,""physical_error_rate"":5e-05}","{""detection_events"":26964,""detectors_checked"":197296128}"
   2767872,        53,         0,   117.1,decoder_by_matrix,5c8c81bfec719079c388cedc47a351f264c1bf769ae28a89f9b4fc7719fea501,"{""distance"":3,""physical_error_rate"":0.0005}","{""detection_events"":199614,""detectors_checked"":149465088,""obs_mistake_mask=E"":53}"
   3093504,         1,         0,   117.3,decoder_by_matrix,beec9fd12293a9cfe53c9b61fb8ce2a525e4eed38fa75d132d6dc64699336876,"{""distance"":3,""physical_error_rate"":0.0001}","{""detection_events"":45504,""detectors_checked"":167049216,""obs_mistake_mask=E"":1}"
   2752512,        42,         0,   116.9,decoder_by_matrix,5c8c81bfec719079c388cedc47a351f264c1bf769ae28a89f9b4fc7719fea501,"{""distance"":3,""physical_error_rate"":0.0005}","{""detection_events"":201192,""detectors_checked"":148635648,""obs_mistake_mask=E"":42}"
   3089408,         1,         0,   117.2,decoder_by_matrix,beec9fd12293a9cfe53c9b61fb8ce2a525e4eed38fa75d132d6dc64699336876,"{""distance"":3,""physical_error_rate"":0.0001}","{""detection_events"":45789,""detectors_checked"":166828032,""obs_mistake_mask=E"":1}"
   3070976,         2,         0,   116.9,decoder_by_matrix,beec9fd12293a9cfe53c9b61fb8ce2a525e4eed38fa75d132d6dc64699336876,"{""distance"":3,""physical_error_rate"":0.0001}","{""detection_events"":44205,""detectors_checked"":165832704,""obs_mistake_mask=E"":2}"
   3654656,         0,         0,   117.0,decoder_by_matrix,36e3cd26fed5ec7649ec51fb08c1a5e7d7f30e615782d954fee045c18a4962ca,"{""distance"":3,""physical_error_rate"":5e-05}","{""detection_events"":26544,""detectors_checked"":197351424}"
   3104768,         5,         0,   118.6,decoder_by_matrix,beec9fd12293a9cfe53c9b61fb8ce2a525e4eed38fa75d132d6dc64699336876,"{""distance"":3,""physical_error_rate"":0.0001}","{""detection_events"":45066,""detectors_checked"":167657472,""obs_mistake_mask=E"":5}"
   2761728,        55,         0,   118.0,decoder_by_matrix,5c8c81bfec719079c388cedc47a351f264c1bf769ae28a89f9b4fc7719fea501,"{""distance"":3,""physical_error_rate"":0.0005}","{""detection_events"":198555,""detectors_checked"":149133312,""obs_mistake_mask=E"":55}"
   2762752,        52,         0,   116.9,decoder_by_matrix,5c8c81bfec719079c388cedc47a351f264c1bf769ae28a89f9b4fc7719fea501,"{""distance"":3,""physical_error_rate"":0.0005}","{""detection_events"":200532,""detectors_checked"":149188608,""obs_mistake_mask=E"":52}"
   3688448,         2,         0,   117.8,decoder_by_matrix,36e3cd26fed5ec7649ec51fb08c1a5e7d7f30e615782d954fee045c18a4962ca,"{""distance"":3,""physical_error_rate"":5e-05}","{""detection_events"":27180,""detectors_checked"":199176192,""obs_mistake_mask=E"":2}"
   3634176,         0,         0,   118.7,decoder_by_matrix,36e3cd26fed5ec7649ec51fb08c1a5e7d7f30e615782d954fee045c18a4962ca,"{""distance"":3,""physical_error_rate"":5e-05}","{""detection_events"":26148,""detectors_checked"":196245504}"
   3681280,         1,         0,   116.5,decoder_by_matrix,36e3cd26fed5ec7649ec51fb08c1a5e7d7f30e615782d954fee045c18a4962ca,"{""distance"":3,""physical_error_rate"":5e-05}","{""detection_events"":26979,""detectors_checked"":198789120,""obs_mistake_mask=E"":1}"
   2039808,        38,         0,    86.3,decoder_by_matrix,5c8c81bfec719079c388cedc47a351f264c1bf769ae28a89f9b4fc7719fea501,"{""distance"":3,""physical_error_rate"":0.0005}","{""detection_events"":149823,""detectors_checked"":110149632,""obs_mistake_mask=E"":38}"
   2722816,         0,         0,    85.9,decoder_by_matrix,36e3cd26fed5ec7649ec51fb08c1a5e7d7f30e615782d954fee045c18a4962ca,"{""distance"":3,""physical_error_rate"":5e-05}","{""detection_events"":19518,""detectors_checked"":147032064}"
   2683904,         3,         0,    86.0,decoder_by_matrix,36e3cd26fed5ec7649ec51fb08c1a5e7d7f30e615782d954fee045c18a4962ca,"{""distance"":3,""physical_error_rate"":5e-05}","{""detection_events"":19839,""detectors_checked"":144930816,""obs_mistake_mask=E"":3}"
   2280448,         0,         0,    86.3,decoder_by_matrix,beec9fd12293a9cfe53c9b61fb8ce2a525e4eed38fa75d132d6dc64699336876,"{""distance"":3,""physical_error_rate"":0.0001}","{""detection_events"":32916,""detectors_checked"":123144192}"
   2282496,         0,         0,    86.3,decoder_by_matrix,beec9fd12293a9cfe53c9b61fb8ce2a525e4eed38fa75d132d6dc64699336876,"{""distance"":3,""physical_error_rate"":0.0001}","{""detection_events"":34248,""detectors_checked"":123254784}"
   2021376,        20,         0,    86.6,decoder_by_matrix,5c8c81bfec719079c388cedc47a351f264c1bf769ae28a89f9b4fc7719fea501,"{""distance"":3,""physical_error_rate"":0.0005}","{""detection_events"":147558,""detectors_checked"":109154304,""obs_mistake_mask=E"":20}"
   2752512,         0,         0,    85.6,decoder_by_matrix,36e3cd26fed5ec7649ec51fb08c1a5e7d7f30e615782d954fee045c18a4962ca,"{""distance"":3,""physical_error_rate"":5e-05}","{""detection_events"":18726,""detectors_checked"":148635648}"
   2242560,         1,         0,    85.7,decoder_by_matrix,beec9fd12293a9cfe53c9b61fb8ce2a525e4eed38fa75d132d6dc64699336876,"{""distance"":3,""physical_error_rate"":0.0001}","{""detection_events"":33030,""detectors_checked"":121098240,""obs_mistake_mask=E"":1}"
   3099648,         0,         0,   117.0,decoder_by_matrix,beec9fd12293a9cfe53c9b61fb8ce2a525e4eed38fa75d132d6dc64699336876,"{""distance"":3,""physical_error_rate"":0.0001}","{""detection_events"":44289,""detectors_checked"":167380992}"
   2775040,        34,         0,   117.0,decoder_by_matrix,5c8c81bfec719079c388cedc47a351f264c1bf769ae28a89f9b4fc7719fea501,"{""distance"":3,""physical_error_rate"":0.0005}","{""detection_events"":201048,""detectors_checked"":149852160,""obs_mistake_mask=E"":34}"
   3665920,         1,         0,   116.5,decoder_by_matrix,36e3cd26fed5ec7649ec51fb08c1a5e7d7f30e615782d954fee045c18a4962ca,"{""distance"":3,""physical_error_rate"":5e-05}","{""detection_events"":27135,""detectors_checked"":197959680,""obs_mistake_mask=E"":1}"
   3631104,         0,         0,   117.1,decoder_by_matrix,36e3cd26fed5ec7649ec51fb08c1a5e7d7f30e615782d954fee045c18a4962ca,"{""distance"":3,""physical_error_rate"":5e-05}","{""detection_events"":26550,""detectors_checked"":196079616}"
   3060736,         2,         0,   117.6,decoder_by_matrix,beec9fd12293a9cfe53c9b61fb8ce2a525e4eed38fa75d132d6dc64699336876,"{""distance"":3,""physical_error_rate"":0.0001}","{""detection_events"":45234,""detectors_checked"":165279744,""obs_mistake_mask=E"":2}"
   3112960,         4,         0,   116.4,decoder_by_matrix,beec9fd12293a9cfe53c9b61fb8ce2a525e4eed38fa75d132d6dc64699336876,"{""distance"":3,""physical_error_rate"":0.0001}","{""detection_events"":45345,""detectors_checked"":168099840,""obs_mistake_mask=E"":4}"
   2776064,        49,         0,   118.1,decoder_by_matrix,5c8c81bfec719079c388cedc47a351f264c1bf769ae28a89f9b4fc7719fea501,"{""distance"":3,""physical_error_rate"":0.0005}","{""detection_events"":204366,""detectors_checked"":149907456,""obs_mistake_mask=E"":49}"
   2759680,        53,         0,   117.9,decoder_by_matrix,5c8c81bfec719079c388cedc47a351f264c1bf769ae28a89f9b4fc7719fea501,"{""distance"":3,""physical_error_rate"":0.0005}","{""detection_events"":201981,""detectors_checked"":149022720,""obs_mistake_mask=E"":53}"
   2771968,        45,         0,   116.9,decoder_by_matrix,5c8c81bfec719079c388cedc47a351f264c1bf769ae28a89f9b4fc7719fea501,"{""distance"":3,""physical_error_rate"":0.0005}","{""detection_events"":203082,""detectors_checked"":149686272,""obs_mistake_mask=E"":45}"
   3120128,         4,         0,   117.5,decoder_by_matrix,beec9fd12293a9cfe53c9b61fb8ce2a525e4eed38fa75d132d6dc64699336876,"{""distance"":3,""physical_error_rate"":0.0001}","{""detection_events"":44838,""detectors_checked"":168486912,""obs_mistake_mask=E"":4}"
   3678208,         2,         0,   116.8,decoder_by_matrix,36e3cd26fed5ec7649ec51fb08c1a5e7d7f30e615782d954fee045c18a4962ca,"{""distance"":3,""physical_error_rate"":5e-05}","{""detection_events"":26733,""detectors_checked"":198623232,""obs_mistake_mask=E"":2}"
   3691520,         0,         0,   117.3,decoder_by_matrix,36e3cd26fed5ec7649ec51fb08c1a5e7d7f30e615782d954fee045c18a4962ca,"{""distance"":3,""physical_error_rate"":5e-05}","{""detection_events"":26730,""detectors_checked"":199342080}"
   2765824,        37,         0,   118.1,decoder_by_matrix,5c8c81bfec719079c388cedc47a351f264c1bf769ae28a89f9b4fc7719fea501,"{""distance"":3,""physical_error_rate"":0.0005}","{""detection_events"":203301,""detectors_checked"":149354496,""obs_mistake_mask=E"":37}"
   3079168,         3,         0,   118.2,decoder_by_matrix,beec9fd12293a9cfe53c9b61fb8ce2a525e4eed38fa75d132d6dc64699336876,"{""distance"":3,""physical_error_rate"":0.0001}","{""detection_events"":45282,""detectors_checked"":166275072,""obs_mistake_mask=E"":3}"
   2755584,        49,         0,   117.7,decoder_by_matrix,5c8c81bfec719079c388cedc47a351f264c1bf769ae28a89f9b4fc7719fea501,"{""distance"":3,""physical_error_rate"":0.0005}","{""detection_events"":199611,""detectors_checked"":148801536,""obs_mistake_mask=E"":49}"
   3113984,         4,         0,   118.1,decoder_by_matrix,beec9fd12293a9cfe53c9b61fb8ce2a525e4eed38fa75d132d6dc64699336876,"{""distance"":3,""physical_error_rate"":0.0001}","{""detection_events"":44208,""detectors_checked"":168155136,""obs_mistake_mask=E"":4}"
   3081216,         1,         0,   117.6,decoder_by_matrix,beec9fd12293a9cfe53c9b61fb8ce2a525e4eed38fa75d132d6dc64699336876,"{""distance"":3,""physical_error_rate"":0.0001}","{""detection_events"":45972,""detectors_checked"":166385664,""obs_mistake_mask=E"":1}"
   3693568,         0,         0,   117.5,decoder_by_matrix,36e3cd26fed5ec7649ec51fb08c1a5e7d7f30e615782d954fee045c18a4962ca,"{""distance"":3,""physical_error_rate"":5e-05}","{""detection_events"":26529,""detectors_checked"":199452672}"
   3093504,         1,         0,   118.1,decoder_by_matrix,beec9fd12293a9cfe53c9b61fb8ce2a525e4eed38fa75d132d6dc64699336876,"{""distance"":3,""physical_error_rate"":0.0001}","{""detection_events"":44247,""detectors_checked"":167049216,""obs_mistake_mask=E"":1}"
   2759680,        47,         0,   117.3,decoder_by_matrix,5c8c81bfec719079c388cedc47a351f264c1bf769ae28a89f9b4fc7719fea501,"{""distance"":3,""physical_error_rate"":0.0005}","{""detection_events"":200739,""detectors_checked"":149022720,""obs_mistake_mask=E"":47}"
   2765824,        51,         0,   117.4,decoder_by_matrix,5c8c81bfec719079c388cedc47a351f264c1bf769ae28a89f9b4fc7719fea501,"{""distance"":3,""physical_error_rate"":0.0005}","{""detection_events"":201594,""detectors_checked"":149354496,""obs_mistake_mask=E"":51}"
   3675136,         1,         0,   116.7,decoder_by_matrix,36e3cd26fed5ec7649ec51fb08c1a5e7d7f30e615782d954fee045c18a4962ca,"{""distance"":3,""physical_error_rate"":5e-05}","{""detection_events"":27303,""detectors_checked"":198457344,""obs_mistake_mask=E"":1}"
   3637248,         0,         0,   117.9,decoder_by_matrix,36e3cd26fed5ec7649ec51fb08c1a5e7d7f30e615782d954fee045c18a4962ca,"{""distance"":3,""physical_error_rate"":5e-05}","{""detection_events"":26067,""detectors_checked"":196411392}"
   3676160,         0,         0,   116.6,decoder_by_matrix,36e3cd26fed5ec7649ec51fb08c1a5e7d7f30e615782d954fee045c18a4962ca,"{""distance"":3,""physical_error_rate"":5e-05}","{""detection_events"":27093,""detectors_checked"":198512640}"
   2774016,        49,         0,   118.1,decoder_by_matrix,5c8c81bfec719079c388cedc47a351f264c1bf769ae28a89f9b4fc7719fea501,"{""distance"":3,""physical_error_rate"":0.0005}","{""detection_events"":203346,""detectors_checked"":149796864,""obs_mistake_mask=E"":49}"
   3670016,         0,         0,   116.5,decoder_by_matrix,36e3cd26fed5ec7649ec51fb08c1a5e7d7f30e615782d954fee045c18a4962ca,"{""distance"":3,""physical_error_rate"":5e-05}","{""detection_events"":26922,""detectors_checked"":198180864}"
   3673088,         2,         0,   116.8,decoder_by_matrix,36e3cd26fed5ec7649ec51fb08c1a5e7d7f30e615782d954fee045c18a4962ca,"{""distance"":3,""physical_error_rate"":5e-05}","{""detection_events"":27036,""detectors_checked"":198346752,""obs_mistake_mask=E"":2}"
   3109888,         2,         0,   117.3,decoder_by_matrix,beec9fd12293a9cfe53c9b61fb8ce2a525e4eed38fa75d132d6dc64699336876,"{""distance"":3,""physical_error_rate"":0.0001}","{""detection_events"":45123,""detectors_checked"":167933952,""obs_mistake_mask=E"":2}"
   3095552,         1,         0,   116.9,decoder_by_matrix,beec9fd12293a9cfe53c9b61fb8ce2a525e4eed38fa75d132d6dc64699336876,"{""distance"":3,""physical_error_rate"":0.0001}","{""detection_events"":44145,""detectors_checked"":167159808,""obs_mistake_mask=E"":1}"
   2746368,        46,         0,   118.0,decoder_by_matrix,5c8c81bfec719079c388cedc47a351f264c1bf769ae28a89f9b4fc7719fea501,"{""distance"":3,""physical_error_rate"":0.0005}","{""detection_events"":199236,""detectors_checked"":148303872,""obs_mistake_mask=E"":46}"
   3057664,         3,         0,   117.0,decoder_by_matrix,beec9fd12293a9cfe53c9b61fb8ce2a525e4eed38fa75d132d6dc64699336876,"{""distance"":3,""physical_error_rate"":0.0001}","{""detection_events"":43689,""detectors_checked"":165113856,""obs_mistake_mask=E"":3}"
   3690496,         0,         0,   117.8,decoder_by_matrix,36e3cd26fed5ec7649ec51fb08c1a5e7d7f30e615782d954fee045c18a4962ca,"{""distance"":3,""physical_error_rate"":5e-05}","{""detection_events"":27288,""detectors_checked"":199286784}"
   3098624,         0,         0,   116.3,decoder_by_matrix,beec9fd12293a9cfe53c9b61fb8ce2a525e4eed38fa75d132d6dc64699336876,"{""distance"":3,""physical_error_rate"":0.0001}","{""detection_events"":44034,""detectors_checked"":167325696}"
   2775040,        58,         0,   116.9,decoder_by_matrix,5c8c81bfec719079c388cedc47a351f264c1bf769ae28a89f9b4fc7719fea501,"{""distance"":3,""physical_error_rate"":0.0005}","{""detection_events"":200070,""detectors_checked"":149852160,""obs_mistake_mask=E"":58}"
   3665920,         1,         0,   117.4,decoder_by_matrix,36e3cd26fed5ec7649ec51fb08c1a5e7d7f30e615782d954fee045c18a4962ca,"{""distance"":3,""physical_error_rate"":5e-05}","{""detection_events"":27438,""detectors_checked"":197959680,""obs_mistake_mask=E"":1}"
   3632128,         2,         0,   117.3,decoder_by_matrix,36e3cd26fed5ec7649ec51fb08c1a5e7d7f30e615782d954fee045c18a4962ca,"{""distance"":3,""physical_error_rate"":5e-05}","{""detection_events"":25803,""detectors_checked"":196134912,""obs_mistake_mask=E"":2}"
   3075072,         1,         0,   118.5,decoder_by_matrix,beec9fd12293a9cfe53c9b61fb8ce2a525e4eed38fa75d132d6dc64699336876,"{""distance"":3,""physical_error_rate"":0.0001}","{""detection_events"":45093,""detectors_checked"":166053888,""obs_mistake_mask=E"":1}"
   2775040,        40,         0,   117.0,decoder_by_matrix,5c8c81bfec719079c388cedc47a351f264c1bf769ae28a89f9b4fc7719fea501,"{""distance"":3,""physical_error_rate"":0.0005}","{""detection_events"":203127,""detectors_checked"":149852160,""obs_mistake_mask=E"":40}"
   3119104,         1,         0,   118.3,decoder_by_matrix,beec9fd12293a9cfe53c9b61fb8ce2a525e4eed38fa75d132d6dc64699336876,"{""distance"":3,""physical_error_rate"":0.0001}","{""detection_events"":45831,""detectors_checked"":168431616,""obs_mistake_mask=E"":1}"
   2769920,        57,         0,   117.7,decoder_by_matrix,5c8c81bfec719079c388cedc47a351f264c1bf769ae28a89f9b4fc7719fea501,"{""distance"":3,""physical_error_rate"":0.0005}","{""detection_events"":202653,""detectors_checked"":149575680,""obs_mistake_mask=E"":57}"
   2759680,        46,         0,   117.1,decoder_by_matrix,5c8c81bfec719079c388cedc47a351f264c1bf769ae28a89f9b4fc7719fea501,"{""distance"":3,""physical_error_rate"":0.0005}","{""detection_events"":202902,""detectors_checked"":149022720,""obs_mistake_mask=E"":46}"
   3093504,         4,         0,   117.9,decoder_by_matrix,beec9fd12293a9cfe53c9b61fb8ce2a525e4eed38fa75d132d6dc64699336876,"{""distance"":3,""physical_error_rate"":0.0001}","{""detection_events"":45561,""detectors_checked"":167049216,""obs_mistake_mask=E"":4}"
   3624960,         0,         0,   118.0,decoder_by_matrix,36e3cd26fed5ec7649ec51fb08c1a5e7d7f30e615782d954fee045c18a4962ca,"{""distance"":3,""physical_error_rate"":5e-05}","{""detection_events"":26430,""detectors_checked"":195747840}"
   3634176,         1,         0,   116.7,decoder_by_matrix,36e3cd26fed5ec7649ec51fb08c1a5e7d7f30e615782d954fee045c18a4962ca,"{""distance"":3,""physical_error_rate"":5e-05}","{""detection_events"":26895,""detectors_checked"":196245504,""obs_mistake_mask=E"":1}"
   2769920,        47,         0,   117.3,decoder_by_matrix,5c8c81bfec719079c388cedc47a351f264c1bf769ae28a89f9b4fc7719fea501,"{""distance"":3,""physical_error_rate"":0.0005}","{""detection_events"":202785,""detectors_checked"":149575680,""obs_mistake_mask=E"":47}"
   3090432,         0,         0,   117.5,decoder_by_matrix,beec9fd12293a9cfe53c9b61fb8ce2a525e4eed38fa75d132d6dc64699336876,"{""distance"":3,""physical_error_rate"":0.0001}","{""detection_events"":45267,""detectors_checked"":166883328}"
   2755584,        46,         0,   117.1,decoder_by_matrix,5c8c81bfec719079c388cedc47a351f264c1bf769ae28a89f9b4fc7719fea501,"{""distance"":3,""physical_error_rate"":0.0005}","{""detection_events"":198312,""detectors_checked"":148801536,""obs_mistake_mask=E"":46}"
   3067904,         1,         0,   117.3,decoder_by_matrix,beec9fd12293a9cfe53c9b61fb8ce2a525e4eed38fa75d132d6dc64699336876,"{""distance"":3,""physical_error_rate"":0.0001}","{""detection_events"":45873,""detectors_checked"":165666816,""obs_mistake_mask=E"":1}"
   3090432,         1,         0,   117.5,decoder_by_matrix,beec9fd12293a9cfe53c9b61fb8ce2a525e4eed38fa75d132d6dc64699336876,"{""distance"":3,""physical_error_rate"":0.0001}","{""detection_events"":45624,""detectors_checked"":166883328,""obs_mistake_mask=E"":1}"
   3676160,         0,         0,   117.6,decoder_by_matrix,36e3cd26fed5ec7649ec51fb08c1a5e7d7f30e615782d954fee045c18a4962ca,"{""distance"":3,""physical_error_rate"":5e-05}","{""detection_events"":27558,""detectors_checked"":198512640}"
   2761728,        62,         0,   118.0,decoder_by_matrix,5c8c81bfec719079c388cedc47a351f264c1bf769ae28a89f9b4fc7719fea501,"{""distance"":3,""physical_error_rate"":0.0005}","{""detection_events"":200109,""detectors_checked"":149133312,""obs_mistake_mask=E"":62}"
   3120128,         3,         0,   117.5,decoder_by_matrix,beec9fd12293a9cfe53c9b61fb8ce2a525e4eed38fa75d132d6dc64699336876,"{""distance"":3,""physical_error_rate"":0.0001}","{""detection_events"":44235,""detectors_checked"":168486912,""obs_mistake_mask=E"":3}"
   2767872,        54,         0,   117.3,decoder_by_matrix,5c8c81bfec719079c388cedc47a351f264c1bf769ae28a89f9b4fc7719fea501,"{""distance"":3,""physical_error_rate"":0.0005}","{""detection_events"":200142,""detectors_checked"":149465088,""obs_mistake_mask=E"":54}"
   3654656,         1,         0,   118.4,decoder_by_matrix,36e3cd26fed5ec7649ec51fb08c1a5e7d7f30e615782d954fee045c18a4962ca,"{""distance"":3,""physical_error_rate"":5e-05}","{""detection_events"":26646,""detectors_checked"":197351424,""obs_mistake_mask=E"":1}"
   3638272,         0,         0,   118.0,decoder_by_matrix,36e3cd26fed5ec7649ec51fb08c1a5e7d7f30e615782d954fee045c18a4962ca,"{""distance"":3,""physical_error_rate"":5e-05}","{""detection_events"":25656,""detectors_checked"":196466688}"
   2775040,        56,         0,   117.7,decoder_by_matrix,5c8c81bfec719079c388cedc47a351f264c1bf769ae28a89f9b4fc7719fea501,"{""distance"":3,""physical_error_rate"":0.0005}","{""detection_events"":200031,""detectors_checked"":149852160,""obs_mistake_mask=E"":56}"
   2627584,        52,         0,   110.9,decoder_by_matrix,5c8c81bfec719079c388cedc47a351f264c1bf769ae28a89f9b4fc7719fea501,"{""distance"":3,""physical_error_rate"":0.0005}","{""detection_events"":190137,""detectors_checked"":141889536,""obs_mistake_mask=E"":52}"
   3640320,         1,         0,   117.6,decoder_by_matrix,36e3cd26fed5ec7649ec51fb08c1a5e7d7f30e615782d954fee045c18a4962ca,"{""distance"":3,""physical_error_rate"":5e-05}","{""detection_events"":27813,""detectors_checked"":196577280,""obs_mistake_mask=E"":1}"
   2607104,        51,         0,   110.3,decoder_by_matrix,5c8c81bfec719079c388cedc47a351f264c1bf769ae28a89f9b4fc7719fea501,"{""distance"":3,""physical_error_rate"":0.0005}","{""detection_events"":190410,""detectors_checked"":140783616,""obs_mistake_mask=E"":51}"
    402432,         7,         0,    16.4,decoder_by_matrix,5c8c81bfec719079c388cedc47a351f264c1bf769ae28a89f9b4fc7719fea501,"{""distance"":3,""physical_error_rate"":0.0005}","{""detection_events"":28968,""detectors_checked"":21731328,""obs_mistake_mask=E"":7}"
    982016,         9,         0,    41.1,decoder_by_matrix,5c8c81bfec719079c388cedc47a351f264c1bf769ae28a89f9b4fc7719fea501,"{""distance"":3,""physical_error_rate"":0.0005}","{""detection_events"":71211,""detectors_checked"":53028864,""obs_mistake_mask=E"":9}"
   2619392,        47,         0,   111.0,decoder_by_matrix,5c8c81bfec719079c388cedc47a351f264c1bf769ae28a89f9b4fc7719fea501,"{""distance"":3,""physical_error_rate"":0.0005}","{""detection_events"":192729,""detectors_checked"":141447168,""obs_mistake_mask=E"":47}"
   2638848,        46,         0,   111.5,decoder_by_matrix,5c8c81bfec719079c388cedc47a351f264c1bf769ae28a89f9b4fc7719fea501,"{""distance"":3,""physical_error_rate"":0.0005}","{""detection_events"":193137,""detectors_checked"":142497792,""obs_mistake_mask=E"":46}"
    974848,        20,         0,    41.8,decoder_by_matrix,5c8c81bfec719079c388cedc47a351f264c1bf769ae28a89f9b4fc7719fea501,"{""distance"":3,""physical_error_rate"":0.0005}","{""detection_events"":70848,""detectors_checked"":52641792,""obs_mistake_mask=E"":20}"
    401408,         6,         0,    17.2,decoder_by_matrix,5c8c81bfec719079c388cedc47a351f264c1bf769ae28a89f9b4fc7719fea501,"{""distance"":3,""physical_error_rate"":0.0005}","{""detection_events"":29514,""detectors_checked"":21676032,""obs_mistake_mask=E"":6}"
   2739200,        51,         0,   118.5,decoder_by_matrix,5c8c81bfec719079c388cedc47a351f264c1bf769ae28a89f9b4fc7719fea501,"{""distance"":3,""physical_error_rate"":0.0005}","{""detection_events"":201201,""detectors_checked"":147916800,""obs_mistake_mask=E"":51}"
         1,         0,         0,   0.000,decoder_by_matrix,36e3cd26fed5ec7649ec51fb08c1a5e7d7f30e615782d954fee045c18a4962ca,"{""distance"":3,""physical_error_rate"":5e-05}","{""detectors_checked"":54}"
         1,         0,         0,   0.000,decoder_by_matrix,beec9fd12293a9cfe53c9b61fb8ce2a525e4eed38fa75d132d6dc64699336876,"{""distance"":3,""physical_error_rate"":0.0001}","{""detectors_checked"":54}"
   3657728,         2,         0,   117.4,decoder_by_matrix,36e3cd26fed5ec7649ec51fb08c1a5e7d7f30e615782d954fee045c18a4962ca,"{""distance"":3,""physical_error_rate"":5e-05}","{""detection_events"":26574,""detectors_checked"":197517312,""obs_mistake_mask=E"":2}"
      4368,         0,         0,   0.078,decoder_by_matrix,beec9fd12293a9cfe53c9b61fb8ce2a525e4eed38fa75d132d6dc64699336876,"{""distance"":3,""physical_error_rate"":0.0001}","{""detection_events"":30,""detectors_checked"":235872}"
      2321,         0,         0,   0.106,decoder_by_matrix,beec9fd12293a9cfe53c9b61fb8ce2a525e4eed38fa75d132d6dc64699336876,"{""distance"":3,""physical_error_rate"":0.0001}","{""detection_events"":21,""detectors_checked"":125334}"
      3344,         0,         0,   0.113,decoder_by_matrix,36e3cd26fed5ec7649ec51fb08c1a5e7d7f30e615782d954fee045c18a4962ca,"{""distance"":3,""physical_error_rate"":5e-05}","{""detection_events"":24,""detectors_checked"":180576}"
         1,         0,         0,   0.000,decoder_by_matrix,36e3cd26fed5ec7649ec51fb08c1a5e7d7f30e615782d954fee045c18a4962ca,"{""distance"":3,""physical_error_rate"":5e-05}","{""detectors_checked"":54}"
         1,         0,         0,   0.000,decoder_by_matrix,beec9fd12293a9cfe53c9b61fb8ce2a525e4eed38fa75d132d6dc64699336876,"{""distance"":3,""physical_error_rate"":0.0001}","{""detectors_checked"":54}"
         1,         0,         0,   0.000,decoder_by_matrix,36e3cd26fed5ec7649ec51fb08c1a5e7d7f30e615782d954fee045c18a4962ca,"{""distance"":3,""physical_error_rate"":5e-05}","{""detectors_checked"":54}"
         1,         0,         0,   0.000,decoder_by_matrix,beec9fd12293a9cfe53c9b61fb8ce2a525e4eed38fa75d132d6dc64699336876,"{""distance"":3,""physical_error_rate"":0.0001}","{""detectors_checked"":54}"
         1,         0,         0,   0.000,decoder_by_matrix,36e3cd26fed5ec7649ec51fb08c1a5e7d7f30e615782d954fee045c18a4962ca,"{""distance"":3,""physical_error_rate"":5e-05}","{""detectors_checked"":54}"
         1,         0,         0,   0.000,decoder_by_matrix,36e3cd26fed5ec7649ec51fb08c1a5e7d7f30e615782d954fee045c18a4962ca,"{""distance"":3,""physical_error_rate"":5e-05}","{""detectors_checked"":54}"
      1024,         0,         0,   0.024,decoder_by_matrix,36e3cd26fed5ec7649ec51fb08c1a5e7d7f30e615782d954fee045c18a4962ca,"{""distance"":3,""physical_error_rate"":5e-05}","{""detectors_checked"":55296}"
         1,         0,         0,   0.000,decoder_by_matrix,beec9fd12293a9cfe53c9b61fb8ce2a525e4eed38fa75d132d6dc64699336876,"{""distance"":3,""physical_error_rate"":0.0001}","{""detectors_checked"":54}"
      3344,         0,         0,   0.032,decoder_by_matrix,36e3cd26fed5ec7649ec51fb08c1a5e7d7f30e615782d954fee045c18a4962ca,"{""distance"":3,""physical_error_rate"":5e-05}","{""detection_events"":9,""detectors_checked"":180576}"
      4368,         0,         0,   0.033,decoder_by_matrix,beec9fd12293a9cfe53c9b61fb8ce2a525e4eed38fa75d132d6dc64699336876,"{""distance"":3,""physical_error_rate"":0.0001}","{""detection_events"":60,""detectors_checked"":235872}"
      4368,         0,         0,   0.033,decoder_by_matrix,36e3cd26fed5ec7649ec51fb08c1a5e7d7f30e615782d954fee045c18a4962ca,"{""distance"":3,""physical_error_rate"":5e-05}","{""detection_events"":48,""detectors_checked"":235872}"
      4368,         0,         0,   0.032,decoder_by_matrix,beec9fd12293a9cfe53c9b61fb8ce2a525e4eed38fa75d132d6dc64699336876,"{""distance"":3,""physical_error_rate"":0.0001}","{""detection_events"":27,""detectors_checked"":235872}"
      3344,         0,         0,   0.032,decoder_by_matrix,36e3cd26fed5ec7649ec51fb08c1a5e7d7f30e615782d954fee045c18a4962ca,"{""distance"":3,""physical_error_rate"":5e-05}","{""detection_events"":33,""detectors_checked"":180576}"
      3344,         0,         0,   0.032,decoder_by_matrix,36e3cd26fed5ec7649ec51fb08c1a5e7d7f30e615782d954fee045c18a4962ca,"{""distance"":3,""physical_error_rate"":5e-05}","{""detection_events"":57,""detectors_checked"":180576}"
   3116032,         4,         0,   116.9,decoder_by_matrix,beec9fd12293a9cfe53c9b61fb8ce2a525e4eed38fa75d132d6dc64699336876,"{""distance"":3,""physical_error_rate"":0.0001}","{""detection_events"":45060,""detectors_checked"":168265728,""obs_mistake_mask=E"":4}"
      3072,         0,         0,   0.044,decoder_by_matrix,36e3cd26fed5ec7649ec51fb08c1a5e7d7f30e615782d954fee045c18a4962ca,"{""distance"":3,""physical_error_rate"":5e-05}","{""detection_events"":27,""detectors_checked"":165888}"
      3344,         0,         0,   0.052,decoder_by_matrix,beec9fd12293a9cfe53c9b61fb8ce2a525e4eed38fa75d132d6dc64699336876,"{""distance"":3,""physical_error_rate"":0.0001}","{""detection_events"":39,""detectors_checked"":180576}"
   3683328,         1,         0,   116.4,decoder_by_matrix,36e3cd26fed5ec7649ec51fb08c1a5e7d7f30e615782d954fee045c18a4962ca,"{""distance"":3,""physical_error_rate"":5e-05}","{""detection_events"":26724,""detectors_checked"":198899712,""obs_mistake_mask=E"":1}"
   3121152,         1,         0,   117.7,decoder_by_matrix,beec9fd12293a9cfe53c9b61fb8ce2a525e4eed38fa75d132d6dc64699336876,"{""distance"":3,""physical_error_rate"":0.0001}","{""detection_events"":45585,""detectors_checked"":168542208,""obs_mistake_mask=E"":1}"
      3072,         0,         0,   0.075,decoder_by_matrix,beec9fd12293a9cfe53c9b61fb8ce2a525e4eed38fa75d132d6dc64699336876,"{""distance"":3,""physical_error_rate"":0.0001}","{""detection_events"":27,""detectors_checked"":165888}"
      3072,         0,         0,   0.076,decoder_by_matrix,beec9fd12293a9cfe53c9b61fb8ce2a525e4eed38fa75d132d6dc64699336876,"{""distance"":3,""physical_error_rate"":0.0001}","{""detection_events"":36,""detectors_checked"":165888}"
      3072,         0,         0,   0.083,decoder_by_matrix,36e3cd26fed5ec7649ec51fb08c1a5e7d7f30e615782d954fee045c18a4962ca,"{""distance"":3,""physical_error_rate"":5e-05}","{""detection_events"":18,""detectors_checked"":165888}"
      3072,         0,         0,   0.157,decoder_by_matrix,beec9fd12293a9cfe53c9b61fb8ce2a525e4eed38fa75d132d6dc64699336876,"{""distance"":3,""physical_error_rate"":0.0001}","{""detection_events"":39,""detectors_checked"":165888}"
      3072,         0,         0,   0.095,decoder_by_matrix,36e3cd26fed5ec7649ec51fb08c1a5e7d7f30e615782d954fee045c18a4962ca,"{""distance"":3,""physical_error_rate"":5e-05}","{""detection_events"":36,""detectors_checked"":165888}"
      4096,         0,         0,   0.107,decoder_by_matrix,36e3cd26fed5ec7649ec51fb08c1a5e7d7f30e615782d954fee045c18a4962ca,"{""distance"":3,""physical_error_rate"":5e-05}","{""detection_events"":30,""detectors_checked"":221184}"
      3072,         0,         0,   0.140,decoder_by_matrix,36e3cd26fed5ec7649ec51fb08c1a5e7d7f30e615782d954fee045c18a4962ca,"{""distance"":3,""physical_error_rate"":5e-05}","{""detection_events"":33,""detectors_checked"":165888}"
   3069952,         3,         0,   117.1,decoder_by_matrix,beec9fd12293a9cfe53c9b61fb8ce2a525e4eed38fa75d132d6dc64699336876,"{""distance"":3,""physical_error_rate"":0.0001}","{""detection_events"":44832,""detectors_checked"":165777408,""obs_mistake_mask=E"":3}"
      4096,         0,         0,   0.215,decoder_by_matrix,beec9fd12293a9cfe53c9b61fb8ce2a525e4eed38fa75d132d6dc64699336876,"{""distance"":3,""physical_error_rate"":0.0001}","{""detection_events"":48,""detectors_checked"":221184}"
      3072,         0,         0,   0.123,decoder_by_matrix,beec9fd12293a9cfe53c9b61fb8ce2a525e4eed38fa75d132d6dc64699336876,"{""distance"":3,""physical_error_rate"":0.0001}","{""detection_events"":90,""detectors_checked"":165888}"
      3072,         0,         0,   0.130,decoder_by_matrix,36e3cd26fed5ec7649ec51fb08c1a5e7d7f30e615782d954fee045c18a4962ca,"{""distance"":3,""physical_error_rate"":5e-05}","{""detection_events"":51,""detectors_checked"":165888}"
   3705856,         2,         0,   116.1,decoder_by_matrix,36e3cd26fed5ec7649ec51fb08c1a5e7d7f30e615782d954fee045c18a4962ca,"{""distance"":3,""physical_error_rate"":5e-05}","{""detection_events"":26832,""detectors_checked"":200116224,""obs_mistake_mask=E"":2}"
      3072,         0,         0,   0.109,decoder_by_matrix,beec9fd12293a9cfe53c9b61fb8ce2a525e4eed38fa75d132d6dc64699336876,"{""distance"":3,""physical_error_rate"":0.0001}","{""detection_events"":51,""detectors_checked"":165888}"
      3072,         0,         0,   0.136,decoder_by_matrix,beec9fd12293a9cfe53c9b61fb8ce2a525e4eed38fa75d132d6dc64699336876,"{""distance"":3,""physical_error_rate"":0.0001}","{""detection_events"":57,""detectors_checked"":165888}"
      3072,         0,         0,   0.136,decoder_by_matrix,beec9fd12293a9cfe53c9b61fb8ce2a525e4eed38fa75d132d6dc64699336876,"{""distance"":3,""physical_error_rate"":0.0001}","{""detection_events"":45,""detectors_checked"":165888}"
      3072,         0,         0,   0.136,decoder_by_matrix,36e3cd26fed5ec7649ec51fb08c1a5e7d7f30e615782d954fee045c18a4962ca,"{""distance"":3,""physical_error_rate"":5e-05}","{""detection_events"":12,""detectors_checked"":165888}"
      4096,         0,         0,   0.129,decoder_by_matrix,36e3cd26fed5ec7649ec51fb08c1a5e7d7f30e615782d954fee045c18a4962ca,"{""distance"":3,""physical_error_rate"":5e-05}","{""detection_events"":24,""detectors_checked"":221184}"
      3072,         0,         0,   0.119,decoder_by_matrix,36e3cd26fed5ec7649ec51fb08c1a5e7d7f30e615782d954fee045c18a4962ca,"{""distance"":3,""physical_error_rate"":5e-05}","{""detection_events"":24,""detectors_checked"":165888}"
      3072,         0,         0,   0.132,decoder_by_matrix,36e3cd26fed5ec7649ec51fb08c1a5e7d7f30e615782d954fee045c18a4962ca,"{""distance"":3,""physical_error_rate"":5e-05}","{""detection_events"":12,""detectors_checked"":165888}"
      3072,         0,         0,   0.124,decoder_by_matrix,beec9fd12293a9cfe53c9b61fb8ce2a525e4eed38fa75d132d6dc64699336876,"{""distance"":3,""physical_error_rate"":0.0001}","{""detection_events"":45,""detectors_checked"":165888}"
      5120,         0,         0,   0.126,decoder_by_matrix,36e3cd26fed5ec7649ec51fb08c1a5e7d7f30e615782d954fee045c18a4962ca,"{""distance"":3,""physical_error_rate"":5e-05}","{""detection_events"":18,""detectors_checked"":276480}"
      3072,         0,         0,   0.133,decoder_by_matrix,beec9fd12293a9cfe53c9b61fb8ce2a525e4eed38fa75d132d6dc64699336876,"{""distance"":3,""physical_error_rate"":0.0001}","{""detection_events"":45,""detectors_checked"":165888}"
      3072,         0,         0,   0.130,decoder_by_matrix,beec9fd12293a9cfe53c9b61fb8ce2a525e4eed38fa75d132d6dc64699336876,"{""distance"":3,""physical_error_rate"":0.0001}","{""detection_events"":48,""detectors_checked"":165888}"
      3072,         0,         0,   0.131,decoder_by_matrix,beec9fd12293a9cfe53c9b61fb8ce2a525e4eed38fa75d132d6dc64699336876,"{""distance"":3,""physical_error_rate"":0.0001}","{""detection_events"":48,""detectors_checked"":165888}"
      4096,         0,         0,   0.131,decoder_by_matrix,beec9fd12293a9cfe53c9b61fb8ce2a525e4eed38fa75d132d6dc64699336876,"{""distance"":3,""physical_error_rate"":0.0001}","{""detection_events"":78,""detectors_checked"":221184}"
      4096,         0,         0,   0.131,decoder_by_matrix,36e3cd26fed5ec7649ec51fb08c1a5e7d7f30e615782d954fee045c18a4962ca,"{""distance"":3,""physical_error_rate"":5e-05}","{""detection_events"":39,""detectors_checked"":221184}"
      4096,         0,         0,   0.131,decoder_by_matrix,36e3cd26fed5ec7649ec51fb08c1a5e7d7f30e615782d954fee045c18a4962ca,"{""distance"":3,""physical_error_rate"":5e-05}","{""detection_events"":18,""detectors_checked"":221184}"
      5120,         0,         0,   0.131,decoder_by_matrix,36e3cd26fed5ec7649ec51fb08c1a5e7d7f30e615782d954fee045c18a4962ca,"{""distance"":3,""physical_error_rate"":5e-05}","{""detection_events"":30,""detectors_checked"":276480}"
      4096,         0,         0,   0.131,decoder_by_matrix,36e3cd26fed5ec7649ec51fb08c1a5e7d7f30e615782d954fee045c18a4962ca,"{""distance"":3,""physical_error_rate"":5e-05}","{""detection_events"":9,""detectors_checked"":221184}"
      3072,         0,         0,   0.131,decoder_by_matrix,beec9fd12293a9cfe53c9b61fb8ce2a525e4eed38fa75d132d6dc64699336876,"{""distance"":3,""physical_error_rate"":0.0001}","{""detection_events"":54,""detectors_checked"":165888}"
      2048,         0,         0,   0.130,decoder_by_matrix,36e3cd26fed5ec7649ec51fb08c1a5e7d7f30e615782d954fee045c18a4962ca,"{""distance"":3,""physical_error_rate"":5e-05}","{""detection_events"":36,""detectors_checked"":110592}"
      3072,         0,         0,   0.131,decoder_by_matrix,beec9fd12293a9cfe53c9b61fb8ce2a525e4eed38fa75d132d6dc64699336876,"{""distance"":3,""physical_error_rate"":0.0001}","{""detection_events"":75,""detectors_checked"":165888}"
      3072,         0,         0,   0.125,decoder_by_matrix,beec9fd12293a9cfe53c9b61fb8ce2a525e4eed38fa75d132d6dc64699336876,"{""distance"":3,""physical_error_rate"":0.0001}","{""detection_events"":72,""detectors_checked"":165888}"
      3072,         0,         0,   0.126,decoder_by_matrix,beec9fd12293a9cfe53c9b61fb8ce2a525e4eed38fa75d132d6dc64699336876,"{""distance"":3,""physical_error_rate"":0.0001}","{""detection_events"":51,""detectors_checked"":165888}"
      3072,         0,         0,   0.125,decoder_by_matrix,36e3cd26fed5ec7649ec51fb08c1a5e7d7f30e615782d954fee045c18a4962ca,"{""distance"":3,""physical_error_rate"":5e-05}","{""detection_events"":12,""detectors_checked"":165888}"
      4096,         0,         0,   0.126,decoder_by_matrix,36e3cd26fed5ec7649ec51fb08c1a5e7d7f30e615782d954fee045c18a4962ca,"{""distance"":3,""physical_error_rate"":5e-05}","{""detection_events"":30,""detectors_checked"":221184}"
      4096,         0,         0,   0.162,decoder_by_matrix,beec9fd12293a9cfe53c9b61fb8ce2a525e4eed38fa75d132d6dc64699336876,"{""distance"":3,""physical_error_rate"":0.0001}","{""detection_events"":69,""detectors_checked"":221184}"
      3072,         0,         0,   0.130,decoder_by_matrix,36e3cd26fed5ec7649ec51fb08c1a5e7d7f30e615782d954fee045c18a4962ca,"{""distance"":3,""physical_error_rate"":5e-05}","{""detection_events"":27,""detectors_checked"":165888}"
      4096,         0,         0,   0.130,decoder_by_matrix,36e3cd26fed5ec7649ec51fb08c1a5e7d7f30e615782d954fee045c18a4962ca,"{""distance"":3,""physical_error_rate"":5e-05}","{""detection_events"":18,""detectors_checked"":221184}"
      3072,         0,         0,   0.130,decoder_by_matrix,beec9fd12293a9cfe53c9b61fb8ce2a525e4eed38fa75d132d6dc64699336876,"{""distance"":3,""physical_error_rate"":0.0001}","{""detection_events"":51,""detectors_checked"":165888}"
      3072,         0,         0,   0.130,decoder_by_matrix,36e3cd26fed5ec7649ec51fb08c1a5e7d7f30e615782d954fee045c18a4962ca,"{""distance"":3,""physical_error_rate"":5e-05}","{""detection_events"":36,""detectors_checked"":165888}"
      4096,         0,         0,   0.130,decoder_by_matrix,beec9fd12293a9cfe53c9b61fb8ce2a525e4eed38fa75d132d6dc64699336876,"{""distance"":3,""physical_error_rate"":0.0001}","{""detection_events"":21,""detectors_checked"":221184}"
      2048,         0,         0,   0.124,decoder_by_matrix,beec9fd12293a9cfe53c9b61fb8ce2a525e4eed38fa75d132d6dc64699336876,"{""distance"":3,""physical_error_rate"":0.0001}","{""detection_events"":21,""detectors_checked"":110592}"
      4096,         0,         0,   0.125,decoder_by_matrix,36e3cd26fed5ec7649ec51fb08c1a5e7d7f30e615782d954fee045c18a4962ca,"{""distance"":3,""physical_error_rate"":5e-05}","{""detection_events"":27,""detectors_checked"":221184}"
      3072,         0,         0,   0.124,decoder_by_matrix,36e3cd26fed5ec7649ec51fb08c1a5e7d7f30e615782d954fee045c18a4962ca,"{""distance"":3,""physical_error_rate"":5e-05}","{""detection_events"":42,""detectors_checked"":165888}"
      3072,         0,         0,   0.125,decoder_by_matrix,beec9fd12293a9cfe53c9b61fb8ce2a525e4eed38fa75d132d6dc64699336876,"{""distance"":3,""physical_error_rate"":0.0001}","{""detection_events"":24,""detectors_checked"":165888}"
      3072,         0,         0,   0.157,decoder_by_matrix,beec9fd12293a9cfe53c9b61fb8ce2a525e4eed38fa75d132d6dc64699336876,"{""distance"":3,""physical_error_rate"":0.0001}","{""detection_events"":66,""detectors_checked"":165888}"
      4096,         0,         0,   0.129,decoder_by_matrix,36e3cd26fed5ec7649ec51fb08c1a5e7d7f30e615782d954fee045c18a4962ca,"{""distance"":3,""physical_error_rate"":5e-05}","{""detection_events"":12,""detectors_checked"":221184}"
      3072,         0,         0,   0.129,decoder_by_matrix,36e3cd26fed5ec7649ec51fb08c1a5e7d7f30e615782d954fee045c18a4962ca,"{""distance"":3,""physical_error_rate"":5e-05}","{""detection_events"":36,""detectors_checked"":165888}"
      3072,         0,         0,   0.129,decoder_by_matrix,beec9fd12293a9cfe53c9b61fb8ce2a525e4eed38fa75d132d6dc64699336876,"{""distance"":3,""physical_error_rate"":0.0001}","{""detection_events"":21,""detectors_checked"":165888}"
      5120,         0,         0,   0.130,decoder_by_matrix,36e3cd26fed5ec7649ec51fb08c1a5e7d7f30e615782d954fee045c18a4962ca,"{""distance"":3,""physical_error_rate"":5e-05}","{""detection_events"":27,""detectors_checked"":276480}"
      3072,         0,         0,   0.129,decoder_by_matrix,beec9fd12293a9cfe53c9b61fb8ce2a525e4eed38fa75d132d6dc64699336876,"{""distance"":3,""physical_error_rate"":0.0001}","{""detection_events"":54,""detectors_checked"":165888}"
      4096,         0,         0,   0.121,decoder_by_matrix,beec9fd12293a9cfe53c9b61fb8ce2a525e4eed38fa75d132d6dc64699336876,"{""distance"":3,""physical_error_rate"":0.0001}","{""detection_events"":60,""detectors_checked"":221184}"
      3072,         0,         0,   0.129,decoder_by_matrix,36e3cd26fed5ec7649ec51fb08c1a5e7d7f30e615782d954fee045c18a4962ca,"{""distance"":3,""physical_error_rate"":5e-05}","{""detection_events"":12,""detectors_checked"":165888}"
      3072,         0,         0,   0.130,decoder_by_matrix,36e3cd26fed5ec7649ec51fb08c1a5e7d7f30e615782d954fee045c18a4962ca,"{""distance"":3,""physical_error_rate"":5e-05}","{""detection_events"":36,""detectors_checked"":165888}"
      3072,         0,         0,   0.130,decoder_by_matrix,beec9fd12293a9cfe53c9b61fb8ce2a525e4eed38fa75d132d6dc64699336876,"{""distance"":3,""physical_error_rate"":0.0001}","{""detection_events"":60,""detectors_checked"":165888}"
      4096,         0,         0,   0.130,decoder_by_matrix,beec9fd12293a9cfe53c9b61fb8ce2a525e4eed38fa75d132d6dc64699336876,"{""distance"":3,""physical_error_rate"":0.0001}","{""detection_events"":39,""detectors_checked"":221184}"
      4096,         0,         0,   0.130,decoder_by_matrix,36e3cd26fed5ec7649ec51fb08c1a5e7d7f30e615782d954fee045c18a4962ca,"{""distance"":3,""physical_error_rate"":5e-05}","{""detection_events"":21,""detectors_checked"":221184}"
      3072,         0,         0,   0.129,decoder_by_matrix,beec9fd12293a9cfe53c9b61fb8ce2a525e4eed38fa75d132d6dc64699336876,"{""distance"":3,""physical_error_rate"":0.0001}","{""detection_events"":48,""detectors_checked"":165888}"
      4096,         0,         0,   0.130,decoder_by_matrix,beec9fd12293a9cfe53c9b61fb8ce2a525e4eed38fa75d132d6dc64699336876,"{""distance"":3,""physical_error_rate"":0.0001}","{""detection_events"":15,""detectors_checked"":221184}"
      3072,         0,         0,   0.153,decoder_by_matrix,beec9fd12293a9cfe53c9b61fb8ce2a525e4eed38fa75d132d6dc64699336876,"{""distance"":3,""physical_error_rate"":0.0001}","{""detection_events"":36,""detectors_checked"":165888}"
      3072,         0,         0,   0.130,decoder_by_matrix,beec9fd12293a9cfe53c9b61fb8ce2a525e4eed38fa75d132d6dc64699336876,"{""distance"":3,""physical_error_rate"":0.0001}","{""detection_events"":39,""detectors_checked"":165888}"
      9216,         0,         0,   0.260,decoder_by_matrix,36e3cd26fed5ec7649ec51fb08c1a5e7d7f30e615782d954fee045c18a4962ca,"{""distance"":3,""physical_error_rate"":5e-05}","{""detection_events"":69,""detectors_checked"":497664}"
      8192,         0,         0,   0.259,decoder_by_matrix,36e3cd26fed5ec7649ec51fb08c1a5e7d7f30e615782d954fee045c18a4962ca,"{""distance"":3,""physical_error_rate"":5e-05}","{""detection_events"":54,""detectors_checked"":442368}"
      7168,         0,         0,   0.253,decoder_by_matrix,36e3cd26fed5ec7649ec51fb08c1a5e7d7f30e615782d954fee045c18a4962ca,"{""distance"":3,""physical_error_rate"":5e-05}","{""detection_events"":51,""detectors_checked"":387072}"
      7168,         0,         0,   0.254,decoder_by_matrix,36e3cd26fed5ec7649ec51fb08c1a5e7d7f30e615782d954fee045c18a4962ca,"{""distance"":3,""physical_error_rate"":5e-05}","{""detection_events"":81,""detectors_checked"":387072}"
      6144,         0,         0,   0.253,decoder_by_matrix,beec9fd12293a9cfe53c9b61fb8ce2a525e4eed38fa75d132d6dc64699336876,"{""distance"":3,""physical_error_rate"":0.0001}","{""detection_events"":60,""detectors_checked"":331776}"
      7168,         0,         0,   0.258,decoder_by_matrix,36e3cd26fed5ec7649ec51fb08c1a5e7d7f30e615782d954fee045c18a4962ca,"{""distance"":3,""physical_error_rate"":5e-05}","{""detection_events"":36,""detectors_checked"":387072}"
      7168,         0,         0,   0.258,decoder_by_matrix,beec9fd12293a9cfe53c9b61fb8ce2a525e4eed38fa75d132d6dc64699336876,"{""distance"":3,""physical_error_rate"":0.0001}","{""detection_events"":105,""detectors_checked"":387072}"
      6144,         0,         0,   0.258,decoder_by_matrix,beec9fd12293a9cfe53c9b61fb8ce2a525e4eed38fa75d132d6dc64699336876,"{""distance"":3,""physical_error_rate"":0.0001}","{""detection_events"":81,""detectors_checked"":331776}"
      6144,         0,         0,   0.246,decoder_by_matrix,beec9fd12293a9cfe53c9b61fb8ce2a525e4eed38fa75d132d6dc64699336876,"{""distance"":3,""physical_error_rate"":0.0001}","{""detection_events"":93,""detectors_checked"":331776}"
      7168,         0,         0,   0.254,decoder_by_matrix,36e3cd26fed5ec7649ec51fb08c1a5e7d7f30e615782d954fee045c18a4962ca,"{""distance"":3,""physical_error_rate"":5e-05}","{""detection_events"":69,""detectors_checked"":387072}"
      7168,         0,         0,   0.281,decoder_by_matrix,beec9fd12293a9cfe53c9b61fb8ce2a525e4eed38fa75d132d6dc64699336876,"{""distance"":3,""physical_error_rate"":0.0001}","{""detection_events"":75,""detectors_checked"":387072}"
      7168,         0,         0,   0.260,decoder_by_matrix,36e3cd26fed5ec7649ec51fb08c1a5e7d7f30e615782d954fee045c18a4962ca,"{""distance"":3,""physical_error_rate"":5e-05}","{""detection_events"":48,""detectors_checked"":387072}"
      8192,         0,         0,   0.254,decoder_by_matrix,36e3cd26fed5ec7649ec51fb08c1a5e7d7f30e615782d954fee045c18a4962ca,"{""distance"":3,""physical_error_rate"":5e-05}","{""detection_events"":54,""detectors_checked"":442368}"
      8192,         0,         0,   0.259,decoder_by_matrix,beec9fd12293a9cfe53c9b61fb8ce2a525e4eed38fa75d132d6dc64699336876,"{""distance"":3,""physical_error_rate"":0.0001}","{""detection_events"":102,""detectors_checked"":442368}"
      7168,         0,         0,   0.278,decoder_by_matrix,36e3cd26fed5ec7649ec51fb08c1a5e7d7f30e615782d954fee045c18a4962ca,"{""distance"":3,""physical_error_rate"":5e-05}","{""detection_events"":54,""detectors_checked"":387072}"
      8192,         0,         0,   0.257,decoder_by_matrix,36e3cd26fed5ec7649ec51fb08c1a5e7d7f30e615782d954fee045c18a4962ca,"{""distance"":3,""physical_error_rate"":5e-05}","{""detection_events"":36,""detectors_checked"":442368}"
      7168,         0,         0,   0.258,decoder_by_matrix,beec9fd12293a9cfe53c9b61fb8ce2a525e4eed38fa75d132d6dc64699336876,"{""distance"":3,""physical_error_rate"":0.0001}","{""detection_events"":84,""detectors_checked"":387072}"
      6144,         0,         0,   0.262,decoder_by_matrix,beec9fd12293a9cfe53c9b61fb8ce2a525e4eed38fa75d132d6dc64699336876,"{""distance"":3,""physical_error_rate"":0.0001}","{""detection_events"":156,""detectors_checked"":331776}"
      6144,         0,         0,   0.263,decoder_by_matrix,beec9fd12293a9cfe53c9b61fb8ce2a525e4eed38fa75d132d6dc64699336876,"{""distance"":3,""physical_error_rate"":0.0001}","{""detection_events"":108,""detectors_checked"":331776}"
     10240,         0,         0,   0.361,decoder_by_matrix,36e3cd26fed5ec7649ec51fb08c1a5e7d7f30e615782d954fee045c18a4962ca,"{""distance"":3,""physical_error_rate"":5e-05}","{""detection_events"":51,""detectors_checked"":552960}"
      9216,         0,         0,   0.382,decoder_by_matrix,beec9fd12293a9cfe53c9b61fb8ce2a525e4eed38fa75d132d6dc64699336876,"{""distance"":3,""physical_error_rate"":0.0001}","{""detection_events"":186,""detectors_checked"":497664}"
     11264,         0,         0,   0.265,decoder_by_matrix,36e3cd26fed5ec7649ec51fb08c1a5e7d7f30e615782d954fee045c18a4962ca,"{""distance"":3,""physical_error_rate"":5e-05}","{""detection_events"":66,""detectors_checked"":608256}"
     13312,         0,         0,   0.392,decoder_by_matrix,36e3cd26fed5ec7649ec51fb08c1a5e7d7f30e615782d954fee045c18a4962ca,"{""distance"":3,""physical_error_rate"":5e-05}","{""detection_events"":90,""detectors_checked"":718848}"
      9216,         0,         0,   0.380,decoder_by_matrix,beec9fd12293a9cfe53c9b61fb8ce2a525e4eed38fa75d132d6dc64699336876,"{""distance"":3,""physical_error_rate"":0.0001}","{""detection_events"":111,""detectors_checked"":497664}"
     12288,         0,         0,   0.380,decoder_by_matrix,36e3cd26fed5ec7649ec51fb08c1a5e7d7f30e615782d954fee045c18a4962ca,"{""distance"":3,""physical_error_rate"":5e-05}","{""detection_events"":90,""detectors_checked"":663552}"
     11264,         0,         0,   0.385,decoder_by_matrix,36e3cd26fed5ec7649ec51fb08c1a5e7d7f30e615782d954fee045c18a4962ca,"{""distance"":3,""physical_error_rate"":5e-05}","{""detection_events"":66,""detectors_checked"":608256}"
      9216,         0,         0,   0.385,decoder_by_matrix,beec9fd12293a9cfe53c9b61fb8ce2a525e4eed38fa75d132d6dc64699336876,"{""distance"":3,""physical_error_rate"":0.0001}","{""detection_events"":153,""detectors_checked"":497664}"
      9216,         0,         0,   0.389,decoder_by_matrix,beec9fd12293a9cfe53c9b61fb8ce2a525e4eed38fa75d132d6dc64699336876,"{""distance"":3,""physical_error_rate"":0.0001}","{""detection_events"":171,""detectors_checked"":497664}"
     11264,         0,         0,   0.409,decoder_by_matrix,beec9fd12293a9cfe53c9b61fb8ce2a525e4eed38fa75d132d6dc64699336876,"{""distance"":3,""physical_error_rate"":0.0001}","{""detection_events"":117,""detectors_checked"":608256}"
     16384,         0,         0,   0.508,decoder_by_matrix,36e3cd26fed5ec7649ec51fb08c1a5e7d7f30e615782d954fee045c18a4962ca,"{""distance"":3,""physical_error_rate"":5e-05}","{""detection_events"":114,""detectors_checked"":884736}"
     12288,         0,         0,   0.512,decoder_by_matrix,beec9fd12293a9cfe53c9b61fb8ce2a525e4eed38fa75d132d6dc64699336876,"{""distance"":3,""physical_error_rate"":0.0001}","{""detection_events"":204,""detectors_checked"":663552}"
     16384,         0,         0,   0.513,decoder_by_matrix,36e3cd26fed5ec7649ec51fb08c1a5e7d7f30e615782d954fee045c18a4962ca,"{""distance"":3,""physical_error_rate"":5e-05}","{""detection_events"":102,""detectors_checked"":884736}"
     14336,         0,         0,   0.506,decoder_by_matrix,36e3cd26fed5ec7649ec51fb08c1a5e7d7f30e615782d954fee045c18a4962ca,"{""distance"":3,""physical_error_rate"":5e-05}","{""detection_events"":90,""detectors_checked"":774144}"
     12288,         0,         0,   0.510,decoder_by_matrix,beec9fd12293a9cfe53c9b61fb8ce2a525e4eed38fa75d132d6dc64699336876,"{""distance"":3,""physical_error_rate"":0.0001}","{""detection_events"":204,""detectors_checked"":663552}"
     15360,         0,         0,   0.515,decoder_by_matrix,36e3cd26fed5ec7649ec51fb08c1a5e7d7f30e615782d954fee045c18a4962ca,"{""distance"":3,""physical_error_rate"":5e-05}","{""detection_events"":165,""detectors_checked"":829440}"
     16384,         0,         0,   0.506,decoder_by_matrix,36e3cd26fed5ec7649ec51fb08c1a5e7d7f30e615782d954fee045c18a4962ca,"{""distance"":3,""physical_error_rate"":5e-05}","{""detection_events"":150,""detectors_checked"":884736}"
     13312,         0,         0,   0.510,decoder_by_matrix,beec9fd12293a9cfe53c9b61fb8ce2a525e4eed38fa75d132d6dc64699336876,"{""distance"":3,""physical_error_rate"":0.0001}","{""detection_events"":141,""detectors_checked"":718848}"
     10240,         0,         0,   0.410,decoder_by_matrix,beec9fd12293a9cfe53c9b61fb8ce2a525e4eed38fa75d132d6dc64699336876,"{""distance"":3,""physical_error_rate"":0.0001}","{""detection_events"":159,""detectors_checked"":552960}"
     13312,         0,         0,   0.522,decoder_by_matrix,beec9fd12293a9cfe53c9b61fb8ce2a525e4eed38fa75d132d6dc64699336876,"{""distance"":3,""physical_error_rate"":0.0001}","{""detection_events"":129,""detectors_checked"":718848}"
     18432,         0,         0,   0.621,decoder_by_matrix,36e3cd26fed5ec7649ec51fb08c1a5e7d7f30e615782d954fee045c18a4962ca,"{""distance"":3,""physical_error_rate"":5e-05}","{""detection_events"":156,""detectors_checked"":995328}"
     17408,         0,         0,   0.630,decoder_by_matrix,beec9fd12293a9cfe53c9b61fb8ce2a525e4eed38fa75d132d6dc64699336876,"{""distance"":3,""physical_error_rate"":0.0001}","{""detection_events"":210,""detectors_checked"":940032}"
     19456,         0,         0,   0.650,decoder_by_matrix,36e3cd26fed5ec7649ec51fb08c1a5e7d7f30e615782d954fee045c18a4962ca,"{""distance"":3,""physical_error_rate"":5e-05}","{""detection_events"":93,""detectors_checked"":1050624}"
     21504,         0,         0,   0.649,decoder_by_matrix,36e3cd26fed5ec7649ec51fb08c1a5e7d7f30e615782d954fee045c18a4962ca,"{""distance"":3,""physical_error_rate"":5e-05}","{""detection_events"":129,""detectors_checked"":1161216}"
     17408,         0,         0,   0.650,decoder_by_matrix,beec9fd12293a9cfe53c9b61fb8ce2a525e4eed38fa75d132d6dc64699336876,"{""distance"":3,""physical_error_rate"":0.0001}","{""detection_events"":231,""detectors_checked"":940032}"
     18432,         0,         0,   0.517,decoder_by_matrix,36e3cd26fed5ec7649ec51fb08c1a5e7d7f30e615782d954fee045c18a4962ca,"{""distance"":3,""physical_error_rate"":5e-05}","{""detection_events"":123,""detectors_checked"":995328}"
     21504,         0,         0,   0.641,decoder_by_matrix,36e3cd26fed5ec7649ec51fb08c1a5e7d7f30e615782d954fee045c18a4962ca,"{""distance"":3,""physical_error_rate"":5e-05}","{""detection_events"":132,""detectors_checked"":1161216}"
     16384,         0,         0,   0.641,decoder_by_matrix,beec9fd12293a9cfe53c9b61fb8ce2a525e4eed38fa75d132d6dc64699336876,"{""distance"":3,""physical_error_rate"":0.0001}","{""detection_events"":249,""detectors_checked"":884736}"
     15360,         0,         0,   0.641,decoder_by_matrix,beec9fd12293a9cfe53c9b61fb8ce2a525e4eed38fa75d132d6dc64699336876,"{""distance"":3,""physical_error_rate"":0.0001}","{""detection_events"":351,""detectors_checked"":829440}"
     16384,         0,         0,   0.641,decoder_by_matrix,beec9fd12293a9cfe53c9b61fb8ce2a525e4eed38fa75d132d6dc64699336876,"{""distance"":3,""physical_error_rate"":0.0001}","{""detection_events"":228,""detectors_checked"":884736}"
     27648,         0,         0,   0.777,decoder_by_matrix,36e3cd26fed5ec7649ec51fb08c1a5e7d7f30e615782d954fee045c18a4962ca,"{""distance"":3,""physical_error_rate"":5e-05}","{""detection_events"":228,""detectors_checked"":1492992}"
     22528,         0,         0,   0.870,decoder_by_matrix,beec9fd12293a9cfe53c9b61fb8ce2a525e4eed38fa75d132d6dc64699336876,"{""distance"":3,""physical_error_rate"":0.0001}","{""detection_events"":315,""detectors_checked"":1216512}"
     33792,         0,         0,   0.774,decoder_by_matrix,36e3cd26fed5ec7649ec51fb08c1a5e7d7f30e615782d954fee045c18a4962ca,"{""distance"":3,""physical_error_rate"":5e-05}","{""detection_events"":144,""detectors_checked"":1824768}"
     26624,         0,         0,   0.845,decoder_by_matrix,36e3cd26fed5ec7649ec51fb08c1a5e7d7f30e615782d954fee045c18a4962ca,"{""distance"":3,""physical_error_rate"":5e-05}","{""detection_events"":189,""detectors_checked"":1437696}"
     22528,         0,         0,   0.898,decoder_by_matrix,36e3cd26fed5ec7649ec51fb08c1a5e7d7f30e615782d954fee045c18a4962ca,"{""distance"":3,""physical_error_rate"":5e-05}","{""detection_events"":210,""detectors_checked"":1216512}"
     32768,         0,         0,   0.777,decoder_by_matrix,36e3cd26fed5ec7649ec51fb08c1a5e7d7f30e615782d954fee045c18a4962ca,"{""distance"":3,""physical_error_rate"":5e-05}","{""detection_events"":156,""detectors_checked"":1769472}"
     23552,         0,         0,   0.914,decoder_by_matrix,beec9fd12293a9cfe53c9b61fb8ce2a525e4eed38fa75d132d6dc64699336876,"{""distance"":3,""physical_error_rate"":0.0001}","{""detection_events"":333,""detectors_checked"":1271808}"
     23552,         0,         0,   0.898,decoder_by_matrix,beec9fd12293a9cfe53c9b61fb8ce2a525e4eed38fa75d132d6dc64699336876,"{""distance"":3,""physical_error_rate"":0.0001}","{""detection_events"":363,""detectors_checked"":1271808}"
     23552,         0,         0,   0.775,decoder_by_matrix,beec9fd12293a9cfe53c9b61fb8ce2a525e4eed38fa75d132d6dc64699336876,"{""distance"":3,""physical_error_rate"":0.0001}","{""detection_events"":402,""detectors_checked"":1271808}"
     22528,         0,         0,   0.869,decoder_by_matrix,beec9fd12293a9cfe53c9b61fb8ce2a525e4eed38fa75d132d6dc64699336876,"{""distance"":3,""physical_error_rate"":0.0001}","{""detection_events"":237,""detectors_checked"":1216512}"
     36864,         0,         0,    1.18,decoder_by_matrix,36e3cd26fed5ec7649ec51fb08c1a5e7d7f30e615782d954fee045c18a4962ca,"{""distance"":3,""physical_error_rate"":5e-05}","{""detection_events"":174,""detectors_checked"":1990656}"
     29696,         0,         0,    1.17,decoder_by_matrix,beec9fd12293a9cfe53c9b61fb8ce2a525e4eed38fa75d132d6dc64699336876,"{""distance"":3,""physical_error_rate"":0.0001}","{""detection_events"":366,""detectors_checked"":1603584}"
     32768,         0,         0,    1.15,decoder_by_matrix,36e3cd26fed5ec7649ec51fb08c1a5e7d7f30e615782d954fee045c18a4962ca,"{""distance"":3,""physical_error_rate"":5e-05}","{""detection_events"":231,""detectors_checked"":1769472}"
     32768,         0,         0,    1.15,decoder_by_matrix,36e3cd26fed5ec7649ec51fb08c1a5e7d7f30e615782d954fee045c18a4962ca,"{""distance"":3,""physical_error_rate"":5e-05}","{""detection_events"":243,""detectors_checked"":1769472}"
     37888,         0,         0,    1.01,decoder_by_matrix,36e3cd26fed5ec7649ec51fb08c1a5e7d7f30e615782d954fee045c18a4962ca,"{""distance"":3,""physical_error_rate"":5e-05}","{""detection_events"":348,""detectors_checked"":2045952}"
     31744,         0,         0,    1.19,decoder_by_matrix,36e3cd26fed5ec7649ec51fb08c1a5e7d7f30e615782d954fee045c18a4962ca,"{""distance"":3,""physical_error_rate"":5e-05}","{""detection_events"":267,""detectors_checked"":1714176}"
     28672,         0,         0,    1.16,decoder_by_matrix,beec9fd12293a9cfe53c9b61fb8ce2a525e4eed38fa75d132d6dc64699336876,"{""distance"":3,""physical_error_rate"":0.0001}","{""detection_events"":477,""detectors_checked"":1548288}"
     27648,         0,         0,    1.03,decoder_by_matrix,beec9fd12293a9cfe53c9b61fb8ce2a525e4eed38fa75d132d6dc64699336876,"{""distance"":3,""physical_error_rate"":0.0001}","{""detection_events"":450,""detectors_checked"":1492992}"
     30720,         0,         0,    1.15,decoder_by_matrix,beec9fd12293a9cfe53c9b61fb8ce2a525e4eed38fa75d132d6dc64699336876,"{""distance"":3,""physical_error_rate"":0.0001}","{""detection_events"":438,""detectors_checked"":1658880}"
     27648,         0,         0,    1.19,decoder_by_matrix,beec9fd12293a9cfe53c9b61fb8ce2a525e4eed38fa75d132d6dc64699336876,"{""distance"":3,""physical_error_rate"":0.0001}","{""detection_events"":420,""detectors_checked"":1492992}"
   3107840,         1,         0,   117.6,decoder_by_matrix,beec9fd12293a9cfe53c9b61fb8ce2a525e4eed38fa75d132d6dc64699336876,"{""distance"":3,""physical_error_rate"":0.0001}","{""detection_events"":45081,""detectors_checked"":167823360,""obs_mistake_mask=E"":1}"
   3710976,         0,         0,   117.7,decoder_by_matrix,36e3cd26fed5ec7649ec51fb08c1a5e7d7f30e615782d954fee045c18a4962ca,"{""distance"":3,""physical_error_rate"":5e-05}","{""detection_events"":26739,""detectors_checked"":200392704}"
   3634176,         0,         0,   118.4,decoder_by_matrix,36e3cd26fed5ec7649ec51fb08c1a5e7d7f30e615782d954fee045c18a4962ca,"{""distance"":3,""physical_error_rate"":5e-05}","{""detection_events"":26133,""detectors_checked"":196245504}"
   3056640,         1,         0,   117.6,decoder_by_matrix,beec9fd12293a9cfe53c9b61fb8ce2a525e4eed38fa75d132d6dc64699336876,"{""distance"":3,""physical_error_rate"":0.0001}","{""detection_events"":44382,""detectors_checked"":165058560,""obs_mistake_mask=E"":1}"
   3095552,         2,         0,   118.0,decoder_by_matrix,beec9fd12293a9cfe53c9b61fb8ce2a525e4eed38fa75d132d6dc64699336876,"{""distance"":3,""physical_error_rate"":0.0001}","{""detection_events"":44325,""detectors_checked"":167159808,""obs_mistake_mask=E"":2}"
     54272,         0,         0,    1.65,decoder_by_matrix,36e3cd26fed5ec7649ec51fb08c1a5e7d7f30e615782d954fee045c18a4962ca,"{""distance"":3,""physical_error_rate"":5e-05}","{""detection_events"":360,""detectors_checked"":2930688}"
     47104,         0,         0,    1.56,decoder_by_matrix,36e3cd26fed5ec7649ec51fb08c1a5e7d7f30e615782d954fee045c18a4962ca,"{""distance"":3,""physical_error_rate"":5e-05}","{""detection_events"":336,""detectors_checked"":2543616}"
     41984,         0,         0,    1.68,decoder_by_matrix,beec9fd12293a9cfe53c9b61fb8ce2a525e4eed38fa75d132d6dc64699336876,"{""distance"":3,""physical_error_rate"":0.0001}","{""detection_events"":675,""detectors_checked"":2267136}"
     49152,         0,         0,    1.54,decoder_by_matrix,36e3cd26fed5ec7649ec51fb08c1a5e7d7f30e615782d954fee045c18a4962ca,"{""distance"":3,""physical_error_rate"":5e-05}","{""detection_events"":399,""detectors_checked"":2654208}"
     51200,         0,         0,    1.66,decoder_by_matrix,36e3cd26fed5ec7649ec51fb08c1a5e7d7f30e615782d954fee045c18a4962ca,"{""distance"":3,""physical_error_rate"":5e-05}","{""detection_events"":378,""detectors_checked"":2764800}"
     50176,         0,         0,    1.66,decoder_by_matrix,36e3cd26fed5ec7649ec51fb08c1a5e7d7f30e615782d954fee045c18a4962ca,"{""distance"":3,""physical_error_rate"":5e-05}","{""detection_events"":381,""detectors_checked"":2709504}"
     39936,         0,         0,    1.55,decoder_by_matrix,beec9fd12293a9cfe53c9b61fb8ce2a525e4eed38fa75d132d6dc64699336876,"{""distance"":3,""physical_error_rate"":0.0001}","{""detection_events"":630,""detectors_checked"":2156544}"
   3095552,         3,         0,   117.3,decoder_by_matrix,beec9fd12293a9cfe53c9b61fb8ce2a525e4eed38fa75d132d6dc64699336876,"{""distance"":3,""physical_error_rate"":0.0001}","{""detection_events"":46272,""detectors_checked"":167159808,""obs_mistake_mask=E"":3}"
     41984,         0,         0,    1.66,decoder_by_matrix,beec9fd12293a9cfe53c9b61fb8ce2a525e4eed38fa75d132d6dc64699336876,"{""distance"":3,""physical_error_rate"":0.0001}","{""detection_events"":720,""detectors_checked"":2267136}"
     43008,         0,         0,    1.67,decoder_by_matrix,beec9fd12293a9cfe53c9b61fb8ce2a525e4eed38fa75d132d6dc64699336876,"{""distance"":3,""physical_error_rate"":0.0001}","{""detection_events"":702,""detectors_checked"":2322432}"
     43008,         0,         0,    1.54,decoder_by_matrix,beec9fd12293a9cfe53c9b61fb8ce2a525e4eed38fa75d132d6dc64699336876,"{""distance"":3,""physical_error_rate"":0.0001}","{""detection_events"":789,""detectors_checked"":2322432}"
   3703808,         0,         0,   116.4,decoder_by_matrix,36e3cd26fed5ec7649ec51fb08c1a5e7d7f30e615782d954fee045c18a4962ca,"{""distance"":3,""physical_error_rate"":5e-05}","{""detection_events"":26964,""detectors_checked"":200005632}"
     67584,         0,         0,    2.19,decoder_by_matrix,36e3cd26fed5ec7649ec51fb08c1a5e7d7f30e615782d954fee045c18a4962ca,"{""distance"":3,""physical_error_rate"":5e-05}","{""detection_events"":429,""detectors_checked"":3649536}"
     73728,         0,         0,    2.05,decoder_by_matrix,36e3cd26fed5ec7649ec51fb08c1a5e7d7f30e615782d954fee045c18a4962ca,"{""distance"":3,""physical_error_rate"":5e-05}","{""detection_events"":513,""detectors_checked"":3981312}"
     53248,         0,         0,    2.05,decoder_by_matrix,beec9fd12293a9cfe53c9b61fb8ce2a525e4eed38fa75d132d6dc64699336876,"{""distance"":3,""physical_error_rate"":0.0001}","{""detection_events"":858,""detectors_checked"":2875392}"
     65536,         0,         0,    2.06,decoder_by_matrix,36e3cd26fed5ec7649ec51fb08c1a5e7d7f30e615782d954fee045c18a4962ca,"{""distance"":3,""physical_error_rate"":5e-05}","{""detection_events"":393,""detectors_checked"":3538944}"
     55296,         0,         0,    2.05,decoder_by_matrix,beec9fd12293a9cfe53c9b61fb8ce2a525e4eed38fa75d132d6dc64699336876,"{""distance"":3,""physical_error_rate"":0.0001}","{""detection_events"":864,""detectors_checked"":2985984}"
     71680,         0,         0,    2.11,decoder_by_matrix,36e3cd26fed5ec7649ec51fb08c1a5e7d7f30e615782d954fee045c18a4962ca,"{""distance"":3,""physical_error_rate"":5e-05}","{""detection_events"":534,""detectors_checked"":3870720}"
     56320,         1,         0,    2.06,decoder_by_matrix,beec9fd12293a9cfe53c9b61fb8ce2a525e4eed38fa75d132d6dc64699336876,"{""distance"":3,""physical_error_rate"":0.0001}","{""detection_events"":717,""detectors_checked"":3041280,""obs_mistake_mask=E"":1}"
     58368,         0,         0,    2.06,decoder_by_matrix,beec9fd12293a9cfe53c9b61fb8ce2a525e4eed38fa75d132d6dc64699336876,"{""distance"":3,""physical_error_rate"":0.0001}","{""detection_events"":912,""detectors_checked"":3151872}"
     64512,         0,         0,    2.29,decoder_by_matrix,36e3cd26fed5ec7649ec51fb08c1a5e7d7f30e615782d954fee045c18a4962ca,"{""distance"":3,""physical_error_rate"":5e-05}","{""detection_events"":552,""detectors_checked"":3483648}"
     57344,         0,         0,    2.28,decoder_by_matrix,beec9fd12293a9cfe53c9b61fb8ce2a525e4eed38fa75d132d6dc64699336876,"{""distance"":3,""physical_error_rate"":0.0001}","{""detection_events"":804,""detectors_checked"":3096576}"
     95232,         0,         0,    2.81,decoder_by_matrix,36e3cd26fed5ec7649ec51fb08c1a5e7d7f30e615782d954fee045c18a4962ca,"{""distance"":3,""physical_error_rate"":5e-05}","{""detection_events"":717,""detectors_checked"":5142528}"
     91136,         0,         0,    3.16,decoder_by_matrix,36e3cd26fed5ec7649ec51fb08c1a5e7d7f30e615782d954fee045c18a4962ca,"{""distance"":3,""physical_error_rate"":5e-05}","{""detection_events"":687,""detectors_checked"":4921344}"
     92160,         0,         0,    3.04,decoder_by_matrix,36e3cd26fed5ec7649ec51fb08c1a5e7d7f30e615782d954fee045c18a4962ca,"{""distance"":3,""physical_error_rate"":5e-05}","{""detection_events"":723,""detectors_checked"":4976640}"
     79872,         0,         0,    3.16,decoder_by_matrix,beec9fd12293a9cfe53c9b61fb8ce2a525e4eed38fa75d132d6dc64699336876,"{""distance"":3,""physical_error_rate"":0.0001}","{""detection_events"":1350,""detectors_checked"":4313088}"
     90112,         0,         0,    2.93,decoder_by_matrix,36e3cd26fed5ec7649ec51fb08c1a5e7d7f30e615782d954fee045c18a4962ca,"{""distance"":3,""physical_error_rate"":5e-05}","{""detection_events"":741,""detectors_checked"":4866048}"
     79872,         0,         0,    2.83,decoder_by_matrix,beec9fd12293a9cfe53c9b61fb8ce2a525e4eed38fa75d132d6dc64699336876,"{""distance"":3,""physical_error_rate"":0.0001}","{""detection_events"":1194,""detectors_checked"":4313088}"
     76800,         0,         0,    2.82,decoder_by_matrix,beec9fd12293a9cfe53c9b61fb8ce2a525e4eed38fa75d132d6dc64699336876,"{""distance"":3,""physical_error_rate"":0.0001}","{""detection_events"":1053,""detectors_checked"":4147200}"
     77824,         0,         0,    2.94,decoder_by_matrix,beec9fd12293a9cfe53c9b61fb8ce2a525e4eed38fa75d132d6dc64699336876,"{""distance"":3,""physical_error_rate"":0.0001}","{""detection_events"":1104,""detectors_checked"":4202496}"
     92160,         0,         0,    2.95,decoder_by_matrix,36e3cd26fed5ec7649ec51fb08c1a5e7d7f30e615782d954fee045c18a4962ca,"{""distance"":3,""physical_error_rate"":5e-05}","{""detection_events"":801,""detectors_checked"":4976640}"
     75776,         0,         0,    3.10,decoder_by_matrix,beec9fd12293a9cfe53c9b61fb8ce2a525e4eed38fa75d132d6dc64699336876,"{""distance"":3,""physical_error_rate"":0.0001}","{""detection_events"":1194,""detectors_checked"":4091904}"
    134144,         0,         0,    4.05,decoder_by_matrix,36e3cd26fed5ec7649ec51fb08c1a5e7d7f30e615782d954fee045c18a4962ca,"{""distance"":3,""physical_error_rate"":5e-05}","{""detection_events"":873,""detectors_checked"":7243776}"
    110592,         0,         0,    4.14,decoder_by_matrix,beec9fd12293a9cfe53c9b61fb8ce2a525e4eed38fa75d132d6dc64699336876,"{""distance"":3,""physical_error_rate"":0.0001}","{""detection_events"":1665,""detectors_checked"":5971968}"
    138240,         0,         0,    4.36,decoder_by_matrix,36e3cd26fed5ec7649ec51fb08c1a5e7d7f30e615782d954fee045c18a4962ca,"{""distance"":3,""physical_error_rate"":5e-05}","{""detection_events"":1056,""detectors_checked"":7464960}"
    116736,         0,         0,    4.22,decoder_by_matrix,beec9fd12293a9cfe53c9b61fb8ce2a525e4eed38fa75d132d6dc64699336876,"{""distance"":3,""physical_error_rate"":0.0001}","{""detection_events"":1557,""detectors_checked"":6303744}"
    131072,         0,         0,    4.37,decoder_by_matrix,36e3cd26fed5ec7649ec51fb08c1a5e7d7f30e615782d954fee045c18a4962ca,"{""distance"":3,""physical_error_rate"":5e-05}","{""detection_events"":1119,""detectors_checked"":7077888}"
    123904,         0,         0,    4.35,decoder_by_matrix,36e3cd26fed5ec7649ec51fb08c1a5e7d7f30e615782d954fee045c18a4962ca,"{""distance"":3,""physical_error_rate"":5e-05}","{""detection_events"":1203,""detectors_checked"":6690816}"
    114688,         0,         0,    4.07,decoder_by_matrix,beec9fd12293a9cfe53c9b61fb8ce2a525e4eed38fa75d132d6dc64699336876,"{""distance"":3,""physical_error_rate"":0.0001}","{""detection_events"":1605,""detectors_checked"":6193152}"
    111616,         0,         0,    4.36,decoder_by_matrix,beec9fd12293a9cfe53c9b61fb8ce2a525e4eed38fa75d132d6dc64699336876,"{""distance"":3,""physical_error_rate"":0.0001}","{""detection_events"":1872,""detectors_checked"":6027264}"
    134144,         0,         0,    4.22,decoder_by_matrix,36e3cd26fed5ec7649ec51fb08c1a5e7d7f30e615782d954fee045c18a4962ca,"{""distance"":3,""physical_error_rate"":5e-05}","{""detection_events"":930,""detectors_checked"":7243776}"
    109568,         0,         0,    4.31,decoder_by_matrix,beec9fd12293a9cfe53c9b61fb8ce2a525e4eed38fa75d132d6dc64699336876,"{""distance"":3,""physical_error_rate"":0.0001}","{""detection_events"":1524,""detectors_checked"":5916672}"
    181248,         0,         0,    5.48,decoder_by_matrix,36e3cd26fed5ec7649ec51fb08c1a5e7d7f30e615782d954fee045c18a4962ca,"{""distance"":3,""physical_error_rate"":5e-05}","{""detection_events"":1431,""detectors_checked"":9787392}"
    185344,         0,         0,    5.86,decoder_by_matrix,36e3cd26fed5ec7649ec51fb08c1a5e7d7f30e615782d954fee045c18a4962ca,"{""distance"":3,""physical_error_rate"":5e-05}","{""detection_events"":1413,""detectors_checked"":10008576}"
    153600,         0,         0,    5.62,decoder_by_matrix,beec9fd12293a9cfe53c9b61fb8ce2a525e4eed38fa75d132d6dc64699336876,"{""distance"":3,""physical_error_rate"":0.0001}","{""detection_events"":2310,""detectors_checked"":8294400}"
    175104,         0,         0,    5.63,decoder_by_matrix,36e3cd26fed5ec7649ec51fb08c1a5e7d7f30e615782d954fee045c18a4962ca,"{""distance"":3,""physical_error_rate"":5e-05}","{""detection_events"":1527,""detectors_checked"":9455616}"
    154624,         0,         0,    5.93,decoder_by_matrix,beec9fd12293a9cfe53c9b61fb8ce2a525e4eed38fa75d132d6dc64699336876,"{""distance"":3,""physical_error_rate"":0.0001}","{""detection_events"":2070,""detectors_checked"":8349696}"
    191488,         0,         0,    5.99,decoder_by_matrix,36e3cd26fed5ec7649ec51fb08c1a5e7d7f30e615782d954fee045c18a4962ca,"{""distance"":3,""physical_error_rate"":5e-05}","{""detection_events"":1341,""detectors_checked"":10340352}"
    154624,         0,         0,    5.76,decoder_by_matrix,beec9fd12293a9cfe53c9b61fb8ce2a525e4eed38fa75d132d6dc64699336876,"{""distance"":3,""physical_error_rate"":0.0001}","{""detection_events"":2154,""detectors_checked"":8349696}"
    157696,         0,         0,    5.88,decoder_by_matrix,beec9fd12293a9cfe53c9b61fb8ce2a525e4eed38fa75d132d6dc64699336876,"{""distance"":3,""physical_error_rate"":0.0001}","{""detection_events"":2100,""detectors_checked"":8515584}"
    181248,         0,         0,    5.76,decoder_by_matrix,36e3cd26fed5ec7649ec51fb08c1a5e7d7f30e615782d954fee045c18a4962ca,"{""distance"":3,""physical_error_rate"":5e-05}","{""detection_events"":1467,""detectors_checked"":9787392}"
    151552,         0,         0,    6.01,decoder_by_matrix,beec9fd12293a9cfe53c9b61fb8ce2a525e4eed38fa75d132d6dc64699336876,"{""distance"":3,""physical_error_rate"":0.0001}","{""detection_events"":2331,""detectors_checked"":8183808}"
    253952,         0,         0,    7.93,decoder_by_matrix,36e3cd26fed5ec7649ec51fb08c1a5e7d7f30e615782d954fee045c18a4962ca,"{""distance"":3,""physical_error_rate"":5e-05}","{""detection_events"":1872,""detectors_checked"":13713408}"
    218112,         0,         0,    8.24,decoder_by_matrix,beec9fd12293a9cfe53c9b61fb8ce2a525e4eed38fa75d132d6dc64699336876,"{""distance"":3,""physical_error_rate"":0.0001}","{""detection_events"":3048,""detectors_checked"":11778048}"
    247808,         0,         0,    8.04,decoder_by_matrix,36e3cd26fed5ec7649ec51fb08c1a5e7d7f30e615782d954fee045c18a4962ca,"{""distance"":3,""physical_error_rate"":5e-05}","{""detection_events"":2034,""detectors_checked"":13381632}"
    263168,         0,         0,    8.06,decoder_by_matrix,36e3cd26fed5ec7649ec51fb08c1a5e7d7f30e615782d954fee045c18a4962ca,"{""distance"":3,""physical_error_rate"":5e-05}","{""detection_events"":1863,""detectors_checked"":14211072}"
    254976,         0,         0,    8.16,decoder_by_matrix,36e3cd26fed5ec7649ec51fb08c1a5e7d7f30e615782d954fee045c18a4962ca,"{""distance"":3,""physical_error_rate"":5e-05}","{""detection_events"":2013,""detectors_checked"":13768704}"
    216064,         0,         0,    8.29,decoder_by_matrix,beec9fd12293a9cfe53c9b61fb8ce2a525e4eed38fa75d132d6dc64699336876,"{""distance"":3,""physical_error_rate"":0.0001}","{""detection_events"":3150,""detectors_checked"":11667456}"
    218112,         1,         0,    8.19,decoder_by_matrix,beec9fd12293a9cfe53c9b61fb8ce2a525e4eed38fa75d132d6dc64699336876,"{""distance"":3,""physical_error_rate"":0.0001}","{""detection_events"":3228,""detectors_checked"":11778048,""obs_mistake_mask=E"":1}"
    222208,         1,         0,    8.43,decoder_by_matrix,beec9fd12293a9cfe53c9b61fb8ce2a525e4eed38fa75d132d6dc64699336876,"{""distance"":3,""physical_error_rate"":0.0001}","{""detection_events"":3201,""detectors_checked"":11999232,""obs_mistake_mask=E"":1}"
    263168,         0,         0,    8.28,decoder_by_matrix,36e3cd26fed5ec7649ec51fb08c1a5e7d7f30e615782d954fee045c18a4962ca,"{""distance"":3,""physical_error_rate"":5e-05}","{""detection_events"":1785,""detectors_checked"":14211072}"
    217088,         0,         0,    8.33,decoder_by_matrix,beec9fd12293a9cfe53c9b61fb8ce2a525e4eed38fa75d132d6dc64699336876,"{""distance"":3,""physical_error_rate"":0.0001}","{""detection_events"":2985,""detectors_checked"":11722752}"
   3691520,         1,         0,   116.5,decoder_by_matrix,36e3cd26fed5ec7649ec51fb08c1a5e7d7f30e615782d954fee045c18a4962ca,"{""distance"":3,""physical_error_rate"":5e-05}","{""detection_events"":26544,""detectors_checked"":199342080,""obs_mistake_mask=E"":1}"
    300032,         0,         0,    11.6,decoder_by_matrix,beec9fd12293a9cfe53c9b61fb8ce2a525e4eed38fa75d132d6dc64699336876,"{""distance"":3,""physical_error_rate"":0.0001}","{""detection_events"":4449,""detectors_checked"":16201728}"
    364544,         0,         0,    11.3,decoder_by_matrix,36e3cd26fed5ec7649ec51fb08c1a5e7d7f30e615782d954fee045c18a4962ca,"{""distance"":3,""physical_error_rate"":5e-05}","{""detection_events"":2319,""detectors_checked"":19685376}"
    365568,         0,         0,    11.4,decoder_by_matrix,36e3cd26fed5ec7649ec51fb08c1a5e7d7f30e615782d954fee045c18a4962ca,"{""distance"":3,""physical_error_rate"":5e-05}","{""detection_events"":2469,""detectors_checked"":19740672}"
    345088,         0,         0,    11.2,decoder_by_matrix,36e3cd26fed5ec7649ec51fb08c1a5e7d7f30e615782d954fee045c18a4962ca,"{""distance"":3,""physical_error_rate"":5e-05}","{""detection_events"":2982,""detectors_checked"":18634752}"
    358400,         0,         0,    11.4,decoder_by_matrix,36e3cd26fed5ec7649ec51fb08c1a5e7d7f30e615782d954fee045c18a4962ca,"{""distance"":3,""physical_error_rate"":5e-05}","{""detection_events"":2616,""detectors_checked"":19353600}"
    302080,         0,         0,    11.7,decoder_by_matrix,beec9fd12293a9cfe53c9b61fb8ce2a525e4eed38fa75d132d6dc64699336876,"{""distance"":3,""physical_error_rate"":0.0001}","{""detection_events"":4485,""detectors_checked"":16312320}"
    302080,         0,         0,    11.4,decoder_by_matrix,beec9fd12293a9cfe53c9b61fb8ce2a525e4eed38fa75d132d6dc64699336876,"{""distance"":3,""physical_error_rate"":0.0001}","{""detection_events"":4635,""detectors_checked"":16312320}"
    304128,         0,         0,    11.5,decoder_by_matrix,beec9fd12293a9cfe53c9b61fb8ce2a525e4eed38fa75d132d6dc64699336876,"{""distance"":3,""physical_error_rate"":0.0001}","{""detection_events"":4395,""detectors_checked"":16422912}"
    357376,         0,         0,    11.5,decoder_by_matrix,36e3cd26fed5ec7649ec51fb08c1a5e7d7f30e615782d954fee045c18a4962ca,"{""distance"":3,""physical_error_rate"":5e-05}","{""detection_events"":2640,""detectors_checked"":19298304}"
    296960,         1,         0,    11.5,decoder_by_matrix,beec9fd12293a9cfe53c9b61fb8ce2a525e4eed38fa75d132d6dc64699336876,"{""distance"":3,""physical_error_rate"":0.0001}","{""detection_events"":4392,""detectors_checked"":16035840,""obs_mistake_mask=E"":1}"
    489472,         0,         0,    16.2,decoder_by_matrix,36e3cd26fed5ec7649ec51fb08c1a5e7d7f30e615782d954fee045c18a4962ca,"{""distance"":3,""physical_error_rate"":5e-05}","{""detection_events"":3666,""detectors_checked"":26431488}"
    423936,         1,         0,    16.1,decoder_by_matrix,beec9fd12293a9cfe53c9b61fb8ce2a525e4eed38fa75d132d6dc64699336876,"{""distance"":3,""physical_error_rate"":0.0001}","{""detection_events"":6078,""detectors_checked"":22892544,""obs_mistake_mask=E"":1}"
    500736,         0,         0,    15.9,decoder_by_matrix,36e3cd26fed5ec7649ec51fb08c1a5e7d7f30e615782d954fee045c18a4962ca,"{""distance"":3,""physical_error_rate"":5e-05}","{""detection_events"":3711,""detectors_checked"":27039744}"
    513024,         0,         0,    16.1,decoder_by_matrix,36e3cd26fed5ec7649ec51fb08c1a5e7d7f30e615782d954fee045c18a4962ca,"{""distance"":3,""physical_error_rate"":5e-05}","{""detection_events"":3672,""detectors_checked"":27703296}"
    488448,         0,         0,    16.1,decoder_by_matrix,36e3cd26fed5ec7649ec51fb08c1a5e7d7f30e615782d954fee045c18a4962ca,"{""distance"":3,""physical_error_rate"":5e-05}","{""detection_events"":3927,""detectors_checked"":26376192}"
    430080,         0,         0,    16.1,decoder_by_matrix,beec9fd12293a9cfe53c9b61fb8ce2a525e4eed38fa75d132d6dc64699336876,"{""distance"":3,""physical_error_rate"":0.0001}","{""detection_events"":6201,""detectors_checked"":23224320}"
    419840,         0,         0,    16.0,decoder_by_matrix,beec9fd12293a9cfe53c9b61fb8ce2a525e4eed38fa75d132d6dc64699336876,"{""distance"":3,""physical_error_rate"":0.0001}","{""detection_events"":6144,""detectors_checked"":22671360}"
    489472,         0,         0,    16.1,decoder_by_matrix,36e3cd26fed5ec7649ec51fb08c1a5e7d7f30e615782d954fee045c18a4962ca,"{""distance"":3,""physical_error_rate"":5e-05}","{""detection_events"":3924,""detectors_checked"":26431488}"
    419840,         0,         0,    16.4,decoder_by_matrix,beec9fd12293a9cfe53c9b61fb8ce2a525e4eed38fa75d132d6dc64699336876,"{""distance"":3,""physical_error_rate"":0.0001}","{""detection_events"":6444,""detectors_checked"":22671360}"
    423936,         0,         0,    16.2,decoder_by_matrix,beec9fd12293a9cfe53c9b61fb8ce2a525e4eed38fa75d132d6dc64699336876,"{""distance"":3,""physical_error_rate"":0.0001}","{""detection_events"":5799,""detectors_checked"":22892544}"
   3103744,         1,         0,   117.0,decoder_by_matrix,beec9fd12293a9cfe53c9b61fb8ce2a525e4eed38fa75d132d6dc64699336876,"{""distance"":3,""physical_error_rate"":0.0001}","{""detection_events"":46155,""detectors_checked"":167602176,""obs_mistake_mask=E"":1}"
   3082240,         3,         0,   118.3,decoder_by_matrix,beec9fd12293a9cfe53c9b61fb8ce2a525e4eed38fa75d132d6dc64699336876,"{""distance"":3,""physical_error_rate"":0.0001}","{""detection_events"":46107,""detectors_checked"":166440960,""obs_mistake_mask=E"":3}"
    696320,         0,         0,    22.6,decoder_by_matrix,36e3cd26fed5ec7649ec51fb08c1a5e7d7f30e615782d954fee045c18a4962ca,"{""distance"":3,""physical_error_rate"":5e-05}","{""detection_events"":5070,""detectors_checked"":37601280}"
    719872,         0,         0,    22.6,decoder_by_matrix,36e3cd26fed5ec7649ec51fb08c1a5e7d7f30e615782d954fee045c18a4962ca,"{""distance"":3,""physical_error_rate"":5e-05}","{""detection_events"":5334,""detectors_checked"":38873088}"
    711680,         0,         0,    22.8,decoder_by_matrix,36e3cd26fed5ec7649ec51fb08c1a5e7d7f30e615782d954fee045c18a4962ca,"{""distance"":3,""physical_error_rate"":5e-05}","{""detection_events"":5025,""detectors_checked"":38430720}"
    708608,         0,         0,    22.9,decoder_by_matrix,36e3cd26fed5ec7649ec51fb08c1a5e7d7f30e615782d954fee045c18a4962ca,"{""distance"":3,""physical_error_rate"":5e-05}","{""detection_events"":5136,""detectors_checked"":38264832}"
    592896,         0,         0,    22.6,decoder_by_matrix,beec9fd12293a9cfe53c9b61fb8ce2a525e4eed38fa75d132d6dc64699336876,"{""distance"":3,""physical_error_rate"":0.0001}","{""detection_events"":8730,""detectors_checked"":32016384}"
    593920,         1,         0,    22.2,decoder_by_matrix,beec9fd12293a9cfe53c9b61fb8ce2a525e4eed38fa75d132d6dc64699336876,"{""distance"":3,""physical_error_rate"":0.0001}","{""detection_events"":8337,""detectors_checked"":32071680,""obs_mistake_mask=E"":1}"
    584704,         2,         0,    22.6,decoder_by_matrix,beec9fd12293a9cfe53c9b61fb8ce2a525e4eed38fa75d132d6dc64699336876,"{""distance"":3,""physical_error_rate"":0.0001}","{""detection_events"":8979,""detectors_checked"":31574016,""obs_mistake_mask=E"":2}"
    692224,         0,         0,    22.4,decoder_by_matrix,36e3cd26fed5ec7649ec51fb08c1a5e7d7f30e615782d954fee045c18a4962ca,"{""distance"":3,""physical_error_rate"":5e-05}","{""detection_events"":5481,""detectors_checked"":37380096}"
    591872,         3,         0,    22.6,decoder_by_matrix,beec9fd12293a9cfe53c9b61fb8ce2a525e4eed38fa75d132d6dc64699336876,"{""distance"":3,""physical_error_rate"":0.0001}","{""detection_events"":8898,""detectors_checked"":31961088,""obs_mistake_mask=E"":3}"
    594944,         0,         0,    22.6,decoder_by_matrix,beec9fd12293a9cfe53c9b61fb8ce2a525e4eed38fa75d132d6dc64699336876,"{""distance"":3,""physical_error_rate"":0.0001}","{""detection_events"":8463,""detectors_checked"":32126976}"
   3095552,         1,         0,   117.5,decoder_by_matrix,beec9fd12293a9cfe53c9b61fb8ce2a525e4eed38fa75d132d6dc64699336876,"{""distance"":3,""physical_error_rate"":0.0001}","{""detection_events"":44652,""detectors_checked"":167159808,""obs_mistake_mask=E"":1}"
   3695616,         0,         0,   117.2,decoder_by_matrix,36e3cd26fed5ec7649ec51fb08c1a5e7d7f30e615782d954fee045c18a4962ca,"{""distance"":3,""physical_error_rate"":5e-05}","{""detection_events"":25956,""detectors_checked"":199563264}"
   3085312,         3,         0,   118.6,decoder_by_matrix,beec9fd12293a9cfe53c9b61fb8ce2a525e4eed38fa75d132d6dc64699336876,"{""distance"":3,""physical_error_rate"":0.0001}","{""detection_events"":45531,""detectors_checked"":166606848,""obs_mistake_mask=E"":3}"
    988160,         0,         0,    31.4,decoder_by_matrix,36e3cd26fed5ec7649ec51fb08c1a5e7d7f30e615782d954fee045c18a4962ca,"{""distance"":3,""physical_error_rate"":5e-05}","{""detection_events"":7314,""detectors_checked"":53360640}"
    996352,         0,         0,    31.4,decoder_by_matrix,36e3cd26fed5ec7649ec51fb08c1a5e7d7f30e615782d954fee045c18a4962ca,"{""distance"":3,""physical_error_rate"":5e-05}","{""detection_events"":7446,""detectors_checked"":53803008}"
    824320,         0,         0,    31.5,decoder_by_matrix,beec9fd12293a9cfe53c9b61fb8ce2a525e4eed38fa75d132d6dc64699336876,"{""distance"":3,""physical_error_rate"":0.0001}","{""detection_events"":12345,""detectors_checked"":44513280}"
   1011712,         0,         0,    31.6,decoder_by_matrix,36e3cd26fed5ec7649ec51fb08c1a5e7d7f30e615782d954fee045c18a4962ca,"{""distance"":3,""physical_error_rate"":5e-05}","{""detection_events"":6900,""detectors_checked"":54632448}"
    987136,         0,         0,    30.9,decoder_by_matrix,36e3cd26fed5ec7649ec51fb08c1a5e7d7f30e615782d954fee045c18a4962ca,"{""distance"":3,""physical_error_rate"":5e-05}","{""detection_events"":7467,""detectors_checked"":53305344}"
    834560,         0,         0,    31.5,decoder_by_matrix,beec9fd12293a9cfe53c9b61fb8ce2a525e4eed38fa75d132d6dc64699336876,"{""distance"":3,""physical_error_rate"":0.0001}","{""detection_events"":12219,""detectors_checked"":45066240}"
   1012736,         0,         0,    31.5,decoder_by_matrix,36e3cd26fed5ec7649ec51fb08c1a5e7d7f30e615782d954fee045c18a4962ca,"{""distance"":3,""physical_error_rate"":5e-05}","{""detection_events"":7209,""detectors_checked"":54687744}"
   3684352,         0,         0,   117.8,decoder_by_matrix,36e3cd26fed5ec7649ec51fb08c1a5e7d7f30e615782d954fee045c18a4962ca,"{""distance"":3,""physical_error_rate"":5e-05}","{""detection_events"":26373,""detectors_checked"":198955008}"
    839680,         0,         0,    31.8,decoder_by_matrix,beec9fd12293a9cfe53c9b61fb8ce2a525e4eed38fa75d132d6dc64699336876,"{""distance"":3,""physical_error_rate"":0.0001}","{""detection_events"":12432,""detectors_checked"":45342720}"
    828416,         2,         0,    31.5,decoder_by_matrix,beec9fd12293a9cfe53c9b61fb8ce2a525e4eed38fa75d132d6dc64699336876,"{""distance"":3,""physical_error_rate"":0.0001}","{""detection_events"":11898,""detectors_checked"":44734464,""obs_mistake_mask=E"":2}"
    843776,         0,         0,    31.7,decoder_by_matrix,beec9fd12293a9cfe53c9b61fb8ce2a525e4eed38fa75d132d6dc64699336876,"{""distance"":3,""physical_error_rate"":0.0001}","{""detection_events"":11937,""detectors_checked"":45563904}"
   3616768,         3,         0,   117.5,decoder_by_matrix,36e3cd26fed5ec7649ec51fb08c1a5e7d7f30e615782d954fee045c18a4962ca,"{""distance"":3,""physical_error_rate"":5e-05}","{""detection_events"":26124,""detectors_checked"":195305472,""obs_mistake_mask=E"":3}"
   3680256,         2,         0,   116.7,decoder_by_matrix,36e3cd26fed5ec7649ec51fb08c1a5e7d7f30e615782d954fee045c18a4962ca,"{""distance"":3,""physical_error_rate"":5e-05}","{""detection_events"":27372,""detectors_checked"":198733824,""obs_mistake_mask=E"":2}"
   3721216,         0,         0,   117.8,decoder_by_matrix,36e3cd26fed5ec7649ec51fb08c1a5e7d7f30e615782d954fee045c18a4962ca,"{""distance"":3,""physical_error_rate"":5e-05}","{""detection_events"":26202,""detectors_checked"":200945664}"
   3665920,         0,         0,   117.1,decoder_by_matrix,36e3cd26fed5ec7649ec51fb08c1a5e7d7f30e615782d954fee045c18a4962ca,"{""distance"":3,""physical_error_rate"":5e-05}","{""detection_events"":27006,""detectors_checked"":197959680}"
   3089408,         2,         0,   117.1,decoder_by_matrix,beec9fd12293a9cfe53c9b61fb8ce2a525e4eed38fa75d132d6dc64699336876,"{""distance"":3,""physical_error_rate"":0.0001}","{""detection_events"":45906,""detectors_checked"":166828032,""obs_mistake_mask=E"":2}"
   3125248,         0,         0,   117.4,decoder_by_matrix,beec9fd12293a9cfe53c9b61fb8ce2a525e4eed38fa75d132d6dc64699336876,"{""distance"":3,""physical_error_rate"":0.0001}","{""detection_events"":45096,""detectors_checked"":168763392}"
   3060736,         4,         0,   117.3,decoder_by_matrix,beec9fd12293a9cfe53c9b61fb8ce2a525e4eed38fa75d132d6dc64699336876,"{""distance"":3,""physical_error_rate"":0.0001}","{""detection_events"":45516,""detectors_checked"":165279744,""obs_mistake_mask=E"":4}"
   3689472,         1,         0,   117.4,decoder_by_matrix,36e3cd26fed5ec7649ec51fb08c1a5e7d7f30e615782d954fee045c18a4962ca,"{""distance"":3,""physical_error_rate"":5e-05}","{""detection_events"":26715,""detectors_checked"":199231488,""obs_mistake_mask=E"":1}"
   3078144,         0,         0,   115.8,decoder_by_matrix,beec9fd12293a9cfe53c9b61fb8ce2a525e4eed38fa75d132d6dc64699336876,"{""distance"":3,""physical_error_rate"":0.0001}","{""detection_events"":46389,""detectors_checked"":166219776}"
   3602432,         1,         0,   117.2,decoder_by_matrix,36e3cd26fed5ec7649ec51fb08c1a5e7d7f30e615782d954fee045c18a4962ca,"{""distance"":3,""physical_error_rate"":5e-05}","{""detection_events"":26370,""detectors_checked"":194531328,""obs_mistake_mask=E"":1}"
   3701760,         0,         0,   116.7,decoder_by_matrix,36e3cd26fed5ec7649ec51fb08c1a5e7d7f30e615782d954fee045c18a4962ca,"{""distance"":3,""physical_error_rate"":5e-05}","{""detection_events"":26637,""detectors_checked"":199895040}"
   3070976,         2,         0,   116.3,decoder_by_matrix,beec9fd12293a9cfe53c9b61fb8ce2a525e4eed38fa75d132d6dc64699336876,"{""distance"":3,""physical_error_rate"":0.0001}","{""detection_events"":43806,""detectors_checked"":165832704,""obs_mistake_mask=E"":2}"
   3118080,         5,         0,   117.8,decoder_by_matrix,beec9fd12293a9cfe53c9b61fb8ce2a525e4eed38fa75d132d6dc64699336876,"{""distance"":3,""physical_error_rate"":0.0001}","{""detection_events"":45708,""detectors_checked"":168376320,""obs_mistake_mask=E"":5}"
   3103744,         3,         0,   116.7,decoder_by_matrix,beec9fd12293a9cfe53c9b61fb8ce2a525e4eed38fa75d132d6dc64699336876,"{""distance"":3,""physical_error_rate"":0.0001}","{""detection_events"":46230,""detectors_checked"":167602176,""obs_mistake_mask=E"":3}"
   3642368,         0,         0,   117.9,decoder_by_matrix,36e3cd26fed5ec7649ec51fb08c1a5e7d7f30e615782d954fee045c18a4962ca,"{""distance"":3,""physical_error_rate"":5e-05}","{""detection_events"":26721,""detectors_checked"":196687872}"
   3670016,         0,         0,   116.8,decoder_by_matrix,36e3cd26fed5ec7649ec51fb08c1a5e7d7f30e615782d954fee045c18a4962ca,"{""distance"":3,""physical_error_rate"":5e-05}","{""detection_events"":26949,""detectors_checked"":198180864}"
   1364992,         0,         0,    44.5,decoder_by_matrix,36e3cd26fed5ec7649ec51fb08c1a5e7d7f30e615782d954fee045c18a4962ca,"{""distance"":3,""physical_error_rate"":5e-05}","{""detection_events"":10374,""detectors_checked"":73709568}"
   1356800,         2,         0,    43.9,decoder_by_matrix,36e3cd26fed5ec7649ec51fb08c1a5e7d7f30e615782d954fee045c18a4962ca,"{""distance"":3,""physical_error_rate"":5e-05}","{""detection_events"":10053,""detectors_checked"":73267200,""obs_mistake_mask=E"":2}"
   1367040,         0,         0,    44.2,decoder_by_matrix,36e3cd26fed5ec7649ec51fb08c1a5e7d7f30e615782d954fee045c18a4962ca,"{""distance"":3,""physical_error_rate"":5e-05}","{""detection_events"":9972,""detectors_checked"":73820160}"
   1154048,         0,         0,    44.5,decoder_by_matrix,beec9fd12293a9cfe53c9b61fb8ce2a525e4eed38fa75d132d6dc64699336876,"{""distance"":3,""physical_error_rate"":0.0001}","{""detection_events"":17025,""detectors_checked"":62318592}"
   1414144,         0,         0,    44.0,decoder_by_matrix,36e3cd26fed5ec7649ec51fb08c1a5e7d7f30e615782d954fee045c18a4962ca,"{""distance"":3,""physical_error_rate"":5e-05}","{""detection_events"":10317,""detectors_checked"":76363776}"
   1154048,         1,         0,    44.3,decoder_by_matrix,beec9fd12293a9cfe53c9b61fb8ce2a525e4eed38fa75d132d6dc64699336876,"{""distance"":3,""physical_error_rate"":0.0001}","{""detection_events"":17019,""detectors_checked"":62318592,""obs_mistake_mask=E"":1}"
   1381376,         1,         0,    44.3,decoder_by_matrix,36e3cd26fed5ec7649ec51fb08c1a5e7d7f30e615782d954fee045c18a4962ca,"{""distance"":3,""physical_error_rate"":5e-05}","{""detection_events"":9831,""detectors_checked"":74594304,""obs_mistake_mask=E"":1}"
   1141760,         0,         0,    44.4,decoder_by_matrix,beec9fd12293a9cfe53c9b61fb8ce2a525e4eed38fa75d132d6dc64699336876,"{""distance"":3,""physical_error_rate"":0.0001}","{""detection_events"":16764,""detectors_checked"":61655040}"
   1162240,         1,         0,    43.7,decoder_by_matrix,beec9fd12293a9cfe53c9b61fb8ce2a525e4eed38fa75d132d6dc64699336876,"{""distance"":3,""physical_error_rate"":0.0001}","{""detection_events"":17256,""detectors_checked"":62760960,""obs_mistake_mask=E"":1}"
   1158144,         1,         0,    44.5,decoder_by_matrix,beec9fd12293a9cfe53c9b61fb8ce2a525e4eed38fa75d132d6dc64699336876,"{""distance"":3,""physical_error_rate"":0.0001}","{""detection_events"":16914,""detectors_checked"":62539776,""obs_mistake_mask=E"":1}"
   3084288,         1,         0,   117.0,decoder_by_matrix,beec9fd12293a9cfe53c9b61fb8ce2a525e4eed38fa75d132d6dc64699336876,"{""distance"":3,""physical_error_rate"":0.0001}","{""detection_events"":44277,""detectors_checked"":166551552,""obs_mistake_mask=E"":1}"
   3094528,         3,         0,   118.5,decoder_by_matrix,beec9fd12293a9cfe53c9b61fb8ce2a525e4eed38fa75d132d6dc64699336876,"{""distance"":3,""physical_error_rate"":0.0001}","{""detection_events"":46107,""detectors_checked"":167104512,""obs_mistake_mask=E"":3}"
   1906688,         0,         0,    61.6,decoder_by_matrix,36e3cd26fed5ec7649ec51fb08c1a5e7d7f30e615782d954fee045c18a4962ca,"{""distance"":3,""physical_error_rate"":5e-05}","{""detection_events"":14736,""detectors_checked"":102961152}"
   1950720,         0,         0,    61.3,decoder_by_matrix,36e3cd26fed5ec7649ec51fb08c1a5e7d7f30e615782d954fee045c18a4962ca,"{""distance"":3,""physical_error_rate"":5e-05}","{""detection_events"":14226,""detectors_checked"":105338880}"
   1927168,         0,         0,    61.4,decoder_by_matrix,36e3cd26fed5ec7649ec51fb08c1a5e7d7f30e615782d954fee045c18a4962ca,"{""distance"":3,""physical_error_rate"":5e-05}","{""detection_events"":14244,""detectors_checked"":104067072}"
   1940480,         0,         0,    61.7,decoder_by_matrix,36e3cd26fed5ec7649ec51fb08c1a5e7d7f30e615782d954fee045c18a4962ca,"{""distance"":3,""physical_error_rate"":5e-05}","{""detection_events"":14226,""detectors_checked"":104785920}"
   1634304,         1,         0,    61.9,decoder_by_matrix,beec9fd12293a9cfe53c9b61fb8ce2a525e4eed38fa75d132d6dc64699336876,"{""distance"":3,""physical_error_rate"":0.0001}","{""detection_events"":23673,""detectors_checked"":88252416,""obs_mistake_mask=E"":1}"
   3088384,         3,         0,   118.0,decoder_by_matrix,beec9fd12293a9cfe53c9b61fb8ce2a525e4eed38fa75d132d6dc64699336876,"{""distance"":3,""physical_error_rate"":0.0001}","{""detection_events"":45438,""detectors_checked"":166772736,""obs_mistake_mask=E"":3}"
   1617920,         1,         0,    61.7,decoder_by_matrix,beec9fd12293a9cfe53c9b61fb8ce2a525e4eed38fa75d132d6dc64699336876,"{""distance"":3,""physical_error_rate"":0.0001}","{""detection_events"":24219,""detectors_checked"":87367680,""obs_mistake_mask=E"":1}"
   1951744,         0,         0,    61.3,decoder_by_matrix,36e3cd26fed5ec7649ec51fb08c1a5e7d7f30e615782d954fee045c18a4962ca,"{""distance"":3,""physical_error_rate"":5e-05}","{""detection_events"":13935,""detectors_checked"":105394176}"
   1613824,         2,         0,    62.3,decoder_by_matrix,beec9fd12293a9cfe53c9b61fb8ce2a525e4eed38fa75d132d6dc64699336876,"{""distance"":3,""physical_error_rate"":0.0001}","{""detection_events"":24072,""detectors_checked"":87146496,""obs_mistake_mask=E"":2}"
   1628160,         1,         0,    61.5,decoder_by_matrix,beec9fd12293a9cfe53c9b61fb8ce2a525e4eed38fa75d132d6dc64699336876,"{""distance"":3,""physical_error_rate"":0.0001}","{""detection_events"":23853,""detectors_checked"":87920640,""obs_mistake_mask=E"":1}"
   1611776,         2,         0,    61.7,decoder_by_matrix,beec9fd12293a9cfe53c9b61fb8ce2a525e4eed38fa75d132d6dc64699336876,"{""distance"":3,""physical_error_rate"":0.0001}","{""detection_events"":23898,""detectors_checked"":87035904,""obs_mistake_mask=E"":2}"
   3107840,         1,         0,   115.7,decoder_by_matrix,beec9fd12293a9cfe53c9b61fb8ce2a525e4eed38fa75d132d6dc64699336876,"{""distance"":3,""physical_error_rate"":0.0001}","{""detection_events"":45483,""detectors_checked"":167823360,""obs_mistake_mask=E"":1}"
   3674112,         1,         0,   117.5,decoder_by_matrix,36e3cd26fed5ec7649ec51fb08c1a5e7d7f30e615782d954fee045c18a4962ca,"{""distance"":3,""physical_error_rate"":5e-05}","{""detection_events"":26718,""detectors_checked"":198402048,""obs_mistake_mask=E"":1}"
   3678208,         0,         0,   117.5,decoder_by_matrix,36e3cd26fed5ec7649ec51fb08c1a5e7d7f30e615782d954fee045c18a4962ca,"{""distance"":3,""physical_error_rate"":5e-05}","{""detection_events"":27633,""detectors_checked"":198623232}"
   3638272,         1,         0,   116.8,decoder_by_matrix,36e3cd26fed5ec7649ec51fb08c1a5e7d7f30e615782d954fee045c18a4962ca,"{""distance"":3,""physical_error_rate"":5e-05}","{""detection_events"":26394,""detectors_checked"":196466688,""obs_mistake_mask=E"":1}"
   3666944,         0,         0,   117.1,decoder_by_matrix,36e3cd26fed5ec7649ec51fb08c1a5e7d7f30e615782d954fee045c18a4962ca,"{""distance"":3,""physical_error_rate"":5e-05}","{""detection_events"":26988,""detectors_checked"":198014976}"
   3676160,         0,         0,   117.2,decoder_by_matrix,36e3cd26fed5ec7649ec51fb08c1a5e7d7f30e615782d954fee045c18a4962ca,"{""distance"":3,""physical_error_rate"":5e-05}","{""detection_events"":26208,""detectors_checked"":198512640}"
   3683328,         0,         0,   118.1,decoder_by_matrix,36e3cd26fed5ec7649ec51fb08c1a5e7d7f30e615782d954fee045c18a4962ca,"{""distance"":3,""physical_error_rate"":5e-05}","{""detection_events"":26928,""detectors_checked"":198899712}"
   3088384,         3,         0,   117.9,decoder_by_matrix,beec9fd12293a9cfe53c9b61fb8ce2a525e4eed38fa75d132d6dc64699336876,"{""distance"":3,""physical_error_rate"":0.0001}","{""detection_events"":45414,""detectors_checked"":166772736,""obs_mistake_mask=E"":3}"
   3108864,         1,         0,   115.8,decoder_by_matrix,beec9fd12293a9cfe53c9b61fb8ce2a525e4eed38fa75d132d6dc64699336876,"{""distance"":3,""physical_error_rate"":0.0001}","{""detection_events"":45264,""detectors_checked"":167878656,""obs_mistake_mask=E"":1}"
   3766272,         0,         0,   116.1,decoder_by_matrix,36e3cd26fed5ec7649ec51fb08c1a5e7d7f30e615782d954fee045c18a4962ca,"{""distance"":3,""physical_error_rate"":5e-05}","{""detection_events"":26523,""detectors_checked"":203378688}"
   3057664,         4,         0,   116.8,decoder_by_matrix,beec9fd12293a9cfe53c9b61fb8ce2a525e4eed38fa75d132d6dc64699336876,"{""distance"":3,""physical_error_rate"":0.0001}","{""detection_events"":44964,""detectors_checked"":165113856,""obs_mistake_mask=E"":4}"
   3083264,         0,         0,   117.8,decoder_by_matrix,beec9fd12293a9cfe53c9b61fb8ce2a525e4eed38fa75d132d6dc64699336876,"{""distance"":3,""physical_error_rate"":0.0001}","{""detection_events"":46125,""detectors_checked"":166496256}"
   3634176,         1,         0,   117.4,decoder_by_matrix,36e3cd26fed5ec7649ec51fb08c1a5e7d7f30e615782d954fee045c18a4962ca,"{""distance"":3,""physical_error_rate"":5e-05}","{""detection_events"":26577,""detectors_checked"":196245504,""obs_mistake_mask=E"":1}"
   3710976,         1,         0,   116.5,decoder_by_matrix,36e3cd26fed5ec7649ec51fb08c1a5e7d7f30e615782d954fee045c18a4962ca,"{""distance"":3,""physical_error_rate"":5e-05}","{""detection_events"":26106,""detectors_checked"":200392704,""obs_mistake_mask=E"":1}"
   3058688,         1,         0,   117.7,decoder_by_matrix,beec9fd12293a9cfe53c9b61fb8ce2a525e4eed38fa75d132d6dc64699336876,"{""distance"":3,""physical_error_rate"":0.0001}","{""detection_events"":45879,""detectors_checked"":165169152,""obs_mistake_mask=E"":1}"
   3109888,         5,         0,   116.9,decoder_by_matrix,beec9fd12293a9cfe53c9b61fb8ce2a525e4eed38fa75d132d6dc64699336876,"{""distance"":3,""physical_error_rate"":0.0001}","{""detection_events"":45342,""detectors_checked"":167933952,""obs_mistake_mask=E"":5}"
   3134464,         1,         0,   117.9,decoder_by_matrix,beec9fd12293a9cfe53c9b61fb8ce2a525e4eed38fa75d132d6dc64699336876,"{""distance"":3,""physical_error_rate"":0.0001}","{""detection_events"":44904,""detectors_checked"":169261056,""obs_mistake_mask=E"":1}"
   3687424,         0,         0,   117.2,decoder_by_matrix,36e3cd26fed5ec7649ec51fb08c1a5e7d7f30e615782d954fee045c18a4962ca,"{""distance"":3,""physical_error_rate"":5e-05}","{""detection_events"":26625,""detectors_checked"":199120896}"
   3697664,         2,         0,   116.3,decoder_by_matrix,36e3cd26fed5ec7649ec51fb08c1a5e7d7f30e615782d954fee045c18a4962ca,"{""distance"":3,""physical_error_rate"":5e-05}","{""detection_events"":27495,""detectors_checked"":199673856,""obs_mistake_mask=E"":2}"
   2727936,         2,         0,    86.1,decoder_by_matrix,36e3cd26fed5ec7649ec51fb08c1a5e7d7f30e615782d954fee045c18a4962ca,"{""distance"":3,""physical_error_rate"":5e-05}","{""detection_events"":19002,""detectors_checked"":147308544,""obs_mistake_mask=E"":2}"
   2694144,         0,         0,    86.3,decoder_by_matrix,36e3cd26fed5ec7649ec51fb08c1a5e7d7f30e615782d954fee045c18a4962ca,"{""distance"":3,""physical_error_rate"":5e-05}","{""detection_events"":19881,""detectors_checked"":145483776}"
   2695168,         2,         0,    84.2,decoder_by_matrix,36e3cd26fed5ec7649ec51fb08c1a5e7d7f30e615782d954fee045c18a4962ca,"{""distance"":3,""physical_error_rate"":5e-05}","{""detection_events"":20124,""detectors_checked"":145539072,""obs_mistake_mask=E"":2}"
   2714624,         0,         0,    85.1,decoder_by_matrix,36e3cd26fed5ec7649ec51fb08c1a5e7d7f30e615782d954fee045c18a4962ca,"{""distance"":3,""physical_error_rate"":5e-05}","{""detection_events"":19788,""detectors_checked"":146589696}"
   2274304,         3,         0,    86.3,decoder_by_matrix,beec9fd12293a9cfe53c9b61fb8ce2a525e4eed38fa75d132d6dc64699336876,"{""distance"":3,""physical_error_rate"":0.0001}","{""detection_events"":33924,""detectors_checked"":122812416,""obs_mistake_mask=E"":3}"
   2268160,         0,         0,    87.0,decoder_by_matrix,beec9fd12293a9cfe53c9b61fb8ce2a525e4eed38fa75d132d6dc64699336876,"{""distance"":3,""physical_error_rate"":0.0001}","{""detection_events"":34014,""detectors_checked"":122480640}"
   2711552,         2,         0,    85.9,decoder_by_matrix,36e3cd26fed5ec7649ec51fb08c1a5e7d7f30e615782d954fee045c18a4962ca,"{""distance"":3,""physical_error_rate"":5e-05}","{""detection_events"":19716,""detectors_checked"":146423808,""obs_mistake_mask=E"":2}"
   2252800,         1,         0,    86.3,decoder_by_matrix,beec9fd12293a9cfe53c9b61fb8ce2a525e4eed38fa75d132d6dc64699336876,"{""distance"":3,""physical_error_rate"":0.0001}","{""detection_events"":33018,""detectors_checked"":121651200,""obs_mistake_mask=E"":1}"
   2254848,         0,         0,    85.7,decoder_by_matrix,beec9fd12293a9cfe53c9b61fb8ce2a525e4eed38fa75d132d6dc64699336876,"{""distance"":3,""physical_error_rate"":0.0001}","{""detection_events"":33132,""detectors_checked"":121761792}"
   2281472,         1,         0,    86.6,decoder_by_matrix,beec9fd12293a9cfe53c9b61fb8ce2a525e4eed38fa75d132d6dc64699336876,"{""distance"":3,""physical_error_rate"":0.0001}","{""detection_events"":32418,""detectors_checked"":123199488,""obs_mistake_mask=E"":1}"
   2286206,         0,         0,    71.4,decoder_by_matrix,36e3cd26fed5ec7649ec51fb08c1a5e7d7f30e615782d954fee045c18a4962ca,"{""distance"":3,""physical_error_rate"":5e-05}","{""detection_events"":15369,""detectors_checked"":123455124}"
   3103744,         2,         0,   117.7,decoder_by_matrix,beec9fd12293a9cfe53c9b61fb8ce2a525e4eed38fa75d132d6dc64699336876,"{""distance"":3,""physical_error_rate"":0.0001}","{""detection_events"":45582,""detectors_checked"":167602176,""obs_mistake_mask=E"":2}"
   3090432,         2,         0,   117.7,decoder_by_matrix,beec9fd12293a9cfe53c9b61fb8ce2a525e4eed38fa75d132d6dc64699336876,"{""distance"":3,""physical_error_rate"":0.0001}","{""detection_events"":45060,""detectors_checked"":166883328,""obs_mistake_mask=E"":2}"
   3089408,         0,         0,   117.4,decoder_by_matrix,beec9fd12293a9cfe53c9b61fb8ce2a525e4eed38fa75d132d6dc64699336876,"{""distance"":3,""physical_error_rate"":0.0001}","{""detection_events"":45693,""detectors_checked"":166828032}"
   3109888,         3,         0,   117.4,decoder_by_matrix,beec9fd12293a9cfe53c9b61fb8ce2a525e4eed38fa75d132d6dc64699336876,"{""distance"":3,""physical_error_rate"":0.0001}","{""detection_events"":44817,""detectors_checked"":167933952,""obs_mistake_mask=E"":3}"
   3657728,         0,         0,   117.7,decoder_by_matrix,36e3cd26fed5ec7649ec51fb08c1a5e7d7f30e615782d954fee045c18a4962ca,"{""distance"":3,""physical_error_rate"":5e-05}","{""detection_events"":27327,""detectors_checked"":197517312}"
      7233,         0,         0,   0.155,decoder_by_matrix,36e3cd26fed5ec7649ec51fb08c1a5e7d7f30e615782d954fee045c18a4962ca,"{""distance"":3,""physical_error_rate"":5e-05}","{""detection_events"":39,""detectors_checked"":390582}"
   3435901,         1,         0,   108.7,decoder_by_matrix,36e3cd26fed5ec7649ec51fb08c1a5e7d7f30e615782d954fee045c18a4962ca,"{""distance"":3,""physical_error_rate"":5e-05}","{""detection_events"":25053,""detectors_checked"":185538654,""obs_mistake_mask=E"":1}"
   3230720,         1,         0,   103.6,decoder_by_matrix,36e3cd26fed5ec7649ec51fb08c1a5e7d7f30e615782d954fee045c18a4962ca,"{""distance"":3,""physical_error_rate"":5e-05}","{""detection_events"":23511,""detectors_checked"":174458880,""obs_mistake_mask=E"":1}"
   3268608,         2,         0,   103.6,decoder_by_matrix,36e3cd26fed5ec7649ec51fb08c1a5e7d7f30e615782d954fee045c18a4962ca,"{""distance"":3,""physical_error_rate"":5e-05}","{""detection_events"":23874,""detectors_checked"":176504832,""obs_mistake_mask=E"":2}"
   3350528,         0,         0,   109.8,decoder_by_matrix,36e3cd26fed5ec7649ec51fb08c1a5e7d7f30e615782d954fee045c18a4962ca,"{""distance"":3,""physical_error_rate"":5e-05}","{""detection_events"":24903,""detectors_checked"":180928512}"
   3246080,         1,         0,   104.0,decoder_by_matrix,36e3cd26fed5ec7649ec51fb08c1a5e7d7f30e615782d954fee045c18a4962ca,"{""distance"":3,""physical_error_rate"":5e-05}","{""detection_events"":24057,""detectors_checked"":175288320,""obs_mistake_mask=E"":1}"
   3221157,         1,         0,   103.3,decoder_by_matrix,36e3cd26fed5ec7649ec51fb08c1a5e7d7f30e615782d954fee045c18a4962ca,"{""distance"":3,""physical_error_rate"":5e-05}","{""detection_events"":23958,""detectors_checked"":173942478,""obs_mistake_mask=E"":1}"
   3192832,         0,         0,   102.6,decoder_by_matrix,36e3cd26fed5ec7649ec51fb08c1a5e7d7f30e615782d954fee045c18a4962ca,"{""distance"":3,""physical_error_rate"":5e-05}","{""detection_events"":23355,""detectors_checked"":172412928}"
   3212288,         0,         0,   103.7,decoder_by_matrix,36e3cd26fed5ec7649ec51fb08c1a5e7d7f30e615782d954fee045c18a4962ca,"{""distance"":3,""physical_error_rate"":5e-05}","{""detection_events"":23196,""detectors_checked"":173463552}"
   2288640,         0,         0,    73.3,decoder_by_matrix,36e3cd26fed5ec7649ec51fb08c1a5e7d7f30e615782d954fee045c18a4962ca,"{""distance"":3,""physical_error_rate"":5e-05}","{""detection_events"":16962,""detectors_checked"":123586560}"
   3086336,         1,         0,   117.7,decoder_by_matrix,beec9fd12293a9cfe53c9b61fb8ce2a525e4eed38fa75d132d6dc64699336876,"{""distance"":3,""physical_error_rate"":0.0001}","{""detection_events"":45588,""detectors_checked"":166662144,""obs_mistake_mask=E"":1}"
   3098624,         1,         0,   117.3,decoder_by_matrix,beec9fd12293a9cfe53c9b61fb8ce2a525e4eed38fa75d132d6dc64699336876,"{""distance"":3,""physical_error_rate"":0.0001}","{""detection_events"":45024,""detectors_checked"":167325696,""obs_mistake_mask=E"":1}"
   3061760,         3,         0,   116.4,decoder_by_matrix,beec9fd12293a9cfe53c9b61fb8ce2a525e4eed38fa75d132d6dc64699336876,"{""distance"":3,""physical_error_rate"":0.0001}","{""detection_events"":44097,""detectors_checked"":165335040,""obs_mistake_mask=E"":3}"
   3079168,         3,         0,   116.8,decoder_by_matrix,beec9fd12293a9cfe53c9b61fb8ce2a525e4eed38fa75d132d6dc64699336876,"{""distance"":3,""physical_error_rate"":0.0001}","{""detection_events"":45348,""detectors_checked"":166275072,""obs_mistake_mask=E"":3}"
   3062784,         1,         0,   117.4,decoder_by_matrix,beec9fd12293a9cfe53c9b61fb8ce2a525e4eed38fa75d132d6dc64699336876,"{""distance"":3,""physical_error_rate"":0.0001}","{""detection_events"":45375,""detectors_checked"":165390336,""obs_mistake_mask=E"":1}"
   3103744,         1,         0,   117.3,decoder_by_matrix,beec9fd12293a9cfe53c9b61fb8ce2a525e4eed38fa75d132d6dc64699336876,"{""distance"":3,""physical_error_rate"":0.0001}","{""detection_events"":45285,""detectors_checked"":167602176,""obs_mistake_mask=E"":1}"
   3095552,         2,         0,   116.9,decoder_by_matrix,beec9fd12293a9cfe53c9b61fb8ce2a525e4eed38fa75d132d6dc64699336876,"{""distance"":3,""physical_error_rate"":0.0001}","{""detection_events"":44985,""detectors_checked"":167159808,""obs_mistake_mask=E"":2}"
   2201339,         0,         0,    69.4,decoder_by_matrix,36e3cd26fed5ec7649ec51fb08c1a5e7d7f30e615782d954fee045c18a4962ca,"{""distance"":3,""physical_error_rate"":5e-05}","{""detection_events"":15234,""detectors_checked"":118872306}"
   2168832,         0,         0,    69.1,decoder_by_matrix,36e3cd26fed5ec7649ec51fb08c1a5e7d7f30e615782d954fee045c18a4962ca,"{""distance"":3,""physical_error_rate"":5e-05}","{""detection_events"":15459,""detectors_checked"":117116928}"
   2096128,         1,         0,    66.6,decoder_by_matrix,36e3cd26fed5ec7649ec51fb08c1a5e7d7f30e615782d954fee045c18a4962ca,"{""distance"":3,""physical_error_rate"":5e-05}","{""detection_events"":14877,""detectors_checked"":113190912,""obs_mistake_mask=E"":1}"
   2195456,         0,         0,    68.8,decoder_by_matrix,36e3cd26fed5ec7649ec51fb08c1a5e7d7f30e615782d954fee045c18a4962ca,"{""distance"":3,""physical_error_rate"":5e-05}","{""detection_events"":15516,""detectors_checked"":118554624}"
   2170880,         0,         0,    69.4,decoder_by_matrix,36e3cd26fed5ec7649ec51fb08c1a5e7d7f30e615782d954fee045c18a4962ca,"{""distance"":3,""physical_error_rate"":5e-05}","{""detection_events"":15573,""detectors_checked"":117227520}"
   2161664,         0,         0,    69.3,decoder_by_matrix,36e3cd26fed5ec7649ec51fb08c1a5e7d7f30e615782d954fee045c18a4962ca,"{""distance"":3,""physical_error_rate"":5e-05}","{""detection_events"":15555,""detectors_checked"":116729856}"
    932517,         0,         0,    29.7,decoder_by_matrix,36e3cd26fed5ec7649ec51fb08c1a5e7d7f30e615782d954fee045c18a4962ca,"{""distance"":3,""physical_error_rate"":5e-05}","{""detection_events"":6816,""detectors_checked"":50355918}"
   1101824,         3,         0,    35.8,decoder_by_matrix,36e3cd26fed5ec7649ec51fb08c1a5e7d7f30e615782d954fee045c18a4962ca,"{""distance"":3,""physical_error_rate"":5e-05}","{""detection_events"":8238,""detectors_checked"":59498496,""obs_mistake_mask=E"":3}"
   1233920,         0,         0,    39.5,decoder_by_matrix,36e3cd26fed5ec7649ec51fb08c1a5e7d7f30e615782d954fee045c18a4962ca,"{""distance"":3,""physical_error_rate"":5e-05}","{""detection_events"":8994,""detectors_checked"":66631680}"
   1075200,         0,         0,    35.4,decoder_by_matrix,36e3cd26fed5ec7649ec51fb08c1a5e7d7f30e615782d954fee045c18a4962ca,"{""distance"":3,""physical_error_rate"":5e-05}","{""detection_events"":8208,""detectors_checked"":58060800}"
   1100800,         0,         0,    35.2,decoder_by_matrix,36e3cd26fed5ec7649ec51fb08c1a5e7d7f30e615782d954fee045c18a4962ca,"{""distance"":3,""physical_error_rate"":5e-05}","{""detection_events"":8220,""detectors_checked"":59443200}"
   1115136,         0,         0,    35.4,decoder_by_matrix,36e3cd26fed5ec7649ec51fb08c1a5e7d7f30e615782d954fee045c18a4962ca,"{""distance"":3,""physical_error_rate"":5e-05}","{""detection_events"":8313,""detectors_checked"":60217344}"
    950272,         0,         0,    30.3,decoder_by_matrix,36e3cd26fed5ec7649ec51fb08c1a5e7d7f30e615782d954fee045c18a4962ca,"{""distance"":3,""physical_error_rate"":5e-05}","{""detection_events"":6885,""detectors_checked"":51314688}"
    952320,         1,         0,    30.0,decoder_by_matrix,36e3cd26fed5ec7649ec51fb08c1a5e7d7f30e615782d954fee045c18a4962ca,"{""distance"":3,""physical_error_rate"":5e-05}","{""detection_events"":6834,""detectors_checked"":51425280,""obs_mistake_mask=E"":1}"
   1118208,         0,         0,    35.4,decoder_by_matrix,36e3cd26fed5ec7649ec51fb08c1a5e7d7f30e615782d954fee045c18a4962ca,"{""distance"":3,""physical_error_rate"":5e-05}","{""detection_events"":8628,""detectors_checked"":60383232}"
    945152,         0,         0,    30.0,decoder_by_matrix,36e3cd26fed5ec7649ec51fb08c1a5e7d7f30e615782d954fee045c18a4962ca,"{""distance"":3,""physical_error_rate"":5e-05}","{""detection_events"":6822,""detectors_checked"":51038208}"
     39675,         0,         0,    1.31,decoder_by_matrix,36e3cd26fed5ec7649ec51fb08c1a5e7d7f30e615782d954fee045c18a4962ca,"{""distance"":3,""physical_error_rate"":5e-05}","{""detection_events"":399,""detectors_checked"":2142450}"
     65925,         0,         0,    1.99,decoder_by_matrix,36e3cd26fed5ec7649ec51fb08c1a5e7d7f30e615782d954fee045c18a4962ca,"{""distance"":3,""physical_error_rate"":5e-05}","{""detection_events"":465,""detectors_checked"":3559950}"
    181401,         0,         0,    5.73,decoder_by_matrix,36e3cd26fed5ec7649ec51fb08c1a5e7d7f30e615782d954fee045c18a4962ca,"{""distance"":3,""physical_error_rate"":5e-05}","{""detection_events"":1338,""detectors_checked"":9795654}"
    176128,         0,         0,    5.65,decoder_by_matrix,36e3cd26fed5ec7649ec51fb08c1a5e7d7f30e615782d954fee045c18a4962ca,"{""distance"":3,""physical_error_rate"":5e-05}","{""detection_events"":1311,""detectors_checked"":9510912}"
    178176,         0,         0,    5.47,decoder_by_matrix,36e3cd26fed5ec7649ec51fb08c1a5e7d7f30e615782d954fee045c18a4962ca,"{""distance"":3,""physical_error_rate"":5e-05}","{""detection_events"":1452,""detectors_checked"":9621504}"
    176128,         0,         0,    5.73,decoder_by_matrix,36e3cd26fed5ec7649ec51fb08c1a5e7d7f30e615782d954fee045c18a4962ca,"{""distance"":3,""physical_error_rate"":5e-05}","{""detection_events"":1320,""detectors_checked"":9510912}"
      3225,         0,         0,   0.002,decoder_by_matrix,36e3cd26fed5ec7649ec51fb08c1a5e7d7f30e615782d954fee045c18a4962ca,"{""distance"":3,""physical_error_rate"":5e-05}","{""detection_events"":15,""detectors_checked"":174150}"
    139264,         0,         0,    4.33,decoder_by_matrix,36e3cd26fed5ec7649ec51fb08c1a5e7d7f30e615782d954fee045c18a4962ca,"{""distance"":3,""physical_error_rate"":5e-05}","{""detection_events"":975,""detectors_checked"":7520256}"
    136710,         1,         0,    3.98,decoder_by_matrix,36e3cd26fed5ec7649ec51fb08c1a5e7d7f30e615782d954fee045c18a4962ca,"{""distance"":3,""physical_error_rate"":5e-05}","{""detection_events"":1083,""detectors_checked"":7382340,""obs_mistake_mask=E"":1}"
    136710,         0,         0,    4.35,decoder_by_matrix,36e3cd26fed5ec7649ec51fb08c1a5e7d7f30e615782d954fee045c18a4962ca,"{""distance"":3,""physical_error_rate"":5e-05}","{""detection_events"":1017,""detectors_checked"":7382340}"
    137216,         1,         0,    4.25,decoder_by_matrix,36e3cd26fed5ec7649ec51fb08c1a5e7d7f30e615782d954fee045c18a4962ca,"{""distance"":3,""physical_error_rate"":5e-05}","{""detection_events"":978,""detectors_checked"":7409664,""obs_mistake_mask=E"":1}"
    130048,         0,         0,    4.22,decoder_by_matrix,36e3cd26fed5ec7649ec51fb08c1a5e7d7f30e615782d954fee045c18a4962ca,"{""distance"":3,""physical_error_rate"":5e-05}","{""detection_events"":1011,""detectors_checked"":7022592}"
    136192,         0,         0,    4.30,decoder_by_matrix,36e3cd26fed5ec7649ec51fb08c1a5e7d7f30e615782d954fee045c18a4962ca,"{""distance"":3,""physical_error_rate"":5e-05}","{""detection_events"":1050,""detectors_checked"":7354368}"
    129024,         0,         0,    4.21,decoder_by_matrix,36e3cd26fed5ec7649ec51fb08c1a5e7d7f30e615782d954fee045c18a4962ca,"{""distance"":3,""physical_error_rate"":5e-05}","{""detection_events"":1068,""detectors_checked"":6967296}"
    131072,         0,         0,    4.49,decoder_by_matrix,36e3cd26fed5ec7649ec51fb08c1a5e7d7f30e615782d954fee045c18a4962ca,"{""distance"":3,""physical_error_rate"":5e-05}","{""detection_events"":987,""detectors_checked"":7077888}"
    136710,         0,         0,    4.51,decoder_by_matrix,36e3cd26fed5ec7649ec51fb08c1a5e7d7f30e615782d954fee045c18a4962ca,"{""distance"":3,""physical_error_rate"":5e-05}","{""detection_events"":1011,""detectors_checked"":7382340}"
       518,         0,         0,   0.000,decoder_by_matrix,36e3cd26fed5ec7649ec51fb08c1a5e7d7f30e615782d954fee045c18a4962ca,"{""distance"":3,""physical_error_rate"":5e-05}","{""detectors_checked"":27972}"
    135168,         0,         0,    4.61,decoder_by_matrix,36e3cd26fed5ec7649ec51fb08c1a5e7d7f30e615782d954fee045c18a4962ca,"{""distance"":3,""physical_error_rate"":5e-05}","{""detection_events"":1092,""detectors_checked"":7299072}"
    135168,         0,         0,    4.64,decoder_by_matrix,36e3cd26fed5ec7649ec51fb08c1a5e7d7f30e615782d954fee045c18a4962ca,"{""distance"":3,""physical_error_rate"":5e-05}","{""detection_events"":957,""detectors_checked"":7299072}"
      6662,         0,         0,   0.064,decoder_by_matrix,36e3cd26fed5ec7649ec51fb08c1a5e7d7f30e615782d954fee045c18a4962ca,"{""distance"":3,""physical_error_rate"":5e-05}","{""detection_events"":54,""detectors_checked"":359748}"
      5638,         0,         0,   0.085,decoder_by_matrix,36e3cd26fed5ec7649ec51fb08c1a5e7d7f30e615782d954fee045c18a4962ca,"{""distance"":3,""physical_error_rate"":5e-05}","{""detection_events"":21,""detectors_checked"":304452}"
    134144,         0,         0,    3.96,decoder_by_matrix,36e3cd26fed5ec7649ec51fb08c1a5e7d7f30e615782d954fee045c18a4962ca,"{""distance"":3,""physical_error_rate"":5e-05}","{""detection_events"":948,""detectors_checked"":7243776}"
      7127,         0,         0,   0.112,decoder_by_matrix,36e3cd26fed5ec7649ec51fb08c1a5e7d7f30e615782d954fee045c18a4962ca,"{""distance"":3,""physical_error_rate"":5e-05}","{""detection_events"":27,""detectors_checked"":384858}"
      1542,         0,         0,   0.001,decoder_by_matrix,36e3cd26fed5ec7649ec51fb08c1a5e7d7f30e615782d954fee045c18a4962ca,"{""distance"":3,""physical_error_rate"":5e-05}","{""detectors_checked"":83268}"
      2566,         0,         0,   0.002,decoder_by_matrix,36e3cd26fed5ec7649ec51fb08c1a5e7d7f30e615782d954fee045c18a4962ca,"{""distance"":3,""physical_error_rate"":5e-05}","{""detection_events"":12,""detectors_checked"":138564}"
      9056,         0,         0,   0.027,decoder_by_matrix,36e3cd26fed5ec7649ec51fb08c1a5e7d7f30e615782d954fee045c18a4962ca,"{""distance"":3,""physical_error_rate"":5e-05}","{""detection_events"":18,""detectors_checked"":489024}"
      7686,         0,         0,   0.158,decoder_by_matrix,36e3cd26fed5ec7649ec51fb08c1a5e7d7f30e615782d954fee045c18a4962ca,"{""distance"":3,""physical_error_rate"":5e-05}","{""detection_events"":81,""detectors_checked"":415044}"
     34117,         0,         0,    1.00,decoder_by_matrix,36e3cd26fed5ec7649ec51fb08c1a5e7d7f30e615782d954fee045c18a4962ca,"{""distance"":3,""physical_error_rate"":5e-05}","{""detection_events"":261,""detectors_checked"":1842318}"
     24692,         0,         0,   0.456,decoder_by_matrix,36e3cd26fed5ec7649ec51fb08c1a5e7d7f30e615782d954fee045c18a4962ca,"{""distance"":3,""physical_error_rate"":5e-05}","{""detection_events"":126,""detectors_checked"":1333368}"
     33071,         0,         0,   0.907,decoder_by_matrix,36e3cd26fed5ec7649ec51fb08c1a5e7d7f30e615782d954fee045c18a4962ca,"{""distance"":3,""physical_error_rate"":5e-05}","{""detection_events"":198,""detectors_checked"":1785834}"
     33792,         0,         0,    1.04,decoder_by_matrix,36e3cd26fed5ec7649ec51fb08c1a5e7d7f30e615782d954fee045c18a4962ca,"{""distance"":3,""physical_error_rate"":5e-05}","{""detection_events"":240,""detectors_checked"":1824768}"
     32768,         0,         0,    1.18,decoder_by_matrix,36e3cd26fed5ec7649ec51fb08c1a5e7d7f30e615782d954fee045c18a4962ca,"{""distance"":3,""physical_error_rate"":5e-05}","{""detection_events"":273,""detectors_checked"":1769472}"
     33792,         0,         0,   0.855,decoder_by_matrix,36e3cd26fed5ec7649ec51fb08c1a5e7d7f30e615782d954fee045c18a4962ca,"{""distance"":3,""physical_error_rate"":5e-05}","{""detection_events"":225,""detectors_checked"":1824768}"
     33792,         0,         0,   0.976,decoder_by_matrix,36e3cd26fed5ec7649ec51fb08c1a5e7d7f30e615782d954fee045c18a4962ca,"{""distance"":3,""physical_error_rate"":5e-05}","{""detection_events"":168,""detectors_checked"":1824768}"
      3782,         0,         0,   0.003,decoder_by_matrix,36e3cd26fed5ec7649ec51fb08c1a5e7d7f30e615782d954fee045c18a4962ca,"{""distance"":3,""physical_error_rate"":5e-05}","{""detection_events"":18,""detectors_checked"":204228}"
       783,         0,         0,   0.001,decoder_by_matrix,36e3cd26fed5ec7649ec51fb08c1a5e7d7f30e615782d954fee045c18a4962ca,"{""distance"":3,""physical_error_rate"":5e-05}","{""detection_events"":9,""detectors_checked"":42282}"
       582,         0,         0,   0.001,decoder_by_matrix,36e3cd26fed5ec7649ec51fb08c1a5e7d7f30e615782d954fee045c18a4962ca,"{""distance"":3,""physical_error_rate"":5e-05}","{""detection_events"":15,""detectors_checked"":31428}"
     21504,         0,         0,   0.734,decoder_by_matrix,36e3cd26fed5ec7649ec51fb08c1a5e7d7f30e615782d954fee045c18a4962ca,"{""distance"":3,""physical_error_rate"":5e-05}","{""detection_events"":147,""detectors_checked"":1161216}"
     30720,         0,         0,    1.01,decoder_by_matrix,36e3cd26fed5ec7649ec51fb08c1a5e7d7f30e615782d954fee045c18a4962ca,"{""distance"":3,""physical_error_rate"":5e-05}","{""detection_events"":312,""detectors_checked"":1658880}"
       872,         0,         0,   0.001,decoder_by_matrix,36e3cd26fed5ec7649ec51fb08c1a5e7d7f30e615782d954fee045c18a4962ca,"{""distance"":3,""physical_error_rate"":5e-05}","{""detection_events"":9,""detectors_checked"":47088}"
     25216,         0,         0,   0.638,decoder_by_matrix,36e3cd26fed5ec7649ec51fb08c1a5e7d7f30e615782d954fee045c18a4962ca,"{""distance"":3,""physical_error_rate"":5e-05}","{""detection_events"":153,""detectors_checked"":1361664}"
     22528,         0,         0,   0.697,decoder_by_matrix,36e3cd26fed5ec7649ec51fb08c1a5e7d7f30e615782d954fee045c18a4962ca,"{""distance"":3,""physical_error_rate"":5e-05}","{""detection_events"":153,""detectors_checked"":1216512}"
     25216,         0,         0,   0.695,decoder_by_matrix,36e3cd26fed5ec7649ec51fb08c1a5e7d7f30e615782d954fee045c18a4962ca,"{""distance"":3,""physical_error_rate"":5e-05}","{""detection_events"":171,""detectors_checked"":1361664}"
     21504,         0,         0,   0.771,decoder_by_matrix,36e3cd26fed5ec7649ec51fb08c1a5e7d7f30e615782d954fee045c18a4962ca,"{""distance"":3,""physical_error_rate"":5e-05}","{""detection_events"":204,""detectors_checked"":1161216}"
     30720,         0,         0,    1.07,decoder_by_matrix,36e3cd26fed5ec7649ec51fb08c1a5e7d7f30e615782d954fee045c18a4962ca,"{""distance"":3,""physical_error_rate"":5e-05}","{""detection_events"":285,""detectors_checked"":1658880}"
       219,         0,         0,   0.000,decoder_by_matrix,36e3cd26fed5ec7649ec51fb08c1a5e7d7f30e615782d954fee045c18a4962ca,"{""distance"":3,""physical_error_rate"":5e-05}","{""detectors_checked"":11826}"
     22528,         0,         0,   0.714,decoder_by_matrix,36e3cd26fed5ec7649ec51fb08c1a5e7d7f30e615782d954fee045c18a4962ca,"{""distance"":3,""physical_error_rate"":5e-05}","{""detection_events"":117,""detectors_checked"":1216512}"
      6059,         0,         0,   0.087,decoder_by_matrix,36e3cd26fed5ec7649ec51fb08c1a5e7d7f30e615782d954fee045c18a4962ca,"{""distance"":3,""physical_error_rate"":5e-05}","{""detection_events"":54,""detectors_checked"":327186}"
       202,         0,         0,   0.000,decoder_by_matrix,36e3cd26fed5ec7649ec51fb08c1a5e7d7f30e615782d954fee045c18a4962ca,"{""distance"":3,""physical_error_rate"":5e-05}","{""detectors_checked"":10908}"
        35,         0,         0,   0.000,decoder_by_matrix,36e3cd26fed5ec7649ec51fb08c1a5e7d7f30e615782d954fee045c18a4962ca,"{""distance"":3,""physical_error_rate"":5e-05}","{""detectors_checked"":1890}"
       219,         0,         0,   0.000,decoder_by_matrix,36e3cd26fed5ec7649ec51fb08c1a5e7d7f30e615782d954fee045c18a4962ca,"{""distance"":3,""physical_error_rate"":5e-05}","{""detectors_checked"":11826}"
      1344,         0,         0,   0.002,decoder_by_matrix,36e3cd26fed5ec7649ec51fb08c1a5e7d7f30e615782d954fee045c18a4962ca,"{""distance"":3,""physical_error_rate"":5e-05}","{""detection_events"":6,""detectors_checked"":72576}"
       116,         0,         0,   0.000,decoder_by_matrix,36e3cd26fed5ec7649ec51fb08c1a5e7d7f30e615782d954fee045c18a4962ca,"{""distance"":3,""physical_error_rate"":5e-05}","{""detectors_checked"":6264}"
     27328,         0,         0,   0.629,decoder_by_matrix,36e3cd26fed5ec7649ec51fb08c1a5e7d7f30e615782d954fee045c18a4962ca,"{""distance"":3,""physical_error_rate"":5e-05}","{""detection_events"":258,""detectors_checked"":1475712}"
       297,         0,         0,   0.000,decoder_by_matrix,36e3cd26fed5ec7649ec51fb08c1a5e7d7f30e615782d954fee045c18a4962ca,"{""distance"":3,""physical_error_rate"":5e-05}","{""detectors_checked"":16038}"
      5471,         0,         0,   0.132,decoder_by_matrix,36e3cd26fed5ec7649ec51fb08c1a5e7d7f30e615782d954fee045c18a4962ca,"{""distance"":3,""physical_error_rate"":5e-05}","{""detection_events"":66,""detectors_checked"":295434}"
      5680,         0,         0,   0.033,decoder_by_matrix,36e3cd26fed5ec7649ec51fb08c1a5e7d7f30e615782d954fee045c18a4962ca,"{""distance"":3,""physical_error_rate"":5e-05}","{""detection_events"":45,""detectors_checked"":306720}"
      9400,         0,         0,   0.200,decoder_by_matrix,36e3cd26fed5ec7649ec51fb08c1a5e7d7f30e615782d954fee045c18a4962ca,"{""distance"":3,""physical_error_rate"":5e-05}","{""detection_events"":90,""detectors_checked"":507600}"
      5680,         0,         0,   0.076,decoder_by_matrix,36e3cd26fed5ec7649ec51fb08c1a5e7d7f30e615782d954fee045c18a4962ca,"{""distance"":3,""physical_error_rate"":5e-05}","{""detection_events"":42,""detectors_checked"":306720}"
      5680,         0,         0,   0.084,decoder_by_matrix,36e3cd26fed5ec7649ec51fb08c1a5e7d7f30e615782d954fee045c18a4962ca,"{""distance"":3,""physical_error_rate"":5e-05}","{""detection_events"":39,""detectors_checked"":306720}"
      9400,         0,         0,   0.202,decoder_by_matrix,36e3cd26fed5ec7649ec51fb08c1a5e7d7f30e615782d954fee045c18a4962ca,"{""distance"":3,""physical_error_rate"":5e-05}","{""detection_events"":57,""detectors_checked"":507600}"
       364,         0,         0,   0.000,decoder_by_matrix,36e3cd26fed5ec7649ec51fb08c1a5e7d7f30e615782d954fee045c18a4962ca,"{""distance"":3,""physical_error_rate"":5e-05}","{""detectors_checked"":19656}"
       379,         0,         0,   0.001,decoder_by_matrix,36e3cd26fed5ec7649ec51fb08c1a5e7d7f30e615782d954fee045c18a4962ca,"{""distance"":3,""physical_error_rate"":5e-05}","{""detection_events"":6,""detectors_checked"":20466}"
      5120,         0,         0,   0.082,decoder_by_matrix,36e3cd26fed5ec7649ec51fb08c1a5e7d7f30e615782d954fee045c18a4962ca,"{""distance"":3,""physical_error_rate"":5e-05}","{""detection_events"":27,""detectors_checked"":276480}"
       144,         0,         0,   0.000,decoder_by_matrix,36e3cd26fed5ec7649ec51fb08c1a5e7d7f30e615782d954fee045c18a4962ca,"{""distance"":3,""physical_error_rate"":5e-05}","{""detectors_checked"":7776}"
      1839,         0,         0,   0.002,decoder_by_matrix,36e3cd26fed5ec7649ec51fb08c1a5e7d7f30e615782d954fee045c18a4962ca,"{""distance"":3,""physical_error_rate"":5e-05}","{""detection_events"":30,""detectors_checked"":99306}"
       885,         0,         0,   0.001,decoder_by_matrix,36e3cd26fed5ec7649ec51fb08c1a5e7d7f30e615782d954fee045c18a4962ca,"{""distance"":3,""physical_error_rate"":5e-05}","{""detectors_checked"":47790}"
        43,         0,         0,   0.000,decoder_by_matrix,36e3cd26fed5ec7649ec51fb08c1a5e7d7f30e615782d954fee045c18a4962ca,"{""distance"":3,""physical_error_rate"":5e-05}","{""detectors_checked"":2322}"
       885,         0,         0,   0.000,decoder_by_matrix,36e3cd26fed5ec7649ec51fb08c1a5e7d7f30e615782d954fee045c18a4962ca,"{""distance"":3,""physical_error_rate"":5e-05}","{""detectors_checked"":47790}"
      3137,         0,         0,   0.080,decoder_by_matrix,36e3cd26fed5ec7649ec51fb08c1a5e7d7f30e615782d954fee045c18a4962ca,"{""distance"":3,""physical_error_rate"":5e-05}","{""detection_events"":27,""detectors_checked"":169398}"
       364,         0,         0,   0.001,decoder_by_matrix,36e3cd26fed5ec7649ec51fb08c1a5e7d7f30e615782d954fee045c18a4962ca,"{""distance"":3,""physical_error_rate"":5e-05}","{""detection_events"":15,""detectors_checked"":19656}"
       648,         0,         0,   0.000,decoder_by_matrix,36e3cd26fed5ec7649ec51fb08c1a5e7d7f30e615782d954fee045c18a4962ca,"{""distance"":3,""physical_error_rate"":5e-05}","{""detectors_checked"":34992}"
        90,         0,         0,   0.000,decoder_by_matrix,36e3cd26fed5ec7649ec51fb08c1a5e7d7f30e615782d954fee045c18a4962ca,"{""distance"":3,""physical_error_rate"":5e-05}","{""detectors_checked"":4860}"
       452,         0,         0,   0.001,decoder_by_matrix,36e3cd26fed5ec7649ec51fb08c1a5e7d7f30e615782d954fee045c18a4962ca,"{""distance"":3,""physical_error_rate"":5e-05}","{""detection_events"":15,""detectors_checked"":24408}"
       355,         0,         0,   0.001,decoder_by_matrix,36e3cd26fed5ec7649ec51fb08c1a5e7d7f30e615782d954fee045c18a4962ca,"{""distance"":3,""physical_error_rate"":5e-05}","{""detection_events"":12,""detectors_checked"":19170}"
       320,         0,         0,   0.000,decoder_by_matrix,36e3cd26fed5ec7649ec51fb08c1a5e7d7f30e615782d954fee045c18a4962ca,"{""distance"":3,""physical_error_rate"":5e-05}","{""detectors_checked"":17280}"
       313,         0,         0,   0.000,decoder_by_matrix,36e3cd26fed5ec7649ec51fb08c1a5e7d7f30e615782d954fee045c18a4962ca,"{""distance"":3,""physical_error_rate"":5e-05}","{""detectors_checked"":16902}"
       293,         0,         0,   0.000,decoder_by_matrix,36e3cd26fed5ec7649ec51fb08c1a5e7d7f30e615782d954fee045c18a4962ca,"{""distance"":3,""physical_error_rate"":5e-05}","{""detectors_checked"":15822}"
       275,         0,         0,   0.000,decoder_by_matrix,36e3cd26fed5ec7649ec51fb08c1a5e7d7f30e615782d954fee045c18a4962ca,"{""distance"":3,""physical_error_rate"":5e-05}","{""detectors_checked"":14850}"
       258,         0,         0,   0.000,decoder_by_matrix,36e3cd26fed5ec7649ec51fb08c1a5e7d7f30e615782d954fee045c18a4962ca,"{""distance"":3,""physical_error_rate"":5e-05}","{""detection_events"":12,""detectors_checked"":13932}"
       429,         0,         0,   0.000,decoder_by_matrix,36e3cd26fed5ec7649ec51fb08c1a5e7d7f30e615782d954fee045c18a4962ca,"{""distance"":3,""physical_error_rate"":5e-05}","{""detectors_checked"":23166}"
       452,         0,         0,   0.000,decoder_by_matrix,36e3cd26fed5ec7649ec51fb08c1a5e7d7f30e615782d954fee045c18a4962ca,"{""distance"":3,""physical_error_rate"":5e-05}","{""detectors_checked"":24408}"
       161,         0,         0,   0.000,decoder_by_matrix,36e3cd26fed5ec7649ec51fb08c1a5e7d7f30e615782d954fee045c18a4962ca,"{""distance"":3,""physical_error_rate"":5e-05}","{""detectors_checked"":8694}"
        81,         0,         0,   0.000,decoder_by_matrix,36e3cd26fed5ec7649ec51fb08c1a5e7d7f30e615782d954fee045c18a4962ca,"{""distance"":3,""physical_error_rate"":5e-05}","{""detectors_checked"":4374}"
       196,         0,         0,   0.000,decoder_by_matrix,36e3cd26fed5ec7649ec51fb08c1a5e7d7f30e615782d954fee045c18a4962ca,"{""distance"":3,""physical_error_rate"":5e-05}","{""detectors_checked"":10584}"
       176,         0,         0,   0.000,decoder_by_matrix,36e3cd26fed5ec7649ec51fb08c1a5e7d7f30e615782d954fee045c18a4962ca,"{""distance"":3,""physical_error_rate"":5e-05}","{""detection_events"":12,""detectors_checked"":9504}"
        97,         0,         0,   0.000,decoder_by_matrix,36e3cd26fed5ec7649ec51fb08c1a5e7d7f30e615782d954fee045c18a4962ca,"{""distance"":3,""physical_error_rate"":5e-05}","{""detectors_checked"":5238}"
       142,         0,         0,   0.000,decoder_by_matrix,36e3cd26fed5ec7649ec51fb08c1a5e7d7f30e615782d954fee045c18a4962ca,"{""distance"":3,""physical_error_rate"":5e-05}","{""detectors_checked"":7668}"
       171,         0,         0,   0.001,decoder_by_matrix,36e3cd26fed5ec7649ec51fb08c1a5e7d7f30e615782d954fee045c18a4962ca,"{""distance"":3,""physical_error_rate"":5e-05}","{""detectors_checked"":9234}"
       133,         0,         0,   0.000,decoder_by_matrix,36e3cd26fed5ec7649ec51fb08c1a5e7d7f30e615782d954fee045c18a4962ca,"{""distance"":3,""physical_error_rate"":5e-05}","{""detection_events"":12,""detectors_checked"":7182}"
       186,         0,         0,   0.000,decoder_by_matrix,36e3cd26fed5ec7649ec51fb08c1a5e7d7f30e615782d954fee045c18a4962ca,"{""distance"":3,""physical_error_rate"":5e-05}","{""detectors_checked"":10044}"
       148,         0,         0,   0.000,decoder_by_matrix,36e3cd26fed5ec7649ec51fb08c1a5e7d7f30e615782d954fee045c18a4962ca,"{""distance"":3,""physical_error_rate"":5e-05}","{""detection_events"":3,""detectors_checked"":7992}"
         6,         0,         0,   0.000,decoder_by_matrix,36e3cd26fed5ec7649ec51fb08c1a5e7d7f30e615782d954fee045c18a4962ca,"{""distance"":3,""physical_error_rate"":5e-05}","{""detectors_checked"":324}"
       186,         0,         0,   0.000,decoder_by_matrix,36e3cd26fed5ec7649ec51fb08c1a5e7d7f30e615782d954fee045c18a4962ca,"{""distance"":3,""physical_error_rate"":5e-05}","{""detectors_checked"":10044}"
       241,         0,         0,   0.000,decoder_by_matrix,36e3cd26fed5ec7649ec51fb08c1a5e7d7f30e615782d954fee045c18a4962ca,"{""distance"":3,""physical_error_rate"":5e-05}","{""detection_events"":3,""detectors_checked"":13014}"
        15,         0,         0,   0.000,decoder_by_matrix,36e3cd26fed5ec7649ec51fb08c1a5e7d7f30e615782d954fee045c18a4962ca,"{""distance"":3,""physical_error_rate"":5e-05}","{""detectors_checked"":810}"
        10,         0,         0,   0.000,decoder_by_matrix,36e3cd26fed5ec7649ec51fb08c1a5e7d7f30e615782d954fee045c18a4962ca,"{""distance"":3,""physical_error_rate"":5e-05}","{""detectors_checked"":540}"
        11,         0,         0,   0.000,decoder_by_matrix,36e3cd26fed5ec7649ec51fb08c1a5e7d7f30e615782d954fee045c18a4962ca,"{""distance"":3,""physical_error_rate"":5e-05}","{""detectors_checked"":594}"
         1,         0,         0,   0.000,decoder_by_matrix,36e3cd26fed5ec7649ec51fb08c1a5e7d7f30e615782d954fee045c18a4962ca,"{""distance"":3,""physical_error_rate"":5e-05}","{""detectors_checked"":54}"
       186,         0,         0,   0.000,decoder_by_matrix,36e3cd26fed5ec7649ec51fb08c1a5e7d7f30e615782d954fee045c18a4962ca,"{""distance"":3,""physical_error_rate"":5e-05}","{""detectors_checked"":10044}"
        44,         0,         0,   0.000,decoder_by_matrix,36e3cd26fed5ec7649ec51fb08c1a5e7d7f30e615782d954fee045c18a4962ca,"{""distance"":3,""physical_error_rate"":5e-05}","{""detectors_checked"":2376}"
        10,         0,         0,   0.000,decoder_by_matrix,36e3cd26fed5ec7649ec51fb08c1a5e7d7f30e615782d954fee045c18a4962ca,"{""distance"":3,""physical_error_rate"":5e-05}","{""detectors_checked"":540}"
        17,         0,         0,   0.000,decoder_by_matrix,36e3cd26fed5ec7649ec51fb08c1a5e7d7f30e615782d954fee045c18a4962ca,"{""distance"":3,""physical_error_rate"":5e-05}","{""detectors_checked"":918}"
        11,         0,         0,   0.000,decoder_by_matrix,36e3cd26fed5ec7649ec51fb08c1a5e7d7f30e615782d954fee045c18a4962ca,"{""distance"":3,""physical_error_rate"":5e-05}","{""detectors_checked"":594}"
        10,         0,         0,   0.000,decoder_by_matrix,36e3cd26fed5ec7649ec51fb08c1a5e7d7f30e615782d954fee045c18a4962ca,"{""distance"":3,""physical_error_rate"":5e-05}","{""detectors_checked"":540}"
        10,         0,         0,   0.000,decoder_by_matrix,36e3cd26fed5ec7649ec51fb08c1a5e7d7f30e615782d954fee045c18a4962ca,"{""distance"":3,""physical_error_rate"":5e-05}","{""detectors_checked"":540}"
        10,         0,         0,   0.000,decoder_by_matrix,36e3cd26fed5ec7649ec51fb08c1a5e7d7f30e615782d954fee045c18a4962ca,"{""distance"":3,""physical_error_rate"":5e-05}","{""detectors_checked"":540}"
       715,         0,         0,   0.000,decoder_by_matrix,36e3cd26fed5ec7649ec51fb08c1a5e7d7f30e615782d954fee045c18a4962ca,"{""distance"":3,""physical_error_rate"":5e-05}","{""detectors_checked"":38610}"
         1,         0,         0,   0.000,decoder_by_matrix,beec9fd12293a9cfe53c9b61fb8ce2a525e4eed38fa75d132d6dc64699336876,"{""distance"":3,""physical_error_rate"":0.0001}","{""detectors_checked"":54}"
         1,         0,         0,   0.000,decoder_by_matrix,beec9fd12293a9cfe53c9b61fb8ce2a525e4eed38fa75d132d6dc64699336876,"{""distance"":3,""physical_error_rate"":0.0001}","{""detectors_checked"":54}"
      3344,         0,         0,   0.014,decoder_by_matrix,beec9fd12293a9cfe53c9b61fb8ce2a525e4eed38fa75d132d6dc64699336876,"{""distance"":3,""physical_error_rate"":0.0001}","{""detection_events"":27,""detectors_checked"":180576}"
      8464,         0,         0,   0.015,decoder_by_matrix,beec9fd12293a9cfe53c9b61fb8ce2a525e4eed38fa75d132d6dc64699336876,"{""distance"":3,""physical_error_rate"":0.0001}","{""detection_events"":96,""detectors_checked"":457056}"
         1,         0,         0,   0.000,decoder_by_matrix,beec9fd12293a9cfe53c9b61fb8ce2a525e4eed38fa75d132d6dc64699336876,"{""distance"":3,""physical_error_rate"":0.0001}","{""detectors_checked"":54}"
         1,         0,         0,   0.000,decoder_by_matrix,beec9fd12293a9cfe53c9b61fb8ce2a525e4eed38fa75d132d6dc64699336876,"{""distance"":3,""physical_error_rate"":0.0001}","{""detectors_checked"":54}"
         1,         0,         0,   0.000,decoder_by_matrix,beec9fd12293a9cfe53c9b61fb8ce2a525e4eed38fa75d132d6dc64699336876,"{""distance"":3,""physical_error_rate"":0.0001}","{""detectors_checked"":54}"
         1,         0,         0,   0.000,decoder_by_matrix,beec9fd12293a9cfe53c9b61fb8ce2a525e4eed38fa75d132d6dc64699336876,"{""distance"":3,""physical_error_rate"":0.0001}","{""detectors_checked"":54}"
         1,         0,         0,   0.000,decoder_by_matrix,beec9fd12293a9cfe53c9b61fb8ce2a525e4eed38fa75d132d6dc64699336876,"{""distance"":3,""physical_error_rate"":0.0001}","{""detectors_checked"":54}"
         1,         0,         0,   0.000,decoder_by_matrix,beec9fd12293a9cfe53c9b61fb8ce2a525e4eed38fa75d132d6dc64699336876,"{""distance"":3,""physical_error_rate"":0.0001}","{""detectors_checked"":54}"
      2320,         0,         0,   0.024,decoder_by_matrix,beec9fd12293a9cfe53c9b61fb8ce2a525e4eed38fa75d132d6dc64699336876,"{""distance"":3,""physical_error_rate"":0.0001}","{""detection_events"":27,""detectors_checked"":125280}"
         1,         0,         0,   0.000,decoder_by_matrix,beec9fd12293a9cfe53c9b61fb8ce2a525e4eed38fa75d132d6dc64699336876,"{""distance"":3,""physical_error_rate"":0.0001}","{""detectors_checked"":54}"
         1,         0,         0,   0.000,decoder_by_matrix,beec9fd12293a9cfe53c9b61fb8ce2a525e4eed38fa75d132d6dc64699336876,"{""distance"":3,""physical_error_rate"":0.0001}","{""detectors_checked"":54}"
         1,         0,         0,   0.000,decoder_by_matrix,beec9fd12293a9cfe53c9b61fb8ce2a525e4eed38fa75d132d6dc64699336876,"{""distance"":3,""physical_error_rate"":0.0001}","{""detectors_checked"":54}"
         1,         0,         0,   0.000,decoder_by_matrix,beec9fd12293a9cfe53c9b61fb8ce2a525e4eed38fa75d132d6dc64699336876,"{""distance"":3,""physical_error_rate"":0.0001}","{""detectors_checked"":54}"
      3344,         0,         0,   0.040,decoder_by_matrix,beec9fd12293a9cfe53c9b61fb8ce2a525e4eed38fa75d132d6dc64699336876,"{""distance"":3,""physical_error_rate"":0.0001}","{""detection_events"":60,""detectors_checked"":180576}"
         1,         0,         0,   0.000,decoder_by_matrix,beec9fd12293a9cfe53c9b61fb8ce2a525e4eed38fa75d132d6dc64699336876,"{""distance"":3,""physical_error_rate"":0.0001}","{""detectors_checked"":54}"
      4368,         0,         0,   0.045,decoder_by_matrix,beec9fd12293a9cfe53c9b61fb8ce2a525e4eed38fa75d132d6dc64699336876,"{""distance"":3,""physical_error_rate"":0.0001}","{""detection_events"":30,""detectors_checked"":235872}"
      3344,         0,         0,   0.044,decoder_by_matrix,beec9fd12293a9cfe53c9b61fb8ce2a525e4eed38fa75d132d6dc64699336876,"{""distance"":3,""physical_error_rate"":0.0001}","{""detection_events"":54,""detectors_checked"":180576}"
      4368,         0,         0,   0.044,decoder_by_matrix,beec9fd12293a9cfe53c9b61fb8ce2a525e4eed38fa75d132d6dc64699336876,"{""distance"":3,""physical_error_rate"":0.0001}","{""detection_events"":45,""detectors_checked"":235872}"
         1,         0,         0,   0.000,decoder_by_matrix,beec9fd12293a9cfe53c9b61fb8ce2a525e4eed38fa75d132d6dc64699336876,"{""distance"":3,""physical_error_rate"":0.0001}","{""detectors_checked"":54}"
         1,         0,         0,   0.000,decoder_by_matrix,beec9fd12293a9cfe53c9b61fb8ce2a525e4eed38fa75d132d6dc64699336876,"{""distance"":3,""physical_error_rate"":0.0001}","{""detectors_checked"":54}"
         1,         0,         0,   0.000,decoder_by_matrix,beec9fd12293a9cfe53c9b61fb8ce2a525e4eed38fa75d132d6dc64699336876,"{""distance"":3,""physical_error_rate"":0.0001}","{""detectors_checked"":54}"
      3344,         0,         0,   0.056,decoder_by_matrix,beec9fd12293a9cfe53c9b61fb8ce2a525e4eed38fa75d132d6dc64699336876,"{""distance"":3,""physical_error_rate"":0.0001}","{""detection_events"":33,""detectors_checked"":180576}"
      3072,         0,         0,   0.055,decoder_by_matrix,beec9fd12293a9cfe53c9b61fb8ce2a525e4eed38fa75d132d6dc64699336876,"{""distance"":3,""physical_error_rate"":0.0001}","{""detection_events"":36,""detectors_checked"":165888}"
      3344,         0,         0,   0.053,decoder_by_matrix,beec9fd12293a9cfe53c9b61fb8ce2a525e4eed38fa75d132d6dc64699336876,"{""distance"":3,""physical_error_rate"":0.0001}","{""detection_events"":54,""detectors_checked"":180576}"
      3344,         0,         0,   0.061,decoder_by_matrix,beec9fd12293a9cfe53c9b61fb8ce2a525e4eed38fa75d132d6dc64699336876,"{""distance"":3,""physical_error_rate"":0.0001}","{""detection_events"":48,""detectors_checked"":180576}"
      3344,         0,         0,   0.056,decoder_by_matrix,beec9fd12293a9cfe53c9b61fb8ce2a525e4eed38fa75d132d6dc64699336876,"{""distance"":3,""physical_error_rate"":0.0001}","{""detection_events"":63,""detectors_checked"":180576}"
      3344,         0,         0,   0.057,decoder_by_matrix,beec9fd12293a9cfe53c9b61fb8ce2a525e4eed38fa75d132d6dc64699336876,"{""distance"":3,""physical_error_rate"":0.0001}","{""detection_events"":63,""detectors_checked"":180576}"
      3072,         0,         0,   0.055,decoder_by_matrix,beec9fd12293a9cfe53c9b61fb8ce2a525e4eed38fa75d132d6dc64699336876,"{""distance"":3,""physical_error_rate"":0.0001}","{""detection_events"":48,""detectors_checked"":165888}"
      3344,         0,         0,   0.056,decoder_by_matrix,beec9fd12293a9cfe53c9b61fb8ce2a525e4eed38fa75d132d6dc64699336876,"{""distance"":3,""physical_error_rate"":0.0001}","{""detection_events"":75,""detectors_checked"":180576}"
      4096,         0,         0,   0.056,decoder_by_matrix,beec9fd12293a9cfe53c9b61fb8ce2a525e4eed38fa75d132d6dc64699336876,"{""distance"":3,""physical_error_rate"":0.0001}","{""detection_events"":51,""detectors_checked"":221184}"
      3072,         0,         0,   0.056,decoder_by_matrix,beec9fd12293a9cfe53c9b61fb8ce2a525e4eed38fa75d132d6dc64699336876,"{""distance"":3,""physical_error_rate"":0.0001}","{""detection_events"":66,""detectors_checked"":165888}"
      3072,         0,         0,   0.056,decoder_by_matrix,beec9fd12293a9cfe53c9b61fb8ce2a525e4eed38fa75d132d6dc64699336876,"{""distance"":3,""physical_error_rate"":0.0001}","{""detection_events"":33,""detectors_checked"":165888}"
      3344,         0,         0,   0.056,decoder_by_matrix,beec9fd12293a9cfe53c9b61fb8ce2a525e4eed38fa75d132d6dc64699336876,"{""distance"":3,""physical_error_rate"":0.0001}","{""detection_events"":42,""detectors_checked"":180576}"
      4368,         0,         0,   0.057,decoder_by_matrix,beec9fd12293a9cfe53c9b61fb8ce2a525e4eed38fa75d132d6dc64699336876,"{""distance"":3,""physical_error_rate"":0.0001}","{""detection_events"":75,""detectors_checked"":235872}"
      3344,         0,         0,   0.056,decoder_by_matrix,beec9fd12293a9cfe53c9b61fb8ce2a525e4eed38fa75d132d6dc64699336876,"{""distance"":3,""physical_error_rate"":0.0001}","{""detection_events"":48,""detectors_checked"":180576}"
      3072,         0,         0,   0.056,decoder_by_matrix,beec9fd12293a9cfe53c9b61fb8ce2a525e4eed38fa75d132d6dc64699336876,"{""distance"":3,""physical_error_rate"":0.0001}","{""detection_events"":78,""detectors_checked"":165888}"
      3072,         0,         0,   0.056,decoder_by_matrix,beec9fd12293a9cfe53c9b61fb8ce2a525e4eed38fa75d132d6dc64699336876,"{""distance"":3,""physical_error_rate"":0.0001}","{""detection_events"":45,""detectors_checked"":165888}"
      2048,         0,         0,   0.055,decoder_by_matrix,beec9fd12293a9cfe53c9b61fb8ce2a525e4eed38fa75d132d6dc64699336876,"{""distance"":3,""physical_error_rate"":0.0001}","{""detection_events"":27,""detectors_checked"":110592}"
      3072,         1,         0,   0.056,decoder_by_matrix,beec9fd12293a9cfe53c9b61fb8ce2a525e4eed38fa75d132d6dc64699336876,"{""distance"":3,""physical_error_rate"":0.0001}","{""detection_events"":75,""detectors_checked"":165888,""obs_mistake_mask=E"":1}"
      3072,         0,         0,   0.056,decoder_by_matrix,beec9fd12293a9cfe53c9b61fb8ce2a525e4eed38fa75d132d6dc64699336876,"{""distance"":3,""physical_error_rate"":0.0001}","{""detection_events"":24,""detectors_checked"":165888}"
      2048,         0,         0,   0.056,decoder_by_matrix,beec9fd12293a9cfe53c9b61fb8ce2a525e4eed38fa75d132d6dc64699336876,"{""distance"":3,""physical_error_rate"":0.0001}","{""detection_events"":30,""detectors_checked"":110592}"
      5120,         0,         0,   0.004,decoder_by_matrix,beec9fd12293a9cfe53c9b61fb8ce2a525e4eed38fa75d132d6dc64699336876,"{""distance"":3,""physical_error_rate"":0.0001}","{""detection_events"":36,""detectors_checked"":276480}"
      5120,         0,         0,   0.244,decoder_by_matrix,beec9fd12293a9cfe53c9b61fb8ce2a525e4eed38fa75d132d6dc64699336876,"{""distance"":3,""physical_error_rate"":0.0001}","{""detection_events"":108,""detectors_checked"":276480}"
      3072,         0,         0,   0.061,decoder_by_matrix,beec9fd12293a9cfe53c9b61fb8ce2a525e4eed38fa75d132d6dc64699336876,"{""distance"":3,""physical_error_rate"":0.0001}","{""detection_events"":60,""detectors_checked"":165888}"
      3072,         0,         0,   0.065,decoder_by_matrix,beec9fd12293a9cfe53c9b61fb8ce2a525e4eed38fa75d132d6dc64699336876,"{""distance"":3,""physical_error_rate"":0.0001}","{""detection_events"":42,""detectors_checked"":165888}"
      3072,         0,         0,   0.073,decoder_by_matrix,beec9fd12293a9cfe53c9b61fb8ce2a525e4eed38fa75d132d6dc64699336876,"{""distance"":3,""physical_error_rate"":0.0001}","{""detection_events"":75,""detectors_checked"":165888}"
      3072,         0,         0,   0.073,decoder_by_matrix,beec9fd12293a9cfe53c9b61fb8ce2a525e4eed38fa75d132d6dc64699336876,"{""distance"":3,""physical_error_rate"":0.0001}","{""detection_events"":66,""detectors_checked"":165888}"
      3072,         0,         0,   0.073,decoder_by_matrix,beec9fd12293a9cfe53c9b61fb8ce2a525e4eed38fa75d132d6dc64699336876,"{""distance"":3,""physical_error_rate"":0.0001}","{""detection_events"":48,""detectors_checked"":165888}"
      2048,         0,         0,   0.072,decoder_by_matrix,beec9fd12293a9cfe53c9b61fb8ce2a525e4eed38fa75d132d6dc64699336876,"{""distance"":3,""physical_error_rate"":0.0001}","{""detection_events"":33,""detectors_checked"":110592}"
      4096,         0,         0,   0.280,decoder_by_matrix,beec9fd12293a9cfe53c9b61fb8ce2a525e4eed38fa75d132d6dc64699336876,"{""distance"":3,""physical_error_rate"":0.0001}","{""detection_events"":54,""detectors_checked"":221184}"
      3072,         0,         0,   0.077,decoder_by_matrix,beec9fd12293a9cfe53c9b61fb8ce2a525e4eed38fa75d132d6dc64699336876,"{""distance"":3,""physical_error_rate"":0.0001}","{""detection_events"":96,""detectors_checked"":165888}"
      3072,         0,         0,   0.075,decoder_by_matrix,beec9fd12293a9cfe53c9b61fb8ce2a525e4eed38fa75d132d6dc64699336876,"{""distance"":3,""physical_error_rate"":0.0001}","{""detection_events"":51,""detectors_checked"":165888}"
      3072,         0,         0,   0.076,decoder_by_matrix,beec9fd12293a9cfe53c9b61fb8ce2a525e4eed38fa75d132d6dc64699336876,"{""distance"":3,""physical_error_rate"":0.0001}","{""detection_events"":48,""detectors_checked"":165888}"
      3072,         0,         0,   0.091,decoder_by_matrix,beec9fd12293a9cfe53c9b61fb8ce2a525e4eed38fa75d132d6dc64699336876,"{""distance"":3,""physical_error_rate"":0.0001}","{""detection_events"":51,""detectors_checked"":165888}"
      3072,         0,         0,   0.099,decoder_by_matrix,beec9fd12293a9cfe53c9b61fb8ce2a525e4eed38fa75d132d6dc64699336876,"{""distance"":3,""physical_error_rate"":0.0001}","{""detection_events"":45,""detectors_checked"":165888}"
      3072,         0,         0,   0.100,decoder_by_matrix,beec9fd12293a9cfe53c9b61fb8ce2a525e4eed38fa75d132d6dc64699336876,"{""distance"":3,""physical_error_rate"":0.0001}","{""detection_events"":63,""detectors_checked"":165888}"
      5120,         0,         0,   0.101,decoder_by_matrix,beec9fd12293a9cfe53c9b61fb8ce2a525e4eed38fa75d132d6dc64699336876,"{""distance"":3,""physical_error_rate"":0.0001}","{""detection_events"":24,""detectors_checked"":276480}"
      3072,         0,         0,   0.114,decoder_by_matrix,beec9fd12293a9cfe53c9b61fb8ce2a525e4eed38fa75d132d6dc64699336876,"{""distance"":3,""physical_error_rate"":0.0001}","{""detection_events"":54,""detectors_checked"":165888}"
      3072,         0,         0,   0.099,decoder_by_matrix,beec9fd12293a9cfe53c9b61fb8ce2a525e4eed38fa75d132d6dc64699336876,"{""distance"":3,""physical_error_rate"":0.0001}","{""detection_events"":39,""detectors_checked"":165888}"
      2048,         0,         0,   0.094,decoder_by_matrix,beec9fd12293a9cfe53c9b61fb8ce2a525e4eed38fa75d132d6dc64699336876,"{""distance"":3,""physical_error_rate"":0.0001}","{""detection_events"":33,""detectors_checked"":110592}"
      2048,         0,         0,   0.091,decoder_by_matrix,beec9fd12293a9cfe53c9b61fb8ce2a525e4eed38fa75d132d6dc64699336876,"{""distance"":3,""physical_error_rate"":0.0001}","{""detection_events"":36,""detectors_checked"":110592}"
      2048,         0,         0,   0.119,decoder_by_matrix,beec9fd12293a9cfe53c9b61fb8ce2a525e4eed38fa75d132d6dc64699336876,"{""distance"":3,""physical_error_rate"":0.0001}","{""detection_events"":45,""detectors_checked"":110592}"
      3072,         0,         0,   0.119,decoder_by_matrix,beec9fd12293a9cfe53c9b61fb8ce2a525e4eed38fa75d132d6dc64699336876,"{""distance"":3,""physical_error_rate"":0.0001}","{""detection_events"":33,""detectors_checked"":165888}"
      2048,         0,         0,   0.108,decoder_by_matrix,beec9fd12293a9cfe53c9b61fb8ce2a525e4eed38fa75d132d6dc64699336876,"{""distance"":3,""physical_error_rate"":0.0001}","{""detection_events"":48,""detectors_checked"":110592}"
      4096,         0,         0,   0.124,decoder_by_matrix,beec9fd12293a9cfe53c9b61fb8ce2a525e4eed38fa75d132d6dc64699336876,"{""distance"":3,""physical_error_rate"":0.0001}","{""detection_events"":42,""detectors_checked"":221184}"
      2048,         0,         0,   0.059,decoder_by_matrix,beec9fd12293a9cfe53c9b61fb8ce2a525e4eed38fa75d132d6dc64699336876,"{""distance"":3,""physical_error_rate"":0.0001}","{""detection_events"":48,""detectors_checked"":110592}"
      1024,         0,         0,   0.001,decoder_by_matrix,beec9fd12293a9cfe53c9b61fb8ce2a525e4eed38fa75d132d6dc64699336876,"{""distance"":3,""physical_error_rate"":0.0001}","{""detectors_checked"":55296}"
      4096,         0,         0,   0.128,decoder_by_matrix,beec9fd12293a9cfe53c9b61fb8ce2a525e4eed38fa75d132d6dc64699336876,"{""distance"":3,""physical_error_rate"":0.0001}","{""detection_events"":42,""detectors_checked"":221184}"
      3072,         0,         0,   0.129,decoder_by_matrix,beec9fd12293a9cfe53c9b61fb8ce2a525e4eed38fa75d132d6dc64699336876,"{""distance"":3,""physical_error_rate"":0.0001}","{""detection_events"":69,""detectors_checked"":165888}"
      3072,         0,         0,   0.129,decoder_by_matrix,beec9fd12293a9cfe53c9b61fb8ce2a525e4eed38fa75d132d6dc64699336876,"{""distance"":3,""physical_error_rate"":0.0001}","{""detection_events"":36,""detectors_checked"":165888}"
      4096,         0,         0,   0.138,decoder_by_matrix,beec9fd12293a9cfe53c9b61fb8ce2a525e4eed38fa75d132d6dc64699336876,"{""distance"":3,""physical_error_rate"":0.0001}","{""detection_events"":84,""detectors_checked"":221184}"
      3072,         0,         0,   0.128,decoder_by_matrix,beec9fd12293a9cfe53c9b61fb8ce2a525e4eed38fa75d132d6dc64699336876,"{""distance"":3,""physical_error_rate"":0.0001}","{""detection_events"":18,""detectors_checked"":165888}"
      4096,         0,         0,   0.143,decoder_by_matrix,beec9fd12293a9cfe53c9b61fb8ce2a525e4eed38fa75d132d6dc64699336876,"{""distance"":3,""physical_error_rate"":0.0001}","{""detection_events"":54,""detectors_checked"":221184}"
      4096,         0,         0,   0.123,decoder_by_matrix,beec9fd12293a9cfe53c9b61fb8ce2a525e4eed38fa75d132d6dc64699336876,"{""distance"":3,""physical_error_rate"":0.0001}","{""detection_events"":63,""detectors_checked"":221184}"
      4096,         0,         0,   0.115,decoder_by_matrix,beec9fd12293a9cfe53c9b61fb8ce2a525e4eed38fa75d132d6dc64699336876,"{""distance"":3,""physical_error_rate"":0.0001}","{""detection_events"":42,""detectors_checked"":221184}"
      3072,         0,         0,   0.123,decoder_by_matrix,beec9fd12293a9cfe53c9b61fb8ce2a525e4eed38fa75d132d6dc64699336876,"{""distance"":3,""physical_error_rate"":0.0001}","{""detection_events"":54,""detectors_checked"":165888}"
      3072,         0,         0,   0.131,decoder_by_matrix,beec9fd12293a9cfe53c9b61fb8ce2a525e4eed38fa75d132d6dc64699336876,"{""distance"":3,""physical_error_rate"":0.0001}","{""detection_events"":60,""detectors_checked"":165888}"
      3072,         0,         0,   0.127,decoder_by_matrix,beec9fd12293a9cfe53c9b61fb8ce2a525e4eed38fa75d132d6dc64699336876,"{""distance"":3,""physical_error_rate"":0.0001}","{""detection_events"":54,""detectors_checked"":165888}"
      3072,         0,         0,   0.131,decoder_by_matrix,beec9fd12293a9cfe53c9b61fb8ce2a525e4eed38fa75d132d6dc64699336876,"{""distance"":3,""physical_error_rate"":0.0001}","{""detection_events"":60,""detectors_checked"":165888}"
      3072,         0,         0,   0.131,decoder_by_matrix,beec9fd12293a9cfe53c9b61fb8ce2a525e4eed38fa75d132d6dc64699336876,"{""distance"":3,""physical_error_rate"":0.0001}","{""detection_events"":60,""detectors_checked"":165888}"
      3072,         0,         0,   0.131,decoder_by_matrix,beec9fd12293a9cfe53c9b61fb8ce2a525e4eed38fa75d132d6dc64699336876,"{""distance"":3,""physical_error_rate"":0.0001}","{""detection_events"":66,""detectors_checked"":165888}"
      3072,         0,         0,   0.130,decoder_by_matrix,beec9fd12293a9cfe53c9b61fb8ce2a525e4eed38fa75d132d6dc64699336876,"{""distance"":3,""physical_error_rate"":0.0001}","{""detection_events"":27,""detectors_checked"":165888}"
      5120,         0,         0,   0.131,decoder_by_matrix,beec9fd12293a9cfe53c9b61fb8ce2a525e4eed38fa75d132d6dc64699336876,"{""distance"":3,""physical_error_rate"":0.0001}","{""detection_events"":33,""detectors_checked"":276480}"
      3072,         0,         0,   0.131,decoder_by_matrix,beec9fd12293a9cfe53c9b61fb8ce2a525e4eed38fa75d132d6dc64699336876,"{""distance"":3,""physical_error_rate"":0.0001}","{""detection_events"":72,""detectors_checked"":165888}"
      3072,         0,         0,   0.131,decoder_by_matrix,beec9fd12293a9cfe53c9b61fb8ce2a525e4eed38fa75d132d6dc64699336876,"{""distance"":3,""physical_error_rate"":0.0001}","{""detection_events"":39,""detectors_checked"":165888}"
      3072,         0,         0,   0.131,decoder_by_matrix,beec9fd12293a9cfe53c9b61fb8ce2a525e4eed38fa75d132d6dc64699336876,"{""distance"":3,""physical_error_rate"":0.0001}","{""detection_events"":30,""detectors_checked"":165888}"
      3072,         0,         0,   0.131,decoder_by_matrix,beec9fd12293a9cfe53c9b61fb8ce2a525e4eed38fa75d132d6dc64699336876,"{""distance"":3,""physical_error_rate"":0.0001}","{""detection_events"":57,""detectors_checked"":165888}"
      3072,         0,         0,   0.132,decoder_by_matrix,beec9fd12293a9cfe53c9b61fb8ce2a525e4eed38fa75d132d6dc64699336876,"{""distance"":3,""physical_error_rate"":0.0001}","{""detection_events"":33,""detectors_checked"":165888}"
      3072,         0,         0,   0.125,decoder_by_matrix,beec9fd12293a9cfe53c9b61fb8ce2a525e4eed38fa75d132d6dc64699336876,"{""distance"":3,""physical_error_rate"":0.0001}","{""detection_events"":66,""detectors_checked"":165888}"
      3072,         0,         0,   0.126,decoder_by_matrix,beec9fd12293a9cfe53c9b61fb8ce2a525e4eed38fa75d132d6dc64699336876,"{""distance"":3,""physical_error_rate"":0.0001}","{""detection_events"":54,""detectors_checked"":165888}"
      3072,         0,         0,   0.126,decoder_by_matrix,beec9fd12293a9cfe53c9b61fb8ce2a525e4eed38fa75d132d6dc64699336876,"{""distance"":3,""physical_error_rate"":0.0001}","{""detection_events"":69,""detectors_checked"":165888}"
      3072,         0,         0,   0.126,decoder_by_matrix,beec9fd12293a9cfe53c9b61fb8ce2a525e4eed38fa75d132d6dc64699336876,"{""distance"":3,""physical_error_rate"":0.0001}","{""detection_events"":72,""detectors_checked"":165888}"
      4096,         0,         0,   0.126,decoder_by_matrix,beec9fd12293a9cfe53c9b61fb8ce2a525e4eed38fa75d132d6dc64699336876,"{""distance"":3,""physical_error_rate"":0.0001}","{""detection_events"":63,""detectors_checked"":221184}"
      3072,         0,         0,   0.126,decoder_by_matrix,beec9fd12293a9cfe53c9b61fb8ce2a525e4eed38fa75d132d6dc64699336876,"{""distance"":3,""physical_error_rate"":0.0001}","{""detection_events"":36,""detectors_checked"":165888}"
      3072,         0,         0,   0.174,decoder_by_matrix,beec9fd12293a9cfe53c9b61fb8ce2a525e4eed38fa75d132d6dc64699336876,"{""distance"":3,""physical_error_rate"":0.0001}","{""detection_events"":42,""detectors_checked"":165888}"
      3072,         0,         0,   0.130,decoder_by_matrix,beec9fd12293a9cfe53c9b61fb8ce2a525e4eed38fa75d132d6dc64699336876,"{""distance"":3,""physical_error_rate"":0.0001}","{""detection_events"":21,""detectors_checked"":165888}"
      3072,         0,         0,   0.126,decoder_by_matrix,beec9fd12293a9cfe53c9b61fb8ce2a525e4eed38fa75d132d6dc64699336876,"{""distance"":3,""physical_error_rate"":0.0001}","{""detection_events"":51,""detectors_checked"":165888}"
      3072,         0,         0,   0.134,decoder_by_matrix,beec9fd12293a9cfe53c9b61fb8ce2a525e4eed38fa75d132d6dc64699336876,"{""distance"":3,""physical_error_rate"":0.0001}","{""detection_events"":42,""detectors_checked"":165888}"
      3072,         0,         0,   0.129,decoder_by_matrix,beec9fd12293a9cfe53c9b61fb8ce2a525e4eed38fa75d132d6dc64699336876,"{""distance"":3,""physical_error_rate"":0.0001}","{""detection_events"":39,""detectors_checked"":165888}"
      3072,         0,         0,   0.130,decoder_by_matrix,beec9fd12293a9cfe53c9b61fb8ce2a525e4eed38fa75d132d6dc64699336876,"{""distance"":3,""physical_error_rate"":0.0001}","{""detection_events"":54,""detectors_checked"":165888}"
      3072,         0,         0,   0.130,decoder_by_matrix,beec9fd12293a9cfe53c9b61fb8ce2a525e4eed38fa75d132d6dc64699336876,"{""distance"":3,""physical_error_rate"":0.0001}","{""detection_events"":30,""detectors_checked"":165888}"
      2048,         0,         0,   0.129,decoder_by_matrix,beec9fd12293a9cfe53c9b61fb8ce2a525e4eed38fa75d132d6dc64699336876,"{""distance"":3,""physical_error_rate"":0.0001}","{""detection_events"":33,""detectors_checked"":110592}"
      3072,         0,         0,   0.130,decoder_by_matrix,beec9fd12293a9cfe53c9b61fb8ce2a525e4eed38fa75d132d6dc64699336876,"{""distance"":3,""physical_error_rate"":0.0001}","{""detection_events"":45,""detectors_checked"":165888}"
      5120,         0,         0,   0.130,decoder_by_matrix,beec9fd12293a9cfe53c9b61fb8ce2a525e4eed38fa75d132d6dc64699336876,"{""distance"":3,""physical_error_rate"":0.0001}","{""detection_events"":54,""detectors_checked"":276480}"
      4096,         0,         0,   0.129,decoder_by_matrix,beec9fd12293a9cfe53c9b61fb8ce2a525e4eed38fa75d132d6dc64699336876,"{""distance"":3,""physical_error_rate"":0.0001}","{""detection_events"":75,""detectors_checked"":221184}"
      3072,         0,         0,   0.129,decoder_by_matrix,beec9fd12293a9cfe53c9b61fb8ce2a525e4eed38fa75d132d6dc64699336876,"{""distance"":3,""physical_error_rate"":0.0001}","{""detection_events"":45,""detectors_checked"":165888}"
      3072,         0,         0,   0.129,decoder_by_matrix,beec9fd12293a9cfe53c9b61fb8ce2a525e4eed38fa75d132d6dc64699336876,"{""distance"":3,""physical_error_rate"":0.0001}","{""detection_events"":63,""detectors_checked"":165888}"
      3072,         0,         0,   0.129,decoder_by_matrix,beec9fd12293a9cfe53c9b61fb8ce2a525e4eed38fa75d132d6dc64699336876,"{""distance"":3,""physical_error_rate"":0.0001}","{""detection_events"":30,""detectors_checked"":165888}"
      4096,         0,         0,   0.129,decoder_by_matrix,beec9fd12293a9cfe53c9b61fb8ce2a525e4eed38fa75d132d6dc64699336876,"{""distance"":3,""physical_error_rate"":0.0001}","{""detection_events"":15,""detectors_checked"":221184}"
      3072,         0,         0,   0.129,decoder_by_matrix,beec9fd12293a9cfe53c9b61fb8ce2a525e4eed38fa75d132d6dc64699336876,"{""distance"":3,""physical_error_rate"":0.0001}","{""detection_events"":45,""detectors_checked"":165888}"
      3072,         0,         0,   0.129,decoder_by_matrix,beec9fd12293a9cfe53c9b61fb8ce2a525e4eed38fa75d132d6dc64699336876,"{""distance"":3,""physical_error_rate"":0.0001}","{""detection_events"":27,""detectors_checked"":165888}"
      3072,         0,         0,   0.129,decoder_by_matrix,beec9fd12293a9cfe53c9b61fb8ce2a525e4eed38fa75d132d6dc64699336876,"{""distance"":3,""physical_error_rate"":0.0001}","{""detection_events"":18,""detectors_checked"":165888}"
      4096,         0,         0,   0.005,decoder_by_matrix,beec9fd12293a9cfe53c9b61fb8ce2a525e4eed38fa75d132d6dc64699336876,"{""distance"":3,""physical_error_rate"":0.0001}","{""detection_events"":57,""detectors_checked"":221184}"
      3072,         0,         0,   0.129,decoder_by_matrix,beec9fd12293a9cfe53c9b61fb8ce2a525e4eed38fa75d132d6dc64699336876,"{""distance"":3,""physical_error_rate"":0.0001}","{""detection_events"":81,""detectors_checked"":165888}"
      4096,         0,         0,   0.129,decoder_by_matrix,beec9fd12293a9cfe53c9b61fb8ce2a525e4eed38fa75d132d6dc64699336876,"{""distance"":3,""physical_error_rate"":0.0001}","{""detection_events"":36,""detectors_checked"":221184}"
      3072,         0,         0,   0.129,decoder_by_matrix,beec9fd12293a9cfe53c9b61fb8ce2a525e4eed38fa75d132d6dc64699336876,"{""distance"":3,""physical_error_rate"":0.0001}","{""detection_events"":24,""detectors_checked"":165888}"
      3072,         0,         0,   0.133,decoder_by_matrix,beec9fd12293a9cfe53c9b61fb8ce2a525e4eed38fa75d132d6dc64699336876,"{""distance"":3,""physical_error_rate"":0.0001}","{""detection_events"":57,""detectors_checked"":165888}"
      3072,         0,         0,   0.129,decoder_by_matrix,beec9fd12293a9cfe53c9b61fb8ce2a525e4eed38fa75d132d6dc64699336876,"{""distance"":3,""physical_error_rate"":0.0001}","{""detection_events"":60,""detectors_checked"":165888}"
      2048,         0,         0,   0.128,decoder_by_matrix,beec9fd12293a9cfe53c9b61fb8ce2a525e4eed38fa75d132d6dc64699336876,"{""distance"":3,""physical_error_rate"":0.0001}","{""detection_events"":24,""detectors_checked"":110592}"
      3072,         0,         0,   0.128,decoder_by_matrix,beec9fd12293a9cfe53c9b61fb8ce2a525e4eed38fa75d132d6dc64699336876,"{""distance"":3,""physical_error_rate"":0.0001}","{""detection_events"":42,""detectors_checked"":165888}"
      4096,         0,         0,   0.128,decoder_by_matrix,beec9fd12293a9cfe53c9b61fb8ce2a525e4eed38fa75d132d6dc64699336876,"{""distance"":3,""physical_error_rate"":0.0001}","{""detection_events"":42,""detectors_checked"":221184}"
      4096,         0,         0,   0.128,decoder_by_matrix,beec9fd12293a9cfe53c9b61fb8ce2a525e4eed38fa75d132d6dc64699336876,"{""distance"":3,""physical_error_rate"":0.0001}","{""detection_events"":66,""detectors_checked"":221184}"
      4096,         0,         0,   0.129,decoder_by_matrix,beec9fd12293a9cfe53c9b61fb8ce2a525e4eed38fa75d132d6dc64699336876,"{""distance"":3,""physical_error_rate"":0.0001}","{""detection_events"":45,""detectors_checked"":221184}"
      2048,         0,         0,   0.127,decoder_by_matrix,beec9fd12293a9cfe53c9b61fb8ce2a525e4eed38fa75d132d6dc64699336876,"{""distance"":3,""physical_error_rate"":0.0001}","{""detection_events"":42,""detectors_checked"":110592}"
      3072,         0,         0,   0.128,decoder_by_matrix,beec9fd12293a9cfe53c9b61fb8ce2a525e4eed38fa75d132d6dc64699336876,"{""distance"":3,""physical_error_rate"":0.0001}","{""detection_events"":81,""detectors_checked"":165888}"
      2048,         0,         0,   0.131,decoder_by_matrix,beec9fd12293a9cfe53c9b61fb8ce2a525e4eed38fa75d132d6dc64699336876,"{""distance"":3,""physical_error_rate"":0.0001}","{""detection_events"":30,""detectors_checked"":110592}"
      6144,         0,         0,   0.266,decoder_by_matrix,beec9fd12293a9cfe53c9b61fb8ce2a525e4eed38fa75d132d6dc64699336876,"{""distance"":3,""physical_error_rate"":0.0001}","{""detection_events"":147,""detectors_checked"":331776}"
      6144,         0,         0,   0.257,decoder_by_matrix,beec9fd12293a9cfe53c9b61fb8ce2a525e4eed38fa75d132d6dc64699336876,"{""distance"":3,""physical_error_rate"":0.0001}","{""detection_events"":141,""detectors_checked"":331776}"
      7168,         0,         0,   0.257,decoder_by_matrix,beec9fd12293a9cfe53c9b61fb8ce2a525e4eed38fa75d132d6dc64699336876,"{""distance"":3,""physical_error_rate"":0.0001}","{""detection_events"":123,""detectors_checked"":387072}"
      7168,         0,         0,   0.257,decoder_by_matrix,beec9fd12293a9cfe53c9b61fb8ce2a525e4eed38fa75d132d6dc64699336876,"{""distance"":3,""physical_error_rate"":0.0001}","{""detection_events"":102,""detectors_checked"":387072}"
      7168,         0,         0,   0.257,decoder_by_matrix,beec9fd12293a9cfe53c9b61fb8ce2a525e4eed38fa75d132d6dc64699336876,"{""distance"":3,""physical_error_rate"":0.0001}","{""detection_events"":69,""detectors_checked"":387072}"
      6144,         0,         0,   0.258,decoder_by_matrix,beec9fd12293a9cfe53c9b61fb8ce2a525e4eed38fa75d132d6dc64699336876,"{""distance"":3,""physical_error_rate"":0.0001}","{""detection_events"":51,""detectors_checked"":331776}"
      7168,         0,         0,   0.267,decoder_by_matrix,beec9fd12293a9cfe53c9b61fb8ce2a525e4eed38fa75d132d6dc64699336876,"{""distance"":3,""physical_error_rate"":0.0001}","{""detection_events"":153,""detectors_checked"":387072}"
      7168,         0,         0,   0.254,decoder_by_matrix,beec9fd12293a9cfe53c9b61fb8ce2a525e4eed38fa75d132d6dc64699336876,"{""distance"":3,""physical_error_rate"":0.0001}","{""detection_events"":84,""detectors_checked"":387072}"
      7168,         0,         0,   0.269,decoder_by_matrix,beec9fd12293a9cfe53c9b61fb8ce2a525e4eed38fa75d132d6dc64699336876,"{""distance"":3,""physical_error_rate"":0.0001}","{""detection_events"":75,""detectors_checked"":387072}"
      6144,         0,         0,   0.258,decoder_by_matrix,beec9fd12293a9cfe53c9b61fb8ce2a525e4eed38fa75d132d6dc64699336876,"{""distance"":3,""physical_error_rate"":0.0001}","{""detection_events"":66,""detectors_checked"":331776}"
      6144,         0,         0,   0.258,decoder_by_matrix,beec9fd12293a9cfe53c9b61fb8ce2a525e4eed38fa75d132d6dc64699336876,"{""distance"":3,""physical_error_rate"":0.0001}","{""detection_events"":126,""detectors_checked"":331776}"
      6144,         0,         0,   0.259,decoder_by_matrix,beec9fd12293a9cfe53c9b61fb8ce2a525e4eed38fa75d132d6dc64699336876,"{""distance"":3,""physical_error_rate"":0.0001}","{""detection_events"":117,""detectors_checked"":331776}"
      6144,         0,         0,   0.259,decoder_by_matrix,beec9fd12293a9cfe53c9b61fb8ce2a525e4eed38fa75d132d6dc64699336876,"{""distance"":3,""physical_error_rate"":0.0001}","{""detection_events"":81,""detectors_checked"":331776}"
      6144,         0,         0,   0.252,decoder_by_matrix,beec9fd12293a9cfe53c9b61fb8ce2a525e4eed38fa75d132d6dc64699336876,"{""distance"":3,""physical_error_rate"":0.0001}","{""detection_events"":75,""detectors_checked"":331776}"
      7168,         0,         0,   0.261,decoder_by_matrix,beec9fd12293a9cfe53c9b61fb8ce2a525e4eed38fa75d132d6dc64699336876,"{""distance"":3,""physical_error_rate"":0.0001}","{""detection_events"":105,""detectors_checked"":387072}"
      7168,         0,         0,   0.252,decoder_by_matrix,beec9fd12293a9cfe53c9b61fb8ce2a525e4eed38fa75d132d6dc64699336876,"{""distance"":3,""physical_error_rate"":0.0001}","{""detection_events"":78,""detectors_checked"":387072}"
      8192,         0,         0,   0.243,decoder_by_matrix,beec9fd12293a9cfe53c9b61fb8ce2a525e4eed38fa75d132d6dc64699336876,"{""distance"":3,""physical_error_rate"":0.0001}","{""detection_events"":69,""detectors_checked"":442368}"
      6144,         0,         0,   0.256,decoder_by_matrix,beec9fd12293a9cfe53c9b61fb8ce2a525e4eed38fa75d132d6dc64699336876,"{""distance"":3,""physical_error_rate"":0.0001}","{""detection_events"":93,""detectors_checked"":331776}"
      5120,         0,         0,   0.247,decoder_by_matrix,beec9fd12293a9cfe53c9b61fb8ce2a525e4eed38fa75d132d6dc64699336876,"{""distance"":3,""physical_error_rate"":0.0001}","{""detection_events"":102,""detectors_checked"":276480}"
      7168,         0,         0,   0.256,decoder_by_matrix,beec9fd12293a9cfe53c9b61fb8ce2a525e4eed38fa75d132d6dc64699336876,"{""distance"":3,""physical_error_rate"":0.0001}","{""detection_events"":63,""detectors_checked"":387072}"
      6144,         0,         0,   0.267,decoder_by_matrix,beec9fd12293a9cfe53c9b61fb8ce2a525e4eed38fa75d132d6dc64699336876,"{""distance"":3,""physical_error_rate"":0.0001}","{""detection_events"":114,""detectors_checked"":331776}"
      7168,         0,         0,   0.281,decoder_by_matrix,beec9fd12293a9cfe53c9b61fb8ce2a525e4eed38fa75d132d6dc64699336876,"{""distance"":3,""physical_error_rate"":0.0001}","{""detection_events"":108,""detectors_checked"":387072}"
      6144,         0,         0,   0.257,decoder_by_matrix,beec9fd12293a9cfe53c9b61fb8ce2a525e4eed38fa75d132d6dc64699336876,"{""distance"":3,""physical_error_rate"":0.0001}","{""detection_events"":102,""detectors_checked"":331776}"
      6144,         0,         0,   0.257,decoder_by_matrix,beec9fd12293a9cfe53c9b61fb8ce2a525e4eed38fa75d132d6dc64699336876,"{""distance"":3,""physical_error_rate"":0.0001}","{""detection_events"":108,""detectors_checked"":331776}"
      6144,         0,         0,   0.241,decoder_by_matrix,beec9fd12293a9cfe53c9b61fb8ce2a525e4eed38fa75d132d6dc64699336876,"{""distance"":3,""physical_error_rate"":0.0001}","{""detection_events"":72,""detectors_checked"":331776}"
      6144,         0,         0,   0.261,decoder_by_matrix,beec9fd12293a9cfe53c9b61fb8ce2a525e4eed38fa75d132d6dc64699336876,"{""distance"":3,""physical_error_rate"":0.0001}","{""detection_events"":90,""detectors_checked"":331776}"
      7168,         0,         0,   0.258,decoder_by_matrix,beec9fd12293a9cfe53c9b61fb8ce2a525e4eed38fa75d132d6dc64699336876,"{""distance"":3,""physical_error_rate"":0.0001}","{""detection_events"":93,""detectors_checked"":387072}"
      6144,         0,         0,   0.273,decoder_by_matrix,beec9fd12293a9cfe53c9b61fb8ce2a525e4eed38fa75d132d6dc64699336876,"{""distance"":3,""physical_error_rate"":0.0001}","{""detection_events"":81,""detectors_checked"":331776}"
      6144,         0,         0,   0.249,decoder_by_matrix,beec9fd12293a9cfe53c9b61fb8ce2a525e4eed38fa75d132d6dc64699336876,"{""distance"":3,""physical_error_rate"":0.0001}","{""detection_events"":111,""detectors_checked"":331776}"
      7168,         0,         0,   0.257,decoder_by_matrix,beec9fd12293a9cfe53c9b61fb8ce2a525e4eed38fa75d132d6dc64699336876,"{""distance"":3,""physical_error_rate"":0.0001}","{""detection_events"":72,""detectors_checked"":387072}"
      6144,         0,         0,   0.256,decoder_by_matrix,beec9fd12293a9cfe53c9b61fb8ce2a525e4eed38fa75d132d6dc64699336876,"{""distance"":3,""physical_error_rate"":0.0001}","{""detection_events"":87,""detectors_checked"":331776}"
      6144,         0,         0,   0.256,decoder_by_matrix,beec9fd12293a9cfe53c9b61fb8ce2a525e4eed38fa75d132d6dc64699336876,"{""distance"":3,""physical_error_rate"":0.0001}","{""detection_events"":102,""detectors_checked"":331776}"
      9216,         0,         0,   0.260,decoder_by_matrix,beec9fd12293a9cfe53c9b61fb8ce2a525e4eed38fa75d132d6dc64699336876,"{""distance"":3,""physical_error_rate"":0.0001}","{""detection_events"":216,""detectors_checked"":497664}"
      8192,         0,         0,   0.383,decoder_by_matrix,beec9fd12293a9cfe53c9b61fb8ce2a525e4eed38fa75d132d6dc64699336876,"{""distance"":3,""physical_error_rate"":0.0001}","{""detection_events"":150,""detectors_checked"":442368}"
      9216,         0,         0,   0.360,decoder_by_matrix,beec9fd12293a9cfe53c9b61fb8ce2a525e4eed38fa75d132d6dc64699336876,"{""distance"":3,""physical_error_rate"":0.0001}","{""detection_events"":156,""detectors_checked"":497664}"
     12288,         0,         0,   0.259,decoder_by_matrix,beec9fd12293a9cfe53c9b61fb8ce2a525e4eed38fa75d132d6dc64699336876,"{""distance"":3,""physical_error_rate"":0.0001}","{""detection_events"":162,""detectors_checked"":663552}"
     10240,         0,         0,   0.376,decoder_by_matrix,beec9fd12293a9cfe53c9b61fb8ce2a525e4eed38fa75d132d6dc64699336876,"{""distance"":3,""physical_error_rate"":0.0001}","{""detection_events"":156,""detectors_checked"":552960}"
      9216,         0,         0,   0.380,decoder_by_matrix,beec9fd12293a9cfe53c9b61fb8ce2a525e4eed38fa75d132d6dc64699336876,"{""distance"":3,""physical_error_rate"":0.0001}","{""detection_events"":135,""detectors_checked"":497664}"
      9216,         0,         0,   0.380,decoder_by_matrix,beec9fd12293a9cfe53c9b61fb8ce2a525e4eed38fa75d132d6dc64699336876,"{""distance"":3,""physical_error_rate"":0.0001}","{""detection_events"":120,""detectors_checked"":497664}"
      8192,         0,         0,   0.368,decoder_by_matrix,beec9fd12293a9cfe53c9b61fb8ce2a525e4eed38fa75d132d6dc64699336876,"{""distance"":3,""physical_error_rate"":0.0001}","{""detection_events"":159,""detectors_checked"":442368}"
      9216,         0,         0,   0.389,decoder_by_matrix,beec9fd12293a9cfe53c9b61fb8ce2a525e4eed38fa75d132d6dc64699336876,"{""distance"":3,""physical_error_rate"":0.0001}","{""detection_events"":207,""detectors_checked"":497664}"
     11264,         0,         0,   0.389,decoder_by_matrix,beec9fd12293a9cfe53c9b61fb8ce2a525e4eed38fa75d132d6dc64699336876,"{""distance"":3,""physical_error_rate"":0.0001}","{""detection_events"":132,""detectors_checked"":608256}"
      9216,         0,         0,   0.361,decoder_by_matrix,beec9fd12293a9cfe53c9b61fb8ce2a525e4eed38fa75d132d6dc64699336876,"{""distance"":3,""physical_error_rate"":0.0001}","{""detection_events"":144,""detectors_checked"":497664}"
      9216,         0,         0,   0.265,decoder_by_matrix,beec9fd12293a9cfe53c9b61fb8ce2a525e4eed38fa75d132d6dc64699336876,"{""distance"":3,""physical_error_rate"":0.0001}","{""detection_events"":117,""detectors_checked"":497664}"
      8192,         0,         0,   0.353,decoder_by_matrix,beec9fd12293a9cfe53c9b61fb8ce2a525e4eed38fa75d132d6dc64699336876,"{""distance"":3,""physical_error_rate"":0.0001}","{""detection_events"":135,""detectors_checked"":442368}"
      8192,         0,         0,   0.388,decoder_by_matrix,beec9fd12293a9cfe53c9b61fb8ce2a525e4eed38fa75d132d6dc64699336876,"{""distance"":3,""physical_error_rate"":0.0001}","{""detection_events"":147,""detectors_checked"":442368}"
      9216,         1,         0,   0.393,decoder_by_matrix,beec9fd12293a9cfe53c9b61fb8ce2a525e4eed38fa75d132d6dc64699336876,"{""distance"":3,""physical_error_rate"":0.0001}","{""detection_events"":231,""detectors_checked"":497664,""obs_mistake_mask=E"":1}"
      9216,         0,         0,   0.261,decoder_by_matrix,beec9fd12293a9cfe53c9b61fb8ce2a525e4eed38fa75d132d6dc64699336876,"{""distance"":3,""physical_error_rate"":0.0001}","{""detection_events"":108,""detectors_checked"":497664}"
      9216,         0,         0,   0.260,decoder_by_matrix,beec9fd12293a9cfe53c9b61fb8ce2a525e4eed38fa75d132d6dc64699336876,"{""distance"":3,""physical_error_rate"":0.0001}","{""detection_events"":96,""detectors_checked"":497664}"
     13312,         0,         0,   0.513,decoder_by_matrix,beec9fd12293a9cfe53c9b61fb8ce2a525e4eed38fa75d132d6dc64699336876,"{""distance"":3,""physical_error_rate"":0.0001}","{""detection_events"":210,""detectors_checked"":718848}"
     12288,         1,         0,   0.517,decoder_by_matrix,beec9fd12293a9cfe53c9b61fb8ce2a525e4eed38fa75d132d6dc64699336876,"{""distance"":3,""physical_error_rate"":0.0001}","{""detection_events"":153,""detectors_checked"":663552,""obs_mistake_mask=E"":1}"
     13312,         0,         0,   0.518,decoder_by_matrix,beec9fd12293a9cfe53c9b61fb8ce2a525e4eed38fa75d132d6dc64699336876,"{""distance"":3,""physical_error_rate"":0.0001}","{""detection_events"":150,""detectors_checked"":718848}"
     12288,         0,         0,   0.514,decoder_by_matrix,beec9fd12293a9cfe53c9b61fb8ce2a525e4eed38fa75d132d6dc64699336876,"{""distance"":3,""physical_error_rate"":0.0001}","{""detection_events"":234,""detectors_checked"":663552}"
     12288,         0,         0,   0.515,decoder_by_matrix,beec9fd12293a9cfe53c9b61fb8ce2a525e4eed38fa75d132d6dc64699336876,"{""distance"":3,""physical_error_rate"":0.0001}","{""detection_events"":207,""detectors_checked"":663552}"
     14336,         0,         0,   0.519,decoder_by_matrix,beec9fd12293a9cfe53c9b61fb8ce2a525e4eed38fa75d132d6dc64699336876,"{""distance"":3,""physical_error_rate"":0.0001}","{""detection_events"":159,""detectors_checked"":774144}"
     15360,         0,         0,   0.515,decoder_by_matrix,beec9fd12293a9cfe53c9b61fb8ce2a525e4eed38fa75d132d6dc64699336876,"{""distance"":3,""physical_error_rate"":0.0001}","{""detection_events"":198,""detectors_checked"":829440}"
     13312,         0,         0,   0.510,decoder_by_matrix,beec9fd12293a9cfe53c9b61fb8ce2a525e4eed38fa75d132d6dc64699336876,"{""distance"":3,""physical_error_rate"":0.0001}","{""detection_events"":168,""detectors_checked"":718848}"
     13312,         0,         0,   0.512,decoder_by_matrix,beec9fd12293a9cfe53c9b61fb8ce2a525e4eed38fa75d132d6dc64699336876,"{""distance"":3,""physical_error_rate"":0.0001}","{""detection_events"":195,""detectors_checked"":718848}"
     14336,         0,         0,   0.504,decoder_by_matrix,beec9fd12293a9cfe53c9b61fb8ce2a525e4eed38fa75d132d6dc64699336876,"{""distance"":3,""physical_error_rate"":0.0001}","{""detection_events"":198,""detectors_checked"":774144}"
     16384,         0,         0,   0.515,decoder_by_matrix,beec9fd12293a9cfe53c9b61fb8ce2a525e4eed38fa75d132d6dc64699336876,"{""distance"":3,""physical_error_rate"":0.0001}","{""detection_events"":102,""detectors_checked"":884736}"
     13312,         0,         0,   0.511,decoder_by_matrix,beec9fd12293a9cfe53c9b61fb8ce2a525e4eed38fa75d132d6dc64699336876,"{""distance"":3,""physical_error_rate"":0.0001}","{""detection_events"":162,""detectors_checked"":718848}"
     12288,         0,         0,   0.510,decoder_by_matrix,beec9fd12293a9cfe53c9b61fb8ce2a525e4eed38fa75d132d6dc64699336876,"{""distance"":3,""physical_error_rate"":0.0001}","{""detection_events"":195,""detectors_checked"":663552}"
     12288,         0,         0,   0.513,decoder_by_matrix,beec9fd12293a9cfe53c9b61fb8ce2a525e4eed38fa75d132d6dc64699336876,"{""distance"":3,""physical_error_rate"":0.0001}","{""detection_events"":279,""detectors_checked"":663552}"
     11264,         0,         0,   0.513,decoder_by_matrix,beec9fd12293a9cfe53c9b61fb8ce2a525e4eed38fa75d132d6dc64699336876,"{""distance"":3,""physical_error_rate"":0.0001}","{""detection_events"":207,""detectors_checked"":608256}"
     15360,         0,         0,   0.506,decoder_by_matrix,beec9fd12293a9cfe53c9b61fb8ce2a525e4eed38fa75d132d6dc64699336876,"{""distance"":3,""physical_error_rate"":0.0001}","{""detection_events"":207,""detectors_checked"":829440}"
     16384,         0,         0,   0.656,decoder_by_matrix,beec9fd12293a9cfe53c9b61fb8ce2a525e4eed38fa75d132d6dc64699336876,"{""distance"":3,""physical_error_rate"":0.0001}","{""detection_events"":261,""detectors_checked"":884736}"
     15360,         0,         0,   0.643,decoder_by_matrix,beec9fd12293a9cfe53c9b61fb8ce2a525e4eed38fa75d132d6dc64699336876,"{""distance"":3,""physical_error_rate"":0.0001}","{""detection_events"":213,""detectors_checked"":829440}"
     17408,         0,         0,   0.513,decoder_by_matrix,beec9fd12293a9cfe53c9b61fb8ce2a525e4eed38fa75d132d6dc64699336876,"{""distance"":3,""physical_error_rate"":0.0001}","{""detection_events"":282,""detectors_checked"":940032}"
     18432,         0,         0,   0.673,decoder_by_matrix,beec9fd12293a9cfe53c9b61fb8ce2a525e4eed38fa75d132d6dc64699336876,"{""distance"":3,""physical_error_rate"":0.0001}","{""detection_events"":351,""detectors_checked"":995328}"
     15360,         0,         0,   0.520,decoder_by_matrix,beec9fd12293a9cfe53c9b61fb8ce2a525e4eed38fa75d132d6dc64699336876,"{""distance"":3,""physical_error_rate"":0.0001}","{""detection_events"":246,""detectors_checked"":829440}"
     16384,         0,         0,   0.644,decoder_by_matrix,beec9fd12293a9cfe53c9b61fb8ce2a525e4eed38fa75d132d6dc64699336876,"{""distance"":3,""physical_error_rate"":0.0001}","{""detection_events"":237,""detectors_checked"":884736}"
     16384,         0,         0,   0.612,decoder_by_matrix,beec9fd12293a9cfe53c9b61fb8ce2a525e4eed38fa75d132d6dc64699336876,"{""distance"":3,""physical_error_rate"":0.0001}","{""detection_events"":321,""detectors_checked"":884736}"
     16384,         0,         0,   0.645,decoder_by_matrix,beec9fd12293a9cfe53c9b61fb8ce2a525e4eed38fa75d132d6dc64699336876,"{""distance"":3,""physical_error_rate"":0.0001}","{""detection_events"":279,""detectors_checked"":884736}"
     16384,         0,         0,   0.645,decoder_by_matrix,beec9fd12293a9cfe53c9b61fb8ce2a525e4eed38fa75d132d6dc64699336876,"{""distance"":3,""physical_error_rate"":0.0001}","{""detection_events"":249,""detectors_checked"":884736}"
     17408,         0,         0,   0.642,decoder_by_matrix,beec9fd12293a9cfe53c9b61fb8ce2a525e4eed38fa75d132d6dc64699336876,"{""distance"":3,""physical_error_rate"":0.0001}","{""detection_events"":270,""detectors_checked"":940032}"
     16384,         0,         0,   0.647,decoder_by_matrix,beec9fd12293a9cfe53c9b61fb8ce2a525e4eed38fa75d132d6dc64699336876,"{""distance"":3,""physical_error_rate"":0.0001}","{""detection_events"":222,""detectors_checked"":884736}"
     16384,         0,         0,   0.645,decoder_by_matrix,beec9fd12293a9cfe53c9b61fb8ce2a525e4eed38fa75d132d6dc64699336876,"{""distance"":3,""physical_error_rate"":0.0001}","{""detection_events"":237,""detectors_checked"":884736}"
     16384,         0,         0,   0.638,decoder_by_matrix,beec9fd12293a9cfe53c9b61fb8ce2a525e4eed38fa75d132d6dc64699336876,"{""distance"":3,""physical_error_rate"":0.0001}","{""detection_events"":219,""detectors_checked"":884736}"
     17408,         0,         0,   0.518,decoder_by_matrix,beec9fd12293a9cfe53c9b61fb8ce2a525e4eed38fa75d132d6dc64699336876,"{""distance"":3,""physical_error_rate"":0.0001}","{""detection_events"":249,""detectors_checked"":940032}"
     16384,         0,         0,   0.641,decoder_by_matrix,beec9fd12293a9cfe53c9b61fb8ce2a525e4eed38fa75d132d6dc64699336876,"{""distance"":3,""physical_error_rate"":0.0001}","{""detection_events"":303,""detectors_checked"":884736}"
     24576,         0,         0,   0.854,decoder_by_matrix,beec9fd12293a9cfe53c9b61fb8ce2a525e4eed38fa75d132d6dc64699336876,"{""distance"":3,""physical_error_rate"":0.0001}","{""detection_events"":417,""detectors_checked"":1327104}"
     22528,         0,         0,   0.795,decoder_by_matrix,beec9fd12293a9cfe53c9b61fb8ce2a525e4eed38fa75d132d6dc64699336876,"{""distance"":3,""physical_error_rate"":0.0001}","{""detection_events"":210,""detectors_checked"":1216512}"
     22528,         0,         0,   0.770,decoder_by_matrix,beec9fd12293a9cfe53c9b61fb8ce2a525e4eed38fa75d132d6dc64699336876,"{""distance"":3,""physical_error_rate"":0.0001}","{""detection_events"":390,""detectors_checked"":1216512}"
     22528,         0,         0,   0.895,decoder_by_matrix,beec9fd12293a9cfe53c9b61fb8ce2a525e4eed38fa75d132d6dc64699336876,"{""distance"":3,""physical_error_rate"":0.0001}","{""detection_events"":288,""detectors_checked"":1216512}"
     21504,         0,         0,   0.896,decoder_by_matrix,beec9fd12293a9cfe53c9b61fb8ce2a525e4eed38fa75d132d6dc64699336876,"{""distance"":3,""physical_error_rate"":0.0001}","{""detection_events"":360,""detectors_checked"":1161216}"
     25600,         0,         0,   0.896,decoder_by_matrix,beec9fd12293a9cfe53c9b61fb8ce2a525e4eed38fa75d132d6dc64699336876,"{""distance"":3,""physical_error_rate"":0.0001}","{""detection_events"":306,""detectors_checked"":1382400}"
     23552,         0,         0,   0.871,decoder_by_matrix,beec9fd12293a9cfe53c9b61fb8ce2a525e4eed38fa75d132d6dc64699336876,"{""distance"":3,""physical_error_rate"":0.0001}","{""detection_events"":258,""detectors_checked"":1271808}"
     22528,         0,         0,   0.899,decoder_by_matrix,beec9fd12293a9cfe53c9b61fb8ce2a525e4eed38fa75d132d6dc64699336876,"{""distance"":3,""physical_error_rate"":0.0001}","{""detection_events"":444,""detectors_checked"":1216512}"
     22528,         0,         0,   0.875,decoder_by_matrix,beec9fd12293a9cfe53c9b61fb8ce2a525e4eed38fa75d132d6dc64699336876,"{""distance"":3,""physical_error_rate"":0.0001}","{""detection_events"":252,""detectors_checked"":1216512}"
     22528,         0,         0,   0.767,decoder_by_matrix,beec9fd12293a9cfe53c9b61fb8ce2a525e4eed38fa75d132d6dc64699336876,"{""distance"":3,""physical_error_rate"":0.0001}","{""detection_events"":366,""detectors_checked"":1216512}"
     24576,         0,         0,   0.882,decoder_by_matrix,beec9fd12293a9cfe53c9b61fb8ce2a525e4eed38fa75d132d6dc64699336876,"{""distance"":3,""physical_error_rate"":0.0001}","{""detection_events"":327,""detectors_checked"":1327104}"
     24576,         0,         0,   0.915,decoder_by_matrix,beec9fd12293a9cfe53c9b61fb8ce2a525e4eed38fa75d132d6dc64699336876,"{""distance"":3,""physical_error_rate"":0.0001}","{""detection_events"":315,""detectors_checked"":1327104}"
     23552,         0,         0,   0.898,decoder_by_matrix,beec9fd12293a9cfe53c9b61fb8ce2a525e4eed38fa75d132d6dc64699336876,"{""distance"":3,""physical_error_rate"":0.0001}","{""detection_events"":291,""detectors_checked"":1271808}"
     23552,         0,         0,   0.900,decoder_by_matrix,beec9fd12293a9cfe53c9b61fb8ce2a525e4eed38fa75d132d6dc64699336876,"{""distance"":3,""physical_error_rate"":0.0001}","{""detection_events"":258,""detectors_checked"":1271808}"
     21504,         0,         0,   0.772,decoder_by_matrix,beec9fd12293a9cfe53c9b61fb8ce2a525e4eed38fa75d132d6dc64699336876,"{""distance"":3,""physical_error_rate"":0.0001}","{""detection_events"":345,""detectors_checked"":1161216}"
     24576,         0,         0,   0.896,decoder_by_matrix,beec9fd12293a9cfe53c9b61fb8ce2a525e4eed38fa75d132d6dc64699336876,"{""distance"":3,""physical_error_rate"":0.0001}","{""detection_events"":402,""detectors_checked"":1327104}"
     28672,         0,         0,    1.14,decoder_by_matrix,beec9fd12293a9cfe53c9b61fb8ce2a525e4eed38fa75d132d6dc64699336876,"{""distance"":3,""physical_error_rate"":0.0001}","{""detection_events"":414,""detectors_checked"":1548288}"
     30720,         0,         0,    1.18,decoder_by_matrix,beec9fd12293a9cfe53c9b61fb8ce2a525e4eed38fa75d132d6dc64699336876,"{""distance"":3,""physical_error_rate"":0.0001}","{""detection_events"":483,""detectors_checked"":1658880}"
     26624,         0,         0,    1.13,decoder_by_matrix,beec9fd12293a9cfe53c9b61fb8ce2a525e4eed38fa75d132d6dc64699336876,"{""distance"":3,""physical_error_rate"":0.0001}","{""detection_events"":375,""detectors_checked"":1437696}"
     29696,         0,         0,    1.02,decoder_by_matrix,beec9fd12293a9cfe53c9b61fb8ce2a525e4eed38fa75d132d6dc64699336876,"{""distance"":3,""physical_error_rate"":0.0001}","{""detection_events"":465,""detectors_checked"":1603584}"
     31744,         0,         0,    1.15,decoder_by_matrix,beec9fd12293a9cfe53c9b61fb8ce2a525e4eed38fa75d132d6dc64699336876,"{""distance"":3,""physical_error_rate"":0.0001}","{""detection_events"":435,""detectors_checked"":1714176}"
     27648,         0,         0,    1.15,decoder_by_matrix,beec9fd12293a9cfe53c9b61fb8ce2a525e4eed38fa75d132d6dc64699336876,"{""distance"":3,""physical_error_rate"":0.0001}","{""detection_events"":339,""detectors_checked"":1492992}"
     30720,         0,         0,    1.16,decoder_by_matrix,beec9fd12293a9cfe53c9b61fb8ce2a525e4eed38fa75d132d6dc64699336876,"{""distance"":3,""physical_error_rate"":0.0001}","{""detection_events"":429,""detectors_checked"":1658880}"
     33792,         0,         0,    1.15,decoder_by_matrix,beec9fd12293a9cfe53c9b61fb8ce2a525e4eed38fa75d132d6dc64699336876,"{""distance"":3,""physical_error_rate"":0.0001}","{""detection_events"":429,""detectors_checked"":1824768}"
     32768,         0,         0,    1.15,decoder_by_matrix,beec9fd12293a9cfe53c9b61fb8ce2a525e4eed38fa75d132d6dc64699336876,"{""distance"":3,""physical_error_rate"":0.0001}","{""detection_events"":330,""detectors_checked"":1769472}"
     32768,         0,         0,    1.16,decoder_by_matrix,beec9fd12293a9cfe53c9b61fb8ce2a525e4eed38fa75d132d6dc64699336876,"{""distance"":3,""physical_error_rate"":0.0001}","{""detection_events"":342,""detectors_checked"":1769472}"
     27648,         0,         0,    1.16,decoder_by_matrix,beec9fd12293a9cfe53c9b61fb8ce2a525e4eed38fa75d132d6dc64699336876,"{""distance"":3,""physical_error_rate"":0.0001}","{""detection_events"":453,""detectors_checked"":1492992}"
     28672,         0,         0,    1.03,decoder_by_matrix,beec9fd12293a9cfe53c9b61fb8ce2a525e4eed38fa75d132d6dc64699336876,"{""distance"":3,""physical_error_rate"":0.0001}","{""detection_events"":381,""detectors_checked"":1548288}"
     27648,         0,         0,    1.15,decoder_by_matrix,beec9fd12293a9cfe53c9b61fb8ce2a525e4eed38fa75d132d6dc64699336876,"{""distance"":3,""physical_error_rate"":0.0001}","{""detection_events"":477,""detectors_checked"":1492992}"
     30720,         0,         0,    1.18,decoder_by_matrix,beec9fd12293a9cfe53c9b61fb8ce2a525e4eed38fa75d132d6dc64699336876,"{""distance"":3,""physical_error_rate"":0.0001}","{""detection_events"":378,""detectors_checked"":1658880}"
     27648,         0,         0,    1.15,decoder_by_matrix,beec9fd12293a9cfe53c9b61fb8ce2a525e4eed38fa75d132d6dc64699336876,"{""distance"":3,""physical_error_rate"":0.0001}","{""detection_events"":486,""detectors_checked"":1492992}"
     28672,         1,         0,    1.15,decoder_by_matrix,beec9fd12293a9cfe53c9b61fb8ce2a525e4eed38fa75d132d6dc64699336876,"{""distance"":3,""physical_error_rate"":0.0001}","{""detection_events"":501,""detectors_checked"":1548288,""obs_mistake_mask=E"":1}"
     45056,         0,         0,    1.54,decoder_by_matrix,beec9fd12293a9cfe53c9b61fb8ce2a525e4eed38fa75d132d6dc64699336876,"{""distance"":3,""physical_error_rate"":0.0001}","{""detection_events"":573,""detectors_checked"":2433024}"
     38912,         0,         0,    1.56,decoder_by_matrix,beec9fd12293a9cfe53c9b61fb8ce2a525e4eed38fa75d132d6dc64699336876,"{""distance"":3,""physical_error_rate"":0.0001}","{""detection_events"":681,""detectors_checked"":2101248}"
     41984,         0,         0,    1.53,decoder_by_matrix,beec9fd12293a9cfe53c9b61fb8ce2a525e4eed38fa75d132d6dc64699336876,"{""distance"":3,""physical_error_rate"":0.0001}","{""detection_events"":624,""detectors_checked"":2267136}"
     39936,         0,         0,    1.53,decoder_by_matrix,beec9fd12293a9cfe53c9b61fb8ce2a525e4eed38fa75d132d6dc64699336876,"{""distance"":3,""physical_error_rate"":0.0001}","{""detection_events"":699,""detectors_checked"":2156544}"
     39936,         0,         0,    1.58,decoder_by_matrix,beec9fd12293a9cfe53c9b61fb8ce2a525e4eed38fa75d132d6dc64699336876,"{""distance"":3,""physical_error_rate"":0.0001}","{""detection_events"":594,""detectors_checked"":2156544}"
     41984,         0,         0,    1.68,decoder_by_matrix,beec9fd12293a9cfe53c9b61fb8ce2a525e4eed38fa75d132d6dc64699336876,"{""distance"":3,""physical_error_rate"":0.0001}","{""detection_events"":561,""detectors_checked"":2267136}"
     45056,         1,         0,    1.52,decoder_by_matrix,beec9fd12293a9cfe53c9b61fb8ce2a525e4eed38fa75d132d6dc64699336876,"{""distance"":3,""physical_error_rate"":0.0001}","{""detection_events"":567,""detectors_checked"":2433024,""obs_mistake_mask=E"":1}"
     40960,         0,         0,    1.54,decoder_by_matrix,beec9fd12293a9cfe53c9b61fb8ce2a525e4eed38fa75d132d6dc64699336876,"{""distance"":3,""physical_error_rate"":0.0001}","{""detection_events"":711,""detectors_checked"":2211840}"
     39936,         1,         0,    1.66,decoder_by_matrix,beec9fd12293a9cfe53c9b61fb8ce2a525e4eed38fa75d132d6dc64699336876,"{""distance"":3,""physical_error_rate"":0.0001}","{""detection_events"":768,""detectors_checked"":2156544,""obs_mistake_mask=E"":1}"
     40960,         0,         0,    1.66,decoder_by_matrix,beec9fd12293a9cfe53c9b61fb8ce2a525e4eed38fa75d132d6dc64699336876,"{""distance"":3,""physical_error_rate"":0.0001}","{""detection_events"":642,""detectors_checked"":2211840}"
     41984,         0,         0,    1.41,decoder_by_matrix,beec9fd12293a9cfe53c9b61fb8ce2a525e4eed38fa75d132d6dc64699336876,"{""distance"":3,""physical_error_rate"":0.0001}","{""detection_events"":702,""detectors_checked"":2267136}"
     47104,         0,         0,    1.65,decoder_by_matrix,beec9fd12293a9cfe53c9b61fb8ce2a525e4eed38fa75d132d6dc64699336876,"{""distance"":3,""physical_error_rate"":0.0001}","{""detection_events"":624,""detectors_checked"":2543616}"
     38912,         0,         0,    1.61,decoder_by_matrix,beec9fd12293a9cfe53c9b61fb8ce2a525e4eed38fa75d132d6dc64699336876,"{""distance"":3,""physical_error_rate"":0.0001}","{""detection_events"":687,""detectors_checked"":2101248}"
     44032,         0,         0,    1.55,decoder_by_matrix,beec9fd12293a9cfe53c9b61fb8ce2a525e4eed38fa75d132d6dc64699336876,"{""distance"":3,""physical_error_rate"":0.0001}","{""detection_events"":588,""detectors_checked"":2377728}"
     41984,         0,         0,    1.53,decoder_by_matrix,beec9fd12293a9cfe53c9b61fb8ce2a525e4eed38fa75d132d6dc64699336876,"{""distance"":3,""physical_error_rate"":0.0001}","{""detection_events"":645,""detectors_checked"":2267136}"
     41984,         0,         0,    1.67,decoder_by_matrix,beec9fd12293a9cfe53c9b61fb8ce2a525e4eed38fa75d132d6dc64699336876,"{""distance"":3,""physical_error_rate"":0.0001}","{""detection_events"":654,""detectors_checked"":2267136}"
     54272,         0,         0,    2.21,decoder_by_matrix,beec9fd12293a9cfe53c9b61fb8ce2a525e4eed38fa75d132d6dc64699336876,"{""distance"":3,""physical_error_rate"":0.0001}","{""detection_events"":945,""detectors_checked"":2930688}"
     54272,         0,         0,    2.20,decoder_by_matrix,beec9fd12293a9cfe53c9b61fb8ce2a525e4eed38fa75d132d6dc64699336876,"{""distance"":3,""physical_error_rate"":0.0001}","{""detection_events"":777,""detectors_checked"":2930688}"
     58368,         0,         0,    2.12,decoder_by_matrix,beec9fd12293a9cfe53c9b61fb8ce2a525e4eed38fa75d132d6dc64699336876,"{""distance"":3,""physical_error_rate"":0.0001}","{""detection_events"":702,""detectors_checked"":3151872}"
     54272,         0,         0,    2.18,decoder_by_matrix,beec9fd12293a9cfe53c9b61fb8ce2a525e4eed38fa75d132d6dc64699336876,"{""distance"":3,""physical_error_rate"":0.0001}","{""detection_events"":801,""detectors_checked"":2930688}"
     55296,         0,         0,    2.05,decoder_by_matrix,beec9fd12293a9cfe53c9b61fb8ce2a525e4eed38fa75d132d6dc64699336876,"{""distance"":3,""physical_error_rate"":0.0001}","{""detection_events"":810,""detectors_checked"":2985984}"
     57344,         0,         0,    2.05,decoder_by_matrix,beec9fd12293a9cfe53c9b61fb8ce2a525e4eed38fa75d132d6dc64699336876,"{""distance"":3,""physical_error_rate"":0.0001}","{""detection_events"":939,""detectors_checked"":3096576}"
     54272,         0,         0,    2.18,decoder_by_matrix,beec9fd12293a9cfe53c9b61fb8ce2a525e4eed38fa75d132d6dc64699336876,"{""distance"":3,""physical_error_rate"":0.0001}","{""detection_events"":753,""detectors_checked"":2930688}"
     58368,         0,         0,    2.18,decoder_by_matrix,beec9fd12293a9cfe53c9b61fb8ce2a525e4eed38fa75d132d6dc64699336876,"{""distance"":3,""physical_error_rate"":0.0001}","{""detection_events"":810,""detectors_checked"":3151872}"
     52224,         0,         0,    2.05,decoder_by_matrix,beec9fd12293a9cfe53c9b61fb8ce2a525e4eed38fa75d132d6dc64699336876,"{""distance"":3,""physical_error_rate"":0.0001}","{""detection_events"":819,""detectors_checked"":2820096}"
     58368,         0,         0,    2.28,decoder_by_matrix,beec9fd12293a9cfe53c9b61fb8ce2a525e4eed38fa75d132d6dc64699336876,"{""distance"":3,""physical_error_rate"":0.0001}","{""detection_events"":846,""detectors_checked"":3151872}"
     59392,         0,         0,    2.18,decoder_by_matrix,beec9fd12293a9cfe53c9b61fb8ce2a525e4eed38fa75d132d6dc64699336876,"{""distance"":3,""physical_error_rate"":0.0001}","{""detection_events"":807,""detectors_checked"":3207168}"
     59392,         0,         0,    2.18,decoder_by_matrix,beec9fd12293a9cfe53c9b61fb8ce2a525e4eed38fa75d132d6dc64699336876,"{""distance"":3,""physical_error_rate"":0.0001}","{""detection_events"":927,""detectors_checked"":3207168}"
     55296,         0,         0,    2.18,decoder_by_matrix,beec9fd12293a9cfe53c9b61fb8ce2a525e4eed38fa75d132d6dc64699336876,"{""distance"":3,""physical_error_rate"":0.0001}","{""detection_events"":846,""detectors_checked"":2985984}"
     61440,         0,         0,    2.18,decoder_by_matrix,beec9fd12293a9cfe53c9b61fb8ce2a525e4eed38fa75d132d6dc64699336876,"{""distance"":3,""physical_error_rate"":0.0001}","{""detection_events"":714,""detectors_checked"":3317760}"
     58368,         0,         0,    2.29,decoder_by_matrix,beec9fd12293a9cfe53c9b61fb8ce2a525e4eed38fa75d132d6dc64699336876,"{""distance"":3,""physical_error_rate"":0.0001}","{""detection_events"":879,""detectors_checked"":3151872}"
     58368,         0,         0,    1.92,decoder_by_matrix,beec9fd12293a9cfe53c9b61fb8ce2a525e4eed38fa75d132d6dc64699336876,"{""distance"":3,""physical_error_rate"":0.0001}","{""detection_events"":858,""detectors_checked"":3151872}"
     77824,         1,         0,    2.93,decoder_by_matrix,beec9fd12293a9cfe53c9b61fb8ce2a525e4eed38fa75d132d6dc64699336876,"{""distance"":3,""physical_error_rate"":0.0001}","{""detection_events"":1176,""detectors_checked"":4202496,""obs_mistake_mask=E"":1}"
     78848,         0,         0,    2.93,decoder_by_matrix,beec9fd12293a9cfe53c9b61fb8ce2a525e4eed38fa75d132d6dc64699336876,"{""distance"":3,""physical_error_rate"":0.0001}","{""detection_events"":1206,""detectors_checked"":4257792}"
     77824,         0,         0,    2.94,decoder_by_matrix,beec9fd12293a9cfe53c9b61fb8ce2a525e4eed38fa75d132d6dc64699336876,"{""distance"":3,""physical_error_rate"":0.0001}","{""detection_events"":1326,""detectors_checked"":4202496}"
     76800,         0,         0,    2.93,decoder_by_matrix,beec9fd12293a9cfe53c9b61fb8ce2a525e4eed38fa75d132d6dc64699336876,"{""distance"":3,""physical_error_rate"":0.0001}","{""detection_events"":1074,""detectors_checked"":4147200}"
     78848,         0,         0,    3.07,decoder_by_matrix,beec9fd12293a9cfe53c9b61fb8ce2a525e4eed38fa75d132d6dc64699336876,"{""distance"":3,""physical_error_rate"":0.0001}","{""detection_events"":1104,""detectors_checked"":4257792}"
     80896,         0,         0,    3.06,decoder_by_matrix,beec9fd12293a9cfe53c9b61fb8ce2a525e4eed38fa75d132d6dc64699336876,"{""distance"":3,""physical_error_rate"":0.0001}","{""detection_events"":951,""detectors_checked"":4368384}"
     76800,         0,         0,    2.95,decoder_by_matrix,beec9fd12293a9cfe53c9b61fb8ce2a525e4eed38fa75d132d6dc64699336876,"{""distance"":3,""physical_error_rate"":0.0001}","{""detection_events"":1086,""detectors_checked"":4147200}"
     77824,         0,         0,    3.05,decoder_by_matrix,beec9fd12293a9cfe53c9b61fb8ce2a525e4eed38fa75d132d6dc64699336876,"{""distance"":3,""physical_error_rate"":0.0001}","{""detection_events"":1119,""detectors_checked"":4202496}"
     79872,         0,         0,    3.07,decoder_by_matrix,beec9fd12293a9cfe53c9b61fb8ce2a525e4eed38fa75d132d6dc64699336876,"{""distance"":3,""physical_error_rate"":0.0001}","{""detection_events"":1161,""detectors_checked"":4313088}"
     81920,         0,         0,    3.06,decoder_by_matrix,beec9fd12293a9cfe53c9b61fb8ce2a525e4eed38fa75d132d6dc64699336876,"{""distance"":3,""physical_error_rate"":0.0001}","{""detection_events"":1176,""detectors_checked"":4423680}"
     78848,         0,         0,    2.95,decoder_by_matrix,beec9fd12293a9cfe53c9b61fb8ce2a525e4eed38fa75d132d6dc64699336876,"{""distance"":3,""physical_error_rate"":0.0001}","{""detection_events"":1125,""detectors_checked"":4257792}"
     76800,         0,         0,    3.07,decoder_by_matrix,beec9fd12293a9cfe53c9b61fb8ce2a525e4eed38fa75d132d6dc64699336876,"{""distance"":3,""physical_error_rate"":0.0001}","{""detection_events"":1071,""detectors_checked"":4147200}"
     77824,         0,         0,    2.95,decoder_by_matrix,beec9fd12293a9cfe53c9b61fb8ce2a525e4eed38fa75d132d6dc64699336876,"{""distance"":3,""physical_error_rate"":0.0001}","{""detection_events"":1026,""detectors_checked"":4202496}"
     78848,         0,         0,    3.05,decoder_by_matrix,beec9fd12293a9cfe53c9b61fb8ce2a525e4eed38fa75d132d6dc64699336876,"{""distance"":3,""physical_error_rate"":0.0001}","{""detection_events"":1230,""detectors_checked"":4257792}"
     78848,         0,         0,    3.04,decoder_by_matrix,beec9fd12293a9cfe53c9b61fb8ce2a525e4eed38fa75d132d6dc64699336876,"{""distance"":3,""physical_error_rate"":0.0001}","{""detection_events"":1185,""detectors_checked"":4257792}"
     78848,         0,         0,    3.06,decoder_by_matrix,beec9fd12293a9cfe53c9b61fb8ce2a525e4eed38fa75d132d6dc64699336876,"{""distance"":3,""physical_error_rate"":0.0001}","{""detection_events"":1230,""detectors_checked"":4257792}"
    112640,         0,         0,    4.34,decoder_by_matrix,beec9fd12293a9cfe53c9b61fb8ce2a525e4eed38fa75d132d6dc64699336876,"{""distance"":3,""physical_error_rate"":0.0001}","{""detection_events"":1686,""detectors_checked"":6082560}"
    110592,         0,         0,    4.36,decoder_by_matrix,beec9fd12293a9cfe53c9b61fb8ce2a525e4eed38fa75d132d6dc64699336876,"{""distance"":3,""physical_error_rate"":0.0001}","{""detection_events"":1569,""detectors_checked"":5971968}"
    110592,         0,         0,    4.07,decoder_by_matrix,beec9fd12293a9cfe53c9b61fb8ce2a525e4eed38fa75d132d6dc64699336876,"{""distance"":3,""physical_error_rate"":0.0001}","{""detection_events"":1875,""detectors_checked"":5971968}"
    109568,         0,         0,    4.22,decoder_by_matrix,beec9fd12293a9cfe53c9b61fb8ce2a525e4eed38fa75d132d6dc64699336876,"{""distance"":3,""physical_error_rate"":0.0001}","{""detection_events"":1683,""detectors_checked"":5916672}"
    117760,         0,         0,    4.35,decoder_by_matrix,beec9fd12293a9cfe53c9b61fb8ce2a525e4eed38fa75d132d6dc64699336876,"{""distance"":3,""physical_error_rate"":0.0001}","{""detection_events"":1635,""detectors_checked"":6359040}"
    109568,         0,         0,    4.31,decoder_by_matrix,beec9fd12293a9cfe53c9b61fb8ce2a525e4eed38fa75d132d6dc64699336876,"{""distance"":3,""physical_error_rate"":0.0001}","{""detection_events"":1590,""detectors_checked"":5916672}"
    110592,         0,         0,    4.28,decoder_by_matrix,beec9fd12293a9cfe53c9b61fb8ce2a525e4eed38fa75d132d6dc64699336876,"{""distance"":3,""physical_error_rate"":0.0001}","{""detection_events"":1455,""detectors_checked"":5971968}"
    113664,         0,         0,    4.36,decoder_by_matrix,beec9fd12293a9cfe53c9b61fb8ce2a525e4eed38fa75d132d6dc64699336876,"{""distance"":3,""physical_error_rate"":0.0001}","{""detection_events"":1563,""detectors_checked"":6137856}"
    110592,         0,         0,    4.23,decoder_by_matrix,beec9fd12293a9cfe53c9b61fb8ce2a525e4eed38fa75d132d6dc64699336876,"{""distance"":3,""physical_error_rate"":0.0001}","{""detection_events"":1719,""detectors_checked"":5971968}"
    110592,         0,         0,    4.35,decoder_by_matrix,beec9fd12293a9cfe53c9b61fb8ce2a525e4eed38fa75d132d6dc64699336876,"{""distance"":3,""physical_error_rate"":0.0001}","{""detection_events"":1692,""detectors_checked"":5971968}"
    110592,         0,         0,    4.35,decoder_by_matrix,beec9fd12293a9cfe53c9b61fb8ce2a525e4eed38fa75d132d6dc64699336876,"{""distance"":3,""physical_error_rate"":0.0001}","{""detection_events"":1602,""detectors_checked"":5971968}"
    110592,         0,         0,    4.35,decoder_by_matrix,beec9fd12293a9cfe53c9b61fb8ce2a525e4eed38fa75d132d6dc64699336876,"{""distance"":3,""physical_error_rate"":0.0001}","{""detection_events"":1599,""detectors_checked"":5971968}"
    109568,         0,         0,    4.35,decoder_by_matrix,beec9fd12293a9cfe53c9b61fb8ce2a525e4eed38fa75d132d6dc64699336876,"{""distance"":3,""physical_error_rate"":0.0001}","{""detection_events"":1722,""detectors_checked"":5916672}"
    107520,         0,         0,    4.38,decoder_by_matrix,beec9fd12293a9cfe53c9b61fb8ce2a525e4eed38fa75d132d6dc64699336876,"{""distance"":3,""physical_error_rate"":0.0001}","{""detection_events"":1464,""detectors_checked"":5806080}"
    110592,         0,         0,    4.23,decoder_by_matrix,beec9fd12293a9cfe53c9b61fb8ce2a525e4eed38fa75d132d6dc64699336876,"{""distance"":3,""physical_error_rate"":0.0001}","{""detection_events"":1518,""detectors_checked"":5971968}"
    112640,         0,         0,    4.22,decoder_by_matrix,beec9fd12293a9cfe53c9b61fb8ce2a525e4eed38fa75d132d6dc64699336876,"{""distance"":3,""physical_error_rate"":0.0001}","{""detection_events"":1668,""detectors_checked"":6082560}"
    150528,         0,         0,    5.89,decoder_by_matrix,beec9fd12293a9cfe53c9b61fb8ce2a525e4eed38fa75d132d6dc64699336876,"{""distance"":3,""physical_error_rate"":0.0001}","{""detection_events"":2313,""detectors_checked"":8128512}"
    152576,         0,         0,    5.98,decoder_by_matrix,beec9fd12293a9cfe53c9b61fb8ce2a525e4eed38fa75d132d6dc64699336876,"{""distance"":3,""physical_error_rate"":0.0001}","{""detection_events"":2358,""detectors_checked"":8239104}"
    160768,         0,         0,    5.87,decoder_by_matrix,beec9fd12293a9cfe53c9b61fb8ce2a525e4eed38fa75d132d6dc64699336876,"{""distance"":3,""physical_error_rate"":0.0001}","{""detection_events"":1995,""detectors_checked"":8681472}"
    149504,         0,         0,    5.75,decoder_by_matrix,beec9fd12293a9cfe53c9b61fb8ce2a525e4eed38fa75d132d6dc64699336876,"{""distance"":3,""physical_error_rate"":0.0001}","{""detection_events"":2337,""detectors_checked"":8073216}"
    152576,         0,         0,    5.92,decoder_by_matrix,beec9fd12293a9cfe53c9b61fb8ce2a525e4eed38fa75d132d6dc64699336876,"{""distance"":3,""physical_error_rate"":0.0001}","{""detection_events"":2496,""detectors_checked"":8239104}"
    157696,         0,         0,    6.08,decoder_by_matrix,beec9fd12293a9cfe53c9b61fb8ce2a525e4eed38fa75d132d6dc64699336876,"{""distance"":3,""physical_error_rate"":0.0001}","{""detection_events"":2409,""detectors_checked"":8515584}"
    155648,         0,         0,    5.90,decoder_by_matrix,beec9fd12293a9cfe53c9b61fb8ce2a525e4eed38fa75d132d6dc64699336876,"{""distance"":3,""physical_error_rate"":0.0001}","{""detection_events"":2289,""detectors_checked"":8404992}"
    152576,         0,         0,    5.93,decoder_by_matrix,beec9fd12293a9cfe53c9b61fb8ce2a525e4eed38fa75d132d6dc64699336876,"{""distance"":3,""physical_error_rate"":0.0001}","{""detection_events"":2520,""detectors_checked"":8239104}"
    156672,         0,         0,    5.88,decoder_by_matrix,beec9fd12293a9cfe53c9b61fb8ce2a525e4eed38fa75d132d6dc64699336876,"{""distance"":3,""physical_error_rate"":0.0001}","{""detection_events"":2118,""detectors_checked"":8460288}"
    152576,         0,         0,    5.51,decoder_by_matrix,beec9fd12293a9cfe53c9b61fb8ce2a525e4eed38fa75d132d6dc64699336876,"{""distance"":3,""physical_error_rate"":0.0001}","{""detection_events"":2232,""detectors_checked"":8239104}"
    155648,         0,         0,    5.42,decoder_by_matrix,beec9fd12293a9cfe53c9b61fb8ce2a525e4eed38fa75d132d6dc64699336876,"{""distance"":3,""physical_error_rate"":0.0001}","{""detection_events"":2154,""detectors_checked"":8404992}"
    150528,         0,         0,    5.89,decoder_by_matrix,beec9fd12293a9cfe53c9b61fb8ce2a525e4eed38fa75d132d6dc64699336876,"{""distance"":3,""physical_error_rate"":0.0001}","{""detection_events"":2286,""detectors_checked"":8128512}"
    150528,         0,         0,    5.81,decoder_by_matrix,beec9fd12293a9cfe53c9b61fb8ce2a525e4eed38fa75d132d6dc64699336876,"{""distance"":3,""physical_error_rate"":0.0001}","{""detection_events"":2160,""detectors_checked"":8128512}"
    153600,         0,         0,    5.65,decoder_by_matrix,beec9fd12293a9cfe53c9b61fb8ce2a525e4eed38fa75d132d6dc64699336876,"{""distance"":3,""physical_error_rate"":0.0001}","{""detection_events"":2238,""detectors_checked"":8294400}"
    151552,         0,         0,    6.01,decoder_by_matrix,beec9fd12293a9cfe53c9b61fb8ce2a525e4eed38fa75d132d6dc64699336876,"{""distance"":3,""physical_error_rate"":0.0001}","{""detection_events"":2412,""detectors_checked"":8183808}"
    151552,         0,         0,    5.89,decoder_by_matrix,beec9fd12293a9cfe53c9b61fb8ce2a525e4eed38fa75d132d6dc64699336876,"{""distance"":3,""physical_error_rate"":0.0001}","{""detection_events"":2277,""detectors_checked"":8183808}"
    206848,         0,         0,    8.38,decoder_by_matrix,beec9fd12293a9cfe53c9b61fb8ce2a525e4eed38fa75d132d6dc64699336876,"{""distance"":3,""physical_error_rate"":0.0001}","{""detection_events"":3036,""detectors_checked"":11169792}"
    218112,         0,         0,    8.04,decoder_by_matrix,beec9fd12293a9cfe53c9b61fb8ce2a525e4eed38fa75d132d6dc64699336876,"{""distance"":3,""physical_error_rate"":0.0001}","{""detection_events"":3126,""detectors_checked"":11778048}"
    222208,         0,         0,    8.12,decoder_by_matrix,beec9fd12293a9cfe53c9b61fb8ce2a525e4eed38fa75d132d6dc64699336876,"{""distance"":3,""physical_error_rate"":0.0001}","{""detection_events"":3039,""detectors_checked"":11999232}"
    210944,         0,         0,    8.30,decoder_by_matrix,beec9fd12293a9cfe53c9b61fb8ce2a525e4eed38fa75d132d6dc64699336876,"{""distance"":3,""physical_error_rate"":0.0001}","{""detection_events"":3201,""detectors_checked"":11390976}"
    214016,         1,         0,    8.42,decoder_by_matrix,beec9fd12293a9cfe53c9b61fb8ce2a525e4eed38fa75d132d6dc64699336876,"{""distance"":3,""physical_error_rate"":0.0001}","{""detection_events"":3435,""detectors_checked"":11556864,""obs_mistake_mask=E"":1}"
    210944,         1,         0,    8.09,decoder_by_matrix,beec9fd12293a9cfe53c9b61fb8ce2a525e4eed38fa75d132d6dc64699336876,"{""distance"":3,""physical_error_rate"":0.0001}","{""detection_events"":3150,""detectors_checked"":11390976,""obs_mistake_mask=E"":1}"
    218112,         0,         0,    8.03,decoder_by_matrix,beec9fd12293a9cfe53c9b61fb8ce2a525e4eed38fa75d132d6dc64699336876,"{""distance"":3,""physical_error_rate"":0.0001}","{""detection_events"":3258,""detectors_checked"":11778048}"
    217088,         0,         0,    8.32,decoder_by_matrix,beec9fd12293a9cfe53c9b61fb8ce2a525e4eed38fa75d132d6dc64699336876,"{""distance"":3,""physical_error_rate"":0.0001}","{""detection_events"":3102,""detectors_checked"":11722752}"
    222208,         0,         0,    8.33,decoder_by_matrix,beec9fd12293a9cfe53c9b61fb8ce2a525e4eed38fa75d132d6dc64699336876,"{""distance"":3,""physical_error_rate"":0.0001}","{""detection_events"":3102,""detectors_checked"":11999232}"
    218112,         0,         0,    7.93,decoder_by_matrix,beec9fd12293a9cfe53c9b61fb8ce2a525e4eed38fa75d132d6dc64699336876,"{""distance"":3,""physical_error_rate"":0.0001}","{""detection_events"":3315,""detectors_checked"":11778048}"
    216064,         0,         0,    8.34,decoder_by_matrix,beec9fd12293a9cfe53c9b61fb8ce2a525e4eed38fa75d132d6dc64699336876,"{""distance"":3,""physical_error_rate"":0.0001}","{""detection_events"":3117,""detectors_checked"":11667456}"
    214016,         0,         0,    8.37,decoder_by_matrix,beec9fd12293a9cfe53c9b61fb8ce2a525e4eed38fa75d132d6dc64699336876,"{""distance"":3,""physical_error_rate"":0.0001}","{""detection_events"":3159,""detectors_checked"":11556864}"
    211968,         0,         0,    7.84,decoder_by_matrix,beec9fd12293a9cfe53c9b61fb8ce2a525e4eed38fa75d132d6dc64699336876,"{""distance"":3,""physical_error_rate"":0.0001}","{""detection_events"":2994,""detectors_checked"":11446272}"
    218112,         0,         0,    8.32,decoder_by_matrix,beec9fd12293a9cfe53c9b61fb8ce2a525e4eed38fa75d132d6dc64699336876,"{""distance"":3,""physical_error_rate"":0.0001}","{""detection_events"":3243,""detectors_checked"":11778048}"
    217088,         0,         0,    8.43,decoder_by_matrix,beec9fd12293a9cfe53c9b61fb8ce2a525e4eed38fa75d132d6dc64699336876,"{""distance"":3,""physical_error_rate"":0.0001}","{""detection_events"":3159,""detectors_checked"":11722752}"
    212992,         0,         0,    8.34,decoder_by_matrix,beec9fd12293a9cfe53c9b61fb8ce2a525e4eed38fa75d132d6dc64699336876,"{""distance"":3,""physical_error_rate"":0.0001}","{""detection_events"":3135,""detectors_checked"":11501568}"
   3107840,         3,         0,   117.2,decoder_by_matrix,beec9fd12293a9cfe53c9b61fb8ce2a525e4eed38fa75d132d6dc64699336876,"{""distance"":3,""physical_error_rate"":0.0001}","{""detection_events"":43971,""detectors_checked"":167823360,""obs_mistake_mask=E"":3}"
   3090432,         3,         0,   116.4,decoder_by_matrix,beec9fd12293a9cfe53c9b61fb8ce2a525e4eed38fa75d132d6dc64699336876,"{""distance"":3,""physical_error_rate"":0.0001}","{""detection_events"":44784,""detectors_checked"":166883328,""obs_mistake_mask=E"":3}"
   3058688,         5,         0,   117.5,decoder_by_matrix,beec9fd12293a9cfe53c9b61fb8ce2a525e4eed38fa75d132d6dc64699336876,"{""distance"":3,""physical_error_rate"":0.0001}","{""detection_events"":45441,""detectors_checked"":165169152,""obs_mistake_mask=E"":5}"
   3061760,         2,         0,   116.6,decoder_by_matrix,beec9fd12293a9cfe53c9b61fb8ce2a525e4eed38fa75d132d6dc64699336876,"{""distance"":3,""physical_error_rate"":0.0001}","{""detection_events"":45606,""detectors_checked"":165335040,""obs_mistake_mask=E"":2}"
   3051520,         1,         0,   116.8,decoder_by_matrix,beec9fd12293a9cfe53c9b61fb8ce2a525e4eed38fa75d132d6dc64699336876,"{""distance"":3,""physical_error_rate"":0.0001}","{""detection_events"":45270,""detectors_checked"":164782080,""obs_mistake_mask=E"":1}"
    299008,         0,         0,    11.4,decoder_by_matrix,beec9fd12293a9cfe53c9b61fb8ce2a525e4eed38fa75d132d6dc64699336876,"{""distance"":3,""physical_error_rate"":0.0001}","{""detection_events"":4623,""detectors_checked"":16146432}"
    305152,         0,         0,    11.2,decoder_by_matrix,beec9fd12293a9cfe53c9b61fb8ce2a525e4eed38fa75d132d6dc64699336876,"{""distance"":3,""physical_error_rate"":0.0001}","{""detection_events"":4389,""detectors_checked"":16478208}"
    307200,         0,         0,    11.5,decoder_by_matrix,beec9fd12293a9cfe53c9b61fb8ce2a525e4eed38fa75d132d6dc64699336876,"{""distance"":3,""physical_error_rate"":0.0001}","{""detection_events"":4431,""detectors_checked"":16588800}"
    304128,         0,         0,    11.2,decoder_by_matrix,beec9fd12293a9cfe53c9b61fb8ce2a525e4eed38fa75d132d6dc64699336876,"{""distance"":3,""physical_error_rate"":0.0001}","{""detection_events"":4314,""detectors_checked"":16422912}"
    300032,         0,         0,    11.7,decoder_by_matrix,beec9fd12293a9cfe53c9b61fb8ce2a525e4eed38fa75d132d6dc64699336876,"{""distance"":3,""physical_error_rate"":0.0001}","{""detection_events"":4425,""detectors_checked"":16201728}"
    296960,         0,         0,    11.5,decoder_by_matrix,beec9fd12293a9cfe53c9b61fb8ce2a525e4eed38fa75d132d6dc64699336876,"{""distance"":3,""physical_error_rate"":0.0001}","{""detection_events"":4335,""detectors_checked"":16035840}"
    295936,         0,         0,    11.4,decoder_by_matrix,beec9fd12293a9cfe53c9b61fb8ce2a525e4eed38fa75d132d6dc64699336876,"{""distance"":3,""physical_error_rate"":0.0001}","{""detection_events"":4080,""detectors_checked"":15980544}"
    300032,         0,         0,    11.4,decoder_by_matrix,beec9fd12293a9cfe53c9b61fb8ce2a525e4eed38fa75d132d6dc64699336876,"{""distance"":3,""physical_error_rate"":0.0001}","{""detection_events"":4374,""detectors_checked"":16201728}"
    307200,         0,         0,    11.3,decoder_by_matrix,beec9fd12293a9cfe53c9b61fb8ce2a525e4eed38fa75d132d6dc64699336876,"{""distance"":3,""physical_error_rate"":0.0001}","{""detection_events"":4440,""detectors_checked"":16588800}"
    302080,         0,         0,    11.8,decoder_by_matrix,beec9fd12293a9cfe53c9b61fb8ce2a525e4eed38fa75d132d6dc64699336876,"{""distance"":3,""physical_error_rate"":0.0001}","{""detection_events"":4383,""detectors_checked"":16312320}"
    302080,         0,         0,    11.4,decoder_by_matrix,beec9fd12293a9cfe53c9b61fb8ce2a525e4eed38fa75d132d6dc64699336876,"{""distance"":3,""physical_error_rate"":0.0001}","{""detection_events"":4311,""detectors_checked"":16312320}"
    303104,         0,         0,    11.6,decoder_by_matrix,beec9fd12293a9cfe53c9b61fb8ce2a525e4eed38fa75d132d6dc64699336876,"{""distance"":3,""physical_error_rate"":0.0001}","{""detection_events"":4665,""detectors_checked"":16367616}"
    311296,         0,         0,    11.6,decoder_by_matrix,beec9fd12293a9cfe53c9b61fb8ce2a525e4eed38fa75d132d6dc64699336876,"{""distance"":3,""physical_error_rate"":0.0001}","{""detection_events"":4461,""detectors_checked"":16809984}"
    299008,         0,         0,    11.4,decoder_by_matrix,beec9fd12293a9cfe53c9b61fb8ce2a525e4eed38fa75d132d6dc64699336876,"{""distance"":3,""physical_error_rate"":0.0001}","{""detection_events"":4344,""detectors_checked"":16146432}"
    300032,         0,         0,    11.5,decoder_by_matrix,beec9fd12293a9cfe53c9b61fb8ce2a525e4eed38fa75d132d6dc64699336876,"{""distance"":3,""physical_error_rate"":0.0001}","{""detection_events"":4758,""detectors_checked"":16201728}"
    302080,         0,         0,    11.6,decoder_by_matrix,beec9fd12293a9cfe53c9b61fb8ce2a525e4eed38fa75d132d6dc64699336876,"{""distance"":3,""physical_error_rate"":0.0001}","{""detection_events"":4332,""detectors_checked"":16312320}"
   3090432,         2,         0,   118.0,decoder_by_matrix,beec9fd12293a9cfe53c9b61fb8ce2a525e4eed38fa75d132d6dc64699336876,"{""distance"":3,""physical_error_rate"":0.0001}","{""detection_events"":44196,""detectors_checked"":166883328,""obs_mistake_mask=E"":2}"
   3067904,         3,         0,   116.0,decoder_by_matrix,beec9fd12293a9cfe53c9b61fb8ce2a525e4eed38fa75d132d6dc64699336876,"{""distance"":3,""physical_error_rate"":0.0001}","{""detection_events"":45420,""detectors_checked"":165666816,""obs_mistake_mask=E"":3}"
    418816,         0,         0,    16.1,decoder_by_matrix,beec9fd12293a9cfe53c9b61fb8ce2a525e4eed38fa75d132d6dc64699336876,"{""distance"":3,""physical_error_rate"":0.0001}","{""detection_events"":6399,""detectors_checked"":22616064}"
    418816,         1,         0,    16.1,decoder_by_matrix,beec9fd12293a9cfe53c9b61fb8ce2a525e4eed38fa75d132d6dc64699336876,"{""distance"":3,""physical_error_rate"":0.0001}","{""detection_events"":6207,""detectors_checked"":22616064,""obs_mistake_mask=E"":1}"
    420864,         0,         0,    16.1,decoder_by_matrix,beec9fd12293a9cfe53c9b61fb8ce2a525e4eed38fa75d132d6dc64699336876,"{""distance"":3,""physical_error_rate"":0.0001}","{""detection_events"":6273,""detectors_checked"":22726656}"
    434176,         0,         0,    15.9,decoder_by_matrix,beec9fd12293a9cfe53c9b61fb8ce2a525e4eed38fa75d132d6dc64699336876,"{""distance"":3,""physical_error_rate"":0.0001}","{""detection_events"":6327,""detectors_checked"":23445504}"
    406528,         0,         0,    15.7,decoder_by_matrix,beec9fd12293a9cfe53c9b61fb8ce2a525e4eed38fa75d132d6dc64699336876,"{""distance"":3,""physical_error_rate"":0.0001}","{""detection_events"":6375,""detectors_checked"":21952512}"
    409600,         2,         0,    16.0,decoder_by_matrix,beec9fd12293a9cfe53c9b61fb8ce2a525e4eed38fa75d132d6dc64699336876,"{""distance"":3,""physical_error_rate"":0.0001}","{""detection_events"":5820,""detectors_checked"":22118400,""obs_mistake_mask=E"":2}"
    424960,         0,         0,    16.1,decoder_by_matrix,beec9fd12293a9cfe53c9b61fb8ce2a525e4eed38fa75d132d6dc64699336876,"{""distance"":3,""physical_error_rate"":0.0001}","{""detection_events"":6054,""detectors_checked"":22947840}"
    418816,         2,         0,    16.3,decoder_by_matrix,beec9fd12293a9cfe53c9b61fb8ce2a525e4eed38fa75d132d6dc64699336876,"{""distance"":3,""physical_error_rate"":0.0001}","{""detection_events"":6282,""detectors_checked"":22616064,""obs_mistake_mask=E"":2}"
    421888,         1,         0,    16.0,decoder_by_matrix,beec9fd12293a9cfe53c9b61fb8ce2a525e4eed38fa75d132d6dc64699336876,"{""distance"":3,""physical_error_rate"":0.0001}","{""detection_events"":5973,""detectors_checked"":22781952,""obs_mistake_mask=E"":1}"
    429056,         0,         0,    16.0,decoder_by_matrix,beec9fd12293a9cfe53c9b61fb8ce2a525e4eed38fa75d132d6dc64699336876,"{""distance"":3,""physical_error_rate"":0.0001}","{""detection_events"":6234,""detectors_checked"":23169024}"
    430080,         0,         0,    16.2,decoder_by_matrix,beec9fd12293a9cfe53c9b61fb8ce2a525e4eed38fa75d132d6dc64699336876,"{""distance"":3,""physical_error_rate"":0.0001}","{""detection_events"":6309,""detectors_checked"":23224320}"
    427008,         0,         0,    16.0,decoder_by_matrix,beec9fd12293a9cfe53c9b61fb8ce2a525e4eed38fa75d132d6dc64699336876,"{""distance"":3,""physical_error_rate"":0.0001}","{""detection_events"":6252,""detectors_checked"":23058432}"
    419840,         0,         0,    16.5,decoder_by_matrix,beec9fd12293a9cfe53c9b61fb8ce2a525e4eed38fa75d132d6dc64699336876,"{""distance"":3,""physical_error_rate"":0.0001}","{""detection_events"":6318,""detectors_checked"":22671360}"
    421888,         0,         0,    16.3,decoder_by_matrix,beec9fd12293a9cfe53c9b61fb8ce2a525e4eed38fa75d132d6dc64699336876,"{""distance"":3,""physical_error_rate"":0.0001}","{""detection_events"":6303,""detectors_checked"":22781952}"
    428032,         0,         0,    15.8,decoder_by_matrix,beec9fd12293a9cfe53c9b61fb8ce2a525e4eed38fa75d132d6dc64699336876,"{""distance"":3,""physical_error_rate"":0.0001}","{""detection_events"":6357,""detectors_checked"":23113728}"
    417792,         0,         0,    16.2,decoder_by_matrix,beec9fd12293a9cfe53c9b61fb8ce2a525e4eed38fa75d132d6dc64699336876,"{""distance"":3,""physical_error_rate"":0.0001}","{""detection_events"":6234,""detectors_checked"":22560768}"
   3078144,         2,         0,   117.7,decoder_by_matrix,beec9fd12293a9cfe53c9b61fb8ce2a525e4eed38fa75d132d6dc64699336876,"{""distance"":3,""physical_error_rate"":0.0001}","{""detection_events"":44586,""detectors_checked"":166219776,""obs_mistake_mask=E"":2}"
   3104768,         2,         0,   117.6,decoder_by_matrix,beec9fd12293a9cfe53c9b61fb8ce2a525e4eed38fa75d132d6dc64699336876,"{""distance"":3,""physical_error_rate"":0.0001}","{""detection_events"":45576,""detectors_checked"":167657472,""obs_mistake_mask=E"":2}"
    581632,         1,         0,    22.8,decoder_by_matrix,beec9fd12293a9cfe53c9b61fb8ce2a525e4eed38fa75d132d6dc64699336876,"{""distance"":3,""physical_error_rate"":0.0001}","{""detection_events"":9102,""detectors_checked"":31408128,""obs_mistake_mask=E"":1}"
    585728,         1,         0,    22.5,decoder_by_matrix,beec9fd12293a9cfe53c9b61fb8ce2a525e4eed38fa75d132d6dc64699336876,"{""distance"":3,""physical_error_rate"":0.0001}","{""detection_events"":8985,""detectors_checked"":31629312,""obs_mistake_mask=E"":1}"
    586752,         0,         0,    22.4,decoder_by_matrix,beec9fd12293a9cfe53c9b61fb8ce2a525e4eed38fa75d132d6dc64699336876,"{""distance"":3,""physical_error_rate"":0.0001}","{""detection_events"":8682,""detectors_checked"":31684608}"
    594944,         1,         0,    22.2,decoder_by_matrix,beec9fd12293a9cfe53c9b61fb8ce2a525e4eed38fa75d132d6dc64699336876,"{""distance"":3,""physical_error_rate"":0.0001}","{""detection_events"":8220,""detectors_checked"":32126976,""obs_mistake_mask=E"":1}"
    587776,         0,         0,    22.9,decoder_by_matrix,beec9fd12293a9cfe53c9b61fb8ce2a525e4eed38fa75d132d6dc64699336876,"{""distance"":3,""physical_error_rate"":0.0001}","{""detection_events"":8844,""detectors_checked"":31739904}"
    579584,         1,         0,    22.6,decoder_by_matrix,beec9fd12293a9cfe53c9b61fb8ce2a525e4eed38fa75d132d6dc64699336876,"{""distance"":3,""physical_error_rate"":0.0001}","{""detection_events"":8901,""detectors_checked"":31297536,""obs_mistake_mask=E"":1}"
    573440,         1,         0,    22.3,decoder_by_matrix,beec9fd12293a9cfe53c9b61fb8ce2a525e4eed38fa75d132d6dc64699336876,"{""distance"":3,""physical_error_rate"":0.0001}","{""detection_events"":9096,""detectors_checked"":30965760,""obs_mistake_mask=E"":1}"
    598016,         0,         0,    22.7,decoder_by_matrix,beec9fd12293a9cfe53c9b61fb8ce2a525e4eed38fa75d132d6dc64699336876,"{""distance"":3,""physical_error_rate"":0.0001}","{""detection_events"":8934,""detectors_checked"":32292864}"
    587776,         0,         0,    22.6,decoder_by_matrix,beec9fd12293a9cfe53c9b61fb8ce2a525e4eed38fa75d132d6dc64699336876,"{""distance"":3,""physical_error_rate"":0.0001}","{""detection_events"":7872,""detectors_checked"":31739904}"
    584704,         1,         0,    22.7,decoder_by_matrix,beec9fd12293a9cfe53c9b61fb8ce2a525e4eed38fa75d132d6dc64699336876,"{""distance"":3,""physical_error_rate"":0.0001}","{""detection_events"":8859,""detectors_checked"":31574016,""obs_mistake_mask=E"":1}"
    589824,         1,         0,    22.5,decoder_by_matrix,beec9fd12293a9cfe53c9b61fb8ce2a525e4eed38fa75d132d6dc64699336876,"{""distance"":3,""physical_error_rate"":0.0001}","{""detection_events"":8328,""detectors_checked"":31850496,""obs_mistake_mask=E"":1}"
    598016,         1,         0,    22.6,decoder_by_matrix,beec9fd12293a9cfe53c9b61fb8ce2a525e4eed38fa75d132d6dc64699336876,"{""distance"":3,""physical_error_rate"":0.0001}","{""detection_events"":8949,""detectors_checked"":32292864,""obs_mistake_mask=E"":1}"
    581632,         0,         0,    22.5,decoder_by_matrix,beec9fd12293a9cfe53c9b61fb8ce2a525e4eed38fa75d132d6dc64699336876,"{""distance"":3,""physical_error_rate"":0.0001}","{""detection_events"":8745,""detectors_checked"":31408128}"
    588800,         0,         0,    22.6,decoder_by_matrix,beec9fd12293a9cfe53c9b61fb8ce2a525e4eed38fa75d132d6dc64699336876,"{""distance"":3,""physical_error_rate"":0.0001}","{""detection_events"":8469,""detectors_checked"":31795200}"
    594944,         0,         0,    21.5,decoder_by_matrix,beec9fd12293a9cfe53c9b61fb8ce2a525e4eed38fa75d132d6dc64699336876,"{""distance"":3,""physical_error_rate"":0.0001}","{""detection_events"":8568,""detectors_checked"":32126976}"
    585728,         0,         0,    22.6,decoder_by_matrix,beec9fd12293a9cfe53c9b61fb8ce2a525e4eed38fa75d132d6dc64699336876,"{""distance"":3,""physical_error_rate"":0.0001}","{""detection_events"":9072,""detectors_checked"":31629312}"
   3080192,         3,         0,   117.1,decoder_by_matrix,beec9fd12293a9cfe53c9b61fb8ce2a525e4eed38fa75d132d6dc64699336876,"{""distance"":3,""physical_error_rate"":0.0001}","{""detection_events"":45426,""detectors_checked"":166330368,""obs_mistake_mask=E"":3}"
   3100672,         3,         0,   116.2,decoder_by_matrix,beec9fd12293a9cfe53c9b61fb8ce2a525e4eed38fa75d132d6dc64699336876,"{""distance"":3,""physical_error_rate"":0.0001}","{""detection_events"":44523,""detectors_checked"":167436288,""obs_mistake_mask=E"":3}"
   3067904,         1,         0,   118.0,decoder_by_matrix,beec9fd12293a9cfe53c9b61fb8ce2a525e4eed38fa75d132d6dc64699336876,"{""distance"":3,""physical_error_rate"":0.0001}","{""detection_events"":45108,""detectors_checked"":165666816,""obs_mistake_mask=E"":1}"
   3105792,         0,         0,   116.9,decoder_by_matrix,beec9fd12293a9cfe53c9b61fb8ce2a525e4eed38fa75d132d6dc64699336876,"{""distance"":3,""physical_error_rate"":0.0001}","{""detection_events"":44976,""detectors_checked"":167712768}"
   3073024,         2,         0,   117.2,decoder_by_matrix,beec9fd12293a9cfe53c9b61fb8ce2a525e4eed38fa75d132d6dc64699336876,"{""distance"":3,""physical_error_rate"":0.0001}","{""detection_events"":45000,""detectors_checked"":165943296,""obs_mistake_mask=E"":2}"
   3093504,         1,         0,   117.8,decoder_by_matrix,beec9fd12293a9cfe53c9b61fb8ce2a525e4eed38fa75d132d6dc64699336876,"{""distance"":3,""physical_error_rate"":0.0001}","{""detection_events"":45771,""detectors_checked"":167049216,""obs_mistake_mask=E"":1}"
   3094528,         3,         0,   117.6,decoder_by_matrix,beec9fd12293a9cfe53c9b61fb8ce2a525e4eed38fa75d132d6dc64699336876,"{""distance"":3,""physical_error_rate"":0.0001}","{""detection_events"":44895,""detectors_checked"":167104512,""obs_mistake_mask=E"":3}"
    817152,         2,         0,    31.7,decoder_by_matrix,beec9fd12293a9cfe53c9b61fb8ce2a525e4eed38fa75d132d6dc64699336876,"{""distance"":3,""physical_error_rate"":0.0001}","{""detection_events"":11415,""detectors_checked"":44126208,""obs_mistake_mask=E"":2}"
    821248,         3,         0,    31.2,decoder_by_matrix,beec9fd12293a9cfe53c9b61fb8ce2a525e4eed38fa75d132d6dc64699336876,"{""distance"":3,""physical_error_rate"":0.0001}","{""detection_events"":11808,""detectors_checked"":44347392,""obs_mistake_mask=E"":3}"
    822272,         0,         0,    31.9,decoder_by_matrix,beec9fd12293a9cfe53c9b61fb8ce2a525e4eed38fa75d132d6dc64699336876,"{""distance"":3,""physical_error_rate"":0.0001}","{""detection_events"":11685,""detectors_checked"":44402688}"
    797696,         0,         0,    31.6,decoder_by_matrix,beec9fd12293a9cfe53c9b61fb8ce2a525e4eed38fa75d132d6dc64699336876,"{""distance"":3,""physical_error_rate"":0.0001}","{""detection_events"":12192,""detectors_checked"":43075584}"
    814080,         0,         0,    31.0,decoder_by_matrix,beec9fd12293a9cfe53c9b61fb8ce2a525e4eed38fa75d132d6dc64699336876,"{""distance"":3,""physical_error_rate"":0.0001}","{""detection_events"":11829,""detectors_checked"":43960320}"
    812032,         0,         0,    32.0,decoder_by_matrix,beec9fd12293a9cfe53c9b61fb8ce2a525e4eed38fa75d132d6dc64699336876,"{""distance"":3,""physical_error_rate"":0.0001}","{""detection_events"":11742,""detectors_checked"":43849728}"
    828416,         0,         0,    31.2,decoder_by_matrix,beec9fd12293a9cfe53c9b61fb8ce2a525e4eed38fa75d132d6dc64699336876,"{""distance"":3,""physical_error_rate"":0.0001}","{""detection_events"":12471,""detectors_checked"":44734464}"
    828416,         0,         0,    31.4,decoder_by_matrix,beec9fd12293a9cfe53c9b61fb8ce2a525e4eed38fa75d132d6dc64699336876,"{""distance"":3,""physical_error_rate"":0.0001}","{""detection_events"":11883,""detectors_checked"":44734464}"
    830464,         1,         0,    31.1,decoder_by_matrix,beec9fd12293a9cfe53c9b61fb8ce2a525e4eed38fa75d132d6dc64699336876,"{""distance"":3,""physical_error_rate"":0.0001}","{""detection_events"":12111,""detectors_checked"":44845056,""obs_mistake_mask=E"":1}"
    820224,         0,         0,    31.5,decoder_by_matrix,beec9fd12293a9cfe53c9b61fb8ce2a525e4eed38fa75d132d6dc64699336876,"{""distance"":3,""physical_error_rate"":0.0001}","{""detection_events"":12111,""detectors_checked"":44292096}"
    820224,         1,         0,    31.3,decoder_by_matrix,beec9fd12293a9cfe53c9b61fb8ce2a525e4eed38fa75d132d6dc64699336876,"{""distance"":3,""physical_error_rate"":0.0001}","{""detection_events"":11928,""detectors_checked"":44292096,""obs_mistake_mask=E"":1}"
    821248,         0,         0,    31.4,decoder_by_matrix,beec9fd12293a9cfe53c9b61fb8ce2a525e4eed38fa75d132d6dc64699336876,"{""distance"":3,""physical_error_rate"":0.0001}","{""detection_events"":12564,""detectors_checked"":44347392}"
    833536,         0,         0,    31.0,decoder_by_matrix,beec9fd12293a9cfe53c9b61fb8ce2a525e4eed38fa75d132d6dc64699336876,"{""distance"":3,""physical_error_rate"":0.0001}","{""detection_events"":12000,""detectors_checked"":45010944}"
    831488,         3,         0,    31.3,decoder_by_matrix,beec9fd12293a9cfe53c9b61fb8ce2a525e4eed38fa75d132d6dc64699336876,"{""distance"":3,""physical_error_rate"":0.0001}","{""detection_events"":12408,""detectors_checked"":44900352,""obs_mistake_mask=E"":3}"
    833536,         3,         0,    31.2,decoder_by_matrix,beec9fd12293a9cfe53c9b61fb8ce2a525e4eed38fa75d132d6dc64699336876,"{""distance"":3,""physical_error_rate"":0.0001}","{""detection_events"":11556,""detectors_checked"":45010944,""obs_mistake_mask=E"":3}"
    828416,         0,         0,    31.6,decoder_by_matrix,beec9fd12293a9cfe53c9b61fb8ce2a525e4eed38fa75d132d6dc64699336876,"{""distance"":3,""physical_error_rate"":0.0001}","{""detection_events"":11856,""detectors_checked"":44734464}"
   2613759,         1,         0,    99.2,decoder_by_matrix,beec9fd12293a9cfe53c9b61fb8ce2a525e4eed38fa75d132d6dc64699336876,"{""distance"":3,""physical_error_rate"":0.0001}","{""detection_events"":38013,""detectors_checked"":141142986,""obs_mistake_mask=E"":1}"
   2638708,         3,         0,    99.2,decoder_by_matrix,beec9fd12293a9cfe53c9b61fb8ce2a525e4eed38fa75d132d6dc64699336876,"{""distance"":3,""physical_error_rate"":0.0001}","{""detection_events"":38244,""detectors_checked"":142490232,""obs_mistake_mask=E"":3}"
   2627584,         2,         0,    99.7,decoder_by_matrix,beec9fd12293a9cfe53c9b61fb8ce2a525e4eed38fa75d132d6dc64699336876,"{""distance"":3,""physical_error_rate"":0.0001}","{""detection_events"":37590,""detectors_checked"":141889536,""obs_mistake_mask=E"":2}"
   2614272,         3,         0,   100.2,decoder_by_matrix,beec9fd12293a9cfe53c9b61fb8ce2a525e4eed38fa75d132d6dc64699336876,"{""distance"":3,""physical_error_rate"":0.0001}","{""detection_events"":38844,""detectors_checked"":141170688,""obs_mistake_mask=E"":3}"
   2628608,         1,         0,    99.6,decoder_by_matrix,beec9fd12293a9cfe53c9b61fb8ce2a525e4eed38fa75d132d6dc64699336876,"{""distance"":3,""physical_error_rate"":0.0001}","{""detection_events"":38139,""detectors_checked"":141944832,""obs_mistake_mask=E"":1}"
   2556267,         3,         0,    96.5,decoder_by_matrix,beec9fd12293a9cfe53c9b61fb8ce2a525e4eed38fa75d132d6dc64699336876,"{""distance"":3,""physical_error_rate"":0.0001}","{""detection_events"":37611,""detectors_checked"":138038418,""obs_mistake_mask=E"":3}"
   2529280,         1,         0,    97.1,decoder_by_matrix,beec9fd12293a9cfe53c9b61fb8ce2a525e4eed38fa75d132d6dc64699336876,"{""distance"":3,""physical_error_rate"":0.0001}","{""detection_events"":37080,""detectors_checked"":136581120,""obs_mistake_mask=E"":1}"
   1147904,         0,         0,    43.9,decoder_by_matrix,beec9fd12293a9cfe53c9b61fb8ce2a525e4eed38fa75d132d6dc64699336876,"{""distance"":3,""physical_error_rate"":0.0001}","{""detection_events"":17199,""detectors_checked"":61986816}"
   1153024,         1,         0,    43.8,decoder_by_matrix,beec9fd12293a9cfe53c9b61fb8ce2a525e4eed38fa75d132d6dc64699336876,"{""distance"":3,""physical_error_rate"":0.0001}","{""detection_events"":17010,""detectors_checked"":62263296,""obs_mistake_mask=E"":1}"
   1158144,         0,         0,    43.9,decoder_by_matrix,beec9fd12293a9cfe53c9b61fb8ce2a525e4eed38fa75d132d6dc64699336876,"{""distance"":3,""physical_error_rate"":0.0001}","{""detection_events"":16998,""detectors_checked"":62539776}"
   1169408,         2,         0,    43.3,decoder_by_matrix,beec9fd12293a9cfe53c9b61fb8ce2a525e4eed38fa75d132d6dc64699336876,"{""distance"":3,""physical_error_rate"":0.0001}","{""detection_events"":16488,""detectors_checked"":63148032,""obs_mistake_mask=E"":2}"
   1175552,         0,         0,    43.0,decoder_by_matrix,beec9fd12293a9cfe53c9b61fb8ce2a525e4eed38fa75d132d6dc64699336876,"{""distance"":3,""physical_error_rate"":0.0001}","{""detection_events"":16908,""detectors_checked"":63479808}"
   1157120,         0,         0,    43.7,decoder_by_matrix,beec9fd12293a9cfe53c9b61fb8ce2a525e4eed38fa75d132d6dc64699336876,"{""distance"":3,""physical_error_rate"":0.0001}","{""detection_events"":16986,""detectors_checked"":62484480}"
   1139712,         2,         0,    44.2,decoder_by_matrix,beec9fd12293a9cfe53c9b61fb8ce2a525e4eed38fa75d132d6dc64699336876,"{""distance"":3,""physical_error_rate"":0.0001}","{""detection_events"":16587,""detectors_checked"":61544448,""obs_mistake_mask=E"":2}"
   1126400,         0,         0,    44.7,decoder_by_matrix,beec9fd12293a9cfe53c9b61fb8ce2a525e4eed38fa75d132d6dc64699336876,"{""distance"":3,""physical_error_rate"":0.0001}","{""detection_events"":17256,""detectors_checked"":60825600}"
   1159168,         1,         0,    43.9,decoder_by_matrix,beec9fd12293a9cfe53c9b61fb8ce2a525e4eed38fa75d132d6dc64699336876,"{""distance"":3,""physical_error_rate"":0.0001}","{""detection_events"":17166,""detectors_checked"":62595072,""obs_mistake_mask=E"":1}"
   1168384,         0,         0,    44.1,decoder_by_matrix,beec9fd12293a9cfe53c9b61fb8ce2a525e4eed38fa75d132d6dc64699336876,"{""distance"":3,""physical_error_rate"":0.0001}","{""detection_events"":16602,""detectors_checked"":63092736}"
   1150976,         1,         0,    44.6,decoder_by_matrix,beec9fd12293a9cfe53c9b61fb8ce2a525e4eed38fa75d132d6dc64699336876,"{""distance"":3,""physical_error_rate"":0.0001}","{""detection_events"":17310,""detectors_checked"":62152704,""obs_mistake_mask=E"":1}"
   1168384,         1,         0,    43.5,decoder_by_matrix,beec9fd12293a9cfe53c9b61fb8ce2a525e4eed38fa75d132d6dc64699336876,"{""distance"":3,""physical_error_rate"":0.0001}","{""detection_events"":16662,""detectors_checked"":63092736,""obs_mistake_mask=E"":1}"
   1149952,         2,         0,    44.1,decoder_by_matrix,beec9fd12293a9cfe53c9b61fb8ce2a525e4eed38fa75d132d6dc64699336876,"{""distance"":3,""physical_error_rate"":0.0001}","{""detection_events"":16521,""detectors_checked"":62097408,""obs_mistake_mask=E"":2}"
   1143808,         2,         0,    43.8,decoder_by_matrix,beec9fd12293a9cfe53c9b61fb8ce2a525e4eed38fa75d132d6dc64699336876,"{""distance"":3,""physical_error_rate"":0.0001}","{""detection_events"":16803,""detectors_checked"":61765632,""obs_mistake_mask=E"":2}"
   1163264,         0,         0,    44.7,decoder_by_matrix,beec9fd12293a9cfe53c9b61fb8ce2a525e4eed38fa75d132d6dc64699336876,"{""distance"":3,""physical_error_rate"":0.0001}","{""detection_events"":16593,""detectors_checked"":62816256}"
   1159168,         0,         0,    43.8,decoder_by_matrix,beec9fd12293a9cfe53c9b61fb8ce2a525e4eed38fa75d132d6dc64699336876,"{""distance"":3,""physical_error_rate"":0.0001}","{""detection_events"":15774,""detectors_checked"":62595072}"
   2230432,         6,         0,    84.4,decoder_by_matrix,beec9fd12293a9cfe53c9b61fb8ce2a525e4eed38fa75d132d6dc64699336876,"{""distance"":3,""physical_error_rate"":0.0001}","{""detection_events"":32295,""detectors_checked"":120443328,""obs_mistake_mask=E"":6}"
   2226176,         3,         0,    85.4,decoder_by_matrix,beec9fd12293a9cfe53c9b61fb8ce2a525e4eed38fa75d132d6dc64699336876,"{""distance"":3,""physical_error_rate"":0.0001}","{""detection_events"":32847,""detectors_checked"":120213504,""obs_mistake_mask=E"":3}"
   1748992,         0,         0,    67.2,decoder_by_matrix,beec9fd12293a9cfe53c9b61fb8ce2a525e4eed38fa75d132d6dc64699336876,"{""distance"":3,""physical_error_rate"":0.0001}","{""detection_events"":25323,""detectors_checked"":94445568}"
   1781760,         1,         0,    67.7,decoder_by_matrix,beec9fd12293a9cfe53c9b61fb8ce2a525e4eed38fa75d132d6dc64699336876,"{""distance"":3,""physical_error_rate"":0.0001}","{""detection_events"":25335,""detectors_checked"":96215040,""obs_mistake_mask=E"":1}"
   1633280,         0,         0,    61.4,decoder_by_matrix,beec9fd12293a9cfe53c9b61fb8ce2a525e4eed38fa75d132d6dc64699336876,"{""distance"":3,""physical_error_rate"":0.0001}","{""detection_events"":22947,""detectors_checked"":88197120}"
   1600512,         1,         0,    61.1,decoder_by_matrix,beec9fd12293a9cfe53c9b61fb8ce2a525e4eed38fa75d132d6dc64699336876,"{""distance"":3,""physical_error_rate"":0.0001}","{""detection_events"":23307,""detectors_checked"":86427648,""obs_mistake_mask=E"":1}"
   1776640,         1,         0,    66.9,decoder_by_matrix,beec9fd12293a9cfe53c9b61fb8ce2a525e4eed38fa75d132d6dc64699336876,"{""distance"":3,""physical_error_rate"":0.0001}","{""detection_events"":25353,""detectors_checked"":95938560,""obs_mistake_mask=E"":1}"
   1590272,         3,         0,    60.4,decoder_by_matrix,beec9fd12293a9cfe53c9b61fb8ce2a525e4eed38fa75d132d6dc64699336876,"{""distance"":3,""physical_error_rate"":0.0001}","{""detection_events"":24390,""detectors_checked"":85874688,""obs_mistake_mask=E"":3}"
   1638400,         1,         0,    61.1,decoder_by_matrix,beec9fd12293a9cfe53c9b61fb8ce2a525e4eed38fa75d132d6dc64699336876,"{""distance"":3,""physical_error_rate"":0.0001}","{""detection_events"":23748,""detectors_checked"":88473600,""obs_mistake_mask=E"":1}"
    481440,         0,         0,    17.9,decoder_by_matrix,beec9fd12293a9cfe53c9b61fb8ce2a525e4eed38fa75d132d6dc64699336876,"{""distance"":3,""physical_error_rate"":0.0001}","{""detection_events"":6849,""detectors_checked"":25997760}"
   1051446,         0,         0,    39.0,decoder_by_matrix,beec9fd12293a9cfe53c9b61fb8ce2a525e4eed38fa75d132d6dc64699336876,"{""distance"":3,""physical_error_rate"":0.0001}","{""detection_events"":15228,""detectors_checked"":56778084}"
   1018588,         0,         0,    38.4,decoder_by_matrix,beec9fd12293a9cfe53c9b61fb8ce2a525e4eed38fa75d132d6dc64699336876,"{""distance"":3,""physical_error_rate"":0.0001}","{""detection_events"":14715,""detectors_checked"":55003752}"
   1028096,         0,         0,    39.2,decoder_by_matrix,beec9fd12293a9cfe53c9b61fb8ce2a525e4eed38fa75d132d6dc64699336876,"{""distance"":3,""physical_error_rate"":0.0001}","{""detection_events"":14346,""detectors_checked"":55517184}"
   1018588,         3,         0,    38.6,decoder_by_matrix,beec9fd12293a9cfe53c9b61fb8ce2a525e4eed38fa75d132d6dc64699336876,"{""distance"":3,""physical_error_rate"":0.0001}","{""detection_events"":15543,""detectors_checked"":55003752,""obs_mistake_mask=E"":3}"
   1016832,         1,         0,    39.0,decoder_by_matrix,beec9fd12293a9cfe53c9b61fb8ce2a525e4eed38fa75d132d6dc64699336876,"{""distance"":3,""physical_error_rate"":0.0001}","{""detection_events"":15153,""detectors_checked"":54908928,""obs_mistake_mask=E"":1}"
    940032,         0,         0,    35.7,decoder_by_matrix,beec9fd12293a9cfe53c9b61fb8ce2a525e4eed38fa75d132d6dc64699336876,"{""distance"":3,""physical_error_rate"":0.0001}","{""detection_events"":13860,""detectors_checked"":50761728}"
    952320,         0,         0,    35.6,decoder_by_matrix,beec9fd12293a9cfe53c9b61fb8ce2a525e4eed38fa75d132d6dc64699336876,"{""distance"":3,""physical_error_rate"":0.0001}","{""detection_events"":13491,""detectors_checked"":51425280}"
    922798,         0,         0,    34.9,decoder_by_matrix,beec9fd12293a9cfe53c9b61fb8ce2a525e4eed38fa75d132d6dc64699336876,"{""distance"":3,""physical_error_rate"":0.0001}","{""detection_events"":13239,""detectors_checked"":49831092}"
    882688,         0,         0,    34.1,decoder_by_matrix,beec9fd12293a9cfe53c9b61fb8ce2a525e4eed38fa75d132d6dc64699336876,"{""distance"":3,""physical_error_rate"":0.0001}","{""detection_events"":12498,""detectors_checked"":47665152}"
    904192,         0,         0,    34.4,decoder_by_matrix,beec9fd12293a9cfe53c9b61fb8ce2a525e4eed38fa75d132d6dc64699336876,"{""distance"":3,""physical_error_rate"":0.0001}","{""detection_events"":13164,""detectors_checked"":48826368}"
    892928,         2,         0,    33.6,decoder_by_matrix,beec9fd12293a9cfe53c9b61fb8ce2a525e4eed38fa75d132d6dc64699336876,"{""distance"":3,""physical_error_rate"":0.0001}","{""detection_events"":12840,""detectors_checked"":48218112,""obs_mistake_mask=E"":2}"
    917504,         1,         0,    34.3,decoder_by_matrix,beec9fd12293a9cfe53c9b61fb8ce2a525e4eed38fa75d132d6dc64699336876,"{""distance"":3,""physical_error_rate"":0.0001}","{""detection_events"":13530,""detectors_checked"":49545216,""obs_mistake_mask=E"":1}"
    913408,         0,         0,    34.7,decoder_by_matrix,beec9fd12293a9cfe53c9b61fb8ce2a525e4eed38fa75d132d6dc64699336876,"{""distance"":3,""physical_error_rate"":0.0001}","{""detection_events"":13059,""detectors_checked"":49324032}"
    883712,         0,         0,    33.8,decoder_by_matrix,beec9fd12293a9cfe53c9b61fb8ce2a525e4eed38fa75d132d6dc64699336876,"{""distance"":3,""physical_error_rate"":0.0001}","{""detection_events"":13608,""detectors_checked"":47720448}"
    904192,         0,         0,    34.9,decoder_by_matrix,beec9fd12293a9cfe53c9b61fb8ce2a525e4eed38fa75d132d6dc64699336876,"{""distance"":3,""physical_error_rate"":0.0001}","{""detection_events"":13452,""detectors_checked"":48826368}"
    867328,         1,         0,    33.2,decoder_by_matrix,beec9fd12293a9cfe53c9b61fb8ce2a525e4eed38fa75d132d6dc64699336876,"{""distance"":3,""physical_error_rate"":0.0001}","{""detection_events"":12762,""detectors_checked"":46835712,""obs_mistake_mask=E"":1}"
    885760,         2,         0,    34.7,decoder_by_matrix,beec9fd12293a9cfe53c9b61fb8ce2a525e4eed38fa75d132d6dc64699336876,"{""distance"":3,""physical_error_rate"":0.0001}","{""detection_events"":13263,""detectors_checked"":47831040,""obs_mistake_mask=E"":2}"
    903168,         0,         0,    33.8,decoder_by_matrix,beec9fd12293a9cfe53c9b61fb8ce2a525e4eed38fa75d132d6dc64699336876,"{""distance"":3,""physical_error_rate"":0.0001}","{""detection_events"":12618,""detectors_checked"":48771072}"
    912384,         0,         0,    35.0,decoder_by_matrix,beec9fd12293a9cfe53c9b61fb8ce2a525e4eed38fa75d132d6dc64699336876,"{""distance"":3,""physical_error_rate"":0.0001}","{""detection_events"":13344,""detectors_checked"":49268736}"
    913408,         0,         0,    34.7,decoder_by_matrix,beec9fd12293a9cfe53c9b61fb8ce2a525e4eed38fa75d132d6dc64699336876,"{""distance"":3,""physical_error_rate"":0.0001}","{""detection_events"":13116,""detectors_checked"":49324032}"
    905216,         0,         0,    34.2,decoder_by_matrix,beec9fd12293a9cfe53c9b61fb8ce2a525e4eed38fa75d132d6dc64699336876,"{""distance"":3,""physical_error_rate"":0.0001}","{""detection_events"":12561,""detectors_checked"":48881664}"
    893952,         1,         0,    33.9,decoder_by_matrix,beec9fd12293a9cfe53c9b61fb8ce2a525e4eed38fa75d132d6dc64699336876,"{""distance"":3,""physical_error_rate"":0.0001}","{""detection_events"":13461,""detectors_checked"":48273408,""obs_mistake_mask=E"":1}"
    881664,         0,         0,    33.4,decoder_by_matrix,beec9fd12293a9cfe53c9b61fb8ce2a525e4eed38fa75d132d6dc64699336876,"{""distance"":3,""physical_error_rate"":0.0001}","{""detection_events"":12699,""detectors_checked"":47609856}"
    893952,         1,         0,    33.4,decoder_by_matrix,beec9fd12293a9cfe53c9b61fb8ce2a525e4eed38fa75d132d6dc64699336876,"{""distance"":3,""physical_error_rate"":0.0001}","{""detection_events"":12660,""detectors_checked"":48273408,""obs_mistake_mask=E"":1}"
    915456,         1,         0,    34.5,decoder_by_matrix,beec9fd12293a9cfe53c9b61fb8ce2a525e4eed38fa75d132d6dc64699336876,"{""distance"":3,""physical_error_rate"":0.0001}","{""detection_events"":13053,""detectors_checked"":49434624,""obs_mistake_mask=E"":1}"
    911360,         0,         0,    34.6,decoder_by_matrix,beec9fd12293a9cfe53c9b61fb8ce2a525e4eed38fa75d132d6dc64699336876,"{""distance"":3,""physical_error_rate"":0.0001}","{""detection_events"":13395,""detectors_checked"":49213440}"
    905216,         1,         0,    34.6,decoder_by_matrix,beec9fd12293a9cfe53c9b61fb8ce2a525e4eed38fa75d132d6dc64699336876,"{""distance"":3,""physical_error_rate"":0.0001}","{""detection_events"":13179,""detectors_checked"":48881664,""obs_mistake_mask=E"":1}"
    913408,         0,         0,    34.7,decoder_by_matrix,beec9fd12293a9cfe53c9b61fb8ce2a525e4eed38fa75d132d6dc64699336876,"{""distance"":3,""physical_error_rate"":0.0001}","{""detection_events"":13248,""detectors_checked"":49324032}"
    916480,         0,         0,    34.7,decoder_by_matrix,beec9fd12293a9cfe53c9b61fb8ce2a525e4eed38fa75d132d6dc64699336876,"{""distance"":3,""physical_error_rate"":0.0001}","{""detection_events"":13341,""detectors_checked"":49489920}"
    905216,         1,         0,    34.9,decoder_by_matrix,beec9fd12293a9cfe53c9b61fb8ce2a525e4eed38fa75d132d6dc64699336876,"{""distance"":3,""physical_error_rate"":0.0001}","{""detection_events"":13392,""detectors_checked"":48881664,""obs_mistake_mask=E"":1}"
    915456,         2,         0,    34.7,decoder_by_matrix,beec9fd12293a9cfe53c9b61fb8ce2a525e4eed38fa75d132d6dc64699336876,"{""distance"":3,""physical_error_rate"":0.0001}","{""detection_events"":13845,""detectors_checked"":49434624,""obs_mistake_mask=E"":2}"
      5294,         0,         0,   0.110,decoder_by_matrix,beec9fd12293a9cfe53c9b61fb8ce2a525e4eed38fa75d132d6dc64699336876,"{""distance"":3,""physical_error_rate"":0.0001}","{""detection_events"":111,""detectors_checked"":285876}"
      9390,         0,         0,   0.162,decoder_by_matrix,beec9fd12293a9cfe53c9b61fb8ce2a525e4eed38fa75d132d6dc64699336876,"{""distance"":3,""physical_error_rate"":0.0001}","{""detection_events"":123,""detectors_checked"":507060}"
    279552,         1,         0,    10.6,decoder_by_matrix,beec9fd12293a9cfe53c9b61fb8ce2a525e4eed38fa75d132d6dc64699336876,"{""distance"":3,""physical_error_rate"":0.0001}","{""detection_events"":4140,""detectors_checked"":15095808,""obs_mistake_mask=E"":1}"
    281600,         0,         0,    10.7,decoder_by_matrix,beec9fd12293a9cfe53c9b61fb8ce2a525e4eed38fa75d132d6dc64699336876,"{""distance"":3,""physical_error_rate"":0.0001}","{""detection_events"":3858,""detectors_checked"":15206400}"
    285696,         0,         0,    10.8,decoder_by_matrix,beec9fd12293a9cfe53c9b61fb8ce2a525e4eed38fa75d132d6dc64699336876,"{""distance"":3,""physical_error_rate"":0.0001}","{""detection_events"":4008,""detectors_checked"":15427584}"
    411648,         1,         0,    15.4,decoder_by_matrix,beec9fd12293a9cfe53c9b61fb8ce2a525e4eed38fa75d132d6dc64699336876,"{""distance"":3,""physical_error_rate"":0.0001}","{""detection_events"":6135,""detectors_checked"":22228992,""obs_mistake_mask=E"":1}"
    288768,         0,         0,    11.0,decoder_by_matrix,beec9fd12293a9cfe53c9b61fb8ce2a525e4eed38fa75d132d6dc64699336876,"{""distance"":3,""physical_error_rate"":0.0001}","{""detection_events"":4602,""detectors_checked"":15593472}"
     11929,         0,         0,   0.379,decoder_by_matrix,beec9fd12293a9cfe53c9b61fb8ce2a525e4eed38fa75d132d6dc64699336876,"{""distance"":3,""physical_error_rate"":0.0001}","{""detection_events"":159,""detectors_checked"":644166}"
     10414,         0,         0,   0.350,decoder_by_matrix,beec9fd12293a9cfe53c9b61fb8ce2a525e4eed38fa75d132d6dc64699336876,"{""distance"":3,""physical_error_rate"":0.0001}","{""detection_events"":159,""detectors_checked"":562356}"
    286720,         0,         0,    10.5,decoder_by_matrix,beec9fd12293a9cfe53c9b61fb8ce2a525e4eed38fa75d132d6dc64699336876,"{""distance"":3,""physical_error_rate"":0.0001}","{""detection_events"":3723,""detectors_checked"":15482880}"
    279552,         0,         0,    10.3,decoder_by_matrix,beec9fd12293a9cfe53c9b61fb8ce2a525e4eed38fa75d132d6dc64699336876,"{""distance"":3,""physical_error_rate"":0.0001}","{""detection_events"":3894,""detectors_checked"":15095808}"
    290816,         0,         0,    10.8,decoder_by_matrix,beec9fd12293a9cfe53c9b61fb8ce2a525e4eed38fa75d132d6dc64699336876,"{""distance"":3,""physical_error_rate"":0.0001}","{""detection_events"":4284,""detectors_checked"":15704064}"
     27042,         0,         0,   0.973,decoder_by_matrix,beec9fd12293a9cfe53c9b61fb8ce2a525e4eed38fa75d132d6dc64699336876,"{""distance"":3,""physical_error_rate"":0.0001}","{""detection_events"":363,""detectors_checked"":1460268}"
     28817,         0,         0,   0.973,decoder_by_matrix,beec9fd12293a9cfe53c9b61fb8ce2a525e4eed38fa75d132d6dc64699336876,"{""distance"":3,""physical_error_rate"":0.0001}","{""detection_events"":432,""detectors_checked"":1556118}"
     70333,         1,         0,    2.56,decoder_by_matrix,beec9fd12293a9cfe53c9b61fb8ce2a525e4eed38fa75d132d6dc64699336876,"{""distance"":3,""physical_error_rate"":0.0001}","{""detection_events"":1098,""detectors_checked"":3797982,""obs_mistake_mask=E"":1}"
     74748,         0,         0,    2.79,decoder_by_matrix,beec9fd12293a9cfe53c9b61fb8ce2a525e4eed38fa75d132d6dc64699336876,"{""distance"":3,""physical_error_rate"":0.0001}","{""detection_events"":1131,""detectors_checked"":4036392}"
     72704,         0,         0,    2.74,decoder_by_matrix,beec9fd12293a9cfe53c9b61fb8ce2a525e4eed38fa75d132d6dc64699336876,"{""distance"":3,""physical_error_rate"":0.0001}","{""detection_events"":837,""detectors_checked"":3926016}"
     72413,         0,         0,    2.64,decoder_by_matrix,beec9fd12293a9cfe53c9b61fb8ce2a525e4eed38fa75d132d6dc64699336876,"{""distance"":3,""physical_error_rate"":0.0001}","{""detection_events"":1122,""detectors_checked"":3910302}"
     72704,         0,         0,    2.80,decoder_by_matrix,beec9fd12293a9cfe53c9b61fb8ce2a525e4eed38fa75d132d6dc64699336876,"{""distance"":3,""physical_error_rate"":0.0001}","{""detection_events"":1041,""detectors_checked"":3926016}"
     72413,         0,         0,    2.39,decoder_by_matrix,beec9fd12293a9cfe53c9b61fb8ce2a525e4eed38fa75d132d6dc64699336876,"{""distance"":3,""physical_error_rate"":0.0001}","{""detection_events"":1233,""detectors_checked"":3910302}"
     72413,         0,         0,    2.79,decoder_by_matrix,beec9fd12293a9cfe53c9b61fb8ce2a525e4eed38fa75d132d6dc64699336876,"{""distance"":3,""physical_error_rate"":0.0001}","{""detection_events"":1074,""detectors_checked"":3910302}"
     73728,         0,         0,    2.79,decoder_by_matrix,beec9fd12293a9cfe53c9b61fb8ce2a525e4eed38fa75d132d6dc64699336876,"{""distance"":3,""physical_error_rate"":0.0001}","{""detection_events"":969,""detectors_checked"":3981312}"
     72413,         0,         0,    2.71,decoder_by_matrix,beec9fd12293a9cfe53c9b61fb8ce2a525e4eed38fa75d132d6dc64699336876,"{""distance"":3,""physical_error_rate"":0.0001}","{""detection_events"":1143,""detectors_checked"":3910302}"
     72413,         0,         0,    2.76,decoder_by_matrix,beec9fd12293a9cfe53c9b61fb8ce2a525e4eed38fa75d132d6dc64699336876,"{""distance"":3,""physical_error_rate"":0.0001}","{""detection_events"":1083,""detectors_checked"":3910302}"
     72704,         0,         0,    2.86,decoder_by_matrix,beec9fd12293a9cfe53c9b61fb8ce2a525e4eed38fa75d132d6dc64699336876,"{""distance"":3,""physical_error_rate"":0.0001}","{""detection_events"":1155,""detectors_checked"":3926016}"
     72704,         0,         0,    2.83,decoder_by_matrix,beec9fd12293a9cfe53c9b61fb8ce2a525e4eed38fa75d132d6dc64699336876,"{""distance"":3,""physical_error_rate"":0.0001}","{""detection_events"":1191,""detectors_checked"":3926016}"
     73728,         0,         0,    2.81,decoder_by_matrix,beec9fd12293a9cfe53c9b61fb8ce2a525e4eed38fa75d132d6dc64699336876,"{""distance"":3,""physical_error_rate"":0.0001}","{""detection_events"":816,""detectors_checked"":3981312}"
      4379,         0,         0,   0.003,decoder_by_matrix,beec9fd12293a9cfe53c9b61fb8ce2a525e4eed38fa75d132d6dc64699336876,"{""distance"":3,""physical_error_rate"":0.0001}","{""detection_events"":24,""detectors_checked"":236466}"
     73728,         0,         0,    2.71,decoder_by_matrix,beec9fd12293a9cfe53c9b61fb8ce2a525e4eed38fa75d132d6dc64699336876,"{""distance"":3,""physical_error_rate"":0.0001}","{""detection_events"":948,""detectors_checked"":3981312}"
     72413,         0,         0,    2.55,decoder_by_matrix,beec9fd12293a9cfe53c9b61fb8ce2a525e4eed38fa75d132d6dc64699336876,"{""distance"":3,""physical_error_rate"":0.0001}","{""detection_events"":1188,""detectors_checked"":3910302}"
      1020,         0,         0,   0.001,decoder_by_matrix,beec9fd12293a9cfe53c9b61fb8ce2a525e4eed38fa75d132d6dc64699336876,"{""distance"":3,""physical_error_rate"":0.0001}","{""detection_events"":21,""detectors_checked"":55080}"
      4670,         0,         0,   0.054,decoder_by_matrix,beec9fd12293a9cfe53c9b61fb8ce2a525e4eed38fa75d132d6dc64699336876,"{""distance"":3,""physical_error_rate"":0.0001}","{""detection_events"":72,""detectors_checked"":252180}"
      2044,         0,         0,   0.002,decoder_by_matrix,beec9fd12293a9cfe53c9b61fb8ce2a525e4eed38fa75d132d6dc64699336876,"{""distance"":3,""physical_error_rate"":0.0001}","{""detection_events"":27,""detectors_checked"":110376}"
     67584,         1,         0,    2.36,decoder_by_matrix,beec9fd12293a9cfe53c9b61fb8ce2a525e4eed38fa75d132d6dc64699336876,"{""distance"":3,""physical_error_rate"":0.0001}","{""detection_events"":1086,""detectors_checked"":3649536,""obs_mistake_mask=E"":1}"
     72413,         0,         0,    2.78,decoder_by_matrix,beec9fd12293a9cfe53c9b61fb8ce2a525e4eed38fa75d132d6dc64699336876,"{""distance"":3,""physical_error_rate"":0.0001}","{""detection_events"":1212,""detectors_checked"":3910302}"
      2335,         0,         0,   0.003,decoder_by_matrix,beec9fd12293a9cfe53c9b61fb8ce2a525e4eed38fa75d132d6dc64699336876,"{""distance"":3,""physical_error_rate"":0.0001}","{""detection_events"":33,""detectors_checked"":126090}"
     63488,         0,         0,    2.49,decoder_by_matrix,beec9fd12293a9cfe53c9b61fb8ce2a525e4eed38fa75d132d6dc64699336876,"{""distance"":3,""physical_error_rate"":0.0001}","{""detection_events"":1059,""detectors_checked"":3428352}"
     62464,         0,         0,    2.50,decoder_by_matrix,beec9fd12293a9cfe53c9b61fb8ce2a525e4eed38fa75d132d6dc64699336876,"{""distance"":3,""physical_error_rate"":0.0001}","{""detection_events"":1101,""detectors_checked"":3373056}"
     62464,         0,         0,    2.39,decoder_by_matrix,beec9fd12293a9cfe53c9b61fb8ce2a525e4eed38fa75d132d6dc64699336876,"{""distance"":3,""physical_error_rate"":0.0001}","{""detection_events"":1068,""detectors_checked"":3373056}"
     69632,         0,         0,    2.69,decoder_by_matrix,beec9fd12293a9cfe53c9b61fb8ce2a525e4eed38fa75d132d6dc64699336876,"{""distance"":3,""physical_error_rate"":0.0001}","{""detection_events"":1020,""detectors_checked"":3760128}"
     65536,         0,         0,    2.46,decoder_by_matrix,beec9fd12293a9cfe53c9b61fb8ce2a525e4eed38fa75d132d6dc64699336876,"{""distance"":3,""physical_error_rate"":0.0001}","{""detection_events"":963,""detectors_checked"":3538944}"
      4670,         0,         0,   0.085,decoder_by_matrix,beec9fd12293a9cfe53c9b61fb8ce2a525e4eed38fa75d132d6dc64699336876,"{""distance"":3,""physical_error_rate"":0.0001}","{""detection_events"":78,""detectors_checked"":252180}"
     65536,         0,         0,    2.51,decoder_by_matrix,beec9fd12293a9cfe53c9b61fb8ce2a525e4eed38fa75d132d6dc64699336876,"{""distance"":3,""physical_error_rate"":0.0001}","{""detection_events"":816,""detectors_checked"":3538944}"
     51200,         0,         0,    1.90,decoder_by_matrix,beec9fd12293a9cfe53c9b61fb8ce2a525e4eed38fa75d132d6dc64699336876,"{""distance"":3,""physical_error_rate"":0.0001}","{""detection_events"":633,""detectors_checked"":2764800}"
      4379,         0,         0,   0.097,decoder_by_matrix,beec9fd12293a9cfe53c9b61fb8ce2a525e4eed38fa75d132d6dc64699336876,"{""distance"":3,""physical_error_rate"":0.0001}","{""detection_events"":42,""detectors_checked"":236466}"
      2335,         0,         0,   0.003,decoder_by_matrix,beec9fd12293a9cfe53c9b61fb8ce2a525e4eed38fa75d132d6dc64699336876,"{""distance"":3,""physical_error_rate"":0.0001}","{""detection_events"":30,""detectors_checked"":126090}"
      4670,         0,         0,   0.123,decoder_by_matrix,beec9fd12293a9cfe53c9b61fb8ce2a525e4eed38fa75d132d6dc64699336876,"{""distance"":3,""physical_error_rate"":0.0001}","{""detection_events"":72,""detectors_checked"":252180}"
     71680,         0,         0,    2.83,decoder_by_matrix,beec9fd12293a9cfe53c9b61fb8ce2a525e4eed38fa75d132d6dc64699336876,"{""distance"":3,""physical_error_rate"":0.0001}","{""detection_events"":1146,""detectors_checked"":3870720}"
      6714,         0,         0,   0.136,decoder_by_matrix,beec9fd12293a9cfe53c9b61fb8ce2a525e4eed38fa75d132d6dc64699336876,"{""distance"":3,""physical_error_rate"":0.0001}","{""detection_events"":60,""detectors_checked"":362556}"
     72413,         0,         0,    2.98,decoder_by_matrix,beec9fd12293a9cfe53c9b61fb8ce2a525e4eed38fa75d132d6dc64699336876,"{""distance"":3,""physical_error_rate"":0.0001}","{""detection_events"":1104,""detectors_checked"":3910302}"
      4670,         0,         0,   0.108,decoder_by_matrix,beec9fd12293a9cfe53c9b61fb8ce2a525e4eed38fa75d132d6dc64699336876,"{""distance"":3,""physical_error_rate"":0.0001}","{""detection_events"":102,""detectors_checked"":252180}"
      4670,         0,         0,   0.132,decoder_by_matrix,beec9fd12293a9cfe53c9b61fb8ce2a525e4eed38fa75d132d6dc64699336876,"{""distance"":3,""physical_error_rate"":0.0001}","{""detection_events"":66,""detectors_checked"":252180}"
      2781,         0,         0,   0.003,decoder_by_matrix,beec9fd12293a9cfe53c9b61fb8ce2a525e4eed38fa75d132d6dc64699336876,"{""distance"":3,""physical_error_rate"":0.0001}","{""detection_events"":51,""detectors_checked"":150174}"
     65536,         0,         0,    2.57,decoder_by_matrix,beec9fd12293a9cfe53c9b61fb8ce2a525e4eed38fa75d132d6dc64699336876,"{""distance"":3,""physical_error_rate"":0.0001}","{""detection_events"":1083,""detectors_checked"":3538944}"
     48128,         0,         0,    1.64,decoder_by_matrix,beec9fd12293a9cfe53c9b61fb8ce2a525e4eed38fa75d132d6dc64699336876,"{""distance"":3,""physical_error_rate"":0.0001}","{""detection_events"":795,""detectors_checked"":2598912}"
     67584,         0,         0,    2.48,decoder_by_matrix,beec9fd12293a9cfe53c9b61fb8ce2a525e4eed38fa75d132d6dc64699336876,"{""distance"":3,""physical_error_rate"":0.0001}","{""detection_events"":990,""detectors_checked"":3649536}"
     68608,         0,         0,    2.57,decoder_by_matrix,beec9fd12293a9cfe53c9b61fb8ce2a525e4eed38fa75d132d6dc64699336876,"{""distance"":3,""physical_error_rate"":0.0001}","{""detection_events"":1008,""detectors_checked"":3704832}"
     67878,         0,         0,    2.57,decoder_by_matrix,beec9fd12293a9cfe53c9b61fb8ce2a525e4eed38fa75d132d6dc64699336876,"{""distance"":3,""physical_error_rate"":0.0001}","{""detection_events"":816,""detectors_checked"":3665412}"
     68608,         1,         0,    2.59,decoder_by_matrix,beec9fd12293a9cfe53c9b61fb8ce2a525e4eed38fa75d132d6dc64699336876,"{""distance"":3,""physical_error_rate"":0.0001}","{""detection_events"":861,""detectors_checked"":3704832,""obs_mistake_mask=E"":1}"
      4670,         0,         0,   0.099,decoder_by_matrix,beec9fd12293a9cfe53c9b61fb8ce2a525e4eed38fa75d132d6dc64699336876,"{""distance"":3,""physical_error_rate"":0.0001}","{""detection_events"":72,""detectors_checked"":252180}"
      3355,         0,         0,   0.083,decoder_by_matrix,beec9fd12293a9cfe53c9b61fb8ce2a525e4eed38fa75d132d6dc64699336876,"{""distance"":3,""physical_error_rate"":0.0001}","{""detection_events"":42,""detectors_checked"":181170}"
      4669,         0,         0,   0.082,decoder_by_matrix,beec9fd12293a9cfe53c9b61fb8ce2a525e4eed38fa75d132d6dc64699336876,"{""distance"":3,""physical_error_rate"":0.0001}","{""detection_events"":54,""detectors_checked"":252126}"
       294,         0,         0,   0.000,decoder_by_matrix,beec9fd12293a9cfe53c9b61fb8ce2a525e4eed38fa75d132d6dc64699336876,"{""distance"":3,""physical_error_rate"":0.0001}","{""detectors_checked"":15876}"
      4829,         0,         0,   0.092,decoder_by_matrix,beec9fd12293a9cfe53c9b61fb8ce2a525e4eed38fa75d132d6dc64699336876,"{""distance"":3,""physical_error_rate"":0.0001}","{""detection_events"":84,""detectors_checked"":260766}"
       733,         0,         0,   0.001,decoder_by_matrix,beec9fd12293a9cfe53c9b61fb8ce2a525e4eed38fa75d132d6dc64699336876,"{""distance"":3,""physical_error_rate"":0.0001}","{""detection_events"":39,""detectors_checked"":39582}"
       620,         0,         0,   0.001,decoder_by_matrix,beec9fd12293a9cfe53c9b61fb8ce2a525e4eed38fa75d132d6dc64699336876,"{""distance"":3,""physical_error_rate"":0.0001}","{""detection_events"":6,""detectors_checked"":33480}"
       556,         0,         0,   0.001,decoder_by_matrix,beec9fd12293a9cfe53c9b61fb8ce2a525e4eed38fa75d132d6dc64699336876,"{""distance"":3,""physical_error_rate"":0.0001}","{""detection_events"":24,""detectors_checked"":30024}"
      2112,         0,         0,   0.002,decoder_by_matrix,beec9fd12293a9cfe53c9b61fb8ce2a525e4eed38fa75d132d6dc64699336876,"{""distance"":3,""physical_error_rate"":0.0001}","{""detection_events"":15,""detectors_checked"":114048}"
      3805,         0,         0,   0.004,decoder_by_matrix,beec9fd12293a9cfe53c9b61fb8ce2a525e4eed38fa75d132d6dc64699336876,"{""distance"":3,""physical_error_rate"":0.0001}","{""detection_events"":60,""detectors_checked"":205470}"
      5781,         0,         0,   0.113,decoder_by_matrix,beec9fd12293a9cfe53c9b61fb8ce2a525e4eed38fa75d132d6dc64699336876,"{""distance"":3,""physical_error_rate"":0.0001}","{""detection_events"":129,""detectors_checked"":312174}"
      5600,         0,         0,   0.116,decoder_by_matrix,beec9fd12293a9cfe53c9b61fb8ce2a525e4eed38fa75d132d6dc64699336876,"{""distance"":3,""physical_error_rate"":0.0001}","{""detection_events"":78,""detectors_checked"":302400}"
       199,         0,         0,   0.000,decoder_by_matrix,beec9fd12293a9cfe53c9b61fb8ce2a525e4eed38fa75d132d6dc64699336876,"{""distance"":3,""physical_error_rate"":0.0001}","{""detection_events"":3,""detectors_checked"":10746}"
      2122,         0,         0,   0.002,decoder_by_matrix,beec9fd12293a9cfe53c9b61fb8ce2a525e4eed38fa75d132d6dc64699336876,"{""distance"":3,""physical_error_rate"":0.0001}","{""detection_events"":12,""detectors_checked"":114588}"
      4535,         0,         0,   0.118,decoder_by_matrix,beec9fd12293a9cfe53c9b61fb8ce2a525e4eed38fa75d132d6dc64699336876,"{""distance"":3,""physical_error_rate"":0.0001}","{""detection_events"":66,""detectors_checked"":244890}"
      5690,         0,         0,   0.240,decoder_by_matrix,beec9fd12293a9cfe53c9b61fb8ce2a525e4eed38fa75d132d6dc64699336876,"{""distance"":3,""physical_error_rate"":0.0001}","{""detection_events"":108,""detectors_checked"":307260}"
       295,         0,         0,   0.001,decoder_by_matrix,beec9fd12293a9cfe53c9b61fb8ce2a525e4eed38fa75d132d6dc64699336876,"{""distance"":3,""physical_error_rate"":0.0001}","{""detection_events"":12,""detectors_checked"":15930}"
      3805,         0,         0,   0.068,decoder_by_matrix,beec9fd12293a9cfe53c9b61fb8ce2a525e4eed38fa75d132d6dc64699336876,"{""distance"":3,""physical_error_rate"":0.0001}","{""detection_events"":27,""detectors_checked"":205470}"
      6582,         0,         0,   0.185,decoder_by_matrix,beec9fd12293a9cfe53c9b61fb8ce2a525e4eed38fa75d132d6dc64699336876,"{""distance"":3,""physical_error_rate"":0.0001}","{""detection_events"":66,""detectors_checked"":355428}"
     12288,         0,         0,   0.435,decoder_by_matrix,beec9fd12293a9cfe53c9b61fb8ce2a525e4eed38fa75d132d6dc64699336876,"{""distance"":3,""physical_error_rate"":0.0001}","{""detection_events"":216,""detectors_checked"":663552}"
      3126,         0,         0,   0.038,decoder_by_matrix,beec9fd12293a9cfe53c9b61fb8ce2a525e4eed38fa75d132d6dc64699336876,"{""distance"":3,""physical_error_rate"":0.0001}","{""detection_events"":54,""detectors_checked"":168804}"
      1074,         0,         0,   0.001,decoder_by_matrix,beec9fd12293a9cfe53c9b61fb8ce2a525e4eed38fa75d132d6dc64699336876,"{""distance"":3,""physical_error_rate"":0.0001}","{""detectors_checked"":57996}"
       455,         0,         0,   0.000,decoder_by_matrix,beec9fd12293a9cfe53c9b61fb8ce2a525e4eed38fa75d132d6dc64699336876,"{""distance"":3,""physical_error_rate"":0.0001}","{""detectors_checked"":24570}"
      4170,         0,         0,   0.005,decoder_by_matrix,beec9fd12293a9cfe53c9b61fb8ce2a525e4eed38fa75d132d6dc64699336876,"{""distance"":3,""physical_error_rate"":0.0001}","{""detection_events"":45,""detectors_checked"":225180}"
      2179,         0,         0,   0.003,decoder_by_matrix,beec9fd12293a9cfe53c9b61fb8ce2a525e4eed38fa75d132d6dc64699336876,"{""distance"":3,""physical_error_rate"":0.0001}","{""detection_events"":39,""detectors_checked"":117666}"
        34,         0,         0,   0.000,decoder_by_matrix,beec9fd12293a9cfe53c9b61fb8ce2a525e4eed38fa75d132d6dc64699336876,"{""distance"":3,""physical_error_rate"":0.0001}","{""detectors_checked"":1836}"
        97,         0,         0,   0.000,decoder_by_matrix,beec9fd12293a9cfe53c9b61fb8ce2a525e4eed38fa75d132d6dc64699336876,"{""distance"":3,""physical_error_rate"":0.0001}","{""detectors_checked"":5238}"
        14,         0,         0,   0.000,decoder_by_matrix,beec9fd12293a9cfe53c9b61fb8ce2a525e4eed38fa75d132d6dc64699336876,"{""distance"":3,""physical_error_rate"":0.0001}","{""detectors_checked"":756}"
       288,         0,         0,   0.001,decoder_by_matrix,beec9fd12293a9cfe53c9b61fb8ce2a525e4eed38fa75d132d6dc64699336876,"{""distance"":3,""physical_error_rate"":0.0001}","{""detection_events"":27,""detectors_checked"":15552}"
       295,         0,         0,   0.001,decoder_by_matrix,beec9fd12293a9cfe53c9b61fb8ce2a525e4eed38fa75d132d6dc64699336876,"{""distance"":3,""physical_error_rate"":0.0001}","{""detection_events"":15,""detectors_checked"":15930}"
        10,         0,         0,   0.000,decoder_by_matrix,beec9fd12293a9cfe53c9b61fb8ce2a525e4eed38fa75d132d6dc64699336876,"{""distance"":3,""physical_error_rate"":0.0001}","{""detectors_checked"":540}"
        72,         0,         0,   0.000,decoder_by_matrix,beec9fd12293a9cfe53c9b61fb8ce2a525e4eed38fa75d132d6dc64699336876,"{""distance"":3,""physical_error_rate"":0.0001}","{""detectors_checked"":3888}"
       106,         0,         0,   0.000,decoder_by_matrix,beec9fd12293a9cfe53c9b61fb8ce2a525e4eed38fa75d132d6dc64699336876,"{""distance"":3,""physical_error_rate"":0.0001}","{""detectors_checked"":5724}"
       295,         0,         0,   0.001,decoder_by_matrix,beec9fd12293a9cfe53c9b61fb8ce2a525e4eed38fa75d132d6dc64699336876,"{""distance"":3,""physical_error_rate"":0.0001}","{""detection_events"":12,""detectors_checked"":15930}"
       284,         0,         0,   0.000,decoder_by_matrix,beec9fd12293a9cfe53c9b61fb8ce2a525e4eed38fa75d132d6dc64699336876,"{""distance"":3,""physical_error_rate"":0.0001}","{""detectors_checked"":15336}"
        97,         0,         0,   0.000,decoder_by_matrix,beec9fd12293a9cfe53c9b61fb8ce2a525e4eed38fa75d132d6dc64699336876,"{""distance"":3,""physical_error_rate"":0.0001}","{""detectors_checked"":5238}"
        97,         0,         0,   0.000,decoder_by_matrix,beec9fd12293a9cfe53c9b61fb8ce2a525e4eed38fa75d132d6dc64699336876,"{""distance"":3,""physical_error_rate"":0.0001}","{""detection_events"":12,""detectors_checked"":5238}"
       272,         0,         0,   0.000,decoder_by_matrix,beec9fd12293a9cfe53c9b61fb8ce2a525e4eed38fa75d132d6dc64699336876,"{""distance"":3,""physical_error_rate"":0.0001}","{""detectors_checked"":14688}"
      3910,         0,         0,   0.004,decoder_by_matrix,beec9fd12293a9cfe53c9b61fb8ce2a525e4eed38fa75d132d6dc64699336876,"{""distance"":3,""physical_error_rate"":0.0001}","{""detection_events"":54,""detectors_checked"":211140}"
       796,         0,         0,   0.000,decoder_by_matrix,beec9fd12293a9cfe53c9b61fb8ce2a525e4eed38fa75d132d6dc64699336876,"{""distance"":3,""physical_error_rate"":0.0001}","{""detectors_checked"":42984}"
       801,         0,         0,   0.001,decoder_by_matrix,beec9fd12293a9cfe53c9b61fb8ce2a525e4eed38fa75d132d6dc64699336876,"{""distance"":3,""physical_error_rate"":0.0001}","{""detection_events"":36,""detectors_checked"":43254}"
       247,         0,         0,   0.000,decoder_by_matrix,beec9fd12293a9cfe53c9b61fb8ce2a525e4eed38fa75d132d6dc64699336876,"{""distance"":3,""physical_error_rate"":0.0001}","{""detection_events"":15,""detectors_checked"":13338}"
        10,         0,         0,   0.000,decoder_by_matrix,beec9fd12293a9cfe53c9b61fb8ce2a525e4eed38fa75d132d6dc64699336876,"{""distance"":3,""physical_error_rate"":0.0001}","{""detectors_checked"":540}"
      6144,         0,         0,   0.126,decoder_by_matrix,beec9fd12293a9cfe53c9b61fb8ce2a525e4eed38fa75d132d6dc64699336876,"{""distance"":3,""physical_error_rate"":0.0001}","{""detection_events"":66,""detectors_checked"":331776}"
       405,         0,         0,   0.001,decoder_by_matrix,beec9fd12293a9cfe53c9b61fb8ce2a525e4eed38fa75d132d6dc64699336876,"{""distance"":3,""physical_error_rate"":0.0001}","{""detection_events"":9,""detectors_checked"":21870}"
      5211,         0,         0,   0.079,decoder_by_matrix,beec9fd12293a9cfe53c9b61fb8ce2a525e4eed38fa75d132d6dc64699336876,"{""distance"":3,""physical_error_rate"":0.0001}","{""detection_events"":45,""detectors_checked"":281394}"
      5211,         0,         0,   0.076,decoder_by_matrix,beec9fd12293a9cfe53c9b61fb8ce2a525e4eed38fa75d132d6dc64699336876,"{""distance"":3,""physical_error_rate"":0.0001}","{""detection_events"":78,""detectors_checked"":281394}"
      3968,         0,         0,   0.031,decoder_by_matrix,beec9fd12293a9cfe53c9b61fb8ce2a525e4eed38fa75d132d6dc64699336876,"{""distance"":3,""physical_error_rate"":0.0001}","{""detection_events"":69,""detectors_checked"":214272}"
      7168,         0,         0,   0.178,decoder_by_matrix,beec9fd12293a9cfe53c9b61fb8ce2a525e4eed38fa75d132d6dc64699336876,"{""distance"":3,""physical_error_rate"":0.0001}","{""detection_events"":72,""detectors_checked"":387072}"
      3126,         0,         0,   0.083,decoder_by_matrix,beec9fd12293a9cfe53c9b61fb8ce2a525e4eed38fa75d132d6dc64699336876,"{""distance"":3,""physical_error_rate"":0.0001}","{""detection_events"":33,""detectors_checked"":168804}"
      3967,         0,         0,   0.029,decoder_by_matrix,beec9fd12293a9cfe53c9b61fb8ce2a525e4eed38fa75d132d6dc64699336876,"{""distance"":3,""physical_error_rate"":0.0001}","{""detection_events"":75,""detectors_checked"":214218}"
        97,         0,         0,   0.000,decoder_by_matrix,beec9fd12293a9cfe53c9b61fb8ce2a525e4eed38fa75d132d6dc64699336876,"{""distance"":3,""physical_error_rate"":0.0001}","{""detectors_checked"":5238}"
      5425,         0,         0,   0.108,decoder_by_matrix,beec9fd12293a9cfe53c9b61fb8ce2a525e4eed38fa75d132d6dc64699336876,"{""distance"":3,""physical_error_rate"":0.0001}","{""detection_events"":99,""detectors_checked"":292950}"
      6003,         0,         0,   0.123,decoder_by_matrix,beec9fd12293a9cfe53c9b61fb8ce2a525e4eed38fa75d132d6dc64699336876,"{""distance"":3,""physical_error_rate"":0.0001}","{""detection_events"":117,""detectors_checked"":324162}"
      8726,         0,         0,   0.229,decoder_by_matrix,beec9fd12293a9cfe53c9b61fb8ce2a525e4eed38fa75d132d6dc64699336876,"{""distance"":3,""physical_error_rate"":0.0001}","{""detection_events"":123,""detectors_checked"":471204}"
      9216,         0,         0,   0.232,decoder_by_matrix,beec9fd12293a9cfe53c9b61fb8ce2a525e4eed38fa75d132d6dc64699336876,"{""distance"":3,""physical_error_rate"":0.0001}","{""detection_events"":87,""detectors_checked"":497664}"
      3943,         0,         0,   0.025,decoder_by_matrix,beec9fd12293a9cfe53c9b61fb8ce2a525e4eed38fa75d132d6dc64699336876,"{""distance"":3,""physical_error_rate"":0.0001}","{""detection_events"":69,""detectors_checked"":212922}"
      6144,         0,         0,   0.135,decoder_by_matrix,beec9fd12293a9cfe53c9b61fb8ce2a525e4eed38fa75d132d6dc64699336876,"{""distance"":3,""physical_error_rate"":0.0001}","{""detection_events"":126,""detectors_checked"":331776}"
      5120,         0,         0,   0.006,decoder_by_matrix,beec9fd12293a9cfe53c9b61fb8ce2a525e4eed38fa75d132d6dc64699336876,"{""distance"":3,""physical_error_rate"":0.0001}","{""detection_events"":96,""detectors_checked"":276480}"
      3934,         0,         0,   0.040,decoder_by_matrix,beec9fd12293a9cfe53c9b61fb8ce2a525e4eed38fa75d132d6dc64699336876,"{""distance"":3,""physical_error_rate"":0.0001}","{""detection_events"":57,""detectors_checked"":212436}"
     10240,         0,         0,   0.226,decoder_by_matrix,beec9fd12293a9cfe53c9b61fb8ce2a525e4eed38fa75d132d6dc64699336876,"{""distance"":3,""physical_error_rate"":0.0001}","{""detection_events"":231,""detectors_checked"":552960}"
         1,         0,         0,   0.000,decoder_by_matrix,beec9fd12293a9cfe53c9b61fb8ce2a525e4eed38fa75d132d6dc64699336876,"{""distance"":3,""physical_error_rate"":0.0001}","{""detectors_checked"":54}"
       458,         0,         0,   0.001,decoder_by_matrix,beec9fd12293a9cfe53c9b61fb8ce2a525e4eed38fa75d132d6dc64699336876,"{""distance"":3,""physical_error_rate"":0.0001}","{""detection_events"":24,""detectors_checked"":24732}"
      2754,         0,         0,   0.002,decoder_by_matrix,beec9fd12293a9cfe53c9b61fb8ce2a525e4eed38fa75d132d6dc64699336876,"{""distance"":3,""physical_error_rate"":0.0001}","{""detection_events"":9,""detectors_checked"":148716}"
      2754,         0,         0,   0.003,decoder_by_matrix,beec9fd12293a9cfe53c9b61fb8ce2a525e4eed38fa75d132d6dc64699336876,"{""distance"":3,""physical_error_rate"":0.0001}","{""detection_events"":42,""detectors_checked"":148716}"
       152,         0,         0,   0.000,decoder_by_matrix,beec9fd12293a9cfe53c9b61fb8ce2a525e4eed38fa75d132d6dc64699336876,"{""distance"":3,""physical_error_rate"":0.0001}","{""detectors_checked"":8208}"
      1234,         0,         0,   0.002,decoder_by_matrix,beec9fd12293a9cfe53c9b61fb8ce2a525e4eed38fa75d132d6dc64699336876,"{""distance"":3,""physical_error_rate"":0.0001}","{""detection_events"":18,""detectors_checked"":66636}"
        98,         0,         0,   0.000,decoder_by_matrix,beec9fd12293a9cfe53c9b61fb8ce2a525e4eed38fa75d132d6dc64699336876,"{""distance"":3,""physical_error_rate"":0.0001}","{""detectors_checked"":5292}"
         3,         0,         0,   0.000,decoder_by_matrix,beec9fd12293a9cfe53c9b61fb8ce2a525e4eed38fa75d132d6dc64699336876,"{""distance"":3,""physical_error_rate"":0.0001}","{""detectors_checked"":162}"
       777,         0,         0,   0.001,decoder_by_matrix,beec9fd12293a9cfe53c9b61fb8ce2a525e4eed38fa75d132d6dc64699336876,"{""distance"":3,""physical_error_rate"":0.0001}","{""detection_events"":21,""detectors_checked"":41958}"
       118,         0,         0,   0.000,decoder_by_matrix,beec9fd12293a9cfe53c9b61fb8ce2a525e4eed38fa75d132d6dc64699336876,"{""distance"":3,""physical_error_rate"":0.0001}","{""detectors_checked"":6372}"
       438,         0,         0,   0.001,decoder_by_matrix,beec9fd12293a9cfe53c9b61fb8ce2a525e4eed38fa75d132d6dc64699336876,"{""distance"":3,""physical_error_rate"":0.0001}","{""detection_events"":6,""detectors_checked"":23652}"
        98,         0,         0,   0.000,decoder_by_matrix,beec9fd12293a9cfe53c9b61fb8ce2a525e4eed38fa75d132d6dc64699336876,"{""distance"":3,""physical_error_rate"":0.0001}","{""detectors_checked"":5292}"
        23,         0,         0,   0.000,decoder_by_matrix,beec9fd12293a9cfe53c9b61fb8ce2a525e4eed38fa75d132d6dc64699336876,"{""distance"":3,""physical_error_rate"":0.0001}","{""detectors_checked"":1242}"
       137,         0,         0,   0.000,decoder_by_matrix,beec9fd12293a9cfe53c9b61fb8ce2a525e4eed38fa75d132d6dc64699336876,"{""distance"":3,""physical_error_rate"":0.0001}","{""detection_events"":12,""detectors_checked"":7398}"
       791,         0,         0,   0.001,decoder_by_matrix,beec9fd12293a9cfe53c9b61fb8ce2a525e4eed38fa75d132d6dc64699336876,"{""distance"":3,""physical_error_rate"":0.0001}","{""detection_events"":18,""detectors_checked"":42714}"
        14,         0,         0,   0.000,decoder_by_matrix,beec9fd12293a9cfe53c9b61fb8ce2a525e4eed38fa75d132d6dc64699336876,"{""distance"":3,""physical_error_rate"":0.0001}","{""detectors_checked"":756}"
      1223,         0,         0,   0.002,decoder_by_matrix,beec9fd12293a9cfe53c9b61fb8ce2a525e4eed38fa75d132d6dc64699336876,"{""distance"":3,""physical_error_rate"":0.0001}","{""detection_events"":57,""detectors_checked"":66042}"
       691,         0,         0,   0.001,decoder_by_matrix,beec9fd12293a9cfe53c9b61fb8ce2a525e4eed38fa75d132d6dc64699336876,"{""distance"":3,""physical_error_rate"":0.0001}","{""detection_events"":3,""detectors_checked"":37314}"
        98,         0,         0,   0.000,decoder_by_matrix,beec9fd12293a9cfe53c9b61fb8ce2a525e4eed38fa75d132d6dc64699336876,"{""distance"":3,""physical_error_rate"":0.0001}","{""detection_events"":12,""detectors_checked"":5292}"
         3,         0,         0,   0.000,decoder_by_matrix,beec9fd12293a9cfe53c9b61fb8ce2a525e4eed38fa75d132d6dc64699336876,"{""distance"":3,""physical_error_rate"":0.0001}","{""detectors_checked"":162}"
      3363,         0,         0,   0.003,decoder_by_matrix,beec9fd12293a9cfe53c9b61fb8ce2a525e4eed38fa75d132d6dc64699336876,"{""distance"":3,""physical_error_rate"":0.0001}","{""detection_events"":18,""detectors_checked"":181602}"
       791,         0,         0,   0.000,decoder_by_matrix,beec9fd12293a9cfe53c9b61fb8ce2a525e4eed38fa75d132d6dc64699336876,"{""distance"":3,""physical_error_rate"":0.0001}","{""detectors_checked"":42714}"
       777,         0,         0,   0.001,decoder_by_matrix,beec9fd12293a9cfe53c9b61fb8ce2a525e4eed38fa75d132d6dc64699336876,"{""distance"":3,""physical_error_rate"":0.0001}","{""detection_events"":6,""detectors_checked"":41958}"
        42,         0,         0,   0.000,decoder_by_matrix,beec9fd12293a9cfe53c9b61fb8ce2a525e4eed38fa75d132d6dc64699336876,"{""distance"":3,""physical_error_rate"":0.0001}","{""detectors_checked"":2268}"
       791,         0,         0,   0.001,decoder_by_matrix,beec9fd12293a9cfe53c9b61fb8ce2a525e4eed38fa75d132d6dc64699336876,"{""distance"":3,""physical_error_rate"":0.0001}","{""detectors_checked"":42714}"
       175,         0,         0,   0.000,decoder_by_matrix,beec9fd12293a9cfe53c9b61fb8ce2a525e4eed38fa75d132d6dc64699336876,"{""distance"":3,""physical_error_rate"":0.0001}","{""detectors_checked"":9450}"
        14,         0,         0,   0.000,decoder_by_matrix,beec9fd12293a9cfe53c9b61fb8ce2a525e4eed38fa75d132d6dc64699336876,"{""distance"":3,""physical_error_rate"":0.0001}","{""detectors_checked"":756}"
        32,         0,         0,   0.000,decoder_by_matrix,beec9fd12293a9cfe53c9b61fb8ce2a525e4eed38fa75d132d6dc64699336876,"{""distance"":3,""physical_error_rate"":0.0001}","{""detectors_checked"":1728}"
      2048,         0,         0,   0.024,decoder_by_matrix,beec9fd12293a9cfe53c9b61fb8ce2a525e4eed38fa75d132d6dc64699336876,"{""distance"":3,""physical_error_rate"":0.0001}","{""detection_events"":39,""detectors_checked"":110592}"
       777,         0,         0,   0.001,decoder_by_matrix,beec9fd12293a9cfe53c9b61fb8ce2a525e4eed38fa75d132d6dc64699336876,"{""distance"":3,""physical_error_rate"":0.0001}","{""detection_events"":6,""detectors_checked"":41958}"
       777,         0,         0,   0.001,decoder_by_matrix,beec9fd12293a9cfe53c9b61fb8ce2a525e4eed38fa75d132d6dc64699336876,"{""distance"":3,""physical_error_rate"":0.0001}","{""detection_events"":15,""detectors_checked"":41958}"
       240,         0,         0,   0.000,decoder_by_matrix,beec9fd12293a9cfe53c9b61fb8ce2a525e4eed38fa75d132d6dc64699336876,"{""distance"":3,""physical_error_rate"":0.0001}","{""detectors_checked"":12960}"
       169,         0,         0,   0.000,decoder_by_matrix,beec9fd12293a9cfe53c9b61fb8ce2a525e4eed38fa75d132d6dc64699336876,"{""distance"":3,""physical_error_rate"":0.0001}","{""detectors_checked"":9126}"
       145,         0,         0,   0.000,decoder_by_matrix,beec9fd12293a9cfe53c9b61fb8ce2a525e4eed38fa75d132d6dc64699336876,"{""distance"":3,""physical_error_rate"":0.0001}","{""detection_events"":12,""detectors_checked"":7830}"
        14,         0,         0,   0.000,decoder_by_matrix,beec9fd12293a9cfe53c9b61fb8ce2a525e4eed38fa75d132d6dc64699336876,"{""distance"":3,""physical_error_rate"":0.0001}","{""detectors_checked"":756}"
      2852,         0,         0,   0.012,decoder_by_matrix,beec9fd12293a9cfe53c9b61fb8ce2a525e4eed38fa75d132d6dc64699336876,"{""distance"":3,""physical_error_rate"":0.0001}","{""detection_events"":63,""detectors_checked"":154008}"
       145,         0,         0,   0.000,decoder_by_matrix,beec9fd12293a9cfe53c9b61fb8ce2a525e4eed38fa75d132d6dc64699336876,"{""distance"":3,""physical_error_rate"":0.0001}","{""detectors_checked"":7830}"
        14,         0,         0,   0.000,decoder_by_matrix,beec9fd12293a9cfe53c9b61fb8ce2a525e4eed38fa75d132d6dc64699336876,"{""distance"":3,""physical_error_rate"":0.0001}","{""detectors_checked"":756}"
       145,         0,         0,   0.000,decoder_by_matrix,beec9fd12293a9cfe53c9b61fb8ce2a525e4eed38fa75d132d6dc64699336876,"{""distance"":3,""physical_error_rate"":0.0001}","{""detectors_checked"":7830}"
        14,         0,         0,   0.000,decoder_by_matrix,beec9fd12293a9cfe53c9b61fb8ce2a525e4eed38fa75d132d6dc64699336876,"{""distance"":3,""physical_error_rate"":0.0001}","{""detectors_checked"":756}"
         4,         0,         0,   0.000,decoder_by_matrix,beec9fd12293a9cfe53c9b61fb8ce2a525e4eed38fa75d132d6dc64699336876,"{""distance"":3,""physical_error_rate"":0.0001}","{""detectors_checked"":216}"
        14,         0,         0,   0.000,decoder_by_matrix,beec9fd12293a9cfe53c9b61fb8ce2a525e4eed38fa75d132d6dc64699336876,"{""distance"":3,""physical_error_rate"":0.0001}","{""detectors_checked"":756}"
         4,         0,         0,   0.000,decoder_by_matrix,beec9fd12293a9cfe53c9b61fb8ce2a525e4eed38fa75d132d6dc64699336876,"{""distance"":3,""physical_error_rate"":0.0001}","{""detectors_checked"":216}"
        24,         0,         0,   0.000,decoder_by_matrix,beec9fd12293a9cfe53c9b61fb8ce2a525e4eed38fa75d132d6dc64699336876,"{""distance"":3,""physical_error_rate"":0.0001}","{""detectors_checked"":1296}"
        14,         0,         0,   0.000,decoder_by_matrix,beec9fd12293a9cfe53c9b61fb8ce2a525e4eed38fa75d132d6dc64699336876,"{""distance"":3,""physical_error_rate"":0.0001}","{""detectors_checked"":756}"
        10,         0,         0,   0.000,decoder_by_matrix,beec9fd12293a9cfe53c9b61fb8ce2a525e4eed38fa75d132d6dc64699336876,"{""distance"":3,""physical_error_rate"":0.0001}","{""detectors_checked"":540}"
         4,         0,         0,   0.000,decoder_by_matrix,beec9fd12293a9cfe53c9b61fb8ce2a525e4eed38fa75d132d6dc64699336876,"{""distance"":3,""physical_error_rate"":0.0001}","{""detectors_checked"":216}"
         9,         0,         0,   0.000,decoder_by_matrix,beec9fd12293a9cfe53c9b61fb8ce2a525e4eed38fa75d132d6dc64699336876,"{""distance"":3,""physical_error_rate"":0.0001}","{""detectors_checked"":486}"
         2,         0,         0,   0.000,decoder_by_matrix,beec9fd12293a9cfe53c9b61fb8ce2a525e4eed38fa75d132d6dc64699336876,"{""distance"":3,""physical_error_rate"":0.0001}","{""detectors_checked"":108}"
         9,         0,         0,   0.000,decoder_by_matrix,beec9fd12293a9cfe53c9b61fb8ce2a525e4eed38fa75d132d6dc64699336876,"{""distance"":3,""physical_error_rate"":0.0001}","{""detectors_checked"":486}"
         4,         0,         0,   0.000,decoder_by_matrix,beec9fd12293a9cfe53c9b61fb8ce2a525e4eed38fa75d132d6dc64699336876,"{""distance"":3,""physical_error_rate"":0.0001}","{""detectors_checked"":216}"
         1,         0,         0,   0.000,decoder_by_matrix,beec9fd12293a9cfe53c9b61fb8ce2a525e4eed38fa75d132d6dc64699336876,"{""distance"":3,""physical_error_rate"":0.0001}","{""detectors_checked"":54}"
         3,         0,         0,   0.000,decoder_by_matrix,beec9fd12293a9cfe53c9b61fb8ce2a525e4eed38fa75d132d6dc64699336876,"{""distance"":3,""physical_error_rate"":0.0001}","{""detectors_checked"":162}"
         3,         0,         0,   0.000,decoder_by_matrix,beec9fd12293a9cfe53c9b61fb8ce2a525e4eed38fa75d132d6dc64699336876,"{""distance"":3,""physical_error_rate"":0.0001}","{""detectors_checked"":162}"
         2,         0,         0,   0.000,decoder_by_matrix,beec9fd12293a9cfe53c9b61fb8ce2a525e4eed38fa75d132d6dc64699336876,"{""distance"":3,""physical_error_rate"":0.0001}","{""detectors_checked"":108}"
         2,         0,         0,   0.000,decoder_by_matrix,beec9fd12293a9cfe53c9b61fb8ce2a525e4eed38fa75d132d6dc64699336876,"{""distance"":3,""physical_error_rate"":0.0001}","{""detectors_checked"":108}"
         1,         0,         0,   0.000,decoder_by_matrix,beec9fd12293a9cfe53c9b61fb8ce2a525e4eed38fa75d132d6dc64699336876,"{""distance"":3,""physical_error_rate"":0.0001}","{""detectors_checked"":54}"
         1,         0,         0,   0.000,decoder_by_matrix,beec9fd12293a9cfe53c9b61fb8ce2a525e4eed38fa75d132d6dc64699336876,"{""distance"":3,""physical_error_rate"":0.0001}","{""detectors_checked"":54}"
         1,         0,         0,   0.000,decoder_by_matrix,beec9fd12293a9cfe53c9b61fb8ce2a525e4eed38fa75d132d6dc64699336876,"{""distance"":3,""physical_error_rate"":0.0001}","{""detectors_checked"":54}"
         1,         0,         0,   0.000,decoder_by_matrix,beec9fd12293a9cfe53c9b61fb8ce2a525e4eed38fa75d132d6dc64699336876,"{""distance"":3,""physical_error_rate"":0.0001}","{""detectors_checked"":54}"
