     shots,    errors,  discards, seconds,decoder,strong_id,json_metadata,custom_counts
         1,         0,         0,   0.023,decoder_by_matrix,e25b8d07214a8afb95d354611a83b9bb1ded39644e323a8585b3aabf687a4fff,"{""distance"":3,""physical_error_rate"":1e-05}","{""detectors_checked"":54}"
         1,         0,         0,   0.029,decoder_by_matrix,560c721f87db01d4cacf7dcb7d8812fecde61e9e7776d4b9e1b1a792578ecad7,"{""distance"":3,""physical_error_rate"":5e-06}","{""detectors_checked"":54}"
         1,         0,         0,   0.032,decoder_by_matrix,dc80d1b5cd4a369885d36fbbadd410646ee6a9cd91075667cd6e1b71d0442655,"{""distance"":3,""physical_error_rate"":0.01}","{""detection_events"":3,""detectors_checked"":54}"
         1,         0,         0,   0.018,decoder_by_matrix,36e3cd26fed5ec7649ec51fb08c1a5e7d7f30e615782d954fee045c18a4962ca,"{""distance"":3,""physical_error_rate"":5e-05}","{""detectors_checked"":54}"
         1,         0,         0,   0.041,decoder_by_matrix,e9839e3017c9ef118c4b8aeafef39e78c11ecbdb89764e9ca676a7dc2fb6d062,"{""distance"":3,""physical_error_rate"":1e-06}","{""detectors_checked"":54}"
         1,         0,         0,   0.045,decoder_by_matrix,bf84ffc61868c0acf247eb3d31d6d1ff07feed51ae0b0770ddaf58683dcdd22c,"{""distance"":3,""physical_error_rate"":0.005}","{""detectors_checked"":54}"
         1,         0,         0,   0.046,decoder_by_matrix,5c8c81bfec719079c388cedc47a351f264c1bf769ae28a89f9b4fc7719fea501,"{""distance"":3,""physical_error_rate"":0.0005}","{""detectors_checked"":54}"
         1,         0,         0,   0.052,decoder_by_matrix,beec9fd12293a9cfe53c9b61fb8ce2a525e4eed38fa75d132d6dc64699336876,"{""distance"":3,""physical_error_rate"":0.0001}","{""detectors_checked"":54}"
         1,         0,         0,   0.054,decoder_by_matrix,dc80d1b5cd4a369885d36fbbadd410646ee6a9cd91075667cd6e1b71d0442655,"{""distance"":3,""physical_error_rate"":0.01}","{""detectors_checked"":54}"
         1,         0,         0,   0.059,decoder_by_matrix,5c8c81bfec719079c388cedc47a351f264c1bf769ae28a89f9b4fc7719fea501,"{""distance"":3,""physical_error_rate"":0.0005}","{""detectors_checked"":54}"
         1,         0,         0,   0.060,decoder_by_matrix,bf84ffc61868c0acf247eb3d31d6d1ff07feed51ae0b0770ddaf58683dcdd22c,"{""distance"":3,""physical_error_rate"":0.005}","{""detectors_checked"":54}"
         1,         0,         0,   0.047,decoder_by_matrix,e25b8d07214a8afb95d354611a83b9bb1ded39644e323a8585b3aabf687a4fff,"{""distance"":3,""physical_error_rate"":1e-05}","{""detectors_checked"":54}"
         1,         0,         0,   0.070,decoder_by_matrix,f854eed952f7ffb52e4f578393718ba880ba0930c78fe51d50828fe06a713055,"{""distance"":3,""physical_error_rate"":0.001}","{""detectors_checked"":54}"
         1,         0,         0,   0.073,decoder_by_matrix,36e3cd26fed5ec7649ec51fb08c1a5e7d7f30e615782d954fee045c18a4962ca,"{""distance"":3,""physical_error_rate"":5e-05}","{""detectors_checked"":54}"
         1,         0,         0,   0.059,decoder_by_matrix,560c721f87db01d4cacf7dcb7d8812fecde61e9e7776d4b9e1b1a792578ecad7,"{""distance"":3,""physical_error_rate"":5e-06}","{""detectors_checked"":54}"
         1,         0,         0,   0.083,decoder_by_matrix,f854eed952f7ffb52e4f578393718ba880ba0930c78fe51d50828fe06a713055,"{""distance"":3,""physical_error_rate"":0.001}","{""detectors_checked"":54}"
         1,         0,         0,   0.111,decoder_by_matrix,beec9fd12293a9cfe53c9b61fb8ce2a525e4eed38fa75d132d6dc64699336876,"{""distance"":3,""physical_error_rate"":0.0001}","{""detectors_checked"":54}"
      1160,         0,         0,   0.027,decoder_by_matrix,5c8c81bfec719079c388cedc47a351f264c1bf769ae28a89f9b4fc7719fea501,"{""distance"":3,""physical_error_rate"":0.0005}","{""detection_events"":99,""detectors_checked"":62640}"
      4232,         0,         0,   0.014,decoder_by_matrix,560c721f87db01d4cacf7dcb7d8812fecde61e9e7776d4b9e1b1a792578ecad7,"{""distance"":3,""physical_error_rate"":5e-06}","{""detectors_checked"":228528}"
      3344,         0,         0,   0.065,decoder_by_matrix,36e3cd26fed5ec7649ec51fb08c1a5e7d7f30e615782d954fee045c18a4962ca,"{""distance"":3,""physical_error_rate"":5e-05}","{""detection_events"":15,""detectors_checked"":180576}"
         1,         0,         0,   0.013,decoder_by_matrix,e9839e3017c9ef118c4b8aeafef39e78c11ecbdb89764e9ca676a7dc2fb6d062,"{""distance"":3,""physical_error_rate"":1e-06}","{""detectors_checked"":54}"
      2320,        16,         0,   0.107,decoder_by_matrix,dc80d1b5cd4a369885d36fbbadd410646ee6a9cd91075667cd6e1b71d0442655,"{""distance"":3,""physical_error_rate"":0.01}","{""detection_events"":3258,""detectors_checked"":125280,""obs_mistake_mask=E"":16}"
      5392,         0,         0,   0.114,decoder_by_matrix,560c721f87db01d4cacf7dcb7d8812fecde61e9e7776d4b9e1b1a792578ecad7,"{""distance"":3,""physical_error_rate"":5e-06}","{""detection_events"":6,""detectors_checked"":291168}"
      7304,         0,         0,   0.082,decoder_by_matrix,e25b8d07214a8afb95d354611a83b9bb1ded39644e323a8585b3aabf687a4fff,"{""distance"":3,""physical_error_rate"":1e-05}","{""detectors_checked"":394416}"
      4368,         0,         0,   0.126,decoder_by_matrix,e25b8d07214a8afb95d354611a83b9bb1ded39644e323a8585b3aabf687a4fff,"{""distance"":3,""physical_error_rate"":1e-05}","{""detection_events"":27,""detectors_checked"":235872}"
      7304,         0,         0,   0.115,decoder_by_matrix,e9839e3017c9ef118c4b8aeafef39e78c11ecbdb89764e9ca676a7dc2fb6d062,"{""distance"":3,""physical_error_rate"":1e-06}","{""detectors_checked"":394416}"
      2184,         3,         0,   0.115,decoder_by_matrix,bf84ffc61868c0acf247eb3d31d6d1ff07feed51ae0b0770ddaf58683dcdd22c,"{""distance"":3,""physical_error_rate"":0.005}","{""detection_events"":1497,""detectors_checked"":117936,""obs_mistake_mask=E"":3}"
      3208,         0,         0,   0.111,decoder_by_matrix,beec9fd12293a9cfe53c9b61fb8ce2a525e4eed38fa75d132d6dc64699336876,"{""distance"":3,""physical_error_rate"":0.0001}","{""detection_events"":54,""detectors_checked"":173232}"
      2184,         2,         0,   0.106,decoder_by_matrix,bf84ffc61868c0acf247eb3d31d6d1ff07feed51ae0b0770ddaf58683dcdd22c,"{""distance"":3,""physical_error_rate"":0.005}","{""detection_events"":1569,""detectors_checked"":117936,""obs_mistake_mask=E"":2}"
      3208,         0,         0,   0.123,decoder_by_matrix,5c8c81bfec719079c388cedc47a351f264c1bf769ae28a89f9b4fc7719fea501,"{""distance"":3,""physical_error_rate"":0.0005}","{""detection_events"":381,""detectors_checked"":173232}"
      2184,         4,         0,   0.120,decoder_by_matrix,dc80d1b5cd4a369885d36fbbadd410646ee6a9cd91075667cd6e1b71d0442655,"{""distance"":3,""physical_error_rate"":0.01}","{""detection_events"":3195,""detectors_checked"":117936,""obs_mistake_mask=E"":4}"
      3208,         0,         0,   0.111,decoder_by_matrix,f854eed952f7ffb52e4f578393718ba880ba0930c78fe51d50828fe06a713055,"{""distance"":3,""physical_error_rate"":0.001}","{""detection_events"":363,""detectors_checked"":173232}"
      3208,         0,         0,   0.110,decoder_by_matrix,36e3cd26fed5ec7649ec51fb08c1a5e7d7f30e615782d954fee045c18a4962ca,"{""distance"":3,""physical_error_rate"":5e-05}","{""detection_events"":24,""detectors_checked"":173232}"
      3140,         0,         0,   0.110,decoder_by_matrix,f854eed952f7ffb52e4f578393718ba880ba0930c78fe51d50828fe06a713055,"{""distance"":3,""physical_error_rate"":0.001}","{""detection_events"":456,""detectors_checked"":169560}"
      3140,         0,         0,   0.109,decoder_by_matrix,beec9fd12293a9cfe53c9b61fb8ce2a525e4eed38fa75d132d6dc64699336876,"{""distance"":3,""physical_error_rate"":0.0001}","{""detection_events"":66,""detectors_checked"":169560}"
      2048,         0,         0,   0.094,decoder_by_matrix,36e3cd26fed5ec7649ec51fb08c1a5e7d7f30e615782d954fee045c18a4962ca,"{""distance"":3,""physical_error_rate"":5e-05}","{""detection_events"":3,""detectors_checked"":110592}"
      3072,         0,         0,   0.113,decoder_by_matrix,5c8c81bfec719079c388cedc47a351f264c1bf769ae28a89f9b4fc7719fea501,"{""distance"":3,""physical_error_rate"":0.0005}","{""detection_events"":237,""detectors_checked"":165888}"
      3072,         0,         0,   0.111,decoder_by_matrix,560c721f87db01d4cacf7dcb7d8812fecde61e9e7776d4b9e1b1a792578ecad7,"{""distance"":3,""physical_error_rate"":5e-06}","{""detection_events"":15,""detectors_checked"":165888}"
      6416,         0,         0,   0.004,decoder_by_matrix,e9839e3017c9ef118c4b8aeafef39e78c11ecbdb89764e9ca676a7dc2fb6d062,"{""distance"":3,""physical_error_rate"":1e-06}","{""detection_events"":3,""detectors_checked"":346464}"
         1,         0,         0,   0.016,decoder_by_matrix,e9839e3017c9ef118c4b8aeafef39e78c11ecbdb89764e9ca676a7dc2fb6d062,"{""distance"":3,""physical_error_rate"":1e-06}","{""detectors_checked"":54}"
      2048,        21,         0,   0.117,decoder_by_matrix,dc80d1b5cd4a369885d36fbbadd410646ee6a9cd91075667cd6e1b71d0442655,"{""distance"":3,""physical_error_rate"":0.01}","{""detection_events"":3168,""detectors_checked"":110592,""obs_mistake_mask=E"":21}"
      8192,         0,         0,   0.117,decoder_by_matrix,560c721f87db01d4cacf7dcb7d8812fecde61e9e7776d4b9e1b1a792578ecad7,"{""distance"":3,""physical_error_rate"":5e-06}","{""detectors_checked"":442368}"
      6144,         0,         0,   0.117,decoder_by_matrix,e25b8d07214a8afb95d354611a83b9bb1ded39644e323a8585b3aabf687a4fff,"{""distance"":3,""physical_error_rate"":1e-05}","{""detection_events"":12,""detectors_checked"":331776}"
      6144,         0,         0,   0.117,decoder_by_matrix,e25b8d07214a8afb95d354611a83b9bb1ded39644e323a8585b3aabf687a4fff,"{""distance"":3,""physical_error_rate"":1e-05}","{""detection_events"":6,""detectors_checked"":331776}"
      8192,         0,         0,   0.117,decoder_by_matrix,e9839e3017c9ef118c4b8aeafef39e78c11ecbdb89764e9ca676a7dc2fb6d062,"{""distance"":3,""physical_error_rate"":1e-06}","{""detectors_checked"":442368}"
      3072,         5,         0,   0.118,decoder_by_matrix,bf84ffc61868c0acf247eb3d31d6d1ff07feed51ae0b0770ddaf58683dcdd22c,"{""distance"":3,""physical_error_rate"":0.005}","{""detection_events"":2274,""detectors_checked"":165888,""obs_mistake_mask=E"":5}"
      3072,         0,         0,   0.117,decoder_by_matrix,beec9fd12293a9cfe53c9b61fb8ce2a525e4eed38fa75d132d6dc64699336876,"{""distance"":3,""physical_error_rate"":0.0001}","{""detection_events"":42,""detectors_checked"":165888}"
      3072,         0,         0,   0.113,decoder_by_matrix,5c8c81bfec719079c388cedc47a351f264c1bf769ae28a89f9b4fc7719fea501,"{""distance"":3,""physical_error_rate"":0.0005}","{""detection_events"":210,""detectors_checked"":165888}"
      3072,         6,         0,   0.122,decoder_by_matrix,bf84ffc61868c0acf247eb3d31d6d1ff07feed51ae0b0770ddaf58683dcdd22c,"{""distance"":3,""physical_error_rate"":0.005}","{""detection_events"":2145,""detectors_checked"":165888,""obs_mistake_mask=E"":6}"
      2048,        17,         0,   0.117,decoder_by_matrix,dc80d1b5cd4a369885d36fbbadd410646ee6a9cd91075667cd6e1b71d0442655,"{""distance"":3,""physical_error_rate"":0.01}","{""detection_events"":2655,""detectors_checked"":110592,""obs_mistake_mask=E"":17}"
      3072,         0,         0,   0.117,decoder_by_matrix,f854eed952f7ffb52e4f578393718ba880ba0930c78fe51d50828fe06a713055,"{""distance"":3,""physical_error_rate"":0.001}","{""detection_events"":555,""detectors_checked"":165888}"
      3072,         0,         0,   0.117,decoder_by_matrix,36e3cd26fed5ec7649ec51fb08c1a5e7d7f30e615782d954fee045c18a4962ca,"{""distance"":3,""physical_error_rate"":5e-05}","{""detection_events"":27,""detectors_checked"":165888}"
      3072,         0,         0,   0.117,decoder_by_matrix,f854eed952f7ffb52e4f578393718ba880ba0930c78fe51d50828fe06a713055,"{""distance"":3,""physical_error_rate"":0.001}","{""detection_events"":339,""detectors_checked"":165888}"
      3072,         0,         0,   0.117,decoder_by_matrix,beec9fd12293a9cfe53c9b61fb8ce2a525e4eed38fa75d132d6dc64699336876,"{""distance"":3,""physical_error_rate"":0.0001}","{""detection_events"":54,""detectors_checked"":165888}"
      3072,         0,         0,   0.121,decoder_by_matrix,36e3cd26fed5ec7649ec51fb08c1a5e7d7f30e615782d954fee045c18a4962ca,"{""distance"":3,""physical_error_rate"":5e-05}","{""detection_events"":30,""detectors_checked"":165888}"
      2048,         0,         0,   0.120,decoder_by_matrix,5c8c81bfec719079c388cedc47a351f264c1bf769ae28a89f9b4fc7719fea501,"{""distance"":3,""physical_error_rate"":0.0005}","{""detection_events"":117,""detectors_checked"":110592}"
      7168,         0,         0,   0.121,decoder_by_matrix,560c721f87db01d4cacf7dcb7d8812fecde61e9e7776d4b9e1b1a792578ecad7,"{""distance"":3,""physical_error_rate"":5e-06}","{""detection_events"":12,""detectors_checked"":387072}"
         1,         0,         0,   0.024,decoder_by_matrix,560c721f87db01d4cacf7dcb7d8812fecde61e9e7776d4b9e1b1a792578ecad7,"{""distance"":3,""physical_error_rate"":5e-06}","{""detectors_checked"":54}"
      7168,         0,         0,   0.124,decoder_by_matrix,e9839e3017c9ef118c4b8aeafef39e78c11ecbdb89764e9ca676a7dc2fb6d062,"{""distance"":3,""physical_error_rate"":1e-06}","{""detectors_checked"":387072}"
      5392,         0,         0,   0.003,decoder_by_matrix,e9839e3017c9ef118c4b8aeafef39e78c11ecbdb89764e9ca676a7dc2fb6d062,"{""distance"":3,""physical_error_rate"":1e-06}","{""detection_events"":9,""detectors_checked"":291168}"
      1024,         3,         0,   0.124,decoder_by_matrix,dc80d1b5cd4a369885d36fbbadd410646ee6a9cd91075667cd6e1b71d0442655,"{""distance"":3,""physical_error_rate"":0.01}","{""detection_events"":1530,""detectors_checked"":55296,""obs_mistake_mask=E"":3}"
      8192,         0,         0,   0.125,decoder_by_matrix,560c721f87db01d4cacf7dcb7d8812fecde61e9e7776d4b9e1b1a792578ecad7,"{""distance"":3,""physical_error_rate"":5e-06}","{""detectors_checked"":442368}"
      8192,         0,         0,   0.125,decoder_by_matrix,e25b8d07214a8afb95d354611a83b9bb1ded39644e323a8585b3aabf687a4fff,"{""distance"":3,""physical_error_rate"":1e-05}","{""detection_events"":12,""detectors_checked"":442368}"
      6144,         0,         0,   0.125,decoder_by_matrix,e25b8d07214a8afb95d354611a83b9bb1ded39644e323a8585b3aabf687a4fff,"{""distance"":3,""physical_error_rate"":1e-05}","{""detection_events"":6,""detectors_checked"":331776}"
      8192,         0,         0,   0.125,decoder_by_matrix,e9839e3017c9ef118c4b8aeafef39e78c11ecbdb89764e9ca676a7dc2fb6d062,"{""distance"":3,""physical_error_rate"":1e-06}","{""detectors_checked"":442368}"
      2048,         4,         0,   0.124,decoder_by_matrix,bf84ffc61868c0acf247eb3d31d6d1ff07feed51ae0b0770ddaf58683dcdd22c,"{""distance"":3,""physical_error_rate"":0.005}","{""detection_events"":1152,""detectors_checked"":110592,""obs_mistake_mask=E"":4}"
      3072,         0,         0,   0.125,decoder_by_matrix,beec9fd12293a9cfe53c9b61fb8ce2a525e4eed38fa75d132d6dc64699336876,"{""distance"":3,""physical_error_rate"":0.0001}","{""detection_events"":96,""detectors_checked"":165888}"
      3072,         0,         0,   0.125,decoder_by_matrix,5c8c81bfec719079c388cedc47a351f264c1bf769ae28a89f9b4fc7719fea501,"{""distance"":3,""physical_error_rate"":0.0005}","{""detection_events"":219,""detectors_checked"":165888}"
      2048,         6,         0,   0.121,decoder_by_matrix,dc80d1b5cd4a369885d36fbbadd410646ee6a9cd91075667cd6e1b71d0442655,"{""distance"":3,""physical_error_rate"":0.01}","{""detection_events"":2859,""detectors_checked"":110592,""obs_mistake_mask=E"":6}"
      2048,         3,         0,   0.128,decoder_by_matrix,bf84ffc61868c0acf247eb3d31d6d1ff07feed51ae0b0770ddaf58683dcdd22c,"{""distance"":3,""physical_error_rate"":0.005}","{""detection_events"":1365,""detectors_checked"":110592,""obs_mistake_mask=E"":3}"
      2048,         0,         0,   0.124,decoder_by_matrix,f854eed952f7ffb52e4f578393718ba880ba0930c78fe51d50828fe06a713055,"{""distance"":3,""physical_error_rate"":0.001}","{""detection_events"":351,""detectors_checked"":110592}"
      3072,         0,         0,   0.124,decoder_by_matrix,36e3cd26fed5ec7649ec51fb08c1a5e7d7f30e615782d954fee045c18a4962ca,"{""distance"":3,""physical_error_rate"":5e-05}","{""detection_events"":21,""detectors_checked"":165888}"
      2048,         0,         0,   0.124,decoder_by_matrix,f854eed952f7ffb52e4f578393718ba880ba0930c78fe51d50828fe06a713055,"{""distance"":3,""physical_error_rate"":0.001}","{""detection_events"":351,""detectors_checked"":110592}"
      3072,         0,         0,   0.125,decoder_by_matrix,beec9fd12293a9cfe53c9b61fb8ce2a525e4eed38fa75d132d6dc64699336876,"{""distance"":3,""physical_error_rate"":0.0001}","{""detection_events"":42,""detectors_checked"":165888}"
      3072,         0,         0,   0.124,decoder_by_matrix,36e3cd26fed5ec7649ec51fb08c1a5e7d7f30e615782d954fee045c18a4962ca,"{""distance"":3,""physical_error_rate"":5e-05}","{""detection_events"":21,""detectors_checked"":165888}"
      3072,         0,         0,   0.125,decoder_by_matrix,5c8c81bfec719079c388cedc47a351f264c1bf769ae28a89f9b4fc7719fea501,"{""distance"":3,""physical_error_rate"":0.0005}","{""detection_events"":213,""detectors_checked"":165888}"
      7168,         0,         0,   0.124,decoder_by_matrix,560c721f87db01d4cacf7dcb7d8812fecde61e9e7776d4b9e1b1a792578ecad7,"{""distance"":3,""physical_error_rate"":5e-06}","{""detectors_checked"":387072}"
      7440,         0,         0,   0.125,decoder_by_matrix,560c721f87db01d4cacf7dcb7d8812fecde61e9e7776d4b9e1b1a792578ecad7,"{""distance"":3,""physical_error_rate"":5e-06}","{""detectors_checked"":401760}"
      8192,         0,         0,   0.125,decoder_by_matrix,e9839e3017c9ef118c4b8aeafef39e78c11ecbdb89764e9ca676a7dc2fb6d062,"{""distance"":3,""physical_error_rate"":1e-06}","{""detectors_checked"":442368}"
         1,         0,         0,   0.096,decoder_by_matrix,e25b8d07214a8afb95d354611a83b9bb1ded39644e323a8585b3aabf687a4fff,"{""distance"":3,""physical_error_rate"":1e-05}","{""detectors_checked"":54}"
      8192,         0,         0,   0.143,decoder_by_matrix,e9839e3017c9ef118c4b8aeafef39e78c11ecbdb89764e9ca676a7dc2fb6d062,"{""distance"":3,""physical_error_rate"":1e-06}","{""detectors_checked"":442368}"
      2048,         9,         0,   0.127,decoder_by_matrix,dc80d1b5cd4a369885d36fbbadd410646ee6a9cd91075667cd6e1b71d0442655,"{""distance"":3,""physical_error_rate"":0.01}","{""detection_events"":2574,""detectors_checked"":110592,""obs_mistake_mask=E"":9}"
      4096,         0,         0,   0.139,decoder_by_matrix,560c721f87db01d4cacf7dcb7d8812fecde61e9e7776d4b9e1b1a792578ecad7,"{""distance"":3,""physical_error_rate"":5e-06}","{""detection_events"":15,""detectors_checked"":221184}"
      7168,         0,         0,   0.140,decoder_by_matrix,e25b8d07214a8afb95d354611a83b9bb1ded39644e323a8585b3aabf687a4fff,"{""distance"":3,""physical_error_rate"":1e-05}","{""detection_events"":6,""detectors_checked"":387072}"
      5120,         0,         0,   0.141,decoder_by_matrix,e25b8d07214a8afb95d354611a83b9bb1ded39644e323a8585b3aabf687a4fff,"{""distance"":3,""physical_error_rate"":1e-05}","{""detection_events"":24,""detectors_checked"":276480}"
      8192,         0,         0,   0.140,decoder_by_matrix,e9839e3017c9ef118c4b8aeafef39e78c11ecbdb89764e9ca676a7dc2fb6d062,"{""distance"":3,""physical_error_rate"":1e-06}","{""detectors_checked"":442368}"
      2048,         2,         0,   0.139,decoder_by_matrix,bf84ffc61868c0acf247eb3d31d6d1ff07feed51ae0b0770ddaf58683dcdd22c,"{""distance"":3,""physical_error_rate"":0.005}","{""detection_events"":1374,""detectors_checked"":110592,""obs_mistake_mask=E"":2}"
      3072,         0,         0,   0.139,decoder_by_matrix,beec9fd12293a9cfe53c9b61fb8ce2a525e4eed38fa75d132d6dc64699336876,"{""distance"":3,""physical_error_rate"":0.0001}","{""detection_events"":18,""detectors_checked"":165888}"
      2048,         2,         0,   0.131,decoder_by_matrix,bf84ffc61868c0acf247eb3d31d6d1ff07feed51ae0b0770ddaf58683dcdd22c,"{""distance"":3,""physical_error_rate"":0.005}","{""detection_events"":1416,""detectors_checked"":110592,""obs_mistake_mask=E"":2}"
      3072,         0,         0,   0.144,decoder_by_matrix,5c8c81bfec719079c388cedc47a351f264c1bf769ae28a89f9b4fc7719fea501,"{""distance"":3,""physical_error_rate"":0.0005}","{""detection_events"":141,""detectors_checked"":165888}"
      2048,        14,         0,   0.144,decoder_by_matrix,dc80d1b5cd4a369885d36fbbadd410646ee6a9cd91075667cd6e1b71d0442655,"{""distance"":3,""physical_error_rate"":0.01}","{""detection_events"":2829,""detectors_checked"":110592,""obs_mistake_mask=E"":14}"
      3072,         0,         0,   0.140,decoder_by_matrix,f854eed952f7ffb52e4f578393718ba880ba0930c78fe51d50828fe06a713055,"{""distance"":3,""physical_error_rate"":0.001}","{""detection_events"":447,""detectors_checked"":165888}"
      4096,         0,         0,   0.141,decoder_by_matrix,36e3cd26fed5ec7649ec51fb08c1a5e7d7f30e615782d954fee045c18a4962ca,"{""distance"":3,""physical_error_rate"":5e-05}","{""detection_events"":39,""detectors_checked"":221184}"
      3072,         0,         0,   0.140,decoder_by_matrix,f854eed952f7ffb52e4f578393718ba880ba0930c78fe51d50828fe06a713055,"{""distance"":3,""physical_error_rate"":0.001}","{""detection_events"":333,""detectors_checked"":165888}"
      3072,         0,         0,   0.140,decoder_by_matrix,beec9fd12293a9cfe53c9b61fb8ce2a525e4eed38fa75d132d6dc64699336876,"{""distance"":3,""physical_error_rate"":0.0001}","{""detection_events"":51,""detectors_checked"":165888}"
      4096,         0,         0,   0.140,decoder_by_matrix,36e3cd26fed5ec7649ec51fb08c1a5e7d7f30e615782d954fee045c18a4962ca,"{""distance"":3,""physical_error_rate"":5e-05}","{""detection_events"":21,""detectors_checked"":221184}"
      3072,         0,         0,   0.140,decoder_by_matrix,5c8c81bfec719079c388cedc47a351f264c1bf769ae28a89f9b4fc7719fea501,"{""distance"":3,""physical_error_rate"":0.0005}","{""detection_events"":219,""detectors_checked"":165888}"
      8192,         0,         0,   0.140,decoder_by_matrix,560c721f87db01d4cacf7dcb7d8812fecde61e9e7776d4b9e1b1a792578ecad7,"{""distance"":3,""physical_error_rate"":5e-06}","{""detectors_checked"":442368}"
      6144,         0,         0,   0.004,decoder_by_matrix,560c721f87db01d4cacf7dcb7d8812fecde61e9e7776d4b9e1b1a792578ecad7,"{""distance"":3,""physical_error_rate"":5e-06}","{""detection_events"":6,""detectors_checked"":331776}"
      7168,         0,         0,   0.135,decoder_by_matrix,e9839e3017c9ef118c4b8aeafef39e78c11ecbdb89764e9ca676a7dc2fb6d062,"{""distance"":3,""physical_error_rate"":1e-06}","{""detectors_checked"":387072}"
      6212,         0,         0,   0.132,decoder_by_matrix,e25b8d07214a8afb95d354611a83b9bb1ded39644e323a8585b3aabf687a4fff,"{""distance"":3,""physical_error_rate"":1e-05}","{""detection_events"":6,""detectors_checked"":335448}"
      8192,         0,         0,   0.128,decoder_by_matrix,e9839e3017c9ef118c4b8aeafef39e78c11ecbdb89764e9ca676a7dc2fb6d062,"{""distance"":3,""physical_error_rate"":1e-06}","{""detectors_checked"":442368}"
      2048,        14,         0,   0.123,decoder_by_matrix,dc80d1b5cd4a369885d36fbbadd410646ee6a9cd91075667cd6e1b71d0442655,"{""distance"":3,""physical_error_rate"":0.01}","{""detection_events"":2649,""detectors_checked"":110592,""obs_mistake_mask=E"":14}"
      7168,         0,         0,   0.113,decoder_by_matrix,560c721f87db01d4cacf7dcb7d8812fecde61e9e7776d4b9e1b1a792578ecad7,"{""distance"":3,""physical_error_rate"":5e-06}","{""detection_events"":12,""detectors_checked"":387072}"
      5120,         0,         0,   0.112,decoder_by_matrix,e25b8d07214a8afb95d354611a83b9bb1ded39644e323a8585b3aabf687a4fff,"{""distance"":3,""physical_error_rate"":1e-05}","{""detection_events"":9,""detectors_checked"":276480}"
      6144,         0,         0,   0.112,decoder_by_matrix,e25b8d07214a8afb95d354611a83b9bb1ded39644e323a8585b3aabf687a4fff,"{""distance"":3,""physical_error_rate"":1e-05}","{""detectors_checked"":331776}"
      9216,         0,         0,   0.113,decoder_by_matrix,e9839e3017c9ef118c4b8aeafef39e78c11ecbdb89764e9ca676a7dc2fb6d062,"{""distance"":3,""physical_error_rate"":1e-06}","{""detectors_checked"":497664}"
      3072,         6,         0,   0.114,decoder_by_matrix,bf84ffc61868c0acf247eb3d31d6d1ff07feed51ae0b0770ddaf58683dcdd22c,"{""distance"":3,""physical_error_rate"":0.005}","{""detection_events"":2373,""detectors_checked"":165888,""obs_mistake_mask=E"":6}"
      4096,         0,         0,   0.113,decoder_by_matrix,beec9fd12293a9cfe53c9b61fb8ce2a525e4eed38fa75d132d6dc64699336876,"{""distance"":3,""physical_error_rate"":0.0001}","{""detection_events"":57,""detectors_checked"":221184}"
      2048,         4,         0,   0.112,decoder_by_matrix,bf84ffc61868c0acf247eb3d31d6d1ff07feed51ae0b0770ddaf58683dcdd22c,"{""distance"":3,""physical_error_rate"":0.005}","{""detection_events"":1473,""detectors_checked"":110592,""obs_mistake_mask=E"":4}"
      3072,         0,         0,   0.113,decoder_by_matrix,5c8c81bfec719079c388cedc47a351f264c1bf769ae28a89f9b4fc7719fea501,"{""distance"":3,""physical_error_rate"":0.0005}","{""detection_events"":150,""detectors_checked"":165888}"
      2048,        12,         0,   0.113,decoder_by_matrix,dc80d1b5cd4a369885d36fbbadd410646ee6a9cd91075667cd6e1b71d0442655,"{""distance"":3,""physical_error_rate"":0.01}","{""detection_events"":2838,""detectors_checked"":110592,""obs_mistake_mask=E"":12}"
      3072,         0,         0,   0.108,decoder_by_matrix,36e3cd26fed5ec7649ec51fb08c1a5e7d7f30e615782d954fee045c18a4962ca,"{""distance"":3,""physical_error_rate"":5e-05}","{""detection_events"":51,""detectors_checked"":165888}"
      3072,         0,         0,   0.117,decoder_by_matrix,f854eed952f7ffb52e4f578393718ba880ba0930c78fe51d50828fe06a713055,"{""distance"":3,""physical_error_rate"":0.001}","{""detection_events"":462,""detectors_checked"":165888}"
      3072,         0,         0,   0.113,decoder_by_matrix,f854eed952f7ffb52e4f578393718ba880ba0930c78fe51d50828fe06a713055,"{""distance"":3,""physical_error_rate"":0.001}","{""detection_events"":360,""detectors_checked"":165888}"
      3072,         0,         0,   0.113,decoder_by_matrix,beec9fd12293a9cfe53c9b61fb8ce2a525e4eed38fa75d132d6dc64699336876,"{""distance"":3,""physical_error_rate"":0.0001}","{""detection_events"":54,""detectors_checked"":165888}"
      4096,         0,         0,   0.110,decoder_by_matrix,36e3cd26fed5ec7649ec51fb08c1a5e7d7f30e615782d954fee045c18a4962ca,"{""distance"":3,""physical_error_rate"":5e-05}","{""detection_events"":15,""detectors_checked"":221184}"
      3072,         0,         0,   0.086,decoder_by_matrix,e25b8d07214a8afb95d354611a83b9bb1ded39644e323a8585b3aabf687a4fff,"{""distance"":3,""physical_error_rate"":1e-05}","{""detection_events"":6,""detectors_checked"":165888}"
         1,         0,         0,   0.074,decoder_by_matrix,bf84ffc61868c0acf247eb3d31d6d1ff07feed51ae0b0770ddaf58683dcdd22c,"{""distance"":3,""physical_error_rate"":0.005}","{""detectors_checked"":54}"
      3072,         0,         0,   0.119,decoder_by_matrix,5c8c81bfec719079c388cedc47a351f264c1bf769ae28a89f9b4fc7719fea501,"{""distance"":3,""physical_error_rate"":0.0005}","{""detection_events"":279,""detectors_checked"":165888}"
      7168,         0,         0,   0.120,decoder_by_matrix,560c721f87db01d4cacf7dcb7d8812fecde61e9e7776d4b9e1b1a792578ecad7,"{""distance"":3,""physical_error_rate"":5e-06}","{""detection_events"":9,""detectors_checked"":387072}"
         1,         0,         0,   0.076,decoder_by_matrix,f854eed952f7ffb52e4f578393718ba880ba0930c78fe51d50828fe06a713055,"{""distance"":3,""physical_error_rate"":0.001}","{""detectors_checked"":54}"
         1,         0,         0,   0.103,decoder_by_matrix,f854eed952f7ffb52e4f578393718ba880ba0930c78fe51d50828fe06a713055,"{""distance"":3,""physical_error_rate"":0.001}","{""detectors_checked"":54}"
         1,         0,         0,   0.030,decoder_by_matrix,5c8c81bfec719079c388cedc47a351f264c1bf769ae28a89f9b4fc7719fea501,"{""distance"":3,""physical_error_rate"":0.0005}","{""detectors_checked"":54}"
         1,         0,         0,   0.091,decoder_by_matrix,dc80d1b5cd4a369885d36fbbadd410646ee6a9cd91075667cd6e1b71d0442655,"{""distance"":3,""physical_error_rate"":0.01}","{""detectors_checked"":54}"
         1,         0,         0,   0.130,decoder_by_matrix,36e3cd26fed5ec7649ec51fb08c1a5e7d7f30e615782d954fee045c18a4962ca,"{""distance"":3,""physical_error_rate"":5e-05}","{""detectors_checked"":54}"
         1,         0,         0,   0.093,decoder_by_matrix,dc80d1b5cd4a369885d36fbbadd410646ee6a9cd91075667cd6e1b71d0442655,"{""distance"":3,""physical_error_rate"":0.01}","{""detection_events"":15,""detectors_checked"":54}"
         1,         0,         0,   0.103,decoder_by_matrix,5c8c81bfec719079c388cedc47a351f264c1bf769ae28a89f9b4fc7719fea501,"{""distance"":3,""physical_error_rate"":0.0005}","{""detectors_checked"":54}"
      7168,         0,         0,   0.136,decoder_by_matrix,560c721f87db01d4cacf7dcb7d8812fecde61e9e7776d4b9e1b1a792578ecad7,"{""distance"":3,""physical_error_rate"":5e-06}","{""detection_events"":3,""detectors_checked"":387072}"
         1,         0,         0,   0.125,decoder_by_matrix,bf84ffc61868c0acf247eb3d31d6d1ff07feed51ae0b0770ddaf58683dcdd22c,"{""distance"":3,""physical_error_rate"":0.005}","{""detectors_checked"":54}"
         1,         0,         0,   0.118,decoder_by_matrix,beec9fd12293a9cfe53c9b61fb8ce2a525e4eed38fa75d132d6dc64699336876,"{""distance"":3,""physical_error_rate"":0.0001}","{""detectors_checked"":54}"
         1,         0,         0,   0.060,decoder_by_matrix,beec9fd12293a9cfe53c9b61fb8ce2a525e4eed38fa75d132d6dc64699336876,"{""distance"":3,""physical_error_rate"":0.0001}","{""detectors_checked"":54}"
      8192,         0,         0,   0.147,decoder_by_matrix,e9839e3017c9ef118c4b8aeafef39e78c11ecbdb89764e9ca676a7dc2fb6d062,"{""distance"":3,""physical_error_rate"":1e-06}","{""detectors_checked"":442368}"
      7168,         0,         0,   0.135,decoder_by_matrix,e9839e3017c9ef118c4b8aeafef39e78c11ecbdb89764e9ca676a7dc2fb6d062,"{""distance"":3,""physical_error_rate"":1e-06}","{""detectors_checked"":387072}"
      1296,         0,         0,   0.040,decoder_by_matrix,5c8c81bfec719079c388cedc47a351f264c1bf769ae28a89f9b4fc7719fea501,"{""distance"":3,""physical_error_rate"":0.0005}","{""detection_events"":93,""detectors_checked"":69984}"
      2048,        13,         0,   0.136,decoder_by_matrix,dc80d1b5cd4a369885d36fbbadd410646ee6a9cd91075667cd6e1b71d0442655,"{""distance"":3,""physical_error_rate"":0.01}","{""detection_events"":2700,""detectors_checked"":110592,""obs_mistake_mask=E"":13}"
      1160,         0,         0,   0.021,decoder_by_matrix,beec9fd12293a9cfe53c9b61fb8ce2a525e4eed38fa75d132d6dc64699336876,"{""distance"":3,""physical_error_rate"":0.0001}","{""detection_events"":9,""detectors_checked"":62640}"
      7168,         0,         0,   0.137,decoder_by_matrix,560c721f87db01d4cacf7dcb7d8812fecde61e9e7776d4b9e1b1a792578ecad7,"{""distance"":3,""physical_error_rate"":5e-06}","{""detection_events"":12,""detectors_checked"":387072}"
      7168,         0,         0,   0.135,decoder_by_matrix,e25b8d07214a8afb95d354611a83b9bb1ded39644e323a8585b3aabf687a4fff,"{""distance"":3,""physical_error_rate"":1e-05}","{""detectors_checked"":387072}"
      3072,         0,         0,   0.136,decoder_by_matrix,e25b8d07214a8afb95d354611a83b9bb1ded39644e323a8585b3aabf687a4fff,"{""distance"":3,""physical_error_rate"":1e-05}","{""detection_events"":21,""detectors_checked"":165888}"
      7168,         0,         0,   0.135,decoder_by_matrix,e9839e3017c9ef118c4b8aeafef39e78c11ecbdb89764e9ca676a7dc2fb6d062,"{""distance"":3,""physical_error_rate"":1e-06}","{""detectors_checked"":387072}"
      2048,         1,         0,   0.135,decoder_by_matrix,bf84ffc61868c0acf247eb3d31d6d1ff07feed51ae0b0770ddaf58683dcdd22c,"{""distance"":3,""physical_error_rate"":0.005}","{""detection_events"":1464,""detectors_checked"":110592,""obs_mistake_mask=E"":1}"
      3072,         0,         0,   0.136,decoder_by_matrix,beec9fd12293a9cfe53c9b61fb8ce2a525e4eed38fa75d132d6dc64699336876,"{""distance"":3,""physical_error_rate"":0.0001}","{""detection_events"":48,""detectors_checked"":165888}"
      3072,         6,         0,   0.137,decoder_by_matrix,bf84ffc61868c0acf247eb3d31d6d1ff07feed51ae0b0770ddaf58683dcdd22c,"{""distance"":3,""physical_error_rate"":0.005}","{""detection_events"":2373,""detectors_checked"":165888,""obs_mistake_mask=E"":6}"
      2048,        14,         0,   0.132,decoder_by_matrix,dc80d1b5cd4a369885d36fbbadd410646ee6a9cd91075667cd6e1b71d0442655,"{""distance"":3,""physical_error_rate"":0.01}","{""detection_events"":2841,""detectors_checked"":110592,""obs_mistake_mask=E"":14}"
      2048,         0,         0,   0.139,decoder_by_matrix,5c8c81bfec719079c388cedc47a351f264c1bf769ae28a89f9b4fc7719fea501,"{""distance"":3,""physical_error_rate"":0.0005}","{""detection_events"":99,""detectors_checked"":110592}"
      3072,         0,         0,   0.136,decoder_by_matrix,36e3cd26fed5ec7649ec51fb08c1a5e7d7f30e615782d954fee045c18a4962ca,"{""distance"":3,""physical_error_rate"":5e-05}","{""detection_events"":36,""detectors_checked"":165888}"
      3072,         0,         0,   0.136,decoder_by_matrix,f854eed952f7ffb52e4f578393718ba880ba0930c78fe51d50828fe06a713055,"{""distance"":3,""physical_error_rate"":0.001}","{""detection_events"":507,""detectors_checked"":165888}"
      3072,         0,         0,   0.127,decoder_by_matrix,36e3cd26fed5ec7649ec51fb08c1a5e7d7f30e615782d954fee045c18a4962ca,"{""distance"":3,""physical_error_rate"":5e-05}","{""detection_events"":39,""detectors_checked"":165888}"
      3072,         1,         0,   0.140,decoder_by_matrix,f854eed952f7ffb52e4f578393718ba880ba0930c78fe51d50828fe06a713055,"{""distance"":3,""physical_error_rate"":0.001}","{""detection_events"":549,""detectors_checked"":165888,""obs_mistake_mask=E"":1}"
      3072,         0,         0,   0.140,decoder_by_matrix,beec9fd12293a9cfe53c9b61fb8ce2a525e4eed38fa75d132d6dc64699336876,"{""distance"":3,""physical_error_rate"":0.0001}","{""detection_events"":75,""detectors_checked"":165888}"
      2116,        15,         0,   0.004,decoder_by_matrix,dc80d1b5cd4a369885d36fbbadd410646ee6a9cd91075667cd6e1b71d0442655,"{""distance"":3,""physical_error_rate"":0.01}","{""detection_events"":2922,""detectors_checked"":114264,""obs_mistake_mask=E"":15}"
      4096,         0,         0,   0.138,decoder_by_matrix,e25b8d07214a8afb95d354611a83b9bb1ded39644e323a8585b3aabf687a4fff,"{""distance"":3,""physical_error_rate"":1e-05}","{""detection_events"":12,""detectors_checked"":221184}"
      2116,         0,         0,   0.121,decoder_by_matrix,f854eed952f7ffb52e4f578393718ba880ba0930c78fe51d50828fe06a713055,"{""distance"":3,""physical_error_rate"":0.001}","{""detection_events"":336,""detectors_checked"":114264}"
      2048,         0,         0,   0.137,decoder_by_matrix,5c8c81bfec719079c388cedc47a351f264c1bf769ae28a89f9b4fc7719fea501,"{""distance"":3,""physical_error_rate"":0.0005}","{""detection_events"":162,""detectors_checked"":110592}"
      5120,         0,         0,   0.140,decoder_by_matrix,560c721f87db01d4cacf7dcb7d8812fecde61e9e7776d4b9e1b1a792578ecad7,"{""distance"":3,""physical_error_rate"":5e-06}","{""detectors_checked"":276480}"
      3140,         1,         0,   0.142,decoder_by_matrix,f854eed952f7ffb52e4f578393718ba880ba0930c78fe51d50828fe06a713055,"{""distance"":3,""physical_error_rate"":0.001}","{""detection_events"":441,""detectors_checked"":169560,""obs_mistake_mask=E"":1}"
      2184,         5,         0,   0.157,decoder_by_matrix,bf84ffc61868c0acf247eb3d31d6d1ff07feed51ae0b0770ddaf58683dcdd22c,"{""distance"":3,""physical_error_rate"":0.005}","{""detection_events"":1581,""detectors_checked"":117936,""obs_mistake_mask=E"":5}"
      2048,         0,         0,   0.101,decoder_by_matrix,5c8c81bfec719079c388cedc47a351f264c1bf769ae28a89f9b4fc7719fea501,"{""distance"":3,""physical_error_rate"":0.0005}","{""detection_events"":141,""detectors_checked"":110592}"
      3140,         0,         0,   0.139,decoder_by_matrix,36e3cd26fed5ec7649ec51fb08c1a5e7d7f30e615782d954fee045c18a4962ca,"{""distance"":3,""physical_error_rate"":5e-05}","{""detection_events"":24,""detectors_checked"":169560}"
      2116,        11,         0,   0.148,decoder_by_matrix,dc80d1b5cd4a369885d36fbbadd410646ee6a9cd91075667cd6e1b71d0442655,"{""distance"":3,""physical_error_rate"":0.01}","{""detection_events"":2886,""detectors_checked"":114264,""obs_mistake_mask=E"":11}"
      3140,         0,         0,   0.126,decoder_by_matrix,beec9fd12293a9cfe53c9b61fb8ce2a525e4eed38fa75d132d6dc64699336876,"{""distance"":3,""physical_error_rate"":0.0001}","{""detection_events"":12,""detectors_checked"":169560}"
      2116,         5,         0,   0.135,decoder_by_matrix,bf84ffc61868c0acf247eb3d31d6d1ff07feed51ae0b0770ddaf58683dcdd22c,"{""distance"":3,""physical_error_rate"":0.005}","{""detection_events"":1368,""detectors_checked"":114264,""obs_mistake_mask=E"":5}"
      3140,         0,         0,   0.148,decoder_by_matrix,5c8c81bfec719079c388cedc47a351f264c1bf769ae28a89f9b4fc7719fea501,"{""distance"":3,""physical_error_rate"":0.0005}","{""detection_events"":177,""detectors_checked"":169560}"
      5120,         0,         0,   0.133,decoder_by_matrix,e9839e3017c9ef118c4b8aeafef39e78c11ecbdb89764e9ca676a7dc2fb6d062,"{""distance"":3,""physical_error_rate"":1e-06}","{""detection_events"":18,""detectors_checked"":276480}"
      8192,         0,         0,   0.133,decoder_by_matrix,e9839e3017c9ef118c4b8aeafef39e78c11ecbdb89764e9ca676a7dc2fb6d062,"{""distance"":3,""physical_error_rate"":1e-06}","{""detectors_checked"":442368}"
      9216,         0,         0,   0.155,decoder_by_matrix,560c721f87db01d4cacf7dcb7d8812fecde61e9e7776d4b9e1b1a792578ecad7,"{""distance"":3,""physical_error_rate"":5e-06}","{""detectors_checked"":497664}"
      2048,        18,         0,   0.130,decoder_by_matrix,dc80d1b5cd4a369885d36fbbadd410646ee6a9cd91075667cd6e1b71d0442655,"{""distance"":3,""physical_error_rate"":0.01}","{""detection_events"":2862,""detectors_checked"":110592,""obs_mistake_mask=E"":18}"
      3072,         0,         0,   0.125,decoder_by_matrix,560c721f87db01d4cacf7dcb7d8812fecde61e9e7776d4b9e1b1a792578ecad7,"{""distance"":3,""physical_error_rate"":5e-06}","{""detection_events"":9,""detectors_checked"":165888}"
      4096,         0,         0,   0.134,decoder_by_matrix,beec9fd12293a9cfe53c9b61fb8ce2a525e4eed38fa75d132d6dc64699336876,"{""distance"":3,""physical_error_rate"":0.0001}","{""detection_events"":63,""detectors_checked"":221184}"
      6144,         0,         0,   0.004,decoder_by_matrix,e25b8d07214a8afb95d354611a83b9bb1ded39644e323a8585b3aabf687a4fff,"{""distance"":3,""physical_error_rate"":1e-05}","{""detection_events"":9,""detectors_checked"":331776}"
      8192,         0,         0,   0.136,decoder_by_matrix,e25b8d07214a8afb95d354611a83b9bb1ded39644e323a8585b3aabf687a4fff,"{""distance"":3,""physical_error_rate"":1e-05}","{""detection_events"":6,""detectors_checked"":442368}"
      8192,         0,         0,   0.135,decoder_by_matrix,e9839e3017c9ef118c4b8aeafef39e78c11ecbdb89764e9ca676a7dc2fb6d062,"{""distance"":3,""physical_error_rate"":1e-06}","{""detectors_checked"":442368}"
      3072,         0,         0,   0.130,decoder_by_matrix,beec9fd12293a9cfe53c9b61fb8ce2a525e4eed38fa75d132d6dc64699336876,"{""distance"":3,""physical_error_rate"":0.0001}","{""detection_events"":42,""detectors_checked"":165888}"
      2048,         1,         0,   0.138,decoder_by_matrix,bf84ffc61868c0acf247eb3d31d6d1ff07feed51ae0b0770ddaf58683dcdd22c,"{""distance"":3,""physical_error_rate"":0.005}","{""detection_events"":1557,""detectors_checked"":110592,""obs_mistake_mask=E"":1}"
      2048,         7,         0,   0.134,decoder_by_matrix,bf84ffc61868c0acf247eb3d31d6d1ff07feed51ae0b0770ddaf58683dcdd22c,"{""distance"":3,""physical_error_rate"":0.005}","{""detection_events"":1644,""detectors_checked"":110592,""obs_mistake_mask=E"":7}"
      2048,        11,         0,   0.135,decoder_by_matrix,dc80d1b5cd4a369885d36fbbadd410646ee6a9cd91075667cd6e1b71d0442655,"{""distance"":3,""physical_error_rate"":0.01}","{""detection_events"":2979,""detectors_checked"":110592,""obs_mistake_mask=E"":11}"
      3072,         0,         0,   0.135,decoder_by_matrix,5c8c81bfec719079c388cedc47a351f264c1bf769ae28a89f9b4fc7719fea501,"{""distance"":3,""physical_error_rate"":0.0005}","{""detection_events"":225,""detectors_checked"":165888}"
      2048,         0,         0,   0.130,decoder_by_matrix,f854eed952f7ffb52e4f578393718ba880ba0930c78fe51d50828fe06a713055,"{""distance"":3,""physical_error_rate"":0.001}","{""detection_events"":333,""detectors_checked"":110592}"
      4096,         0,         0,   0.139,decoder_by_matrix,36e3cd26fed5ec7649ec51fb08c1a5e7d7f30e615782d954fee045c18a4962ca,"{""distance"":3,""physical_error_rate"":5e-05}","{""detection_events"":21,""detectors_checked"":221184}"
      3072,         0,         0,   0.135,decoder_by_matrix,f854eed952f7ffb52e4f578393718ba880ba0930c78fe51d50828fe06a713055,"{""distance"":3,""physical_error_rate"":0.001}","{""detection_events"":516,""detectors_checked"":165888}"
      3072,         0,         0,   0.135,decoder_by_matrix,beec9fd12293a9cfe53c9b61fb8ce2a525e4eed38fa75d132d6dc64699336876,"{""distance"":3,""physical_error_rate"":0.0001}","{""detection_events"":81,""detectors_checked"":165888}"
      1024,         6,         0,   0.133,decoder_by_matrix,dc80d1b5cd4a369885d36fbbadd410646ee6a9cd91075667cd6e1b71d0442655,"{""distance"":3,""physical_error_rate"":0.01}","{""detection_events"":1512,""detectors_checked"":55296,""obs_mistake_mask=E"":6}"
      8192,         0,         0,   0.135,decoder_by_matrix,e25b8d07214a8afb95d354611a83b9bb1ded39644e323a8585b3aabf687a4fff,"{""distance"":3,""physical_error_rate"":1e-05}","{""detectors_checked"":442368}"
      3072,         0,         0,   0.135,decoder_by_matrix,f854eed952f7ffb52e4f578393718ba880ba0930c78fe51d50828fe06a713055,"{""distance"":3,""physical_error_rate"":0.001}","{""detection_events"":390,""detectors_checked"":165888}"
      2048,         0,         0,   0.127,decoder_by_matrix,f854eed952f7ffb52e4f578393718ba880ba0930c78fe51d50828fe06a713055,"{""distance"":3,""physical_error_rate"":0.001}","{""detection_events"":303,""detectors_checked"":110592}"
      3072,         2,         0,   0.133,decoder_by_matrix,bf84ffc61868c0acf247eb3d31d6d1ff07feed51ae0b0770ddaf58683dcdd22c,"{""distance"":3,""physical_error_rate"":0.005}","{""detection_events"":2100,""detectors_checked"":165888,""obs_mistake_mask=E"":2}"
      3072,         0,         0,   0.132,decoder_by_matrix,5c8c81bfec719079c388cedc47a351f264c1bf769ae28a89f9b4fc7719fea501,"{""distance"":3,""physical_error_rate"":0.0005}","{""detection_events"":186,""detectors_checked"":165888}"
      2048,        13,         0,   0.128,decoder_by_matrix,dc80d1b5cd4a369885d36fbbadd410646ee6a9cd91075667cd6e1b71d0442655,"{""distance"":3,""physical_error_rate"":0.01}","{""detection_events"":2838,""detectors_checked"":110592,""obs_mistake_mask=E"":13}"
      3072,         0,         0,   0.003,decoder_by_matrix,36e3cd26fed5ec7649ec51fb08c1a5e7d7f30e615782d954fee045c18a4962ca,"{""distance"":3,""physical_error_rate"":5e-05}","{""detection_events"":30,""detectors_checked"":165888}"
      5120,         0,         0,   0.133,decoder_by_matrix,beec9fd12293a9cfe53c9b61fb8ce2a525e4eed38fa75d132d6dc64699336876,"{""distance"":3,""physical_error_rate"":0.0001}","{""detection_events"":96,""detectors_checked"":276480}"
      3072,         5,         0,   0.132,decoder_by_matrix,bf84ffc61868c0acf247eb3d31d6d1ff07feed51ae0b0770ddaf58683dcdd22c,"{""distance"":3,""physical_error_rate"":0.005}","{""detection_events"":2352,""detectors_checked"":165888,""obs_mistake_mask=E"":5}"
      7168,         0,         0,   0.126,decoder_by_matrix,e9839e3017c9ef118c4b8aeafef39e78c11ecbdb89764e9ca676a7dc2fb6d062,"{""distance"":3,""physical_error_rate"":1e-06}","{""detectors_checked"":387072}"
      3072,         0,         0,   0.135,decoder_by_matrix,5c8c81bfec719079c388cedc47a351f264c1bf769ae28a89f9b4fc7719fea501,"{""distance"":3,""physical_error_rate"":0.0005}","{""detection_events"":300,""detectors_checked"":165888}"
      8192,         0,         0,   0.131,decoder_by_matrix,e9839e3017c9ef118c4b8aeafef39e78c11ecbdb89764e9ca676a7dc2fb6d062,"{""distance"":3,""physical_error_rate"":1e-06}","{""detectors_checked"":442368}"
      7168,         0,         0,   0.131,decoder_by_matrix,560c721f87db01d4cacf7dcb7d8812fecde61e9e7776d4b9e1b1a792578ecad7,"{""distance"":3,""physical_error_rate"":5e-06}","{""detection_events"":3,""detectors_checked"":387072}"
      3072,         0,         0,   0.131,decoder_by_matrix,beec9fd12293a9cfe53c9b61fb8ce2a525e4eed38fa75d132d6dc64699336876,"{""distance"":3,""physical_error_rate"":0.0001}","{""detection_events"":54,""detectors_checked"":165888}"
     14336,         0,         0,   0.194,decoder_by_matrix,560c721f87db01d4cacf7dcb7d8812fecde61e9e7776d4b9e1b1a792578ecad7,"{""distance"":3,""physical_error_rate"":5e-06}","{""detectors_checked"":774144}"
      7168,         0,         0,   0.265,decoder_by_matrix,36e3cd26fed5ec7649ec51fb08c1a5e7d7f30e615782d954fee045c18a4962ca,"{""distance"":3,""physical_error_rate"":5e-05}","{""detection_events"":69,""detectors_checked"":387072}"
      2048,        14,         0,   0.131,decoder_by_matrix,dc80d1b5cd4a369885d36fbbadd410646ee6a9cd91075667cd6e1b71d0442655,"{""distance"":3,""physical_error_rate"":0.01}","{""detection_events"":2748,""detectors_checked"":110592,""obs_mistake_mask=E"":14}"
      6144,         0,         0,   0.131,decoder_by_matrix,e25b8d07214a8afb95d354611a83b9bb1ded39644e323a8585b3aabf687a4fff,"{""distance"":3,""physical_error_rate"":1e-05}","{""detection_events"":9,""detectors_checked"":331776}"
      3072,         0,         0,   0.098,decoder_by_matrix,beec9fd12293a9cfe53c9b61fb8ce2a525e4eed38fa75d132d6dc64699336876,"{""distance"":3,""physical_error_rate"":0.0001}","{""detection_events"":3,""detectors_checked"":165888}"
      3072,         0,         0,   0.135,decoder_by_matrix,f854eed952f7ffb52e4f578393718ba880ba0930c78fe51d50828fe06a713055,"{""distance"":3,""physical_error_rate"":0.001}","{""detection_events"":450,""detectors_checked"":165888}"
      6144,         0,         0,   0.270,decoder_by_matrix,5c8c81bfec719079c388cedc47a351f264c1bf769ae28a89f9b4fc7719fea501,"{""distance"":3,""physical_error_rate"":0.0005}","{""detection_events"":396,""detectors_checked"":331776}"
      3072,         1,         0,   0.135,decoder_by_matrix,f854eed952f7ffb52e4f578393718ba880ba0930c78fe51d50828fe06a713055,"{""distance"":3,""physical_error_rate"":0.001}","{""detection_events"":465,""detectors_checked"":165888,""obs_mistake_mask=E"":1}"
      2048,         5,         0,   0.130,decoder_by_matrix,bf84ffc61868c0acf247eb3d31d6d1ff07feed51ae0b0770ddaf58683dcdd22c,"{""distance"":3,""physical_error_rate"":0.005}","{""detection_events"":1509,""detectors_checked"":110592,""obs_mistake_mask=E"":5}"
      2048,         2,         0,   0.119,decoder_by_matrix,bf84ffc61868c0acf247eb3d31d6d1ff07feed51ae0b0770ddaf58683dcdd22c,"{""distance"":3,""physical_error_rate"":0.005}","{""detection_events"":1377,""detectors_checked"":110592,""obs_mistake_mask=E"":2}"
      2048,         0,         0,   0.137,decoder_by_matrix,5c8c81bfec719079c388cedc47a351f264c1bf769ae28a89f9b4fc7719fea501,"{""distance"":3,""physical_error_rate"":0.0005}","{""detection_events"":219,""detectors_checked"":110592}"
      2048,        11,         0,   0.138,decoder_by_matrix,dc80d1b5cd4a369885d36fbbadd410646ee6a9cd91075667cd6e1b71d0442655,"{""distance"":3,""physical_error_rate"":0.01}","{""detection_events"":2565,""detectors_checked"":110592,""obs_mistake_mask=E"":11}"
      3072,         0,         0,   0.138,decoder_by_matrix,36e3cd26fed5ec7649ec51fb08c1a5e7d7f30e615782d954fee045c18a4962ca,"{""distance"":3,""physical_error_rate"":5e-05}","{""detection_events"":39,""detectors_checked"":165888}"
      3072,         0,         0,   0.131,decoder_by_matrix,5c8c81bfec719079c388cedc47a351f264c1bf769ae28a89f9b4fc7719fea501,"{""distance"":3,""physical_error_rate"":0.0005}","{""detection_events"":246,""detectors_checked"":165888}"
      7168,         0,         0,   0.130,decoder_by_matrix,e9839e3017c9ef118c4b8aeafef39e78c11ecbdb89764e9ca676a7dc2fb6d062,"{""distance"":3,""physical_error_rate"":1e-06}","{""detectors_checked"":387072}"
      8192,         0,         0,   0.131,decoder_by_matrix,560c721f87db01d4cacf7dcb7d8812fecde61e9e7776d4b9e1b1a792578ecad7,"{""distance"":3,""physical_error_rate"":5e-06}","{""detectors_checked"":442368}"
      4096,        26,         0,   0.262,decoder_by_matrix,dc80d1b5cd4a369885d36fbbadd410646ee6a9cd91075667cd6e1b71d0442655,"{""distance"":3,""physical_error_rate"":0.01}","{""detection_events"":5526,""detectors_checked"":221184,""obs_mistake_mask=E"":26}"
     15360,         0,         0,   0.262,decoder_by_matrix,560c721f87db01d4cacf7dcb7d8812fecde61e9e7776d4b9e1b1a792578ecad7,"{""distance"":3,""physical_error_rate"":5e-06}","{""detection_events"":6,""detectors_checked"":829440}"
      3072,         0,         0,   0.131,decoder_by_matrix,beec9fd12293a9cfe53c9b61fb8ce2a525e4eed38fa75d132d6dc64699336876,"{""distance"":3,""physical_error_rate"":0.0001}","{""detection_events"":36,""detectors_checked"":165888}"
     11264,         0,         0,   0.135,decoder_by_matrix,e25b8d07214a8afb95d354611a83b9bb1ded39644e323a8585b3aabf687a4fff,"{""distance"":3,""physical_error_rate"":1e-05}","{""detection_events"":24,""detectors_checked"":608256}"
     11264,         0,         0,   0.134,decoder_by_matrix,e25b8d07214a8afb95d354611a83b9bb1ded39644e323a8585b3aabf687a4fff,"{""distance"":3,""physical_error_rate"":1e-05}","{""detection_events"":18,""detectors_checked"":608256}"
     16384,         0,         0,   0.261,decoder_by_matrix,e9839e3017c9ef118c4b8aeafef39e78c11ecbdb89764e9ca676a7dc2fb6d062,"{""distance"":3,""physical_error_rate"":1e-06}","{""detectors_checked"":884736}"
      6144,         0,         0,   0.262,decoder_by_matrix,beec9fd12293a9cfe53c9b61fb8ce2a525e4eed38fa75d132d6dc64699336876,"{""distance"":3,""physical_error_rate"":0.0001}","{""detection_events"":117,""detectors_checked"":331776}"
      5120,         7,         0,   0.262,decoder_by_matrix,bf84ffc61868c0acf247eb3d31d6d1ff07feed51ae0b0770ddaf58683dcdd22c,"{""distance"":3,""physical_error_rate"":0.005}","{""detection_events"":3624,""detectors_checked"":276480,""obs_mistake_mask=E"":7}"
      6144,         1,         0,   0.250,decoder_by_matrix,f854eed952f7ffb52e4f578393718ba880ba0930c78fe51d50828fe06a713055,"{""distance"":3,""physical_error_rate"":0.001}","{""detection_events"":978,""detectors_checked"":331776,""obs_mistake_mask=E"":1}"
      5120,        12,         0,   0.266,decoder_by_matrix,bf84ffc61868c0acf247eb3d31d6d1ff07feed51ae0b0770ddaf58683dcdd22c,"{""distance"":3,""physical_error_rate"":0.005}","{""detection_events"":3573,""detectors_checked"":276480,""obs_mistake_mask=E"":12}"
      6144,         0,         0,   0.262,decoder_by_matrix,5c8c81bfec719079c388cedc47a351f264c1bf769ae28a89f9b4fc7719fea501,"{""distance"":3,""physical_error_rate"":0.0005}","{""detection_events"":390,""detectors_checked"":331776}"
      3072,        25,         0,   0.268,decoder_by_matrix,dc80d1b5cd4a369885d36fbbadd410646ee6a9cd91075667cd6e1b71d0442655,"{""distance"":3,""physical_error_rate"":0.01}","{""detection_events"":4473,""detectors_checked"":165888,""obs_mistake_mask=E"":25}"
      7168,         0,         0,   0.266,decoder_by_matrix,36e3cd26fed5ec7649ec51fb08c1a5e7d7f30e615782d954fee045c18a4962ca,"{""distance"":3,""physical_error_rate"":5e-05}","{""detection_events"":72,""detectors_checked"":387072}"
      5120,         1,         0,   0.261,decoder_by_matrix,f854eed952f7ffb52e4f578393718ba880ba0930c78fe51d50828fe06a713055,"{""distance"":3,""physical_error_rate"":0.001}","{""detection_events"":825,""detectors_checked"":276480,""obs_mistake_mask=E"":1}"
      7168,         0,         0,   0.261,decoder_by_matrix,beec9fd12293a9cfe53c9b61fb8ce2a525e4eed38fa75d132d6dc64699336876,"{""distance"":3,""physical_error_rate"":0.0001}","{""detection_events"":78,""detectors_checked"":387072}"
      2048,        13,         0,   0.131,decoder_by_matrix,dc80d1b5cd4a369885d36fbbadd410646ee6a9cd91075667cd6e1b71d0442655,"{""distance"":3,""physical_error_rate"":0.01}","{""detection_events"":2985,""detectors_checked"":110592,""obs_mistake_mask=E"":13}"
      5120,         0,         0,   0.130,decoder_by_matrix,e25b8d07214a8afb95d354611a83b9bb1ded39644e323a8585b3aabf687a4fff,"{""distance"":3,""physical_error_rate"":1e-05}","{""detection_events"":9,""detectors_checked"":276480}"
      4096,         0,         0,   0.135,decoder_by_matrix,beec9fd12293a9cfe53c9b61fb8ce2a525e4eed38fa75d132d6dc64699336876,"{""distance"":3,""physical_error_rate"":0.0001}","{""detection_events"":30,""detectors_checked"":221184}"
      3072,         0,         0,   0.134,decoder_by_matrix,f854eed952f7ffb52e4f578393718ba880ba0930c78fe51d50828fe06a713055,"{""distance"":3,""physical_error_rate"":0.001}","{""detection_events"":375,""detectors_checked"":165888}"
      2048,         4,         0,   0.118,decoder_by_matrix,bf84ffc61868c0acf247eb3d31d6d1ff07feed51ae0b0770ddaf58683dcdd22c,"{""distance"":3,""physical_error_rate"":0.005}","{""detection_events"":1452,""detectors_checked"":110592,""obs_mistake_mask=E"":4}"
      3072,         0,         0,   0.138,decoder_by_matrix,f854eed952f7ffb52e4f578393718ba880ba0930c78fe51d50828fe06a713055,"{""distance"":3,""physical_error_rate"":0.001}","{""detection_events"":342,""detectors_checked"":165888}"
      2048,         6,         0,   0.137,decoder_by_matrix,bf84ffc61868c0acf247eb3d31d6d1ff07feed51ae0b0770ddaf58683dcdd22c,"{""distance"":3,""physical_error_rate"":0.005}","{""detection_events"":1557,""detectors_checked"":110592,""obs_mistake_mask=E"":6}"
     16384,         0,         0,   0.250,decoder_by_matrix,e9839e3017c9ef118c4b8aeafef39e78c11ecbdb89764e9ca676a7dc2fb6d062,"{""distance"":3,""physical_error_rate"":1e-06}","{""detectors_checked"":884736}"
      3072,         0,         0,   0.135,decoder_by_matrix,5c8c81bfec719079c388cedc47a351f264c1bf769ae28a89f9b4fc7719fea501,"{""distance"":3,""physical_error_rate"":0.0005}","{""detection_events"":159,""detectors_checked"":165888}"
      3072,         0,         0,   0.132,decoder_by_matrix,36e3cd26fed5ec7649ec51fb08c1a5e7d7f30e615782d954fee045c18a4962ca,"{""distance"":3,""physical_error_rate"":5e-05}","{""detection_events"":24,""detectors_checked"":165888}"
      3072,         0,         0,   0.128,decoder_by_matrix,5c8c81bfec719079c388cedc47a351f264c1bf769ae28a89f9b4fc7719fea501,"{""distance"":3,""physical_error_rate"":0.0005}","{""detection_events"":189,""detectors_checked"":165888}"
      2048,        15,         0,   0.147,decoder_by_matrix,dc80d1b5cd4a369885d36fbbadd410646ee6a9cd91075667cd6e1b71d0442655,"{""distance"":3,""physical_error_rate"":0.01}","{""detection_events"":2889,""detectors_checked"":110592,""obs_mistake_mask=E"":15}"
      8192,         0,         0,   0.132,decoder_by_matrix,560c721f87db01d4cacf7dcb7d8812fecde61e9e7776d4b9e1b1a792578ecad7,"{""distance"":3,""physical_error_rate"":5e-06}","{""detectors_checked"":442368}"
      3072,         0,         0,   0.132,decoder_by_matrix,beec9fd12293a9cfe53c9b61fb8ce2a525e4eed38fa75d132d6dc64699336876,"{""distance"":3,""physical_error_rate"":0.0001}","{""detection_events"":66,""detectors_checked"":165888}"
      2048,         0,         0,   0.064,decoder_by_matrix,beec9fd12293a9cfe53c9b61fb8ce2a525e4eed38fa75d132d6dc64699336876,"{""distance"":3,""physical_error_rate"":0.0001}","{""detection_events"":18,""detectors_checked"":110592}"
     15360,         0,         0,   0.267,decoder_by_matrix,560c721f87db01d4cacf7dcb7d8812fecde61e9e7776d4b9e1b1a792578ecad7,"{""distance"":3,""physical_error_rate"":5e-06}","{""detection_events"":6,""detectors_checked"":829440}"
      8192,         0,         0,   0.271,decoder_by_matrix,36e3cd26fed5ec7649ec51fb08c1a5e7d7f30e615782d954fee045c18a4962ca,"{""distance"":3,""physical_error_rate"":5e-05}","{""detection_events"":63,""detectors_checked"":442368}"
      2048,        15,         0,   0.136,decoder_by_matrix,dc80d1b5cd4a369885d36fbbadd410646ee6a9cd91075667cd6e1b71d0442655,"{""distance"":3,""physical_error_rate"":0.01}","{""detection_events"":2808,""detectors_checked"":110592,""obs_mistake_mask=E"":15}"
      8192,         0,         0,   0.136,decoder_by_matrix,e25b8d07214a8afb95d354611a83b9bb1ded39644e323a8585b3aabf687a4fff,"{""distance"":3,""physical_error_rate"":1e-05}","{""detection_events"":6,""detectors_checked"":442368}"
      2048,         1,         0,   0.128,decoder_by_matrix,f854eed952f7ffb52e4f578393718ba880ba0930c78fe51d50828fe06a713055,"{""distance"":3,""physical_error_rate"":0.001}","{""detection_events"":324,""detectors_checked"":110592,""obs_mistake_mask=E"":1}"
      2048,         4,         0,   0.128,decoder_by_matrix,bf84ffc61868c0acf247eb3d31d6d1ff07feed51ae0b0770ddaf58683dcdd22c,"{""distance"":3,""physical_error_rate"":0.005}","{""detection_events"":1497,""detectors_checked"":110592,""obs_mistake_mask=E"":4}"
      6144,         0,         0,   0.267,decoder_by_matrix,5c8c81bfec719079c388cedc47a351f264c1bf769ae28a89f9b4fc7719fea501,"{""distance"":3,""physical_error_rate"":0.0005}","{""detection_events"":567,""detectors_checked"":331776}"
      3072,         0,         0,   0.129,decoder_by_matrix,f854eed952f7ffb52e4f578393718ba880ba0930c78fe51d50828fe06a713055,"{""distance"":3,""physical_error_rate"":0.001}","{""detection_events"":414,""detectors_checked"":165888}"
      2048,         4,         0,   0.132,decoder_by_matrix,bf84ffc61868c0acf247eb3d31d6d1ff07feed51ae0b0770ddaf58683dcdd22c,"{""distance"":3,""physical_error_rate"":0.005}","{""detection_events"":1494,""detectors_checked"":110592,""obs_mistake_mask=E"":4}"
      3072,         0,         0,   0.132,decoder_by_matrix,5c8c81bfec719079c388cedc47a351f264c1bf769ae28a89f9b4fc7719fea501,"{""distance"":3,""physical_error_rate"":0.0005}","{""detection_events"":225,""detectors_checked"":165888}"
      5120,         0,         0,   0.131,decoder_by_matrix,36e3cd26fed5ec7649ec51fb08c1a5e7d7f30e615782d954fee045c18a4962ca,"{""distance"":3,""physical_error_rate"":5e-05}","{""detection_events"":24,""detectors_checked"":276480}"
      2048,         0,         0,   0.130,decoder_by_matrix,5c8c81bfec719079c388cedc47a351f264c1bf769ae28a89f9b4fc7719fea501,"{""distance"":3,""physical_error_rate"":0.0005}","{""detection_events"":156,""detectors_checked"":110592}"
     17408,         0,         0,   0.259,decoder_by_matrix,e9839e3017c9ef118c4b8aeafef39e78c11ecbdb89764e9ca676a7dc2fb6d062,"{""distance"":3,""physical_error_rate"":1e-06}","{""detectors_checked"":940032}"
      2048,        17,         0,   0.131,decoder_by_matrix,dc80d1b5cd4a369885d36fbbadd410646ee6a9cd91075667cd6e1b71d0442655,"{""distance"":3,""physical_error_rate"":0.01}","{""detection_events"":2832,""detectors_checked"":110592,""obs_mistake_mask=E"":17}"
      3072,        25,         0,   0.261,decoder_by_matrix,dc80d1b5cd4a369885d36fbbadd410646ee6a9cd91075667cd6e1b71d0442655,"{""distance"":3,""physical_error_rate"":0.01}","{""detection_events"":4299,""detectors_checked"":165888,""obs_mistake_mask=E"":25}"
     16384,         0,         0,   0.262,decoder_by_matrix,560c721f87db01d4cacf7dcb7d8812fecde61e9e7776d4b9e1b1a792578ecad7,"{""distance"":3,""physical_error_rate"":5e-06}","{""detectors_checked"":884736}"
      2048,         0,         0,   0.130,decoder_by_matrix,beec9fd12293a9cfe53c9b61fb8ce2a525e4eed38fa75d132d6dc64699336876,"{""distance"":3,""physical_error_rate"":0.0001}","{""detection_events"":51,""detectors_checked"":110592}"
      4096,         0,         0,   0.131,decoder_by_matrix,beec9fd12293a9cfe53c9b61fb8ce2a525e4eed38fa75d132d6dc64699336876,"{""distance"":3,""physical_error_rate"":0.0001}","{""detection_events"":102,""detectors_checked"":221184}"
     14336,         0,         0,   0.267,decoder_by_matrix,e25b8d07214a8afb95d354611a83b9bb1ded39644e323a8585b3aabf687a4fff,"{""distance"":3,""physical_error_rate"":1e-05}","{""detection_events"":12,""detectors_checked"":774144}"
     14336,         0,         0,   0.267,decoder_by_matrix,e25b8d07214a8afb95d354611a83b9bb1ded39644e323a8585b3aabf687a4fff,"{""distance"":3,""physical_error_rate"":1e-05}","{""detection_events"":12,""detectors_checked"":774144}"
     15360,         0,         0,   0.269,decoder_by_matrix,e9839e3017c9ef118c4b8aeafef39e78c11ecbdb89764e9ca676a7dc2fb6d062,"{""distance"":3,""physical_error_rate"":1e-06}","{""detection_events"":9,""detectors_checked"":829440}"
      6144,         0,         0,   0.268,decoder_by_matrix,beec9fd12293a9cfe53c9b61fb8ce2a525e4eed38fa75d132d6dc64699336876,"{""distance"":3,""physical_error_rate"":0.0001}","{""detection_events"":129,""detectors_checked"":331776}"
      5120,         9,         0,   0.269,decoder_by_matrix,bf84ffc61868c0acf247eb3d31d6d1ff07feed51ae0b0770ddaf58683dcdd22c,"{""distance"":3,""physical_error_rate"":0.005}","{""detection_events"":3900,""detectors_checked"":276480,""obs_mistake_mask=E"":9}"
      4096,         5,         0,   0.263,decoder_by_matrix,bf84ffc61868c0acf247eb3d31d6d1ff07feed51ae0b0770ddaf58683dcdd22c,"{""distance"":3,""physical_error_rate"":0.005}","{""detection_events"":3015,""detectors_checked"":221184,""obs_mistake_mask=E"":5}"
      6144,         0,         0,   0.272,decoder_by_matrix,f854eed952f7ffb52e4f578393718ba880ba0930c78fe51d50828fe06a713055,"{""distance"":3,""physical_error_rate"":0.001}","{""detection_events"":900,""detectors_checked"":331776}"
      6144,         0,         0,   0.268,decoder_by_matrix,5c8c81bfec719079c388cedc47a351f264c1bf769ae28a89f9b4fc7719fea501,"{""distance"":3,""physical_error_rate"":0.0005}","{""detection_events"":465,""detectors_checked"":331776}"
      4096,        31,         0,   0.268,decoder_by_matrix,dc80d1b5cd4a369885d36fbbadd410646ee6a9cd91075667cd6e1b71d0442655,"{""distance"":3,""physical_error_rate"":0.01}","{""detection_events"":5979,""detectors_checked"":221184,""obs_mistake_mask=E"":31}"
      6144,         0,         0,   0.264,decoder_by_matrix,f854eed952f7ffb52e4f578393718ba880ba0930c78fe51d50828fe06a713055,"{""distance"":3,""physical_error_rate"":0.001}","{""detection_events"":783,""detectors_checked"":331776}"
      6144,         0,         0,   0.271,decoder_by_matrix,36e3cd26fed5ec7649ec51fb08c1a5e7d7f30e615782d954fee045c18a4962ca,"{""distance"":3,""physical_error_rate"":5e-05}","{""detection_events"":45,""detectors_checked"":331776}"
      6144,         0,         0,   0.268,decoder_by_matrix,beec9fd12293a9cfe53c9b61fb8ce2a525e4eed38fa75d132d6dc64699336876,"{""distance"":3,""physical_error_rate"":0.0001}","{""detection_events"":87,""detectors_checked"":331776}"
      2048,        25,         0,   0.132,decoder_by_matrix,dc80d1b5cd4a369885d36fbbadd410646ee6a9cd91075667cd6e1b71d0442655,"{""distance"":3,""physical_error_rate"":0.01}","{""detection_events"":2979,""detectors_checked"":110592,""obs_mistake_mask=E"":25}"
      3072,         0,         0,   0.132,decoder_by_matrix,f854eed952f7ffb52e4f578393718ba880ba0930c78fe51d50828fe06a713055,"{""distance"":3,""physical_error_rate"":0.001}","{""detection_events"":429,""detectors_checked"":165888}"
      2048,         2,         0,   0.132,decoder_by_matrix,bf84ffc61868c0acf247eb3d31d6d1ff07feed51ae0b0770ddaf58683dcdd22c,"{""distance"":3,""physical_error_rate"":0.005}","{""detection_events"":1311,""detectors_checked"":110592,""obs_mistake_mask=E"":2}"
      2048,         0,         0,   0.131,decoder_by_matrix,f854eed952f7ffb52e4f578393718ba880ba0930c78fe51d50828fe06a713055,"{""distance"":3,""physical_error_rate"":0.001}","{""detection_events"":318,""detectors_checked"":110592}"
      3072,         5,         0,   0.130,decoder_by_matrix,bf84ffc61868c0acf247eb3d31d6d1ff07feed51ae0b0770ddaf58683dcdd22c,"{""distance"":3,""physical_error_rate"":0.005}","{""detection_events"":2151,""detectors_checked"":165888,""obs_mistake_mask=E"":5}"
     14336,         0,         0,   0.136,decoder_by_matrix,e9839e3017c9ef118c4b8aeafef39e78c11ecbdb89764e9ca676a7dc2fb6d062,"{""distance"":3,""physical_error_rate"":1e-06}","{""detection_events"":12,""detectors_checked"":774144}"
      3072,         0,         0,   0.129,decoder_by_matrix,5c8c81bfec719079c388cedc47a351f264c1bf769ae28a89f9b4fc7719fea501,"{""distance"":3,""physical_error_rate"":0.0005}","{""detection_events"":225,""detectors_checked"":165888}"
      4096,         0,         0,   0.003,decoder_by_matrix,36e3cd26fed5ec7649ec51fb08c1a5e7d7f30e615782d954fee045c18a4962ca,"{""distance"":3,""physical_error_rate"":5e-05}","{""detection_events"":42,""detectors_checked"":221184}"
      3072,         0,         0,   0.129,decoder_by_matrix,5c8c81bfec719079c388cedc47a351f264c1bf769ae28a89f9b4fc7719fea501,"{""distance"":3,""physical_error_rate"":0.0005}","{""detection_events"":216,""detectors_checked"":165888}"
      2048,        16,         0,   0.129,decoder_by_matrix,dc80d1b5cd4a369885d36fbbadd410646ee6a9cd91075667cd6e1b71d0442655,"{""distance"":3,""physical_error_rate"":0.01}","{""detection_events"":2766,""detectors_checked"":110592,""obs_mistake_mask=E"":16}"
     14336,         0,         0,   0.259,decoder_by_matrix,560c721f87db01d4cacf7dcb7d8812fecde61e9e7776d4b9e1b1a792578ecad7,"{""distance"":3,""physical_error_rate"":5e-06}","{""detection_events"":6,""detectors_checked"":774144}"
      3072,         0,         0,   0.133,decoder_by_matrix,beec9fd12293a9cfe53c9b61fb8ce2a525e4eed38fa75d132d6dc64699336876,"{""distance"":3,""physical_error_rate"":0.0001}","{""detection_events"":21,""detectors_checked"":165888}"
      2048,         0,         0,   0.132,decoder_by_matrix,beec9fd12293a9cfe53c9b61fb8ce2a525e4eed38fa75d132d6dc64699336876,"{""distance"":3,""physical_error_rate"":0.0001}","{""detection_events"":63,""detectors_checked"":110592}"
      2048,        16,         0,   0.124,decoder_by_matrix,dc80d1b5cd4a369885d36fbbadd410646ee6a9cd91075667cd6e1b71d0442655,"{""distance"":3,""physical_error_rate"":0.01}","{""detection_events"":3039,""detectors_checked"":110592,""obs_mistake_mask=E"":16}"
      2048,         1,         0,   0.116,decoder_by_matrix,bf84ffc61868c0acf247eb3d31d6d1ff07feed51ae0b0770ddaf58683dcdd22c,"{""distance"":3,""physical_error_rate"":0.005}","{""detection_events"":1368,""detectors_checked"":110592,""obs_mistake_mask=E"":1}"
     11264,         0,         0,   0.259,decoder_by_matrix,e25b8d07214a8afb95d354611a83b9bb1ded39644e323a8585b3aabf687a4fff,"{""distance"":3,""physical_error_rate"":1e-05}","{""detection_events"":12,""detectors_checked"":608256}"
      3072,         0,         0,   0.128,decoder_by_matrix,f854eed952f7ffb52e4f578393718ba880ba0930c78fe51d50828fe06a713055,"{""distance"":3,""physical_error_rate"":0.001}","{""detection_events"":408,""detectors_checked"":165888}"
      3072,         0,         0,   0.128,decoder_by_matrix,f854eed952f7ffb52e4f578393718ba880ba0930c78fe51d50828fe06a713055,"{""distance"":3,""physical_error_rate"":0.001}","{""detection_events"":441,""detectors_checked"":165888}"
      2048,         1,         0,   0.127,decoder_by_matrix,bf84ffc61868c0acf247eb3d31d6d1ff07feed51ae0b0770ddaf58683dcdd22c,"{""distance"":3,""physical_error_rate"":0.005}","{""detection_events"":1488,""detectors_checked"":110592,""obs_mistake_mask=E"":1}"
      5120,         0,         0,   0.129,decoder_by_matrix,36e3cd26fed5ec7649ec51fb08c1a5e7d7f30e615782d954fee045c18a4962ca,"{""distance"":3,""physical_error_rate"":5e-05}","{""detection_events"":24,""detectors_checked"":276480}"
      3072,         0,         0,   0.128,decoder_by_matrix,5c8c81bfec719079c388cedc47a351f264c1bf769ae28a89f9b4fc7719fea501,"{""distance"":3,""physical_error_rate"":0.0005}","{""detection_events"":180,""detectors_checked"":165888}"
     16384,         0,         0,   0.256,decoder_by_matrix,e9839e3017c9ef118c4b8aeafef39e78c11ecbdb89764e9ca676a7dc2fb6d062,"{""distance"":3,""physical_error_rate"":1e-06}","{""detectors_checked"":884736}"
      2048,        15,         0,   0.128,decoder_by_matrix,dc80d1b5cd4a369885d36fbbadd410646ee6a9cd91075667cd6e1b71d0442655,"{""distance"":3,""physical_error_rate"":0.01}","{""detection_events"":2856,""detectors_checked"":110592,""obs_mistake_mask=E"":15}"
     22528,         0,         0,   0.416,decoder_by_matrix,560c721f87db01d4cacf7dcb7d8812fecde61e9e7776d4b9e1b1a792578ecad7,"{""distance"":3,""physical_error_rate"":5e-06}","{""detection_events"":12,""detectors_checked"":1216512}"
     12288,         0,         0,   0.381,decoder_by_matrix,36e3cd26fed5ec7649ec51fb08c1a5e7d7f30e615782d954fee045c18a4962ca,"{""distance"":3,""physical_error_rate"":5e-05}","{""detection_events"":66,""detectors_checked"":663552}"
      6144,         0,         0,   0.290,decoder_by_matrix,5c8c81bfec719079c388cedc47a351f264c1bf769ae28a89f9b4fc7719fea501,"{""distance"":3,""physical_error_rate"":0.0005}","{""detection_events"":483,""detectors_checked"":331776}"
      9216,         0,         0,   0.387,decoder_by_matrix,5c8c81bfec719079c388cedc47a351f264c1bf769ae28a89f9b4fc7719fea501,"{""distance"":3,""physical_error_rate"":0.0005}","{""detection_events"":630,""detectors_checked"":497664}"
      6144,         1,         0,   0.255,decoder_by_matrix,5c8c81bfec719079c388cedc47a351f264c1bf769ae28a89f9b4fc7719fea501,"{""distance"":3,""physical_error_rate"":0.0005}","{""detection_events"":420,""detectors_checked"":331776,""obs_mistake_mask=E"":1}"
      8192,         0,         0,   0.315,decoder_by_matrix,36e3cd26fed5ec7649ec51fb08c1a5e7d7f30e615782d954fee045c18a4962ca,"{""distance"":3,""physical_error_rate"":5e-05}","{""detection_events"":69,""detectors_checked"":442368}"
     15360,         0,         0,   0.259,decoder_by_matrix,560c721f87db01d4cacf7dcb7d8812fecde61e9e7776d4b9e1b1a792578ecad7,"{""distance"":3,""physical_error_rate"":5e-06}","{""detection_events"":12,""detectors_checked"":829440}"
      6144,        46,         0,   0.388,decoder_by_matrix,dc80d1b5cd4a369885d36fbbadd410646ee6a9cd91075667cd6e1b71d0442655,"{""distance"":3,""physical_error_rate"":0.01}","{""detection_events"":8616,""detectors_checked"":331776,""obs_mistake_mask=E"":46}"
     15360,         0,         0,   0.367,decoder_by_matrix,e25b8d07214a8afb95d354611a83b9bb1ded39644e323a8585b3aabf687a4fff,"{""distance"":3,""physical_error_rate"":1e-05}","{""detection_events"":36,""detectors_checked"":829440}"
     19456,         0,         0,   0.391,decoder_by_matrix,560c721f87db01d4cacf7dcb7d8812fecde61e9e7776d4b9e1b1a792578ecad7,"{""distance"":3,""physical_error_rate"":5e-06}","{""detection_events"":18,""detectors_checked"":1050624}"
      6144,         0,         0,   0.255,decoder_by_matrix,beec9fd12293a9cfe53c9b61fb8ce2a525e4eed38fa75d132d6dc64699336876,"{""distance"":3,""physical_error_rate"":0.0001}","{""detection_events"":60,""detectors_checked"":331776}"
      6144,        12,         0,   0.368,decoder_by_matrix,bf84ffc61868c0acf247eb3d31d6d1ff07feed51ae0b0770ddaf58683dcdd22c,"{""distance"":3,""physical_error_rate"":0.005}","{""detection_events"":4488,""detectors_checked"":331776,""obs_mistake_mask=E"":12}"
     21504,         0,         0,   0.380,decoder_by_matrix,e9839e3017c9ef118c4b8aeafef39e78c11ecbdb89764e9ca676a7dc2fb6d062,"{""distance"":3,""physical_error_rate"":1e-06}","{""detection_events"":9,""detectors_checked"":1161216}"
      6144,         0,         0,   0.273,decoder_by_matrix,beec9fd12293a9cfe53c9b61fb8ce2a525e4eed38fa75d132d6dc64699336876,"{""distance"":3,""physical_error_rate"":0.0001}","{""detection_events"":150,""detectors_checked"":331776}"
      8192,         0,         0,   0.357,decoder_by_matrix,f854eed952f7ffb52e4f578393718ba880ba0930c78fe51d50828fe06a713055,"{""distance"":3,""physical_error_rate"":0.001}","{""detection_events"":1020,""detectors_checked"":442368}"
      7168,        11,         0,   0.381,decoder_by_matrix,bf84ffc61868c0acf247eb3d31d6d1ff07feed51ae0b0770ddaf58683dcdd22c,"{""distance"":3,""physical_error_rate"":0.005}","{""detection_events"":5241,""detectors_checked"":387072,""obs_mistake_mask=E"":11}"
      9216,         0,         0,   0.392,decoder_by_matrix,beec9fd12293a9cfe53c9b61fb8ce2a525e4eed38fa75d132d6dc64699336876,"{""distance"":3,""physical_error_rate"":0.0001}","{""detection_events"":168,""detectors_checked"":497664}"
      9216,         0,         0,   0.360,decoder_by_matrix,beec9fd12293a9cfe53c9b61fb8ce2a525e4eed38fa75d132d6dc64699336876,"{""distance"":3,""physical_error_rate"":0.0001}","{""detection_events"":120,""detectors_checked"":497664}"
      8192,         0,         0,   0.388,decoder_by_matrix,f854eed952f7ffb52e4f578393718ba880ba0930c78fe51d50828fe06a713055,"{""distance"":3,""physical_error_rate"":0.001}","{""detection_events"":1212,""detectors_checked"":442368}"
     17408,         0,         0,   0.421,decoder_by_matrix,e25b8d07214a8afb95d354611a83b9bb1ded39644e323a8585b3aabf687a4fff,"{""distance"":3,""physical_error_rate"":1e-05}","{""detection_events"":36,""detectors_checked"":940032}"
      6144,        34,         0,   0.393,decoder_by_matrix,dc80d1b5cd4a369885d36fbbadd410646ee6a9cd91075667cd6e1b71d0442655,"{""distance"":3,""physical_error_rate"":0.01}","{""detection_events"":8880,""detectors_checked"":331776,""obs_mistake_mask=E"":34}"
      5120,        11,         0,   0.253,decoder_by_matrix,bf84ffc61868c0acf247eb3d31d6d1ff07feed51ae0b0770ddaf58683dcdd22c,"{""distance"":3,""physical_error_rate"":0.005}","{""detection_events"":4089,""detectors_checked"":276480,""obs_mistake_mask=E"":11}"
      4096,        13,         0,   0.261,decoder_by_matrix,dc80d1b5cd4a369885d36fbbadd410646ee6a9cd91075667cd6e1b71d0442655,"{""distance"":3,""physical_error_rate"":0.01}","{""detection_events"":5589,""detectors_checked"":221184,""obs_mistake_mask=E"":13}"
     10240,         0,         0,   0.258,decoder_by_matrix,e25b8d07214a8afb95d354611a83b9bb1ded39644e323a8585b3aabf687a4fff,"{""distance"":3,""physical_error_rate"":1e-05}","{""detection_events"":39,""detectors_checked"":552960}"
      5120,         1,         0,   0.256,decoder_by_matrix,f854eed952f7ffb52e4f578393718ba880ba0930c78fe51d50828fe06a713055,"{""distance"":3,""physical_error_rate"":0.001}","{""detection_events"":816,""detectors_checked"":276480,""obs_mistake_mask=E"":1}"
      6144,         1,         0,   0.257,decoder_by_matrix,f854eed952f7ffb52e4f578393718ba880ba0930c78fe51d50828fe06a713055,"{""distance"":3,""physical_error_rate"":0.001}","{""detection_events"":903,""detectors_checked"":331776,""obs_mistake_mask=E"":1}"
      5120,         6,         0,   0.258,decoder_by_matrix,bf84ffc61868c0acf247eb3d31d6d1ff07feed51ae0b0770ddaf58683dcdd22c,"{""distance"":3,""physical_error_rate"":0.005}","{""detection_events"":3801,""detectors_checked"":276480,""obs_mistake_mask=E"":6}"
     22528,         0,         0,   0.384,decoder_by_matrix,e9839e3017c9ef118c4b8aeafef39e78c11ecbdb89764e9ca676a7dc2fb6d062,"{""distance"":3,""physical_error_rate"":1e-06}","{""detection_events"":3,""detectors_checked"":1216512}"
      8192,         0,         0,   0.257,decoder_by_matrix,36e3cd26fed5ec7649ec51fb08c1a5e7d7f30e615782d954fee045c18a4962ca,"{""distance"":3,""physical_error_rate"":5e-05}","{""detection_events"":51,""detectors_checked"":442368}"
      6144,         0,         0,   0.257,decoder_by_matrix,5c8c81bfec719079c388cedc47a351f264c1bf769ae28a89f9b4fc7719fea501,"{""distance"":3,""physical_error_rate"":0.0005}","{""detection_events"":405,""detectors_checked"":331776}"
      4096,        36,         0,   0.257,decoder_by_matrix,dc80d1b5cd4a369885d36fbbadd410646ee6a9cd91075667cd6e1b71d0442655,"{""distance"":3,""physical_error_rate"":0.01}","{""detection_events"":5688,""detectors_checked"":221184,""obs_mistake_mask=E"":36}"
      6144,         0,         0,   0.261,decoder_by_matrix,5c8c81bfec719079c388cedc47a351f264c1bf769ae28a89f9b4fc7719fea501,"{""distance"":3,""physical_error_rate"":0.0005}","{""detection_events"":483,""detectors_checked"":331776}"
     21504,         0,         0,   0.388,decoder_by_matrix,e9839e3017c9ef118c4b8aeafef39e78c11ecbdb89764e9ca676a7dc2fb6d062,"{""distance"":3,""physical_error_rate"":1e-06}","{""detection_events"":15,""detectors_checked"":1161216}"
      7168,         0,         0,   0.262,decoder_by_matrix,beec9fd12293a9cfe53c9b61fb8ce2a525e4eed38fa75d132d6dc64699336876,"{""distance"":3,""physical_error_rate"":0.0001}","{""detection_events"":99,""detectors_checked"":387072}"
      6144,         0,         0,   0.260,decoder_by_matrix,beec9fd12293a9cfe53c9b61fb8ce2a525e4eed38fa75d132d6dc64699336876,"{""distance"":3,""physical_error_rate"":0.0001}","{""detection_events"":114,""detectors_checked"":331776}"
      4096,         4,         0,   0.259,decoder_by_matrix,bf84ffc61868c0acf247eb3d31d6d1ff07feed51ae0b0770ddaf58683dcdd22c,"{""distance"":3,""physical_error_rate"":0.005}","{""detection_events"":3102,""detectors_checked"":221184,""obs_mistake_mask=E"":4}"
      3072,        22,         0,   0.258,decoder_by_matrix,dc80d1b5cd4a369885d36fbbadd410646ee6a9cd91075667cd6e1b71d0442655,"{""distance"":3,""physical_error_rate"":0.01}","{""detection_events"":4485,""detectors_checked"":165888,""obs_mistake_mask=E"":22}"
      6144,         1,         0,   0.260,decoder_by_matrix,f854eed952f7ffb52e4f578393718ba880ba0930c78fe51d50828fe06a713055,"{""distance"":3,""physical_error_rate"":0.001}","{""detection_events"":978,""detectors_checked"":331776,""obs_mistake_mask=E"":1}"
      5120,         0,         0,   0.259,decoder_by_matrix,f854eed952f7ffb52e4f578393718ba880ba0930c78fe51d50828fe06a713055,"{""distance"":3,""physical_error_rate"":0.001}","{""detection_events"":645,""detectors_checked"":276480}"
      4096,        16,         0,   0.259,decoder_by_matrix,bf84ffc61868c0acf247eb3d31d6d1ff07feed51ae0b0770ddaf58683dcdd22c,"{""distance"":3,""physical_error_rate"":0.005}","{""detection_events"":3114,""detectors_checked"":221184,""obs_mistake_mask=E"":16}"
      7168,         0,         0,   0.260,decoder_by_matrix,36e3cd26fed5ec7649ec51fb08c1a5e7d7f30e615782d954fee045c18a4962ca,"{""distance"":3,""physical_error_rate"":5e-05}","{""detection_events"":30,""detectors_checked"":387072}"
      6144,         1,         0,   0.261,decoder_by_matrix,5c8c81bfec719079c388cedc47a351f264c1bf769ae28a89f9b4fc7719fea501,"{""distance"":3,""physical_error_rate"":0.0005}","{""detection_events"":555,""detectors_checked"":331776,""obs_mistake_mask=E"":1}"
      4096,        25,         0,   0.136,decoder_by_matrix,dc80d1b5cd4a369885d36fbbadd410646ee6a9cd91075667cd6e1b71d0442655,"{""distance"":3,""physical_error_rate"":0.01}","{""detection_events"":5658,""detectors_checked"":221184,""obs_mistake_mask=E"":25}"
     19456,         0,         0,   0.390,decoder_by_matrix,560c721f87db01d4cacf7dcb7d8812fecde61e9e7776d4b9e1b1a792578ecad7,"{""distance"":3,""physical_error_rate"":5e-06}","{""detection_events"":24,""detectors_checked"":1050624}"
     27648,         0,         0,   0.520,decoder_by_matrix,560c721f87db01d4cacf7dcb7d8812fecde61e9e7776d4b9e1b1a792578ecad7,"{""distance"":3,""physical_error_rate"":5e-06}","{""detection_events"":21,""detectors_checked"":1492992}"
     15360,         0,         0,   0.524,decoder_by_matrix,36e3cd26fed5ec7649ec51fb08c1a5e7d7f30e615782d954fee045c18a4962ca,"{""distance"":3,""physical_error_rate"":5e-05}","{""detection_events"":138,""detectors_checked"":829440}"
     18432,         0,         0,   0.388,decoder_by_matrix,e25b8d07214a8afb95d354611a83b9bb1ded39644e323a8585b3aabf687a4fff,"{""distance"":3,""physical_error_rate"":1e-05}","{""detection_events"":21,""detectors_checked"":995328}"
     12288,         0,         0,   0.520,decoder_by_matrix,5c8c81bfec719079c388cedc47a351f264c1bf769ae28a89f9b4fc7719fea501,"{""distance"":3,""physical_error_rate"":0.0005}","{""detection_events"":969,""detectors_checked"":663552}"
     12288,         0,         0,   0.521,decoder_by_matrix,5c8c81bfec719079c388cedc47a351f264c1bf769ae28a89f9b4fc7719fea501,"{""distance"":3,""physical_error_rate"":0.0005}","{""detection_events"":702,""detectors_checked"":663552}"
     15360,         0,         0,   0.520,decoder_by_matrix,36e3cd26fed5ec7649ec51fb08c1a5e7d7f30e615782d954fee045c18a4962ca,"{""distance"":3,""physical_error_rate"":5e-05}","{""detection_events"":96,""detectors_checked"":829440}"
      8192,        49,         0,   0.521,decoder_by_matrix,dc80d1b5cd4a369885d36fbbadd410646ee6a9cd91075667cd6e1b71d0442655,"{""distance"":3,""physical_error_rate"":0.01}","{""detection_events"":11352,""detectors_checked"":442368,""obs_mistake_mask=E"":49}"
     28672,         0,         0,   0.520,decoder_by_matrix,e25b8d07214a8afb95d354611a83b9bb1ded39644e323a8585b3aabf687a4fff,"{""distance"":3,""physical_error_rate"":1e-05}","{""detection_events"":33,""detectors_checked"":1548288}"
     31744,         0,         0,   0.520,decoder_by_matrix,560c721f87db01d4cacf7dcb7d8812fecde61e9e7776d4b9e1b1a792578ecad7,"{""distance"":3,""physical_error_rate"":5e-06}","{""detection_events"":9,""detectors_checked"":1714176}"
      9216,        16,         0,   0.518,decoder_by_matrix,bf84ffc61868c0acf247eb3d31d6d1ff07feed51ae0b0770ddaf58683dcdd22c,"{""distance"":3,""physical_error_rate"":0.005}","{""detection_events"":6870,""detectors_checked"":497664,""obs_mistake_mask=E"":16}"
     30720,         0,         0,   0.518,decoder_by_matrix,e9839e3017c9ef118c4b8aeafef39e78c11ecbdb89764e9ca676a7dc2fb6d062,"{""distance"":3,""physical_error_rate"":1e-06}","{""detection_events"":6,""detectors_checked"":1658880}"
     11264,         0,         0,   0.518,decoder_by_matrix,f854eed952f7ffb52e4f578393718ba880ba0930c78fe51d50828fe06a713055,"{""distance"":3,""physical_error_rate"":0.001}","{""detection_events"":1614,""detectors_checked"":608256}"
      9216,        22,         0,   0.518,decoder_by_matrix,bf84ffc61868c0acf247eb3d31d6d1ff07feed51ae0b0770ddaf58683dcdd22c,"{""distance"":3,""physical_error_rate"":0.005}","{""detection_events"":6768,""detectors_checked"":497664,""obs_mistake_mask=E"":22}"
     13312,         0,         0,   0.520,decoder_by_matrix,beec9fd12293a9cfe53c9b61fb8ce2a525e4eed38fa75d132d6dc64699336876,"{""distance"":3,""physical_error_rate"":0.0001}","{""detection_events"":171,""detectors_checked"":718848}"
     14336,         0,         0,   0.272,decoder_by_matrix,beec9fd12293a9cfe53c9b61fb8ce2a525e4eed38fa75d132d6dc64699336876,"{""distance"":3,""physical_error_rate"":0.0001}","{""detection_events"":201,""detectors_checked"":774144}"
     11264,         1,         0,   0.521,decoder_by_matrix,f854eed952f7ffb52e4f578393718ba880ba0930c78fe51d50828fe06a713055,"{""distance"":3,""physical_error_rate"":0.001}","{""detection_events"":1611,""detectors_checked"":608256,""obs_mistake_mask=E"":1}"
     27648,         0,         0,   0.525,decoder_by_matrix,e25b8d07214a8afb95d354611a83b9bb1ded39644e323a8585b3aabf687a4fff,"{""distance"":3,""physical_error_rate"":1e-05}","{""detection_events"":24,""detectors_checked"":1492992}"
      8192,        54,         0,   0.522,decoder_by_matrix,dc80d1b5cd4a369885d36fbbadd410646ee6a9cd91075667cd6e1b71d0442655,"{""distance"":3,""physical_error_rate"":0.01}","{""detection_events"":11796,""detectors_checked"":442368,""obs_mistake_mask=E"":54}"
     31744,         0,         0,   0.517,decoder_by_matrix,e9839e3017c9ef118c4b8aeafef39e78c11ecbdb89764e9ca676a7dc2fb6d062,"{""distance"":3,""physical_error_rate"":1e-06}","{""detection_events"":9,""detectors_checked"":1714176}"
      9216,         0,         0,   0.402,decoder_by_matrix,5c8c81bfec719079c388cedc47a351f264c1bf769ae28a89f9b4fc7719fea501,"{""distance"":3,""physical_error_rate"":0.0005}","{""detection_events"":561,""detectors_checked"":497664}"
     10240,         0,         0,   0.390,decoder_by_matrix,beec9fd12293a9cfe53c9b61fb8ce2a525e4eed38fa75d132d6dc64699336876,"{""distance"":3,""physical_error_rate"":0.0001}","{""detection_events"":150,""detectors_checked"":552960}"
     10240,         0,         0,   0.390,decoder_by_matrix,beec9fd12293a9cfe53c9b61fb8ce2a525e4eed38fa75d132d6dc64699336876,"{""distance"":3,""physical_error_rate"":0.0001}","{""detection_events"":126,""detectors_checked"":552960}"
      7168,         7,         0,   0.386,decoder_by_matrix,bf84ffc61868c0acf247eb3d31d6d1ff07feed51ae0b0770ddaf58683dcdd22c,"{""distance"":3,""physical_error_rate"":0.005}","{""detection_events"":5115,""detectors_checked"":387072,""obs_mistake_mask=E"":7}"
      6144,        41,         0,   0.386,decoder_by_matrix,dc80d1b5cd4a369885d36fbbadd410646ee6a9cd91075667cd6e1b71d0442655,"{""distance"":3,""physical_error_rate"":0.01}","{""detection_events"":8538,""detectors_checked"":331776,""obs_mistake_mask=E"":41}"
      8192,         2,         0,   0.381,decoder_by_matrix,f854eed952f7ffb52e4f578393718ba880ba0930c78fe51d50828fe06a713055,"{""distance"":3,""physical_error_rate"":0.001}","{""detection_events"":1005,""detectors_checked"":442368,""obs_mistake_mask=E"":2}"
      9216,         1,         0,   0.386,decoder_by_matrix,f854eed952f7ffb52e4f578393718ba880ba0930c78fe51d50828fe06a713055,"{""distance"":3,""physical_error_rate"":0.001}","{""detection_events"":1422,""detectors_checked"":497664,""obs_mistake_mask=E"":1}"
      7168,        14,         0,   0.386,decoder_by_matrix,bf84ffc61868c0acf247eb3d31d6d1ff07feed51ae0b0770ddaf58683dcdd22c,"{""distance"":3,""physical_error_rate"":0.005}","{""detection_events"":5154,""detectors_checked"":387072,""obs_mistake_mask=E"":14}"
     31744,         0,         0,   0.501,decoder_by_matrix,e9839e3017c9ef118c4b8aeafef39e78c11ecbdb89764e9ca676a7dc2fb6d062,"{""distance"":3,""physical_error_rate"":1e-06}","{""detectors_checked"":1714176}"
     11264,         0,         0,   0.262,decoder_by_matrix,36e3cd26fed5ec7649ec51fb08c1a5e7d7f30e615782d954fee045c18a4962ca,"{""distance"":3,""physical_error_rate"":5e-05}","{""detection_events"":78,""detectors_checked"":608256}"
      8192,         0,         0,   0.261,decoder_by_matrix,5c8c81bfec719079c388cedc47a351f264c1bf769ae28a89f9b4fc7719fea501,"{""distance"":3,""physical_error_rate"":0.0005}","{""detection_events"":681,""detectors_checked"":442368}"
      5120,        38,         0,   0.387,decoder_by_matrix,dc80d1b5cd4a369885d36fbbadd410646ee6a9cd91075667cd6e1b71d0442655,"{""distance"":3,""physical_error_rate"":0.01}","{""detection_events"":7524,""detectors_checked"":276480,""obs_mistake_mask=E"":38}"
     25600,         0,         0,   0.528,decoder_by_matrix,560c721f87db01d4cacf7dcb7d8812fecde61e9e7776d4b9e1b1a792578ecad7,"{""distance"":3,""physical_error_rate"":5e-06}","{""detection_events"":33,""detectors_checked"":1382400}"
     20480,         0,         0,   0.379,decoder_by_matrix,e25b8d07214a8afb95d354611a83b9bb1ded39644e323a8585b3aabf687a4fff,"{""distance"":3,""physical_error_rate"":1e-05}","{""detection_events"":36,""detectors_checked"":1105920}"
     37888,         0,         0,   0.637,decoder_by_matrix,560c721f87db01d4cacf7dcb7d8812fecde61e9e7776d4b9e1b1a792578ecad7,"{""distance"":3,""physical_error_rate"":5e-06}","{""detection_events"":27,""detectors_checked"":2045952}"
     20480,         0,         0,   0.633,decoder_by_matrix,36e3cd26fed5ec7649ec51fb08c1a5e7d7f30e615782d954fee045c18a4962ca,"{""distance"":3,""physical_error_rate"":5e-05}","{""detection_events"":132,""detectors_checked"":1105920}"
      9216,        61,         0,   0.588,decoder_by_matrix,dc80d1b5cd4a369885d36fbbadd410646ee6a9cd91075667cd6e1b71d0442655,"{""distance"":3,""physical_error_rate"":0.01}","{""detection_events"":13224,""detectors_checked"":497664,""obs_mistake_mask=E"":61}"
     14336,         0,         0,   0.635,decoder_by_matrix,5c8c81bfec719079c388cedc47a351f264c1bf769ae28a89f9b4fc7719fea501,"{""distance"":3,""physical_error_rate"":0.0005}","{""detection_events"":1095,""detectors_checked"":774144}"
     12288,         0,         0,   0.453,decoder_by_matrix,beec9fd12293a9cfe53c9b61fb8ce2a525e4eed38fa75d132d6dc64699336876,"{""distance"":3,""physical_error_rate"":0.0001}","{""detection_events"":153,""detectors_checked"":663552}"
     15360,         1,         0,   0.672,decoder_by_matrix,5c8c81bfec719079c388cedc47a351f264c1bf769ae28a89f9b4fc7719fea501,"{""distance"":3,""physical_error_rate"":0.0005}","{""detection_events"":1314,""detectors_checked"":829440,""obs_mistake_mask=E"":1}"
     37888,         0,         0,   0.627,decoder_by_matrix,e25b8d07214a8afb95d354611a83b9bb1ded39644e323a8585b3aabf687a4fff,"{""distance"":3,""physical_error_rate"":1e-05}","{""detection_events"":3,""detectors_checked"":2045952}"
     11264,         0,         0,   0.520,decoder_by_matrix,5c8c81bfec719079c388cedc47a351f264c1bf769ae28a89f9b4fc7719fea501,"{""distance"":3,""physical_error_rate"":0.0005}","{""detection_events"":804,""detectors_checked"":608256}"
     22528,         0,         0,   0.655,decoder_by_matrix,36e3cd26fed5ec7649ec51fb08c1a5e7d7f30e615782d954fee045c18a4962ca,"{""distance"":3,""physical_error_rate"":5e-05}","{""detection_events"":156,""detectors_checked"":1216512}"
     11264,        12,         0,   0.635,decoder_by_matrix,bf84ffc61868c0acf247eb3d31d6d1ff07feed51ae0b0770ddaf58683dcdd22c,"{""distance"":3,""physical_error_rate"":0.005}","{""detection_events"":8184,""detectors_checked"":608256,""obs_mistake_mask=E"":12}"
     39936,         0,         0,   0.635,decoder_by_matrix,e9839e3017c9ef118c4b8aeafef39e78c11ecbdb89764e9ca676a7dc2fb6d062,"{""distance"":3,""physical_error_rate"":1e-06}","{""detectors_checked"":2156544}"
     32768,         0,         0,   0.651,decoder_by_matrix,560c721f87db01d4cacf7dcb7d8812fecde61e9e7776d4b9e1b1a792578ecad7,"{""distance"":3,""physical_error_rate"":5e-06}","{""detection_events"":27,""detectors_checked"":1769472}"
     12288,         0,         0,   0.392,decoder_by_matrix,beec9fd12293a9cfe53c9b61fb8ce2a525e4eed38fa75d132d6dc64699336876,"{""distance"":3,""physical_error_rate"":0.0001}","{""detection_events"":231,""detectors_checked"":663552}"
     35840,         0,         0,   0.614,decoder_by_matrix,e25b8d07214a8afb95d354611a83b9bb1ded39644e323a8585b3aabf687a4fff,"{""distance"":3,""physical_error_rate"":1e-05}","{""detection_events"":21,""detectors_checked"":1935360}"
     14336,         0,         0,   0.646,decoder_by_matrix,f854eed952f7ffb52e4f578393718ba880ba0930c78fe51d50828fe06a713055,"{""distance"":3,""physical_error_rate"":0.001}","{""detection_events"":2058,""detectors_checked"":774144}"
     12288,        21,         0,   0.647,decoder_by_matrix,bf84ffc61868c0acf247eb3d31d6d1ff07feed51ae0b0770ddaf58683dcdd22c,"{""distance"":3,""physical_error_rate"":0.005}","{""detection_events"":8661,""detectors_checked"":663552,""obs_mistake_mask=E"":21}"
     14336,         2,         0,   0.635,decoder_by_matrix,f854eed952f7ffb52e4f578393718ba880ba0930c78fe51d50828fe06a713055,"{""distance"":3,""physical_error_rate"":0.001}","{""detection_events"":2067,""detectors_checked"":774144,""obs_mistake_mask=E"":2}"
     10240,        62,         0,   0.628,decoder_by_matrix,dc80d1b5cd4a369885d36fbbadd410646ee6a9cd91075667cd6e1b71d0442655,"{""distance"":3,""physical_error_rate"":0.01}","{""detection_events"":14271,""detectors_checked"":552960,""obs_mistake_mask=E"":62}"
     16384,         0,         0,   0.656,decoder_by_matrix,beec9fd12293a9cfe53c9b61fb8ce2a525e4eed38fa75d132d6dc64699336876,"{""distance"":3,""physical_error_rate"":0.0001}","{""detection_events"":186,""detectors_checked"":884736}"
      9216,        14,         0,   0.511,decoder_by_matrix,bf84ffc61868c0acf247eb3d31d6d1ff07feed51ae0b0770ddaf58683dcdd22c,"{""distance"":3,""physical_error_rate"":0.005}","{""detection_events"":7032,""detectors_checked"":497664,""obs_mistake_mask=E"":14}"
      8192,        51,         0,   0.512,decoder_by_matrix,dc80d1b5cd4a369885d36fbbadd410646ee6a9cd91075667cd6e1b71d0442655,"{""distance"":3,""physical_error_rate"":0.01}","{""detection_events"":11424,""detectors_checked"":442368,""obs_mistake_mask=E"":51}"
     12288,         0,         0,   0.513,decoder_by_matrix,f854eed952f7ffb52e4f578393718ba880ba0930c78fe51d50828fe06a713055,"{""distance"":3,""physical_error_rate"":0.001}","{""detection_events"":1794,""detectors_checked"":663552}"
     17408,         0,         0,   0.683,decoder_by_matrix,beec9fd12293a9cfe53c9b61fb8ce2a525e4eed38fa75d132d6dc64699336876,"{""distance"":3,""physical_error_rate"":0.0001}","{""detection_events"":153,""detectors_checked"":940032}"
      9216,        17,         0,   0.511,decoder_by_matrix,bf84ffc61868c0acf247eb3d31d6d1ff07feed51ae0b0770ddaf58683dcdd22c,"{""distance"":3,""physical_error_rate"":0.005}","{""detection_events"":6855,""detectors_checked"":497664,""obs_mistake_mask=E"":17}"
     11264,         0,         0,   0.519,decoder_by_matrix,f854eed952f7ffb52e4f578393718ba880ba0930c78fe51d50828fe06a713055,"{""distance"":3,""physical_error_rate"":0.001}","{""detection_events"":1671,""detectors_checked"":608256}"
     39936,         0,         0,   0.522,decoder_by_matrix,e9839e3017c9ef118c4b8aeafef39e78c11ecbdb89764e9ca676a7dc2fb6d062,"{""distance"":3,""physical_error_rate"":1e-06}","{""detection_events"":12,""detectors_checked"":2156544}"
     14336,         0,         0,   0.520,decoder_by_matrix,36e3cd26fed5ec7649ec51fb08c1a5e7d7f30e615782d954fee045c18a4962ca,"{""distance"":3,""physical_error_rate"":5e-05}","{""detection_events"":156,""detectors_checked"":774144}"
     12288,         0,         0,   0.520,decoder_by_matrix,5c8c81bfec719079c388cedc47a351f264c1bf769ae28a89f9b4fc7719fea501,"{""distance"":3,""physical_error_rate"":0.0005}","{""detection_events"":684,""detectors_checked"":663552}"
      8192,        41,         0,   0.528,decoder_by_matrix,dc80d1b5cd4a369885d36fbbadd410646ee6a9cd91075667cd6e1b71d0442655,"{""distance"":3,""physical_error_rate"":0.01}","{""detection_events"":11043,""detectors_checked"":442368,""obs_mistake_mask=E"":41}"
     41984,         0,         0,   0.649,decoder_by_matrix,e9839e3017c9ef118c4b8aeafef39e78c11ecbdb89764e9ca676a7dc2fb6d062,"{""distance"":3,""physical_error_rate"":1e-06}","{""detectors_checked"":2267136}"
     35840,         0,         0,   0.633,decoder_by_matrix,560c721f87db01d4cacf7dcb7d8812fecde61e9e7776d4b9e1b1a792578ecad7,"{""distance"":3,""physical_error_rate"":5e-06}","{""detection_events"":21,""detectors_checked"":1935360}"
     31744,         0,         0,   0.633,decoder_by_matrix,e25b8d07214a8afb95d354611a83b9bb1ded39644e323a8585b3aabf687a4fff,"{""distance"":3,""physical_error_rate"":1e-05}","{""detection_events"":48,""detectors_checked"":1714176}"
     17408,         0,         0,   0.648,decoder_by_matrix,beec9fd12293a9cfe53c9b61fb8ce2a525e4eed38fa75d132d6dc64699336876,"{""distance"":3,""physical_error_rate"":0.0001}","{""detection_events"":267,""detectors_checked"":940032}"
     15360,         0,         0,   0.645,decoder_by_matrix,5c8c81bfec719079c388cedc47a351f264c1bf769ae28a89f9b4fc7719fea501,"{""distance"":3,""physical_error_rate"":0.0005}","{""detection_events"":1071,""detectors_checked"":829440}"
     15360,         0,         0,   0.644,decoder_by_matrix,beec9fd12293a9cfe53c9b61fb8ce2a525e4eed38fa75d132d6dc64699336876,"{""distance"":3,""physical_error_rate"":0.0001}","{""detection_events"":246,""detectors_checked"":829440}"
     12288,        12,         0,   0.630,decoder_by_matrix,bf84ffc61868c0acf247eb3d31d6d1ff07feed51ae0b0770ddaf58683dcdd22c,"{""distance"":3,""physical_error_rate"":0.005}","{""detection_events"":8532,""detectors_checked"":663552,""obs_mistake_mask=E"":12}"
     10240,        69,         0,   0.642,decoder_by_matrix,dc80d1b5cd4a369885d36fbbadd410646ee6a9cd91075667cd6e1b71d0442655,"{""distance"":3,""physical_error_rate"":0.01}","{""detection_events"":14517,""detectors_checked"":552960,""obs_mistake_mask=E"":69}"
     14336,         0,         0,   0.641,decoder_by_matrix,f854eed952f7ffb52e4f578393718ba880ba0930c78fe51d50828fe06a713055,"{""distance"":3,""physical_error_rate"":0.001}","{""detection_events"":2076,""detectors_checked"":774144}"
     46080,         0,         0,   0.803,decoder_by_matrix,560c721f87db01d4cacf7dcb7d8812fecde61e9e7776d4b9e1b1a792578ecad7,"{""distance"":3,""physical_error_rate"":5e-06}","{""detection_events"":6,""detectors_checked"":2488320}"
     20480,         0,         0,   0.622,decoder_by_matrix,36e3cd26fed5ec7649ec51fb08c1a5e7d7f30e615782d954fee045c18a4962ca,"{""distance"":3,""physical_error_rate"":5e-05}","{""detection_events"":117,""detectors_checked"":1105920}"
     12288,        93,         0,   0.793,decoder_by_matrix,dc80d1b5cd4a369885d36fbbadd410646ee6a9cd91075667cd6e1b71d0442655,"{""distance"":3,""physical_error_rate"":0.01}","{""detection_events"":17763,""detectors_checked"":663552,""obs_mistake_mask=E"":93}"
     19456,         0,         0,   0.794,decoder_by_matrix,5c8c81bfec719079c388cedc47a351f264c1bf769ae28a89f9b4fc7719fea501,"{""distance"":3,""physical_error_rate"":0.0005}","{""detection_events"":1266,""detectors_checked"":1050624}"
     12288,        19,         0,   0.536,decoder_by_matrix,bf84ffc61868c0acf247eb3d31d6d1ff07feed51ae0b0770ddaf58683dcdd22c,"{""distance"":3,""physical_error_rate"":0.005}","{""detection_events"":8694,""detectors_checked"":663552,""obs_mistake_mask=E"":19}"
     14336,         1,         0,   0.533,decoder_by_matrix,f854eed952f7ffb52e4f578393718ba880ba0930c78fe51d50828fe06a713055,"{""distance"":3,""physical_error_rate"":0.001}","{""detection_events"":1980,""detectors_checked"":774144,""obs_mistake_mask=E"":1}"
     15360,         0,         0,   0.643,decoder_by_matrix,5c8c81bfec719079c388cedc47a351f264c1bf769ae28a89f9b4fc7719fea501,"{""distance"":3,""physical_error_rate"":0.0005}","{""detection_events"":1350,""detectors_checked"":829440}"
     10240,        69,         0,   0.640,decoder_by_matrix,dc80d1b5cd4a369885d36fbbadd410646ee6a9cd91075667cd6e1b71d0442655,"{""distance"":3,""physical_error_rate"":0.01}","{""detection_events"":14487,""detectors_checked"":552960,""obs_mistake_mask=E"":69}"
     27648,         0,         0,   0.898,decoder_by_matrix,36e3cd26fed5ec7649ec51fb08c1a5e7d7f30e615782d954fee045c18a4962ca,"{""distance"":3,""physical_error_rate"":5e-05}","{""detection_events"":237,""detectors_checked"":1492992}"
     39936,         0,         0,   0.803,decoder_by_matrix,e25b8d07214a8afb95d354611a83b9bb1ded39644e323a8585b3aabf687a4fff,"{""distance"":3,""physical_error_rate"":1e-05}","{""detection_events"":39,""detectors_checked"":2156544}"
     38912,         0,         0,   0.866,decoder_by_matrix,e25b8d07214a8afb95d354611a83b9bb1ded39644e323a8585b3aabf687a4fff,"{""distance"":3,""physical_error_rate"":1e-05}","{""detection_events"":78,""detectors_checked"":2101248}"
     20480,         0,         0,   0.878,decoder_by_matrix,5c8c81bfec719079c388cedc47a351f264c1bf769ae28a89f9b4fc7719fea501,"{""distance"":3,""physical_error_rate"":0.0005}","{""detection_events"":1635,""detectors_checked"":1105920}"
     22528,         0,         0,   0.796,decoder_by_matrix,beec9fd12293a9cfe53c9b61fb8ce2a525e4eed38fa75d132d6dc64699336876,"{""distance"":3,""physical_error_rate"":0.0001}","{""detection_events"":195,""detectors_checked"":1216512}"
     57344,         0,         0,   0.887,decoder_by_matrix,e9839e3017c9ef118c4b8aeafef39e78c11ecbdb89764e9ca676a7dc2fb6d062,"{""distance"":3,""physical_error_rate"":1e-06}","{""detectors_checked"":3096576}"
     26624,         0,         0,   0.900,decoder_by_matrix,36e3cd26fed5ec7649ec51fb08c1a5e7d7f30e615782d954fee045c18a4962ca,"{""distance"":3,""physical_error_rate"":5e-05}","{""detection_events"":207,""detectors_checked"":1437696}"
     17408,        34,         0,   0.901,decoder_by_matrix,bf84ffc61868c0acf247eb3d31d6d1ff07feed51ae0b0770ddaf58683dcdd22c,"{""distance"":3,""physical_error_rate"":0.005}","{""detection_events"":12402,""detectors_checked"":940032,""obs_mistake_mask=E"":34}"
     50176,         0,         0,   0.817,decoder_by_matrix,e9839e3017c9ef118c4b8aeafef39e78c11ecbdb89764e9ca676a7dc2fb6d062,"{""distance"":3,""physical_error_rate"":1e-06}","{""detection_events"":9,""detectors_checked"":2709504}"
     48128,         0,         0,   0.904,decoder_by_matrix,560c721f87db01d4cacf7dcb7d8812fecde61e9e7776d4b9e1b1a792578ecad7,"{""distance"":3,""physical_error_rate"":5e-06}","{""detection_events"":63,""detectors_checked"":2598912}"
     20480,         4,         0,   0.898,decoder_by_matrix,f854eed952f7ffb52e4f578393718ba880ba0930c78fe51d50828fe06a713055,"{""distance"":3,""physical_error_rate"":0.001}","{""detection_events"":3210,""detectors_checked"":1105920,""obs_mistake_mask=E"":4}"
     16384,        26,         0,   0.897,decoder_by_matrix,bf84ffc61868c0acf247eb3d31d6d1ff07feed51ae0b0770ddaf58683dcdd22c,"{""distance"":3,""physical_error_rate"":0.005}","{""detection_events"":11274,""detectors_checked"":884736,""obs_mistake_mask=E"":26}"
     20480,         1,         0,   0.898,decoder_by_matrix,f854eed952f7ffb52e4f578393718ba880ba0930c78fe51d50828fe06a713055,"{""distance"":3,""physical_error_rate"":0.001}","{""detection_events"":3078,""detectors_checked"":1105920,""obs_mistake_mask=E"":1}"
     13312,        75,         0,   0.901,decoder_by_matrix,dc80d1b5cd4a369885d36fbbadd410646ee6a9cd91075667cd6e1b71d0442655,"{""distance"":3,""physical_error_rate"":0.01}","{""detection_events"":18705,""detectors_checked"":718848,""obs_mistake_mask=E"":75}"
     22528,         0,         0,   0.907,decoder_by_matrix,beec9fd12293a9cfe53c9b61fb8ce2a525e4eed38fa75d132d6dc64699336876,"{""distance"":3,""physical_error_rate"":0.0001}","{""detection_events"":285,""detectors_checked"":1216512}"
     54272,         0,         0,   0.888,decoder_by_matrix,e9839e3017c9ef118c4b8aeafef39e78c11ecbdb89764e9ca676a7dc2fb6d062,"{""distance"":3,""physical_error_rate"":1e-06}","{""detection_events"":21,""detectors_checked"":2930688}"
     51200,         0,         0,   0.888,decoder_by_matrix,560c721f87db01d4cacf7dcb7d8812fecde61e9e7776d4b9e1b1a792578ecad7,"{""distance"":3,""physical_error_rate"":5e-06}","{""detection_events"":24,""detectors_checked"":2764800}"
     46080,         0,         0,   0.894,decoder_by_matrix,e25b8d07214a8afb95d354611a83b9bb1ded39644e323a8585b3aabf687a4fff,"{""distance"":3,""physical_error_rate"":1e-05}","{""detection_events"":48,""detectors_checked"":2488320}"
     21504,         0,         0,   0.879,decoder_by_matrix,beec9fd12293a9cfe53c9b61fb8ce2a525e4eed38fa75d132d6dc64699336876,"{""distance"":3,""physical_error_rate"":0.0001}","{""detection_events"":387,""detectors_checked"":1161216}"
     21504,         1,         0,   0.771,decoder_by_matrix,5c8c81bfec719079c388cedc47a351f264c1bf769ae28a89f9b4fc7719fea501,"{""distance"":3,""physical_error_rate"":0.0005}","{""detection_events"":1518,""detectors_checked"":1161216,""obs_mistake_mask=E"":1}"
     18432,         0,         0,   0.798,decoder_by_matrix,5c8c81bfec719079c388cedc47a351f264c1bf769ae28a89f9b4fc7719fea501,"{""distance"":3,""physical_error_rate"":0.0005}","{""detection_events"":1380,""detectors_checked"":995328}"
     22528,         0,         0,   0.903,decoder_by_matrix,beec9fd12293a9cfe53c9b61fb8ce2a525e4eed38fa75d132d6dc64699336876,"{""distance"":3,""physical_error_rate"":0.0001}","{""detection_events"":423,""detectors_checked"":1216512}"
     19456,         2,         0,   0.820,decoder_by_matrix,f854eed952f7ffb52e4f578393718ba880ba0930c78fe51d50828fe06a713055,"{""distance"":3,""physical_error_rate"":0.001}","{""detection_events"":2820,""detectors_checked"":1050624,""obs_mistake_mask=E"":2}"
     16384,        33,         0,   0.912,decoder_by_matrix,bf84ffc61868c0acf247eb3d31d6d1ff07feed51ae0b0770ddaf58683dcdd22c,"{""distance"":3,""physical_error_rate"":0.005}","{""detection_events"":11781,""detectors_checked"":884736,""obs_mistake_mask=E"":33}"
     13312,        82,         0,   0.908,decoder_by_matrix,dc80d1b5cd4a369885d36fbbadd410646ee6a9cd91075667cd6e1b71d0442655,"{""distance"":3,""physical_error_rate"":0.01}","{""detection_events"":19104,""detectors_checked"":718848,""obs_mistake_mask=E"":82}"
     19456,         0,         0,   0.908,decoder_by_matrix,f854eed952f7ffb52e4f578393718ba880ba0930c78fe51d50828fe06a713055,"{""distance"":3,""physical_error_rate"":0.001}","{""detection_events"":2682,""detectors_checked"":1050624}"
     28672,         0,         0,   0.896,decoder_by_matrix,36e3cd26fed5ec7649ec51fb08c1a5e7d7f30e615782d954fee045c18a4962ca,"{""distance"":3,""physical_error_rate"":5e-05}","{""detection_events"":231,""detectors_checked"":1548288}"
     16384,        31,         0,   0.894,decoder_by_matrix,bf84ffc61868c0acf247eb3d31d6d1ff07feed51ae0b0770ddaf58683dcdd22c,"{""distance"":3,""physical_error_rate"":0.005}","{""detection_events"":11991,""detectors_checked"":884736,""obs_mistake_mask=E"":31}"
     13312,        99,         0,   0.771,decoder_by_matrix,dc80d1b5cd4a369885d36fbbadd410646ee6a9cd91075667cd6e1b71d0442655,"{""distance"":3,""physical_error_rate"":0.01}","{""detection_events"":18339,""detectors_checked"":718848,""obs_mistake_mask=E"":99}"
     59392,         0,         0,    1.12,decoder_by_matrix,560c721f87db01d4cacf7dcb7d8812fecde61e9e7776d4b9e1b1a792578ecad7,"{""distance"":3,""physical_error_rate"":5e-06}","{""detection_events"":60,""detectors_checked"":3207168}"
     16384,       114,         0,    1.13,decoder_by_matrix,dc80d1b5cd4a369885d36fbbadd410646ee6a9cd91075667cd6e1b71d0442655,"{""distance"":3,""physical_error_rate"":0.01}","{""detection_events"":22671,""detectors_checked"":884736,""obs_mistake_mask=E"":114}"
     25600,         0,         0,    1.03,decoder_by_matrix,5c8c81bfec719079c388cedc47a351f264c1bf769ae28a89f9b4fc7719fea501,"{""distance"":3,""physical_error_rate"":0.0005}","{""detection_events"":1872,""detectors_checked"":1382400}"
     31744,         0,         0,    1.17,decoder_by_matrix,36e3cd26fed5ec7649ec51fb08c1a5e7d7f30e615782d954fee045c18a4962ca,"{""distance"":3,""physical_error_rate"":5e-05}","{""detection_events"":291,""detectors_checked"":1714176}"
     58368,         0,         0,    1.04,decoder_by_matrix,e25b8d07214a8afb95d354611a83b9bb1ded39644e323a8585b3aabf687a4fff,"{""distance"":3,""physical_error_rate"":1e-05}","{""detection_events"":66,""detectors_checked"":3151872}"
     52224,         0,         0,    1.16,decoder_by_matrix,e25b8d07214a8afb95d354611a83b9bb1ded39644e323a8585b3aabf687a4fff,"{""distance"":3,""physical_error_rate"":1e-05}","{""detection_events"":99,""detectors_checked"":2820096}"
     29696,         0,         0,   0.910,decoder_by_matrix,beec9fd12293a9cfe53c9b61fb8ce2a525e4eed38fa75d132d6dc64699336876,"{""distance"":3,""physical_error_rate"":0.0001}","{""detection_events"":426,""detectors_checked"":1603584}"
     75776,         0,         0,    1.15,decoder_by_matrix,e9839e3017c9ef118c4b8aeafef39e78c11ecbdb89764e9ca676a7dc2fb6d062,"{""distance"":3,""physical_error_rate"":1e-06}","{""detectors_checked"":4091904}"
     39936,         1,         0,    1.15,decoder_by_matrix,36e3cd26fed5ec7649ec51fb08c1a5e7d7f30e615782d954fee045c18a4962ca,"{""distance"":3,""physical_error_rate"":5e-05}","{""detection_events"":231,""detectors_checked"":2156544,""obs_mistake_mask=E"":1}"
     21504,        35,         0,    1.16,decoder_by_matrix,bf84ffc61868c0acf247eb3d31d6d1ff07feed51ae0b0770ddaf58683dcdd22c,"{""distance"":3,""physical_error_rate"":0.005}","{""detection_events"":14832,""detectors_checked"":1161216,""obs_mistake_mask=E"":35}"
     72704,         0,         0,    1.15,decoder_by_matrix,e9839e3017c9ef118c4b8aeafef39e78c11ecbdb89764e9ca676a7dc2fb6d062,"{""distance"":3,""physical_error_rate"":1e-06}","{""detection_events"":9,""detectors_checked"":3926016}"
     28672,         1,         0,    1.22,decoder_by_matrix,5c8c81bfec719079c388cedc47a351f264c1bf769ae28a89f9b4fc7719fea501,"{""distance"":3,""physical_error_rate"":0.0005}","{""detection_events"":2391,""detectors_checked"":1548288,""obs_mistake_mask=E"":1}"
     67584,         0,         0,    1.04,decoder_by_matrix,560c721f87db01d4cacf7dcb7d8812fecde61e9e7776d4b9e1b1a792578ecad7,"{""distance"":3,""physical_error_rate"":5e-06}","{""detection_events"":39,""detectors_checked"":3649536}"
     25600,         3,         0,    1.17,decoder_by_matrix,f854eed952f7ffb52e4f578393718ba880ba0930c78fe51d50828fe06a713055,"{""distance"":3,""physical_error_rate"":0.001}","{""detection_events"":3807,""detectors_checked"":1382400,""obs_mistake_mask=E"":3}"
     21504,        41,         0,    1.17,decoder_by_matrix,bf84ffc61868c0acf247eb3d31d6d1ff07feed51ae0b0770ddaf58683dcdd22c,"{""distance"":3,""physical_error_rate"":0.005}","{""detection_events"":15747,""detectors_checked"":1161216,""obs_mistake_mask=E"":41}"
     25600,         2,         0,    1.17,decoder_by_matrix,f854eed952f7ffb52e4f578393718ba880ba0930c78fe51d50828fe06a713055,"{""distance"":3,""physical_error_rate"":0.001}","{""detection_events"":3750,""detectors_checked"":1382400,""obs_mistake_mask=E"":2}"
     18432,       135,         0,    1.17,decoder_by_matrix,dc80d1b5cd4a369885d36fbbadd410646ee6a9cd91075667cd6e1b71d0442655,"{""distance"":3,""physical_error_rate"":0.01}","{""detection_events"":26349,""detectors_checked"":995328,""obs_mistake_mask=E"":135}"
     27648,         0,         0,    1.16,decoder_by_matrix,beec9fd12293a9cfe53c9b61fb8ce2a525e4eed38fa75d132d6dc64699336876,"{""distance"":3,""physical_error_rate"":0.0001}","{""detection_events"":468,""detectors_checked"":1492992}"
     71680,         0,         0,    1.13,decoder_by_matrix,e9839e3017c9ef118c4b8aeafef39e78c11ecbdb89764e9ca676a7dc2fb6d062,"{""distance"":3,""physical_error_rate"":1e-06}","{""detection_events"":15,""detectors_checked"":3870720}"
     70656,         0,         0,    1.17,decoder_by_matrix,560c721f87db01d4cacf7dcb7d8812fecde61e9e7776d4b9e1b1a792578ecad7,"{""distance"":3,""physical_error_rate"":5e-06}","{""detection_events"":27,""detectors_checked"":3815424}"
     59392,         0,         0,    1.14,decoder_by_matrix,e25b8d07214a8afb95d354611a83b9bb1ded39644e323a8585b3aabf687a4fff,"{""distance"":3,""physical_error_rate"":1e-05}","{""detection_events"":69,""detectors_checked"":3207168}"
     29696,         0,         0,    1.06,decoder_by_matrix,beec9fd12293a9cfe53c9b61fb8ce2a525e4eed38fa75d132d6dc64699336876,"{""distance"":3,""physical_error_rate"":0.0001}","{""detection_events"":354,""detectors_checked"":1603584}"
     26624,         0,         0,    1.16,decoder_by_matrix,5c8c81bfec719079c388cedc47a351f264c1bf769ae28a89f9b4fc7719fea501,"{""distance"":3,""physical_error_rate"":0.0005}","{""detection_events"":1962,""detectors_checked"":1437696}"
     26624,         0,         0,    1.16,decoder_by_matrix,5c8c81bfec719079c388cedc47a351f264c1bf769ae28a89f9b4fc7719fea501,"{""distance"":3,""physical_error_rate"":0.0005}","{""detection_events"":2037,""detectors_checked"":1437696}"
     25600,         1,         0,    1.17,decoder_by_matrix,f854eed952f7ffb52e4f578393718ba880ba0930c78fe51d50828fe06a713055,"{""distance"":3,""physical_error_rate"":0.001}","{""detection_events"":3948,""detectors_checked"":1382400,""obs_mistake_mask=E"":1}"
     25600,         1,         0,    1.13,decoder_by_matrix,f854eed952f7ffb52e4f578393718ba880ba0930c78fe51d50828fe06a713055,"{""distance"":3,""physical_error_rate"":0.001}","{""detection_events"":3987,""detectors_checked"":1382400,""obs_mistake_mask=E"":1}"
     30720,         0,         0,    1.19,decoder_by_matrix,beec9fd12293a9cfe53c9b61fb8ce2a525e4eed38fa75d132d6dc64699336876,"{""distance"":3,""physical_error_rate"":0.0001}","{""detection_events"":402,""detectors_checked"":1658880}"
     17408,       115,         0,    1.16,decoder_by_matrix,dc80d1b5cd4a369885d36fbbadd410646ee6a9cd91075667cd6e1b71d0442655,"{""distance"":3,""physical_error_rate"":0.01}","{""detection_events"":24597,""detectors_checked"":940032,""obs_mistake_mask=E"":115}"
     36864,         0,         0,    1.15,decoder_by_matrix,36e3cd26fed5ec7649ec51fb08c1a5e7d7f30e615782d954fee045c18a4962ca,"{""distance"":3,""physical_error_rate"":5e-05}","{""detection_events"":201,""detectors_checked"":1990656}"
     21504,        39,         0,    1.02,decoder_by_matrix,bf84ffc61868c0acf247eb3d31d6d1ff07feed51ae0b0770ddaf58683dcdd22c,"{""distance"":3,""physical_error_rate"":0.005}","{""detection_events"":15057,""detectors_checked"":1161216,""obs_mistake_mask=E"":39}"
     21504,        26,         0,    1.20,decoder_by_matrix,bf84ffc61868c0acf247eb3d31d6d1ff07feed51ae0b0770ddaf58683dcdd22c,"{""distance"":3,""physical_error_rate"":0.005}","{""detection_events"":15723,""detectors_checked"":1161216,""obs_mistake_mask=E"":26}"
     18432,       129,         0,    1.16,decoder_by_matrix,dc80d1b5cd4a369885d36fbbadd410646ee6a9cd91075667cd6e1b71d0442655,"{""distance"":3,""physical_error_rate"":0.01}","{""detection_events"":25971,""detectors_checked"":995328,""obs_mistake_mask=E"":129}"
     24576,       144,         0,    1.56,decoder_by_matrix,dc80d1b5cd4a369885d36fbbadd410646ee6a9cd91075667cd6e1b71d0442655,"{""distance"":3,""physical_error_rate"":0.01}","{""detection_events"":35160,""detectors_checked"":1327104,""obs_mistake_mask=E"":144}"
     80896,         0,         0,    1.51,decoder_by_matrix,560c721f87db01d4cacf7dcb7d8812fecde61e9e7776d4b9e1b1a792578ecad7,"{""distance"":3,""physical_error_rate"":5e-06}","{""detection_events"":126,""detectors_checked"":4368384}"
     44032,         0,         0,    1.29,decoder_by_matrix,36e3cd26fed5ec7649ec51fb08c1a5e7d7f30e615782d954fee045c18a4962ca,"{""distance"":3,""physical_error_rate"":5e-05}","{""detection_events"":453,""detectors_checked"":2377728}"
     38912,         0,         0,    1.67,decoder_by_matrix,5c8c81bfec719079c388cedc47a351f264c1bf769ae28a89f9b4fc7719fea501,"{""distance"":3,""physical_error_rate"":0.0005}","{""detection_events"":2955,""detectors_checked"":2101248}"
     77824,         0,         0,    1.49,decoder_by_matrix,e25b8d07214a8afb95d354611a83b9bb1ded39644e323a8585b3aabf687a4fff,"{""distance"":3,""physical_error_rate"":1e-05}","{""detection_events"":150,""detectors_checked"":4202496}"
     35840,         2,         0,    1.57,decoder_by_matrix,f854eed952f7ffb52e4f578393718ba880ba0930c78fe51d50828fe06a713055,"{""distance"":3,""physical_error_rate"":0.001}","{""detection_events"":5043,""detectors_checked"":1935360,""obs_mistake_mask=E"":2}"
     84992,         0,         0,    1.53,decoder_by_matrix,e25b8d07214a8afb95d354611a83b9bb1ded39644e323a8585b3aabf687a4fff,"{""distance"":3,""physical_error_rate"":1e-05}","{""detection_events"":123,""detectors_checked"":4589568}"
     43008,         0,         0,    1.66,decoder_by_matrix,beec9fd12293a9cfe53c9b61fb8ce2a525e4eed38fa75d132d6dc64699336876,"{""distance"":3,""physical_error_rate"":0.0001}","{""detection_events"":675,""detectors_checked"":2322432}"
    105472,         0,         0,    1.64,decoder_by_matrix,e9839e3017c9ef118c4b8aeafef39e78c11ecbdb89764e9ca676a7dc2fb6d062,"{""distance"":3,""physical_error_rate"":1e-06}","{""detection_events"":6,""detectors_checked"":5695488}"
     35840,         2,         0,    1.61,decoder_by_matrix,f854eed952f7ffb52e4f578393718ba880ba0930c78fe51d50828fe06a713055,"{""distance"":3,""physical_error_rate"":0.001}","{""detection_events"":5094,""detectors_checked"":1935360,""obs_mistake_mask=E"":2}"
     37888,         1,         0,    1.64,decoder_by_matrix,5c8c81bfec719079c388cedc47a351f264c1bf769ae28a89f9b4fc7719fea501,"{""distance"":3,""physical_error_rate"":0.0005}","{""detection_events"":2841,""detectors_checked"":2045952,""obs_mistake_mask=E"":1}"
    109568,         0,         0,    1.55,decoder_by_matrix,e9839e3017c9ef118c4b8aeafef39e78c11ecbdb89764e9ca676a7dc2fb6d062,"{""distance"":3,""physical_error_rate"":1e-06}","{""detectors_checked"":5916672}"
     51200,         0,         0,    1.54,decoder_by_matrix,36e3cd26fed5ec7649ec51fb08c1a5e7d7f30e615782d954fee045c18a4962ca,"{""distance"":3,""physical_error_rate"":5e-05}","{""detection_events"":417,""detectors_checked"":2764800}"
     31744,        52,         0,    1.68,decoder_by_matrix,bf84ffc61868c0acf247eb3d31d6d1ff07feed51ae0b0770ddaf58683dcdd22c,"{""distance"":3,""physical_error_rate"":0.005}","{""detection_events"":22233,""detectors_checked"":1714176,""obs_mistake_mask=E"":52}"
     25600,       184,         0,    1.64,decoder_by_matrix,dc80d1b5cd4a369885d36fbbadd410646ee6a9cd91075667cd6e1b71d0442655,"{""distance"":3,""physical_error_rate"":0.01}","{""detection_events"":37224,""detectors_checked"":1382400,""obs_mistake_mask=E"":184}"
     82944,         0,         0,    1.68,decoder_by_matrix,560c721f87db01d4cacf7dcb7d8812fecde61e9e7776d4b9e1b1a792578ecad7,"{""distance"":3,""physical_error_rate"":5e-06}","{""detection_events"":114,""detectors_checked"":4478976}"
     30720,        44,         0,    1.67,decoder_by_matrix,bf84ffc61868c0acf247eb3d31d6d1ff07feed51ae0b0770ddaf58683dcdd22c,"{""distance"":3,""physical_error_rate"":0.005}","{""detection_events"":21606,""detectors_checked"":1658880,""obs_mistake_mask=E"":44}"
     43008,         0,         0,    1.67,decoder_by_matrix,beec9fd12293a9cfe53c9b61fb8ce2a525e4eed38fa75d132d6dc64699336876,"{""distance"":3,""physical_error_rate"":0.0001}","{""detection_events"":756,""detectors_checked"":2322432}"
    104448,         0,         0,    1.66,decoder_by_matrix,e9839e3017c9ef118c4b8aeafef39e78c11ecbdb89764e9ca676a7dc2fb6d062,"{""distance"":3,""physical_error_rate"":1e-06}","{""detection_events"":24,""detectors_checked"":5640192}"
     84992,         0,         0,    1.64,decoder_by_matrix,560c721f87db01d4cacf7dcb7d8812fecde61e9e7776d4b9e1b1a792578ecad7,"{""distance"":3,""physical_error_rate"":5e-06}","{""detection_events"":96,""detectors_checked"":4589568}"
     81920,         0,         0,    1.42,decoder_by_matrix,e25b8d07214a8afb95d354611a83b9bb1ded39644e323a8585b3aabf687a4fff,"{""distance"":3,""physical_error_rate"":1e-05}","{""detection_events"":120,""detectors_checked"":4423680}"
     36864,         1,         0,    1.59,decoder_by_matrix,5c8c81bfec719079c388cedc47a351f264c1bf769ae28a89f9b4fc7719fea501,"{""distance"":3,""physical_error_rate"":0.0005}","{""detection_events"":2490,""detectors_checked"":1990656,""obs_mistake_mask=E"":1}"
     40960,         0,         0,    1.65,decoder_by_matrix,beec9fd12293a9cfe53c9b61fb8ce2a525e4eed38fa75d132d6dc64699336876,"{""distance"":3,""physical_error_rate"":0.0001}","{""detection_events"":726,""detectors_checked"":2211840}"
     36864,         1,         0,    1.52,decoder_by_matrix,f854eed952f7ffb52e4f578393718ba880ba0930c78fe51d50828fe06a713055,"{""distance"":3,""physical_error_rate"":0.001}","{""detection_events"":5241,""detectors_checked"":1990656,""obs_mistake_mask=E"":1}"
     37888,         0,         0,    1.55,decoder_by_matrix,5c8c81bfec719079c388cedc47a351f264c1bf769ae28a89f9b4fc7719fea501,"{""distance"":3,""physical_error_rate"":0.0005}","{""detection_events"":2835,""detectors_checked"":2045952}"
     24576,       150,         0,    1.58,decoder_by_matrix,dc80d1b5cd4a369885d36fbbadd410646ee6a9cd91075667cd6e1b71d0442655,"{""distance"":3,""physical_error_rate"":0.01}","{""detection_events"":33882,""detectors_checked"":1327104,""obs_mistake_mask=E"":150}"
     36864,         5,         0,    1.66,decoder_by_matrix,f854eed952f7ffb52e4f578393718ba880ba0930c78fe51d50828fe06a713055,"{""distance"":3,""physical_error_rate"":0.001}","{""detection_events"":5448,""detectors_checked"":1990656,""obs_mistake_mask=E"":5}"
     25600,       175,         0,    1.66,decoder_by_matrix,dc80d1b5cd4a369885d36fbbadd410646ee6a9cd91075667cd6e1b71d0442655,"{""distance"":3,""physical_error_rate"":0.01}","{""detection_events"":36612,""detectors_checked"":1382400,""obs_mistake_mask=E"":175}"
     47104,         0,         0,    1.55,decoder_by_matrix,beec9fd12293a9cfe53c9b61fb8ce2a525e4eed38fa75d132d6dc64699336876,"{""distance"":3,""physical_error_rate"":0.0001}","{""detection_events"":630,""detectors_checked"":2543616}"
     51200,         0,         0,    1.67,decoder_by_matrix,36e3cd26fed5ec7649ec51fb08c1a5e7d7f30e615782d954fee045c18a4962ca,"{""distance"":3,""physical_error_rate"":5e-05}","{""detection_events"":351,""detectors_checked"":2764800}"
     31744,        64,         0,    1.67,decoder_by_matrix,bf84ffc61868c0acf247eb3d31d6d1ff07feed51ae0b0770ddaf58683dcdd22c,"{""distance"":3,""physical_error_rate"":0.005}","{""detection_events"":22797,""detectors_checked"":1714176,""obs_mistake_mask=E"":64}"
     31744,        43,         0,    1.66,decoder_by_matrix,bf84ffc61868c0acf247eb3d31d6d1ff07feed51ae0b0770ddaf58683dcdd22c,"{""distance"":3,""physical_error_rate"":0.005}","{""detection_events"":22968,""detectors_checked"":1714176,""obs_mistake_mask=E"":43}"
    117760,         0,         0,    1.80,decoder_by_matrix,560c721f87db01d4cacf7dcb7d8812fecde61e9e7776d4b9e1b1a792578ecad7,"{""distance"":3,""physical_error_rate"":5e-06}","{""detection_events"":114,""detectors_checked"":6359040}"
     34816,       210,         0,    2.25,decoder_by_matrix,dc80d1b5cd4a369885d36fbbadd410646ee6a9cd91075667cd6e1b71d0442655,"{""distance"":3,""physical_error_rate"":0.01}","{""detection_events"":48639,""detectors_checked"":1880064,""obs_mistake_mask=E"":210}"
     70656,         0,         0,    2.06,decoder_by_matrix,36e3cd26fed5ec7649ec51fb08c1a5e7d7f30e615782d954fee045c18a4962ca,"{""distance"":3,""physical_error_rate"":5e-05}","{""detection_events"":489,""detectors_checked"":3815424}"
    103424,         0,         0,    2.18,decoder_by_matrix,e25b8d07214a8afb95d354611a83b9bb1ded39644e323a8585b3aabf687a4fff,"{""distance"":3,""physical_error_rate"":1e-05}","{""detection_events"":156,""detectors_checked"":5584896}"
     53248,         1,         0,    2.29,decoder_by_matrix,5c8c81bfec719079c388cedc47a351f264c1bf769ae28a89f9b4fc7719fea501,"{""distance"":3,""physical_error_rate"":0.0005}","{""detection_events"":4119,""detectors_checked"":2875392,""obs_mistake_mask=E"":1}"
     48128,         1,         0,    2.06,decoder_by_matrix,f854eed952f7ffb52e4f578393718ba880ba0930c78fe51d50828fe06a713055,"{""distance"":3,""physical_error_rate"":0.001}","{""detection_events"":7365,""detectors_checked"":2598912,""obs_mistake_mask=E"":1}"
    117760,         0,         0,    2.06,decoder_by_matrix,e25b8d07214a8afb95d354611a83b9bb1ded39644e323a8585b3aabf687a4fff,"{""distance"":3,""physical_error_rate"":1e-05}","{""detection_events"":123,""detectors_checked"":6359040}"
    139264,         0,         0,    2.17,decoder_by_matrix,e9839e3017c9ef118c4b8aeafef39e78c11ecbdb89764e9ca676a7dc2fb6d062,"{""distance"":3,""physical_error_rate"":1e-06}","{""detection_events"":3,""detectors_checked"":7520256}"
     49152,         3,         0,    2.18,decoder_by_matrix,f854eed952f7ffb52e4f578393718ba880ba0930c78fe51d50828fe06a713055,"{""distance"":3,""physical_error_rate"":0.001}","{""detection_events"":7194,""detectors_checked"":2654208,""obs_mistake_mask=E"":3}"
     51200,         1,         0,    2.18,decoder_by_matrix,5c8c81bfec719079c388cedc47a351f264c1bf769ae28a89f9b4fc7719fea501,"{""distance"":3,""physical_error_rate"":0.0005}","{""detection_events"":3708,""detectors_checked"":2764800,""obs_mistake_mask=E"":1}"
    140288,         0,         0,    2.06,decoder_by_matrix,e9839e3017c9ef118c4b8aeafef39e78c11ecbdb89764e9ca676a7dc2fb6d062,"{""distance"":3,""physical_error_rate"":1e-06}","{""detection_events"":12,""detectors_checked"":7575552}"
     59392,         0,         0,    1.76,decoder_by_matrix,beec9fd12293a9cfe53c9b61fb8ce2a525e4eed38fa75d132d6dc64699336876,"{""distance"":3,""physical_error_rate"":0.0001}","{""detection_events"":954,""detectors_checked"":3207168}"
     40960,        60,         0,    2.05,decoder_by_matrix,bf84ffc61868c0acf247eb3d31d6d1ff07feed51ae0b0770ddaf58683dcdd22c,"{""distance"":3,""physical_error_rate"":0.005}","{""detection_events"":28662,""detectors_checked"":2211840,""obs_mistake_mask=E"":60}"
    126976,         0,         0,    2.20,decoder_by_matrix,560c721f87db01d4cacf7dcb7d8812fecde61e9e7776d4b9e1b1a792578ecad7,"{""distance"":3,""physical_error_rate"":5e-06}","{""detection_events"":87,""detectors_checked"":6856704}"
     54272,         0,         0,    2.06,decoder_by_matrix,beec9fd12293a9cfe53c9b61fb8ce2a525e4eed38fa75d132d6dc64699336876,"{""distance"":3,""physical_error_rate"":0.0001}","{""detection_events"":765,""detectors_checked"":2930688}"
     72704,         0,         0,    2.28,decoder_by_matrix,36e3cd26fed5ec7649ec51fb08c1a5e7d7f30e615782d954fee045c18a4962ca,"{""distance"":3,""physical_error_rate"":5e-05}","{""detection_events"":468,""detectors_checked"":3926016}"
     43008,        79,         0,    2.17,decoder_by_matrix,bf84ffc61868c0acf247eb3d31d6d1ff07feed51ae0b0770ddaf58683dcdd22c,"{""distance"":3,""physical_error_rate"":0.005}","{""detection_events"":30018,""detectors_checked"":2322432,""obs_mistake_mask=E"":79}"
     35840,       198,         0,    2.18,decoder_by_matrix,dc80d1b5cd4a369885d36fbbadd410646ee6a9cd91075667cd6e1b71d0442655,"{""distance"":3,""physical_error_rate"":0.01}","{""detection_events"":48879,""detectors_checked"":1935360,""obs_mistake_mask=E"":198}"
    143360,         0,         0,    2.04,decoder_by_matrix,e9839e3017c9ef118c4b8aeafef39e78c11ecbdb89764e9ca676a7dc2fb6d062,"{""distance"":3,""physical_error_rate"":1e-06}","{""detection_events"":27,""detectors_checked"":7741440}"
    122880,         0,         0,    2.18,decoder_by_matrix,560c721f87db01d4cacf7dcb7d8812fecde61e9e7776d4b9e1b1a792578ecad7,"{""distance"":3,""physical_error_rate"":5e-06}","{""detection_events"":111,""detectors_checked"":6635520}"
    110592,         0,         0,    1.93,decoder_by_matrix,e25b8d07214a8afb95d354611a83b9bb1ded39644e323a8585b3aabf687a4fff,"{""distance"":3,""physical_error_rate"":1e-05}","{""detection_events"":135,""detectors_checked"":5971968}"
     51200,         1,         0,    2.22,decoder_by_matrix,5c8c81bfec719079c388cedc47a351f264c1bf769ae28a89f9b4fc7719fea501,"{""distance"":3,""physical_error_rate"":0.0005}","{""detection_events"":3714,""detectors_checked"":2764800,""obs_mistake_mask=E"":1}"
     54272,         1,         0,    2.09,decoder_by_matrix,beec9fd12293a9cfe53c9b61fb8ce2a525e4eed38fa75d132d6dc64699336876,"{""distance"":3,""physical_error_rate"":0.0001}","{""detection_events"":888,""detectors_checked"":2930688,""obs_mistake_mask=E"":1}"
     51200,         0,         0,    2.06,decoder_by_matrix,5c8c81bfec719079c388cedc47a351f264c1bf769ae28a89f9b4fc7719fea501,"{""distance"":3,""physical_error_rate"":0.0005}","{""detection_events"":3369,""detectors_checked"":2764800}"
     51200,         3,         0,    2.18,decoder_by_matrix,f854eed952f7ffb52e4f578393718ba880ba0930c78fe51d50828fe06a713055,"{""distance"":3,""physical_error_rate"":0.001}","{""detection_events"":7845,""detectors_checked"":2764800,""obs_mistake_mask=E"":3}"
     71680,         0,         0,    2.06,decoder_by_matrix,36e3cd26fed5ec7649ec51fb08c1a5e7d7f30e615782d954fee045c18a4962ca,"{""distance"":3,""physical_error_rate"":5e-05}","{""detection_events"":405,""detectors_checked"":3870720}"
     40960,        62,         0,    2.18,decoder_by_matrix,bf84ffc61868c0acf247eb3d31d6d1ff07feed51ae0b0770ddaf58683dcdd22c,"{""distance"":3,""physical_error_rate"":0.005}","{""detection_events"":28839,""detectors_checked"":2211840,""obs_mistake_mask=E"":62}"
     56320,         0,         0,    2.09,decoder_by_matrix,beec9fd12293a9cfe53c9b61fb8ce2a525e4eed38fa75d132d6dc64699336876,"{""distance"":3,""physical_error_rate"":0.0001}","{""detection_events"":900,""detectors_checked"":3041280}"
     51200,         2,         0,    2.29,decoder_by_matrix,f854eed952f7ffb52e4f578393718ba880ba0930c78fe51d50828fe06a713055,"{""distance"":3,""physical_error_rate"":0.001}","{""detection_events"":7659,""detectors_checked"":2764800,""obs_mistake_mask=E"":2}"
     34816,       238,         0,    2.29,decoder_by_matrix,dc80d1b5cd4a369885d36fbbadd410646ee6a9cd91075667cd6e1b71d0442655,"{""distance"":3,""physical_error_rate"":0.01}","{""detection_events"":49428,""detectors_checked"":1880064,""obs_mistake_mask=E"":238}"
     40960,        78,         0,    2.14,decoder_by_matrix,bf84ffc61868c0acf247eb3d31d6d1ff07feed51ae0b0770ddaf58683dcdd22c,"{""distance"":3,""physical_error_rate"":0.005}","{""detection_events"":29043,""detectors_checked"":2211840,""obs_mistake_mask=E"":78}"
     34816,       235,         0,    2.30,decoder_by_matrix,dc80d1b5cd4a369885d36fbbadd410646ee6a9cd91075667cd6e1b71d0442655,"{""distance"":3,""physical_error_rate"":0.01}","{""detection_events"":49767,""detectors_checked"":1880064,""obs_mistake_mask=E"":235}"
    167936,         0,         0,    2.93,decoder_by_matrix,560c721f87db01d4cacf7dcb7d8812fecde61e9e7776d4b9e1b1a792578ecad7,"{""distance"":3,""physical_error_rate"":5e-06}","{""detection_events"":129,""detectors_checked"":9068544}"
     48128,       310,         0,    3.12,decoder_by_matrix,dc80d1b5cd4a369885d36fbbadd410646ee6a9cd91075667cd6e1b71d0442655,"{""distance"":3,""physical_error_rate"":0.01}","{""detection_events"":67470,""detectors_checked"":2598912,""obs_mistake_mask=E"":310}"
    156672,         0,         0,    2.82,decoder_by_matrix,e25b8d07214a8afb95d354611a83b9bb1ded39644e323a8585b3aabf687a4fff,"{""distance"":3,""physical_error_rate"":1e-05}","{""detection_events"":204,""detectors_checked"":8460288}"
     88064,         0,         0,    3.12,decoder_by_matrix,36e3cd26fed5ec7649ec51fb08c1a5e7d7f30e615782d954fee045c18a4962ca,"{""distance"":3,""physical_error_rate"":5e-05}","{""detection_events"":819,""detectors_checked"":4755456}"
     71680,         2,         0,    3.05,decoder_by_matrix,5c8c81bfec719079c388cedc47a351f264c1bf769ae28a89f9b4fc7719fea501,"{""distance"":3,""physical_error_rate"":0.0005}","{""detection_events"":5625,""detectors_checked"":3870720,""obs_mistake_mask=E"":2}"
    160768,         0,         0,    2.82,decoder_by_matrix,e25b8d07214a8afb95d354611a83b9bb1ded39644e323a8585b3aabf687a4fff,"{""distance"":3,""physical_error_rate"":1e-05}","{""detection_events"":195,""detectors_checked"":8681472}"
     68608,         6,         0,    2.94,decoder_by_matrix,f854eed952f7ffb52e4f578393718ba880ba0930c78fe51d50828fe06a713055,"{""distance"":3,""physical_error_rate"":0.001}","{""detection_events"":10455,""detectors_checked"":3704832,""obs_mistake_mask=E"":6}"
    196608,         0,         0,    2.95,decoder_by_matrix,e9839e3017c9ef118c4b8aeafef39e78c11ecbdb89764e9ca676a7dc2fb6d062,"{""distance"":3,""physical_error_rate"":1e-06}","{""detection_events"":12,""detectors_checked"":10616832}"
     70656,         7,         0,    3.08,decoder_by_matrix,f854eed952f7ffb52e4f578393718ba880ba0930c78fe51d50828fe06a713055,"{""distance"":3,""physical_error_rate"":0.001}","{""detection_events"":10116,""detectors_checked"":3815424,""obs_mistake_mask=E"":7}"
    191488,         0,         0,    2.82,decoder_by_matrix,e9839e3017c9ef118c4b8aeafef39e78c11ecbdb89764e9ca676a7dc2fb6d062,"{""distance"":3,""physical_error_rate"":1e-06}","{""detection_events"":48,""detectors_checked"":10340352}"
     72704,         2,         0,    2.86,decoder_by_matrix,5c8c81bfec719079c388cedc47a351f264c1bf769ae28a89f9b4fc7719fea501,"{""distance"":3,""physical_error_rate"":0.0005}","{""detection_events"":5148,""detectors_checked"":3926016,""obs_mistake_mask=E"":2}"
     79872,         0,         0,    3.07,decoder_by_matrix,beec9fd12293a9cfe53c9b61fb8ce2a525e4eed38fa75d132d6dc64699336876,"{""distance"":3,""physical_error_rate"":0.0001}","{""detection_events"":1146,""detectors_checked"":4313088}"
    177152,         0,         0,    3.06,decoder_by_matrix,560c721f87db01d4cacf7dcb7d8812fecde61e9e7776d4b9e1b1a792578ecad7,"{""distance"":3,""physical_error_rate"":5e-06}","{""detection_events"":90,""detectors_checked"":9566208}"
     79872,         0,         0,    2.97,decoder_by_matrix,beec9fd12293a9cfe53c9b61fb8ce2a525e4eed38fa75d132d6dc64699336876,"{""distance"":3,""physical_error_rate"":0.0001}","{""detection_events"":1221,""detectors_checked"":4313088}"
     93184,         0,         0,    2.69,decoder_by_matrix,36e3cd26fed5ec7649ec51fb08c1a5e7d7f30e615782d954fee045c18a4962ca,"{""distance"":3,""physical_error_rate"":5e-05}","{""detection_events"":579,""detectors_checked"":5031936}"
     57344,       105,         0,    3.15,decoder_by_matrix,bf84ffc61868c0acf247eb3d31d6d1ff07feed51ae0b0770ddaf58683dcdd22c,"{""distance"":3,""physical_error_rate"":0.005}","{""detection_events"":40068,""detectors_checked"":3096576,""obs_mistake_mask=E"":105}"
     57344,        97,         0,    3.08,decoder_by_matrix,bf84ffc61868c0acf247eb3d31d6d1ff07feed51ae0b0770ddaf58683dcdd22c,"{""distance"":3,""physical_error_rate"":0.005}","{""detection_events"":41322,""detectors_checked"":3096576,""obs_mistake_mask=E"":97}"
     49152,       306,         0,    3.08,decoder_by_matrix,dc80d1b5cd4a369885d36fbbadd410646ee6a9cd91075667cd6e1b71d0442655,"{""distance"":3,""physical_error_rate"":0.01}","{""detection_events"":68388,""detectors_checked"":2654208,""obs_mistake_mask=E"":306}"
    197632,         0,         0,    2.83,decoder_by_matrix,e9839e3017c9ef118c4b8aeafef39e78c11ecbdb89764e9ca676a7dc2fb6d062,"{""distance"":3,""physical_error_rate"":1e-06}","{""detection_events"":12,""detectors_checked"":10672128}"
    166912,         0,         0,    3.06,decoder_by_matrix,560c721f87db01d4cacf7dcb7d8812fecde61e9e7776d4b9e1b1a792578ecad7,"{""distance"":3,""physical_error_rate"":5e-06}","{""detection_events"":99,""detectors_checked"":9013248}"
    149504,         0,         0,    2.98,decoder_by_matrix,e25b8d07214a8afb95d354611a83b9bb1ded39644e323a8585b3aabf687a4fff,"{""distance"":3,""physical_error_rate"":1e-05}","{""detection_events"":237,""detectors_checked"":8073216}"
     72704,         0,         0,    2.97,decoder_by_matrix,5c8c81bfec719079c388cedc47a351f264c1bf769ae28a89f9b4fc7719fea501,"{""distance"":3,""physical_error_rate"":0.0005}","{""detection_events"":5160,""detectors_checked"":3926016}"
     79872,         0,         0,    2.95,decoder_by_matrix,beec9fd12293a9cfe53c9b61fb8ce2a525e4eed38fa75d132d6dc64699336876,"{""distance"":3,""physical_error_rate"":0.0001}","{""detection_events"":1146,""detectors_checked"":4313088}"
     66560,         5,         0,    2.69,decoder_by_matrix,f854eed952f7ffb52e4f578393718ba880ba0930c78fe51d50828fe06a713055,"{""distance"":3,""physical_error_rate"":0.001}","{""detection_events"":10164,""detectors_checked"":3594240,""obs_mistake_mask=E"":5}"
     72704,         1,         0,    3.12,decoder_by_matrix,5c8c81bfec719079c388cedc47a351f264c1bf769ae28a89f9b4fc7719fea501,"{""distance"":3,""physical_error_rate"":0.0005}","{""detection_events"":5430,""detectors_checked"":3926016,""obs_mistake_mask=E"":1}"
     98304,         0,         0,    3.06,decoder_by_matrix,36e3cd26fed5ec7649ec51fb08c1a5e7d7f30e615782d954fee045c18a4962ca,"{""distance"":3,""physical_error_rate"":5e-05}","{""detection_events"":627,""detectors_checked"":5308416}"
     57344,        97,         0,    2.95,decoder_by_matrix,bf84ffc61868c0acf247eb3d31d6d1ff07feed51ae0b0770ddaf58683dcdd22c,"{""distance"":3,""physical_error_rate"":0.005}","{""detection_events"":40023,""detectors_checked"":3096576,""obs_mistake_mask=E"":97}"
     69632,         2,         0,    2.83,decoder_by_matrix,f854eed952f7ffb52e4f578393718ba880ba0930c78fe51d50828fe06a713055,"{""distance"":3,""physical_error_rate"":0.001}","{""detection_events"":9849,""detectors_checked"":3760128,""obs_mistake_mask=E"":2}"
     48128,       311,         0,    3.08,decoder_by_matrix,dc80d1b5cd4a369885d36fbbadd410646ee6a9cd91075667cd6e1b71d0442655,"{""distance"":3,""physical_error_rate"":0.01}","{""detection_events"":67665,""detectors_checked"":2598912,""obs_mistake_mask=E"":311}"
     47104,       289,         0,    3.07,decoder_by_matrix,dc80d1b5cd4a369885d36fbbadd410646ee6a9cd91075667cd6e1b71d0442655,"{""distance"":3,""physical_error_rate"":0.01}","{""detection_events"":65958,""detectors_checked"":2543616,""obs_mistake_mask=E"":289}"
     83968,         0,         0,    3.16,decoder_by_matrix,beec9fd12293a9cfe53c9b61fb8ce2a525e4eed38fa75d132d6dc64699336876,"{""distance"":3,""physical_error_rate"":0.0001}","{""detection_events"":1113,""detectors_checked"":4534272}"
     57344,        95,         0,    2.96,decoder_by_matrix,bf84ffc61868c0acf247eb3d31d6d1ff07feed51ae0b0770ddaf58683dcdd22c,"{""distance"":3,""physical_error_rate"":0.005}","{""detection_events"":41727,""detectors_checked"":3096576,""obs_mistake_mask=E"":95}"
    232448,         0,         0,    4.19,decoder_by_matrix,560c721f87db01d4cacf7dcb7d8812fecde61e9e7776d4b9e1b1a792578ecad7,"{""distance"":3,""physical_error_rate"":5e-06}","{""detection_events"":252,""detectors_checked"":12552192}"
     67584,       442,         0,    4.36,decoder_by_matrix,dc80d1b5cd4a369885d36fbbadd410646ee6a9cd91075667cd6e1b71d0442655,"{""distance"":3,""physical_error_rate"":0.01}","{""detection_events"":95352,""detectors_checked"":3649536,""obs_mistake_mask=E"":442}"
    218112,         0,         0,    4.19,decoder_by_matrix,e25b8d07214a8afb95d354611a83b9bb1ded39644e323a8585b3aabf687a4fff,"{""distance"":3,""physical_error_rate"":1e-05}","{""detection_events"":321,""detectors_checked"":11778048}"
    100352,         4,         0,    4.17,decoder_by_matrix,5c8c81bfec719079c388cedc47a351f264c1bf769ae28a89f9b4fc7719fea501,"{""distance"":3,""physical_error_rate"":0.0005}","{""detection_events"":7167,""detectors_checked"":5419008,""obs_mistake_mask=E"":4}"
    143360,         0,         0,    4.34,decoder_by_matrix,36e3cd26fed5ec7649ec51fb08c1a5e7d7f30e615782d954fee045c18a4962ca,"{""distance"":3,""physical_error_rate"":5e-05}","{""detection_events"":930,""detectors_checked"":7741440}"
    214016,         0,         0,    4.04,decoder_by_matrix,e25b8d07214a8afb95d354611a83b9bb1ded39644e323a8585b3aabf687a4fff,"{""distance"":3,""physical_error_rate"":1e-05}","{""detection_events"":330,""detectors_checked"":11556864}"
     97280,         8,         0,    4.09,decoder_by_matrix,f854eed952f7ffb52e4f578393718ba880ba0930c78fe51d50828fe06a713055,"{""distance"":3,""physical_error_rate"":0.001}","{""detection_events"":14019,""detectors_checked"":5253120,""obs_mistake_mask=E"":8}"
    281600,         0,         0,    4.22,decoder_by_matrix,e9839e3017c9ef118c4b8aeafef39e78c11ecbdb89764e9ca676a7dc2fb6d062,"{""distance"":3,""physical_error_rate"":1e-06}","{""detection_events"":9,""detectors_checked"":15206400}"
     98304,         6,         0,    4.36,decoder_by_matrix,f854eed952f7ffb52e4f578393718ba880ba0930c78fe51d50828fe06a713055,"{""distance"":3,""physical_error_rate"":0.001}","{""detection_events"":14364,""detectors_checked"":5308416,""obs_mistake_mask=E"":6}"
    273408,         0,         0,    4.10,decoder_by_matrix,e9839e3017c9ef118c4b8aeafef39e78c11ecbdb89764e9ca676a7dc2fb6d062,"{""distance"":3,""physical_error_rate"":1e-06}","{""detection_events"":36,""detectors_checked"":14764032}"
    129024,         0,         0,    4.16,decoder_by_matrix,36e3cd26fed5ec7649ec51fb08c1a5e7d7f30e615782d954fee045c18a4962ca,"{""distance"":3,""physical_error_rate"":5e-05}","{""detection_events"":978,""detectors_checked"":6967296}"
    110592,         0,         0,    4.19,decoder_by_matrix,beec9fd12293a9cfe53c9b61fb8ce2a525e4eed38fa75d132d6dc64699336876,"{""distance"":3,""physical_error_rate"":0.0001}","{""detection_events"":1533,""detectors_checked"":5971968}"
    102400,         0,         0,    4.24,decoder_by_matrix,5c8c81bfec719079c388cedc47a351f264c1bf769ae28a89f9b4fc7719fea501,"{""distance"":3,""physical_error_rate"":0.0005}","{""detection_events"":7500,""detectors_checked"":5529600}"
    117760,         0,         0,    4.24,decoder_by_matrix,beec9fd12293a9cfe53c9b61fb8ce2a525e4eed38fa75d132d6dc64699336876,"{""distance"":3,""physical_error_rate"":0.0001}","{""detection_events"":1665,""detectors_checked"":6359040}"
    223232,         0,         0,    4.24,decoder_by_matrix,560c721f87db01d4cacf7dcb7d8812fecde61e9e7776d4b9e1b1a792578ecad7,"{""distance"":3,""physical_error_rate"":5e-06}","{""detection_events"":240,""detectors_checked"":12054528}"
     79872,       125,         0,    3.93,decoder_by_matrix,bf84ffc61868c0acf247eb3d31d6d1ff07feed51ae0b0770ddaf58683dcdd22c,"{""distance"":3,""physical_error_rate"":0.005}","{""detection_events"":57141,""detectors_checked"":4313088,""obs_mistake_mask=E"":125}"
     80896,       135,         0,    4.31,decoder_by_matrix,bf84ffc61868c0acf247eb3d31d6d1ff07feed51ae0b0770ddaf58683dcdd22c,"{""distance"":3,""physical_error_rate"":0.005}","{""detection_events"":57000,""detectors_checked"":4368384,""obs_mistake_mask=E"":135}"
     68608,       432,         0,    4.35,decoder_by_matrix,dc80d1b5cd4a369885d36fbbadd410646ee6a9cd91075667cd6e1b71d0442655,"{""distance"":3,""physical_error_rate"":0.01}","{""detection_events"":94941,""detectors_checked"":3704832,""obs_mistake_mask=E"":432}"
    243712,         0,         0,    4.16,decoder_by_matrix,560c721f87db01d4cacf7dcb7d8812fecde61e9e7776d4b9e1b1a792578ecad7,"{""distance"":3,""physical_error_rate"":5e-06}","{""detection_events"":159,""detectors_checked"":13160448}"
    270336,         0,         0,    4.34,decoder_by_matrix,e9839e3017c9ef118c4b8aeafef39e78c11ecbdb89764e9ca676a7dc2fb6d062,"{""distance"":3,""physical_error_rate"":1e-06}","{""detection_events"":54,""detectors_checked"":14598144}"
    206848,         0,         0,    4.20,decoder_by_matrix,e25b8d07214a8afb95d354611a83b9bb1ded39644e323a8585b3aabf687a4fff,"{""distance"":3,""physical_error_rate"":1e-05}","{""detection_events"":321,""detectors_checked"":11169792}"
    108544,         0,         0,    4.32,decoder_by_matrix,beec9fd12293a9cfe53c9b61fb8ce2a525e4eed38fa75d132d6dc64699336876,"{""distance"":3,""physical_error_rate"":0.0001}","{""detection_events"":1683,""detectors_checked"":5861376}"
    101376,         3,         0,    4.13,decoder_by_matrix,5c8c81bfec719079c388cedc47a351f264c1bf769ae28a89f9b4fc7719fea501,"{""distance"":3,""physical_error_rate"":0.0005}","{""detection_events"":7683,""detectors_checked"":5474304,""obs_mistake_mask=E"":3}"
     98304,        10,         0,    4.38,decoder_by_matrix,f854eed952f7ffb52e4f578393718ba880ba0930c78fe51d50828fe06a713055,"{""distance"":3,""physical_error_rate"":0.001}","{""detection_events"":14946,""detectors_checked"":5308416,""obs_mistake_mask=E"":10}"
    101376,         2,         0,    4.24,decoder_by_matrix,5c8c81bfec719079c388cedc47a351f264c1bf769ae28a89f9b4fc7719fea501,"{""distance"":3,""physical_error_rate"":0.0005}","{""detection_events"":7323,""detectors_checked"":5474304,""obs_mistake_mask=E"":2}"
    131072,         0,         0,    4.37,decoder_by_matrix,36e3cd26fed5ec7649ec51fb08c1a5e7d7f30e615782d954fee045c18a4962ca,"{""distance"":3,""physical_error_rate"":5e-05}","{""detection_events"":957,""detectors_checked"":7077888}"
     98304,         8,         0,    4.33,decoder_by_matrix,f854eed952f7ffb52e4f578393718ba880ba0930c78fe51d50828fe06a713055,"{""distance"":3,""physical_error_rate"":0.001}","{""detection_events"":14364,""detectors_checked"":5308416,""obs_mistake_mask=E"":8}"
     81920,       137,         0,    4.39,decoder_by_matrix,bf84ffc61868c0acf247eb3d31d6d1ff07feed51ae0b0770ddaf58683dcdd22c,"{""distance"":3,""physical_error_rate"":0.005}","{""detection_events"":58155,""detectors_checked"":4423680,""obs_mistake_mask=E"":137}"
     80896,       133,         0,    4.31,decoder_by_matrix,bf84ffc61868c0acf247eb3d31d6d1ff07feed51ae0b0770ddaf58683dcdd22c,"{""distance"":3,""physical_error_rate"":0.005}","{""detection_events"":57987,""detectors_checked"":4368384,""obs_mistake_mask=E"":133}"
     67584,       387,         0,    4.24,decoder_by_matrix,dc80d1b5cd4a369885d36fbbadd410646ee6a9cd91075667cd6e1b71d0442655,"{""distance"":3,""physical_error_rate"":0.01}","{""detection_events"":93852,""detectors_checked"":3649536,""obs_mistake_mask=E"":387}"
     67584,       421,         0,    4.36,decoder_by_matrix,dc80d1b5cd4a369885d36fbbadd410646ee6a9cd91075667cd6e1b71d0442655,"{""distance"":3,""physical_error_rate"":0.01}","{""detection_events"":95550,""detectors_checked"":3649536,""obs_mistake_mask=E"":421}"
    115712,         0,         0,    4.36,decoder_by_matrix,beec9fd12293a9cfe53c9b61fb8ce2a525e4eed38fa75d132d6dc64699336876,"{""distance"":3,""physical_error_rate"":0.0001}","{""detection_events"":1812,""detectors_checked"":6248448}"
    331776,         0,         0,    5.86,decoder_by_matrix,560c721f87db01d4cacf7dcb7d8812fecde61e9e7776d4b9e1b1a792578ecad7,"{""distance"":3,""physical_error_rate"":5e-06}","{""detection_events"":306,""detectors_checked"":17915904}"
     93184,       554,         0,    5.85,decoder_by_matrix,dc80d1b5cd4a369885d36fbbadd410646ee6a9cd91075667cd6e1b71d0442655,"{""distance"":3,""physical_error_rate"":0.01}","{""detection_events"":129456,""detectors_checked"":5031936,""obs_mistake_mask=E"":554}"
    305152,         0,         0,    5.64,decoder_by_matrix,e25b8d07214a8afb95d354611a83b9bb1ded39644e323a8585b3aabf687a4fff,"{""distance"":3,""physical_error_rate"":1e-05}","{""detection_events"":399,""detectors_checked"":16478208}"
    187392,         0,         0,    5.88,decoder_by_matrix,36e3cd26fed5ec7649ec51fb08c1a5e7d7f30e615782d954fee045c18a4962ca,"{""distance"":3,""physical_error_rate"":5e-05}","{""detection_events"":1344,""detectors_checked"":10119168}"
    286720,         0,         0,    5.86,decoder_by_matrix,e25b8d07214a8afb95d354611a83b9bb1ded39644e323a8585b3aabf687a4fff,"{""distance"":3,""physical_error_rate"":1e-05}","{""detection_events"":552,""detectors_checked"":15482880}"
    140288,         5,         0,    5.91,decoder_by_matrix,5c8c81bfec719079c388cedc47a351f264c1bf769ae28a89f9b4fc7719fea501,"{""distance"":3,""physical_error_rate"":0.0005}","{""detection_events"":10173,""detectors_checked"":7575552,""obs_mistake_mask=E"":5}"
    135168,         9,         0,    5.88,decoder_by_matrix,f854eed952f7ffb52e4f578393718ba880ba0930c78fe51d50828fe06a713055,"{""distance"":3,""physical_error_rate"":0.001}","{""detection_events"":19725,""detectors_checked"":7299072,""obs_mistake_mask=E"":9}"
    380928,         0,         0,    5.84,decoder_by_matrix,e9839e3017c9ef118c4b8aeafef39e78c11ecbdb89764e9ca676a7dc2fb6d062,"{""distance"":3,""physical_error_rate"":1e-06}","{""detection_events"":42,""detectors_checked"":20570112}"
    381952,         0,         0,    5.89,decoder_by_matrix,e9839e3017c9ef118c4b8aeafef39e78c11ecbdb89764e9ca676a7dc2fb6d062,"{""distance"":3,""physical_error_rate"":1e-06}","{""detection_events"":45,""detectors_checked"":20625408}"
    136192,        13,         0,    6.03,decoder_by_matrix,f854eed952f7ffb52e4f578393718ba880ba0930c78fe51d50828fe06a713055,"{""distance"":3,""physical_error_rate"":0.001}","{""detection_events"":20127,""detectors_checked"":7354368,""obs_mistake_mask=E"":13}"
    157696,         0,         0,    5.90,decoder_by_matrix,beec9fd12293a9cfe53c9b61fb8ce2a525e4eed38fa75d132d6dc64699336876,"{""distance"":3,""physical_error_rate"":0.0001}","{""detection_events"":2067,""detectors_checked"":8515584}"
    339968,         0,         0,    5.76,decoder_by_matrix,560c721f87db01d4cacf7dcb7d8812fecde61e9e7776d4b9e1b1a792578ecad7,"{""distance"":3,""physical_error_rate"":5e-06}","{""detection_events"":258,""detectors_checked"":18358272}"
    141312,         1,         0,    5.92,decoder_by_matrix,5c8c81bfec719079c388cedc47a351f264c1bf769ae28a89f9b4fc7719fea501,"{""distance"":3,""physical_error_rate"":0.0005}","{""detection_events"":10173,""detectors_checked"":7630848,""obs_mistake_mask=E"":1}"
    113664,       190,         0,    5.76,decoder_by_matrix,bf84ffc61868c0acf247eb3d31d6d1ff07feed51ae0b0770ddaf58683dcdd22c,"{""distance"":3,""physical_error_rate"":0.005}","{""detection_events"":79626,""detectors_checked"":6137856,""obs_mistake_mask=E"":190}"
    189440,         0,         0,    5.97,decoder_by_matrix,36e3cd26fed5ec7649ec51fb08c1a5e7d7f30e615782d954fee045c18a4962ca,"{""distance"":3,""physical_error_rate"":5e-05}","{""detection_events"":1305,""detectors_checked"":10229760}"
    158720,         1,         0,    5.65,decoder_by_matrix,beec9fd12293a9cfe53c9b61fb8ce2a525e4eed38fa75d132d6dc64699336876,"{""distance"":3,""physical_error_rate"":0.0001}","{""detection_events"":2313,""detectors_checked"":8570880,""obs_mistake_mask=E"":1}"
    113664,       176,         0,    5.96,decoder_by_matrix,bf84ffc61868c0acf247eb3d31d6d1ff07feed51ae0b0770ddaf58683dcdd22c,"{""distance"":3,""physical_error_rate"":0.005}","{""detection_events"":79755,""detectors_checked"":6137856,""obs_mistake_mask=E"":176}"
     95232,       609,         0,    6.07,decoder_by_matrix,dc80d1b5cd4a369885d36fbbadd410646ee6a9cd91075667cd6e1b71d0442655,"{""distance"":3,""physical_error_rate"":0.01}","{""detection_events"":134835,""detectors_checked"":5142528,""obs_mistake_mask=E"":609}"
    336896,         0,         0,    5.48,decoder_by_matrix,560c721f87db01d4cacf7dcb7d8812fecde61e9e7776d4b9e1b1a792578ecad7,"{""distance"":3,""physical_error_rate"":5e-06}","{""detection_events"":270,""detectors_checked"":18192384}"
    377856,         0,         0,    5.74,decoder_by_matrix,e9839e3017c9ef118c4b8aeafef39e78c11ecbdb89764e9ca676a7dc2fb6d062,"{""distance"":3,""physical_error_rate"":1e-06}","{""detection_events"":75,""detectors_checked"":20404224}"
    314368,         0,         0,    6.01,decoder_by_matrix,e25b8d07214a8afb95d354611a83b9bb1ded39644e323a8585b3aabf687a4fff,"{""distance"":3,""physical_error_rate"":1e-05}","{""detection_events"":402,""detectors_checked"":16975872}"
    158720,         0,         0,    5.66,decoder_by_matrix,beec9fd12293a9cfe53c9b61fb8ce2a525e4eed38fa75d132d6dc64699336876,"{""distance"":3,""physical_error_rate"":0.0001}","{""detection_events"":2304,""detectors_checked"":8570880}"
    135168,         9,         0,    5.98,decoder_by_matrix,f854eed952f7ffb52e4f578393718ba880ba0930c78fe51d50828fe06a713055,"{""distance"":3,""physical_error_rate"":0.001}","{""detection_events"":19530,""detectors_checked"":7299072,""obs_mistake_mask=E"":9}"
    142336,         2,         0,    5.81,decoder_by_matrix,5c8c81bfec719079c388cedc47a351f264c1bf769ae28a89f9b4fc7719fea501,"{""distance"":3,""physical_error_rate"":0.0005}","{""detection_events"":10557,""detectors_checked"":7686144,""obs_mistake_mask=E"":2}"
    141312,         0,         0,    5.88,decoder_by_matrix,5c8c81bfec719079c388cedc47a351f264c1bf769ae28a89f9b4fc7719fea501,"{""distance"":3,""physical_error_rate"":0.0005}","{""detection_events"":10014,""detectors_checked"":7630848}"
    191488,         0,         0,    5.89,decoder_by_matrix,36e3cd26fed5ec7649ec51fb08c1a5e7d7f30e615782d954fee045c18a4962ca,"{""distance"":3,""physical_error_rate"":5e-05}","{""detection_events"":1410,""detectors_checked"":10340352}"
    135168,        13,         0,    5.76,decoder_by_matrix,f854eed952f7ffb52e4f578393718ba880ba0930c78fe51d50828fe06a713055,"{""distance"":3,""physical_error_rate"":0.001}","{""detection_events"":19164,""detectors_checked"":7299072,""obs_mistake_mask=E"":13}"
    111616,       172,         0,    6.02,decoder_by_matrix,bf84ffc61868c0acf247eb3d31d6d1ff07feed51ae0b0770ddaf58683dcdd22c,"{""distance"":3,""physical_error_rate"":0.005}","{""detection_events"":79626,""detectors_checked"":6027264,""obs_mistake_mask=E"":172}"
    157696,         0,         0,    5.87,decoder_by_matrix,beec9fd12293a9cfe53c9b61fb8ce2a525e4eed38fa75d132d6dc64699336876,"{""distance"":3,""physical_error_rate"":0.0001}","{""detection_events"":2301,""detectors_checked"":8515584}"
     93184,       613,         0,    5.89,decoder_by_matrix,dc80d1b5cd4a369885d36fbbadd410646ee6a9cd91075667cd6e1b71d0442655,"{""distance"":3,""physical_error_rate"":0.01}","{""detection_events"":130623,""detectors_checked"":5031936,""obs_mistake_mask=E"":613}"
    113664,       177,         0,    5.84,decoder_by_matrix,bf84ffc61868c0acf247eb3d31d6d1ff07feed51ae0b0770ddaf58683dcdd22c,"{""distance"":3,""physical_error_rate"":0.005}","{""detection_events"":82107,""detectors_checked"":6137856,""obs_mistake_mask=E"":177}"
     94208,       571,         0,    5.98,decoder_by_matrix,dc80d1b5cd4a369885d36fbbadd410646ee6a9cd91075667cd6e1b71d0442655,"{""distance"":3,""physical_error_rate"":0.01}","{""detection_events"":132153,""detectors_checked"":5087232,""obs_mistake_mask=E"":571}"
    485376,         0,         0,    8.30,decoder_by_matrix,560c721f87db01d4cacf7dcb7d8812fecde61e9e7776d4b9e1b1a792578ecad7,"{""distance"":3,""physical_error_rate"":5e-06}","{""detection_events"":246,""detectors_checked"":26210304}"
    131072,       807,         0,    8.29,decoder_by_matrix,dc80d1b5cd4a369885d36fbbadd410646ee6a9cd91075667cd6e1b71d0442655,"{""distance"":3,""physical_error_rate"":0.01}","{""detection_events"":182874,""detectors_checked"":7077888,""obs_mistake_mask=E"":807}"
    262144,         0,         0,    8.03,decoder_by_matrix,36e3cd26fed5ec7649ec51fb08c1a5e7d7f30e615782d954fee045c18a4962ca,"{""distance"":3,""physical_error_rate"":5e-05}","{""detection_events"":1980,""detectors_checked"":14155776}"
    418816,         0,         0,    8.19,decoder_by_matrix,e25b8d07214a8afb95d354611a83b9bb1ded39644e323a8585b3aabf687a4fff,"{""distance"":3,""physical_error_rate"":1e-05}","{""detection_events"":666,""detectors_checked"":22616064}"
    422912,         0,         0,    7.82,decoder_by_matrix,e25b8d07214a8afb95d354611a83b9bb1ded39644e323a8585b3aabf687a4fff,"{""distance"":3,""physical_error_rate"":1e-05}","{""detection_events"":642,""detectors_checked"":22837248}"
    198656,         5,         0,    8.34,decoder_by_matrix,5c8c81bfec719079c388cedc47a351f264c1bf769ae28a89f9b4fc7719fea501,"{""distance"":3,""physical_error_rate"":0.0005}","{""detection_events"":14517,""detectors_checked"":10727424,""obs_mistake_mask=E"":5}"
    188416,        18,         0,    8.24,decoder_by_matrix,f854eed952f7ffb52e4f578393718ba880ba0930c78fe51d50828fe06a713055,"{""distance"":3,""physical_error_rate"":0.001}","{""detection_events"":28014,""detectors_checked"":10174464,""obs_mistake_mask=E"":18}"
    190464,        13,         0,    8.44,decoder_by_matrix,f854eed952f7ffb52e4f578393718ba880ba0930c78fe51d50828fe06a713055,"{""distance"":3,""physical_error_rate"":0.001}","{""detection_events"":27789,""detectors_checked"":10285056,""obs_mistake_mask=E"":13}"
    536576,         0,         0,    8.17,decoder_by_matrix,e9839e3017c9ef118c4b8aeafef39e78c11ecbdb89764e9ca676a7dc2fb6d062,"{""distance"":3,""physical_error_rate"":1e-06}","{""detection_events"":54,""detectors_checked"":28975104}"
    531456,         0,         0,    8.20,decoder_by_matrix,e9839e3017c9ef118c4b8aeafef39e78c11ecbdb89764e9ca676a7dc2fb6d062,"{""distance"":3,""physical_error_rate"":1e-06}","{""detection_events"":90,""detectors_checked"":28698624}"
    217088,         0,         0,    8.05,decoder_by_matrix,beec9fd12293a9cfe53c9b61fb8ce2a525e4eed38fa75d132d6dc64699336876,"{""distance"":3,""physical_error_rate"":0.0001}","{""detection_events"":3138,""detectors_checked"":11722752}"
    455680,         0,         0,    8.16,decoder_by_matrix,560c721f87db01d4cacf7dcb7d8812fecde61e9e7776d4b9e1b1a792578ecad7,"{""distance"":3,""physical_error_rate"":5e-06}","{""detection_events"":387,""detectors_checked"":24606720}"
    156672,       251,         0,    8.26,decoder_by_matrix,bf84ffc61868c0acf247eb3d31d6d1ff07feed51ae0b0770ddaf58683dcdd22c,"{""distance"":3,""physical_error_rate"":0.005}","{""detection_events"":111444,""detectors_checked"":8460288,""obs_mistake_mask=E"":251}"
    221184,         0,         0,    8.21,decoder_by_matrix,beec9fd12293a9cfe53c9b61fb8ce2a525e4eed38fa75d132d6dc64699336876,"{""distance"":3,""physical_error_rate"":0.0001}","{""detection_events"":3048,""detectors_checked"":11943936}"
    197632,         5,         0,    8.30,decoder_by_matrix,5c8c81bfec719079c388cedc47a351f264c1bf769ae28a89f9b4fc7719fea501,"{""distance"":3,""physical_error_rate"":0.0005}","{""detection_events"":14529,""detectors_checked"":10672128,""obs_mistake_mask=E"":5}"
    155648,       267,         0,    8.29,decoder_by_matrix,bf84ffc61868c0acf247eb3d31d6d1ff07feed51ae0b0770ddaf58683dcdd22c,"{""distance"":3,""physical_error_rate"":0.005}","{""detection_events"":111909,""detectors_checked"":8404992,""obs_mistake_mask=E"":267}"
    256000,         0,         0,    8.33,decoder_by_matrix,36e3cd26fed5ec7649ec51fb08c1a5e7d7f30e615782d954fee045c18a4962ca,"{""distance"":3,""physical_error_rate"":5e-05}","{""detection_events"":1926,""detectors_checked"":13824000}"
    132096,       829,         0,    8.42,decoder_by_matrix,dc80d1b5cd4a369885d36fbbadd410646ee6a9cd91075667cd6e1b71d0442655,"{""distance"":3,""physical_error_rate"":0.01}","{""detection_events"":185331,""detectors_checked"":7133184,""obs_mistake_mask=E"":829}"
      6144,        49,         0,   0.442,decoder_by_matrix,dc80d1b5cd4a369885d36fbbadd410646ee6a9cd91075667cd6e1b71d0442655,"{""distance"":3,""physical_error_rate"":0.01}","{""detection_events"":8994,""detectors_checked"":331776,""obs_mistake_mask=E"":49}"
    534528,         0,         0,    7.39,decoder_by_matrix,e9839e3017c9ef118c4b8aeafef39e78c11ecbdb89764e9ca676a7dc2fb6d062,"{""distance"":3,""physical_error_rate"":1e-06}","{""detection_events"":78,""detectors_checked"":28864512}"
    121856,       791,         0,    7.69,decoder_by_matrix,dc80d1b5cd4a369885d36fbbadd410646ee6a9cd91075667cd6e1b71d0442655,"{""distance"":3,""physical_error_rate"":0.01}","{""detection_events"":170403,""detectors_checked"":6580224,""obs_mistake_mask=E"":791}"
    471040,         0,         0,    8.19,decoder_by_matrix,560c721f87db01d4cacf7dcb7d8812fecde61e9e7776d4b9e1b1a792578ecad7,"{""distance"":3,""physical_error_rate"":5e-06}","{""detection_events"":303,""detectors_checked"":25436160}"
    121856,       789,         0,    7.90,decoder_by_matrix,dc80d1b5cd4a369885d36fbbadd410646ee6a9cd91075667cd6e1b71d0442655,"{""distance"":3,""physical_error_rate"":0.01}","{""detection_events"":169587,""detectors_checked"":6580224,""obs_mistake_mask=E"":789}"
         1,         0,         0,   0.000,decoder_by_matrix,560c721f87db01d4cacf7dcb7d8812fecde61e9e7776d4b9e1b1a792578ecad7,"{""distance"":3,""physical_error_rate"":5e-06}","{""detectors_checked"":54}"
      5392,         0,         0,   0.079,decoder_by_matrix,560c721f87db01d4cacf7dcb7d8812fecde61e9e7776d4b9e1b1a792578ecad7,"{""distance"":3,""physical_error_rate"":5e-06}","{""detection_events"":6,""detectors_checked"":291168}"
    423936,         0,         0,    8.19,decoder_by_matrix,e25b8d07214a8afb95d354611a83b9bb1ded39644e323a8585b3aabf687a4fff,"{""distance"":3,""physical_error_rate"":1e-05}","{""detection_events"":564,""detectors_checked"":22892544}"
         1,         0,         0,   0.000,decoder_by_matrix,e9839e3017c9ef118c4b8aeafef39e78c11ecbdb89764e9ca676a7dc2fb6d062,"{""distance"":3,""physical_error_rate"":1e-06}","{""detectors_checked"":54}"
         1,         0,         0,   0.000,decoder_by_matrix,e25b8d07214a8afb95d354611a83b9bb1ded39644e323a8585b3aabf687a4fff,"{""distance"":3,""physical_error_rate"":1e-05}","{""detectors_checked"":54}"
      3345,         0,         0,   0.151,decoder_by_matrix,36e3cd26fed5ec7649ec51fb08c1a5e7d7f30e615782d954fee045c18a4962ca,"{""distance"":3,""physical_error_rate"":5e-05}","{""detection_events"":24,""detectors_checked"":180630}"
      6416,         0,         0,   0.032,decoder_by_matrix,e25b8d07214a8afb95d354611a83b9bb1ded39644e323a8585b3aabf687a4fff,"{""distance"":3,""physical_error_rate"":1e-05}","{""detection_events"":12,""detectors_checked"":346464}"
      8192,         0,         0,   0.123,decoder_by_matrix,560c721f87db01d4cacf7dcb7d8812fecde61e9e7776d4b9e1b1a792578ecad7,"{""distance"":3,""physical_error_rate"":5e-06}","{""detectors_checked"":442368}"
     15632,         0,         0,   0.063,decoder_by_matrix,e9839e3017c9ef118c4b8aeafef39e78c11ecbdb89764e9ca676a7dc2fb6d062,"{""distance"":3,""physical_error_rate"":1e-06}","{""detectors_checked"":844128}"
      3072,         0,         0,   0.125,decoder_by_matrix,36e3cd26fed5ec7649ec51fb08c1a5e7d7f30e615782d954fee045c18a4962ca,"{""distance"":3,""physical_error_rate"":5e-05}","{""detection_events"":63,""detectors_checked"":165888}"
      7168,         0,         0,   0.130,decoder_by_matrix,e25b8d07214a8afb95d354611a83b9bb1ded39644e323a8585b3aabf687a4fff,"{""distance"":3,""physical_error_rate"":1e-05}","{""detection_events"":15,""detectors_checked"":387072}"
      7168,         0,         0,   0.130,decoder_by_matrix,560c721f87db01d4cacf7dcb7d8812fecde61e9e7776d4b9e1b1a792578ecad7,"{""distance"":3,""physical_error_rate"":5e-06}","{""detection_events"":9,""detectors_checked"":387072}"
      9216,         0,         0,   0.130,decoder_by_matrix,e9839e3017c9ef118c4b8aeafef39e78c11ecbdb89764e9ca676a7dc2fb6d062,"{""distance"":3,""physical_error_rate"":1e-06}","{""detectors_checked"":497664}"
    218112,         1,         0,    8.08,decoder_by_matrix,beec9fd12293a9cfe53c9b61fb8ce2a525e4eed38fa75d132d6dc64699336876,"{""distance"":3,""physical_error_rate"":0.0001}","{""detection_events"":3078,""detectors_checked"":11778048,""obs_mistake_mask=E"":1}"
    261120,         0,         0,    8.14,decoder_by_matrix,36e3cd26fed5ec7649ec51fb08c1a5e7d7f30e615782d954fee045c18a4962ca,"{""distance"":3,""physical_error_rate"":5e-05}","{""detection_events"":1935,""detectors_checked"":14100480}"
    191488,        15,         0,    8.19,decoder_by_matrix,f854eed952f7ffb52e4f578393718ba880ba0930c78fe51d50828fe06a713055,"{""distance"":3,""physical_error_rate"":0.001}","{""detection_events"":26895,""detectors_checked"":10340352,""obs_mistake_mask=E"":15}"
    197632,         3,         0,    7.98,decoder_by_matrix,5c8c81bfec719079c388cedc47a351f264c1bf769ae28a89f9b4fc7719fea501,"{""distance"":3,""physical_error_rate"":0.0005}","{""detection_events"":14823,""detectors_checked"":10672128,""obs_mistake_mask=E"":3}"
    156672,       261,         0,    8.26,decoder_by_matrix,bf84ffc61868c0acf247eb3d31d6d1ff07feed51ae0b0770ddaf58683dcdd22c,"{""distance"":3,""physical_error_rate"":0.005}","{""detection_events"":112284,""detectors_checked"":8460288,""obs_mistake_mask=E"":261}"
    197632,         3,         0,    8.23,decoder_by_matrix,5c8c81bfec719079c388cedc47a351f264c1bf769ae28a89f9b4fc7719fea501,"{""distance"":3,""physical_error_rate"":0.0005}","{""detection_events"":14280,""detectors_checked"":10672128,""obs_mistake_mask=E"":3}"
      6144,         0,         0,   0.126,decoder_by_matrix,e25b8d07214a8afb95d354611a83b9bb1ded39644e323a8585b3aabf687a4fff,"{""distance"":3,""physical_error_rate"":1e-05}","{""detection_events"":3,""detectors_checked"":331776}"
      5120,         0,         0,   0.151,decoder_by_matrix,36e3cd26fed5ec7649ec51fb08c1a5e7d7f30e615782d954fee045c18a4962ca,"{""distance"":3,""physical_error_rate"":5e-05}","{""detection_events"":36,""detectors_checked"":276480}"
    190464,        11,         0,    7.96,decoder_by_matrix,f854eed952f7ffb52e4f578393718ba880ba0930c78fe51d50828fe06a713055,"{""distance"":3,""physical_error_rate"":0.001}","{""detection_events"":28044,""detectors_checked"":10285056,""obs_mistake_mask=E"":11}"
      8192,         0,         0,   0.130,decoder_by_matrix,560c721f87db01d4cacf7dcb7d8812fecde61e9e7776d4b9e1b1a792578ecad7,"{""distance"":3,""physical_error_rate"":5e-06}","{""detectors_checked"":442368}"
      8192,         0,         0,   0.130,decoder_by_matrix,e9839e3017c9ef118c4b8aeafef39e78c11ecbdb89764e9ca676a7dc2fb6d062,"{""distance"":3,""physical_error_rate"":1e-06}","{""detectors_checked"":442368}"
    158720,       257,         0,    8.32,decoder_by_matrix,bf84ffc61868c0acf247eb3d31d6d1ff07feed51ae0b0770ddaf58683dcdd22c,"{""distance"":3,""physical_error_rate"":0.005}","{""detection_events"":111612,""detectors_checked"":8570880,""obs_mistake_mask=E"":257}"
    221184,         0,         0,    8.47,decoder_by_matrix,beec9fd12293a9cfe53c9b61fb8ce2a525e4eed38fa75d132d6dc64699336876,"{""distance"":3,""physical_error_rate"":0.0001}","{""detection_events"":3495,""detectors_checked"":11943936}"
      6144,         0,         0,   0.126,decoder_by_matrix,e25b8d07214a8afb95d354611a83b9bb1ded39644e323a8585b3aabf687a4fff,"{""distance"":3,""physical_error_rate"":1e-05}","{""detection_events"":18,""detectors_checked"":331776}"
      3072,         0,         0,   0.130,decoder_by_matrix,36e3cd26fed5ec7649ec51fb08c1a5e7d7f30e615782d954fee045c18a4962ca,"{""distance"":3,""physical_error_rate"":5e-05}","{""detection_events"":36,""detectors_checked"":165888}"
      6144,         0,         0,   0.138,decoder_by_matrix,560c721f87db01d4cacf7dcb7d8812fecde61e9e7776d4b9e1b1a792578ecad7,"{""distance"":3,""physical_error_rate"":5e-06}","{""detection_events"":15,""detectors_checked"":331776}"
      8192,         0,         0,   0.138,decoder_by_matrix,e9839e3017c9ef118c4b8aeafef39e78c11ecbdb89764e9ca676a7dc2fb6d062,"{""distance"":3,""physical_error_rate"":1e-06}","{""detectors_checked"":442368}"
      5120,         0,         0,   0.129,decoder_by_matrix,e25b8d07214a8afb95d354611a83b9bb1ded39644e323a8585b3aabf687a4fff,"{""distance"":3,""physical_error_rate"":1e-05}","{""detection_events"":15,""detectors_checked"":276480}"
      3072,         0,         0,   0.129,decoder_by_matrix,36e3cd26fed5ec7649ec51fb08c1a5e7d7f30e615782d954fee045c18a4962ca,"{""distance"":3,""physical_error_rate"":5e-05}","{""detection_events"":12,""detectors_checked"":165888}"
      6144,         0,         0,   0.129,decoder_by_matrix,560c721f87db01d4cacf7dcb7d8812fecde61e9e7776d4b9e1b1a792578ecad7,"{""distance"":3,""physical_error_rate"":5e-06}","{""detection_events"":6,""detectors_checked"":331776}"
      8192,         0,         0,   0.129,decoder_by_matrix,e9839e3017c9ef118c4b8aeafef39e78c11ecbdb89764e9ca676a7dc2fb6d062,"{""distance"":3,""physical_error_rate"":1e-06}","{""detectors_checked"":442368}"
      3072,         0,         0,   0.003,decoder_by_matrix,e25b8d07214a8afb95d354611a83b9bb1ded39644e323a8585b3aabf687a4fff,"{""distance"":3,""physical_error_rate"":1e-05}","{""detection_events"":24,""detectors_checked"":165888}"
      3072,         0,         0,   0.128,decoder_by_matrix,36e3cd26fed5ec7649ec51fb08c1a5e7d7f30e615782d954fee045c18a4962ca,"{""distance"":3,""physical_error_rate"":5e-05}","{""detection_events"":57,""detectors_checked"":165888}"
      8192,         0,         0,   0.128,decoder_by_matrix,560c721f87db01d4cacf7dcb7d8812fecde61e9e7776d4b9e1b1a792578ecad7,"{""distance"":3,""physical_error_rate"":5e-06}","{""detectors_checked"":442368}"
      8192,         0,         0,   0.128,decoder_by_matrix,e9839e3017c9ef118c4b8aeafef39e78c11ecbdb89764e9ca676a7dc2fb6d062,"{""distance"":3,""physical_error_rate"":1e-06}","{""detectors_checked"":442368}"
      6144,         0,         0,   0.120,decoder_by_matrix,e25b8d07214a8afb95d354611a83b9bb1ded39644e323a8585b3aabf687a4fff,"{""distance"":3,""physical_error_rate"":1e-05}","{""detection_events"":15,""detectors_checked"":331776}"
      3072,         0,         0,   0.123,decoder_by_matrix,36e3cd26fed5ec7649ec51fb08c1a5e7d7f30e615782d954fee045c18a4962ca,"{""distance"":3,""physical_error_rate"":5e-05}","{""detection_events"":33,""detectors_checked"":165888}"
      8192,         0,         0,   0.128,decoder_by_matrix,e9839e3017c9ef118c4b8aeafef39e78c11ecbdb89764e9ca676a7dc2fb6d062,"{""distance"":3,""physical_error_rate"":1e-06}","{""detectors_checked"":442368}"
      4096,         0,         0,   0.128,decoder_by_matrix,36e3cd26fed5ec7649ec51fb08c1a5e7d7f30e615782d954fee045c18a4962ca,"{""distance"":3,""physical_error_rate"":5e-05}","{""detection_events"":21,""detectors_checked"":221184}"
     15360,         0,         0,   0.133,decoder_by_matrix,560c721f87db01d4cacf7dcb7d8812fecde61e9e7776d4b9e1b1a792578ecad7,"{""distance"":3,""physical_error_rate"":5e-06}","{""detection_events"":18,""detectors_checked"":829440}"
     12288,         0,         0,   0.251,decoder_by_matrix,e25b8d07214a8afb95d354611a83b9bb1ded39644e323a8585b3aabf687a4fff,"{""distance"":3,""physical_error_rate"":1e-05}","{""detection_events"":27,""detectors_checked"":663552}"
     16384,         0,         0,   0.255,decoder_by_matrix,e9839e3017c9ef118c4b8aeafef39e78c11ecbdb89764e9ca676a7dc2fb6d062,"{""distance"":3,""physical_error_rate"":1e-06}","{""detectors_checked"":884736}"
      9216,         0,         0,   0.244,decoder_by_matrix,36e3cd26fed5ec7649ec51fb08c1a5e7d7f30e615782d954fee045c18a4962ca,"{""distance"":3,""physical_error_rate"":5e-05}","{""detection_events"":36,""detectors_checked"":497664}"
     11264,         0,         0,   0.259,decoder_by_matrix,560c721f87db01d4cacf7dcb7d8812fecde61e9e7776d4b9e1b1a792578ecad7,"{""distance"":3,""physical_error_rate"":5e-06}","{""detection_events"":12,""detectors_checked"":608256}"
     10240,         0,         0,   0.260,decoder_by_matrix,e25b8d07214a8afb95d354611a83b9bb1ded39644e323a8585b3aabf687a4fff,"{""distance"":3,""physical_error_rate"":1e-05}","{""detection_events"":27,""detectors_checked"":552960}"
     16384,         0,         0,   0.250,decoder_by_matrix,e9839e3017c9ef118c4b8aeafef39e78c11ecbdb89764e9ca676a7dc2fb6d062,"{""distance"":3,""physical_error_rate"":1e-06}","{""detectors_checked"":884736}"
      7168,         0,         0,   0.265,decoder_by_matrix,36e3cd26fed5ec7649ec51fb08c1a5e7d7f30e615782d954fee045c18a4962ca,"{""distance"":3,""physical_error_rate"":5e-05}","{""detection_events"":57,""detectors_checked"":387072}"
     20480,         0,         0,   0.368,decoder_by_matrix,560c721f87db01d4cacf7dcb7d8812fecde61e9e7776d4b9e1b1a792578ecad7,"{""distance"":3,""physical_error_rate"":5e-06}","{""detection_events"":6,""detectors_checked"":1105920}"
     21504,         0,         0,   0.380,decoder_by_matrix,e25b8d07214a8afb95d354611a83b9bb1ded39644e323a8585b3aabf687a4fff,"{""distance"":3,""physical_error_rate"":1e-05}","{""detection_events"":21,""detectors_checked"":1161216}"
     21504,         0,         0,   0.381,decoder_by_matrix,e9839e3017c9ef118c4b8aeafef39e78c11ecbdb89764e9ca676a7dc2fb6d062,"{""distance"":3,""physical_error_rate"":1e-06}","{""detection_events"":6,""detectors_checked"":1161216}"
     11264,         0,         0,   0.392,decoder_by_matrix,36e3cd26fed5ec7649ec51fb08c1a5e7d7f30e615782d954fee045c18a4962ca,"{""distance"":3,""physical_error_rate"":5e-05}","{""detection_events"":84,""detectors_checked"":608256}"
     27648,         0,         0,   0.467,decoder_by_matrix,560c721f87db01d4cacf7dcb7d8812fecde61e9e7776d4b9e1b1a792578ecad7,"{""distance"":3,""physical_error_rate"":5e-06}","{""detection_events"":21,""detectors_checked"":1492992}"
     25600,         0,         0,   0.506,decoder_by_matrix,e25b8d07214a8afb95d354611a83b9bb1ded39644e323a8585b3aabf687a4fff,"{""distance"":3,""physical_error_rate"":1e-05}","{""detection_events"":36,""detectors_checked"":1382400}"
     14336,         0,         0,   0.406,decoder_by_matrix,36e3cd26fed5ec7649ec51fb08c1a5e7d7f30e615782d954fee045c18a4962ca,"{""distance"":3,""physical_error_rate"":5e-05}","{""detection_events"":81,""detectors_checked"":774144}"
     31744,         0,         0,   0.515,decoder_by_matrix,e9839e3017c9ef118c4b8aeafef39e78c11ecbdb89764e9ca676a7dc2fb6d062,"{""distance"":3,""physical_error_rate"":1e-06}","{""detection_events"":12,""detectors_checked"":1714176}"
     37888,         0,         0,   0.650,decoder_by_matrix,560c721f87db01d4cacf7dcb7d8812fecde61e9e7776d4b9e1b1a792578ecad7,"{""distance"":3,""physical_error_rate"":5e-06}","{""detection_events"":15,""detectors_checked"":2045952}"
     31744,         0,         0,   0.503,decoder_by_matrix,e25b8d07214a8afb95d354611a83b9bb1ded39644e323a8585b3aabf687a4fff,"{""distance"":3,""physical_error_rate"":1e-05}","{""detection_events"":57,""detectors_checked"":1714176}"
     41984,         0,         0,   0.508,decoder_by_matrix,e9839e3017c9ef118c4b8aeafef39e78c11ecbdb89764e9ca676a7dc2fb6d062,"{""distance"":3,""physical_error_rate"":1e-06}","{""detectors_checked"":2267136}"
     21504,         0,         0,   0.647,decoder_by_matrix,36e3cd26fed5ec7649ec51fb08c1a5e7d7f30e615782d954fee045c18a4962ca,"{""distance"":3,""physical_error_rate"":5e-05}","{""detection_events"":105,""detectors_checked"":1161216}"
     45056,         0,         0,   0.671,decoder_by_matrix,560c721f87db01d4cacf7dcb7d8812fecde61e9e7776d4b9e1b1a792578ecad7,"{""distance"":3,""physical_error_rate"":5e-06}","{""detection_events"":24,""detectors_checked"":2433024}"
     43008,         0,         0,   0.759,decoder_by_matrix,e25b8d07214a8afb95d354611a83b9bb1ded39644e323a8585b3aabf687a4fff,"{""distance"":3,""physical_error_rate"":1e-05}","{""detection_events"":90,""detectors_checked"":2322432}"
     59392,         0,         0,   0.892,decoder_by_matrix,e9839e3017c9ef118c4b8aeafef39e78c11ecbdb89764e9ca676a7dc2fb6d062,"{""distance"":3,""physical_error_rate"":1e-06}","{""detectors_checked"":3207168}"
     26624,         0,         0,   0.897,decoder_by_matrix,36e3cd26fed5ec7649ec51fb08c1a5e7d7f30e615782d954fee045c18a4962ca,"{""distance"":3,""physical_error_rate"":5e-05}","{""detection_events"":189,""detectors_checked"":1437696}"
     64512,         0,         0,   0.885,decoder_by_matrix,560c721f87db01d4cacf7dcb7d8812fecde61e9e7776d4b9e1b1a792578ecad7,"{""distance"":3,""physical_error_rate"":5e-06}","{""detection_events"":57,""detectors_checked"":3483648}"
     54272,         0,         0,    1.18,decoder_by_matrix,e25b8d07214a8afb95d354611a83b9bb1ded39644e323a8585b3aabf687a4fff,"{""distance"":3,""physical_error_rate"":1e-05}","{""detection_events"":90,""detectors_checked"":2930688}"
     73728,         0,         0,    1.16,decoder_by_matrix,e9839e3017c9ef118c4b8aeafef39e78c11ecbdb89764e9ca676a7dc2fb6d062,"{""distance"":3,""physical_error_rate"":1e-06}","{""detection_events"":6,""detectors_checked"":3981312}"
     35840,         0,         0,    1.15,decoder_by_matrix,36e3cd26fed5ec7649ec51fb08c1a5e7d7f30e615782d954fee045c18a4962ca,"{""distance"":3,""physical_error_rate"":5e-05}","{""detection_events"":279,""detectors_checked"":1935360}"
     97280,         0,         0,    1.65,decoder_by_matrix,560c721f87db01d4cacf7dcb7d8812fecde61e9e7776d4b9e1b1a792578ecad7,"{""distance"":3,""physical_error_rate"":5e-06}","{""detection_events"":48,""detectors_checked"":5253120}"
     83968,         0,         0,    1.68,decoder_by_matrix,e25b8d07214a8afb95d354611a83b9bb1ded39644e323a8585b3aabf687a4fff,"{""distance"":3,""physical_error_rate"":1e-05}","{""detection_events"":96,""detectors_checked"":4534272}"
     55296,         0,         0,    1.64,decoder_by_matrix,36e3cd26fed5ec7649ec51fb08c1a5e7d7f30e615782d954fee045c18a4962ca,"{""distance"":3,""physical_error_rate"":5e-05}","{""detection_events"":390,""detectors_checked"":2985984}"
    103424,         0,         0,    1.41,decoder_by_matrix,e9839e3017c9ef118c4b8aeafef39e78c11ecbdb89764e9ca676a7dc2fb6d062,"{""distance"":3,""physical_error_rate"":1e-06}","{""detection_events"":9,""detectors_checked"":5584896}"
    122880,         0,         0,    2.17,decoder_by_matrix,560c721f87db01d4cacf7dcb7d8812fecde61e9e7776d4b9e1b1a792578ecad7,"{""distance"":3,""physical_error_rate"":5e-06}","{""detection_events"":105,""detectors_checked"":6635520}"
    104448,         0,         0,    2.10,decoder_by_matrix,e25b8d07214a8afb95d354611a83b9bb1ded39644e323a8585b3aabf687a4fff,"{""distance"":3,""physical_error_rate"":1e-05}","{""detection_events"":210,""detectors_checked"":5640192}"
    143360,         0,         0,    2.12,decoder_by_matrix,e9839e3017c9ef118c4b8aeafef39e78c11ecbdb89764e9ca676a7dc2fb6d062,"{""distance"":3,""physical_error_rate"":1e-06}","{""detection_events"":15,""detectors_checked"":7741440}"
     69632,         0,         0,    2.30,decoder_by_matrix,36e3cd26fed5ec7649ec51fb08c1a5e7d7f30e615782d954fee045c18a4962ca,"{""distance"":3,""physical_error_rate"":5e-05}","{""detection_events"":510,""detectors_checked"":3760128}"
    638976,         0,         0,    11.3,decoder_by_matrix,560c721f87db01d4cacf7dcb7d8812fecde61e9e7776d4b9e1b1a792578ecad7,"{""distance"":3,""physical_error_rate"":5e-06}","{""detection_events"":591,""detectors_checked"":34504704}"
    364544,         0,         0,    11.1,decoder_by_matrix,36e3cd26fed5ec7649ec51fb08c1a5e7d7f30e615782d954fee045c18a4962ca,"{""distance"":3,""physical_error_rate"":5e-05}","{""detection_events"":2646,""detectors_checked"":19685376}"
    593920,         0,         0,    11.3,decoder_by_matrix,e25b8d07214a8afb95d354611a83b9bb1ded39644e323a8585b3aabf687a4fff,"{""distance"":3,""physical_error_rate"":1e-05}","{""detection_events"":843,""detectors_checked"":32071680}"
    265216,        24,         0,    11.6,decoder_by_matrix,f854eed952f7ffb52e4f578393718ba880ba0930c78fe51d50828fe06a713055,"{""distance"":3,""physical_error_rate"":0.001}","{""detection_events"":39270,""detectors_checked"":14321664,""obs_mistake_mask=E"":24}"
    577536,         0,         0,    11.3,decoder_by_matrix,e25b8d07214a8afb95d354611a83b9bb1ded39644e323a8585b3aabf687a4fff,"{""distance"":3,""physical_error_rate"":1e-05}","{""detection_events"":936,""detectors_checked"":31186944}"
    275456,         9,         0,    11.5,decoder_by_matrix,5c8c81bfec719079c388cedc47a351f264c1bf769ae28a89f9b4fc7719fea501,"{""distance"":3,""physical_error_rate"":0.0005}","{""detection_events"":20052,""detectors_checked"":14874624,""obs_mistake_mask=E"":9}"
    309248,         0,         0,    11.6,decoder_by_matrix,beec9fd12293a9cfe53c9b61fb8ce2a525e4eed38fa75d132d6dc64699336876,"{""distance"":3,""physical_error_rate"":0.0001}","{""detection_events"":4425,""detectors_checked"":16699392}"
    743424,         0,         0,    11.3,decoder_by_matrix,e9839e3017c9ef118c4b8aeafef39e78c11ecbdb89764e9ca676a7dc2fb6d062,"{""distance"":3,""physical_error_rate"":1e-06}","{""detection_events"":111,""detectors_checked"":40144896}"
    265216,        24,         0,    11.2,decoder_by_matrix,f854eed952f7ffb52e4f578393718ba880ba0930c78fe51d50828fe06a713055,"{""distance"":3,""physical_error_rate"":0.001}","{""detection_events"":38619,""detectors_checked"":14321664,""obs_mistake_mask=E"":24}"
    293888,         0,         0,    11.5,decoder_by_matrix,beec9fd12293a9cfe53c9b61fb8ce2a525e4eed38fa75d132d6dc64699336876,"{""distance"":3,""physical_error_rate"":0.0001}","{""detection_events"":4677,""detectors_checked"":15869952}"
    752640,         0,         0,    11.4,decoder_by_matrix,e9839e3017c9ef118c4b8aeafef39e78c11ecbdb89764e9ca676a7dc2fb6d062,"{""distance"":3,""physical_error_rate"":1e-06}","{""detection_events"":96,""detectors_checked"":40642560}"
    220160,       350,         0,    11.8,decoder_by_matrix,bf84ffc61868c0acf247eb3d31d6d1ff07feed51ae0b0770ddaf58683dcdd22c,"{""distance"":3,""physical_error_rate"":0.005}","{""detection_events"":158700,""detectors_checked"":11888640,""obs_mistake_mask=E"":350}"
    660480,         0,         0,    11.0,decoder_by_matrix,560c721f87db01d4cacf7dcb7d8812fecde61e9e7776d4b9e1b1a792578ecad7,"{""distance"":3,""physical_error_rate"":5e-06}","{""detection_events"":501,""detectors_checked"":35665920}"
    216064,       406,         0,    11.6,decoder_by_matrix,bf84ffc61868c0acf247eb3d31d6d1ff07feed51ae0b0770ddaf58683dcdd22c,"{""distance"":3,""physical_error_rate"":0.005}","{""detection_events"":155922,""detectors_checked"":11667456,""obs_mistake_mask=E"":406}"
    276480,         8,         0,    11.5,decoder_by_matrix,5c8c81bfec719079c388cedc47a351f264c1bf769ae28a89f9b4fc7719fea501,"{""distance"":3,""physical_error_rate"":0.0005}","{""detection_events"":19839,""detectors_checked"":14929920,""obs_mistake_mask=E"":8}"
    360448,         0,         0,    11.7,decoder_by_matrix,36e3cd26fed5ec7649ec51fb08c1a5e7d7f30e615782d954fee045c18a4962ca,"{""distance"":3,""physical_error_rate"":5e-05}","{""detection_events"":2853,""detectors_checked"":19464192}"
    736256,         0,         0,    11.6,decoder_by_matrix,e9839e3017c9ef118c4b8aeafef39e78c11ecbdb89764e9ca676a7dc2fb6d062,"{""distance"":3,""physical_error_rate"":1e-06}","{""detection_events"":132,""detectors_checked"":39757824}"
    664576,         0,         0,    11.3,decoder_by_matrix,560c721f87db01d4cacf7dcb7d8812fecde61e9e7776d4b9e1b1a792578ecad7,"{""distance"":3,""physical_error_rate"":5e-06}","{""detection_events"":417,""detectors_checked"":35887104}"
    164864,         0,         0,    2.97,decoder_by_matrix,560c721f87db01d4cacf7dcb7d8812fecde61e9e7776d4b9e1b1a792578ecad7,"{""distance"":3,""physical_error_rate"":5e-06}","{""detection_events"":168,""detectors_checked"":8902656}"
    584704,         0,         0,    11.1,decoder_by_matrix,e25b8d07214a8afb95d354611a83b9bb1ded39644e323a8585b3aabf687a4fff,"{""distance"":3,""physical_error_rate"":1e-05}","{""detection_events"":831,""detectors_checked"":31574016}"
    147456,         0,         0,    2.85,decoder_by_matrix,e25b8d07214a8afb95d354611a83b9bb1ded39644e323a8585b3aabf687a4fff,"{""distance"":3,""physical_error_rate"":1e-05}","{""detection_events"":249,""detectors_checked"":7962624}"
    265216,        21,         0,    11.5,decoder_by_matrix,f854eed952f7ffb52e4f578393718ba880ba0930c78fe51d50828fe06a713055,"{""distance"":3,""physical_error_rate"":0.001}","{""detection_events"":38493,""detectors_checked"":14321664,""obs_mistake_mask=E"":21}"
    309248,         0,         0,    11.2,decoder_by_matrix,beec9fd12293a9cfe53c9b61fb8ce2a525e4eed38fa75d132d6dc64699336876,"{""distance"":3,""physical_error_rate"":0.0001}","{""detection_events"":4068,""detectors_checked"":16699392}"
     92160,         0,         0,    2.82,decoder_by_matrix,36e3cd26fed5ec7649ec51fb08c1a5e7d7f30e615782d954fee045c18a4962ca,"{""distance"":3,""physical_error_rate"":5e-05}","{""detection_events"":708,""detectors_checked"":4976640}"
    194560,         0,         0,    3.12,decoder_by_matrix,e9839e3017c9ef118c4b8aeafef39e78c11ecbdb89764e9ca676a7dc2fb6d062,"{""distance"":3,""physical_error_rate"":1e-06}","{""detection_events"":42,""detectors_checked"":10506240}"
    360448,         0,         0,    11.8,decoder_by_matrix,36e3cd26fed5ec7649ec51fb08c1a5e7d7f30e615782d954fee045c18a4962ca,"{""distance"":3,""physical_error_rate"":5e-05}","{""detection_events"":2634,""detectors_checked"":19464192}"
    274432,         4,         0,    11.2,decoder_by_matrix,5c8c81bfec719079c388cedc47a351f264c1bf769ae28a89f9b4fc7719fea501,"{""distance"":3,""physical_error_rate"":0.0005}","{""detection_events"":20121,""detectors_checked"":14819328,""obs_mistake_mask=E"":4}"
    274432,         1,         0,    11.4,decoder_by_matrix,5c8c81bfec719079c388cedc47a351f264c1bf769ae28a89f9b4fc7719fea501,"{""distance"":3,""physical_error_rate"":0.0005}","{""detection_events"":19470,""detectors_checked"":14819328,""obs_mistake_mask=E"":1}"
    220160,       377,         0,    11.2,decoder_by_matrix,bf84ffc61868c0acf247eb3d31d6d1ff07feed51ae0b0770ddaf58683dcdd22c,"{""distance"":3,""physical_error_rate"":0.005}","{""detection_events"":156693,""detectors_checked"":11888640,""obs_mistake_mask=E"":377}"
    266240,        31,         0,    11.6,decoder_by_matrix,f854eed952f7ffb52e4f578393718ba880ba0930c78fe51d50828fe06a713055,"{""distance"":3,""physical_error_rate"":0.001}","{""detection_events"":38319,""detectors_checked"":14376960,""obs_mistake_mask=E"":31}"
    302080,         0,         0,    11.3,decoder_by_matrix,beec9fd12293a9cfe53c9b61fb8ce2a525e4eed38fa75d132d6dc64699336876,"{""distance"":3,""physical_error_rate"":0.0001}","{""detection_events"":4371,""detectors_checked"":16312320}"
    220160,       383,         0,    11.8,decoder_by_matrix,bf84ffc61868c0acf247eb3d31d6d1ff07feed51ae0b0770ddaf58683dcdd22c,"{""distance"":3,""physical_error_rate"":0.005}","{""detection_events"":156450,""detectors_checked"":11888640,""obs_mistake_mask=E"":383}"
    241664,         0,         0,    4.19,decoder_by_matrix,560c721f87db01d4cacf7dcb7d8812fecde61e9e7776d4b9e1b1a792578ecad7,"{""distance"":3,""physical_error_rate"":5e-06}","{""detection_events"":168,""detectors_checked"":13049856}"
    220160,         0,         0,    4.09,decoder_by_matrix,e25b8d07214a8afb95d354611a83b9bb1ded39644e323a8585b3aabf687a4fff,"{""distance"":3,""physical_error_rate"":1e-05}","{""detection_events"":279,""detectors_checked"":11888640}"
    139264,         0,         0,    4.29,decoder_by_matrix,36e3cd26fed5ec7649ec51fb08c1a5e7d7f30e615782d954fee045c18a4962ca,"{""distance"":3,""physical_error_rate"":5e-05}","{""detection_events"":972,""detectors_checked"":7520256}"
    275456,         0,         0,    3.97,decoder_by_matrix,e9839e3017c9ef118c4b8aeafef39e78c11ecbdb89764e9ca676a7dc2fb6d062,"{""distance"":3,""physical_error_rate"":1e-06}","{""detection_events"":45,""detectors_checked"":14874624}"
    336896,         0,         0,    5.94,decoder_by_matrix,560c721f87db01d4cacf7dcb7d8812fecde61e9e7776d4b9e1b1a792578ecad7,"{""distance"":3,""physical_error_rate"":5e-06}","{""detection_events"":249,""detectors_checked"":18192384}"
    313344,         0,         0,    6.00,decoder_by_matrix,e25b8d07214a8afb95d354611a83b9bb1ded39644e323a8585b3aabf687a4fff,"{""distance"":3,""physical_error_rate"":1e-05}","{""detection_events"":351,""detectors_checked"":16920576}"
    196608,         0,         0,    5.93,decoder_by_matrix,36e3cd26fed5ec7649ec51fb08c1a5e7d7f30e615782d954fee045c18a4962ca,"{""distance"":3,""physical_error_rate"":5e-05}","{""detection_events"":1560,""detectors_checked"":10616832}"
    379904,         0,         0,    5.51,decoder_by_matrix,e9839e3017c9ef118c4b8aeafef39e78c11ecbdb89764e9ca676a7dc2fb6d062,"{""distance"":3,""physical_error_rate"":1e-06}","{""detection_events"":78,""detectors_checked"":20514816}"
    910336,         0,         0,    15.9,decoder_by_matrix,560c721f87db01d4cacf7dcb7d8812fecde61e9e7776d4b9e1b1a792578ecad7,"{""distance"":3,""physical_error_rate"":5e-06}","{""detection_events"":690,""detectors_checked"":49158144}"
    513024,         0,         0,    16.0,decoder_by_matrix,36e3cd26fed5ec7649ec51fb08c1a5e7d7f30e615782d954fee045c18a4962ca,"{""distance"":3,""physical_error_rate"":5e-05}","{""detection_events"":4011,""detectors_checked"":27703296}"
    798720,         0,         0,    16.3,decoder_by_matrix,e25b8d07214a8afb95d354611a83b9bb1ded39644e323a8585b3aabf687a4fff,"{""distance"":3,""physical_error_rate"":1e-05}","{""detection_events"":1221,""detectors_checked"":43130880}"
    800768,         0,         0,    15.7,decoder_by_matrix,e25b8d07214a8afb95d354611a83b9bb1ded39644e323a8585b3aabf687a4fff,"{""distance"":3,""physical_error_rate"":1e-05}","{""detection_events"":1272,""detectors_checked"":43241472}"
    370688,        28,         0,    16.1,decoder_by_matrix,f854eed952f7ffb52e4f578393718ba880ba0930c78fe51d50828fe06a713055,"{""distance"":3,""physical_error_rate"":0.001}","{""detection_events"":54138,""detectors_checked"":20017152,""obs_mistake_mask=E"":28}"
    385024,        11,         0,    16.1,decoder_by_matrix,5c8c81bfec719079c388cedc47a351f264c1bf769ae28a89f9b4fc7719fea501,"{""distance"":3,""physical_error_rate"":0.0005}","{""detection_events"":28332,""detectors_checked"":20791296,""obs_mistake_mask=E"":11}"
   1041408,         0,         0,    15.6,decoder_by_matrix,e9839e3017c9ef118c4b8aeafef39e78c11ecbdb89764e9ca676a7dc2fb6d062,"{""distance"":3,""physical_error_rate"":1e-06}","{""detection_events"":171,""detectors_checked"":56236032}"
   1046528,         0,         0,    15.6,decoder_by_matrix,e9839e3017c9ef118c4b8aeafef39e78c11ecbdb89764e9ca676a7dc2fb6d062,"{""distance"":3,""physical_error_rate"":1e-06}","{""detection_events"":78,""detectors_checked"":56512512}"
    431104,         0,         0,    16.4,decoder_by_matrix,beec9fd12293a9cfe53c9b61fb8ce2a525e4eed38fa75d132d6dc64699336876,"{""distance"":3,""physical_error_rate"":0.0001}","{""detection_events"":6459,""detectors_checked"":23279616}"
    371712,        24,         0,    16.2,decoder_by_matrix,f854eed952f7ffb52e4f578393718ba880ba0930c78fe51d50828fe06a713055,"{""distance"":3,""physical_error_rate"":0.001}","{""detection_events"":54555,""detectors_checked"":20072448,""obs_mistake_mask=E"":24}"
    911360,         0,         0,    15.8,decoder_by_matrix,560c721f87db01d4cacf7dcb7d8812fecde61e9e7776d4b9e1b1a792578ecad7,"{""distance"":3,""physical_error_rate"":5e-06}","{""detection_events"":690,""detectors_checked"":49213440}"
    309248,       526,         0,    16.1,decoder_by_matrix,bf84ffc61868c0acf247eb3d31d6d1ff07feed51ae0b0770ddaf58683dcdd22c,"{""distance"":3,""physical_error_rate"":0.005}","{""detection_events"":220392,""detectors_checked"":16699392,""obs_mistake_mask=E"":526}"
    386048,         9,         0,    16.1,decoder_by_matrix,5c8c81bfec719079c388cedc47a351f264c1bf769ae28a89f9b4fc7719fea501,"{""distance"":3,""physical_error_rate"":0.0005}","{""detection_events"":28563,""detectors_checked"":20846592,""obs_mistake_mask=E"":9}"
    424960,         0,         0,    15.9,decoder_by_matrix,beec9fd12293a9cfe53c9b61fb8ce2a525e4eed38fa75d132d6dc64699336876,"{""distance"":3,""physical_error_rate"":0.0001}","{""detection_events"":6321,""detectors_checked"":22947840}"
   1027072,         0,         0,    16.0,decoder_by_matrix,e9839e3017c9ef118c4b8aeafef39e78c11ecbdb89764e9ca676a7dc2fb6d062,"{""distance"":3,""physical_error_rate"":1e-06}","{""detection_events"":162,""detectors_checked"":55461888}"
    305152,       486,         0,    16.1,decoder_by_matrix,bf84ffc61868c0acf247eb3d31d6d1ff07feed51ae0b0770ddaf58683dcdd22c,"{""distance"":3,""physical_error_rate"":0.005}","{""detection_events"":216549,""detectors_checked"":16478208,""obs_mistake_mask=E"":486}"
    510976,         0,         0,    16.4,decoder_by_matrix,36e3cd26fed5ec7649ec51fb08c1a5e7d7f30e615782d954fee045c18a4962ca,"{""distance"":3,""physical_error_rate"":5e-05}","{""detection_events"":3795,""detectors_checked"":27592704}"
    937984,         0,         0,    15.5,decoder_by_matrix,560c721f87db01d4cacf7dcb7d8812fecde61e9e7776d4b9e1b1a792578ecad7,"{""distance"":3,""physical_error_rate"":5e-06}","{""detection_events"":648,""detectors_checked"":50651136}"
    796672,         0,         0,    15.7,decoder_by_matrix,e25b8d07214a8afb95d354611a83b9bb1ded39644e323a8585b3aabf687a4fff,"{""distance"":3,""physical_error_rate"":1e-05}","{""detection_events"":1266,""detectors_checked"":43020288}"
    370688,        40,         0,    16.1,decoder_by_matrix,f854eed952f7ffb52e4f578393718ba880ba0930c78fe51d50828fe06a713055,"{""distance"":3,""physical_error_rate"":0.001}","{""detection_events"":53271,""detectors_checked"":20017152,""obs_mistake_mask=E"":40}"
    423936,         1,         0,    16.3,decoder_by_matrix,beec9fd12293a9cfe53c9b61fb8ce2a525e4eed38fa75d132d6dc64699336876,"{""distance"":3,""physical_error_rate"":0.0001}","{""detection_events"":6288,""detectors_checked"":22892544,""obs_mistake_mask=E"":1}"
    517120,         0,         0,    15.9,decoder_by_matrix,36e3cd26fed5ec7649ec51fb08c1a5e7d7f30e615782d954fee045c18a4962ca,"{""distance"":3,""physical_error_rate"":5e-05}","{""detection_events"":3678,""detectors_checked"":27924480}"
    382976,         7,         0,    15.9,decoder_by_matrix,5c8c81bfec719079c388cedc47a351f264c1bf769ae28a89f9b4fc7719fea501,"{""distance"":3,""physical_error_rate"":0.0005}","{""detection_events"":27753,""detectors_checked"":20680704,""obs_mistake_mask=E"":7}"
    306176,       519,         0,    15.9,decoder_by_matrix,bf84ffc61868c0acf247eb3d31d6d1ff07feed51ae0b0770ddaf58683dcdd22c,"{""distance"":3,""physical_error_rate"":0.005}","{""detection_events"":220095,""detectors_checked"":16533504,""obs_mistake_mask=E"":519}"
    369664,        35,         0,    15.9,decoder_by_matrix,f854eed952f7ffb52e4f578393718ba880ba0930c78fe51d50828fe06a713055,"{""distance"":3,""physical_error_rate"":0.001}","{""detection_events"":53151,""detectors_checked"":19961856,""obs_mistake_mask=E"":35}"
    382976,         3,         0,    16.1,decoder_by_matrix,5c8c81bfec719079c388cedc47a351f264c1bf769ae28a89f9b4fc7719fea501,"{""distance"":3,""physical_error_rate"":0.0005}","{""detection_events"":28176,""detectors_checked"":20680704,""obs_mistake_mask=E"":3}"
    432128,         0,         0,    15.8,decoder_by_matrix,beec9fd12293a9cfe53c9b61fb8ce2a525e4eed38fa75d132d6dc64699336876,"{""distance"":3,""physical_error_rate"":0.0001}","{""detection_events"":6198,""detectors_checked"":23334912}"
    308224,       542,         0,    16.5,decoder_by_matrix,bf84ffc61868c0acf247eb3d31d6d1ff07feed51ae0b0770ddaf58683dcdd22c,"{""distance"":3,""physical_error_rate"":0.005}","{""detection_events"":220119,""detectors_checked"":16644096,""obs_mistake_mask=E"":542}"
    474112,         0,         0,    7.73,decoder_by_matrix,560c721f87db01d4cacf7dcb7d8812fecde61e9e7776d4b9e1b1a792578ecad7,"{""distance"":3,""physical_error_rate"":5e-06}","{""detection_events"":369,""detectors_checked"":25602048}"
    429056,         0,         0,    8.19,decoder_by_matrix,e25b8d07214a8afb95d354611a83b9bb1ded39644e323a8585b3aabf687a4fff,"{""distance"":3,""physical_error_rate"":1e-05}","{""detection_events"":633,""detectors_checked"":23169024}"
    538624,         0,         0,    8.26,decoder_by_matrix,e9839e3017c9ef118c4b8aeafef39e78c11ecbdb89764e9ca676a7dc2fb6d062,"{""distance"":3,""physical_error_rate"":1e-06}","{""detection_events"":30,""detectors_checked"":29085696}"
    267264,         0,         0,    8.35,decoder_by_matrix,36e3cd26fed5ec7649ec51fb08c1a5e7d7f30e615782d954fee045c18a4962ca,"{""distance"":3,""physical_error_rate"":5e-05}","{""detection_events"":1860,""detectors_checked"":14432256}"
    661504,         0,         0,    11.5,decoder_by_matrix,560c721f87db01d4cacf7dcb7d8812fecde61e9e7776d4b9e1b1a792578ecad7,"{""distance"":3,""physical_error_rate"":5e-06}","{""detection_events"":468,""detectors_checked"":35721216}"
    582656,         0,         0,    11.3,decoder_by_matrix,e25b8d07214a8afb95d354611a83b9bb1ded39644e323a8585b3aabf687a4fff,"{""distance"":3,""physical_error_rate"":1e-05}","{""detection_events"":858,""detectors_checked"":31463424}"
    362496,         0,         0,    11.5,decoder_by_matrix,36e3cd26fed5ec7649ec51fb08c1a5e7d7f30e615782d954fee045c18a4962ca,"{""distance"":3,""physical_error_rate"":5e-05}","{""detection_events"":2544,""detectors_checked"":19574784}"
    749568,         0,         0,    11.0,decoder_by_matrix,e9839e3017c9ef118c4b8aeafef39e78c11ecbdb89764e9ca676a7dc2fb6d062,"{""distance"":3,""physical_error_rate"":1e-06}","{""detection_events"":90,""detectors_checked"":40476672}"
   1312768,         0,         0,    22.3,decoder_by_matrix,560c721f87db01d4cacf7dcb7d8812fecde61e9e7776d4b9e1b1a792578ecad7,"{""distance"":3,""physical_error_rate"":5e-06}","{""detection_events"":882,""detectors_checked"":70889472}"
    710656,         0,         0,    22.6,decoder_by_matrix,36e3cd26fed5ec7649ec51fb08c1a5e7d7f30e615782d954fee045c18a4962ca,"{""distance"":3,""physical_error_rate"":5e-05}","{""detection_events"":5292,""detectors_checked"":38375424}"
    517120,        23,         0,    22.5,decoder_by_matrix,f854eed952f7ffb52e4f578393718ba880ba0930c78fe51d50828fe06a713055,"{""distance"":3,""physical_error_rate"":0.001}","{""detection_events"":74946,""detectors_checked"":27924480,""obs_mistake_mask=E"":23}"
   1456128,         0,         0,    21.9,decoder_by_matrix,e9839e3017c9ef118c4b8aeafef39e78c11ecbdb89764e9ca676a7dc2fb6d062,"{""distance"":3,""physical_error_rate"":1e-06}","{""detection_events"":216,""detectors_checked"":78630912}"
   1131520,         0,         0,    22.6,decoder_by_matrix,e25b8d07214a8afb95d354611a83b9bb1ded39644e323a8585b3aabf687a4fff,"{""distance"":3,""physical_error_rate"":1e-05}","{""detection_events"":1683,""detectors_checked"":61102080}"
   1118208,         0,         0,    22.4,decoder_by_matrix,e25b8d07214a8afb95d354611a83b9bb1ded39644e323a8585b3aabf687a4fff,"{""distance"":3,""physical_error_rate"":1e-05}","{""detection_events"":1758,""detectors_checked"":60383232}"
    538624,        13,         0,    22.4,decoder_by_matrix,5c8c81bfec719079c388cedc47a351f264c1bf769ae28a89f9b4fc7719fea501,"{""distance"":3,""physical_error_rate"":0.0005}","{""detection_events"":39228,""detectors_checked"":29085696,""obs_mistake_mask=E"":13}"
    517120,        46,         0,    22.5,decoder_by_matrix,f854eed952f7ffb52e4f578393718ba880ba0930c78fe51d50828fe06a713055,"{""distance"":3,""physical_error_rate"":0.001}","{""detection_events"":76689,""detectors_checked"":27924480,""obs_mistake_mask=E"":46}"
   1465344,         0,         0,    22.1,decoder_by_matrix,e9839e3017c9ef118c4b8aeafef39e78c11ecbdb89764e9ca676a7dc2fb6d062,"{""distance"":3,""physical_error_rate"":1e-06}","{""detection_events"":153,""detectors_checked"":79128576}"
   1298432,         0,         0,    21.9,decoder_by_matrix,560c721f87db01d4cacf7dcb7d8812fecde61e9e7776d4b9e1b1a792578ecad7,"{""distance"":3,""physical_error_rate"":5e-06}","{""detection_events"":843,""detectors_checked"":70115328}"
    601088,         1,         0,    22.6,decoder_by_matrix,beec9fd12293a9cfe53c9b61fb8ce2a525e4eed38fa75d132d6dc64699336876,"{""distance"":3,""physical_error_rate"":0.0001}","{""detection_events"":8736,""detectors_checked"":32458752,""obs_mistake_mask=E"":1}"
   1451008,         0,         0,    21.6,decoder_by_matrix,e9839e3017c9ef118c4b8aeafef39e78c11ecbdb89764e9ca676a7dc2fb6d062,"{""distance"":3,""physical_error_rate"":1e-06}","{""detection_events"":222,""detectors_checked"":78354432}"
    539648,         8,         0,    22.6,decoder_by_matrix,5c8c81bfec719079c388cedc47a351f264c1bf769ae28a89f9b4fc7719fea501,"{""distance"":3,""physical_error_rate"":0.0005}","{""detection_events"":38949,""detectors_checked"":29140992,""obs_mistake_mask=E"":8}"
    584704,         0,         0,    22.4,decoder_by_matrix,beec9fd12293a9cfe53c9b61fb8ce2a525e4eed38fa75d132d6dc64699336876,"{""distance"":3,""physical_error_rate"":0.0001}","{""detection_events"":8370,""detectors_checked"":31574016}"
    433152,       729,         0,    22.7,decoder_by_matrix,bf84ffc61868c0acf247eb3d31d6d1ff07feed51ae0b0770ddaf58683dcdd22c,"{""distance"":3,""physical_error_rate"":0.005}","{""detection_events"":312114,""detectors_checked"":23390208,""obs_mistake_mask=E"":729}"
    713728,         1,         0,    22.9,decoder_by_matrix,36e3cd26fed5ec7649ec51fb08c1a5e7d7f30e615782d954fee045c18a4962ca,"{""distance"":3,""physical_error_rate"":5e-05}","{""detection_events"":5139,""detectors_checked"":38541312,""obs_mistake_mask=E"":1}"
    428032,       700,         0,    22.7,decoder_by_matrix,bf84ffc61868c0acf247eb3d31d6d1ff07feed51ae0b0770ddaf58683dcdd22c,"{""distance"":3,""physical_error_rate"":0.005}","{""detection_events"":303804,""detectors_checked"":23113728,""obs_mistake_mask=E"":700}"
   1268736,         0,         0,    22.2,decoder_by_matrix,560c721f87db01d4cacf7dcb7d8812fecde61e9e7776d4b9e1b1a792578ecad7,"{""distance"":3,""physical_error_rate"":5e-06}","{""detection_events"":1035,""detectors_checked"":68511744}"
   1131520,         0,         0,    22.2,decoder_by_matrix,e25b8d07214a8afb95d354611a83b9bb1ded39644e323a8585b3aabf687a4fff,"{""distance"":3,""physical_error_rate"":1e-05}","{""detection_events"":1716,""detectors_checked"":61102080}"
    518144,        44,         0,    22.9,decoder_by_matrix,f854eed952f7ffb52e4f578393718ba880ba0930c78fe51d50828fe06a713055,"{""distance"":3,""physical_error_rate"":0.001}","{""detection_events"":75774,""detectors_checked"":27979776,""obs_mistake_mask=E"":44}"
    719872,         0,         0,    21.9,decoder_by_matrix,36e3cd26fed5ec7649ec51fb08c1a5e7d7f30e615782d954fee045c18a4962ca,"{""distance"":3,""physical_error_rate"":5e-05}","{""detection_events"":5055,""detectors_checked"":38873088}"
    592896,         1,         0,    22.7,decoder_by_matrix,beec9fd12293a9cfe53c9b61fb8ce2a525e4eed38fa75d132d6dc64699336876,"{""distance"":3,""physical_error_rate"":0.0001}","{""detection_events"":8817,""detectors_checked"":32016384,""obs_mistake_mask=E"":1}"
    517120,        38,         0,    21.7,decoder_by_matrix,f854eed952f7ffb52e4f578393718ba880ba0930c78fe51d50828fe06a713055,"{""distance"":3,""physical_error_rate"":0.001}","{""detection_events"":75738,""detectors_checked"":27924480,""obs_mistake_mask=E"":38}"
    537600,        10,         0,    22.8,decoder_by_matrix,5c8c81bfec719079c388cedc47a351f264c1bf769ae28a89f9b4fc7719fea501,"{""distance"":3,""physical_error_rate"":0.0005}","{""detection_events"":39096,""detectors_checked"":29030400,""obs_mistake_mask=E"":10}"
    429056,       689,         0,    22.6,decoder_by_matrix,bf84ffc61868c0acf247eb3d31d6d1ff07feed51ae0b0770ddaf58683dcdd22c,"{""distance"":3,""physical_error_rate"":0.005}","{""detection_events"":307593,""detectors_checked"":23169024,""obs_mistake_mask=E"":689}"
    537600,         5,         0,    22.6,decoder_by_matrix,5c8c81bfec719079c388cedc47a351f264c1bf769ae28a89f9b4fc7719fea501,"{""distance"":3,""physical_error_rate"":0.0005}","{""detection_events"":39342,""detectors_checked"":29030400,""obs_mistake_mask=E"":5}"
    596992,         0,         0,    22.1,decoder_by_matrix,beec9fd12293a9cfe53c9b61fb8ce2a525e4eed38fa75d132d6dc64699336876,"{""distance"":3,""physical_error_rate"":0.0001}","{""detection_events"":8835,""detectors_checked"":32237568}"
    432128,       729,         0,    22.8,decoder_by_matrix,bf84ffc61868c0acf247eb3d31d6d1ff07feed51ae0b0770ddaf58683dcdd22c,"{""distance"":3,""physical_error_rate"":0.005}","{""detection_events"":308493,""detectors_checked"":23334912,""obs_mistake_mask=E"":729}"
      4096,         7,         0,   0.256,decoder_by_matrix,bf84ffc61868c0acf247eb3d31d6d1ff07feed51ae0b0770ddaf58683dcdd22c,"{""distance"":3,""physical_error_rate"":0.005}","{""detection_events"":2874,""detectors_checked"":221184,""obs_mistake_mask=E"":7}"
     16384,        29,         0,   0.894,decoder_by_matrix,bf84ffc61868c0acf247eb3d31d6d1ff07feed51ae0b0770ddaf58683dcdd22c,"{""distance"":3,""physical_error_rate"":0.005}","{""detection_events"":11883,""detectors_checked"":884736,""obs_mistake_mask=E"":29}"
     16384,        11,         0,   0.890,decoder_by_matrix,bf84ffc61868c0acf247eb3d31d6d1ff07feed51ae0b0770ddaf58683dcdd22c,"{""distance"":3,""physical_error_rate"":0.005}","{""detection_events"":11736,""detectors_checked"":884736,""obs_mistake_mask=E"":11}"
         1,         0,         0,   0.000,decoder_by_matrix,e9839e3017c9ef118c4b8aeafef39e78c11ecbdb89764e9ca676a7dc2fb6d062,"{""distance"":3,""physical_error_rate"":1e-06}","{""detectors_checked"":54}"
         1,         0,         0,   0.000,decoder_by_matrix,560c721f87db01d4cacf7dcb7d8812fecde61e9e7776d4b9e1b1a792578ecad7,"{""distance"":3,""physical_error_rate"":5e-06}","{""detectors_checked"":54}"
      3345,         0,         0,   0.047,decoder_by_matrix,36e3cd26fed5ec7649ec51fb08c1a5e7d7f30e615782d954fee045c18a4962ca,"{""distance"":3,""physical_error_rate"":5e-05}","{""detection_events"":33,""detectors_checked"":180630}"
      8464,         0,         0,   0.085,decoder_by_matrix,560c721f87db01d4cacf7dcb7d8812fecde61e9e7776d4b9e1b1a792578ecad7,"{""distance"":3,""physical_error_rate"":5e-06}","{""detectors_checked"":457056}"
         1,         0,         0,   0.000,decoder_by_matrix,e25b8d07214a8afb95d354611a83b9bb1ded39644e323a8585b3aabf687a4fff,"{""distance"":3,""physical_error_rate"":1e-05}","{""detectors_checked"":54}"
     16656,         0,         0,   0.013,decoder_by_matrix,e25b8d07214a8afb95d354611a83b9bb1ded39644e323a8585b3aabf687a4fff,"{""distance"":3,""physical_error_rate"":1e-05}","{""detection_events"":12,""detectors_checked"":899424}"
     11536,         0,         0,   0.141,decoder_by_matrix,e9839e3017c9ef118c4b8aeafef39e78c11ecbdb89764e9ca676a7dc2fb6d062,"{""distance"":3,""physical_error_rate"":1e-06}","{""detection_events"":12,""detectors_checked"":622944}"
      1024,         0,         0,   0.065,decoder_by_matrix,e25b8d07214a8afb95d354611a83b9bb1ded39644e323a8585b3aabf687a4fff,"{""distance"":3,""physical_error_rate"":1e-05}","{""detectors_checked"":55296}"
      6144,         0,         0,   0.179,decoder_by_matrix,36e3cd26fed5ec7649ec51fb08c1a5e7d7f30e615782d954fee045c18a4962ca,"{""distance"":3,""physical_error_rate"":5e-05}","{""detection_events"":69,""detectors_checked"":331776}"
      8192,         0,         0,   0.105,decoder_by_matrix,e9839e3017c9ef118c4b8aeafef39e78c11ecbdb89764e9ca676a7dc2fb6d062,"{""distance"":3,""physical_error_rate"":1e-06}","{""detectors_checked"":442368}"
     12288,         0,         0,   0.183,decoder_by_matrix,560c721f87db01d4cacf7dcb7d8812fecde61e9e7776d4b9e1b1a792578ecad7,"{""distance"":3,""physical_error_rate"":5e-06}","{""detection_events"":6,""detectors_checked"":663552}"
      6144,         0,         0,   0.129,decoder_by_matrix,e25b8d07214a8afb95d354611a83b9bb1ded39644e323a8585b3aabf687a4fff,"{""distance"":3,""physical_error_rate"":1e-05}","{""detection_events"":6,""detectors_checked"":331776}"
      4096,         0,         0,   0.146,decoder_by_matrix,36e3cd26fed5ec7649ec51fb08c1a5e7d7f30e615782d954fee045c18a4962ca,"{""distance"":3,""physical_error_rate"":5e-05}","{""detection_events"":27,""detectors_checked"":221184}"
      8192,         0,         0,   0.124,decoder_by_matrix,e9839e3017c9ef118c4b8aeafef39e78c11ecbdb89764e9ca676a7dc2fb6d062,"{""distance"":3,""physical_error_rate"":1e-06}","{""detectors_checked"":442368}"
      6144,         0,         0,   0.123,decoder_by_matrix,560c721f87db01d4cacf7dcb7d8812fecde61e9e7776d4b9e1b1a792578ecad7,"{""distance"":3,""physical_error_rate"":5e-06}","{""detectors_checked"":331776}"
      6144,         0,         0,   0.124,decoder_by_matrix,e25b8d07214a8afb95d354611a83b9bb1ded39644e323a8585b3aabf687a4fff,"{""distance"":3,""physical_error_rate"":1e-05}","{""detection_events"":18,""detectors_checked"":331776}"
      3072,         0,         0,   0.132,decoder_by_matrix,36e3cd26fed5ec7649ec51fb08c1a5e7d7f30e615782d954fee045c18a4962ca,"{""distance"":3,""physical_error_rate"":5e-05}","{""detection_events"":9,""detectors_checked"":165888}"
      8192,         0,         0,   0.127,decoder_by_matrix,e9839e3017c9ef118c4b8aeafef39e78c11ecbdb89764e9ca676a7dc2fb6d062,"{""distance"":3,""physical_error_rate"":1e-06}","{""detectors_checked"":442368}"
      6144,         0,         0,   0.131,decoder_by_matrix,560c721f87db01d4cacf7dcb7d8812fecde61e9e7776d4b9e1b1a792578ecad7,"{""distance"":3,""physical_error_rate"":5e-06}","{""detection_events"":6,""detectors_checked"":331776}"
      6144,         0,         0,   0.146,decoder_by_matrix,e25b8d07214a8afb95d354611a83b9bb1ded39644e323a8585b3aabf687a4fff,"{""distance"":3,""physical_error_rate"":1e-05}","{""detection_events"":3,""detectors_checked"":331776}"
      3072,         0,         0,   0.128,decoder_by_matrix,36e3cd26fed5ec7649ec51fb08c1a5e7d7f30e615782d954fee045c18a4962ca,"{""distance"":3,""physical_error_rate"":5e-05}","{""detection_events"":66,""detectors_checked"":165888}"
      8192,         0,         0,   0.128,decoder_by_matrix,e9839e3017c9ef118c4b8aeafef39e78c11ecbdb89764e9ca676a7dc2fb6d062,"{""distance"":3,""physical_error_rate"":1e-06}","{""detectors_checked"":442368}"
      7168,         0,         0,   0.132,decoder_by_matrix,560c721f87db01d4cacf7dcb7d8812fecde61e9e7776d4b9e1b1a792578ecad7,"{""distance"":3,""physical_error_rate"":5e-06}","{""detection_events"":3,""detectors_checked"":387072}"
      7168,         0,         0,   0.120,decoder_by_matrix,e25b8d07214a8afb95d354611a83b9bb1ded39644e323a8585b3aabf687a4fff,"{""distance"":3,""physical_error_rate"":1e-05}","{""detection_events"":6,""detectors_checked"":387072}"
      4096,         0,         0,   0.129,decoder_by_matrix,36e3cd26fed5ec7649ec51fb08c1a5e7d7f30e615782d954fee045c18a4962ca,"{""distance"":3,""physical_error_rate"":5e-05}","{""detection_events"":9,""detectors_checked"":221184}"
      8192,         0,         0,   0.129,decoder_by_matrix,e9839e3017c9ef118c4b8aeafef39e78c11ecbdb89764e9ca676a7dc2fb6d062,"{""distance"":3,""physical_error_rate"":1e-06}","{""detectors_checked"":442368}"
      8192,         0,         0,   0.129,decoder_by_matrix,560c721f87db01d4cacf7dcb7d8812fecde61e9e7776d4b9e1b1a792578ecad7,"{""distance"":3,""physical_error_rate"":5e-06}","{""detectors_checked"":442368}"
      5120,         0,         0,   0.152,decoder_by_matrix,e25b8d07214a8afb95d354611a83b9bb1ded39644e323a8585b3aabf687a4fff,"{""distance"":3,""physical_error_rate"":1e-05}","{""detection_events"":12,""detectors_checked"":276480}"
      5120,         0,         0,   0.128,decoder_by_matrix,36e3cd26fed5ec7649ec51fb08c1a5e7d7f30e615782d954fee045c18a4962ca,"{""distance"":3,""physical_error_rate"":5e-05}","{""detection_events"":15,""detectors_checked"":276480}"
      8192,         0,         0,   0.004,decoder_by_matrix,e9839e3017c9ef118c4b8aeafef39e78c11ecbdb89764e9ca676a7dc2fb6d062,"{""distance"":3,""physical_error_rate"":1e-06}","{""detectors_checked"":442368}"
      8192,         0,         0,   0.128,decoder_by_matrix,560c721f87db01d4cacf7dcb7d8812fecde61e9e7776d4b9e1b1a792578ecad7,"{""distance"":3,""physical_error_rate"":5e-06}","{""detectors_checked"":442368}"
      5120,         0,         0,   0.128,decoder_by_matrix,36e3cd26fed5ec7649ec51fb08c1a5e7d7f30e615782d954fee045c18a4962ca,"{""distance"":3,""physical_error_rate"":5e-05}","{""detection_events"":15,""detectors_checked"":276480}"
      9216,         0,         0,   0.247,decoder_by_matrix,e25b8d07214a8afb95d354611a83b9bb1ded39644e323a8585b3aabf687a4fff,"{""distance"":3,""physical_error_rate"":1e-05}","{""detection_events"":33,""detectors_checked"":497664}"
     15360,         0,         0,   0.256,decoder_by_matrix,e9839e3017c9ef118c4b8aeafef39e78c11ecbdb89764e9ca676a7dc2fb6d062,"{""distance"":3,""physical_error_rate"":1e-06}","{""detection_events"":3,""detectors_checked"":829440}"
     13312,         0,         0,   0.256,decoder_by_matrix,560c721f87db01d4cacf7dcb7d8812fecde61e9e7776d4b9e1b1a792578ecad7,"{""distance"":3,""physical_error_rate"":5e-06}","{""detection_events"":9,""detectors_checked"":718848}"
      7168,         0,         0,   0.251,decoder_by_matrix,36e3cd26fed5ec7649ec51fb08c1a5e7d7f30e615782d954fee045c18a4962ca,"{""distance"":3,""physical_error_rate"":5e-05}","{""detection_events"":111,""detectors_checked"":387072}"
     12288,         0,         0,   0.242,decoder_by_matrix,e25b8d07214a8afb95d354611a83b9bb1ded39644e323a8585b3aabf687a4fff,"{""distance"":3,""physical_error_rate"":1e-05}","{""detection_events"":12,""detectors_checked"":663552}"
     16384,         0,         0,   0.253,decoder_by_matrix,e9839e3017c9ef118c4b8aeafef39e78c11ecbdb89764e9ca676a7dc2fb6d062,"{""distance"":3,""physical_error_rate"":1e-06}","{""detectors_checked"":884736}"
     15360,         0,         0,   0.138,decoder_by_matrix,560c721f87db01d4cacf7dcb7d8812fecde61e9e7776d4b9e1b1a792578ecad7,"{""distance"":3,""physical_error_rate"":5e-06}","{""detection_events"":3,""detectors_checked"":829440}"
      7168,         0,         0,   0.249,decoder_by_matrix,36e3cd26fed5ec7649ec51fb08c1a5e7d7f30e615782d954fee045c18a4962ca,"{""distance"":3,""physical_error_rate"":5e-05}","{""detection_events"":51,""detectors_checked"":387072}"
     19456,         0,         0,   0.392,decoder_by_matrix,e25b8d07214a8afb95d354611a83b9bb1ded39644e323a8585b3aabf687a4fff,"{""distance"":3,""physical_error_rate"":1e-05}","{""detection_events"":51,""detectors_checked"":1050624}"
     24576,         0,         0,   0.381,decoder_by_matrix,e9839e3017c9ef118c4b8aeafef39e78c11ecbdb89764e9ca676a7dc2fb6d062,"{""distance"":3,""physical_error_rate"":1e-06}","{""detectors_checked"":1327104}"
     18432,         0,         0,   0.385,decoder_by_matrix,560c721f87db01d4cacf7dcb7d8812fecde61e9e7776d4b9e1b1a792578ecad7,"{""distance"":3,""physical_error_rate"":5e-06}","{""detection_events"":12,""detectors_checked"":995328}"
     11264,         0,         0,   0.402,decoder_by_matrix,36e3cd26fed5ec7649ec51fb08c1a5e7d7f30e615782d954fee045c18a4962ca,"{""distance"":3,""physical_error_rate"":5e-05}","{""detection_events"":111,""detectors_checked"":608256}"
     25600,         0,         0,   0.527,decoder_by_matrix,e25b8d07214a8afb95d354611a83b9bb1ded39644e323a8585b3aabf687a4fff,"{""distance"":3,""physical_error_rate"":1e-05}","{""detection_events"":21,""detectors_checked"":1382400}"
     30720,         0,         0,   0.507,decoder_by_matrix,e9839e3017c9ef118c4b8aeafef39e78c11ecbdb89764e9ca676a7dc2fb6d062,"{""distance"":3,""physical_error_rate"":1e-06}","{""detection_events"":6,""detectors_checked"":1658880}"
     14336,         0,         0,   0.423,decoder_by_matrix,36e3cd26fed5ec7649ec51fb08c1a5e7d7f30e615782d954fee045c18a4962ca,"{""distance"":3,""physical_error_rate"":5e-05}","{""detection_events"":60,""detectors_checked"":774144}"
     29696,         0,         0,   0.511,decoder_by_matrix,560c721f87db01d4cacf7dcb7d8812fecde61e9e7776d4b9e1b1a792578ecad7,"{""distance"":3,""physical_error_rate"":5e-06}","{""detection_events"":18,""detectors_checked"":1603584}"
     30720,         0,         0,   0.630,decoder_by_matrix,e25b8d07214a8afb95d354611a83b9bb1ded39644e323a8585b3aabf687a4fff,"{""distance"":3,""physical_error_rate"":1e-05}","{""detection_events"":39,""detectors_checked"":1658880}"
     39936,         0,         0,   0.515,decoder_by_matrix,e9839e3017c9ef118c4b8aeafef39e78c11ecbdb89764e9ca676a7dc2fb6d062,"{""distance"":3,""physical_error_rate"":1e-06}","{""detection_events"":9,""detectors_checked"":2156544}"
     31744,         0,         0,   0.643,decoder_by_matrix,560c721f87db01d4cacf7dcb7d8812fecde61e9e7776d4b9e1b1a792578ecad7,"{""distance"":3,""physical_error_rate"":5e-06}","{""detection_events"":39,""detectors_checked"":1714176}"
     21504,         0,         0,   0.515,decoder_by_matrix,36e3cd26fed5ec7649ec51fb08c1a5e7d7f30e615782d954fee045c18a4962ca,"{""distance"":3,""physical_error_rate"":5e-05}","{""detection_events"":117,""detectors_checked"":1161216}"
     49152,         0,         0,   0.886,decoder_by_matrix,e25b8d07214a8afb95d354611a83b9bb1ded39644e323a8585b3aabf687a4fff,"{""distance"":3,""physical_error_rate"":1e-05}","{""detection_events"":30,""detectors_checked"":2654208}"
     55296,         0,         0,   0.766,decoder_by_matrix,e9839e3017c9ef118c4b8aeafef39e78c11ecbdb89764e9ca676a7dc2fb6d062,"{""distance"":3,""physical_error_rate"":1e-06}","{""detection_events"":6,""detectors_checked"":2985984}"
     52224,         0,         0,   0.894,decoder_by_matrix,560c721f87db01d4cacf7dcb7d8812fecde61e9e7776d4b9e1b1a792578ecad7,"{""distance"":3,""physical_error_rate"":5e-06}","{""detection_events"":21,""detectors_checked"":2820096}"
     28672,         0,         0,   0.888,decoder_by_matrix,36e3cd26fed5ec7649ec51fb08c1a5e7d7f30e615782d954fee045c18a4962ca,"{""distance"":3,""physical_error_rate"":5e-05}","{""detection_events"":198,""detectors_checked"":1548288}"
     57344,         0,         0,    1.15,decoder_by_matrix,e25b8d07214a8afb95d354611a83b9bb1ded39644e323a8585b3aabf687a4fff,"{""distance"":3,""physical_error_rate"":1e-05}","{""detection_events"":78,""detectors_checked"":3096576}"
     71680,         0,         0,    1.15,decoder_by_matrix,e9839e3017c9ef118c4b8aeafef39e78c11ecbdb89764e9ca676a7dc2fb6d062,"{""distance"":3,""physical_error_rate"":1e-06}","{""detection_events"":9,""detectors_checked"":3870720}"
     36864,         0,         0,    1.02,decoder_by_matrix,36e3cd26fed5ec7649ec51fb08c1a5e7d7f30e615782d954fee045c18a4962ca,"{""distance"":3,""physical_error_rate"":5e-05}","{""detection_events"":303,""detectors_checked"":1990656}"
     68608,         0,         0,    1.23,decoder_by_matrix,560c721f87db01d4cacf7dcb7d8812fecde61e9e7776d4b9e1b1a792578ecad7,"{""distance"":3,""physical_error_rate"":5e-06}","{""detection_events"":54,""detectors_checked"":3704832}"
    106496,         0,         0,    1.63,decoder_by_matrix,e9839e3017c9ef118c4b8aeafef39e78c11ecbdb89764e9ca676a7dc2fb6d062,"{""distance"":3,""physical_error_rate"":1e-06}","{""detectors_checked"":5750784}"
     84992,         0,         0,    1.66,decoder_by_matrix,e25b8d07214a8afb95d354611a83b9bb1ded39644e323a8585b3aabf687a4fff,"{""distance"":3,""physical_error_rate"":1e-05}","{""detection_events"":99,""detectors_checked"":4589568}"
    930816,         0,         0,    15.1,decoder_by_matrix,560c721f87db01d4cacf7dcb7d8812fecde61e9e7776d4b9e1b1a792578ecad7,"{""distance"":3,""physical_error_rate"":5e-06}","{""detection_events"":627,""detectors_checked"":50264064}"
     52224,         0,         0,    1.66,decoder_by_matrix,36e3cd26fed5ec7649ec51fb08c1a5e7d7f30e615782d954fee045c18a4962ca,"{""distance"":3,""physical_error_rate"":5e-05}","{""detection_events"":342,""detectors_checked"":2820096}"
     97280,         0,         0,    1.55,decoder_by_matrix,560c721f87db01d4cacf7dcb7d8812fecde61e9e7776d4b9e1b1a792578ecad7,"{""distance"":3,""physical_error_rate"":5e-06}","{""detection_events"":63,""detectors_checked"":5253120}"
    793600,         0,         0,    15.7,decoder_by_matrix,e25b8d07214a8afb95d354611a83b9bb1ded39644e323a8585b3aabf687a4fff,"{""distance"":3,""physical_error_rate"":1e-05}","{""detection_events"":1356,""detectors_checked"":42854400}"
   1042432,         0,         0,    15.4,decoder_by_matrix,e9839e3017c9ef118c4b8aeafef39e78c11ecbdb89764e9ca676a7dc2fb6d062,"{""distance"":3,""physical_error_rate"":1e-06}","{""detection_events"":174,""detectors_checked"":56291328}"
    506880,         0,         0,    16.0,decoder_by_matrix,36e3cd26fed5ec7649ec51fb08c1a5e7d7f30e615782d954fee045c18a4962ca,"{""distance"":3,""physical_error_rate"":5e-05}","{""detection_events"":3855,""detectors_checked"":27371520}"
    139264,         0,         0,    2.23,decoder_by_matrix,e9839e3017c9ef118c4b8aeafef39e78c11ecbdb89764e9ca676a7dc2fb6d062,"{""distance"":3,""physical_error_rate"":1e-06}","{""detection_events"":30,""detectors_checked"":7520256}"
    108544,         0,         0,    2.13,decoder_by_matrix,e25b8d07214a8afb95d354611a83b9bb1ded39644e323a8585b3aabf687a4fff,"{""distance"":3,""physical_error_rate"":1e-05}","{""detection_events"":165,""detectors_checked"":5861376}"
     72704,         0,         0,    2.13,decoder_by_matrix,36e3cd26fed5ec7649ec51fb08c1a5e7d7f30e615782d954fee045c18a4962ca,"{""distance"":3,""physical_error_rate"":5e-05}","{""detection_events"":426,""detectors_checked"":3926016}"
    118784,         0,         0,    2.18,decoder_by_matrix,560c721f87db01d4cacf7dcb7d8812fecde61e9e7776d4b9e1b1a792578ecad7,"{""distance"":3,""physical_error_rate"":5e-06}","{""detection_events"":105,""detectors_checked"":6414336}"
    190464,         0,         0,    2.93,decoder_by_matrix,e9839e3017c9ef118c4b8aeafef39e78c11ecbdb89764e9ca676a7dc2fb6d062,"{""distance"":3,""physical_error_rate"":1e-06}","{""detection_events"":24,""detectors_checked"":10285056}"
    148480,         0,         0,    2.80,decoder_by_matrix,e25b8d07214a8afb95d354611a83b9bb1ded39644e323a8585b3aabf687a4fff,"{""distance"":3,""physical_error_rate"":1e-05}","{""detection_events"":267,""detectors_checked"":8017920}"
    167936,         0,         0,    2.44,decoder_by_matrix,560c721f87db01d4cacf7dcb7d8812fecde61e9e7776d4b9e1b1a792578ecad7,"{""distance"":3,""physical_error_rate"":5e-06}","{""detection_events"":132,""detectors_checked"":9068544}"
     97280,         0,         0,    3.09,decoder_by_matrix,36e3cd26fed5ec7649ec51fb08c1a5e7d7f30e615782d954fee045c18a4962ca,"{""distance"":3,""physical_error_rate"":5e-05}","{""detection_events"":777,""detectors_checked"":5253120}"
    225280,         0,         0,    4.16,decoder_by_matrix,e25b8d07214a8afb95d354611a83b9bb1ded39644e323a8585b3aabf687a4fff,"{""distance"":3,""physical_error_rate"":1e-05}","{""detection_events"":237,""detectors_checked"":12165120}"
    280576,         0,         0,    4.21,decoder_by_matrix,e9839e3017c9ef118c4b8aeafef39e78c11ecbdb89764e9ca676a7dc2fb6d062,"{""distance"":3,""physical_error_rate"":1e-06}","{""detection_events"":24,""detectors_checked"":15151104}"
    251904,         0,         0,    4.22,decoder_by_matrix,560c721f87db01d4cacf7dcb7d8812fecde61e9e7776d4b9e1b1a792578ecad7,"{""distance"":3,""physical_error_rate"":5e-06}","{""detection_events"":153,""detectors_checked"":13602816}"
    133120,         0,         0,    4.24,decoder_by_matrix,36e3cd26fed5ec7649ec51fb08c1a5e7d7f30e615782d954fee045c18a4962ca,"{""distance"":3,""physical_error_rate"":5e-05}","{""detection_events"":963,""detectors_checked"":7188480}"
    381952,         0,         0,    5.62,decoder_by_matrix,e9839e3017c9ef118c4b8aeafef39e78c11ecbdb89764e9ca676a7dc2fb6d062,"{""distance"":3,""physical_error_rate"":1e-06}","{""detection_events"":51,""detectors_checked"":20625408}"
    313344,         0,         0,    5.80,decoder_by_matrix,e25b8d07214a8afb95d354611a83b9bb1ded39644e323a8585b3aabf687a4fff,"{""distance"":3,""physical_error_rate"":1e-05}","{""detection_events"":396,""detectors_checked"":16920576}"
    339968,         0,         0,    5.86,decoder_by_matrix,560c721f87db01d4cacf7dcb7d8812fecde61e9e7776d4b9e1b1a792578ecad7,"{""distance"":3,""physical_error_rate"":5e-06}","{""detection_events"":198,""detectors_checked"":18358272}"
    186368,         0,         0,    5.98,decoder_by_matrix,36e3cd26fed5ec7649ec51fb08c1a5e7d7f30e615782d954fee045c18a4962ca,"{""distance"":3,""physical_error_rate"":5e-05}","{""detection_events"":1251,""detectors_checked"":10063872}"
   1287168,         0,         0,    21.9,decoder_by_matrix,560c721f87db01d4cacf7dcb7d8812fecde61e9e7776d4b9e1b1a792578ecad7,"{""distance"":3,""physical_error_rate"":5e-06}","{""detection_events"":927,""detectors_checked"":69507072}"
   1138688,         0,         0,    21.9,decoder_by_matrix,e25b8d07214a8afb95d354611a83b9bb1ded39644e323a8585b3aabf687a4fff,"{""distance"":3,""physical_error_rate"":1e-05}","{""detection_events"":1641,""detectors_checked"":61489152}"
   1454080,         0,         0,    21.2,decoder_by_matrix,e9839e3017c9ef118c4b8aeafef39e78c11ecbdb89764e9ca676a7dc2fb6d062,"{""distance"":3,""physical_error_rate"":1e-06}","{""detection_events"":240,""detectors_checked"":78520320}"
    729088,         0,         0,    22.3,decoder_by_matrix,36e3cd26fed5ec7649ec51fb08c1a5e7d7f30e615782d954fee045c18a4962ca,"{""distance"":3,""physical_error_rate"":5e-05}","{""detection_events"":5265,""detectors_checked"":39370752}"
   1798144,         0,         0,    30.2,decoder_by_matrix,560c721f87db01d4cacf7dcb7d8812fecde61e9e7776d4b9e1b1a792578ecad7,"{""distance"":3,""physical_error_rate"":5e-06}","{""detection_events"":1329,""detectors_checked"":97099776}"
    432128,         0,         0,    8.26,decoder_by_matrix,e25b8d07214a8afb95d354611a83b9bb1ded39644e323a8585b3aabf687a4fff,"{""distance"":3,""physical_error_rate"":1e-05}","{""detection_events"":573,""detectors_checked"":23334912}"
    536576,         0,         0,    8.23,decoder_by_matrix,e9839e3017c9ef118c4b8aeafef39e78c11ecbdb89764e9ca676a7dc2fb6d062,"{""distance"":3,""physical_error_rate"":1e-06}","{""detection_events"":63,""detectors_checked"":28975104}"
    475136,         0,         0,    7.90,decoder_by_matrix,560c721f87db01d4cacf7dcb7d8812fecde61e9e7776d4b9e1b1a792578ecad7,"{""distance"":3,""physical_error_rate"":5e-06}","{""detection_events"":330,""detectors_checked"":25657344}"
    264192,         0,         0,    8.17,decoder_by_matrix,36e3cd26fed5ec7649ec51fb08c1a5e7d7f30e615782d954fee045c18a4962ca,"{""distance"":3,""physical_error_rate"":5e-05}","{""detection_events"":1848,""detectors_checked"":14266368}"
   2020352,         0,         0,    30.4,decoder_by_matrix,e9839e3017c9ef118c4b8aeafef39e78c11ecbdb89764e9ca676a7dc2fb6d062,"{""distance"":3,""physical_error_rate"":1e-06}","{""detection_events"":318,""detectors_checked"":109099008}"
   1002496,         0,         0,    31.2,decoder_by_matrix,36e3cd26fed5ec7649ec51fb08c1a5e7d7f30e615782d954fee045c18a4962ca,"{""distance"":3,""physical_error_rate"":5e-05}","{""detection_events"":7437,""detectors_checked"":54134784}"
    726016,        55,         0,    31.6,decoder_by_matrix,f854eed952f7ffb52e4f578393718ba880ba0930c78fe51d50828fe06a713055,"{""distance"":3,""physical_error_rate"":0.001}","{""detection_events"":104196,""detectors_checked"":39204864,""obs_mistake_mask=E"":55}"
   1824768,         0,         0,    31.0,decoder_by_matrix,560c721f87db01d4cacf7dcb7d8812fecde61e9e7776d4b9e1b1a792578ecad7,"{""distance"":3,""physical_error_rate"":5e-06}","{""detection_events"":1152,""detectors_checked"":98537472}"
   1627136,         0,         0,    30.8,decoder_by_matrix,e25b8d07214a8afb95d354611a83b9bb1ded39644e323a8585b3aabf687a4fff,"{""distance"":3,""physical_error_rate"":1e-05}","{""detection_events"":2304,""detectors_checked"":87865344}"
   1565696,         0,         0,    31.4,decoder_by_matrix,e25b8d07214a8afb95d354611a83b9bb1ded39644e323a8585b3aabf687a4fff,"{""distance"":3,""physical_error_rate"":1e-05}","{""detection_events"":2421,""detectors_checked"":84547584}"
    839680,         1,         0,    31.8,decoder_by_matrix,beec9fd12293a9cfe53c9b61fb8ce2a525e4eed38fa75d132d6dc64699336876,"{""distance"":3,""physical_error_rate"":0.0001}","{""detection_events"":12012,""detectors_checked"":45342720,""obs_mistake_mask=E"":1}"
    726016,        47,         0,    31.7,decoder_by_matrix,f854eed952f7ffb52e4f578393718ba880ba0930c78fe51d50828fe06a713055,"{""distance"":3,""physical_error_rate"":0.001}","{""detection_events"":105279,""detectors_checked"":39204864,""obs_mistake_mask=E"":47}"
    755712,        14,         0,    31.6,decoder_by_matrix,5c8c81bfec719079c388cedc47a351f264c1bf769ae28a89f9b4fc7719fea501,"{""distance"":3,""physical_error_rate"":0.0005}","{""detection_events"":55437,""detectors_checked"":40808448,""obs_mistake_mask=E"":14}"
   2050048,         0,         0,    31.0,decoder_by_matrix,e9839e3017c9ef118c4b8aeafef39e78c11ecbdb89764e9ca676a7dc2fb6d062,"{""distance"":3,""physical_error_rate"":1e-06}","{""detection_events"":252,""detectors_checked"":110702592}"
   2032640,         0,         0,    30.5,decoder_by_matrix,e9839e3017c9ef118c4b8aeafef39e78c11ecbdb89764e9ca676a7dc2fb6d062,"{""distance"":3,""physical_error_rate"":1e-06}","{""detection_events"":306,""detectors_checked"":109762560}"
    755712,         8,         0,    31.3,decoder_by_matrix,5c8c81bfec719079c388cedc47a351f264c1bf769ae28a89f9b4fc7719fea501,"{""distance"":3,""physical_error_rate"":0.0005}","{""detection_events"":55116,""detectors_checked"":40808448,""obs_mistake_mask=E"":8}"
    976896,         0,         0,    31.9,decoder_by_matrix,36e3cd26fed5ec7649ec51fb08c1a5e7d7f30e615782d954fee045c18a4962ca,"{""distance"":3,""physical_error_rate"":5e-05}","{""detection_events"":7353,""detectors_checked"":52752384}"
    828416,         1,         0,    31.6,decoder_by_matrix,beec9fd12293a9cfe53c9b61fb8ce2a525e4eed38fa75d132d6dc64699336876,"{""distance"":3,""physical_error_rate"":0.0001}","{""detection_events"":11538,""detectors_checked"":44734464,""obs_mistake_mask=E"":1}"
   1761280,         0,         0,    30.8,decoder_by_matrix,560c721f87db01d4cacf7dcb7d8812fecde61e9e7776d4b9e1b1a792578ecad7,"{""distance"":3,""physical_error_rate"":5e-06}","{""detection_events"":1563,""detectors_checked"":95109120}"
   1584128,         0,         0,    30.7,decoder_by_matrix,e25b8d07214a8afb95d354611a83b9bb1ded39644e323a8585b3aabf687a4fff,"{""distance"":3,""physical_error_rate"":1e-05}","{""detection_events"":2436,""detectors_checked"":85542912}"
    726016,        46,         0,    31.3,decoder_by_matrix,f854eed952f7ffb52e4f578393718ba880ba0930c78fe51d50828fe06a713055,"{""distance"":3,""physical_error_rate"":0.001}","{""detection_events"":105828,""detectors_checked"":39204864,""obs_mistake_mask=E"":46}"
    997376,         0,         0,    30.9,decoder_by_matrix,36e3cd26fed5ec7649ec51fb08c1a5e7d7f30e615782d954fee045c18a4962ca,"{""distance"":3,""physical_error_rate"":5e-05}","{""detection_events"":7578,""detectors_checked"":53858304}"
    824320,         0,         0,    31.5,decoder_by_matrix,beec9fd12293a9cfe53c9b61fb8ce2a525e4eed38fa75d132d6dc64699336876,"{""distance"":3,""physical_error_rate"":0.0001}","{""detection_events"":12654,""detectors_checked"":44513280}"
    726016,        42,         0,    31.0,decoder_by_matrix,f854eed952f7ffb52e4f578393718ba880ba0930c78fe51d50828fe06a713055,"{""distance"":3,""physical_error_rate"":0.001}","{""detection_events"":106323,""detectors_checked"":39204864,""obs_mistake_mask=E"":42}"
    751616,         8,         0,    31.5,decoder_by_matrix,5c8c81bfec719079c388cedc47a351f264c1bf769ae28a89f9b4fc7719fea501,"{""distance"":3,""physical_error_rate"":0.0005}","{""detection_events"":54720,""detectors_checked"":40587264,""obs_mistake_mask=E"":8}"
    750592,        10,         0,    31.8,decoder_by_matrix,5c8c81bfec719079c388cedc47a351f264c1bf769ae28a89f9b4fc7719fea501,"{""distance"":3,""physical_error_rate"":0.0005}","{""detection_events"":54393,""detectors_checked"":40531968,""obs_mistake_mask=E"":10}"
    837632,         1,         0,    31.1,decoder_by_matrix,beec9fd12293a9cfe53c9b61fb8ce2a525e4eed38fa75d132d6dc64699336876,"{""distance"":3,""physical_error_rate"":0.0001}","{""detection_events"":12258,""detectors_checked"":45232128,""obs_mistake_mask=E"":1}"
    573440,         0,         0,    11.5,decoder_by_matrix,e25b8d07214a8afb95d354611a83b9bb1ded39644e323a8585b3aabf687a4fff,"{""distance"":3,""physical_error_rate"":1e-05}","{""detection_events"":912,""detectors_checked"":30965760}"
    745472,         0,         0,    11.4,decoder_by_matrix,e9839e3017c9ef118c4b8aeafef39e78c11ecbdb89764e9ca676a7dc2fb6d062,"{""distance"":3,""physical_error_rate"":1e-06}","{""detection_events"":102,""detectors_checked"":40255488}"
    657408,         0,         0,    11.2,decoder_by_matrix,560c721f87db01d4cacf7dcb7d8812fecde61e9e7776d4b9e1b1a792578ecad7,"{""distance"":3,""physical_error_rate"":5e-06}","{""detection_events"":465,""detectors_checked"":35500032}"
    357376,         0,         0,    11.8,decoder_by_matrix,36e3cd26fed5ec7649ec51fb08c1a5e7d7f30e615782d954fee045c18a4962ca,"{""distance"":3,""physical_error_rate"":5e-05}","{""detection_events"":2817,""detectors_checked"":19298304}"
    816128,         0,         0,    16.4,decoder_by_matrix,e25b8d07214a8afb95d354611a83b9bb1ded39644e323a8585b3aabf687a4fff,"{""distance"":3,""physical_error_rate"":1e-05}","{""detection_events"":1197,""detectors_checked"":44070912}"
    922624,         0,         0,    16.0,decoder_by_matrix,560c721f87db01d4cacf7dcb7d8812fecde61e9e7776d4b9e1b1a792578ecad7,"{""distance"":3,""physical_error_rate"":5e-06}","{""detection_events"":672,""detectors_checked"":49821696}"
   1053696,         0,         0,    15.9,decoder_by_matrix,e9839e3017c9ef118c4b8aeafef39e78c11ecbdb89764e9ca676a7dc2fb6d062,"{""distance"":3,""physical_error_rate"":1e-06}","{""detection_events"":111,""detectors_checked"":56899584}"
    502784,         0,         0,    16.2,decoder_by_matrix,36e3cd26fed5ec7649ec51fb08c1a5e7d7f30e615782d954fee045c18a4962ca,"{""distance"":3,""physical_error_rate"":5e-05}","{""detection_events"":4041,""detectors_checked"":27150336}"
   1778688,         0,         0,    30.4,decoder_by_matrix,560c721f87db01d4cacf7dcb7d8812fecde61e9e7776d4b9e1b1a792578ecad7,"{""distance"":3,""physical_error_rate"":5e-06}","{""detection_events"":1443,""detectors_checked"":96049152}"
   1580032,         0,         0,    31.5,decoder_by_matrix,e25b8d07214a8afb95d354611a83b9bb1ded39644e323a8585b3aabf687a4fff,"{""distance"":3,""physical_error_rate"":1e-05}","{""detection_events"":2328,""detectors_checked"":85321728}"
   2032640,         0,         0,    30.8,decoder_by_matrix,e9839e3017c9ef118c4b8aeafef39e78c11ecbdb89764e9ca676a7dc2fb6d062,"{""distance"":3,""physical_error_rate"":1e-06}","{""detection_events"":351,""detectors_checked"":109762560}"
   1009664,         0,         0,    31.3,decoder_by_matrix,36e3cd26fed5ec7649ec51fb08c1a5e7d7f30e615782d954fee045c18a4962ca,"{""distance"":3,""physical_error_rate"":5e-05}","{""detection_events"":7251,""detectors_checked"":54521856}"
   2543616,         0,         0,    42.9,decoder_by_matrix,560c721f87db01d4cacf7dcb7d8812fecde61e9e7776d4b9e1b1a792578ecad7,"{""distance"":3,""physical_error_rate"":5e-06}","{""detection_events"":1830,""detectors_checked"":137355264}"
   2829312,         0,         0,    42.4,decoder_by_matrix,e9839e3017c9ef118c4b8aeafef39e78c11ecbdb89764e9ca676a7dc2fb6d062,"{""distance"":3,""physical_error_rate"":1e-06}","{""detection_events"":483,""detectors_checked"":152782848}"
   1399808,         0,         0,    43.9,decoder_by_matrix,36e3cd26fed5ec7649ec51fb08c1a5e7d7f30e615782d954fee045c18a4962ca,"{""distance"":3,""physical_error_rate"":5e-05}","{""detection_events"":10209,""detectors_checked"":75589632}"
   2238464,         0,         0,    43.2,decoder_by_matrix,e25b8d07214a8afb95d354611a83b9bb1ded39644e323a8585b3aabf687a4fff,"{""distance"":3,""physical_error_rate"":1e-05}","{""detection_events"":3012,""detectors_checked"":120877056}"
   2257920,         0,         0,    43.1,decoder_by_matrix,e25b8d07214a8afb95d354611a83b9bb1ded39644e323a8585b3aabf687a4fff,"{""distance"":3,""physical_error_rate"":1e-05}","{""detection_events"":3066,""detectors_checked"":121927680}"
   1016832,        76,         0,    44.1,decoder_by_matrix,f854eed952f7ffb52e4f578393718ba880ba0930c78fe51d50828fe06a713055,"{""distance"":3,""physical_error_rate"":0.001}","{""detection_events"":147762,""detectors_checked"":54908928,""obs_mistake_mask=E"":76}"
   1173504,         0,         0,    44.1,decoder_by_matrix,beec9fd12293a9cfe53c9b61fb8ce2a525e4eed38fa75d132d6dc64699336876,"{""distance"":3,""physical_error_rate"":0.0001}","{""detection_events"":17427,""detectors_checked"":63369216}"
   2556928,         0,         0,    43.3,decoder_by_matrix,560c721f87db01d4cacf7dcb7d8812fecde61e9e7776d4b9e1b1a792578ecad7,"{""distance"":3,""physical_error_rate"":5e-06}","{""detection_events"":1794,""detectors_checked"":138074112}"
   2864128,         0,         0,    42.6,decoder_by_matrix,e9839e3017c9ef118c4b8aeafef39e78c11ecbdb89764e9ca676a7dc2fb6d062,"{""distance"":3,""physical_error_rate"":1e-06}","{""detection_events"":363,""detectors_checked"":154662912}"
   2844672,         0,         0,    42.7,decoder_by_matrix,e9839e3017c9ef118c4b8aeafef39e78c11ecbdb89764e9ca676a7dc2fb6d062,"{""distance"":3,""physical_error_rate"":1e-06}","{""detection_events"":480,""detectors_checked"":153612288}"
   1054720,        20,         0,    44.1,decoder_by_matrix,5c8c81bfec719079c388cedc47a351f264c1bf769ae28a89f9b4fc7719fea501,"{""distance"":3,""physical_error_rate"":0.0005}","{""detection_events"":76896,""detectors_checked"":56954880,""obs_mistake_mask=E"":20}"
   1016832,        77,         0,    44.3,decoder_by_matrix,f854eed952f7ffb52e4f578393718ba880ba0930c78fe51d50828fe06a713055,"{""distance"":3,""physical_error_rate"":0.001}","{""detection_events"":147696,""detectors_checked"":54908928,""obs_mistake_mask=E"":77}"
   1156096,         1,         0,    44.0,decoder_by_matrix,beec9fd12293a9cfe53c9b61fb8ce2a525e4eed38fa75d132d6dc64699336876,"{""distance"":3,""physical_error_rate"":0.0001}","{""detection_events"":16614,""detectors_checked"":62429184,""obs_mistake_mask=E"":1}"
   1055744,        26,         0,    44.3,decoder_by_matrix,5c8c81bfec719079c388cedc47a351f264c1bf769ae28a89f9b4fc7719fea501,"{""distance"":3,""physical_error_rate"":0.0005}","{""detection_events"":77082,""detectors_checked"":57010176,""obs_mistake_mask=E"":26}"
   1376256,         0,         0,    43.7,decoder_by_matrix,36e3cd26fed5ec7649ec51fb08c1a5e7d7f30e615782d954fee045c18a4962ca,"{""distance"":3,""physical_error_rate"":5e-05}","{""detection_events"":10200,""detectors_checked"":74317824}"
   2516992,         0,         0,    42.8,decoder_by_matrix,560c721f87db01d4cacf7dcb7d8812fecde61e9e7776d4b9e1b1a792578ecad7,"{""distance"":3,""physical_error_rate"":5e-06}","{""detection_events"":1944,""detectors_checked"":135917568}"
   1016832,        69,         0,    43.9,decoder_by_matrix,f854eed952f7ffb52e4f578393718ba880ba0930c78fe51d50828fe06a713055,"{""distance"":3,""physical_error_rate"":0.001}","{""detection_events"":148614,""detectors_checked"":54908928,""obs_mistake_mask=E"":69}"
   2269184,         0,         0,    42.9,decoder_by_matrix,e25b8d07214a8afb95d354611a83b9bb1ded39644e323a8585b3aabf687a4fff,"{""distance"":3,""physical_error_rate"":1e-05}","{""detection_events"":3039,""detectors_checked"":122535936}"
   1405952,         0,         0,    43.7,decoder_by_matrix,36e3cd26fed5ec7649ec51fb08c1a5e7d7f30e615782d954fee045c18a4962ca,"{""distance"":3,""physical_error_rate"":5e-05}","{""detection_events"":10161,""detectors_checked"":75921408}"
   1162240,         1,         0,    44.1,decoder_by_matrix,beec9fd12293a9cfe53c9b61fb8ce2a525e4eed38fa75d132d6dc64699336876,"{""distance"":3,""physical_error_rate"":0.0001}","{""detection_events"":16842,""detectors_checked"":62760960,""obs_mistake_mask=E"":1}"
   1013760,        79,         0,    44.2,decoder_by_matrix,f854eed952f7ffb52e4f578393718ba880ba0930c78fe51d50828fe06a713055,"{""distance"":3,""physical_error_rate"":0.001}","{""detection_events"":148452,""detectors_checked"":54743040,""obs_mistake_mask=E"":79}"
   1050624,        18,         0,    44.2,decoder_by_matrix,5c8c81bfec719079c388cedc47a351f264c1bf769ae28a89f9b4fc7719fea501,"{""distance"":3,""physical_error_rate"":0.0005}","{""detection_events"":75027,""detectors_checked"":56733696,""obs_mistake_mask=E"":18}"
   1048576,        25,         0,    44.2,decoder_by_matrix,5c8c81bfec719079c388cedc47a351f264c1bf769ae28a89f9b4fc7719fea501,"{""distance"":3,""physical_error_rate"":0.0005}","{""detection_events"":75969,""detectors_checked"":56623104,""obs_mistake_mask=E"":25}"
   1166336,         1,         0,    44.5,decoder_by_matrix,beec9fd12293a9cfe53c9b61fb8ce2a525e4eed38fa75d132d6dc64699336876,"{""distance"":3,""physical_error_rate"":0.0001}","{""detection_events"":17127,""detectors_checked"":62982144,""obs_mistake_mask=E"":1}"
   1157120,         0,         0,    22.6,decoder_by_matrix,e25b8d07214a8afb95d354611a83b9bb1ded39644e323a8585b3aabf687a4fff,"{""distance"":3,""physical_error_rate"":1e-05}","{""detection_events"":1590,""detectors_checked"":62484480}"
   1458176,         0,         0,    21.4,decoder_by_matrix,e9839e3017c9ef118c4b8aeafef39e78c11ecbdb89764e9ca676a7dc2fb6d062,"{""distance"":3,""physical_error_rate"":1e-06}","{""detection_events"":198,""detectors_checked"":78741504}"
   1268736,         0,         0,    22.3,decoder_by_matrix,560c721f87db01d4cacf7dcb7d8812fecde61e9e7776d4b9e1b1a792578ecad7,"{""distance"":3,""physical_error_rate"":5e-06}","{""detection_events"":1002,""detectors_checked"":68511744}"
    714752,         0,         0,    22.2,decoder_by_matrix,36e3cd26fed5ec7649ec51fb08c1a5e7d7f30e615782d954fee045c18a4962ca,"{""distance"":3,""physical_error_rate"":5e-05}","{""detection_events"":5244,""detectors_checked"":38596608}"
   2509824,         0,         0,    42.9,decoder_by_matrix,560c721f87db01d4cacf7dcb7d8812fecde61e9e7776d4b9e1b1a792578ecad7,"{""distance"":3,""physical_error_rate"":5e-06}","{""detection_events"":1992,""detectors_checked"":135530496}"
   2286592,         0,         0,    42.8,decoder_by_matrix,e25b8d07214a8afb95d354611a83b9bb1ded39644e323a8585b3aabf687a4fff,"{""distance"":3,""physical_error_rate"":1e-05}","{""detection_events"":3012,""detectors_checked"":123475968}"
   2841600,         0,         0,    42.6,decoder_by_matrix,e9839e3017c9ef118c4b8aeafef39e78c11ecbdb89764e9ca676a7dc2fb6d062,"{""distance"":3,""physical_error_rate"":1e-06}","{""detection_events"":477,""detectors_checked"":153446400}"
   1398784,         0,         0,    44.1,decoder_by_matrix,36e3cd26fed5ec7649ec51fb08c1a5e7d7f30e615782d954fee045c18a4962ca,"{""distance"":3,""physical_error_rate"":5e-05}","{""detection_events"":10062,""detectors_checked"":75534336}"
   1579008,         0,         0,    30.5,decoder_by_matrix,e25b8d07214a8afb95d354611a83b9bb1ded39644e323a8585b3aabf687a4fff,"{""distance"":3,""physical_error_rate"":1e-05}","{""detection_events"":2376,""detectors_checked"":85266432}"
   1812480,         0,         0,    30.2,decoder_by_matrix,560c721f87db01d4cacf7dcb7d8812fecde61e9e7776d4b9e1b1a792578ecad7,"{""distance"":3,""physical_error_rate"":5e-06}","{""detection_events"":1254,""detectors_checked"":97873920}"
   2026496,         0,         0,    30.6,decoder_by_matrix,e9839e3017c9ef118c4b8aeafef39e78c11ecbdb89764e9ca676a7dc2fb6d062,"{""distance"":3,""physical_error_rate"":1e-06}","{""detection_events"":336,""detectors_checked"":109430784}"
    990208,         0,         0,    31.0,decoder_by_matrix,36e3cd26fed5ec7649ec51fb08c1a5e7d7f30e615782d954fee045c18a4962ca,"{""distance"":3,""physical_error_rate"":5e-05}","{""detection_events"":7485,""detectors_checked"":53471232}"
   3518464,         0,         0,    58.6,decoder_by_matrix,560c721f87db01d4cacf7dcb7d8812fecde61e9e7776d4b9e1b1a792578ecad7,"{""distance"":3,""physical_error_rate"":5e-06}","{""detection_events"":2526,""detectors_checked"":189997056}"
   3969024,         0,         0,    59.8,decoder_by_matrix,e9839e3017c9ef118c4b8aeafef39e78c11ecbdb89764e9ca676a7dc2fb6d062,"{""distance"":3,""physical_error_rate"":1e-06}","{""detection_events"":597,""detectors_checked"":214327296}"
   1963008,         0,         0,    61.7,decoder_by_matrix,36e3cd26fed5ec7649ec51fb08c1a5e7d7f30e615782d954fee045c18a4962ca,"{""distance"":3,""physical_error_rate"":5e-05}","{""detection_events"":14667,""detectors_checked"":106002432}"
   3192832,         0,         0,    60.2,decoder_by_matrix,e25b8d07214a8afb95d354611a83b9bb1ded39644e323a8585b3aabf687a4fff,"{""distance"":3,""physical_error_rate"":1e-05}","{""detection_events"":4251,""detectors_checked"":172412928}"
   3095552,         0,         0,    60.9,decoder_by_matrix,e25b8d07214a8afb95d354611a83b9bb1ded39644e323a8585b3aabf687a4fff,"{""distance"":3,""physical_error_rate"":1e-05}","{""detection_events"":5022,""detectors_checked"":167159808}"
   1422336,       110,         0,    61.2,decoder_by_matrix,f854eed952f7ffb52e4f578393718ba880ba0930c78fe51d50828fe06a713055,"{""distance"":3,""physical_error_rate"":0.001}","{""detection_events"":204693,""detectors_checked"":76806144,""obs_mistake_mask=E"":110}"
   3986432,         0,         0,    59.7,decoder_by_matrix,e9839e3017c9ef118c4b8aeafef39e78c11ecbdb89764e9ca676a7dc2fb6d062,"{""distance"":3,""physical_error_rate"":1e-06}","{""detection_events"":696,""detectors_checked"":215267328}"
   1645568,         0,         0,    61.2,decoder_by_matrix,beec9fd12293a9cfe53c9b61fb8ce2a525e4eed38fa75d132d6dc64699336876,"{""distance"":3,""physical_error_rate"":0.0001}","{""detection_events"":24177,""detectors_checked"":88860672}"
   1422336,       130,         0,    61.6,decoder_by_matrix,f854eed952f7ffb52e4f578393718ba880ba0930c78fe51d50828fe06a713055,"{""distance"":3,""physical_error_rate"":0.001}","{""detection_events"":205983,""detectors_checked"":76806144,""obs_mistake_mask=E"":130}"
   3511296,         0,         0,    60.4,decoder_by_matrix,560c721f87db01d4cacf7dcb7d8812fecde61e9e7776d4b9e1b1a792578ecad7,"{""distance"":3,""physical_error_rate"":5e-06}","{""detection_events"":2640,""detectors_checked"":189609984}"
   1475584,        26,         0,    61.7,decoder_by_matrix,5c8c81bfec719079c388cedc47a351f264c1bf769ae28a89f9b4fc7719fea501,"{""distance"":3,""physical_error_rate"":0.0005}","{""detection_events"":107772,""detectors_checked"":79681536,""obs_mistake_mask=E"":26}"
   4013056,         0,         0,    61.0,decoder_by_matrix,e9839e3017c9ef118c4b8aeafef39e78c11ecbdb89764e9ca676a7dc2fb6d062,"{""distance"":3,""physical_error_rate"":1e-06}","{""detection_events"":558,""detectors_checked"":216705024}"
   1938432,         0,         0,    61.2,decoder_by_matrix,36e3cd26fed5ec7649ec51fb08c1a5e7d7f30e615782d954fee045c18a4962ca,"{""distance"":3,""physical_error_rate"":5e-05}","{""detection_events"":14493,""detectors_checked"":104675328}"
   1605632,         1,         0,    61.0,decoder_by_matrix,beec9fd12293a9cfe53c9b61fb8ce2a525e4eed38fa75d132d6dc64699336876,"{""distance"":3,""physical_error_rate"":0.0001}","{""detection_events"":23520,""detectors_checked"":86704128,""obs_mistake_mask=E"":1}"
   1478656,        22,         0,    62.0,decoder_by_matrix,5c8c81bfec719079c388cedc47a351f264c1bf769ae28a89f9b4fc7719fea501,"{""distance"":3,""physical_error_rate"":0.0005}","{""detection_events"":107088,""detectors_checked"":79847424,""obs_mistake_mask=E"":22}"
   3506176,         0,         0,    61.1,decoder_by_matrix,560c721f87db01d4cacf7dcb7d8812fecde61e9e7776d4b9e1b1a792578ecad7,"{""distance"":3,""physical_error_rate"":5e-06}","{""detection_events"":2790,""detectors_checked"":189333504}"
   1420288,        96,         0,    61.6,decoder_by_matrix,f854eed952f7ffb52e4f578393718ba880ba0930c78fe51d50828fe06a713055,"{""distance"":3,""physical_error_rate"":0.001}","{""detection_events"":209610,""detectors_checked"":76695552,""obs_mistake_mask=E"":96}"
   3092480,         0,         0,    60.1,decoder_by_matrix,e25b8d07214a8afb95d354611a83b9bb1ded39644e323a8585b3aabf687a4fff,"{""distance"":3,""physical_error_rate"":1e-05}","{""detection_events"":4812,""detectors_checked"":166993920}"
   1626112,         1,         0,    61.6,decoder_by_matrix,beec9fd12293a9cfe53c9b61fb8ce2a525e4eed38fa75d132d6dc64699336876,"{""distance"":3,""physical_error_rate"":0.0001}","{""detection_events"":23262,""detectors_checked"":87810048,""obs_mistake_mask=E"":1}"
   1945600,         0,         0,    61.8,decoder_by_matrix,36e3cd26fed5ec7649ec51fb08c1a5e7d7f30e615782d954fee045c18a4962ca,"{""distance"":3,""physical_error_rate"":5e-05}","{""detection_events"":14427,""detectors_checked"":105062400}"
   1421312,        88,         0,    61.8,decoder_by_matrix,f854eed952f7ffb52e4f578393718ba880ba0930c78fe51d50828fe06a713055,"{""distance"":3,""physical_error_rate"":0.001}","{""detection_events"":205233,""detectors_checked"":76750848,""obs_mistake_mask=E"":88}"
   1470464,        34,         0,    61.3,decoder_by_matrix,5c8c81bfec719079c388cedc47a351f264c1bf769ae28a89f9b4fc7719fea501,"{""distance"":3,""physical_error_rate"":0.0005}","{""detection_events"":107076,""detectors_checked"":79405056,""obs_mistake_mask=E"":34}"
   1473536,        22,         0,    61.9,decoder_by_matrix,5c8c81bfec719079c388cedc47a351f264c1bf769ae28a89f9b4fc7719fea501,"{""distance"":3,""physical_error_rate"":0.0005}","{""detection_events"":106932,""detectors_checked"":79570944,""obs_mistake_mask=E"":22}"
   1638400,         1,         0,    61.8,decoder_by_matrix,beec9fd12293a9cfe53c9b61fb8ce2a525e4eed38fa75d132d6dc64699336876,"{""distance"":3,""physical_error_rate"":0.0001}","{""detection_events"":23595,""detectors_checked"":88473600,""obs_mistake_mask=E"":1}"
   2249728,         0,         0,    43.2,decoder_by_matrix,e25b8d07214a8afb95d354611a83b9bb1ded39644e323a8585b3aabf687a4fff,"{""distance"":3,""physical_error_rate"":1e-05}","{""detection_events"":3072,""detectors_checked"":121485312}"
   2531328,         0,         0,    42.9,decoder_by_matrix,560c721f87db01d4cacf7dcb7d8812fecde61e9e7776d4b9e1b1a792578ecad7,"{""distance"":3,""physical_error_rate"":5e-06}","{""detection_events"":1728,""detectors_checked"":136691712}"
   2862080,         0,         0,    43.5,decoder_by_matrix,e9839e3017c9ef118c4b8aeafef39e78c11ecbdb89764e9ca676a7dc2fb6d062,"{""distance"":3,""physical_error_rate"":1e-06}","{""detection_events"":357,""detectors_checked"":154552320}"
   1409024,         0,         0,    44.0,decoder_by_matrix,36e3cd26fed5ec7649ec51fb08c1a5e7d7f30e615782d954fee045c18a4962ca,"{""distance"":3,""physical_error_rate"":5e-05}","{""detection_events"":10179,""detectors_checked"":76087296}"
   3506176,         0,         0,    60.0,decoder_by_matrix,560c721f87db01d4cacf7dcb7d8812fecde61e9e7776d4b9e1b1a792578ecad7,"{""distance"":3,""physical_error_rate"":5e-06}","{""detection_events"":2595,""detectors_checked"":189333504}"
   3122176,         0,         0,    60.3,decoder_by_matrix,e25b8d07214a8afb95d354611a83b9bb1ded39644e323a8585b3aabf687a4fff,"{""distance"":3,""physical_error_rate"":1e-05}","{""detection_events"":4650,""detectors_checked"":168597504}"
   4002816,         0,         0,    59.9,decoder_by_matrix,e9839e3017c9ef118c4b8aeafef39e78c11ecbdb89764e9ca676a7dc2fb6d062,"{""distance"":3,""physical_error_rate"":1e-06}","{""detection_events"":594,""detectors_checked"":216152064}"
   1950720,         0,         0,    61.6,decoder_by_matrix,36e3cd26fed5ec7649ec51fb08c1a5e7d7f30e615782d954fee045c18a4962ca,"{""distance"":3,""physical_error_rate"":5e-05}","{""detection_events"":14298,""detectors_checked"":105338880}"
   3121152,         0,         0,    61.8,decoder_by_matrix,e25b8d07214a8afb95d354611a83b9bb1ded39644e323a8585b3aabf687a4fff,"{""distance"":3,""physical_error_rate"":1e-05}","{""detection_events"":4557,""detectors_checked"":168542208}"
   3548160,         0,         0,    59.6,decoder_by_matrix,560c721f87db01d4cacf7dcb7d8812fecde61e9e7776d4b9e1b1a792578ecad7,"{""distance"":3,""physical_error_rate"":5e-06}","{""detection_events"":2550,""detectors_checked"":191600640}"
   1972224,         1,         0,    61.9,decoder_by_matrix,36e3cd26fed5ec7649ec51fb08c1a5e7d7f30e615782d954fee045c18a4962ca,"{""distance"":3,""physical_error_rate"":5e-05}","{""detection_events"":14103,""detectors_checked"":106500096,""obs_mistake_mask=E"":1}"
   3998720,         0,         0,    60.5,decoder_by_matrix,e9839e3017c9ef118c4b8aeafef39e78c11ecbdb89764e9ca676a7dc2fb6d062,"{""distance"":3,""physical_error_rate"":1e-06}","{""detection_events"":591,""detectors_checked"":215930880}"
   4910080,         0,         0,    84.7,decoder_by_matrix,560c721f87db01d4cacf7dcb7d8812fecde61e9e7776d4b9e1b1a792578ecad7,"{""distance"":3,""physical_error_rate"":5e-06}","{""detection_events"":3921,""detectors_checked"":265144320}"
   5567488,         0,         0,    84.2,decoder_by_matrix,e9839e3017c9ef118c4b8aeafef39e78c11ecbdb89764e9ca676a7dc2fb6d062,"{""distance"":3,""physical_error_rate"":1e-06}","{""detection_events"":816,""detectors_checked"":300644352}"
   2770944,         0,         0,    86.4,decoder_by_matrix,36e3cd26fed5ec7649ec51fb08c1a5e7d7f30e615782d954fee045c18a4962ca,"{""distance"":3,""physical_error_rate"":5e-05}","{""detection_events"":20241,""detectors_checked"":149630976}"
   4330496,         0,         0,    85.1,decoder_by_matrix,e25b8d07214a8afb95d354611a83b9bb1ded39644e323a8585b3aabf687a4fff,"{""distance"":3,""physical_error_rate"":1e-05}","{""detection_events"":6636,""detectors_checked"":233846784}"
   1987584,       130,         0,    86.1,decoder_by_matrix,f854eed952f7ffb52e4f578393718ba880ba0930c78fe51d50828fe06a713055,"{""distance"":3,""physical_error_rate"":0.001}","{""detection_events"":292122,""detectors_checked"":107329536,""obs_mistake_mask=E"":130}"
   1985536,       172,         0,    86.9,decoder_by_matrix,f854eed952f7ffb52e4f578393718ba880ba0930c78fe51d50828fe06a713055,"{""distance"":3,""physical_error_rate"":0.001}","{""detection_events"":292740,""detectors_checked"":107218944,""obs_mistake_mask=E"":172}"
   4397056,         0,         0,    85.7,decoder_by_matrix,e25b8d07214a8afb95d354611a83b9bb1ded39644e323a8585b3aabf687a4fff,"{""distance"":3,""physical_error_rate"":1e-05}","{""detection_events"":6273,""detectors_checked"":237441024}"
   2063360,        53,         0,    87.0,decoder_by_matrix,5c8c81bfec719079c388cedc47a351f264c1bf769ae28a89f9b4fc7719fea501,"{""distance"":3,""physical_error_rate"":0.0005}","{""detection_events"":149802,""detectors_checked"":111421440,""obs_mistake_mask=E"":53}"
   4958208,         0,         0,    84.7,decoder_by_matrix,560c721f87db01d4cacf7dcb7d8812fecde61e9e7776d4b9e1b1a792578ecad7,"{""distance"":3,""physical_error_rate"":5e-06}","{""detection_events"":3444,""detectors_checked"":267743232}"
   2311168,         2,         0,    86.3,decoder_by_matrix,beec9fd12293a9cfe53c9b61fb8ce2a525e4eed38fa75d132d6dc64699336876,"{""distance"":3,""physical_error_rate"":0.0001}","{""detection_events"":33510,""detectors_checked"":124803072,""obs_mistake_mask=E"":2}"
   5560320,         0,         0,    83.8,decoder_by_matrix,e9839e3017c9ef118c4b8aeafef39e78c11ecbdb89764e9ca676a7dc2fb6d062,"{""distance"":3,""physical_error_rate"":1e-06}","{""detection_events"":1005,""detectors_checked"":300257280}"
   5587968,         0,         0,    83.6,decoder_by_matrix,e9839e3017c9ef118c4b8aeafef39e78c11ecbdb89764e9ca676a7dc2fb6d062,"{""distance"":3,""physical_error_rate"":1e-06}","{""detection_events"":828,""detectors_checked"":301750272}"
   2262016,         1,         0,    86.1,decoder_by_matrix,beec9fd12293a9cfe53c9b61fb8ce2a525e4eed38fa75d132d6dc64699336876,"{""distance"":3,""physical_error_rate"":0.0001}","{""detection_events"":33279,""detectors_checked"":122148864,""obs_mistake_mask=E"":1}"
   2744320,         0,         0,    86.4,decoder_by_matrix,36e3cd26fed5ec7649ec51fb08c1a5e7d7f30e615782d954fee045c18a4962ca,"{""distance"":3,""physical_error_rate"":5e-05}","{""detection_events"":20025,""detectors_checked"":148193280}"
   2068480,        30,         0,    86.3,decoder_by_matrix,5c8c81bfec719079c388cedc47a351f264c1bf769ae28a89f9b4fc7719fea501,"{""distance"":3,""physical_error_rate"":0.0005}","{""detection_events"":149607,""detectors_checked"":111697920,""obs_mistake_mask=E"":30}"
   4934656,         0,         0,    83.2,decoder_by_matrix,560c721f87db01d4cacf7dcb7d8812fecde61e9e7776d4b9e1b1a792578ecad7,"{""distance"":3,""physical_error_rate"":5e-06}","{""detection_events"":3684,""detectors_checked"":266471424}"
   1992704,       133,         0,    86.9,decoder_by_matrix,f854eed952f7ffb52e4f578393718ba880ba0930c78fe51d50828fe06a713055,"{""distance"":3,""physical_error_rate"":0.001}","{""detection_events"":289092,""detectors_checked"":107606016,""obs_mistake_mask=E"":133}"
   4326400,         0,         0,    84.3,decoder_by_matrix,e25b8d07214a8afb95d354611a83b9bb1ded39644e323a8585b3aabf687a4fff,"{""distance"":3,""physical_error_rate"":1e-05}","{""detection_events"":6756,""detectors_checked"":233625600}"
   2264064,         2,         0,    86.3,decoder_by_matrix,beec9fd12293a9cfe53c9b61fb8ce2a525e4eed38fa75d132d6dc64699336876,"{""distance"":3,""physical_error_rate"":0.0001}","{""detection_events"":32880,""detectors_checked"":122259456,""obs_mistake_mask=E"":2}"
   1989632,       137,         0,    85.8,decoder_by_matrix,f854eed952f7ffb52e4f578393718ba880ba0930c78fe51d50828fe06a713055,"{""distance"":3,""physical_error_rate"":0.001}","{""detection_events"":291555,""detectors_checked"":107440128,""obs_mistake_mask=E"":137}"
   2719744,         0,         0,    85.5,decoder_by_matrix,36e3cd26fed5ec7649ec51fb08c1a5e7d7f30e615782d954fee045c18a4962ca,"{""distance"":3,""physical_error_rate"":5e-05}","{""detection_events"":20535,""detectors_checked"":146866176}"
   2060288,        30,         0,    86.7,decoder_by_matrix,5c8c81bfec719079c388cedc47a351f264c1bf769ae28a89f9b4fc7719fea501,"{""distance"":3,""physical_error_rate"":0.0005}","{""detection_events"":151287,""detectors_checked"":111255552,""obs_mistake_mask=E"":30}"
   2061312,        41,         0,    86.9,decoder_by_matrix,5c8c81bfec719079c388cedc47a351f264c1bf769ae28a89f9b4fc7719fea501,"{""distance"":3,""physical_error_rate"":0.0005}","{""detection_events"":150024,""detectors_checked"":111310848,""obs_mistake_mask=E"":41}"
   2304000,         2,         0,    86.4,decoder_by_matrix,beec9fd12293a9cfe53c9b61fb8ce2a525e4eed38fa75d132d6dc64699336876,"{""distance"":3,""physical_error_rate"":0.0001}","{""detection_events"":33255,""detectors_checked"":124416000,""obs_mistake_mask=E"":2}"
   4921344,         0,         0,    84.3,decoder_by_matrix,560c721f87db01d4cacf7dcb7d8812fecde61e9e7776d4b9e1b1a792578ecad7,"{""distance"":3,""physical_error_rate"":5e-06}","{""detection_events"":3729,""detectors_checked"":265752576}"
   4306944,         0,         0,    85.4,decoder_by_matrix,e25b8d07214a8afb95d354611a83b9bb1ded39644e323a8585b3aabf687a4fff,"{""distance"":3,""physical_error_rate"":1e-05}","{""detection_events"":6735,""detectors_checked"":232574976}"
   5599232,         0,         0,    83.1,decoder_by_matrix,e9839e3017c9ef118c4b8aeafef39e78c11ecbdb89764e9ca676a7dc2fb6d062,"{""distance"":3,""physical_error_rate"":1e-06}","{""detection_events"":822,""detectors_checked"":302358528}"
   2742272,         1,         0,    87.3,decoder_by_matrix,36e3cd26fed5ec7649ec51fb08c1a5e7d7f30e615782d954fee045c18a4962ca,"{""distance"":3,""physical_error_rate"":5e-05}","{""detection_events"":19899,""detectors_checked"":148082688,""obs_mistake_mask=E"":1}"
   4339712,         0,         0,    86.0,decoder_by_matrix,e25b8d07214a8afb95d354611a83b9bb1ded39644e323a8585b3aabf687a4fff,"{""distance"":3,""physical_error_rate"":1e-05}","{""detection_events"":6660,""detectors_checked"":234344448}"
   4904960,         0,         0,    84.3,decoder_by_matrix,560c721f87db01d4cacf7dcb7d8812fecde61e9e7776d4b9e1b1a792578ecad7,"{""distance"":3,""physical_error_rate"":5e-06}","{""detection_events"":3702,""detectors_checked"":264867840}"
   2728960,         1,         0,    85.9,decoder_by_matrix,36e3cd26fed5ec7649ec51fb08c1a5e7d7f30e615782d954fee045c18a4962ca,"{""distance"":3,""physical_error_rate"":5e-05}","{""detection_events"":20661,""detectors_checked"":147363840,""obs_mistake_mask=E"":1}"
   5577728,         0,         0,    84.1,decoder_by_matrix,e9839e3017c9ef118c4b8aeafef39e78c11ecbdb89764e9ca676a7dc2fb6d062,"{""distance"":3,""physical_error_rate"":1e-06}","{""detection_events"":888,""detectors_checked"":301197312}"
   6762496,         0,         0,   114.6,decoder_by_matrix,560c721f87db01d4cacf7dcb7d8812fecde61e9e7776d4b9e1b1a792578ecad7,"{""distance"":3,""physical_error_rate"":5e-06}","{""detection_events"":5043,""detectors_checked"":365174784}"
   7547904,         0,         0,   114.3,decoder_by_matrix,e9839e3017c9ef118c4b8aeafef39e78c11ecbdb89764e9ca676a7dc2fb6d062,"{""distance"":3,""physical_error_rate"":1e-06}","{""detection_events"":1242,""detectors_checked"":407586816}"
   5932032,         0,         0,   115.2,decoder_by_matrix,e25b8d07214a8afb95d354611a83b9bb1ded39644e323a8585b3aabf687a4fff,"{""distance"":3,""physical_error_rate"":1e-05}","{""detection_events"":8874,""detectors_checked"":320329728}"
   3715072,         0,         0,   116.5,decoder_by_matrix,36e3cd26fed5ec7649ec51fb08c1a5e7d7f30e615782d954fee045c18a4962ca,"{""distance"":3,""physical_error_rate"":5e-05}","{""detection_events"":27852,""detectors_checked"":200613888}"
   2806784,        60,         0,   117.6,decoder_by_matrix,5c8c81bfec719079c388cedc47a351f264c1bf769ae28a89f9b4fc7719fea501,"{""distance"":3,""physical_error_rate"":0.0005}","{""detection_events"":205716,""detectors_checked"":151566336,""obs_mistake_mask=E"":60}"
   2706432,       173,         0,   117.9,decoder_by_matrix,f854eed952f7ffb52e4f578393718ba880ba0930c78fe51d50828fe06a713055,"{""distance"":3,""physical_error_rate"":0.001}","{""detection_events"":394980,""detectors_checked"":146147328,""obs_mistake_mask=E"":173}"
   6733824,         0,         0,   114.4,decoder_by_matrix,560c721f87db01d4cacf7dcb7d8812fecde61e9e7776d4b9e1b1a792578ecad7,"{""distance"":3,""physical_error_rate"":5e-06}","{""detection_events"":4659,""detectors_checked"":363626496}"
   2708480,       212,         0,   117.8,decoder_by_matrix,f854eed952f7ffb52e4f578393718ba880ba0930c78fe51d50828fe06a713055,"{""distance"":3,""physical_error_rate"":0.001}","{""detection_events"":395694,""detectors_checked"":146257920,""obs_mistake_mask=E"":212}"
   5894144,         0,         0,   115.6,decoder_by_matrix,e25b8d07214a8afb95d354611a83b9bb1ded39644e323a8585b3aabf687a4fff,"{""distance"":3,""physical_error_rate"":1e-05}","{""detection_events"":9204,""detectors_checked"":318283776}"
   7601152,         0,         0,   115.3,decoder_by_matrix,e9839e3017c9ef118c4b8aeafef39e78c11ecbdb89764e9ca676a7dc2fb6d062,"{""distance"":3,""physical_error_rate"":1e-06}","{""detection_events"":1119,""detectors_checked"":410462208}"
   7604224,         0,         0,   113.9,decoder_by_matrix,e9839e3017c9ef118c4b8aeafef39e78c11ecbdb89764e9ca676a7dc2fb6d062,"{""distance"":3,""physical_error_rate"":1e-06}","{""detection_events"":1134,""detectors_checked"":410628096}"
   3132416,         1,         0,   118.0,decoder_by_matrix,beec9fd12293a9cfe53c9b61fb8ce2a525e4eed38fa75d132d6dc64699336876,"{""distance"":3,""physical_error_rate"":0.0001}","{""detection_events"":46053,""detectors_checked"":169150464,""obs_mistake_mask=E"":1}"
   3681280,         0,         0,   116.6,decoder_by_matrix,36e3cd26fed5ec7649ec51fb08c1a5e7d7f30e615782d954fee045c18a4962ca,"{""distance"":3,""physical_error_rate"":5e-05}","{""detection_events"":27258,""detectors_checked"":198789120}"
   3060736,         3,         0,   117.9,decoder_by_matrix,beec9fd12293a9cfe53c9b61fb8ce2a525e4eed38fa75d132d6dc64699336876,"{""distance"":3,""physical_error_rate"":0.0001}","{""detection_events"":44907,""detectors_checked"":165279744,""obs_mistake_mask=E"":3}"
   2813952,        61,         0,   117.1,decoder_by_matrix,5c8c81bfec719079c388cedc47a351f264c1bf769ae28a89f9b4fc7719fea501,"{""distance"":3,""physical_error_rate"":0.0005}","{""detection_events"":203097,""detectors_checked"":151953408,""obs_mistake_mask=E"":61}"
   6769664,         0,         0,   115.0,decoder_by_matrix,560c721f87db01d4cacf7dcb7d8812fecde61e9e7776d4b9e1b1a792578ecad7,"{""distance"":3,""physical_error_rate"":5e-06}","{""detection_events"":4905,""detectors_checked"":365561856}"
   2711552,       176,         0,   117.7,decoder_by_matrix,f854eed952f7ffb52e4f578393718ba880ba0930c78fe51d50828fe06a713055,"{""distance"":3,""physical_error_rate"":0.001}","{""detection_events"":394305,""detectors_checked"":146423808,""obs_mistake_mask=E"":176}"
   5895168,         0,         0,   116.1,decoder_by_matrix,e25b8d07214a8afb95d354611a83b9bb1ded39644e323a8585b3aabf687a4fff,"{""distance"":3,""physical_error_rate"":1e-05}","{""detection_events"":8649,""detectors_checked"":318339072}"
   3099648,         1,         0,   117.1,decoder_by_matrix,beec9fd12293a9cfe53c9b61fb8ce2a525e4eed38fa75d132d6dc64699336876,"{""distance"":3,""physical_error_rate"":0.0001}","{""detection_events"":44052,""detectors_checked"":167380992,""obs_mistake_mask=E"":1}"
   2705408,       208,         0,   117.5,decoder_by_matrix,f854eed952f7ffb52e4f578393718ba880ba0930c78fe51d50828fe06a713055,"{""distance"":3,""physical_error_rate"":0.001}","{""detection_events"":391674,""detectors_checked"":146092032,""obs_mistake_mask=E"":208}"
   3749888,         1,         0,   117.8,decoder_by_matrix,36e3cd26fed5ec7649ec51fb08c1a5e7d7f30e615782d954fee045c18a4962ca,"{""distance"":3,""physical_error_rate"":5e-05}","{""detection_events"":26559,""detectors_checked"":202493952,""obs_mistake_mask=E"":1}"
   2802688,        42,         0,   117.3,decoder_by_matrix,5c8c81bfec719079c388cedc47a351f264c1bf769ae28a89f9b4fc7719fea501,"{""distance"":3,""physical_error_rate"":0.0005}","{""detection_events"":202605,""detectors_checked"":151345152,""obs_mistake_mask=E"":42}"
   3130368,         4,         0,   117.8,decoder_by_matrix,beec9fd12293a9cfe53c9b61fb8ce2a525e4eed38fa75d132d6dc64699336876,"{""distance"":3,""physical_error_rate"":0.0001}","{""detection_events"":45576,""detectors_checked"":169039872,""obs_mistake_mask=E"":4}"
   2800640,        48,         0,   118.1,decoder_by_matrix,5c8c81bfec719079c388cedc47a351f264c1bf769ae28a89f9b4fc7719fea501,"{""distance"":3,""physical_error_rate"":0.0005}","{""detection_events"":204855,""detectors_checked"":151234560,""obs_mistake_mask=E"":48}"
   6732800,         0,         0,   115.8,decoder_by_matrix,560c721f87db01d4cacf7dcb7d8812fecde61e9e7776d4b9e1b1a792578ecad7,"{""distance"":3,""physical_error_rate"":5e-06}","{""detection_events"":4962,""detectors_checked"":363571200}"
   5941248,         0,         0,   116.1,decoder_by_matrix,e25b8d07214a8afb95d354611a83b9bb1ded39644e323a8585b3aabf687a4fff,"{""distance"":3,""physical_error_rate"":1e-05}","{""detection_events"":8745,""detectors_checked"":320827392}"
   7592960,         0,         0,   114.4,decoder_by_matrix,e9839e3017c9ef118c4b8aeafef39e78c11ecbdb89764e9ca676a7dc2fb6d062,"{""distance"":3,""physical_error_rate"":1e-06}","{""detection_events"":1185,""detectors_checked"":410019840}"
   3720192,         1,         0,   117.5,decoder_by_matrix,36e3cd26fed5ec7649ec51fb08c1a5e7d7f30e615782d954fee045c18a4962ca,"{""distance"":3,""physical_error_rate"":5e-05}","{""detection_events"":27747,""detectors_checked"":200890368,""obs_mistake_mask=E"":1}"
   6697984,         0,         0,   115.1,decoder_by_matrix,560c721f87db01d4cacf7dcb7d8812fecde61e9e7776d4b9e1b1a792578ecad7,"{""distance"":3,""physical_error_rate"":5e-06}","{""detection_events"":4968,""detectors_checked"":361691136}"
   5981184,         0,         0,   115.7,decoder_by_matrix,e25b8d07214a8afb95d354611a83b9bb1ded39644e323a8585b3aabf687a4fff,"{""distance"":3,""physical_error_rate"":1e-05}","{""detection_events"":8766,""detectors_checked"":322983936}"
   3698688,         0,         0,   116.4,decoder_by_matrix,36e3cd26fed5ec7649ec51fb08c1a5e7d7f30e615782d954fee045c18a4962ca,"{""distance"":3,""physical_error_rate"":5e-05}","{""detection_events"":28131,""detectors_checked"":199729152}"
   7598080,         0,         0,   112.9,decoder_by_matrix,e9839e3017c9ef118c4b8aeafef39e78c11ecbdb89764e9ca676a7dc2fb6d062,"{""distance"":3,""physical_error_rate"":1e-06}","{""detection_events"":1053,""detectors_checked"":410296320}"
   6751232,         0,         0,   114.8,decoder_by_matrix,560c721f87db01d4cacf7dcb7d8812fecde61e9e7776d4b9e1b1a792578ecad7,"{""distance"":3,""physical_error_rate"":5e-06}","{""detection_events"":4941,""detectors_checked"":364566528}"
   7573504,         0,         0,   114.8,decoder_by_matrix,e9839e3017c9ef118c4b8aeafef39e78c11ecbdb89764e9ca676a7dc2fb6d062,"{""distance"":3,""physical_error_rate"":1e-06}","{""detection_events"":1203,""detectors_checked"":408969216}"
   5924864,         0,         0,   115.8,decoder_by_matrix,e25b8d07214a8afb95d354611a83b9bb1ded39644e323a8585b3aabf687a4fff,"{""distance"":3,""physical_error_rate"":1e-05}","{""detection_events"":8631,""detectors_checked"":319942656}"
   2808832,        46,         0,   116.7,decoder_by_matrix,5c8c81bfec719079c388cedc47a351f264c1bf769ae28a89f9b4fc7719fea501,"{""distance"":3,""physical_error_rate"":0.0005}","{""detection_events"":204252,""detectors_checked"":151676928,""obs_mistake_mask=E"":46}"
   3730432,         1,         0,   117.9,decoder_by_matrix,36e3cd26fed5ec7649ec51fb08c1a5e7d7f30e615782d954fee045c18a4962ca,"{""distance"":3,""physical_error_rate"":5e-05}","{""detection_events"":27858,""detectors_checked"":201443328,""obs_mistake_mask=E"":1}"
   2704384,       187,         0,   117.4,decoder_by_matrix,f854eed952f7ffb52e4f578393718ba880ba0930c78fe51d50828fe06a713055,"{""distance"":3,""physical_error_rate"":0.001}","{""detection_events"":393273,""detectors_checked"":146036736,""obs_mistake_mask=E"":187}"
   6010880,         0,         0,   116.0,decoder_by_matrix,e25b8d07214a8afb95d354611a83b9bb1ded39644e323a8585b3aabf687a4fff,"{""distance"":3,""physical_error_rate"":1e-05}","{""detection_events"":8622,""detectors_checked"":324587520}"
   2706432,       179,         0,   116.7,decoder_by_matrix,f854eed952f7ffb52e4f578393718ba880ba0930c78fe51d50828fe06a713055,"{""distance"":3,""physical_error_rate"":0.001}","{""detection_events"":393027,""detectors_checked"":146147328,""obs_mistake_mask=E"":179}"
   6788096,         0,         0,   114.7,decoder_by_matrix,560c721f87db01d4cacf7dcb7d8812fecde61e9e7776d4b9e1b1a792578ecad7,"{""distance"":3,""physical_error_rate"":5e-06}","{""detection_events"":4623,""detectors_checked"":366557184}"
   7619584,         0,         0,   113.7,decoder_by_matrix,e9839e3017c9ef118c4b8aeafef39e78c11ecbdb89764e9ca676a7dc2fb6d062,"{""distance"":3,""physical_error_rate"":1e-06}","{""detection_events"":1113,""detectors_checked"":411457536}"
   7606272,         0,         0,   115.2,decoder_by_matrix,e9839e3017c9ef118c4b8aeafef39e78c11ecbdb89764e9ca676a7dc2fb6d062,"{""distance"":3,""physical_error_rate"":1e-06}","{""detection_events"":1128,""detectors_checked"":410738688}"
   3142656,         2,         0,   117.6,decoder_by_matrix,beec9fd12293a9cfe53c9b61fb8ce2a525e4eed38fa75d132d6dc64699336876,"{""distance"":3,""physical_error_rate"":0.0001}","{""detection_events"":44499,""detectors_checked"":169703424,""obs_mistake_mask=E"":2}"
   3712000,         2,         0,   115.6,decoder_by_matrix,36e3cd26fed5ec7649ec51fb08c1a5e7d7f30e615782d954fee045c18a4962ca,"{""distance"":3,""physical_error_rate"":5e-05}","{""detection_events"":26907,""detectors_checked"":200448000,""obs_mistake_mask=E"":2}"
   3023872,         2,         0,   117.2,decoder_by_matrix,beec9fd12293a9cfe53c9b61fb8ce2a525e4eed38fa75d132d6dc64699336876,"{""distance"":3,""physical_error_rate"":0.0001}","{""detection_events"":44181,""detectors_checked"":163289088,""obs_mistake_mask=E"":2}"
   2813952,        50,         0,   117.4,decoder_by_matrix,5c8c81bfec719079c388cedc47a351f264c1bf769ae28a89f9b4fc7719fea501,"{""distance"":3,""physical_error_rate"":0.0005}","{""detection_events"":203745,""detectors_checked"":151953408,""obs_mistake_mask=E"":50}"
   6740992,         0,         0,   114.2,decoder_by_matrix,560c721f87db01d4cacf7dcb7d8812fecde61e9e7776d4b9e1b1a792578ecad7,"{""distance"":3,""physical_error_rate"":5e-06}","{""detection_events"":4965,""detectors_checked"":364013568}"
   5971968,         0,         0,   116.0,decoder_by_matrix,e25b8d07214a8afb95d354611a83b9bb1ded39644e323a8585b3aabf687a4fff,"{""distance"":3,""physical_error_rate"":1e-05}","{""detection_events"":8307,""detectors_checked"":322486272}"
   2708480,       193,         0,   117.5,decoder_by_matrix,f854eed952f7ffb52e4f578393718ba880ba0930c78fe51d50828fe06a713055,"{""distance"":3,""physical_error_rate"":0.001}","{""detection_events"":396294,""detectors_checked"":146257920,""obs_mistake_mask=E"":193}"
   3101696,         1,         0,   117.9,decoder_by_matrix,beec9fd12293a9cfe53c9b61fb8ce2a525e4eed38fa75d132d6dc64699336876,"{""distance"":3,""physical_error_rate"":0.0001}","{""detection_events"":44295,""detectors_checked"":167491584,""obs_mistake_mask=E"":1}"
   2705408,       169,         0,   117.5,decoder_by_matrix,f854eed952f7ffb52e4f578393718ba880ba0930c78fe51d50828fe06a713055,"{""distance"":3,""physical_error_rate"":0.001}","{""detection_events"":397029,""detectors_checked"":146092032,""obs_mistake_mask=E"":169}"
   3766272,         0,         0,   117.0,decoder_by_matrix,36e3cd26fed5ec7649ec51fb08c1a5e7d7f30e615782d954fee045c18a4962ca,"{""distance"":3,""physical_error_rate"":5e-05}","{""detection_events"":27168,""detectors_checked"":203378688}"
   2802688,        47,         0,   117.4,decoder_by_matrix,5c8c81bfec719079c388cedc47a351f264c1bf769ae28a89f9b4fc7719fea501,"{""distance"":3,""physical_error_rate"":0.0005}","{""detection_events"":205482,""detectors_checked"":151345152,""obs_mistake_mask=E"":47}"
   2799616,        56,         0,   117.1,decoder_by_matrix,5c8c81bfec719079c388cedc47a351f264c1bf769ae28a89f9b4fc7719fea501,"{""distance"":3,""physical_error_rate"":0.0005}","{""detection_events"":203253,""detectors_checked"":151179264,""obs_mistake_mask=E"":56}"
   3137536,         1,         0,   118.4,decoder_by_matrix,beec9fd12293a9cfe53c9b61fb8ce2a525e4eed38fa75d132d6dc64699336876,"{""distance"":3,""physical_error_rate"":0.0001}","{""detection_events"":46335,""detectors_checked"":169426944,""obs_mistake_mask=E"":1}"
   6725632,         0,         0,   114.9,decoder_by_matrix,560c721f87db01d4cacf7dcb7d8812fecde61e9e7776d4b9e1b1a792578ecad7,"{""distance"":3,""physical_error_rate"":5e-06}","{""detection_events"":4884,""detectors_checked"":363184128}"
   5989376,         0,         0,   115.2,decoder_by_matrix,e25b8d07214a8afb95d354611a83b9bb1ded39644e323a8585b3aabf687a4fff,"{""distance"":3,""physical_error_rate"":1e-05}","{""detection_events"":8649,""detectors_checked"":323426304}"
   7644160,         0,         0,   112.5,decoder_by_matrix,e9839e3017c9ef118c4b8aeafef39e78c11ecbdb89764e9ca676a7dc2fb6d062,"{""distance"":3,""physical_error_rate"":1e-06}","{""detection_events"":1002,""detectors_checked"":412784640}"
   3713024,         1,         0,   116.6,decoder_by_matrix,36e3cd26fed5ec7649ec51fb08c1a5e7d7f30e615782d954fee045c18a4962ca,"{""distance"":3,""physical_error_rate"":5e-05}","{""detection_events"":27258,""detectors_checked"":200503296,""obs_mistake_mask=E"":1}"
   5943296,         0,         0,   116.0,decoder_by_matrix,e25b8d07214a8afb95d354611a83b9bb1ded39644e323a8585b3aabf687a4fff,"{""distance"":3,""physical_error_rate"":1e-05}","{""detection_events"":8865,""detectors_checked"":320937984}"
   6699008,         0,         0,   114.8,decoder_by_matrix,560c721f87db01d4cacf7dcb7d8812fecde61e9e7776d4b9e1b1a792578ecad7,"{""distance"":3,""physical_error_rate"":5e-06}","{""detection_events"":4890,""detectors_checked"":361746432}"
   3718144,         0,         0,   117.3,decoder_by_matrix,36e3cd26fed5ec7649ec51fb08c1a5e7d7f30e615782d954fee045c18a4962ca,"{""distance"":3,""physical_error_rate"":5e-05}","{""detection_events"":27900,""detectors_checked"":200779776}"
   7592960,         0,         0,   113.0,decoder_by_matrix,e9839e3017c9ef118c4b8aeafef39e78c11ecbdb89764e9ca676a7dc2fb6d062,"{""distance"":3,""physical_error_rate"":1e-06}","{""detection_events"":1080,""detectors_checked"":410019840}"
   6771712,         0,         0,   115.7,decoder_by_matrix,560c721f87db01d4cacf7dcb7d8812fecde61e9e7776d4b9e1b1a792578ecad7,"{""distance"":3,""physical_error_rate"":5e-06}","{""detection_events"":4764,""detectors_checked"":365672448}"
   7538688,         0,         0,   114.0,decoder_by_matrix,e9839e3017c9ef118c4b8aeafef39e78c11ecbdb89764e9ca676a7dc2fb6d062,"{""distance"":3,""physical_error_rate"":1e-06}","{""detection_events"":1263,""detectors_checked"":407089152}"
   2809856,        52,         0,   116.8,decoder_by_matrix,5c8c81bfec719079c388cedc47a351f264c1bf769ae28a89f9b4fc7719fea501,"{""distance"":3,""physical_error_rate"":0.0005}","{""detection_events"":204075,""detectors_checked"":151732224,""obs_mistake_mask=E"":52}"
   5969920,         0,         0,   115.4,decoder_by_matrix,e25b8d07214a8afb95d354611a83b9bb1ded39644e323a8585b3aabf687a4fff,"{""distance"":3,""physical_error_rate"":1e-05}","{""detection_events"":8625,""detectors_checked"":322375680}"
   3763200,         0,         0,   116.9,decoder_by_matrix,36e3cd26fed5ec7649ec51fb08c1a5e7d7f30e615782d954fee045c18a4962ca,"{""distance"":3,""physical_error_rate"":5e-05}","{""detection_events"":27348,""detectors_checked"":203212800}"
   2708480,       192,         0,   117.5,decoder_by_matrix,f854eed952f7ffb52e4f578393718ba880ba0930c78fe51d50828fe06a713055,"{""distance"":3,""physical_error_rate"":0.001}","{""detection_events"":392490,""detectors_checked"":146257920,""obs_mistake_mask=E"":192}"
   7563264,         0,         0,   114.3,decoder_by_matrix,e9839e3017c9ef118c4b8aeafef39e78c11ecbdb89764e9ca676a7dc2fb6d062,"{""distance"":3,""physical_error_rate"":1e-06}","{""detection_events"":1332,""detectors_checked"":408416256}"
   2707456,       175,         0,   117.2,decoder_by_matrix,f854eed952f7ffb52e4f578393718ba880ba0930c78fe51d50828fe06a713055,"{""distance"":3,""physical_error_rate"":0.001}","{""detection_events"":394407,""detectors_checked"":146202624,""obs_mistake_mask=E"":175}"
   6723584,         0,         0,   116.2,decoder_by_matrix,560c721f87db01d4cacf7dcb7d8812fecde61e9e7776d4b9e1b1a792578ecad7,"{""distance"":3,""physical_error_rate"":5e-06}","{""detection_events"":5028,""detectors_checked"":363073536}"
   5944320,         0,         0,   116.2,decoder_by_matrix,e25b8d07214a8afb95d354611a83b9bb1ded39644e323a8585b3aabf687a4fff,"{""distance"":3,""physical_error_rate"":1e-05}","{""detection_events"":8895,""detectors_checked"":320993280}"
   7598080,         0,         0,   115.2,decoder_by_matrix,e9839e3017c9ef118c4b8aeafef39e78c11ecbdb89764e9ca676a7dc2fb6d062,"{""distance"":3,""physical_error_rate"":1e-06}","{""detection_events"":1143,""detectors_checked"":410296320}"
   3137536,         2,         0,   118.1,decoder_by_matrix,beec9fd12293a9cfe53c9b61fb8ce2a525e4eed38fa75d132d6dc64699336876,"{""distance"":3,""physical_error_rate"":0.0001}","{""detection_events"":45816,""detectors_checked"":169426944,""obs_mistake_mask=E"":2}"
   3741696,         1,         0,   117.0,decoder_by_matrix,36e3cd26fed5ec7649ec51fb08c1a5e7d7f30e615782d954fee045c18a4962ca,"{""distance"":3,""physical_error_rate"":5e-05}","{""detection_events"":26337,""detectors_checked"":202051584,""obs_mistake_mask=E"":1}"
   2816000,        48,         0,   116.4,decoder_by_matrix,5c8c81bfec719079c388cedc47a351f264c1bf769ae28a89f9b4fc7719fea501,"{""distance"":3,""physical_error_rate"":0.0005}","{""detection_events"":204855,""detectors_checked"":152064000,""obs_mistake_mask=E"":48}"
   3099648,         3,         0,   117.3,decoder_by_matrix,beec9fd12293a9cfe53c9b61fb8ce2a525e4eed38fa75d132d6dc64699336876,"{""distance"":3,""physical_error_rate"":0.0001}","{""detection_events"":44736,""detectors_checked"":167380992,""obs_mistake_mask=E"":3}"
   6686720,         0,         0,   115.1,decoder_by_matrix,560c721f87db01d4cacf7dcb7d8812fecde61e9e7776d4b9e1b1a792578ecad7,"{""distance"":3,""physical_error_rate"":5e-06}","{""detection_events"":4989,""detectors_checked"":361082880}"
   5988352,         0,         0,   115.8,decoder_by_matrix,e25b8d07214a8afb95d354611a83b9bb1ded39644e323a8585b3aabf687a4fff,"{""distance"":3,""physical_error_rate"":1e-05}","{""detection_events"":8535,""detectors_checked"":323371008}"
   2710528,       163,         0,   116.9,decoder_by_matrix,f854eed952f7ffb52e4f578393718ba880ba0930c78fe51d50828fe06a713055,"{""distance"":3,""physical_error_rate"":0.001}","{""detection_events"":394020,""detectors_checked"":146368512,""obs_mistake_mask=E"":163}"
   3088384,         1,         0,   118.2,decoder_by_matrix,beec9fd12293a9cfe53c9b61fb8ce2a525e4eed38fa75d132d6dc64699336876,"{""distance"":3,""physical_error_rate"":0.0001}","{""detection_events"":43812,""detectors_checked"":166772736,""obs_mistake_mask=E"":1}"
   3763200,         2,         0,   117.4,decoder_by_matrix,36e3cd26fed5ec7649ec51fb08c1a5e7d7f30e615782d954fee045c18a4962ca,"{""distance"":3,""physical_error_rate"":5e-05}","{""detection_events"":27045,""detectors_checked"":203212800,""obs_mistake_mask=E"":2}"
   2708480,       185,         0,   118.1,decoder_by_matrix,f854eed952f7ffb52e4f578393718ba880ba0930c78fe51d50828fe06a713055,"{""distance"":3,""physical_error_rate"":0.001}","{""detection_events"":393792,""detectors_checked"":146257920,""obs_mistake_mask=E"":185}"
   2801664,        47,         0,   117.8,decoder_by_matrix,5c8c81bfec719079c388cedc47a351f264c1bf769ae28a89f9b4fc7719fea501,"{""distance"":3,""physical_error_rate"":0.0005}","{""detection_events"":202980,""detectors_checked"":151289856,""obs_mistake_mask=E"":47}"
   3141632,         1,         0,   116.5,decoder_by_matrix,beec9fd12293a9cfe53c9b61fb8ce2a525e4eed38fa75d132d6dc64699336876,"{""distance"":3,""physical_error_rate"":0.0001}","{""detection_events"":44505,""detectors_checked"":169648128,""obs_mistake_mask=E"":1}"
   2801664,        49,         0,   117.7,decoder_by_matrix,5c8c81bfec719079c388cedc47a351f264c1bf769ae28a89f9b4fc7719fea501,"{""distance"":3,""physical_error_rate"":0.0005}","{""detection_events"":205755,""detectors_checked"":151289856,""obs_mistake_mask=E"":49}"
   6700032,         0,         0,   114.3,decoder_by_matrix,560c721f87db01d4cacf7dcb7d8812fecde61e9e7776d4b9e1b1a792578ecad7,"{""distance"":3,""physical_error_rate"":5e-06}","{""detection_events"":5040,""detectors_checked"":361801728}"
   5915648,         0,         0,   114.4,decoder_by_matrix,e25b8d07214a8afb95d354611a83b9bb1ded39644e323a8585b3aabf687a4fff,"{""distance"":3,""physical_error_rate"":1e-05}","{""detection_events"":8643,""detectors_checked"":319444992}"
   7623680,         0,         0,   113.8,decoder_by_matrix,e9839e3017c9ef118c4b8aeafef39e78c11ecbdb89764e9ca676a7dc2fb6d062,"{""distance"":3,""physical_error_rate"":1e-06}","{""detection_events"":1032,""detectors_checked"":411678720}"
   3731456,         1,         0,   118.0,decoder_by_matrix,36e3cd26fed5ec7649ec51fb08c1a5e7d7f30e615782d954fee045c18a4962ca,"{""distance"":3,""physical_error_rate"":5e-05}","{""detection_events"":27960,""detectors_checked"":201498624,""obs_mistake_mask=E"":1}"
   5947392,         0,         0,   113.9,decoder_by_matrix,e25b8d07214a8afb95d354611a83b9bb1ded39644e323a8585b3aabf687a4fff,"{""distance"":3,""physical_error_rate"":1e-05}","{""detection_events"":8907,""detectors_checked"":321159168}"
   6629376,         0,         0,   114.6,decoder_by_matrix,560c721f87db01d4cacf7dcb7d8812fecde61e9e7776d4b9e1b1a792578ecad7,"{""distance"":3,""physical_error_rate"":5e-06}","{""detection_events"":5244,""detectors_checked"":357986304}"
   3677184,         0,         0,   117.2,decoder_by_matrix,36e3cd26fed5ec7649ec51fb08c1a5e7d7f30e615782d954fee045c18a4962ca,"{""distance"":3,""physical_error_rate"":5e-05}","{""detection_events"":27408,""detectors_checked"":198567936}"
   7583744,         0,         0,   113.4,decoder_by_matrix,e9839e3017c9ef118c4b8aeafef39e78c11ecbdb89764e9ca676a7dc2fb6d062,"{""distance"":3,""physical_error_rate"":1e-06}","{""detection_events"":1101,""detectors_checked"":409522176}"
   7580672,         0,         0,   113.5,decoder_by_matrix,e9839e3017c9ef118c4b8aeafef39e78c11ecbdb89764e9ca676a7dc2fb6d062,"{""distance"":3,""physical_error_rate"":1e-06}","{""detection_events"":1236,""detectors_checked"":409356288}"
   6827008,         0,         0,   113.4,decoder_by_matrix,560c721f87db01d4cacf7dcb7d8812fecde61e9e7776d4b9e1b1a792578ecad7,"{""distance"":3,""physical_error_rate"":5e-06}","{""detection_events"":4620,""detectors_checked"":368658432}"
   5916672,         0,         0,   115.0,decoder_by_matrix,e25b8d07214a8afb95d354611a83b9bb1ded39644e323a8585b3aabf687a4fff,"{""distance"":3,""physical_error_rate"":1e-05}","{""detection_events"":9042,""detectors_checked"":319500288}"
   2811904,        44,         0,   117.9,decoder_by_matrix,5c8c81bfec719079c388cedc47a351f264c1bf769ae28a89f9b4fc7719fea501,"{""distance"":3,""physical_error_rate"":0.0005}","{""detection_events"":201807,""detectors_checked"":151842816,""obs_mistake_mask=E"":44}"
   2705408,       183,         0,   118.2,decoder_by_matrix,f854eed952f7ffb52e4f578393718ba880ba0930c78fe51d50828fe06a713055,"{""distance"":3,""physical_error_rate"":0.001}","{""detection_events"":394113,""detectors_checked"":146092032,""obs_mistake_mask=E"":183}"
   3721216,         1,         0,   116.6,decoder_by_matrix,36e3cd26fed5ec7649ec51fb08c1a5e7d7f30e615782d954fee045c18a4962ca,"{""distance"":3,""physical_error_rate"":5e-05}","{""detection_events"":27423,""detectors_checked"":200945664,""obs_mistake_mask=E"":1}"
   2705408,       172,         0,   117.6,decoder_by_matrix,f854eed952f7ffb52e4f578393718ba880ba0930c78fe51d50828fe06a713055,"{""distance"":3,""physical_error_rate"":0.001}","{""detection_events"":397128,""detectors_checked"":146092032,""obs_mistake_mask=E"":172}"
   7565312,         0,         0,   112.8,decoder_by_matrix,e9839e3017c9ef118c4b8aeafef39e78c11ecbdb89764e9ca676a7dc2fb6d062,"{""distance"":3,""physical_error_rate"":1e-06}","{""detection_events"":1227,""detectors_checked"":408526848}"
   5900288,         0,         0,   114.6,decoder_by_matrix,e25b8d07214a8afb95d354611a83b9bb1ded39644e323a8585b3aabf687a4fff,"{""distance"":3,""physical_error_rate"":1e-05}","{""detection_events"":9135,""detectors_checked"":318615552}"
   7584768,         0,         0,   115.3,decoder_by_matrix,e9839e3017c9ef118c4b8aeafef39e78c11ecbdb89764e9ca676a7dc2fb6d062,"{""distance"":3,""physical_error_rate"":1e-06}","{""detection_events"":1161,""detectors_checked"":409577472}"
   6753280,         0,         0,   114.2,decoder_by_matrix,560c721f87db01d4cacf7dcb7d8812fecde61e9e7776d4b9e1b1a792578ecad7,"{""distance"":3,""physical_error_rate"":5e-06}","{""detection_events"":4827,""detectors_checked"":364677120}"
   3733504,         0,         0,   118.0,decoder_by_matrix,36e3cd26fed5ec7649ec51fb08c1a5e7d7f30e615782d954fee045c18a4962ca,"{""distance"":3,""physical_error_rate"":5e-05}","{""detection_events"":27546,""detectors_checked"":201609216}"
   3147776,         2,         0,   117.1,decoder_by_matrix,beec9fd12293a9cfe53c9b61fb8ce2a525e4eed38fa75d132d6dc64699336876,"{""distance"":3,""physical_error_rate"":0.0001}","{""detection_events"":45738,""detectors_checked"":169979904,""obs_mistake_mask=E"":2}"
   2813952,        62,         0,   117.0,decoder_by_matrix,5c8c81bfec719079c388cedc47a351f264c1bf769ae28a89f9b4fc7719fea501,"{""distance"":3,""physical_error_rate"":0.0005}","{""detection_events"":205908,""detectors_checked"":151953408,""obs_mistake_mask=E"":62}"
   3039232,         3,         0,   117.4,decoder_by_matrix,beec9fd12293a9cfe53c9b61fb8ce2a525e4eed38fa75d132d6dc64699336876,"{""distance"":3,""physical_error_rate"":0.0001}","{""detection_events"":44631,""detectors_checked"":164118528,""obs_mistake_mask=E"":3}"
   6735872,         0,         0,   115.2,decoder_by_matrix,560c721f87db01d4cacf7dcb7d8812fecde61e9e7776d4b9e1b1a792578ecad7,"{""distance"":3,""physical_error_rate"":5e-06}","{""detection_events"":4899,""detectors_checked"":363737088}"
   5914624,         0,         0,   116.1,decoder_by_matrix,e25b8d07214a8afb95d354611a83b9bb1ded39644e323a8585b3aabf687a4fff,"{""distance"":3,""physical_error_rate"":1e-05}","{""detection_events"":8925,""detectors_checked"":319389696}"
   2707456,       175,         0,   116.8,decoder_by_matrix,f854eed952f7ffb52e4f578393718ba880ba0930c78fe51d50828fe06a713055,"{""distance"":3,""physical_error_rate"":0.001}","{""detection_events"":397371,""detectors_checked"":146202624,""obs_mistake_mask=E"":175}"
   3096576,         3,         0,   116.4,decoder_by_matrix,beec9fd12293a9cfe53c9b61fb8ce2a525e4eed38fa75d132d6dc64699336876,"{""distance"":3,""physical_error_rate"":0.0001}","{""detection_events"":44709,""detectors_checked"":167215104,""obs_mistake_mask=E"":3}"
   3717120,         0,         0,   117.4,decoder_by_matrix,36e3cd26fed5ec7649ec51fb08c1a5e7d7f30e615782d954fee045c18a4962ca,"{""distance"":3,""physical_error_rate"":5e-05}","{""detection_events"":27981,""detectors_checked"":200724480}"
   2708480,       189,         0,   117.1,decoder_by_matrix,f854eed952f7ffb52e4f578393718ba880ba0930c78fe51d50828fe06a713055,"{""distance"":3,""physical_error_rate"":0.001}","{""detection_events"":395619,""detectors_checked"":146257920,""obs_mistake_mask=E"":189}"
   2798592,        50,         0,   117.1,decoder_by_matrix,5c8c81bfec719079c388cedc47a351f264c1bf769ae28a89f9b4fc7719fea501,"{""distance"":3,""physical_error_rate"":0.0005}","{""detection_events"":204636,""detectors_checked"":151123968,""obs_mistake_mask=E"":50}"
   3130368,         4,         0,   117.3,decoder_by_matrix,beec9fd12293a9cfe53c9b61fb8ce2a525e4eed38fa75d132d6dc64699336876,"{""distance"":3,""physical_error_rate"":0.0001}","{""detection_events"":45636,""detectors_checked"":169039872,""obs_mistake_mask=E"":4}"
   2800640,        60,         0,   118.3,decoder_by_matrix,5c8c81bfec719079c388cedc47a351f264c1bf769ae28a89f9b4fc7719fea501,"{""distance"":3,""physical_error_rate"":0.0005}","{""detection_events"":205809,""detectors_checked"":151234560,""obs_mistake_mask=E"":60}"
   6727680,         1,         0,   114.5,decoder_by_matrix,560c721f87db01d4cacf7dcb7d8812fecde61e9e7776d4b9e1b1a792578ecad7,"{""distance"":3,""physical_error_rate"":5e-06}","{""detection_events"":4920,""detectors_checked"":363294720,""obs_mistake_mask=E"":1}"
   5945344,         0,         0,   115.5,decoder_by_matrix,e25b8d07214a8afb95d354611a83b9bb1ded39644e323a8585b3aabf687a4fff,"{""distance"":3,""physical_error_rate"":1e-05}","{""detection_events"":8685,""detectors_checked"":321048576}"
   7647232,         0,         0,   116.4,decoder_by_matrix,e9839e3017c9ef118c4b8aeafef39e78c11ecbdb89764e9ca676a7dc2fb6d062,"{""distance"":3,""physical_error_rate"":1e-06}","{""detection_events"":1074,""detectors_checked"":412950528}"
   3689472,         1,         0,   117.4,decoder_by_matrix,36e3cd26fed5ec7649ec51fb08c1a5e7d7f30e615782d954fee045c18a4962ca,"{""distance"":3,""physical_error_rate"":5e-05}","{""detection_events"":27093,""detectors_checked"":199231488,""obs_mistake_mask=E"":1}"
   5912576,         0,         0,   115.3,decoder_by_matrix,e25b8d07214a8afb95d354611a83b9bb1ded39644e323a8585b3aabf687a4fff,"{""distance"":3,""physical_error_rate"":1e-05}","{""detection_events"":8970,""detectors_checked"":319279104}"
   6728704,         0,         0,   115.3,decoder_by_matrix,560c721f87db01d4cacf7dcb7d8812fecde61e9e7776d4b9e1b1a792578ecad7,"{""distance"":3,""physical_error_rate"":5e-06}","{""detection_events"":4992,""detectors_checked"":363350016}"
   3760128,         0,         0,   117.2,decoder_by_matrix,36e3cd26fed5ec7649ec51fb08c1a5e7d7f30e615782d954fee045c18a4962ca,"{""distance"":3,""physical_error_rate"":5e-05}","{""detection_events"":26847,""detectors_checked"":203046912}"
   7644160,         0,         0,   113.3,decoder_by_matrix,e9839e3017c9ef118c4b8aeafef39e78c11ecbdb89764e9ca676a7dc2fb6d062,"{""distance"":3,""physical_error_rate"":1e-06}","{""detection_events"":894,""detectors_checked"":412784640}"
   7561216,         0,         0,   112.6,decoder_by_matrix,e9839e3017c9ef118c4b8aeafef39e78c11ecbdb89764e9ca676a7dc2fb6d062,"{""distance"":3,""physical_error_rate"":1e-06}","{""detection_events"":1194,""detectors_checked"":408305664}"
   6762496,         0,         0,   115.5,decoder_by_matrix,560c721f87db01d4cacf7dcb7d8812fecde61e9e7776d4b9e1b1a792578ecad7,"{""distance"":3,""physical_error_rate"":5e-06}","{""detection_events"":4710,""detectors_checked"":365174784}"
   5957632,         0,         0,   115.2,decoder_by_matrix,e25b8d07214a8afb95d354611a83b9bb1ded39644e323a8585b3aabf687a4fff,"{""distance"":3,""physical_error_rate"":1e-05}","{""detection_events"":8868,""detectors_checked"":321712128}"
   2704384,       197,         0,   117.7,decoder_by_matrix,f854eed952f7ffb52e4f578393718ba880ba0930c78fe51d50828fe06a713055,"{""distance"":3,""physical_error_rate"":0.001}","{""detection_events"":394602,""detectors_checked"":146036736,""obs_mistake_mask=E"":197}"
   3737600,         1,         0,   116.4,decoder_by_matrix,36e3cd26fed5ec7649ec51fb08c1a5e7d7f30e615782d954fee045c18a4962ca,"{""distance"":3,""physical_error_rate"":5e-05}","{""detection_events"":27354,""detectors_checked"":201830400,""obs_mistake_mask=E"":1}"
   2809856,        49,         0,   117.7,decoder_by_matrix,5c8c81bfec719079c388cedc47a351f264c1bf769ae28a89f9b4fc7719fea501,"{""distance"":3,""physical_error_rate"":0.0005}","{""detection_events"":205233,""detectors_checked"":151732224,""obs_mistake_mask=E"":49}"
   7599104,         0,         0,   114.7,decoder_by_matrix,e9839e3017c9ef118c4b8aeafef39e78c11ecbdb89764e9ca676a7dc2fb6d062,"{""distance"":3,""physical_error_rate"":1e-06}","{""detection_events"":1116,""detectors_checked"":410351616}"
   7596032,         0,         0,   112.8,decoder_by_matrix,e9839e3017c9ef118c4b8aeafef39e78c11ecbdb89764e9ca676a7dc2fb6d062,"{""distance"":3,""physical_error_rate"":1e-06}","{""detection_events"":1143,""detectors_checked"":410185728}"
   2708480,       188,         0,   117.4,decoder_by_matrix,f854eed952f7ffb52e4f578393718ba880ba0930c78fe51d50828fe06a713055,"{""distance"":3,""physical_error_rate"":0.001}","{""detection_events"":390486,""detectors_checked"":146257920,""obs_mistake_mask=E"":188}"
   6778880,         0,         0,   115.2,decoder_by_matrix,560c721f87db01d4cacf7dcb7d8812fecde61e9e7776d4b9e1b1a792578ecad7,"{""distance"":3,""physical_error_rate"":5e-06}","{""detection_events"":4818,""detectors_checked"":366059520}"
   2813952,        51,         0,   117.7,decoder_by_matrix,5c8c81bfec719079c388cedc47a351f264c1bf769ae28a89f9b4fc7719fea501,"{""distance"":3,""physical_error_rate"":0.0005}","{""detection_events"":204441,""detectors_checked"":151953408,""obs_mistake_mask=E"":51}"
   5975040,         0,         0,   114.6,decoder_by_matrix,e25b8d07214a8afb95d354611a83b9bb1ded39644e323a8585b3aabf687a4fff,"{""distance"":3,""physical_error_rate"":1e-05}","{""detection_events"":8637,""detectors_checked"":322652160}"
   3130368,         1,         0,   117.3,decoder_by_matrix,beec9fd12293a9cfe53c9b61fb8ce2a525e4eed38fa75d132d6dc64699336876,"{""distance"":3,""physical_error_rate"":0.0001}","{""detection_events"":45450,""detectors_checked"":169039872,""obs_mistake_mask=E"":1}"
   3699712,         0,         0,   116.5,decoder_by_matrix,36e3cd26fed5ec7649ec51fb08c1a5e7d7f30e615782d954fee045c18a4962ca,"{""distance"":3,""physical_error_rate"":5e-05}","{""detection_events"":27339,""detectors_checked"":199784448}"
   3098624,         3,         0,   117.8,decoder_by_matrix,beec9fd12293a9cfe53c9b61fb8ce2a525e4eed38fa75d132d6dc64699336876,"{""distance"":3,""physical_error_rate"":0.0001}","{""detection_events"":45651,""detectors_checked"":167325696,""obs_mistake_mask=E"":3}"
   6717440,         0,         0,   114.3,decoder_by_matrix,560c721f87db01d4cacf7dcb7d8812fecde61e9e7776d4b9e1b1a792578ecad7,"{""distance"":3,""physical_error_rate"":5e-06}","{""detection_events"":4806,""detectors_checked"":362741760}"
   5952512,         0,         0,   115.5,decoder_by_matrix,e25b8d07214a8afb95d354611a83b9bb1ded39644e323a8585b3aabf687a4fff,"{""distance"":3,""physical_error_rate"":1e-05}","{""detection_events"":8724,""detectors_checked"":321435648}"
   2708480,       219,         0,   117.0,decoder_by_matrix,f854eed952f7ffb52e4f578393718ba880ba0930c78fe51d50828fe06a713055,"{""distance"":3,""physical_error_rate"":0.001}","{""detection_events"":395052,""detectors_checked"":146257920,""obs_mistake_mask=E"":219}"
   3091456,         5,         0,   117.4,decoder_by_matrix,beec9fd12293a9cfe53c9b61fb8ce2a525e4eed38fa75d132d6dc64699336876,"{""distance"":3,""physical_error_rate"":0.0001}","{""detection_events"":45081,""detectors_checked"":166938624,""obs_mistake_mask=E"":5}"
   3742720,         1,         0,   117.7,decoder_by_matrix,36e3cd26fed5ec7649ec51fb08c1a5e7d7f30e615782d954fee045c18a4962ca,"{""distance"":3,""physical_error_rate"":5e-05}","{""detection_events"":27414,""detectors_checked"":202106880,""obs_mistake_mask=E"":1}"
   2707456,       184,         0,   117.3,decoder_by_matrix,f854eed952f7ffb52e4f578393718ba880ba0930c78fe51d50828fe06a713055,"{""distance"":3,""physical_error_rate"":0.001}","{""detection_events"":393876,""detectors_checked"":146202624,""obs_mistake_mask=E"":184}"
   2803712,        54,         0,   118.3,decoder_by_matrix,5c8c81bfec719079c388cedc47a351f264c1bf769ae28a89f9b4fc7719fea501,"{""distance"":3,""physical_error_rate"":0.0005}","{""detection_events"":202815,""detectors_checked"":151400448,""obs_mistake_mask=E"":54}"
   3095552,         3,         0,   117.6,decoder_by_matrix,beec9fd12293a9cfe53c9b61fb8ce2a525e4eed38fa75d132d6dc64699336876,"{""distance"":3,""physical_error_rate"":0.0001}","{""detection_events"":46659,""detectors_checked"":167159808,""obs_mistake_mask=E"":3}"
   2799616,        47,         0,   117.1,decoder_by_matrix,5c8c81bfec719079c388cedc47a351f264c1bf769ae28a89f9b4fc7719fea501,"{""distance"":3,""physical_error_rate"":0.0005}","{""detection_events"":203118,""detectors_checked"":151179264,""obs_mistake_mask=E"":47}"
   6731776,         0,         0,   115.4,decoder_by_matrix,560c721f87db01d4cacf7dcb7d8812fecde61e9e7776d4b9e1b1a792578ecad7,"{""distance"":3,""physical_error_rate"":5e-06}","{""detection_events"":4737,""detectors_checked"":363515904}"
   5957632,         0,         0,   114.9,decoder_by_matrix,e25b8d07214a8afb95d354611a83b9bb1ded39644e323a8585b3aabf687a4fff,"{""distance"":3,""physical_error_rate"":1e-05}","{""detection_events"":8877,""detectors_checked"":321712128}"
   7614464,         0,         0,   114.8,decoder_by_matrix,e9839e3017c9ef118c4b8aeafef39e78c11ecbdb89764e9ca676a7dc2fb6d062,"{""distance"":3,""physical_error_rate"":1e-06}","{""detection_events"":1023,""detectors_checked"":411181056}"
   3715072,         2,         0,   117.6,decoder_by_matrix,36e3cd26fed5ec7649ec51fb08c1a5e7d7f30e615782d954fee045c18a4962ca,"{""distance"":3,""physical_error_rate"":5e-05}","{""detection_events"":27396,""detectors_checked"":200613888,""obs_mistake_mask=E"":2}"
   6045696,         0,         0,   114.7,decoder_by_matrix,e25b8d07214a8afb95d354611a83b9bb1ded39644e323a8585b3aabf687a4fff,"{""distance"":3,""physical_error_rate"":1e-05}","{""detection_events"":8517,""detectors_checked"":326467584}"
   6743040,         0,         0,   115.6,decoder_by_matrix,560c721f87db01d4cacf7dcb7d8812fecde61e9e7776d4b9e1b1a792578ecad7,"{""distance"":3,""physical_error_rate"":5e-06}","{""detection_events"":4758,""detectors_checked"":364124160}"
   3710976,         2,         0,   117.9,decoder_by_matrix,36e3cd26fed5ec7649ec51fb08c1a5e7d7f30e615782d954fee045c18a4962ca,"{""distance"":3,""physical_error_rate"":5e-05}","{""detection_events"":27366,""detectors_checked"":200392704,""obs_mistake_mask=E"":2}"
   7583744,         0,         0,   114.1,decoder_by_matrix,e9839e3017c9ef118c4b8aeafef39e78c11ecbdb89764e9ca676a7dc2fb6d062,"{""distance"":3,""physical_error_rate"":1e-06}","{""detection_events"":1122,""detectors_checked"":409522176}"
   7636992,         0,         0,   114.5,decoder_by_matrix,e9839e3017c9ef118c4b8aeafef39e78c11ecbdb89764e9ca676a7dc2fb6d062,"{""distance"":3,""physical_error_rate"":1e-06}","{""detection_events"":858,""detectors_checked"":412397568}"
   6736896,         0,         0,   114.6,decoder_by_matrix,560c721f87db01d4cacf7dcb7d8812fecde61e9e7776d4b9e1b1a792578ecad7,"{""distance"":3,""physical_error_rate"":5e-06}","{""detection_events"":4959,""detectors_checked"":363792384}"
   5980160,         1,         0,   116.7,decoder_by_matrix,e25b8d07214a8afb95d354611a83b9bb1ded39644e323a8585b3aabf687a4fff,"{""distance"":3,""physical_error_rate"":1e-05}","{""detection_events"":8727,""detectors_checked"":322928640,""obs_mistake_mask=E"":1}"
   3758080,         0,         0,   118.1,decoder_by_matrix,36e3cd26fed5ec7649ec51fb08c1a5e7d7f30e615782d954fee045c18a4962ca,"{""distance"":3,""physical_error_rate"":5e-05}","{""detection_events"":27423,""detectors_checked"":202936320}"
   2703360,       199,         0,   117.2,decoder_by_matrix,f854eed952f7ffb52e4f578393718ba880ba0930c78fe51d50828fe06a713055,"{""distance"":3,""physical_error_rate"":0.001}","{""detection_events"":392361,""detectors_checked"":145981440,""obs_mistake_mask=E"":199}"
   7596032,         0,         0,   114.3,decoder_by_matrix,e9839e3017c9ef118c4b8aeafef39e78c11ecbdb89764e9ca676a7dc2fb6d062,"{""distance"":3,""physical_error_rate"":1e-06}","{""detection_events"":1236,""detectors_checked"":410185728}"
   2807808,        52,         0,   118.1,decoder_by_matrix,5c8c81bfec719079c388cedc47a351f264c1bf769ae28a89f9b4fc7719fea501,"{""distance"":3,""physical_error_rate"":0.0005}","{""detection_events"":204810,""detectors_checked"":151621632,""obs_mistake_mask=E"":52}"
   2708480,       185,         0,   117.8,decoder_by_matrix,f854eed952f7ffb52e4f578393718ba880ba0930c78fe51d50828fe06a713055,"{""distance"":3,""physical_error_rate"":0.001}","{""detection_events"":392877,""detectors_checked"":146257920,""obs_mistake_mask=E"":185}"
   7626752,         0,         0,   113.3,decoder_by_matrix,e9839e3017c9ef118c4b8aeafef39e78c11ecbdb89764e9ca676a7dc2fb6d062,"{""distance"":3,""physical_error_rate"":1e-06}","{""detection_events"":1119,""detectors_checked"":411844608}"
   2812928,        55,         0,   118.1,decoder_by_matrix,5c8c81bfec719079c388cedc47a351f264c1bf769ae28a89f9b4fc7719fea501,"{""distance"":3,""physical_error_rate"":0.0005}","{""detection_events"":207135,""detectors_checked"":151898112,""obs_mistake_mask=E"":55}"
   6712320,         0,         0,   115.7,decoder_by_matrix,560c721f87db01d4cacf7dcb7d8812fecde61e9e7776d4b9e1b1a792578ecad7,"{""distance"":3,""physical_error_rate"":5e-06}","{""detection_events"":5058,""detectors_checked"":362465280}"
   5947392,         0,         0,   113.7,decoder_by_matrix,e25b8d07214a8afb95d354611a83b9bb1ded39644e323a8585b3aabf687a4fff,"{""distance"":3,""physical_error_rate"":1e-05}","{""detection_events"":8844,""detectors_checked"":321159168}"
   3760128,         0,         0,   116.6,decoder_by_matrix,36e3cd26fed5ec7649ec51fb08c1a5e7d7f30e615782d954fee045c18a4962ca,"{""distance"":3,""physical_error_rate"":5e-05}","{""detection_events"":26796,""detectors_checked"":203046912}"
   3128320,         1,         0,   118.0,decoder_by_matrix,beec9fd12293a9cfe53c9b61fb8ce2a525e4eed38fa75d132d6dc64699336876,"{""distance"":3,""physical_error_rate"":0.0001}","{""detection_events"":45978,""detectors_checked"":168929280,""obs_mistake_mask=E"":1}"
   3048448,         3,         0,   117.9,decoder_by_matrix,beec9fd12293a9cfe53c9b61fb8ce2a525e4eed38fa75d132d6dc64699336876,"{""distance"":3,""physical_error_rate"":0.0001}","{""detection_events"":43944,""detectors_checked"":164616192,""obs_mistake_mask=E"":3}"
   5959680,         0,         0,   116.0,decoder_by_matrix,e25b8d07214a8afb95d354611a83b9bb1ded39644e323a8585b3aabf687a4fff,"{""distance"":3,""physical_error_rate"":1e-05}","{""detection_events"":8739,""detectors_checked"":321822720}"
   6735872,         0,         0,   115.2,decoder_by_matrix,560c721f87db01d4cacf7dcb7d8812fecde61e9e7776d4b9e1b1a792578ecad7,"{""distance"":3,""physical_error_rate"":5e-06}","{""detection_events"":4941,""detectors_checked"":363737088}"
   2712576,       180,         0,   117.3,decoder_by_matrix,f854eed952f7ffb52e4f578393718ba880ba0930c78fe51d50828fe06a713055,"{""distance"":3,""physical_error_rate"":0.001}","{""detection_events"":394737,""detectors_checked"":146479104,""obs_mistake_mask=E"":180}"
   3116032,         3,         0,   116.3,decoder_by_matrix,beec9fd12293a9cfe53c9b61fb8ce2a525e4eed38fa75d132d6dc64699336876,"{""distance"":3,""physical_error_rate"":0.0001}","{""detection_events"":45657,""detectors_checked"":168265728,""obs_mistake_mask=E"":3}"
   3729408,         0,         0,   116.8,decoder_by_matrix,36e3cd26fed5ec7649ec51fb08c1a5e7d7f30e615782d954fee045c18a4962ca,"{""distance"":3,""physical_error_rate"":5e-05}","{""detection_events"":26895,""detectors_checked"":201388032}"
   2707456,       187,         0,   117.5,decoder_by_matrix,f854eed952f7ffb52e4f578393718ba880ba0930c78fe51d50828fe06a713055,"{""distance"":3,""physical_error_rate"":0.001}","{""detection_events"":390507,""detectors_checked"":146202624,""obs_mistake_mask=E"":187}"
   3127296,         6,         0,   117.5,decoder_by_matrix,beec9fd12293a9cfe53c9b61fb8ce2a525e4eed38fa75d132d6dc64699336876,"{""distance"":3,""physical_error_rate"":0.0001}","{""detection_events"":45639,""detectors_checked"":168873984,""obs_mistake_mask=E"":6}"
   2801664,        53,         0,   117.4,decoder_by_matrix,5c8c81bfec719079c388cedc47a351f264c1bf769ae28a89f9b4fc7719fea501,"{""distance"":3,""physical_error_rate"":0.0005}","{""detection_events"":204891,""detectors_checked"":151289856,""obs_mistake_mask=E"":53}"
   2801664,        42,         0,   117.2,decoder_by_matrix,5c8c81bfec719079c388cedc47a351f264c1bf769ae28a89f9b4fc7719fea501,"{""distance"":3,""physical_error_rate"":0.0005}","{""detection_events"":205839,""detectors_checked"":151289856,""obs_mistake_mask=E"":42}"
   6759424,         0,         0,   114.6,decoder_by_matrix,560c721f87db01d4cacf7dcb7d8812fecde61e9e7776d4b9e1b1a792578ecad7,"{""distance"":3,""physical_error_rate"":5e-06}","{""detection_events"":4665,""detectors_checked"":365008896}"
   5946368,         0,         0,   114.4,decoder_by_matrix,e25b8d07214a8afb95d354611a83b9bb1ded39644e323a8585b3aabf687a4fff,"{""distance"":3,""physical_error_rate"":1e-05}","{""detection_events"":8274,""detectors_checked"":321103872}"
   7590912,         0,         0,   114.5,decoder_by_matrix,e9839e3017c9ef118c4b8aeafef39e78c11ecbdb89764e9ca676a7dc2fb6d062,"{""distance"":3,""physical_error_rate"":1e-06}","{""detection_events"":1263,""detectors_checked"":409909248}"
   3698688,         1,         0,   116.5,decoder_by_matrix,36e3cd26fed5ec7649ec51fb08c1a5e7d7f30e615782d954fee045c18a4962ca,"{""distance"":3,""physical_error_rate"":5e-05}","{""detection_events"":27639,""detectors_checked"":199729152,""obs_mistake_mask=E"":1}"
   6037504,         0,         0,   115.5,decoder_by_matrix,e25b8d07214a8afb95d354611a83b9bb1ded39644e323a8585b3aabf687a4fff,"{""distance"":3,""physical_error_rate"":1e-05}","{""detection_events"":8487,""detectors_checked"":326025216}"
   6766592,         0,         0,   116.2,decoder_by_matrix,560c721f87db01d4cacf7dcb7d8812fecde61e9e7776d4b9e1b1a792578ecad7,"{""distance"":3,""physical_error_rate"":5e-06}","{""detection_events"":5007,""detectors_checked"":365395968}"
   3806208,         0,         0,   116.6,decoder_by_matrix,36e3cd26fed5ec7649ec51fb08c1a5e7d7f30e615782d954fee045c18a4962ca,"{""distance"":3,""physical_error_rate"":5e-05}","{""detection_events"":26130,""detectors_checked"":205535232}"
   7632896,         0,         0,   114.8,decoder_by_matrix,e9839e3017c9ef118c4b8aeafef39e78c11ecbdb89764e9ca676a7dc2fb6d062,"{""distance"":3,""physical_error_rate"":1e-06}","{""detection_events"":1128,""detectors_checked"":412176384}"
   7682048,         0,         0,   114.3,decoder_by_matrix,e9839e3017c9ef118c4b8aeafef39e78c11ecbdb89764e9ca676a7dc2fb6d062,"{""distance"":3,""physical_error_rate"":1e-06}","{""detection_events"":1065,""detectors_checked"":414830592}"
   6836224,         0,         0,   115.7,decoder_by_matrix,560c721f87db01d4cacf7dcb7d8812fecde61e9e7776d4b9e1b1a792578ecad7,"{""distance"":3,""physical_error_rate"":5e-06}","{""detection_events"":4887,""detectors_checked"":369156096}"
   6059008,         0,         0,   115.0,decoder_by_matrix,e25b8d07214a8afb95d354611a83b9bb1ded39644e323a8585b3aabf687a4fff,"{""distance"":3,""physical_error_rate"":1e-05}","{""detection_events"":8766,""detectors_checked"":327186432}"
   3761152,         3,         0,   117.4,decoder_by_matrix,36e3cd26fed5ec7649ec51fb08c1a5e7d7f30e615782d954fee045c18a4962ca,"{""distance"":3,""physical_error_rate"":5e-05}","{""detection_events"":27675,""detectors_checked"":203102208,""obs_mistake_mask=E"":3}"
   2738176,       161,         0,   118.1,decoder_by_matrix,f854eed952f7ffb52e4f578393718ba880ba0930c78fe51d50828fe06a713055,"{""distance"":3,""physical_error_rate"":0.001}","{""detection_events"":397170,""detectors_checked"":147861504,""obs_mistake_mask=E"":161}"
   7704576,         0,         0,   114.1,decoder_by_matrix,e9839e3017c9ef118c4b8aeafef39e78c11ecbdb89764e9ca676a7dc2fb6d062,"{""distance"":3,""physical_error_rate"":1e-06}","{""detection_events"":1188,""detectors_checked"":416047104}"
   2736128,       183,         0,   117.4,decoder_by_matrix,f854eed952f7ffb52e4f578393718ba880ba0930c78fe51d50828fe06a713055,"{""distance"":3,""physical_error_rate"":0.001}","{""detection_events"":400623,""detectors_checked"":147750912,""obs_mistake_mask=E"":183}"
   2841600,        43,         0,   117.7,decoder_by_matrix,5c8c81bfec719079c388cedc47a351f264c1bf769ae28a89f9b4fc7719fea501,"{""distance"":3,""physical_error_rate"":0.0005}","{""detection_events"":206877,""detectors_checked"":153446400,""obs_mistake_mask=E"":43}"
   2843648,        45,         0,   117.4,decoder_by_matrix,5c8c81bfec719079c388cedc47a351f264c1bf769ae28a89f9b4fc7719fea501,"{""distance"":3,""physical_error_rate"":0.0005}","{""detection_events"":206550,""detectors_checked"":153556992,""obs_mistake_mask=E"":45}"
   7628800,         0,         0,   113.9,decoder_by_matrix,e9839e3017c9ef118c4b8aeafef39e78c11ecbdb89764e9ca676a7dc2fb6d062,"{""distance"":3,""physical_error_rate"":1e-06}","{""detection_events"":1323,""detectors_checked"":411955200}"
   6799360,         0,         0,   114.7,decoder_by_matrix,560c721f87db01d4cacf7dcb7d8812fecde61e9e7776d4b9e1b1a792578ecad7,"{""distance"":3,""physical_error_rate"":5e-06}","{""detection_events"":5145,""detectors_checked"":367165440}"
   3194880,         1,         0,   117.5,decoder_by_matrix,beec9fd12293a9cfe53c9b61fb8ce2a525e4eed38fa75d132d6dc64699336876,"{""distance"":3,""physical_error_rate"":0.0001}","{""detection_events"":45303,""detectors_checked"":172523520,""obs_mistake_mask=E"":1}"
   6063104,         0,         0,   115.3,decoder_by_matrix,e25b8d07214a8afb95d354611a83b9bb1ded39644e323a8585b3aabf687a4fff,"{""distance"":3,""physical_error_rate"":1e-05}","{""detection_events"":8964,""detectors_checked"":327407616}"
   3735552,         0,         0,   116.4,decoder_by_matrix,36e3cd26fed5ec7649ec51fb08c1a5e7d7f30e615782d954fee045c18a4962ca,"{""distance"":3,""physical_error_rate"":5e-05}","{""detection_events"":27207,""detectors_checked"":201719808}"
   3069952,         0,         0,   117.1,decoder_by_matrix,beec9fd12293a9cfe53c9b61fb8ce2a525e4eed38fa75d132d6dc64699336876,"{""distance"":3,""physical_error_rate"":0.0001}","{""detection_events"":46131,""detectors_checked"":165777408}"
   6834176,         0,         0,   114.4,decoder_by_matrix,560c721f87db01d4cacf7dcb7d8812fecde61e9e7776d4b9e1b1a792578ecad7,"{""distance"":3,""physical_error_rate"":5e-06}","{""detection_events"":4755,""detectors_checked"":369045504}"
   5993472,         0,         0,   116.2,decoder_by_matrix,e25b8d07214a8afb95d354611a83b9bb1ded39644e323a8585b3aabf687a4fff,"{""distance"":3,""physical_error_rate"":1e-05}","{""detection_events"":8901,""detectors_checked"":323647488}"
   2739200,       231,         0,   117.1,decoder_by_matrix,f854eed952f7ffb52e4f578393718ba880ba0930c78fe51d50828fe06a713055,"{""distance"":3,""physical_error_rate"":0.001}","{""detection_events"":397521,""detectors_checked"":147916800,""obs_mistake_mask=E"":231}"
   3133440,         2,         0,   118.3,decoder_by_matrix,beec9fd12293a9cfe53c9b61fb8ce2a525e4eed38fa75d132d6dc64699336876,"{""distance"":3,""physical_error_rate"":0.0001}","{""detection_events"":45573,""detectors_checked"":169205760,""obs_mistake_mask=E"":2}"
   2737152,       191,         0,   118.1,decoder_by_matrix,f854eed952f7ffb52e4f578393718ba880ba0930c78fe51d50828fe06a713055,"{""distance"":3,""physical_error_rate"":0.001}","{""detection_events"":395274,""detectors_checked"":147806208,""obs_mistake_mask=E"":191}"
   3769344,         3,         0,   116.9,decoder_by_matrix,36e3cd26fed5ec7649ec51fb08c1a5e7d7f30e615782d954fee045c18a4962ca,"{""distance"":3,""physical_error_rate"":5e-05}","{""detection_events"":28293,""detectors_checked"":203544576,""obs_mistake_mask=E"":3}"
   3146752,         3,         0,   117.2,decoder_by_matrix,beec9fd12293a9cfe53c9b61fb8ce2a525e4eed38fa75d132d6dc64699336876,"{""distance"":3,""physical_error_rate"":0.0001}","{""detection_events"":45591,""detectors_checked"":169924608,""obs_mistake_mask=E"":3}"
   2833408,        56,         0,   117.4,decoder_by_matrix,5c8c81bfec719079c388cedc47a351f264c1bf769ae28a89f9b4fc7719fea501,"{""distance"":3,""physical_error_rate"":0.0005}","{""detection_events"":208107,""detectors_checked"":153004032,""obs_mistake_mask=E"":56}"
   2832384,        59,         0,   117.2,decoder_by_matrix,5c8c81bfec719079c388cedc47a351f264c1bf769ae28a89f9b4fc7719fea501,"{""distance"":3,""physical_error_rate"":0.0005}","{""detection_events"":208080,""detectors_checked"":152948736,""obs_mistake_mask=E"":59}"
   6772736,         0,         0,   115.3,decoder_by_matrix,560c721f87db01d4cacf7dcb7d8812fecde61e9e7776d4b9e1b1a792578ecad7,"{""distance"":3,""physical_error_rate"":5e-06}","{""detection_events"":5289,""detectors_checked"":365727744}"
   6017024,         0,         0,   116.9,decoder_by_matrix,e25b8d07214a8afb95d354611a83b9bb1ded39644e323a8585b3aabf687a4fff,"{""distance"":3,""physical_error_rate"":1e-05}","{""detection_events"":9126,""detectors_checked"":324919296}"
   7760896,         0,         0,   115.0,decoder_by_matrix,e9839e3017c9ef118c4b8aeafef39e78c11ecbdb89764e9ca676a7dc2fb6d062,"{""distance"":3,""physical_error_rate"":1e-06}","{""detection_events"":1026,""detectors_checked"":419088384}"
   3804160,         1,         0,   116.5,decoder_by_matrix,36e3cd26fed5ec7649ec51fb08c1a5e7d7f30e615782d954fee045c18a4962ca,"{""distance"":3,""physical_error_rate"":5e-05}","{""detection_events"":27273,""detectors_checked"":205424640,""obs_mistake_mask=E"":1}"
   6010880,         0,         0,   115.4,decoder_by_matrix,e25b8d07214a8afb95d354611a83b9bb1ded39644e323a8585b3aabf687a4fff,"{""distance"":3,""physical_error_rate"":1e-05}","{""detection_events"":8931,""detectors_checked"":324587520}"
   6896640,         0,         0,   115.5,decoder_by_matrix,560c721f87db01d4cacf7dcb7d8812fecde61e9e7776d4b9e1b1a792578ecad7,"{""distance"":3,""physical_error_rate"":5e-06}","{""detection_events"":4728,""detectors_checked"":372418560}"
   3786752,         1,         0,   116.5,decoder_by_matrix,36e3cd26fed5ec7649ec51fb08c1a5e7d7f30e615782d954fee045c18a4962ca,"{""distance"":3,""physical_error_rate"":5e-05}","{""detection_events"":27768,""detectors_checked"":204484608,""obs_mistake_mask=E"":1}"
   7725056,         0,         0,   114.7,decoder_by_matrix,e9839e3017c9ef118c4b8aeafef39e78c11ecbdb89764e9ca676a7dc2fb6d062,"{""distance"":3,""physical_error_rate"":1e-06}","{""detection_events"":1050,""detectors_checked"":417153024}"
   7739392,         0,         0,   113.9,decoder_by_matrix,e9839e3017c9ef118c4b8aeafef39e78c11ecbdb89764e9ca676a7dc2fb6d062,"{""distance"":3,""physical_error_rate"":1e-06}","{""detection_events"":1056,""detectors_checked"":417927168}"
   6779904,         0,         0,   114.7,decoder_by_matrix,560c721f87db01d4cacf7dcb7d8812fecde61e9e7776d4b9e1b1a792578ecad7,"{""distance"":3,""physical_error_rate"":5e-06}","{""detection_events"":5370,""detectors_checked"":366114816}"
   6086656,         0,         0,   116.3,decoder_by_matrix,e25b8d07214a8afb95d354611a83b9bb1ded39644e323a8585b3aabf687a4fff,"{""distance"":3,""physical_error_rate"":1e-05}","{""detection_events"":8784,""detectors_checked"":328679424}"
   7731200,         0,         0,   114.4,decoder_by_matrix,e9839e3017c9ef118c4b8aeafef39e78c11ecbdb89764e9ca676a7dc2fb6d062,"{""distance"":3,""physical_error_rate"":1e-06}","{""detection_events"":1122,""detectors_checked"":417484800}"
   2751488,       183,         0,   117.5,decoder_by_matrix,f854eed952f7ffb52e4f578393718ba880ba0930c78fe51d50828fe06a713055,"{""distance"":3,""physical_error_rate"":0.001}","{""detection_events"":399372,""detectors_checked"":148580352,""obs_mistake_mask=E"":183}"
   2749440,       172,         0,   117.3,decoder_by_matrix,f854eed952f7ffb52e4f578393718ba880ba0930c78fe51d50828fe06a713055,"{""distance"":3,""physical_error_rate"":0.001}","{""detection_events"":398970,""detectors_checked"":148469760,""obs_mistake_mask=E"":172}"
   3777536,         0,         0,   116.9,decoder_by_matrix,36e3cd26fed5ec7649ec51fb08c1a5e7d7f30e615782d954fee045c18a4962ca,"{""distance"":3,""physical_error_rate"":5e-05}","{""detection_events"":28080,""detectors_checked"":203986944}"
   7734272,         0,         0,   114.6,decoder_by_matrix,e9839e3017c9ef118c4b8aeafef39e78c11ecbdb89764e9ca676a7dc2fb6d062,"{""distance"":3,""physical_error_rate"":1e-06}","{""detection_events"":1116,""detectors_checked"":417650688}"
   2859008,        52,         0,   117.2,decoder_by_matrix,5c8c81bfec719079c388cedc47a351f264c1bf769ae28a89f9b4fc7719fea501,"{""distance"":3,""physical_error_rate"":0.0005}","{""detection_events"":210801,""detectors_checked"":154386432,""obs_mistake_mask=E"":52}"
   2863104,        60,         0,   118.0,decoder_by_matrix,5c8c81bfec719079c388cedc47a351f264c1bf769ae28a89f9b4fc7719fea501,"{""distance"":3,""physical_error_rate"":0.0005}","{""detection_events"":207741,""detectors_checked"":154607616,""obs_mistake_mask=E"":60}"
   6063104,         0,         0,   115.1,decoder_by_matrix,e25b8d07214a8afb95d354611a83b9bb1ded39644e323a8585b3aabf687a4fff,"{""distance"":3,""physical_error_rate"":1e-05}","{""detection_events"":9156,""detectors_checked"":327407616}"
   3186688,         0,         0,   118.0,decoder_by_matrix,beec9fd12293a9cfe53c9b61fb8ce2a525e4eed38fa75d132d6dc64699336876,"{""distance"":3,""physical_error_rate"":0.0001}","{""detection_events"":46170,""detectors_checked"":172081152}"
   6789120,         0,         0,   115.4,decoder_by_matrix,560c721f87db01d4cacf7dcb7d8812fecde61e9e7776d4b9e1b1a792578ecad7,"{""distance"":3,""physical_error_rate"":5e-06}","{""detection_events"":5232,""detectors_checked"":366612480}"
   3098624,         0,         0,   117.6,decoder_by_matrix,beec9fd12293a9cfe53c9b61fb8ce2a525e4eed38fa75d132d6dc64699336876,"{""distance"":3,""physical_error_rate"":0.0001}","{""detection_events"":44142,""detectors_checked"":167325696}"
   3783680,         1,         0,   116.8,decoder_by_matrix,36e3cd26fed5ec7649ec51fb08c1a5e7d7f30e615782d954fee045c18a4962ca,"{""distance"":3,""physical_error_rate"":5e-05}","{""detection_events"":28062,""detectors_checked"":204318720,""obs_mistake_mask=E"":1}"
   6091776,         0,         0,   115.6,decoder_by_matrix,e25b8d07214a8afb95d354611a83b9bb1ded39644e323a8585b3aabf687a4fff,"{""distance"":3,""physical_error_rate"":1e-05}","{""detection_events"":8511,""detectors_checked"":328955904}"
   6889472,         0,         0,   114.7,decoder_by_matrix,560c721f87db01d4cacf7dcb7d8812fecde61e9e7776d4b9e1b1a792578ecad7,"{""distance"":3,""physical_error_rate"":5e-06}","{""detection_events"":4788,""detectors_checked"":372031488}"
   2752512,       187,         0,   117.3,decoder_by_matrix,f854eed952f7ffb52e4f578393718ba880ba0930c78fe51d50828fe06a713055,"{""distance"":3,""physical_error_rate"":0.001}","{""detection_events"":400224,""detectors_checked"":148635648,""obs_mistake_mask=E"":187}"
   2750464,       180,         0,   117.8,decoder_by_matrix,f854eed952f7ffb52e4f578393718ba880ba0930c78fe51d50828fe06a713055,"{""distance"":3,""physical_error_rate"":0.001}","{""detection_events"":399711,""detectors_checked"":148525056,""obs_mistake_mask=E"":180}"
   3154944,         4,         0,   118.5,decoder_by_matrix,beec9fd12293a9cfe53c9b61fb8ce2a525e4eed38fa75d132d6dc64699336876,"{""distance"":3,""physical_error_rate"":0.0001}","{""detection_events"":45720,""detectors_checked"":170366976,""obs_mistake_mask=E"":4}"
   3803136,         2,         0,   116.4,decoder_by_matrix,36e3cd26fed5ec7649ec51fb08c1a5e7d7f30e615782d954fee045c18a4962ca,"{""distance"":3,""physical_error_rate"":5e-05}","{""detection_events"":28650,""detectors_checked"":205369344,""obs_mistake_mask=E"":2}"
   3159040,         3,         0,   117.7,decoder_by_matrix,beec9fd12293a9cfe53c9b61fb8ce2a525e4eed38fa75d132d6dc64699336876,"{""distance"":3,""physical_error_rate"":0.0001}","{""detection_events"":46269,""detectors_checked"":170588160,""obs_mistake_mask=E"":3}"
   2849792,        63,         0,   116.3,decoder_by_matrix,5c8c81bfec719079c388cedc47a351f264c1bf769ae28a89f9b4fc7719fea501,"{""distance"":3,""physical_error_rate"":0.0005}","{""detection_events"":205071,""detectors_checked"":153888768,""obs_mistake_mask=E"":63}"
   2848768,        44,         0,   118.1,decoder_by_matrix,5c8c81bfec719079c388cedc47a351f264c1bf769ae28a89f9b4fc7719fea501,"{""distance"":3,""physical_error_rate"":0.0005}","{""detection_events"":205761,""detectors_checked"":153833472,""obs_mistake_mask=E"":44}"
   6789120,         0,         0,   113.6,decoder_by_matrix,560c721f87db01d4cacf7dcb7d8812fecde61e9e7776d4b9e1b1a792578ecad7,"{""distance"":3,""physical_error_rate"":5e-06}","{""detection_events"":5262,""detectors_checked"":366612480}"
   6045696,         0,         0,   114.4,decoder_by_matrix,e25b8d07214a8afb95d354611a83b9bb1ded39644e323a8585b3aabf687a4fff,"{""distance"":3,""physical_error_rate"":1e-05}","{""detection_events"":8646,""detectors_checked"":326467584}"
   7731200,         0,         0,   115.5,decoder_by_matrix,e9839e3017c9ef118c4b8aeafef39e78c11ecbdb89764e9ca676a7dc2fb6d062,"{""distance"":3,""physical_error_rate"":1e-06}","{""detection_events"":1125,""detectors_checked"":417484800}"
   3777536,         1,         0,   115.7,decoder_by_matrix,36e3cd26fed5ec7649ec51fb08c1a5e7d7f30e615782d954fee045c18a4962ca,"{""distance"":3,""physical_error_rate"":5e-05}","{""detection_events"":27669,""detectors_checked"":203986944,""obs_mistake_mask=E"":1}"
   6043648,         0,         0,   116.1,decoder_by_matrix,e25b8d07214a8afb95d354611a83b9bb1ded39644e323a8585b3aabf687a4fff,"{""distance"":3,""physical_error_rate"":1e-05}","{""detection_events"":8817,""detectors_checked"":326356992}"
   6879232,         0,         0,   113.8,decoder_by_matrix,560c721f87db01d4cacf7dcb7d8812fecde61e9e7776d4b9e1b1a792578ecad7,"{""distance"":3,""physical_error_rate"":5e-06}","{""detection_events"":4674,""detectors_checked"":371478528}"
   3775488,         2,         0,   117.0,decoder_by_matrix,36e3cd26fed5ec7649ec51fb08c1a5e7d7f30e615782d954fee045c18a4962ca,"{""distance"":3,""physical_error_rate"":5e-05}","{""detection_events"":27786,""detectors_checked"":203876352,""obs_mistake_mask=E"":2}"
   7664640,         0,         0,   115.0,decoder_by_matrix,e9839e3017c9ef118c4b8aeafef39e78c11ecbdb89764e9ca676a7dc2fb6d062,"{""distance"":3,""physical_error_rate"":1e-06}","{""detection_events"":1227,""detectors_checked"":413890560}"
   7633920,         0,         0,   115.1,decoder_by_matrix,e9839e3017c9ef118c4b8aeafef39e78c11ecbdb89764e9ca676a7dc2fb6d062,"{""distance"":3,""physical_error_rate"":1e-06}","{""detection_events"":1350,""detectors_checked"":412231680}"
   6889472,         0,         0,   115.2,decoder_by_matrix,560c721f87db01d4cacf7dcb7d8812fecde61e9e7776d4b9e1b1a792578ecad7,"{""distance"":3,""physical_error_rate"":5e-06}","{""detection_events"":4716,""detectors_checked"":372031488}"
   6070272,         0,         0,   115.2,decoder_by_matrix,e25b8d07214a8afb95d354611a83b9bb1ded39644e323a8585b3aabf687a4fff,"{""distance"":3,""physical_error_rate"":1e-05}","{""detection_events"":8781,""detectors_checked"":327794688}"
   7720960,         0,         0,   113.8,decoder_by_matrix,e9839e3017c9ef118c4b8aeafef39e78c11ecbdb89764e9ca676a7dc2fb6d062,"{""distance"":3,""physical_error_rate"":1e-06}","{""detection_events"":1089,""detectors_checked"":416931840}"
   3790848,         5,         0,   118.1,decoder_by_matrix,36e3cd26fed5ec7649ec51fb08c1a5e7d7f30e615782d954fee045c18a4962ca,"{""distance"":3,""physical_error_rate"":5e-05}","{""detection_events"":26814,""detectors_checked"":204705792,""obs_mistake_mask=E"":5}"
   2744320,       183,         0,   117.5,decoder_by_matrix,f854eed952f7ffb52e4f578393718ba880ba0930c78fe51d50828fe06a713055,"{""distance"":3,""physical_error_rate"":0.001}","{""detection_events"":394569,""detectors_checked"":148193280,""obs_mistake_mask=E"":183}"
   2742272,       176,         0,   117.5,decoder_by_matrix,f854eed952f7ffb52e4f578393718ba880ba0930c78fe51d50828fe06a713055,"{""distance"":3,""physical_error_rate"":0.001}","{""detection_events"":400446,""detectors_checked"":148082688,""obs_mistake_mask=E"":176}"
   2844672,        43,         0,   117.5,decoder_by_matrix,5c8c81bfec719079c388cedc47a351f264c1bf769ae28a89f9b4fc7719fea501,"{""distance"":3,""physical_error_rate"":0.0005}","{""detection_events"":206148,""detectors_checked"":153612288,""obs_mistake_mask=E"":43}"
   2851840,        49,         0,   116.0,decoder_by_matrix,5c8c81bfec719079c388cedc47a351f264c1bf769ae28a89f9b4fc7719fea501,"{""distance"":3,""physical_error_rate"":0.0005}","{""detection_events"":205059,""detectors_checked"":153999360,""obs_mistake_mask=E"":49}"
   7693312,         0,         0,   114.4,decoder_by_matrix,e9839e3017c9ef118c4b8aeafef39e78c11ecbdb89764e9ca676a7dc2fb6d062,"{""distance"":3,""physical_error_rate"":1e-06}","{""detection_events"":1152,""detectors_checked"":415438848}"
   3189760,         3,         0,   116.6,decoder_by_matrix,beec9fd12293a9cfe53c9b61fb8ce2a525e4eed38fa75d132d6dc64699336876,"{""distance"":3,""physical_error_rate"":0.0001}","{""detection_events"":46248,""detectors_checked"":172247040,""obs_mistake_mask=E"":3}"
   6056960,         0,         0,   114.8,decoder_by_matrix,e25b8d07214a8afb95d354611a83b9bb1ded39644e323a8585b3aabf687a4fff,"{""distance"":3,""physical_error_rate"":1e-05}","{""detection_events"":8553,""detectors_checked"":327075840}"
   3069952,         1,         0,   117.5,decoder_by_matrix,beec9fd12293a9cfe53c9b61fb8ce2a525e4eed38fa75d132d6dc64699336876,"{""distance"":3,""physical_error_rate"":0.0001}","{""detection_events"":45849,""detectors_checked"":165777408,""obs_mistake_mask=E"":1}"
   6857728,         0,         0,   115.2,decoder_by_matrix,560c721f87db01d4cacf7dcb7d8812fecde61e9e7776d4b9e1b1a792578ecad7,"{""distance"":3,""physical_error_rate"":5e-06}","{""detection_events"":4851,""detectors_checked"":370317312}"
   3757056,         0,         0,   117.6,decoder_by_matrix,36e3cd26fed5ec7649ec51fb08c1a5e7d7f30e615782d954fee045c18a4962ca,"{""distance"":3,""physical_error_rate"":5e-05}","{""detection_events"":27927,""detectors_checked"":202881024}"
   6068224,         0,         0,   115.3,decoder_by_matrix,e25b8d07214a8afb95d354611a83b9bb1ded39644e323a8585b3aabf687a4fff,"{""distance"":3,""physical_error_rate"":1e-05}","{""detection_events"":8397,""detectors_checked"":327684096}"
   6794240,         0,         0,   115.9,decoder_by_matrix,560c721f87db01d4cacf7dcb7d8812fecde61e9e7776d4b9e1b1a792578ecad7,"{""distance"":3,""physical_error_rate"":5e-06}","{""detection_events"":4992,""detectors_checked"":366888960}"
   2747392,       206,         0,   117.4,decoder_by_matrix,f854eed952f7ffb52e4f578393718ba880ba0930c78fe51d50828fe06a713055,"{""distance"":3,""physical_error_rate"":0.001}","{""detection_events"":397317,""detectors_checked"":148359168,""obs_mistake_mask=E"":206}"
   3131392,         0,         0,   116.2,decoder_by_matrix,beec9fd12293a9cfe53c9b61fb8ce2a525e4eed38fa75d132d6dc64699336876,"{""distance"":3,""physical_error_rate"":0.0001}","{""detection_events"":45816,""detectors_checked"":169095168}"
   3773440,         0,         0,   116.6,decoder_by_matrix,36e3cd26fed5ec7649ec51fb08c1a5e7d7f30e615782d954fee045c18a4962ca,"{""distance"":3,""physical_error_rate"":5e-05}","{""detection_events"":27012,""detectors_checked"":203765760}"
   2743296,       196,         0,   117.7,decoder_by_matrix,f854eed952f7ffb52e4f578393718ba880ba0930c78fe51d50828fe06a713055,"{""distance"":3,""physical_error_rate"":0.001}","{""detection_events"":399258,""detectors_checked"":148137984,""obs_mistake_mask=E"":196}"
   3158016,         3,         0,   117.3,decoder_by_matrix,beec9fd12293a9cfe53c9b61fb8ce2a525e4eed38fa75d132d6dc64699336876,"{""distance"":3,""physical_error_rate"":0.0001}","{""detection_events"":45972,""detectors_checked"":170532864,""obs_mistake_mask=E"":3}"
   2840576,        56,         0,   117.0,decoder_by_matrix,5c8c81bfec719079c388cedc47a351f264c1bf769ae28a89f9b4fc7719fea501,"{""distance"":3,""physical_error_rate"":0.0005}","{""detection_events"":206544,""detectors_checked"":153391104,""obs_mistake_mask=E"":56}"
   2836480,        48,         0,   116.8,decoder_by_matrix,5c8c81bfec719079c388cedc47a351f264c1bf769ae28a89f9b4fc7719fea501,"{""distance"":3,""physical_error_rate"":0.0005}","{""detection_events"":207519,""detectors_checked"":153169920,""obs_mistake_mask=E"":48}"
   6838272,         0,         0,   115.3,decoder_by_matrix,560c721f87db01d4cacf7dcb7d8812fecde61e9e7776d4b9e1b1a792578ecad7,"{""distance"":3,""physical_error_rate"":5e-06}","{""detection_events"":4788,""detectors_checked"":369266688}"
   6064128,         0,         0,   114.6,decoder_by_matrix,e25b8d07214a8afb95d354611a83b9bb1ded39644e323a8585b3aabf687a4fff,"{""distance"":3,""physical_error_rate"":1e-05}","{""detection_events"":8397,""detectors_checked"":327462912}"
   7717888,         0,         0,   114.5,decoder_by_matrix,e9839e3017c9ef118c4b8aeafef39e78c11ecbdb89764e9ca676a7dc2fb6d062,"{""distance"":3,""physical_error_rate"":1e-06}","{""detection_events"":1116,""detectors_checked"":416765952}"
   3787776,         0,         0,   116.6,decoder_by_matrix,36e3cd26fed5ec7649ec51fb08c1a5e7d7f30e615782d954fee045c18a4962ca,"{""distance"":3,""physical_error_rate"":5e-05}","{""detection_events"":27549,""detectors_checked"":204539904}"
   6041600,         1,         0,   115.9,decoder_by_matrix,e25b8d07214a8afb95d354611a83b9bb1ded39644e323a8585b3aabf687a4fff,"{""distance"":3,""physical_error_rate"":1e-05}","{""detection_events"":8814,""detectors_checked"":326246400,""obs_mistake_mask=E"":1}"
   3772416,         0,         0,   115.8,decoder_by_matrix,36e3cd26fed5ec7649ec51fb08c1a5e7d7f30e615782d954fee045c18a4962ca,"{""distance"":3,""physical_error_rate"":5e-05}","{""detection_events"":27015,""detectors_checked"":203710464}"
   6801408,         0,         0,   115.7,decoder_by_matrix,560c721f87db01d4cacf7dcb7d8812fecde61e9e7776d4b9e1b1a792578ecad7,"{""distance"":3,""physical_error_rate"":5e-06}","{""detection_events"":4716,""detectors_checked"":367276032}"
   7732224,         0,         0,   114.5,decoder_by_matrix,e9839e3017c9ef118c4b8aeafef39e78c11ecbdb89764e9ca676a7dc2fb6d062,"{""distance"":3,""physical_error_rate"":1e-06}","{""detection_events"":891,""detectors_checked"":417540096}"
   7692288,         0,         0,   113.1,decoder_by_matrix,e9839e3017c9ef118c4b8aeafef39e78c11ecbdb89764e9ca676a7dc2fb6d062,"{""distance"":3,""physical_error_rate"":1e-06}","{""detection_events"":1053,""detectors_checked"":415383552}"
   6772736,         0,         0,   113.9,decoder_by_matrix,560c721f87db01d4cacf7dcb7d8812fecde61e9e7776d4b9e1b1a792578ecad7,"{""distance"":3,""physical_error_rate"":5e-06}","{""detection_events"":5232,""detectors_checked"":365727744}"
   6074368,         0,         0,   115.1,decoder_by_matrix,e25b8d07214a8afb95d354611a83b9bb1ded39644e323a8585b3aabf687a4fff,"{""distance"":3,""physical_error_rate"":1e-05}","{""detection_events"":8679,""detectors_checked"":328015872}"
   3776512,         1,         0,   117.5,decoder_by_matrix,36e3cd26fed5ec7649ec51fb08c1a5e7d7f30e615782d954fee045c18a4962ca,"{""distance"":3,""physical_error_rate"":5e-05}","{""detection_events"":27195,""detectors_checked"":203931648,""obs_mistake_mask=E"":1}"
   7696384,         0,         0,   114.3,decoder_by_matrix,e9839e3017c9ef118c4b8aeafef39e78c11ecbdb89764e9ca676a7dc2fb6d062,"{""distance"":3,""physical_error_rate"":1e-06}","{""detection_events"":1146,""detectors_checked"":415604736}"
   2738176,       215,         0,   118.5,decoder_by_matrix,f854eed952f7ffb52e4f578393718ba880ba0930c78fe51d50828fe06a713055,"{""distance"":3,""physical_error_rate"":0.001}","{""detection_events"":397842,""detectors_checked"":147861504,""obs_mistake_mask=E"":215}"
   2847744,        45,         0,   117.3,decoder_by_matrix,5c8c81bfec719079c388cedc47a351f264c1bf769ae28a89f9b4fc7719fea501,"{""distance"":3,""physical_error_rate"":0.0005}","{""detection_events"":206988,""detectors_checked"":153778176,""obs_mistake_mask=E"":45}"
   2742272,       211,         0,   116.9,decoder_by_matrix,f854eed952f7ffb52e4f578393718ba880ba0930c78fe51d50828fe06a713055,"{""distance"":3,""physical_error_rate"":0.001}","{""detection_events"":399828,""detectors_checked"":148082688,""obs_mistake_mask=E"":211}"
   2846720,        47,         0,   116.9,decoder_by_matrix,5c8c81bfec719079c388cedc47a351f264c1bf769ae28a89f9b4fc7719fea501,"{""distance"":3,""physical_error_rate"":0.0005}","{""detection_events"":206427,""detectors_checked"":153722880,""obs_mistake_mask=E"":47}"
   3169280,         4,         0,   116.7,decoder_by_matrix,beec9fd12293a9cfe53c9b61fb8ce2a525e4eed38fa75d132d6dc64699336876,"{""distance"":3,""physical_error_rate"":0.0001}","{""detection_events"":46563,""detectors_checked"":171141120,""obs_mistake_mask=E"":4}"
   7694336,         0,         0,   113.7,decoder_by_matrix,e9839e3017c9ef118c4b8aeafef39e78c11ecbdb89764e9ca676a7dc2fb6d062,"{""distance"":3,""physical_error_rate"":1e-06}","{""detection_events"":1209,""detectors_checked"":415494144}"
   6035456,         0,         0,   115.3,decoder_by_matrix,e25b8d07214a8afb95d354611a83b9bb1ded39644e323a8585b3aabf687a4fff,"{""distance"":3,""physical_error_rate"":1e-05}","{""detection_events"":8706,""detectors_checked"":325914624}"
   3078144,         0,         0,   118.1,decoder_by_matrix,beec9fd12293a9cfe53c9b61fb8ce2a525e4eed38fa75d132d6dc64699336876,"{""distance"":3,""physical_error_rate"":0.0001}","{""detection_events"":44820,""detectors_checked"":166219776}"
   6879232,         0,         0,   114.2,decoder_by_matrix,560c721f87db01d4cacf7dcb7d8812fecde61e9e7776d4b9e1b1a792578ecad7,"{""distance"":3,""physical_error_rate"":5e-06}","{""detection_events"":4680,""detectors_checked"":371478528}"
   3750912,         0,         0,   116.8,decoder_by_matrix,36e3cd26fed5ec7649ec51fb08c1a5e7d7f30e615782d954fee045c18a4962ca,"{""distance"":3,""physical_error_rate"":5e-05}","{""detection_events"":27258,""detectors_checked"":202549248}"
   6025216,         0,         0,   115.6,decoder_by_matrix,e25b8d07214a8afb95d354611a83b9bb1ded39644e323a8585b3aabf687a4fff,"{""distance"":3,""physical_error_rate"":1e-05}","{""detection_events"":8568,""detectors_checked"":325361664}"
   6811648,         0,         0,   115.4,decoder_by_matrix,560c721f87db01d4cacf7dcb7d8812fecde61e9e7776d4b9e1b1a792578ecad7,"{""distance"":3,""physical_error_rate"":5e-06}","{""detection_events"":4845,""detectors_checked"":367828992}"
   2743296,       199,         0,   117.5,decoder_by_matrix,f854eed952f7ffb52e4f578393718ba880ba0930c78fe51d50828fe06a713055,"{""distance"":3,""physical_error_rate"":0.001}","{""detection_events"":397521,""detectors_checked"":148137984,""obs_mistake_mask=E"":199}"
   3766272,         3,         0,   117.0,decoder_by_matrix,36e3cd26fed5ec7649ec51fb08c1a5e7d7f30e615782d954fee045c18a4962ca,"{""distance"":3,""physical_error_rate"":5e-05}","{""detection_events"":27852,""detectors_checked"":203378688,""obs_mistake_mask=E"":3}"
   3122176,         0,         0,   118.3,decoder_by_matrix,beec9fd12293a9cfe53c9b61fb8ce2a525e4eed38fa75d132d6dc64699336876,"{""distance"":3,""physical_error_rate"":0.0001}","{""detection_events"":46194,""detectors_checked"":168597504}"
   2742272,       167,         0,   118.1,decoder_by_matrix,f854eed952f7ffb52e4f578393718ba880ba0930c78fe51d50828fe06a713055,"{""distance"":3,""physical_error_rate"":0.001}","{""detection_events"":396411,""detectors_checked"":148082688,""obs_mistake_mask=E"":167}"
   3169280,         2,         0,   117.6,decoder_by_matrix,beec9fd12293a9cfe53c9b61fb8ce2a525e4eed38fa75d132d6dc64699336876,"{""distance"":3,""physical_error_rate"":0.0001}","{""detection_events"":46347,""detectors_checked"":171141120,""obs_mistake_mask=E"":2}"
   2834432,        46,         0,   116.6,decoder_by_matrix,5c8c81bfec719079c388cedc47a351f264c1bf769ae28a89f9b4fc7719fea501,"{""distance"":3,""physical_error_rate"":0.0005}","{""detection_events"":207948,""detectors_checked"":153059328,""obs_mistake_mask=E"":46}"
   2837504,        44,         0,   117.3,decoder_by_matrix,5c8c81bfec719079c388cedc47a351f264c1bf769ae28a89f9b4fc7719fea501,"{""distance"":3,""physical_error_rate"":0.0005}","{""detection_events"":206235,""detectors_checked"":153225216,""obs_mistake_mask=E"":44}"
   6785024,         0,         0,   116.5,decoder_by_matrix,560c721f87db01d4cacf7dcb7d8812fecde61e9e7776d4b9e1b1a792578ecad7,"{""distance"":3,""physical_error_rate"":5e-06}","{""detection_events"":4974,""detectors_checked"":366391296}"
   6033408,         0,         0,   115.2,decoder_by_matrix,e25b8d07214a8afb95d354611a83b9bb1ded39644e323a8585b3aabf687a4fff,"{""distance"":3,""physical_error_rate"":1e-05}","{""detection_events"":8799,""detectors_checked"":325804032}"
   7700480,         0,         0,   115.6,decoder_by_matrix,e9839e3017c9ef118c4b8aeafef39e78c11ecbdb89764e9ca676a7dc2fb6d062,"{""distance"":3,""physical_error_rate"":1e-06}","{""detection_events"":1128,""detectors_checked"":415825920}"
   3751936,         0,         0,   117.8,decoder_by_matrix,36e3cd26fed5ec7649ec51fb08c1a5e7d7f30e615782d954fee045c18a4962ca,"{""distance"":3,""physical_error_rate"":5e-05}","{""detection_events"":26907,""detectors_checked"":202604544}"
   6077440,         0,         0,   115.7,decoder_by_matrix,e25b8d07214a8afb95d354611a83b9bb1ded39644e323a8585b3aabf687a4fff,"{""distance"":3,""physical_error_rate"":1e-05}","{""detection_events"":8559,""detectors_checked"":328181760}"
   6828032,         0,         0,   114.8,decoder_by_matrix,560c721f87db01d4cacf7dcb7d8812fecde61e9e7776d4b9e1b1a792578ecad7,"{""distance"":3,""physical_error_rate"":5e-06}","{""detection_events"":4863,""detectors_checked"":368713728}"
   3784704,         0,         0,   116.6,decoder_by_matrix,36e3cd26fed5ec7649ec51fb08c1a5e7d7f30e615782d954fee045c18a4962ca,"{""distance"":3,""physical_error_rate"":5e-05}","{""detection_events"":26790,""detectors_checked"":204374016}"
   7685120,         0,         0,   114.5,decoder_by_matrix,e9839e3017c9ef118c4b8aeafef39e78c11ecbdb89764e9ca676a7dc2fb6d062,"{""distance"":3,""physical_error_rate"":1e-06}","{""detection_events"":1071,""detectors_checked"":414996480}"
   7700480,         0,         0,   113.5,decoder_by_matrix,e9839e3017c9ef118c4b8aeafef39e78c11ecbdb89764e9ca676a7dc2fb6d062,"{""distance"":3,""physical_error_rate"":1e-06}","{""detection_events"":990,""detectors_checked"":415825920}"
   5972992,         0,         0,   116.0,decoder_by_matrix,e25b8d07214a8afb95d354611a83b9bb1ded39644e323a8585b3aabf687a4fff,"{""distance"":3,""physical_error_rate"":1e-05}","{""detection_events"":8970,""detectors_checked"":322541568}"
   6836224,         0,         0,   115.4,decoder_by_matrix,560c721f87db01d4cacf7dcb7d8812fecde61e9e7776d4b9e1b1a792578ecad7,"{""distance"":3,""physical_error_rate"":5e-06}","{""detection_events"":5076,""detectors_checked"":369156096}"
   3838976,         1,         0,   117.0,decoder_by_matrix,36e3cd26fed5ec7649ec51fb08c1a5e7d7f30e615782d954fee045c18a4962ca,"{""distance"":3,""physical_error_rate"":5e-05}","{""detection_events"":27033,""detectors_checked"":207304704,""obs_mistake_mask=E"":1}"
   2848768,        47,         0,   117.3,decoder_by_matrix,5c8c81bfec719079c388cedc47a351f264c1bf769ae28a89f9b4fc7719fea501,"{""distance"":3,""physical_error_rate"":0.0005}","{""detection_events"":203916,""detectors_checked"":153833472,""obs_mistake_mask=E"":47}"
   7705600,         0,         0,   115.8,decoder_by_matrix,e9839e3017c9ef118c4b8aeafef39e78c11ecbdb89764e9ca676a7dc2fb6d062,"{""distance"":3,""physical_error_rate"":1e-06}","{""detection_events"":1149,""detectors_checked"":416102400}"
   2741248,       193,         0,   117.4,decoder_by_matrix,f854eed952f7ffb52e4f578393718ba880ba0930c78fe51d50828fe06a713055,"{""distance"":3,""physical_error_rate"":0.001}","{""detection_events"":397920,""detectors_checked"":148027392,""obs_mistake_mask=E"":193}"
   3164160,         2,         0,   118.4,decoder_by_matrix,beec9fd12293a9cfe53c9b61fb8ce2a525e4eed38fa75d132d6dc64699336876,"{""distance"":3,""physical_error_rate"":0.0001}","{""detection_events"":46446,""detectors_checked"":170864640,""obs_mistake_mask=E"":2}"
   7702528,         0,         0,   114.9,decoder_by_matrix,e9839e3017c9ef118c4b8aeafef39e78c11ecbdb89764e9ca676a7dc2fb6d062,"{""distance"":3,""physical_error_rate"":1e-06}","{""detection_events"":1008,""detectors_checked"":415936512}"
   2844672,        38,         0,   117.3,decoder_by_matrix,5c8c81bfec719079c388cedc47a351f264c1bf769ae28a89f9b4fc7719fea501,"{""distance"":3,""physical_error_rate"":0.0005}","{""detection_events"":205737,""detectors_checked"":153612288,""obs_mistake_mask=E"":38}"
   2743296,       186,         0,   117.8,decoder_by_matrix,f854eed952f7ffb52e4f578393718ba880ba0930c78fe51d50828fe06a713055,"{""distance"":3,""physical_error_rate"":0.001}","{""detection_events"":401427,""detectors_checked"":148137984,""obs_mistake_mask=E"":186}"
   5994496,         0,         0,   116.2,decoder_by_matrix,e25b8d07214a8afb95d354611a83b9bb1ded39644e323a8585b3aabf687a4fff,"{""distance"":3,""physical_error_rate"":1e-05}","{""detection_events"":8988,""detectors_checked"":323702784}"
   3101696,         2,         0,   117.7,decoder_by_matrix,beec9fd12293a9cfe53c9b61fb8ce2a525e4eed38fa75d132d6dc64699336876,"{""distance"":3,""physical_error_rate"":0.0001}","{""detection_events"":44823,""detectors_checked"":167491584,""obs_mistake_mask=E"":2}"
   6789120,         0,         0,   115.1,decoder_by_matrix,560c721f87db01d4cacf7dcb7d8812fecde61e9e7776d4b9e1b1a792578ecad7,"{""distance"":3,""physical_error_rate"":5e-06}","{""detection_events"":5136,""detectors_checked"":366612480}"
   3781632,         3,         0,   117.9,decoder_by_matrix,36e3cd26fed5ec7649ec51fb08c1a5e7d7f30e615782d954fee045c18a4962ca,"{""distance"":3,""physical_error_rate"":5e-05}","{""detection_events"":27306,""detectors_checked"":204208128,""obs_mistake_mask=E"":3}"
   6793216,         0,         0,   115.1,decoder_by_matrix,560c721f87db01d4cacf7dcb7d8812fecde61e9e7776d4b9e1b1a792578ecad7,"{""distance"":3,""physical_error_rate"":5e-06}","{""detection_events"":5076,""detectors_checked"":366833664}"
   6018048,         0,         0,   114.9,decoder_by_matrix,e25b8d07214a8afb95d354611a83b9bb1ded39644e323a8585b3aabf687a4fff,"{""distance"":3,""physical_error_rate"":1e-05}","{""detection_events"":8916,""detectors_checked"":324974592}"
   2743296,       182,         0,   117.7,decoder_by_matrix,f854eed952f7ffb52e4f578393718ba880ba0930c78fe51d50828fe06a713055,"{""distance"":3,""physical_error_rate"":0.001}","{""detection_events"":397719,""detectors_checked"":148137984,""obs_mistake_mask=E"":182}"
   2737152,       217,         0,   117.3,decoder_by_matrix,f854eed952f7ffb52e4f578393718ba880ba0930c78fe51d50828fe06a713055,"{""distance"":3,""physical_error_rate"":0.001}","{""detection_events"":397968,""detectors_checked"":147806208,""obs_mistake_mask=E"":217}"
     11264,         1,         0,   0.518,decoder_by_matrix,f854eed952f7ffb52e4f578393718ba880ba0930c78fe51d50828fe06a713055,"{""distance"":3,""physical_error_rate"":0.001}","{""detection_events"":1773,""detectors_checked"":608256,""obs_mistake_mask=E"":1}"
     13312,         2,         0,   0.630,decoder_by_matrix,f854eed952f7ffb52e4f578393718ba880ba0930c78fe51d50828fe06a713055,"{""distance"":3,""physical_error_rate"":0.001}","{""detection_events"":1830,""detectors_checked"":718848,""obs_mistake_mask=E"":2}"
      3072,         0,         0,   0.121,decoder_by_matrix,f854eed952f7ffb52e4f578393718ba880ba0930c78fe51d50828fe06a713055,"{""distance"":3,""physical_error_rate"":0.001}","{""detection_events"":516,""detectors_checked"":165888}"
         1,         0,         0,   0.000,decoder_by_matrix,beec9fd12293a9cfe53c9b61fb8ce2a525e4eed38fa75d132d6dc64699336876,"{""distance"":3,""physical_error_rate"":0.0001}","{""detectors_checked"":54}"
   3807232,         0,         0,   116.6,decoder_by_matrix,36e3cd26fed5ec7649ec51fb08c1a5e7d7f30e615782d954fee045c18a4962ca,"{""distance"":3,""physical_error_rate"":5e-05}","{""detection_events"":26718,""detectors_checked"":205590528}"
   3130368,         3,         0,   118.5,decoder_by_matrix,beec9fd12293a9cfe53c9b61fb8ce2a525e4eed38fa75d132d6dc64699336876,"{""distance"":3,""physical_error_rate"":0.0001}","{""detection_events"":44331,""detectors_checked"":169039872,""obs_mistake_mask=E"":3}"
   3130368,         1,         0,   118.2,decoder_by_matrix,beec9fd12293a9cfe53c9b61fb8ce2a525e4eed38fa75d132d6dc64699336876,"{""distance"":3,""physical_error_rate"":0.0001}","{""detection_events"":47169,""detectors_checked"":169039872,""obs_mistake_mask=E"":1}"
         1,         0,         0,   0.000,decoder_by_matrix,5c8c81bfec719079c388cedc47a351f264c1bf769ae28a89f9b4fc7719fea501,"{""distance"":3,""physical_error_rate"":0.0005}","{""detectors_checked"":54}"
         1,         0,         0,   0.000,decoder_by_matrix,beec9fd12293a9cfe53c9b61fb8ce2a525e4eed38fa75d132d6dc64699336876,"{""distance"":3,""physical_error_rate"":0.0001}","{""detectors_checked"":54}"
         1,         0,         0,   0.000,decoder_by_matrix,5c8c81bfec719079c388cedc47a351f264c1bf769ae28a89f9b4fc7719fea501,"{""distance"":3,""physical_error_rate"":0.0005}","{""detectors_checked"":54}"
      3344,         0,         0,   0.146,decoder_by_matrix,beec9fd12293a9cfe53c9b61fb8ce2a525e4eed38fa75d132d6dc64699336876,"{""distance"":3,""physical_error_rate"":0.0001}","{""detection_events"":60,""detectors_checked"":180576}"
      3344,         0,         0,   0.032,decoder_by_matrix,5c8c81bfec719079c388cedc47a351f264c1bf769ae28a89f9b4fc7719fea501,"{""distance"":3,""physical_error_rate"":0.0005}","{""detection_events"":264,""detectors_checked"":180576}"
      5392,         0,         0,   0.067,decoder_by_matrix,beec9fd12293a9cfe53c9b61fb8ce2a525e4eed38fa75d132d6dc64699336876,"{""distance"":3,""physical_error_rate"":0.0001}","{""detection_events"":93,""detectors_checked"":291168}"
      4368,         0,         0,   0.118,decoder_by_matrix,5c8c81bfec719079c388cedc47a351f264c1bf769ae28a89f9b4fc7719fea501,"{""distance"":3,""physical_error_rate"":0.0005}","{""detection_events"":297,""detectors_checked"":235872}"
      3072,         1,         0,   0.113,decoder_by_matrix,beec9fd12293a9cfe53c9b61fb8ce2a525e4eed38fa75d132d6dc64699336876,"{""distance"":3,""physical_error_rate"":0.0001}","{""detection_events"":57,""detectors_checked"":165888,""obs_mistake_mask=E"":1}"
      3072,         0,         0,   0.118,decoder_by_matrix,5c8c81bfec719079c388cedc47a351f264c1bf769ae28a89f9b4fc7719fea501,"{""distance"":3,""physical_error_rate"":0.0005}","{""detection_events"":144,""detectors_checked"":165888}"
      4096,         0,         0,   0.129,decoder_by_matrix,beec9fd12293a9cfe53c9b61fb8ce2a525e4eed38fa75d132d6dc64699336876,"{""distance"":3,""physical_error_rate"":0.0001}","{""detection_events"":45,""detectors_checked"":221184}"
      3072,         0,         0,   0.120,decoder_by_matrix,5c8c81bfec719079c388cedc47a351f264c1bf769ae28a89f9b4fc7719fea501,"{""distance"":3,""physical_error_rate"":0.0005}","{""detection_events"":207,""detectors_checked"":165888}"
   2833408,        59,         0,   117.0,decoder_by_matrix,5c8c81bfec719079c388cedc47a351f264c1bf769ae28a89f9b4fc7719fea501,"{""distance"":3,""physical_error_rate"":0.0005}","{""detection_events"":208881,""detectors_checked"":153004032,""obs_mistake_mask=E"":59}"
      3072,         0,         0,   0.129,decoder_by_matrix,beec9fd12293a9cfe53c9b61fb8ce2a525e4eed38fa75d132d6dc64699336876,"{""distance"":3,""physical_error_rate"":0.0001}","{""detection_events"":78,""detectors_checked"":165888}"
      2048,         0,         0,   0.128,decoder_by_matrix,5c8c81bfec719079c388cedc47a351f264c1bf769ae28a89f9b4fc7719fea501,"{""distance"":3,""physical_error_rate"":0.0005}","{""detection_events"":219,""detectors_checked"":110592}"
      3072,         0,         0,   0.129,decoder_by_matrix,beec9fd12293a9cfe53c9b61fb8ce2a525e4eed38fa75d132d6dc64699336876,"{""distance"":3,""physical_error_rate"":0.0001}","{""detection_events"":33,""detectors_checked"":165888}"
   2837504,        61,         0,   117.5,decoder_by_matrix,5c8c81bfec719079c388cedc47a351f264c1bf769ae28a89f9b4fc7719fea501,"{""distance"":3,""physical_error_rate"":0.0005}","{""detection_events"":207444,""detectors_checked"":153225216,""obs_mistake_mask=E"":61}"
      3072,         0,         0,   0.154,decoder_by_matrix,5c8c81bfec719079c388cedc47a351f264c1bf769ae28a89f9b4fc7719fea501,"{""distance"":3,""physical_error_rate"":0.0005}","{""detection_events"":213,""detectors_checked"":165888}"
      3072,         0,         0,   0.130,decoder_by_matrix,beec9fd12293a9cfe53c9b61fb8ce2a525e4eed38fa75d132d6dc64699336876,"{""distance"":3,""physical_error_rate"":0.0001}","{""detection_events"":72,""detectors_checked"":165888}"
      3072,         0,         0,   0.130,decoder_by_matrix,5c8c81bfec719079c388cedc47a351f264c1bf769ae28a89f9b4fc7719fea501,"{""distance"":3,""physical_error_rate"":0.0005}","{""detection_events"":240,""detectors_checked"":165888}"
      4096,         0,         0,   0.130,decoder_by_matrix,beec9fd12293a9cfe53c9b61fb8ce2a525e4eed38fa75d132d6dc64699336876,"{""distance"":3,""physical_error_rate"":0.0001}","{""detection_events"":33,""detectors_checked"":221184}"
      3072,         0,         0,   0.123,decoder_by_matrix,beec9fd12293a9cfe53c9b61fb8ce2a525e4eed38fa75d132d6dc64699336876,"{""distance"":3,""physical_error_rate"":0.0001}","{""detection_events"":33,""detectors_checked"":165888}"
      3072,         0,         0,   0.124,decoder_by_matrix,5c8c81bfec719079c388cedc47a351f264c1bf769ae28a89f9b4fc7719fea501,"{""distance"":3,""physical_error_rate"":0.0005}","{""detection_events"":255,""detectors_checked"":165888}"
      3072,         0,         0,   0.165,decoder_by_matrix,5c8c81bfec719079c388cedc47a351f264c1bf769ae28a89f9b4fc7719fea501,"{""distance"":3,""physical_error_rate"":0.0005}","{""detection_events"":282,""detectors_checked"":165888}"
      2048,         0,         0,   0.125,decoder_by_matrix,beec9fd12293a9cfe53c9b61fb8ce2a525e4eed38fa75d132d6dc64699336876,"{""distance"":3,""physical_error_rate"":0.0001}","{""detection_events"":36,""detectors_checked"":110592}"
      2048,         0,         0,   0.089,decoder_by_matrix,5c8c81bfec719079c388cedc47a351f264c1bf769ae28a89f9b4fc7719fea501,"{""distance"":3,""physical_error_rate"":0.0005}","{""detection_events"":162,""detectors_checked"":110592}"
      3072,         0,         0,   0.122,decoder_by_matrix,beec9fd12293a9cfe53c9b61fb8ce2a525e4eed38fa75d132d6dc64699336876,"{""distance"":3,""physical_error_rate"":0.0001}","{""detection_events"":36,""detectors_checked"":165888}"
      3072,         0,         0,   0.134,decoder_by_matrix,5c8c81bfec719079c388cedc47a351f264c1bf769ae28a89f9b4fc7719fea501,"{""distance"":3,""physical_error_rate"":0.0005}","{""detection_events"":246,""detectors_checked"":165888}"
      4096,         0,         0,   0.127,decoder_by_matrix,beec9fd12293a9cfe53c9b61fb8ce2a525e4eed38fa75d132d6dc64699336876,"{""distance"":3,""physical_error_rate"":0.0001}","{""detection_events"":45,""detectors_checked"":221184}"
      3072,         0,         0,   0.119,decoder_by_matrix,5c8c81bfec719079c388cedc47a351f264c1bf769ae28a89f9b4fc7719fea501,"{""distance"":3,""physical_error_rate"":0.0005}","{""detection_events"":237,""detectors_checked"":165888}"
      3072,         0,         0,   0.131,decoder_by_matrix,beec9fd12293a9cfe53c9b61fb8ce2a525e4eed38fa75d132d6dc64699336876,"{""distance"":3,""physical_error_rate"":0.0001}","{""detection_events"":60,""detectors_checked"":165888}"
      3072,         0,         0,   0.131,decoder_by_matrix,5c8c81bfec719079c388cedc47a351f264c1bf769ae28a89f9b4fc7719fea501,"{""distance"":3,""physical_error_rate"":0.0005}","{""detection_events"":183,""detectors_checked"":165888}"
      3072,         0,         0,   0.128,decoder_by_matrix,beec9fd12293a9cfe53c9b61fb8ce2a525e4eed38fa75d132d6dc64699336876,"{""distance"":3,""physical_error_rate"":0.0001}","{""detection_events"":45,""detectors_checked"":165888}"
      3072,         1,         0,   0.121,decoder_by_matrix,5c8c81bfec719079c388cedc47a351f264c1bf769ae28a89f9b4fc7719fea501,"{""distance"":3,""physical_error_rate"":0.0005}","{""detection_events"":234,""detectors_checked"":165888,""obs_mistake_mask=E"":1}"
      6144,         0,         0,   0.253,decoder_by_matrix,beec9fd12293a9cfe53c9b61fb8ce2a525e4eed38fa75d132d6dc64699336876,"{""distance"":3,""physical_error_rate"":0.0001}","{""detection_events"":90,""detectors_checked"":331776}"
      6144,         1,         0,   0.254,decoder_by_matrix,5c8c81bfec719079c388cedc47a351f264c1bf769ae28a89f9b4fc7719fea501,"{""distance"":3,""physical_error_rate"":0.0005}","{""detection_events"":519,""detectors_checked"":331776,""obs_mistake_mask=E"":1}"
      3072,         0,         0,   0.176,decoder_by_matrix,5c8c81bfec719079c388cedc47a351f264c1bf769ae28a89f9b4fc7719fea501,"{""distance"":3,""physical_error_rate"":0.0005}","{""detection_events"":312,""detectors_checked"":165888}"
      6144,         0,         0,   0.258,decoder_by_matrix,beec9fd12293a9cfe53c9b61fb8ce2a525e4eed38fa75d132d6dc64699336876,"{""distance"":3,""physical_error_rate"":0.0001}","{""detection_events"":87,""detectors_checked"":331776}"
      7168,         0,         0,   0.235,decoder_by_matrix,beec9fd12293a9cfe53c9b61fb8ce2a525e4eed38fa75d132d6dc64699336876,"{""distance"":3,""physical_error_rate"":0.0001}","{""detection_events"":66,""detectors_checked"":387072}"
      6144,         0,         0,   0.256,decoder_by_matrix,5c8c81bfec719079c388cedc47a351f264c1bf769ae28a89f9b4fc7719fea501,"{""distance"":3,""physical_error_rate"":0.0005}","{""detection_events"":408,""detectors_checked"":331776}"
      6144,         1,         0,   0.257,decoder_by_matrix,5c8c81bfec719079c388cedc47a351f264c1bf769ae28a89f9b4fc7719fea501,"{""distance"":3,""physical_error_rate"":0.0005}","{""detection_events"":450,""detectors_checked"":331776,""obs_mistake_mask=E"":1}"
      7168,         0,         0,   0.260,decoder_by_matrix,beec9fd12293a9cfe53c9b61fb8ce2a525e4eed38fa75d132d6dc64699336876,"{""distance"":3,""physical_error_rate"":0.0001}","{""detection_events"":93,""detectors_checked"":387072}"
      6144,         0,         0,   0.289,decoder_by_matrix,beec9fd12293a9cfe53c9b61fb8ce2a525e4eed38fa75d132d6dc64699336876,"{""distance"":3,""physical_error_rate"":0.0001}","{""detection_events"":60,""detectors_checked"":331776}"
      8192,         0,         0,   0.342,decoder_by_matrix,5c8c81bfec719079c388cedc47a351f264c1bf769ae28a89f9b4fc7719fea501,"{""distance"":3,""physical_error_rate"":0.0005}","{""detection_events"":708,""detectors_checked"":442368}"
      9216,         0,         0,   0.402,decoder_by_matrix,5c8c81bfec719079c388cedc47a351f264c1bf769ae28a89f9b4fc7719fea501,"{""distance"":3,""physical_error_rate"":0.0005}","{""detection_events"":678,""detectors_checked"":497664}"
     11264,         0,         0,   0.382,decoder_by_matrix,beec9fd12293a9cfe53c9b61fb8ce2a525e4eed38fa75d132d6dc64699336876,"{""distance"":3,""physical_error_rate"":0.0001}","{""detection_events"":144,""detectors_checked"":608256}"
     13312,         0,         0,   0.513,decoder_by_matrix,beec9fd12293a9cfe53c9b61fb8ce2a525e4eed38fa75d132d6dc64699336876,"{""distance"":3,""physical_error_rate"":0.0001}","{""detection_events"":183,""detectors_checked"":718848}"
     12288,         0,         0,   0.523,decoder_by_matrix,5c8c81bfec719079c388cedc47a351f264c1bf769ae28a89f9b4fc7719fea501,"{""distance"":3,""physical_error_rate"":0.0005}","{""detection_events"":849,""detectors_checked"":663552}"
     12288,         0,         0,   0.513,decoder_by_matrix,5c8c81bfec719079c388cedc47a351f264c1bf769ae28a89f9b4fc7719fea501,"{""distance"":3,""physical_error_rate"":0.0005}","{""detection_events"":1047,""detectors_checked"":663552}"
     14336,         0,         0,   0.514,decoder_by_matrix,beec9fd12293a9cfe53c9b61fb8ce2a525e4eed38fa75d132d6dc64699336876,"{""distance"":3,""physical_error_rate"":0.0001}","{""detection_events"":147,""detectors_checked"":774144}"
     15360,         0,         0,   0.579,decoder_by_matrix,beec9fd12293a9cfe53c9b61fb8ce2a525e4eed38fa75d132d6dc64699336876,"{""distance"":3,""physical_error_rate"":0.0001}","{""detection_events"":198,""detectors_checked"":829440}"
     15360,         0,         0,   0.667,decoder_by_matrix,5c8c81bfec719079c388cedc47a351f264c1bf769ae28a89f9b4fc7719fea501,"{""distance"":3,""physical_error_rate"":0.0005}","{""detection_events"":975,""detectors_checked"":829440}"
     15360,         0,         0,   0.654,decoder_by_matrix,5c8c81bfec719079c388cedc47a351f264c1bf769ae28a89f9b4fc7719fea501,"{""distance"":3,""physical_error_rate"":0.0005}","{""detection_events"":999,""detectors_checked"":829440}"
     15360,         0,         0,   0.638,decoder_by_matrix,beec9fd12293a9cfe53c9b61fb8ce2a525e4eed38fa75d132d6dc64699336876,"{""distance"":3,""physical_error_rate"":0.0001}","{""detection_events"":201,""detectors_checked"":829440}"
     22528,         0,         0,   0.880,decoder_by_matrix,beec9fd12293a9cfe53c9b61fb8ce2a525e4eed38fa75d132d6dc64699336876,"{""distance"":3,""physical_error_rate"":0.0001}","{""detection_events"":354,""detectors_checked"":1216512}"
     21504,         0,         0,   0.887,decoder_by_matrix,5c8c81bfec719079c388cedc47a351f264c1bf769ae28a89f9b4fc7719fea501,"{""distance"":3,""physical_error_rate"":0.0005}","{""detection_events"":1701,""detectors_checked"":1161216}"
     19456,         1,         0,   0.858,decoder_by_matrix,5c8c81bfec719079c388cedc47a351f264c1bf769ae28a89f9b4fc7719fea501,"{""distance"":3,""physical_error_rate"":0.0005}","{""detection_events"":1356,""detectors_checked"":1050624,""obs_mistake_mask=E"":1}"
     23552,         0,         0,   0.903,decoder_by_matrix,beec9fd12293a9cfe53c9b61fb8ce2a525e4eed38fa75d132d6dc64699336876,"{""distance"":3,""physical_error_rate"":0.0001}","{""detection_events"":351,""detectors_checked"":1271808}"
     30720,         0,         0,    1.16,decoder_by_matrix,beec9fd12293a9cfe53c9b61fb8ce2a525e4eed38fa75d132d6dc64699336876,"{""distance"":3,""physical_error_rate"":0.0001}","{""detection_events"":360,""detectors_checked"":1658880}"
     27648,         0,         0,    1.13,decoder_by_matrix,5c8c81bfec719079c388cedc47a351f264c1bf769ae28a89f9b4fc7719fea501,"{""distance"":3,""physical_error_rate"":0.0005}","{""detection_events"":2121,""detectors_checked"":1492992}"
     27648,         0,         0,    1.17,decoder_by_matrix,5c8c81bfec719079c388cedc47a351f264c1bf769ae28a89f9b4fc7719fea501,"{""distance"":3,""physical_error_rate"":0.0005}","{""detection_events"":1836,""detectors_checked"":1492992}"
     30720,         0,         0,    1.16,decoder_by_matrix,beec9fd12293a9cfe53c9b61fb8ce2a525e4eed38fa75d132d6dc64699336876,"{""distance"":3,""physical_error_rate"":0.0001}","{""detection_events"":519,""detectors_checked"":1658880}"
     43008,         0,         0,    1.67,decoder_by_matrix,beec9fd12293a9cfe53c9b61fb8ce2a525e4eed38fa75d132d6dc64699336876,"{""distance"":3,""physical_error_rate"":0.0001}","{""detection_events"":783,""detectors_checked"":2322432}"
     35840,         1,         0,    1.57,decoder_by_matrix,5c8c81bfec719079c388cedc47a351f264c1bf769ae28a89f9b4fc7719fea501,"{""distance"":3,""physical_error_rate"":0.0005}","{""detection_events"":2871,""detectors_checked"":1935360,""obs_mistake_mask=E"":1}"
     35840,         1,         0,    1.57,decoder_by_matrix,5c8c81bfec719079c388cedc47a351f264c1bf769ae28a89f9b4fc7719fea501,"{""distance"":3,""physical_error_rate"":0.0005}","{""detection_events"":2964,""detectors_checked"":1935360,""obs_mistake_mask=E"":1}"
     41984,         0,         0,    1.53,decoder_by_matrix,beec9fd12293a9cfe53c9b61fb8ce2a525e4eed38fa75d132d6dc64699336876,"{""distance"":3,""physical_error_rate"":0.0001}","{""detection_events"":720,""detectors_checked"":2267136}"
     55296,         0,         0,    2.20,decoder_by_matrix,beec9fd12293a9cfe53c9b61fb8ce2a525e4eed38fa75d132d6dc64699336876,"{""distance"":3,""physical_error_rate"":0.0001}","{""detection_events"":900,""detectors_checked"":2985984}"
     52224,         1,         0,    2.08,decoder_by_matrix,5c8c81bfec719079c388cedc47a351f264c1bf769ae28a89f9b4fc7719fea501,"{""distance"":3,""physical_error_rate"":0.0005}","{""detection_events"":3852,""detectors_checked"":2820096,""obs_mistake_mask=E"":1}"
     54272,         4,         0,    2.29,decoder_by_matrix,5c8c81bfec719079c388cedc47a351f264c1bf769ae28a89f9b4fc7719fea501,"{""distance"":3,""physical_error_rate"":0.0005}","{""detection_events"":3945,""detectors_checked"":2930688,""obs_mistake_mask=E"":4}"
     61440,         0,         0,    1.95,decoder_by_matrix,beec9fd12293a9cfe53c9b61fb8ce2a525e4eed38fa75d132d6dc64699336876,"{""distance"":3,""physical_error_rate"":0.0001}","{""detection_events"":771,""detectors_checked"":3317760}"
     78848,         0,         0,    3.06,decoder_by_matrix,beec9fd12293a9cfe53c9b61fb8ce2a525e4eed38fa75d132d6dc64699336876,"{""distance"":3,""physical_error_rate"":0.0001}","{""detection_events"":1155,""detectors_checked"":4257792}"
     72704,         0,         0,    2.94,decoder_by_matrix,5c8c81bfec719079c388cedc47a351f264c1bf769ae28a89f9b4fc7719fea501,"{""distance"":3,""physical_error_rate"":0.0005}","{""detection_events"":5625,""detectors_checked"":3926016}"
     72704,         0,         0,    3.09,decoder_by_matrix,5c8c81bfec719079c388cedc47a351f264c1bf769ae28a89f9b4fc7719fea501,"{""distance"":3,""physical_error_rate"":0.0005}","{""detection_events"":5205,""detectors_checked"":3926016}"
     82944,         0,         0,    2.94,decoder_by_matrix,beec9fd12293a9cfe53c9b61fb8ce2a525e4eed38fa75d132d6dc64699336876,"{""distance"":3,""physical_error_rate"":0.0001}","{""detection_events"":1200,""detectors_checked"":4478976}"
    111616,         0,         0,    4.28,decoder_by_matrix,beec9fd12293a9cfe53c9b61fb8ce2a525e4eed38fa75d132d6dc64699336876,"{""distance"":3,""physical_error_rate"":0.0001}","{""detection_events"":1380,""detectors_checked"":6027264}"
    102400,         2,         0,    4.24,decoder_by_matrix,5c8c81bfec719079c388cedc47a351f264c1bf769ae28a89f9b4fc7719fea501,"{""distance"":3,""physical_error_rate"":0.0005}","{""detection_events"":7593,""detectors_checked"":5529600,""obs_mistake_mask=E"":2}"
    101376,         3,         0,    4.16,decoder_by_matrix,5c8c81bfec719079c388cedc47a351f264c1bf769ae28a89f9b4fc7719fea501,"{""distance"":3,""physical_error_rate"":0.0005}","{""detection_events"":7311,""detectors_checked"":5474304,""obs_mistake_mask=E"":3}"
    109568,         0,         0,    4.04,decoder_by_matrix,beec9fd12293a9cfe53c9b61fb8ce2a525e4eed38fa75d132d6dc64699336876,"{""distance"":3,""physical_error_rate"":0.0001}","{""detection_events"":1746,""detectors_checked"":5916672}"
    156672,         0,         0,    6.04,decoder_by_matrix,beec9fd12293a9cfe53c9b61fb8ce2a525e4eed38fa75d132d6dc64699336876,"{""distance"":3,""physical_error_rate"":0.0001}","{""detection_events"":2457,""detectors_checked"":8460288}"
    141312,         3,         0,    5.85,decoder_by_matrix,5c8c81bfec719079c388cedc47a351f264c1bf769ae28a89f9b4fc7719fea501,"{""distance"":3,""physical_error_rate"":0.0005}","{""detection_events"":10437,""detectors_checked"":7630848,""obs_mistake_mask=E"":3}"
    141312,         4,         0,    5.76,decoder_by_matrix,5c8c81bfec719079c388cedc47a351f264c1bf769ae28a89f9b4fc7719fea501,"{""distance"":3,""physical_error_rate"":0.0005}","{""detection_events"":10740,""detectors_checked"":7630848,""obs_mistake_mask=E"":4}"
    164864,         0,         0,    5.76,decoder_by_matrix,beec9fd12293a9cfe53c9b61fb8ce2a525e4eed38fa75d132d6dc64699336876,"{""distance"":3,""physical_error_rate"":0.0001}","{""detection_events"":2232,""detectors_checked"":8902656}"
   6824960,         0,         0,   116.3,decoder_by_matrix,560c721f87db01d4cacf7dcb7d8812fecde61e9e7776d4b9e1b1a792578ecad7,"{""distance"":3,""physical_error_rate"":5e-06}","{""detection_events"":4905,""detectors_checked"":368547840}"
   6037504,         0,         0,   115.4,decoder_by_matrix,e25b8d07214a8afb95d354611a83b9bb1ded39644e323a8585b3aabf687a4fff,"{""distance"":3,""physical_error_rate"":1e-05}","{""detection_events"":8586,""detectors_checked"":326025216}"
    226304,         0,         0,    8.21,decoder_by_matrix,beec9fd12293a9cfe53c9b61fb8ce2a525e4eed38fa75d132d6dc64699336876,"{""distance"":3,""physical_error_rate"":0.0001}","{""detection_events"":3306,""detectors_checked"":12220416}"
   7708672,         0,         0,   114.4,decoder_by_matrix,e9839e3017c9ef118c4b8aeafef39e78c11ecbdb89764e9ca676a7dc2fb6d062,"{""distance"":3,""physical_error_rate"":1e-06}","{""detection_events"":1167,""detectors_checked"":416268288}"
    199680,         3,         0,    8.45,decoder_by_matrix,5c8c81bfec719079c388cedc47a351f264c1bf769ae28a89f9b4fc7719fea501,"{""distance"":3,""physical_error_rate"":0.0005}","{""detection_events"":14466,""detectors_checked"":10782720,""obs_mistake_mask=E"":3}"
    219136,         0,         0,    8.13,decoder_by_matrix,beec9fd12293a9cfe53c9b61fb8ce2a525e4eed38fa75d132d6dc64699336876,"{""distance"":3,""physical_error_rate"":0.0001}","{""detection_events"":3138,""detectors_checked"":11833344}"
    198656,         4,         0,    8.21,decoder_by_matrix,5c8c81bfec719079c388cedc47a351f264c1bf769ae28a89f9b4fc7719fea501,"{""distance"":3,""physical_error_rate"":0.0005}","{""detection_events"":14778,""detectors_checked"":10727424,""obs_mistake_mask=E"":4}"
   3732480,         0,         0,   117.9,decoder_by_matrix,36e3cd26fed5ec7649ec51fb08c1a5e7d7f30e615782d954fee045c18a4962ca,"{""distance"":3,""physical_error_rate"":5e-05}","{""detection_events"":27885,""detectors_checked"":201553920}"
    306176,         0,         0,    11.3,decoder_by_matrix,beec9fd12293a9cfe53c9b61fb8ce2a525e4eed38fa75d132d6dc64699336876,"{""distance"":3,""physical_error_rate"":0.0001}","{""detection_events"":4824,""detectors_checked"":16533504}"
    276480,         5,         0,    11.5,decoder_by_matrix,5c8c81bfec719079c388cedc47a351f264c1bf769ae28a89f9b4fc7719fea501,"{""distance"":3,""physical_error_rate"":0.0005}","{""detection_events"":20193,""detectors_checked"":14929920,""obs_mistake_mask=E"":5}"
    275456,         4,         0,    11.2,decoder_by_matrix,5c8c81bfec719079c388cedc47a351f264c1bf769ae28a89f9b4fc7719fea501,"{""distance"":3,""physical_error_rate"":0.0005}","{""detection_events"":20064,""detectors_checked"":14874624,""obs_mistake_mask=E"":4}"
    304128,         2,         0,    11.3,decoder_by_matrix,beec9fd12293a9cfe53c9b61fb8ce2a525e4eed38fa75d132d6dc64699336876,"{""distance"":3,""physical_error_rate"":0.0001}","{""detection_events"":4731,""detectors_checked"":16422912,""obs_mistake_mask=E"":2}"
    435200,         1,         0,    15.9,decoder_by_matrix,beec9fd12293a9cfe53c9b61fb8ce2a525e4eed38fa75d132d6dc64699336876,"{""distance"":3,""physical_error_rate"":0.0001}","{""detection_events"":6501,""detectors_checked"":23500800,""obs_mistake_mask=E"":1}"
    388096,        10,         0,    15.9,decoder_by_matrix,5c8c81bfec719079c388cedc47a351f264c1bf769ae28a89f9b4fc7719fea501,"{""distance"":3,""physical_error_rate"":0.0005}","{""detection_events"":28425,""detectors_checked"":20957184,""obs_mistake_mask=E"":10}"
    431104,         0,         0,    16.1,decoder_by_matrix,beec9fd12293a9cfe53c9b61fb8ce2a525e4eed38fa75d132d6dc64699336876,"{""distance"":3,""physical_error_rate"":0.0001}","{""detection_events"":6237,""detectors_checked"":23279616}"
    388096,         6,         0,    16.2,decoder_by_matrix,5c8c81bfec719079c388cedc47a351f264c1bf769ae28a89f9b4fc7719fea501,"{""distance"":3,""physical_error_rate"":0.0005}","{""detection_events"":27990,""detectors_checked"":20957184,""obs_mistake_mask=E"":6}"
    606208,         1,         0,    21.8,decoder_by_matrix,beec9fd12293a9cfe53c9b61fb8ce2a525e4eed38fa75d132d6dc64699336876,"{""distance"":3,""physical_error_rate"":0.0001}","{""detection_events"":8898,""detectors_checked"":32735232,""obs_mistake_mask=E"":1}"
    541696,         9,         0,    22.5,decoder_by_matrix,5c8c81bfec719079c388cedc47a351f264c1bf769ae28a89f9b4fc7719fea501,"{""distance"":3,""physical_error_rate"":0.0005}","{""detection_events"":40371,""detectors_checked"":29251584,""obs_mistake_mask=E"":9}"
    593920,         1,         0,    22.6,decoder_by_matrix,beec9fd12293a9cfe53c9b61fb8ce2a525e4eed38fa75d132d6dc64699336876,"{""distance"":3,""physical_error_rate"":0.0001}","{""detection_events"":8985,""detectors_checked"":32071680,""obs_mistake_mask=E"":1}"
    540672,        13,         0,    22.6,decoder_by_matrix,5c8c81bfec719079c388cedc47a351f264c1bf769ae28a89f9b4fc7719fea501,"{""distance"":3,""physical_error_rate"":0.0005}","{""detection_events"":39660,""detectors_checked"":29196288,""obs_mistake_mask=E"":13}"
   6081536,         0,         0,   114.6,decoder_by_matrix,e25b8d07214a8afb95d354611a83b9bb1ded39644e323a8585b3aabf687a4fff,"{""distance"":3,""physical_error_rate"":1e-05}","{""detection_events"":8631,""detectors_checked"":328402944}"
   6797312,         0,         0,   114.6,decoder_by_matrix,560c721f87db01d4cacf7dcb7d8812fecde61e9e7776d4b9e1b1a792578ecad7,"{""distance"":3,""physical_error_rate"":5e-06}","{""detection_events"":4839,""detectors_checked"":367054848}"
   3789824,         2,         0,   117.3,decoder_by_matrix,36e3cd26fed5ec7649ec51fb08c1a5e7d7f30e615782d954fee045c18a4962ca,"{""distance"":3,""physical_error_rate"":5e-05}","{""detection_events"":27297,""detectors_checked"":204650496,""obs_mistake_mask=E"":2}"
   7672832,         0,         0,   113.9,decoder_by_matrix,e9839e3017c9ef118c4b8aeafef39e78c11ecbdb89764e9ca676a7dc2fb6d062,"{""distance"":3,""physical_error_rate"":1e-06}","{""detection_events"":1152,""detectors_checked"":414332928}"
    758784,        12,         0,    31.9,decoder_by_matrix,5c8c81bfec719079c388cedc47a351f264c1bf769ae28a89f9b4fc7719fea501,"{""distance"":3,""physical_error_rate"":0.0005}","{""detection_events"":56442,""detectors_checked"":40974336,""obs_mistake_mask=E"":12}"
    845824,         0,         0,    31.8,decoder_by_matrix,beec9fd12293a9cfe53c9b61fb8ce2a525e4eed38fa75d132d6dc64699336876,"{""distance"":3,""physical_error_rate"":0.0001}","{""detection_events"":12069,""detectors_checked"":45674496}"
    838656,         0,         0,    32.0,decoder_by_matrix,beec9fd12293a9cfe53c9b61fb8ce2a525e4eed38fa75d132d6dc64699336876,"{""distance"":3,""physical_error_rate"":0.0001}","{""detection_events"":12150,""detectors_checked"":45287424}"
    758784,        16,         0,    31.3,decoder_by_matrix,5c8c81bfec719079c388cedc47a351f264c1bf769ae28a89f9b4fc7719fea501,"{""distance"":3,""physical_error_rate"":0.0005}","{""detection_events"":55248,""detectors_checked"":40974336,""obs_mistake_mask=E"":16}"
   7658496,         0,         0,   113.1,decoder_by_matrix,e9839e3017c9ef118c4b8aeafef39e78c11ecbdb89764e9ca676a7dc2fb6d062,"{""distance"":3,""physical_error_rate"":1e-06}","{""detection_events"":1149,""detectors_checked"":413558784}"
   5995520,         0,         0,   115.7,decoder_by_matrix,e25b8d07214a8afb95d354611a83b9bb1ded39644e323a8585b3aabf687a4fff,"{""distance"":3,""physical_error_rate"":1e-05}","{""detection_events"":9153,""detectors_checked"":323758080}"
   6824960,         0,         0,   114.9,decoder_by_matrix,560c721f87db01d4cacf7dcb7d8812fecde61e9e7776d4b9e1b1a792578ecad7,"{""distance"":3,""physical_error_rate"":5e-06}","{""detection_events"":5205,""detectors_checked"":368547840}"
   3780608,         0,         0,   117.8,decoder_by_matrix,36e3cd26fed5ec7649ec51fb08c1a5e7d7f30e615782d954fee045c18a4962ca,"{""distance"":3,""physical_error_rate"":5e-05}","{""detection_events"":27471,""detectors_checked"":204152832}"
   2845696,        46,         0,   116.8,decoder_by_matrix,5c8c81bfec719079c388cedc47a351f264c1bf769ae28a89f9b4fc7719fea501,"{""distance"":3,""physical_error_rate"":0.0005}","{""detection_events"":206706,""detectors_checked"":153667584,""obs_mistake_mask=E"":46}"
   7696384,         0,         0,   114.4,decoder_by_matrix,e9839e3017c9ef118c4b8aeafef39e78c11ecbdb89764e9ca676a7dc2fb6d062,"{""distance"":3,""physical_error_rate"":1e-06}","{""detection_events"":1164,""detectors_checked"":415604736}"
   7727104,         0,         0,   115.3,decoder_by_matrix,e9839e3017c9ef118c4b8aeafef39e78c11ecbdb89764e9ca676a7dc2fb6d062,"{""distance"":3,""physical_error_rate"":1e-06}","{""detection_events"":1032,""detectors_checked"":417263616}"
   3164160,         4,         0,   117.1,decoder_by_matrix,beec9fd12293a9cfe53c9b61fb8ce2a525e4eed38fa75d132d6dc64699336876,"{""distance"":3,""physical_error_rate"":0.0001}","{""detection_events"":46278,""detectors_checked"":170864640,""obs_mistake_mask=E"":4}"
   2845696,        44,         0,   117.6,decoder_by_matrix,5c8c81bfec719079c388cedc47a351f264c1bf769ae28a89f9b4fc7719fea501,"{""distance"":3,""physical_error_rate"":0.0005}","{""detection_events"":205167,""detectors_checked"":153667584,""obs_mistake_mask=E"":44}"
   6129664,         0,         0,   113.8,decoder_by_matrix,e25b8d07214a8afb95d354611a83b9bb1ded39644e323a8585b3aabf687a4fff,"{""distance"":3,""physical_error_rate"":1e-05}","{""detection_events"":8367,""detectors_checked"":331001856}"
   3155968,         0,         0,   117.2,decoder_by_matrix,beec9fd12293a9cfe53c9b61fb8ce2a525e4eed38fa75d132d6dc64699336876,"{""distance"":3,""physical_error_rate"":0.0001}","{""detection_events"":45384,""detectors_checked"":170422272}"
   3755008,         1,         0,   116.8,decoder_by_matrix,36e3cd26fed5ec7649ec51fb08c1a5e7d7f30e615782d954fee045c18a4962ca,"{""distance"":3,""physical_error_rate"":5e-05}","{""detection_events"":27318,""detectors_checked"":202770432,""obs_mistake_mask=E"":1}"
   6863872,         0,         0,   115.7,decoder_by_matrix,560c721f87db01d4cacf7dcb7d8812fecde61e9e7776d4b9e1b1a792578ecad7,"{""distance"":3,""physical_error_rate"":5e-06}","{""detection_events"":4674,""detectors_checked"":370649088}"
   6808576,         0,         0,   116.4,decoder_by_matrix,560c721f87db01d4cacf7dcb7d8812fecde61e9e7776d4b9e1b1a792578ecad7,"{""distance"":3,""physical_error_rate"":5e-06}","{""detection_events"":4734,""detectors_checked"":367663104}"
   6039552,         0,         0,   115.5,decoder_by_matrix,e25b8d07214a8afb95d354611a83b9bb1ded39644e323a8585b3aabf687a4fff,"{""distance"":3,""physical_error_rate"":1e-05}","{""detection_events"":8589,""detectors_checked"":326135808}"
   3781632,         0,         0,   116.4,decoder_by_matrix,36e3cd26fed5ec7649ec51fb08c1a5e7d7f30e615782d954fee045c18a4962ca,"{""distance"":3,""physical_error_rate"":5e-05}","{""detection_events"":27063,""detectors_checked"":204208128}"
   3116032,         4,         0,   118.2,decoder_by_matrix,beec9fd12293a9cfe53c9b61fb8ce2a525e4eed38fa75d132d6dc64699336876,"{""distance"":3,""physical_error_rate"":0.0001}","{""detection_events"":45528,""detectors_checked"":168265728,""obs_mistake_mask=E"":4}"
   3166208,         4,         0,   117.0,decoder_by_matrix,beec9fd12293a9cfe53c9b61fb8ce2a525e4eed38fa75d132d6dc64699336876,"{""distance"":3,""physical_error_rate"":0.0001}","{""detection_events"":46284,""detectors_checked"":170975232,""obs_mistake_mask=E"":4}"
   2834432,        52,         0,   117.3,decoder_by_matrix,5c8c81bfec719079c388cedc47a351f264c1bf769ae28a89f9b4fc7719fea501,"{""distance"":3,""physical_error_rate"":0.0005}","{""detection_events"":206259,""detectors_checked"":153059328,""obs_mistake_mask=E"":52}"
   2837504,        49,         0,   116.6,decoder_by_matrix,5c8c81bfec719079c388cedc47a351f264c1bf769ae28a89f9b4fc7719fea501,"{""distance"":3,""physical_error_rate"":0.0005}","{""detection_events"":205695,""detectors_checked"":153225216,""obs_mistake_mask=E"":49}"
   6801408,         0,         0,   114.6,decoder_by_matrix,560c721f87db01d4cacf7dcb7d8812fecde61e9e7776d4b9e1b1a792578ecad7,"{""distance"":3,""physical_error_rate"":5e-06}","{""detection_events"":4809,""detectors_checked"":367276032}"
   6033408,         0,         0,   115.2,decoder_by_matrix,e25b8d07214a8afb95d354611a83b9bb1ded39644e323a8585b3aabf687a4fff,"{""distance"":3,""physical_error_rate"":1e-05}","{""detection_events"":9036,""detectors_checked"":325804032}"
   7695360,         0,         0,   115.8,decoder_by_matrix,e9839e3017c9ef118c4b8aeafef39e78c11ecbdb89764e9ca676a7dc2fb6d062,"{""distance"":3,""physical_error_rate"":1e-06}","{""detection_events"":1245,""detectors_checked"":415549440}"
   3771392,         0,         0,   117.9,decoder_by_matrix,36e3cd26fed5ec7649ec51fb08c1a5e7d7f30e615782d954fee045c18a4962ca,"{""distance"":3,""physical_error_rate"":5e-05}","{""detection_events"":27294,""detectors_checked"":203655168}"
   1172480,         0,         0,    43.4,decoder_by_matrix,beec9fd12293a9cfe53c9b61fb8ce2a525e4eed38fa75d132d6dc64699336876,"{""distance"":3,""physical_error_rate"":0.0001}","{""detection_events"":17460,""detectors_checked"":63313920}"
   1062912,        16,         0,    43.6,decoder_by_matrix,5c8c81bfec719079c388cedc47a351f264c1bf769ae28a89f9b4fc7719fea501,"{""distance"":3,""physical_error_rate"":0.0005}","{""detection_events"":77361,""detectors_checked"":57397248,""obs_mistake_mask=E"":16}"
   1185792,         1,         0,    44.8,decoder_by_matrix,beec9fd12293a9cfe53c9b61fb8ce2a525e4eed38fa75d132d6dc64699336876,"{""distance"":3,""physical_error_rate"":0.0001}","{""detection_events"":17478,""detectors_checked"":64032768,""obs_mistake_mask=E"":1}"
   1063936,        24,         0,    44.1,decoder_by_matrix,5c8c81bfec719079c388cedc47a351f264c1bf769ae28a89f9b4fc7719fea501,"{""distance"":3,""physical_error_rate"":0.0005}","{""detection_events"":77301,""detectors_checked"":57452544,""obs_mistake_mask=E"":24}"
   5999616,         0,         0,   115.6,decoder_by_matrix,e25b8d07214a8afb95d354611a83b9bb1ded39644e323a8585b3aabf687a4fff,"{""distance"":3,""physical_error_rate"":1e-05}","{""detection_events"":8859,""detectors_checked"":323979264}"
   3784704,         0,         0,   117.4,decoder_by_matrix,36e3cd26fed5ec7649ec51fb08c1a5e7d7f30e615782d954fee045c18a4962ca,"{""distance"":3,""physical_error_rate"":5e-05}","{""detection_events"":28203,""detectors_checked"":204374016}"
   6806528,         0,         0,   115.1,decoder_by_matrix,560c721f87db01d4cacf7dcb7d8812fecde61e9e7776d4b9e1b1a792578ecad7,"{""distance"":3,""physical_error_rate"":5e-06}","{""detection_events"":4893,""detectors_checked"":367552512}"
   7677952,         0,         0,   113.8,decoder_by_matrix,e9839e3017c9ef118c4b8aeafef39e78c11ecbdb89764e9ca676a7dc2fb6d062,"{""distance"":3,""physical_error_rate"":1e-06}","{""detection_events"":1119,""detectors_checked"":414609408}"
   1666048,         3,         0,    61.8,decoder_by_matrix,beec9fd12293a9cfe53c9b61fb8ce2a525e4eed38fa75d132d6dc64699336876,"{""distance"":3,""physical_error_rate"":0.0001}","{""detection_events"":23520,""detectors_checked"":89966592,""obs_mistake_mask=E"":3}"
   1660928,         0,         0,    62.0,decoder_by_matrix,beec9fd12293a9cfe53c9b61fb8ce2a525e4eed38fa75d132d6dc64699336876,"{""distance"":3,""physical_error_rate"":0.0001}","{""detection_events"":24843,""detectors_checked"":89690112}"
   1487872,        32,         0,    62.0,decoder_by_matrix,5c8c81bfec719079c388cedc47a351f264c1bf769ae28a89f9b4fc7719fea501,"{""distance"":3,""physical_error_rate"":0.0005}","{""detection_events"":109629,""detectors_checked"":80345088,""obs_mistake_mask=E"":32}"
   1488896,        25,         0,    61.6,decoder_by_matrix,5c8c81bfec719079c388cedc47a351f264c1bf769ae28a89f9b4fc7719fea501,"{""distance"":3,""physical_error_rate"":0.0005}","{""detection_events"":107787,""detectors_checked"":80400384,""obs_mistake_mask=E"":25}"
   7670784,         0,         0,   113.5,decoder_by_matrix,e9839e3017c9ef118c4b8aeafef39e78c11ecbdb89764e9ca676a7dc2fb6d062,"{""distance"":3,""physical_error_rate"":1e-06}","{""detection_events"":1158,""detectors_checked"":414222336}"
   6074368,         0,         0,   115.2,decoder_by_matrix,e25b8d07214a8afb95d354611a83b9bb1ded39644e323a8585b3aabf687a4fff,"{""distance"":3,""physical_error_rate"":1e-05}","{""detection_events"":8457,""detectors_checked"":328015872}"
   6859776,         0,         0,   115.6,decoder_by_matrix,560c721f87db01d4cacf7dcb7d8812fecde61e9e7776d4b9e1b1a792578ecad7,"{""distance"":3,""physical_error_rate"":5e-06}","{""detection_events"":4854,""detectors_checked"":370427904}"
   2849792,        63,         0,   116.4,decoder_by_matrix,5c8c81bfec719079c388cedc47a351f264c1bf769ae28a89f9b4fc7719fea501,"{""distance"":3,""physical_error_rate"":0.0005}","{""detection_events"":206685,""detectors_checked"":153888768,""obs_mistake_mask=E"":63}"
   3815424,         1,         0,   117.3,decoder_by_matrix,36e3cd26fed5ec7649ec51fb08c1a5e7d7f30e615782d954fee045c18a4962ca,"{""distance"":3,""physical_error_rate"":5e-05}","{""detection_events"":27141,""detectors_checked"":206032896,""obs_mistake_mask=E"":1}"
   7711744,         0,         0,   115.7,decoder_by_matrix,e9839e3017c9ef118c4b8aeafef39e78c11ecbdb89764e9ca676a7dc2fb6d062,"{""distance"":3,""physical_error_rate"":1e-06}","{""detection_events"":1083,""detectors_checked"":416434176}"
   2841600,        40,         0,   116.5,decoder_by_matrix,5c8c81bfec719079c388cedc47a351f264c1bf769ae28a89f9b4fc7719fea501,"{""distance"":3,""physical_error_rate"":0.0005}","{""detection_events"":208287,""detectors_checked"":153446400,""obs_mistake_mask=E"":40}"
   7674880,         0,         0,   115.8,decoder_by_matrix,e9839e3017c9ef118c4b8aeafef39e78c11ecbdb89764e9ca676a7dc2fb6d062,"{""distance"":3,""physical_error_rate"":1e-06}","{""detection_events"":1092,""detectors_checked"":414443520}"
   3155968,         2,         0,   117.4,decoder_by_matrix,beec9fd12293a9cfe53c9b61fb8ce2a525e4eed38fa75d132d6dc64699336876,"{""distance"":3,""physical_error_rate"":0.0001}","{""detection_events"":46368,""detectors_checked"":170422272,""obs_mistake_mask=E"":2}"
   3067904,         1,         0,   117.6,decoder_by_matrix,beec9fd12293a9cfe53c9b61fb8ce2a525e4eed38fa75d132d6dc64699336876,"{""distance"":3,""physical_error_rate"":0.0001}","{""detection_events"":45126,""detectors_checked"":165666816,""obs_mistake_mask=E"":1}"
   6049792,         0,         0,   114.5,decoder_by_matrix,e25b8d07214a8afb95d354611a83b9bb1ded39644e323a8585b3aabf687a4fff,"{""distance"":3,""physical_error_rate"":1e-05}","{""detection_events"":8523,""detectors_checked"":326688768}"
   3760128,         1,         0,   117.8,decoder_by_matrix,36e3cd26fed5ec7649ec51fb08c1a5e7d7f30e615782d954fee045c18a4962ca,"{""distance"":3,""physical_error_rate"":5e-05}","{""detection_events"":26964,""detectors_checked"":203046912,""obs_mistake_mask=E"":1}"
   6781952,         1,         0,   115.6,decoder_by_matrix,560c721f87db01d4cacf7dcb7d8812fecde61e9e7776d4b9e1b1a792578ecad7,"{""distance"":3,""physical_error_rate"":5e-06}","{""detection_events"":5178,""detectors_checked"":366225408,""obs_mistake_mask=E"":1}"
   6816768,         0,         0,   114.8,decoder_by_matrix,560c721f87db01d4cacf7dcb7d8812fecde61e9e7776d4b9e1b1a792578ecad7,"{""distance"":3,""physical_error_rate"":5e-06}","{""detection_events"":4770,""detectors_checked"":368105472}"
   6027264,         0,         0,   116.1,decoder_by_matrix,e25b8d07214a8afb95d354611a83b9bb1ded39644e323a8585b3aabf687a4fff,"{""distance"":3,""physical_error_rate"":1e-05}","{""detection_events"":8547,""detectors_checked"":325472256}"
   3771392,         1,         0,   117.0,decoder_by_matrix,36e3cd26fed5ec7649ec51fb08c1a5e7d7f30e615782d954fee045c18a4962ca,"{""distance"":3,""physical_error_rate"":5e-05}","{""detection_events"":27732,""detectors_checked"":203655168,""obs_mistake_mask=E"":1}"
   3158016,         1,         0,   117.0,decoder_by_matrix,beec9fd12293a9cfe53c9b61fb8ce2a525e4eed38fa75d132d6dc64699336876,"{""distance"":3,""physical_error_rate"":0.0001}","{""detection_events"":45591,""detectors_checked"":170532864,""obs_mistake_mask=E"":1}"
   3137536,         3,         0,   117.5,decoder_by_matrix,beec9fd12293a9cfe53c9b61fb8ce2a525e4eed38fa75d132d6dc64699336876,"{""distance"":3,""physical_error_rate"":0.0001}","{""detection_events"":45999,""detectors_checked"":169426944,""obs_mistake_mask=E"":3}"
   2834432,        48,         0,   117.7,decoder_by_matrix,5c8c81bfec719079c388cedc47a351f264c1bf769ae28a89f9b4fc7719fea501,"{""distance"":3,""physical_error_rate"":0.0005}","{""detection_events"":205791,""detectors_checked"":153059328,""obs_mistake_mask=E"":48}"
   2837504,        54,         0,   117.2,decoder_by_matrix,5c8c81bfec719079c388cedc47a351f264c1bf769ae28a89f9b4fc7719fea501,"{""distance"":3,""physical_error_rate"":0.0005}","{""detection_events"":207591,""detectors_checked"":153225216,""obs_mistake_mask=E"":54}"
   6770688,         0,         0,   116.2,decoder_by_matrix,560c721f87db01d4cacf7dcb7d8812fecde61e9e7776d4b9e1b1a792578ecad7,"{""distance"":3,""physical_error_rate"":5e-06}","{""detection_events"":5340,""detectors_checked"":365617152}"
   6038528,         0,         0,   114.2,decoder_by_matrix,e25b8d07214a8afb95d354611a83b9bb1ded39644e323a8585b3aabf687a4fff,"{""distance"":3,""physical_error_rate"":1e-05}","{""detection_events"":8739,""detectors_checked"":326080512}"
   7715840,         0,         0,   113.8,decoder_by_matrix,e9839e3017c9ef118c4b8aeafef39e78c11ecbdb89764e9ca676a7dc2fb6d062,"{""distance"":3,""physical_error_rate"":1e-06}","{""detection_events"":1194,""detectors_checked"":416655360}"
   3762176,         0,         0,   117.0,decoder_by_matrix,36e3cd26fed5ec7649ec51fb08c1a5e7d7f30e615782d954fee045c18a4962ca,"{""distance"":3,""physical_error_rate"":5e-05}","{""detection_events"":28083,""detectors_checked"":203157504}"
   2314240,         1,         0,    87.2,decoder_by_matrix,beec9fd12293a9cfe53c9b61fb8ce2a525e4eed38fa75d132d6dc64699336876,"{""distance"":3,""physical_error_rate"":0.0001}","{""detection_events"":33504,""detectors_checked"":124968960,""obs_mistake_mask=E"":1}"
   2311168,         3,         0,    86.5,decoder_by_matrix,beec9fd12293a9cfe53c9b61fb8ce2a525e4eed38fa75d132d6dc64699336876,"{""distance"":3,""physical_error_rate"":0.0001}","{""detection_events"":33573,""detectors_checked"":124803072,""obs_mistake_mask=E"":3}"
   2081792,        28,         0,    85.9,decoder_by_matrix,5c8c81bfec719079c388cedc47a351f264c1bf769ae28a89f9b4fc7719fea501,"{""distance"":3,""physical_error_rate"":0.0005}","{""detection_events"":150603,""detectors_checked"":112416768,""obs_mistake_mask=E"":28}"
   2076672,        34,         0,    86.8,decoder_by_matrix,5c8c81bfec719079c388cedc47a351f264c1bf769ae28a89f9b4fc7719fea501,"{""distance"":3,""physical_error_rate"":0.0005}","{""detection_events"":152577,""detectors_checked"":112140288,""obs_mistake_mask=E"":34}"
   3762176,         2,         0,   116.6,decoder_by_matrix,36e3cd26fed5ec7649ec51fb08c1a5e7d7f30e615782d954fee045c18a4962ca,"{""distance"":3,""physical_error_rate"":5e-05}","{""detection_events"":27336,""detectors_checked"":203157504,""obs_mistake_mask=E"":2}"
   6775808,         0,         0,   115.7,decoder_by_matrix,560c721f87db01d4cacf7dcb7d8812fecde61e9e7776d4b9e1b1a792578ecad7,"{""distance"":3,""physical_error_rate"":5e-06}","{""detection_events"":5046,""detectors_checked"":365893632}"
   6004736,         0,         0,   114.9,decoder_by_matrix,e25b8d07214a8afb95d354611a83b9bb1ded39644e323a8585b3aabf687a4fff,"{""distance"":3,""physical_error_rate"":1e-05}","{""detection_events"":8766,""detectors_checked"":324255744}"
   7668736,         0,         0,   115.0,decoder_by_matrix,e9839e3017c9ef118c4b8aeafef39e78c11ecbdb89764e9ca676a7dc2fb6d062,"{""distance"":3,""physical_error_rate"":1e-06}","{""detection_events"":1092,""detectors_checked"":414111744}"
   7663616,         0,         0,   113.6,decoder_by_matrix,e9839e3017c9ef118c4b8aeafef39e78c11ecbdb89764e9ca676a7dc2fb6d062,"{""distance"":3,""physical_error_rate"":1e-06}","{""detection_events"":1122,""detectors_checked"":413835264}"
   5969920,         0,         0,   117.0,decoder_by_matrix,e25b8d07214a8afb95d354611a83b9bb1ded39644e323a8585b3aabf687a4fff,"{""distance"":3,""physical_error_rate"":1e-05}","{""detection_events"":9039,""detectors_checked"":322375680}"
   6782976,         0,         0,   116.3,decoder_by_matrix,560c721f87db01d4cacf7dcb7d8812fecde61e9e7776d4b9e1b1a792578ecad7,"{""distance"":3,""physical_error_rate"":5e-06}","{""detection_events"":5205,""detectors_checked"":366280704}"
   2849792,        60,         0,   118.3,decoder_by_matrix,5c8c81bfec719079c388cedc47a351f264c1bf769ae28a89f9b4fc7719fea501,"{""distance"":3,""physical_error_rate"":0.0005}","{""detection_events"":204609,""detectors_checked"":153888768,""obs_mistake_mask=E"":60}"
   3770368,         0,         0,   116.9,decoder_by_matrix,36e3cd26fed5ec7649ec51fb08c1a5e7d7f30e615782d954fee045c18a4962ca,"{""distance"":3,""physical_error_rate"":5e-05}","{""detection_events"":27255,""detectors_checked"":203599872}"
   2842624,        60,         0,   117.0,decoder_by_matrix,5c8c81bfec719079c388cedc47a351f264c1bf769ae28a89f9b4fc7719fea501,"{""distance"":3,""physical_error_rate"":0.0005}","{""detection_events"":204318,""detectors_checked"":153501696,""obs_mistake_mask=E"":60}"
   7723008,         0,         0,   115.3,decoder_by_matrix,e9839e3017c9ef118c4b8aeafef39e78c11ecbdb89764e9ca676a7dc2fb6d062,"{""distance"":3,""physical_error_rate"":1e-06}","{""detection_events"":1023,""detectors_checked"":417042432}"
   7705600,         0,         0,   114.3,decoder_by_matrix,e9839e3017c9ef118c4b8aeafef39e78c11ecbdb89764e9ca676a7dc2fb6d062,"{""distance"":3,""physical_error_rate"":1e-06}","{""detection_events"":1035,""detectors_checked"":416102400}"
   3180544,         3,         0,   117.5,decoder_by_matrix,beec9fd12293a9cfe53c9b61fb8ce2a525e4eed38fa75d132d6dc64699336876,"{""distance"":3,""physical_error_rate"":0.0001}","{""detection_events"":46923,""detectors_checked"":171749376,""obs_mistake_mask=E"":3}"
   3139584,         3,         0,   116.6,decoder_by_matrix,beec9fd12293a9cfe53c9b61fb8ce2a525e4eed38fa75d132d6dc64699336876,"{""distance"":3,""physical_error_rate"":0.0001}","{""detection_events"":45591,""detectors_checked"":169537536,""obs_mistake_mask=E"":3}"
   6054912,         0,         0,   116.0,decoder_by_matrix,e25b8d07214a8afb95d354611a83b9bb1ded39644e323a8585b3aabf687a4fff,"{""distance"":3,""physical_error_rate"":1e-05}","{""detection_events"":8706,""detectors_checked"":326965248}"
   3728384,         0,         0,   117.6,decoder_by_matrix,36e3cd26fed5ec7649ec51fb08c1a5e7d7f30e615782d954fee045c18a4962ca,"{""distance"":3,""physical_error_rate"":5e-05}","{""detection_events"":27867,""detectors_checked"":201332736}"
   6859776,         0,         0,   114.6,decoder_by_matrix,560c721f87db01d4cacf7dcb7d8812fecde61e9e7776d4b9e1b1a792578ecad7,"{""distance"":3,""physical_error_rate"":5e-06}","{""detection_events"":4518,""detectors_checked"":370427904}"
   6048768,         0,         0,   116.1,decoder_by_matrix,e25b8d07214a8afb95d354611a83b9bb1ded39644e323a8585b3aabf687a4fff,"{""distance"":3,""physical_error_rate"":1e-05}","{""detection_events"":8637,""detectors_checked"":326633472}"
   6863872,         0,         0,   114.7,decoder_by_matrix,560c721f87db01d4cacf7dcb7d8812fecde61e9e7776d4b9e1b1a792578ecad7,"{""distance"":3,""physical_error_rate"":5e-06}","{""detection_events"":4677,""detectors_checked"":370649088}"
   3795968,         0,         0,   117.3,decoder_by_matrix,36e3cd26fed5ec7649ec51fb08c1a5e7d7f30e615782d954fee045c18a4962ca,"{""distance"":3,""physical_error_rate"":5e-05}","{""detection_events"":27108,""detectors_checked"":204982272}"
   3155968,         1,         0,   118.2,decoder_by_matrix,beec9fd12293a9cfe53c9b61fb8ce2a525e4eed38fa75d132d6dc64699336876,"{""distance"":3,""physical_error_rate"":0.0001}","{""detection_events"":46476,""detectors_checked"":170422272,""obs_mistake_mask=E"":1}"
   3107840,         4,         0,   118.3,decoder_by_matrix,beec9fd12293a9cfe53c9b61fb8ce2a525e4eed38fa75d132d6dc64699336876,"{""distance"":3,""physical_error_rate"":0.0001}","{""detection_events"":45156,""detectors_checked"":167823360,""obs_mistake_mask=E"":4}"
   2832384,        56,         0,   117.8,decoder_by_matrix,5c8c81bfec719079c388cedc47a351f264c1bf769ae28a89f9b4fc7719fea501,"{""distance"":3,""physical_error_rate"":0.0005}","{""detection_events"":207174,""detectors_checked"":152948736,""obs_mistake_mask=E"":56}"
   2837504,        51,         0,   116.7,decoder_by_matrix,5c8c81bfec719079c388cedc47a351f264c1bf769ae28a89f9b4fc7719fea501,"{""distance"":3,""physical_error_rate"":0.0005}","{""detection_events"":205416,""detectors_checked"":153225216,""obs_mistake_mask=E"":51}"
   6801408,         0,         0,   115.6,decoder_by_matrix,560c721f87db01d4cacf7dcb7d8812fecde61e9e7776d4b9e1b1a792578ecad7,"{""distance"":3,""physical_error_rate"":5e-06}","{""detection_events"":4872,""detectors_checked"":367276032}"
   6039552,         0,         0,   113.9,decoder_by_matrix,e25b8d07214a8afb95d354611a83b9bb1ded39644e323a8585b3aabf687a4fff,"{""distance"":3,""physical_error_rate"":1e-05}","{""detection_events"":8883,""detectors_checked"":326135808}"
   7694336,         0,         0,   112.8,decoder_by_matrix,e9839e3017c9ef118c4b8aeafef39e78c11ecbdb89764e9ca676a7dc2fb6d062,"{""distance"":3,""physical_error_rate"":1e-06}","{""detection_events"":1155,""detectors_checked"":415494144}"
   3813376,         0,         0,   117.7,decoder_by_matrix,36e3cd26fed5ec7649ec51fb08c1a5e7d7f30e615782d954fee045c18a4962ca,"{""distance"":3,""physical_error_rate"":5e-05}","{""detection_events"":27000,""detectors_checked"":205922304}"
   3122176,         3,         0,   116.7,decoder_by_matrix,beec9fd12293a9cfe53c9b61fb8ce2a525e4eed38fa75d132d6dc64699336876,"{""distance"":3,""physical_error_rate"":0.0001}","{""detection_events"":46323,""detectors_checked"":168597504,""obs_mistake_mask=E"":3}"
   3148800,         2,         0,   117.4,decoder_by_matrix,beec9fd12293a9cfe53c9b61fb8ce2a525e4eed38fa75d132d6dc64699336876,"{""distance"":3,""physical_error_rate"":0.0001}","{""detection_events"":47016,""detectors_checked"":170035200,""obs_mistake_mask=E"":2}"
   2829312,        52,         0,   117.1,decoder_by_matrix,5c8c81bfec719079c388cedc47a351f264c1bf769ae28a89f9b4fc7719fea501,"{""distance"":3,""physical_error_rate"":0.0005}","{""detection_events"":208614,""detectors_checked"":152782848,""obs_mistake_mask=E"":52}"
   2828288,        56,         0,   116.9,decoder_by_matrix,5c8c81bfec719079c388cedc47a351f264c1bf769ae28a89f9b4fc7719fea501,"{""distance"":3,""physical_error_rate"":0.0005}","{""detection_events"":204336,""detectors_checked"":152727552,""obs_mistake_mask=E"":56}"
   6035456,         0,         0,   116.6,decoder_by_matrix,e25b8d07214a8afb95d354611a83b9bb1ded39644e323a8585b3aabf687a4fff,"{""distance"":3,""physical_error_rate"":1e-05}","{""detection_events"":8961,""detectors_checked"":325914624}"
   3775488,         0,         0,   116.7,decoder_by_matrix,36e3cd26fed5ec7649ec51fb08c1a5e7d7f30e615782d954fee045c18a4962ca,"{""distance"":3,""physical_error_rate"":5e-05}","{""detection_events"":27216,""detectors_checked"":203876352}"
   6743040,         0,         0,   116.0,decoder_by_matrix,560c721f87db01d4cacf7dcb7d8812fecde61e9e7776d4b9e1b1a792578ecad7,"{""distance"":3,""physical_error_rate"":5e-06}","{""detection_events"":5130,""detectors_checked"":364124160}"
   7708672,         0,         0,   112.3,decoder_by_matrix,e9839e3017c9ef118c4b8aeafef39e78c11ecbdb89764e9ca676a7dc2fb6d062,"{""distance"":3,""physical_error_rate"":1e-06}","{""detection_events"":1083,""detectors_checked"":416268288}"
   7671808,         0,         0,   114.8,decoder_by_matrix,e9839e3017c9ef118c4b8aeafef39e78c11ecbdb89764e9ca676a7dc2fb6d062,"{""distance"":3,""physical_error_rate"":1e-06}","{""detection_events"":1194,""detectors_checked"":414277632}"
   5961728,         0,         0,   115.1,decoder_by_matrix,e25b8d07214a8afb95d354611a83b9bb1ded39644e323a8585b3aabf687a4fff,"{""distance"":3,""physical_error_rate"":1e-05}","{""detection_events"":9267,""detectors_checked"":321933312}"
   6798336,         0,         0,   114.9,decoder_by_matrix,560c721f87db01d4cacf7dcb7d8812fecde61e9e7776d4b9e1b1a792578ecad7,"{""distance"":3,""physical_error_rate"":5e-06}","{""detection_events"":5115,""detectors_checked"":367110144}"
   2842624,        55,         0,   117.3,decoder_by_matrix,5c8c81bfec719079c388cedc47a351f264c1bf769ae28a89f9b4fc7719fea501,"{""distance"":3,""physical_error_rate"":0.0005}","{""detection_events"":207276,""detectors_checked"":153501696,""obs_mistake_mask=E"":55}"
   2847744,        40,         0,   117.4,decoder_by_matrix,5c8c81bfec719079c388cedc47a351f264c1bf769ae28a89f9b4fc7719fea501,"{""distance"":3,""physical_error_rate"":0.0005}","{""detection_events"":207165,""detectors_checked"":153778176,""obs_mistake_mask=E"":40}"
   7713792,         0,         0,   114.3,decoder_by_matrix,e9839e3017c9ef118c4b8aeafef39e78c11ecbdb89764e9ca676a7dc2fb6d062,"{""distance"":3,""physical_error_rate"":1e-06}","{""detection_events"":1074,""detectors_checked"":416544768}"
   3784704,         0,         0,   117.5,decoder_by_matrix,36e3cd26fed5ec7649ec51fb08c1a5e7d7f30e615782d954fee045c18a4962ca,"{""distance"":3,""physical_error_rate"":5e-05}","{""detection_events"":27168,""detectors_checked"":204374016}"
   7680000,         0,         0,   113.8,decoder_by_matrix,e9839e3017c9ef118c4b8aeafef39e78c11ecbdb89764e9ca676a7dc2fb6d062,"{""distance"":3,""physical_error_rate"":1e-06}","{""detection_events"":1224,""detectors_checked"":414720000}"
   3181568,         1,         0,   118.3,decoder_by_matrix,beec9fd12293a9cfe53c9b61fb8ce2a525e4eed38fa75d132d6dc64699336876,"{""distance"":3,""physical_error_rate"":0.0001}","{""detection_events"":46707,""detectors_checked"":171804672,""obs_mistake_mask=E"":1}"
   3085312,         2,         0,   117.3,decoder_by_matrix,beec9fd12293a9cfe53c9b61fb8ce2a525e4eed38fa75d132d6dc64699336876,"{""distance"":3,""physical_error_rate"":0.0001}","{""detection_events"":44619,""detectors_checked"":166606848,""obs_mistake_mask=E"":2}"
   6050816,         0,         0,   115.3,decoder_by_matrix,e25b8d07214a8afb95d354611a83b9bb1ded39644e323a8585b3aabf687a4fff,"{""distance"":3,""physical_error_rate"":1e-05}","{""detection_events"":8835,""detectors_checked"":326744064}"
   6766592,         0,         0,   115.7,decoder_by_matrix,560c721f87db01d4cacf7dcb7d8812fecde61e9e7776d4b9e1b1a792578ecad7,"{""distance"":3,""physical_error_rate"":5e-06}","{""detection_events"":4983,""detectors_checked"":365395968}"
   3758080,         0,         0,   117.1,decoder_by_matrix,36e3cd26fed5ec7649ec51fb08c1a5e7d7f30e615782d954fee045c18a4962ca,"{""distance"":3,""physical_error_rate"":5e-05}","{""detection_events"":27780,""detectors_checked"":202936320}"
   6007808,         0,         0,   115.0,decoder_by_matrix,e25b8d07214a8afb95d354611a83b9bb1ded39644e323a8585b3aabf687a4fff,"{""distance"":3,""physical_error_rate"":1e-05}","{""detection_events"":8640,""detectors_checked"":324421632}"
   6768640,         0,         0,   115.2,decoder_by_matrix,560c721f87db01d4cacf7dcb7d8812fecde61e9e7776d4b9e1b1a792578ecad7,"{""distance"":3,""physical_error_rate"":5e-06}","{""detection_events"":5121,""detectors_checked"":365506560}"
   3806208,         0,         0,   116.0,decoder_by_matrix,36e3cd26fed5ec7649ec51fb08c1a5e7d7f30e615782d954fee045c18a4962ca,"{""distance"":3,""physical_error_rate"":5e-05}","{""detection_events"":27579,""detectors_checked"":205535232}"
   3136512,         2,         0,   118.0,decoder_by_matrix,beec9fd12293a9cfe53c9b61fb8ce2a525e4eed38fa75d132d6dc64699336876,"{""distance"":3,""physical_error_rate"":0.0001}","{""detection_events"":47142,""detectors_checked"":169371648,""obs_mistake_mask=E"":2}"
   3122176,         3,         0,   118.2,decoder_by_matrix,beec9fd12293a9cfe53c9b61fb8ce2a525e4eed38fa75d132d6dc64699336876,"{""distance"":3,""physical_error_rate"":0.0001}","{""detection_events"":45654,""detectors_checked"":168597504,""obs_mistake_mask=E"":3}"
   2833408,        39,         0,   118.6,decoder_by_matrix,5c8c81bfec719079c388cedc47a351f264c1bf769ae28a89f9b4fc7719fea501,"{""distance"":3,""physical_error_rate"":0.0005}","{""detection_events"":206946,""detectors_checked"":153004032,""obs_mistake_mask=E"":39}"
   2835456,        34,         0,   117.5,decoder_by_matrix,5c8c81bfec719079c388cedc47a351f264c1bf769ae28a89f9b4fc7719fea501,"{""distance"":3,""physical_error_rate"":0.0005}","{""detection_events"":205284,""detectors_checked"":153114624,""obs_mistake_mask=E"":34}"
   6825984,         0,         0,   115.1,decoder_by_matrix,560c721f87db01d4cacf7dcb7d8812fecde61e9e7776d4b9e1b1a792578ecad7,"{""distance"":3,""physical_error_rate"":5e-06}","{""detection_events"":4716,""detectors_checked"":368603136}"
   6061056,         0,         0,   116.7,decoder_by_matrix,e25b8d07214a8afb95d354611a83b9bb1ded39644e323a8585b3aabf687a4fff,"{""distance"":3,""physical_error_rate"":1e-05}","{""detection_events"":8589,""detectors_checked"":327297024}"
   7699456,         0,         0,   113.3,decoder_by_matrix,e9839e3017c9ef118c4b8aeafef39e78c11ecbdb89764e9ca676a7dc2fb6d062,"{""distance"":3,""physical_error_rate"":1e-06}","{""detection_events"":1179,""detectors_checked"":415770624}"
   3774464,         1,         0,   116.0,decoder_by_matrix,36e3cd26fed5ec7649ec51fb08c1a5e7d7f30e615782d954fee045c18a4962ca,"{""distance"":3,""physical_error_rate"":5e-05}","{""detection_events"":27333,""detectors_checked"":203821056,""obs_mistake_mask=E"":1}"
   3142656,         3,         0,   118.4,decoder_by_matrix,beec9fd12293a9cfe53c9b61fb8ce2a525e4eed38fa75d132d6dc64699336876,"{""distance"":3,""physical_error_rate"":0.0001}","{""detection_events"":45411,""detectors_checked"":169703424,""obs_mistake_mask=E"":3}"
   3155968,         2,         0,   116.7,decoder_by_matrix,beec9fd12293a9cfe53c9b61fb8ce2a525e4eed38fa75d132d6dc64699336876,"{""distance"":3,""physical_error_rate"":0.0001}","{""detection_events"":46851,""detectors_checked"":170422272,""obs_mistake_mask=E"":2}"
   2832384,        49,         0,   118.4,decoder_by_matrix,5c8c81bfec719079c388cedc47a351f264c1bf769ae28a89f9b4fc7719fea501,"{""distance"":3,""physical_error_rate"":0.0005}","{""detection_events"":207339,""detectors_checked"":152948736,""obs_mistake_mask=E"":49}"
   2823168,        57,         0,   117.6,decoder_by_matrix,5c8c81bfec719079c388cedc47a351f264c1bf769ae28a89f9b4fc7719fea501,"{""distance"":3,""physical_error_rate"":0.0005}","{""detection_events"":206826,""detectors_checked"":152451072,""obs_mistake_mask=E"":57}"
   6013952,         0,         0,   116.5,decoder_by_matrix,e25b8d07214a8afb95d354611a83b9bb1ded39644e323a8585b3aabf687a4fff,"{""distance"":3,""physical_error_rate"":1e-05}","{""detection_events"":9141,""detectors_checked"":324753408}"
   3764224,         0,         0,   117.5,decoder_by_matrix,36e3cd26fed5ec7649ec51fb08c1a5e7d7f30e615782d954fee045c18a4962ca,"{""distance"":3,""physical_error_rate"":5e-05}","{""detection_events"":27198,""detectors_checked"":203268096}"
   6781952,         0,         0,   115.3,decoder_by_matrix,560c721f87db01d4cacf7dcb7d8812fecde61e9e7776d4b9e1b1a792578ecad7,"{""distance"":3,""physical_error_rate"":5e-06}","{""detection_events"":5172,""detectors_checked"":366225408}"
   7667712,         0,         0,   113.2,decoder_by_matrix,e9839e3017c9ef118c4b8aeafef39e78c11ecbdb89764e9ca676a7dc2fb6d062,"{""distance"":3,""physical_error_rate"":1e-06}","{""detection_events"":1125,""detectors_checked"":414056448}"
   7710720,         0,         0,   114.0,decoder_by_matrix,e9839e3017c9ef118c4b8aeafef39e78c11ecbdb89764e9ca676a7dc2fb6d062,"{""distance"":3,""physical_error_rate"":1e-06}","{""detection_events"":933,""detectors_checked"":416378880}"
   5977088,         0,         0,   116.1,decoder_by_matrix,e25b8d07214a8afb95d354611a83b9bb1ded39644e323a8585b3aabf687a4fff,"{""distance"":3,""physical_error_rate"":1e-05}","{""detection_events"":9045,""detectors_checked"":322762752}"
   6773760,         0,         0,   114.6,decoder_by_matrix,560c721f87db01d4cacf7dcb7d8812fecde61e9e7776d4b9e1b1a792578ecad7,"{""distance"":3,""physical_error_rate"":5e-06}","{""detection_events"":5052,""detectors_checked"":365783040}"
   2841600,        43,         0,   117.7,decoder_by_matrix,5c8c81bfec719079c388cedc47a351f264c1bf769ae28a89f9b4fc7719fea501,"{""distance"":3,""physical_error_rate"":0.0005}","{""detection_events"":207522,""detectors_checked"":153446400,""obs_mistake_mask=E"":43}"
   7697408,         0,         0,   115.9,decoder_by_matrix,e9839e3017c9ef118c4b8aeafef39e78c11ecbdb89764e9ca676a7dc2fb6d062,"{""distance"":3,""physical_error_rate"":1e-06}","{""detection_events"":1143,""detectors_checked"":415660032}"
   2848768,        55,         0,   117.4,decoder_by_matrix,5c8c81bfec719079c388cedc47a351f264c1bf769ae28a89f9b4fc7719fea501,"{""distance"":3,""physical_error_rate"":0.0005}","{""detection_events"":207954,""detectors_checked"":153833472,""obs_mistake_mask=E"":55}"
   3162112,         6,         0,   117.7,decoder_by_matrix,beec9fd12293a9cfe53c9b61fb8ce2a525e4eed38fa75d132d6dc64699336876,"{""distance"":3,""physical_error_rate"":0.0001}","{""detection_events"":46338,""detectors_checked"":170754048,""obs_mistake_mask=E"":6}"
   7714816,         0,         0,   114.3,decoder_by_matrix,e9839e3017c9ef118c4b8aeafef39e78c11ecbdb89764e9ca676a7dc2fb6d062,"{""distance"":3,""physical_error_rate"":1e-06}","{""detection_events"":1143,""detectors_checked"":416600064}"
   3781632,         0,         0,   117.6,decoder_by_matrix,36e3cd26fed5ec7649ec51fb08c1a5e7d7f30e615782d954fee045c18a4962ca,"{""distance"":3,""physical_error_rate"":5e-05}","{""detection_events"":28125,""detectors_checked"":204208128}"
   6788096,         0,         0,   116.3,decoder_by_matrix,560c721f87db01d4cacf7dcb7d8812fecde61e9e7776d4b9e1b1a792578ecad7,"{""distance"":3,""physical_error_rate"":5e-06}","{""detection_events"":5043,""detectors_checked"":366557184}"
   6071296,         0,         0,   115.2,decoder_by_matrix,e25b8d07214a8afb95d354611a83b9bb1ded39644e323a8585b3aabf687a4fff,"{""distance"":3,""physical_error_rate"":1e-05}","{""detection_events"":8616,""detectors_checked"":327849984}"
   3105792,         1,         0,   116.7,decoder_by_matrix,beec9fd12293a9cfe53c9b61fb8ce2a525e4eed38fa75d132d6dc64699336876,"{""distance"":3,""physical_error_rate"":0.0001}","{""detection_events"":43848,""detectors_checked"":167712768,""obs_mistake_mask=E"":1}"
   3795968,         1,         0,   116.5,decoder_by_matrix,36e3cd26fed5ec7649ec51fb08c1a5e7d7f30e615782d954fee045c18a4962ca,"{""distance"":3,""physical_error_rate"":5e-05}","{""detection_events"":26745,""detectors_checked"":204982272,""obs_mistake_mask=E"":1}"
   5993472,         0,         0,   116.4,decoder_by_matrix,e25b8d07214a8afb95d354611a83b9bb1ded39644e323a8585b3aabf687a4fff,"{""distance"":3,""physical_error_rate"":1e-05}","{""detection_events"":8964,""detectors_checked"":323647488}"
   6839296,         0,         0,   114.4,decoder_by_matrix,560c721f87db01d4cacf7dcb7d8812fecde61e9e7776d4b9e1b1a792578ecad7,"{""distance"":3,""physical_error_rate"":5e-06}","{""detection_events"":4779,""detectors_checked"":369321984}"
   3790848,         0,         0,   117.8,decoder_by_matrix,36e3cd26fed5ec7649ec51fb08c1a5e7d7f30e615782d954fee045c18a4962ca,"{""distance"":3,""physical_error_rate"":5e-05}","{""detection_events"":27441,""detectors_checked"":204705792}"
   3171328,         2,         0,   118.1,decoder_by_matrix,beec9fd12293a9cfe53c9b61fb8ce2a525e4eed38fa75d132d6dc64699336876,"{""distance"":3,""physical_error_rate"":0.0001}","{""detection_events"":45966,""detectors_checked"":171251712,""obs_mistake_mask=E"":2}"
   3146752,         2,         0,   117.1,decoder_by_matrix,beec9fd12293a9cfe53c9b61fb8ce2a525e4eed38fa75d132d6dc64699336876,"{""distance"":3,""physical_error_rate"":0.0001}","{""detection_events"":46524,""detectors_checked"":169924608,""obs_mistake_mask=E"":2}"
   2833408,        48,         0,   117.6,decoder_by_matrix,5c8c81bfec719079c388cedc47a351f264c1bf769ae28a89f9b4fc7719fea501,"{""distance"":3,""physical_error_rate"":0.0005}","{""detection_events"":206895,""detectors_checked"":153004032,""obs_mistake_mask=E"":48}"
   2835456,        52,         0,   117.2,decoder_by_matrix,5c8c81bfec719079c388cedc47a351f264c1bf769ae28a89f9b4fc7719fea501,"{""distance"":3,""physical_error_rate"":0.0005}","{""detection_events"":207111,""detectors_checked"":153114624,""obs_mistake_mask=E"":52}"
   6776832,         0,         0,   115.4,decoder_by_matrix,560c721f87db01d4cacf7dcb7d8812fecde61e9e7776d4b9e1b1a792578ecad7,"{""distance"":3,""physical_error_rate"":5e-06}","{""detection_events"":5064,""detectors_checked"":365948928}"
   6023168,         0,         0,   116.2,decoder_by_matrix,e25b8d07214a8afb95d354611a83b9bb1ded39644e323a8585b3aabf687a4fff,"{""distance"":3,""physical_error_rate"":1e-05}","{""detection_events"":8799,""detectors_checked"":325251072}"
   7718912,         0,         0,   114.5,decoder_by_matrix,e9839e3017c9ef118c4b8aeafef39e78c11ecbdb89764e9ca676a7dc2fb6d062,"{""distance"":3,""physical_error_rate"":1e-06}","{""detection_events"":987,""detectors_checked"":416821248}"
   3786752,         2,         0,   116.5,decoder_by_matrix,36e3cd26fed5ec7649ec51fb08c1a5e7d7f30e615782d954fee045c18a4962ca,"{""distance"":3,""physical_error_rate"":5e-05}","{""detection_events"":26874,""detectors_checked"":204484608,""obs_mistake_mask=E"":2}"
   3135488,         1,         0,   117.2,decoder_by_matrix,beec9fd12293a9cfe53c9b61fb8ce2a525e4eed38fa75d132d6dc64699336876,"{""distance"":3,""physical_error_rate"":0.0001}","{""detection_events"":45540,""detectors_checked"":169316352,""obs_mistake_mask=E"":1}"
   3160064,         2,         0,   117.5,decoder_by_matrix,beec9fd12293a9cfe53c9b61fb8ce2a525e4eed38fa75d132d6dc64699336876,"{""distance"":3,""physical_error_rate"":0.0001}","{""detection_events"":46254,""detectors_checked"":170643456,""obs_mistake_mask=E"":2}"
   2822144,        50,         0,   118.2,decoder_by_matrix,5c8c81bfec719079c388cedc47a351f264c1bf769ae28a89f9b4fc7719fea501,"{""distance"":3,""physical_error_rate"":0.0005}","{""detection_events"":206544,""detectors_checked"":152395776,""obs_mistake_mask=E"":50}"
   2830336,        65,         0,   116.3,decoder_by_matrix,5c8c81bfec719079c388cedc47a351f264c1bf769ae28a89f9b4fc7719fea501,"{""distance"":3,""physical_error_rate"":0.0005}","{""detection_events"":207363,""detectors_checked"":152838144,""obs_mistake_mask=E"":65}"
   6099968,         0,         0,   116.1,decoder_by_matrix,e25b8d07214a8afb95d354611a83b9bb1ded39644e323a8585b3aabf687a4fff,"{""distance"":3,""physical_error_rate"":1e-05}","{""detection_events"":8385,""detectors_checked"":329398272}"
   3796992,         0,         0,   117.5,decoder_by_matrix,36e3cd26fed5ec7649ec51fb08c1a5e7d7f30e615782d954fee045c18a4962ca,"{""distance"":3,""physical_error_rate"":5e-05}","{""detection_events"":27192,""detectors_checked"":205037568}"
   7667712,         0,         0,   115.1,decoder_by_matrix,e9839e3017c9ef118c4b8aeafef39e78c11ecbdb89764e9ca676a7dc2fb6d062,"{""distance"":3,""physical_error_rate"":1e-06}","{""detection_events"":1152,""detectors_checked"":414056448}"
   6775808,         0,         0,   116.0,decoder_by_matrix,560c721f87db01d4cacf7dcb7d8812fecde61e9e7776d4b9e1b1a792578ecad7,"{""distance"":3,""physical_error_rate"":5e-06}","{""detection_events"":5007,""detectors_checked"":365893632}"
   7660544,         0,         0,   114.6,decoder_by_matrix,e9839e3017c9ef118c4b8aeafef39e78c11ecbdb89764e9ca676a7dc2fb6d062,"{""distance"":3,""physical_error_rate"":1e-06}","{""detection_events"":1236,""detectors_checked"":413669376}"
   6036480,         1,         0,   114.9,decoder_by_matrix,e25b8d07214a8afb95d354611a83b9bb1ded39644e323a8585b3aabf687a4fff,"{""distance"":3,""physical_error_rate"":1e-05}","{""detection_events"":8622,""detectors_checked"":325969920,""obs_mistake_mask=E"":1}"
   2842624,        48,         0,   117.3,decoder_by_matrix,5c8c81bfec719079c388cedc47a351f264c1bf769ae28a89f9b4fc7719fea501,"{""distance"":3,""physical_error_rate"":0.0005}","{""detection_events"":206232,""detectors_checked"":153501696,""obs_mistake_mask=E"":48}"
   6753280,         0,         0,   115.0,decoder_by_matrix,560c721f87db01d4cacf7dcb7d8812fecde61e9e7776d4b9e1b1a792578ecad7,"{""distance"":3,""physical_error_rate"":5e-06}","{""detection_events"":5397,""detectors_checked"":364677120}"
   3163136,         1,         0,   116.8,decoder_by_matrix,beec9fd12293a9cfe53c9b61fb8ce2a525e4eed38fa75d132d6dc64699336876,"{""distance"":3,""physical_error_rate"":0.0001}","{""detection_events"":45246,""detectors_checked"":170809344,""obs_mistake_mask=E"":1}"
   2846720,        46,         0,   117.6,decoder_by_matrix,5c8c81bfec719079c388cedc47a351f264c1bf769ae28a89f9b4fc7719fea501,"{""distance"":3,""physical_error_rate"":0.0005}","{""detection_events"":208857,""detectors_checked"":153722880,""obs_mistake_mask=E"":46}"
   7658496,         0,         0,   113.1,decoder_by_matrix,e9839e3017c9ef118c4b8aeafef39e78c11ecbdb89764e9ca676a7dc2fb6d062,"{""distance"":3,""physical_error_rate"":1e-06}","{""detection_events"":1302,""detectors_checked"":413558784}"
   7718912,         0,         0,   114.1,decoder_by_matrix,e9839e3017c9ef118c4b8aeafef39e78c11ecbdb89764e9ca676a7dc2fb6d062,"{""distance"":3,""physical_error_rate"":1e-06}","{""detection_events"":1089,""detectors_checked"":416821248}"
   3820544,         3,         0,   117.4,decoder_by_matrix,36e3cd26fed5ec7649ec51fb08c1a5e7d7f30e615782d954fee045c18a4962ca,"{""distance"":3,""physical_error_rate"":5e-05}","{""detection_events"":26946,""detectors_checked"":206309376,""obs_mistake_mask=E"":3}"
   6764544,         0,         0,   116.4,decoder_by_matrix,560c721f87db01d4cacf7dcb7d8812fecde61e9e7776d4b9e1b1a792578ecad7,"{""distance"":3,""physical_error_rate"":5e-06}","{""detection_events"":5049,""detectors_checked"":365285376}"
   6037504,         0,         0,   114.9,decoder_by_matrix,e25b8d07214a8afb95d354611a83b9bb1ded39644e323a8585b3aabf687a4fff,"{""distance"":3,""physical_error_rate"":1e-05}","{""detection_events"":8844,""detectors_checked"":326025216}"
   3119104,         0,         0,   118.2,decoder_by_matrix,beec9fd12293a9cfe53c9b61fb8ce2a525e4eed38fa75d132d6dc64699336876,"{""distance"":3,""physical_error_rate"":0.0001}","{""detection_events"":45975,""detectors_checked"":168431616}"
   3736576,         1,         0,   117.0,decoder_by_matrix,36e3cd26fed5ec7649ec51fb08c1a5e7d7f30e615782d954fee045c18a4962ca,"{""distance"":3,""physical_error_rate"":5e-05}","{""detection_events"":26982,""detectors_checked"":201775104,""obs_mistake_mask=E"":1}"
   6005760,         0,         0,   115.9,decoder_by_matrix,e25b8d07214a8afb95d354611a83b9bb1ded39644e323a8585b3aabf687a4fff,"{""distance"":3,""physical_error_rate"":1e-05}","{""detection_events"":8784,""detectors_checked"":324311040}"
   6852608,         0,         0,   115.6,decoder_by_matrix,560c721f87db01d4cacf7dcb7d8812fecde61e9e7776d4b9e1b1a792578ecad7,"{""distance"":3,""physical_error_rate"":5e-06}","{""detection_events"":4704,""detectors_checked"":370040832}"
   3744768,         1,         0,   116.8,decoder_by_matrix,36e3cd26fed5ec7649ec51fb08c1a5e7d7f30e615782d954fee045c18a4962ca,"{""distance"":3,""physical_error_rate"":5e-05}","{""detection_events"":28101,""detectors_checked"":202217472,""obs_mistake_mask=E"":1}"
   3168256,         1,         0,   117.1,decoder_by_matrix,beec9fd12293a9cfe53c9b61fb8ce2a525e4eed38fa75d132d6dc64699336876,"{""distance"":3,""physical_error_rate"":0.0001}","{""detection_events"":46530,""detectors_checked"":171085824,""obs_mistake_mask=E"":1}"
   3152896,         1,         0,   116.1,decoder_by_matrix,beec9fd12293a9cfe53c9b61fb8ce2a525e4eed38fa75d132d6dc64699336876,"{""distance"":3,""physical_error_rate"":0.0001}","{""detection_events"":46386,""detectors_checked"":170256384,""obs_mistake_mask=E"":1}"
   2834432,        50,         0,   117.9,decoder_by_matrix,5c8c81bfec719079c388cedc47a351f264c1bf769ae28a89f9b4fc7719fea501,"{""distance"":3,""physical_error_rate"":0.0005}","{""detection_events"":206382,""detectors_checked"":153059328,""obs_mistake_mask=E"":50}"
   2833408,        54,         0,   117.8,decoder_by_matrix,5c8c81bfec719079c388cedc47a351f264c1bf769ae28a89f9b4fc7719fea501,"{""distance"":3,""physical_error_rate"":0.0005}","{""detection_events"":205707,""detectors_checked"":153004032,""obs_mistake_mask=E"":54}"
   6781952,         0,         0,   116.7,decoder_by_matrix,560c721f87db01d4cacf7dcb7d8812fecde61e9e7776d4b9e1b1a792578ecad7,"{""distance"":3,""physical_error_rate"":5e-06}","{""detection_events"":5136,""detectors_checked"":366225408}"
   6069248,         0,         0,   116.3,decoder_by_matrix,e25b8d07214a8afb95d354611a83b9bb1ded39644e323a8585b3aabf687a4fff,"{""distance"":3,""physical_error_rate"":1e-05}","{""detection_events"":8580,""detectors_checked"":327739392}"
   7711744,         0,         0,   115.2,decoder_by_matrix,e9839e3017c9ef118c4b8aeafef39e78c11ecbdb89764e9ca676a7dc2fb6d062,"{""distance"":3,""physical_error_rate"":1e-06}","{""detection_events"":1038,""detectors_checked"":416434176}"
   3735552,         3,         0,   117.6,decoder_by_matrix,36e3cd26fed5ec7649ec51fb08c1a5e7d7f30e615782d954fee045c18a4962ca,"{""distance"":3,""physical_error_rate"":5e-05}","{""detection_events"":27876,""detectors_checked"":201719808,""obs_mistake_mask=E"":3}"
   3170304,         2,         0,   117.4,decoder_by_matrix,beec9fd12293a9cfe53c9b61fb8ce2a525e4eed38fa75d132d6dc64699336876,"{""distance"":3,""physical_error_rate"":0.0001}","{""detection_events"":44136,""detectors_checked"":171196416,""obs_mistake_mask=E"":2}"
   3173376,         1,         0,   116.9,decoder_by_matrix,beec9fd12293a9cfe53c9b61fb8ce2a525e4eed38fa75d132d6dc64699336876,"{""distance"":3,""physical_error_rate"":0.0001}","{""detection_events"":46329,""detectors_checked"":171362304,""obs_mistake_mask=E"":1}"
   2824192,        50,         0,   117.2,decoder_by_matrix,5c8c81bfec719079c388cedc47a351f264c1bf769ae28a89f9b4fc7719fea501,"{""distance"":3,""physical_error_rate"":0.0005}","{""detection_events"":203907,""detectors_checked"":152506368,""obs_mistake_mask=E"":50}"
   2827264,        72,         0,   116.7,decoder_by_matrix,5c8c81bfec719079c388cedc47a351f264c1bf769ae28a89f9b4fc7719fea501,"{""distance"":3,""physical_error_rate"":0.0005}","{""detection_events"":206868,""detectors_checked"":152672256,""obs_mistake_mask=E"":72}"
   6042624,         0,         0,   114.4,decoder_by_matrix,e25b8d07214a8afb95d354611a83b9bb1ded39644e323a8585b3aabf687a4fff,"{""distance"":3,""physical_error_rate"":1e-05}","{""detection_events"":8550,""detectors_checked"":326301696}"
   3788800,         1,         0,   116.5,decoder_by_matrix,36e3cd26fed5ec7649ec51fb08c1a5e7d7f30e615782d954fee045c18a4962ca,"{""distance"":3,""physical_error_rate"":5e-05}","{""detection_events"":27378,""detectors_checked"":204595200,""obs_mistake_mask=E"":1}"
   7668736,         0,         0,   115.9,decoder_by_matrix,e9839e3017c9ef118c4b8aeafef39e78c11ecbdb89764e9ca676a7dc2fb6d062,"{""distance"":3,""physical_error_rate"":1e-06}","{""detection_events"":1158,""detectors_checked"":414111744}"
   6763520,         0,         0,   115.1,decoder_by_matrix,560c721f87db01d4cacf7dcb7d8812fecde61e9e7776d4b9e1b1a792578ecad7,"{""distance"":3,""physical_error_rate"":5e-06}","{""detection_events"":5079,""detectors_checked"":365230080}"
   7665664,         0,         0,   114.4,decoder_by_matrix,e9839e3017c9ef118c4b8aeafef39e78c11ecbdb89764e9ca676a7dc2fb6d062,"{""distance"":3,""physical_error_rate"":1e-06}","{""detection_events"":1152,""detectors_checked"":413945856}"
   2842624,        43,         0,   117.3,decoder_by_matrix,5c8c81bfec719079c388cedc47a351f264c1bf769ae28a89f9b4fc7719fea501,"{""distance"":3,""physical_error_rate"":0.0005}","{""detection_events"":206424,""detectors_checked"":153501696,""obs_mistake_mask=E"":43}"
   6031360,         1,         0,   115.1,decoder_by_matrix,e25b8d07214a8afb95d354611a83b9bb1ded39644e323a8585b3aabf687a4fff,"{""distance"":3,""physical_error_rate"":1e-05}","{""detection_events"":8859,""detectors_checked"":325693440,""obs_mistake_mask=E"":1}"
   6830080,         0,         0,   115.1,decoder_by_matrix,560c721f87db01d4cacf7dcb7d8812fecde61e9e7776d4b9e1b1a792578ecad7,"{""distance"":3,""physical_error_rate"":5e-06}","{""detection_events"":4899,""detectors_checked"":368824320}"
   3190784,         2,         0,   118.3,decoder_by_matrix,beec9fd12293a9cfe53c9b61fb8ce2a525e4eed38fa75d132d6dc64699336876,"{""distance"":3,""physical_error_rate"":0.0001}","{""detection_events"":46572,""detectors_checked"":172302336,""obs_mistake_mask=E"":2}"
   2847744,        51,         0,   117.8,decoder_by_matrix,5c8c81bfec719079c388cedc47a351f264c1bf769ae28a89f9b4fc7719fea501,"{""distance"":3,""physical_error_rate"":0.0005}","{""detection_events"":206367,""detectors_checked"":153778176,""obs_mistake_mask=E"":51}"
   7681024,         0,         0,   115.5,decoder_by_matrix,e9839e3017c9ef118c4b8aeafef39e78c11ecbdb89764e9ca676a7dc2fb6d062,"{""distance"":3,""physical_error_rate"":1e-06}","{""detection_events"":1155,""detectors_checked"":414775296}"
   7710720,         0,         0,   114.6,decoder_by_matrix,e9839e3017c9ef118c4b8aeafef39e78c11ecbdb89764e9ca676a7dc2fb6d062,"{""distance"":3,""physical_error_rate"":1e-06}","{""detection_events"":1047,""detectors_checked"":416378880}"
   3778560,         1,         0,   117.0,decoder_by_matrix,36e3cd26fed5ec7649ec51fb08c1a5e7d7f30e615782d954fee045c18a4962ca,"{""distance"":3,""physical_error_rate"":5e-05}","{""detection_events"":27051,""detectors_checked"":204042240,""obs_mistake_mask=E"":1}"
   6775808,         0,         0,   113.5,decoder_by_matrix,560c721f87db01d4cacf7dcb7d8812fecde61e9e7776d4b9e1b1a792578ecad7,"{""distance"":3,""physical_error_rate"":5e-06}","{""detection_events"":5088,""detectors_checked"":365893632}"
   6081536,         0,         0,   115.9,decoder_by_matrix,e25b8d07214a8afb95d354611a83b9bb1ded39644e323a8585b3aabf687a4fff,"{""distance"":3,""physical_error_rate"":1e-05}","{""detection_events"":8907,""detectors_checked"":328402944}"
   3063808,         2,         0,   116.9,decoder_by_matrix,beec9fd12293a9cfe53c9b61fb8ce2a525e4eed38fa75d132d6dc64699336876,"{""distance"":3,""physical_error_rate"":0.0001}","{""detection_events"":44934,""detectors_checked"":165445632,""obs_mistake_mask=E"":2}"
   3792896,         0,         0,   117.2,decoder_by_matrix,36e3cd26fed5ec7649ec51fb08c1a5e7d7f30e615782d954fee045c18a4962ca,"{""distance"":3,""physical_error_rate"":5e-05}","{""detection_events"":27897,""detectors_checked"":204816384}"
   5995520,         0,         0,   115.4,decoder_by_matrix,e25b8d07214a8afb95d354611a83b9bb1ded39644e323a8585b3aabf687a4fff,"{""distance"":3,""physical_error_rate"":1e-05}","{""detection_events"":8856,""detectors_checked"":323758080}"
   6867968,         0,         0,   114.8,decoder_by_matrix,560c721f87db01d4cacf7dcb7d8812fecde61e9e7776d4b9e1b1a792578ecad7,"{""distance"":3,""physical_error_rate"":5e-06}","{""detection_events"":4692,""detectors_checked"":370870272}"
   3775488,         0,         0,   117.8,decoder_by_matrix,36e3cd26fed5ec7649ec51fb08c1a5e7d7f30e615782d954fee045c18a4962ca,"{""distance"":3,""physical_error_rate"":5e-05}","{""detection_events"":27885,""detectors_checked"":203876352}"
   3172352,         2,         0,   117.1,decoder_by_matrix,beec9fd12293a9cfe53c9b61fb8ce2a525e4eed38fa75d132d6dc64699336876,"{""distance"":3,""physical_error_rate"":0.0001}","{""detection_events"":47544,""detectors_checked"":171307008,""obs_mistake_mask=E"":2}"
   3136512,         2,         0,   117.9,decoder_by_matrix,beec9fd12293a9cfe53c9b61fb8ce2a525e4eed38fa75d132d6dc64699336876,"{""distance"":3,""physical_error_rate"":0.0001}","{""detection_events"":45459,""detectors_checked"":169371648,""obs_mistake_mask=E"":2}"
   2832384,        53,         0,   117.7,decoder_by_matrix,5c8c81bfec719079c388cedc47a351f264c1bf769ae28a89f9b4fc7719fea501,"{""distance"":3,""physical_error_rate"":0.0005}","{""detection_events"":206661,""detectors_checked"":152948736,""obs_mistake_mask=E"":53}"
   2836480,        54,         0,   116.8,decoder_by_matrix,5c8c81bfec719079c388cedc47a351f264c1bf769ae28a89f9b4fc7719fea501,"{""distance"":3,""physical_error_rate"":0.0005}","{""detection_events"":203736,""detectors_checked"":153169920,""obs_mistake_mask=E"":54}"
   6767616,         0,         0,   114.4,decoder_by_matrix,560c721f87db01d4cacf7dcb7d8812fecde61e9e7776d4b9e1b1a792578ecad7,"{""distance"":3,""physical_error_rate"":5e-06}","{""detection_events"":5085,""detectors_checked"":365451264}"
   5988352,         0,         0,   116.8,decoder_by_matrix,e25b8d07214a8afb95d354611a83b9bb1ded39644e323a8585b3aabf687a4fff,"{""distance"":3,""physical_error_rate"":1e-05}","{""detection_events"":8679,""detectors_checked"":323371008}"
   7748608,         0,         0,   113.9,decoder_by_matrix,e9839e3017c9ef118c4b8aeafef39e78c11ecbdb89764e9ca676a7dc2fb6d062,"{""distance"":3,""physical_error_rate"":1e-06}","{""detection_events"":984,""detectors_checked"":418424832}"
   3729408,         1,         0,   116.4,decoder_by_matrix,36e3cd26fed5ec7649ec51fb08c1a5e7d7f30e615782d954fee045c18a4962ca,"{""distance"":3,""physical_error_rate"":5e-05}","{""detection_events"":27558,""detectors_checked"":201388032,""obs_mistake_mask=E"":1}"
   3201024,         0,         0,   117.8,decoder_by_matrix,beec9fd12293a9cfe53c9b61fb8ce2a525e4eed38fa75d132d6dc64699336876,"{""distance"":3,""physical_error_rate"":0.0001}","{""detection_events"":44808,""detectors_checked"":172855296}"
   3154944,         2,         0,   117.5,decoder_by_matrix,beec9fd12293a9cfe53c9b61fb8ce2a525e4eed38fa75d132d6dc64699336876,"{""distance"":3,""physical_error_rate"":0.0001}","{""detection_events"":45348,""detectors_checked"":170366976,""obs_mistake_mask=E"":2}"
   2823168,        44,         0,   117.7,decoder_by_matrix,5c8c81bfec719079c388cedc47a351f264c1bf769ae28a89f9b4fc7719fea501,"{""distance"":3,""physical_error_rate"":0.0005}","{""detection_events"":206454,""detectors_checked"":152451072,""obs_mistake_mask=E"":44}"
   2832384,        43,         0,   117.7,decoder_by_matrix,5c8c81bfec719079c388cedc47a351f264c1bf769ae28a89f9b4fc7719fea501,"{""distance"":3,""physical_error_rate"":0.0005}","{""detection_events"":204552,""detectors_checked"":152948736,""obs_mistake_mask=E"":43}"
   5950464,         0,         0,   116.0,decoder_by_matrix,e25b8d07214a8afb95d354611a83b9bb1ded39644e323a8585b3aabf687a4fff,"{""distance"":3,""physical_error_rate"":1e-05}","{""detection_events"":9246,""detectors_checked"":321325056}"
   3798016,         2,         0,   115.9,decoder_by_matrix,36e3cd26fed5ec7649ec51fb08c1a5e7d7f30e615782d954fee045c18a4962ca,"{""distance"":3,""physical_error_rate"":5e-05}","{""detection_events"":26517,""detectors_checked"":205092864,""obs_mistake_mask=E"":2}"
   7705600,         0,         0,   114.2,decoder_by_matrix,e9839e3017c9ef118c4b8aeafef39e78c11ecbdb89764e9ca676a7dc2fb6d062,"{""distance"":3,""physical_error_rate"":1e-06}","{""detection_events"":972,""detectors_checked"":416102400}"
   6737920,         0,         0,   114.9,decoder_by_matrix,560c721f87db01d4cacf7dcb7d8812fecde61e9e7776d4b9e1b1a792578ecad7,"{""distance"":3,""physical_error_rate"":5e-06}","{""detection_events"":5139,""detectors_checked"":363847680}"
   7674880,         0,         0,   113.1,decoder_by_matrix,e9839e3017c9ef118c4b8aeafef39e78c11ecbdb89764e9ca676a7dc2fb6d062,"{""distance"":3,""physical_error_rate"":1e-06}","{""detection_events"":1206,""detectors_checked"":414443520}"
   6011904,         0,         0,   114.5,decoder_by_matrix,e25b8d07214a8afb95d354611a83b9bb1ded39644e323a8585b3aabf687a4fff,"{""distance"":3,""physical_error_rate"":1e-05}","{""detection_events"":8844,""detectors_checked"":324642816}"
   2842624,        48,         0,   116.8,decoder_by_matrix,5c8c81bfec719079c388cedc47a351f264c1bf769ae28a89f9b4fc7719fea501,"{""distance"":3,""physical_error_rate"":0.0005}","{""detection_events"":208737,""detectors_checked"":153501696,""obs_mistake_mask=E"":48}"
   6794240,         0,         0,   115.3,decoder_by_matrix,560c721f87db01d4cacf7dcb7d8812fecde61e9e7776d4b9e1b1a792578ecad7,"{""distance"":3,""physical_error_rate"":5e-06}","{""detection_events"":5070,""detectors_checked"":366888960}"
   3178496,         0,         0,   118.2,decoder_by_matrix,beec9fd12293a9cfe53c9b61fb8ce2a525e4eed38fa75d132d6dc64699336876,"{""distance"":3,""physical_error_rate"":0.0001}","{""detection_events"":46077,""detectors_checked"":171638784}"
   2848768,        45,         0,   116.4,decoder_by_matrix,5c8c81bfec719079c388cedc47a351f264c1bf769ae28a89f9b4fc7719fea501,"{""distance"":3,""physical_error_rate"":0.0005}","{""detection_events"":205908,""detectors_checked"":153833472,""obs_mistake_mask=E"":45}"
   7716864,         0,         0,   115.1,decoder_by_matrix,e9839e3017c9ef118c4b8aeafef39e78c11ecbdb89764e9ca676a7dc2fb6d062,"{""distance"":3,""physical_error_rate"":1e-06}","{""detection_events"":1062,""detectors_checked"":416710656}"
   7707648,         0,         0,   114.7,decoder_by_matrix,e9839e3017c9ef118c4b8aeafef39e78c11ecbdb89764e9ca676a7dc2fb6d062,"{""distance"":3,""physical_error_rate"":1e-06}","{""detection_events"":1053,""detectors_checked"":416212992}"
   3802112,         1,         0,   117.0,decoder_by_matrix,36e3cd26fed5ec7649ec51fb08c1a5e7d7f30e615782d954fee045c18a4962ca,"{""distance"":3,""physical_error_rate"":5e-05}","{""detection_events"":27414,""detectors_checked"":205314048,""obs_mistake_mask=E"":1}"
   6774784,         0,         0,   115.5,decoder_by_matrix,560c721f87db01d4cacf7dcb7d8812fecde61e9e7776d4b9e1b1a792578ecad7,"{""distance"":3,""physical_error_rate"":5e-06}","{""detection_events"":5085,""detectors_checked"":365838336}"
   5961728,         0,         0,   116.4,decoder_by_matrix,e25b8d07214a8afb95d354611a83b9bb1ded39644e323a8585b3aabf687a4fff,"{""distance"":3,""physical_error_rate"":1e-05}","{""detection_events"":9351,""detectors_checked"":321933312}"
   3121152,         2,         0,   117.2,decoder_by_matrix,beec9fd12293a9cfe53c9b61fb8ce2a525e4eed38fa75d132d6dc64699336876,"{""distance"":3,""physical_error_rate"":0.0001}","{""detection_events"":46605,""detectors_checked"":168542208,""obs_mistake_mask=E"":2}"
   3786752,         0,         0,   115.4,decoder_by_matrix,36e3cd26fed5ec7649ec51fb08c1a5e7d7f30e615782d954fee045c18a4962ca,"{""distance"":3,""physical_error_rate"":5e-05}","{""detection_events"":27270,""detectors_checked"":204484608}"
   6803456,         0,         0,   115.0,decoder_by_matrix,560c721f87db01d4cacf7dcb7d8812fecde61e9e7776d4b9e1b1a792578ecad7,"{""distance"":3,""physical_error_rate"":5e-06}","{""detection_events"":4938,""detectors_checked"":367386624}"
   6040576,         0,         0,   114.6,decoder_by_matrix,e25b8d07214a8afb95d354611a83b9bb1ded39644e323a8585b3aabf687a4fff,"{""distance"":3,""physical_error_rate"":1e-05}","{""detection_events"":8562,""detectors_checked"":326191104}"
   3794944,         0,         0,   115.7,decoder_by_matrix,36e3cd26fed5ec7649ec51fb08c1a5e7d7f30e615782d954fee045c18a4962ca,"{""distance"":3,""physical_error_rate"":5e-05}","{""detection_events"":26583,""detectors_checked"":204926976}"
   3158016,         1,         0,   118.1,decoder_by_matrix,beec9fd12293a9cfe53c9b61fb8ce2a525e4eed38fa75d132d6dc64699336876,"{""distance"":3,""physical_error_rate"":0.0001}","{""detection_events"":45993,""detectors_checked"":170532864,""obs_mistake_mask=E"":1}"
   3140608,         3,         0,   117.5,decoder_by_matrix,beec9fd12293a9cfe53c9b61fb8ce2a525e4eed38fa75d132d6dc64699336876,"{""distance"":3,""physical_error_rate"":0.0001}","{""detection_events"":46242,""detectors_checked"":169592832,""obs_mistake_mask=E"":3}"
   2834432,        49,         0,   117.6,decoder_by_matrix,5c8c81bfec719079c388cedc47a351f264c1bf769ae28a89f9b4fc7719fea501,"{""distance"":3,""physical_error_rate"":0.0005}","{""detection_events"":204075,""detectors_checked"":153059328,""obs_mistake_mask=E"":49}"
   2836480,        47,         0,   116.7,decoder_by_matrix,5c8c81bfec719079c388cedc47a351f264c1bf769ae28a89f9b4fc7719fea501,"{""distance"":3,""physical_error_rate"":0.0005}","{""detection_events"":208143,""detectors_checked"":153169920,""obs_mistake_mask=E"":47}"
   6807552,         0,         0,   115.0,decoder_by_matrix,560c721f87db01d4cacf7dcb7d8812fecde61e9e7776d4b9e1b1a792578ecad7,"{""distance"":3,""physical_error_rate"":5e-06}","{""detection_events"":4968,""detectors_checked"":367607808}"
   6109184,         0,         0,   115.7,decoder_by_matrix,e25b8d07214a8afb95d354611a83b9bb1ded39644e323a8585b3aabf687a4fff,"{""distance"":3,""physical_error_rate"":1e-05}","{""detection_events"":8496,""detectors_checked"":329895936}"
   7666688,         0,         0,   114.3,decoder_by_matrix,e9839e3017c9ef118c4b8aeafef39e78c11ecbdb89764e9ca676a7dc2fb6d062,"{""distance"":3,""physical_error_rate"":1e-06}","{""detection_events"":1329,""detectors_checked"":414001152}"
   3778560,         0,         0,   116.7,decoder_by_matrix,36e3cd26fed5ec7649ec51fb08c1a5e7d7f30e615782d954fee045c18a4962ca,"{""distance"":3,""physical_error_rate"":5e-05}","{""detection_events"":28032,""detectors_checked"":204042240}"
   3144704,         2,         0,   117.8,decoder_by_matrix,beec9fd12293a9cfe53c9b61fb8ce2a525e4eed38fa75d132d6dc64699336876,"{""distance"":3,""physical_error_rate"":0.0001}","{""detection_events"":46191,""detectors_checked"":169814016,""obs_mistake_mask=E"":2}"
   3167232,         3,         0,   117.6,decoder_by_matrix,beec9fd12293a9cfe53c9b61fb8ce2a525e4eed38fa75d132d6dc64699336876,"{""distance"":3,""physical_error_rate"":0.0001}","{""detection_events"":46473,""detectors_checked"":171030528,""obs_mistake_mask=E"":3}"
   2830336,        41,         0,   117.3,decoder_by_matrix,5c8c81bfec719079c388cedc47a351f264c1bf769ae28a89f9b4fc7719fea501,"{""distance"":3,""physical_error_rate"":0.0005}","{""detection_events"":207828,""detectors_checked"":152838144,""obs_mistake_mask=E"":41}"
   2831360,        44,         0,   117.3,decoder_by_matrix,5c8c81bfec719079c388cedc47a351f264c1bf769ae28a89f9b4fc7719fea501,"{""distance"":3,""physical_error_rate"":0.0005}","{""detection_events"":206745,""detectors_checked"":152893440,""obs_mistake_mask=E"":44}"
   6001664,         1,         0,   116.3,decoder_by_matrix,e25b8d07214a8afb95d354611a83b9bb1ded39644e323a8585b3aabf687a4fff,"{""distance"":3,""physical_error_rate"":1e-05}","{""detection_events"":8940,""detectors_checked"":324089856,""obs_mistake_mask=E"":1}"
   6820864,         0,         0,   115.7,decoder_by_matrix,560c721f87db01d4cacf7dcb7d8812fecde61e9e7776d4b9e1b1a792578ecad7,"{""distance"":3,""physical_error_rate"":5e-06}","{""detection_events"":4824,""detectors_checked"":368326656}"
   3757056,         0,         0,   117.2,decoder_by_matrix,36e3cd26fed5ec7649ec51fb08c1a5e7d7f30e615782d954fee045c18a4962ca,"{""distance"":3,""physical_error_rate"":5e-05}","{""detection_events"":27510,""detectors_checked"":202881024}"
   7671808,         0,         0,   114.3,decoder_by_matrix,e9839e3017c9ef118c4b8aeafef39e78c11ecbdb89764e9ca676a7dc2fb6d062,"{""distance"":3,""physical_error_rate"":1e-06}","{""detection_events"":1122,""detectors_checked"":414277632}"
   7691264,         0,         0,   114.7,decoder_by_matrix,e9839e3017c9ef118c4b8aeafef39e78c11ecbdb89764e9ca676a7dc2fb6d062,"{""distance"":3,""physical_error_rate"":1e-06}","{""detection_events"":1116,""detectors_checked"":415328256}"
   2842624,        55,         0,   116.2,decoder_by_matrix,5c8c81bfec719079c388cedc47a351f264c1bf769ae28a89f9b4fc7719fea501,"{""distance"":3,""physical_error_rate"":0.0005}","{""detection_events"":208227,""detectors_checked"":153501696,""obs_mistake_mask=E"":55}"
   6037504,         0,         0,   115.2,decoder_by_matrix,e25b8d07214a8afb95d354611a83b9bb1ded39644e323a8585b3aabf687a4fff,"{""distance"":3,""physical_error_rate"":1e-05}","{""detection_events"":8604,""detectors_checked"":326025216}"
   6816768,         0,         0,   115.1,decoder_by_matrix,560c721f87db01d4cacf7dcb7d8812fecde61e9e7776d4b9e1b1a792578ecad7,"{""distance"":3,""physical_error_rate"":5e-06}","{""detection_events"":4836,""detectors_checked"":368105472}"
   3163136,         3,         0,   117.8,decoder_by_matrix,beec9fd12293a9cfe53c9b61fb8ce2a525e4eed38fa75d132d6dc64699336876,"{""distance"":3,""physical_error_rate"":0.0001}","{""detection_events"":45831,""detectors_checked"":170809344,""obs_mistake_mask=E"":3}"
   2847744,        44,         0,   116.1,decoder_by_matrix,5c8c81bfec719079c388cedc47a351f264c1bf769ae28a89f9b4fc7719fea501,"{""distance"":3,""physical_error_rate"":0.0005}","{""detection_events"":206802,""detectors_checked"":153778176,""obs_mistake_mask=E"":44}"
   3781632,         0,         0,   117.3,decoder_by_matrix,36e3cd26fed5ec7649ec51fb08c1a5e7d7f30e615782d954fee045c18a4962ca,"{""distance"":3,""physical_error_rate"":5e-05}","{""detection_events"":27930,""detectors_checked"":204208128}"
   7711744,         0,         0,   114.7,decoder_by_matrix,e9839e3017c9ef118c4b8aeafef39e78c11ecbdb89764e9ca676a7dc2fb6d062,"{""distance"":3,""physical_error_rate"":1e-06}","{""detection_events"":1053,""detectors_checked"":416434176}"
   7688192,         0,         0,   114.9,decoder_by_matrix,e9839e3017c9ef118c4b8aeafef39e78c11ecbdb89764e9ca676a7dc2fb6d062,"{""distance"":3,""physical_error_rate"":1e-06}","{""detection_events"":1278,""detectors_checked"":415162368}"
   6113280,         0,         0,   116.2,decoder_by_matrix,e25b8d07214a8afb95d354611a83b9bb1ded39644e323a8585b3aabf687a4fff,"{""distance"":3,""physical_error_rate"":1e-05}","{""detection_events"":8184,""detectors_checked"":330117120}"
   6792192,         0,         0,   115.6,decoder_by_matrix,560c721f87db01d4cacf7dcb7d8812fecde61e9e7776d4b9e1b1a792578ecad7,"{""distance"":3,""physical_error_rate"":5e-06}","{""detection_events"":5028,""detectors_checked"":366778368}"
   3772416,         1,         0,   117.5,decoder_by_matrix,36e3cd26fed5ec7649ec51fb08c1a5e7d7f30e615782d954fee045c18a4962ca,"{""distance"":3,""physical_error_rate"":5e-05}","{""detection_events"":27108,""detectors_checked"":203710464,""obs_mistake_mask=E"":1}"
   3088384,         3,         0,   117.0,decoder_by_matrix,beec9fd12293a9cfe53c9b61fb8ce2a525e4eed38fa75d132d6dc64699336876,"{""distance"":3,""physical_error_rate"":0.0001}","{""detection_events"":44883,""detectors_checked"":166772736,""obs_mistake_mask=E"":3}"
   6001664,         0,         0,   115.8,decoder_by_matrix,e25b8d07214a8afb95d354611a83b9bb1ded39644e323a8585b3aabf687a4fff,"{""distance"":3,""physical_error_rate"":1e-05}","{""detection_events"":8727,""detectors_checked"":324089856}"
   6805504,         0,         0,   114.4,decoder_by_matrix,560c721f87db01d4cacf7dcb7d8812fecde61e9e7776d4b9e1b1a792578ecad7,"{""distance"":3,""physical_error_rate"":5e-06}","{""detection_events"":4947,""detectors_checked"":367497216}"
   3154944,         2,         0,   116.6,decoder_by_matrix,beec9fd12293a9cfe53c9b61fb8ce2a525e4eed38fa75d132d6dc64699336876,"{""distance"":3,""physical_error_rate"":0.0001}","{""detection_events"":45510,""detectors_checked"":170366976,""obs_mistake_mask=E"":2}"
   3778560,         2,         0,   117.3,decoder_by_matrix,36e3cd26fed5ec7649ec51fb08c1a5e7d7f30e615782d954fee045c18a4962ca,"{""distance"":3,""physical_error_rate"":5e-05}","{""detection_events"":27456,""detectors_checked"":204042240,""obs_mistake_mask=E"":2}"
   3145728,         1,         0,   118.2,decoder_by_matrix,beec9fd12293a9cfe53c9b61fb8ce2a525e4eed38fa75d132d6dc64699336876,"{""distance"":3,""physical_error_rate"":0.0001}","{""detection_events"":45078,""detectors_checked"":169869312,""obs_mistake_mask=E"":1}"
   2833408,        33,         0,   117.3,decoder_by_matrix,5c8c81bfec719079c388cedc47a351f264c1bf769ae28a89f9b4fc7719fea501,"{""distance"":3,""physical_error_rate"":0.0005}","{""detection_events"":204153,""detectors_checked"":153004032,""obs_mistake_mask=E"":33}"
   2837504,        64,         0,   116.2,decoder_by_matrix,5c8c81bfec719079c388cedc47a351f264c1bf769ae28a89f9b4fc7719fea501,"{""distance"":3,""physical_error_rate"":0.0005}","{""detection_events"":206226,""detectors_checked"":153225216,""obs_mistake_mask=E"":64}"
   6836224,         0,         0,   115.0,decoder_by_matrix,560c721f87db01d4cacf7dcb7d8812fecde61e9e7776d4b9e1b1a792578ecad7,"{""distance"":3,""physical_error_rate"":5e-06}","{""detection_events"":4812,""detectors_checked"":369156096}"
   6016000,         0,         0,   115.2,decoder_by_matrix,e25b8d07214a8afb95d354611a83b9bb1ded39644e323a8585b3aabf687a4fff,"{""distance"":3,""physical_error_rate"":1e-05}","{""detection_events"":8808,""detectors_checked"":324864000}"
   7689216,         0,         0,   115.7,decoder_by_matrix,e9839e3017c9ef118c4b8aeafef39e78c11ecbdb89764e9ca676a7dc2fb6d062,"{""distance"":3,""physical_error_rate"":1e-06}","{""detection_events"":1233,""detectors_checked"":415217664}"
   3759104,         3,         0,   116.1,decoder_by_matrix,36e3cd26fed5ec7649ec51fb08c1a5e7d7f30e615782d954fee045c18a4962ca,"{""distance"":3,""physical_error_rate"":5e-05}","{""detection_events"":27384,""detectors_checked"":202991616,""obs_mistake_mask=E"":3}"
   3164160,         1,         0,   117.5,decoder_by_matrix,beec9fd12293a9cfe53c9b61fb8ce2a525e4eed38fa75d132d6dc64699336876,"{""distance"":3,""physical_error_rate"":0.0001}","{""detection_events"":45717,""detectors_checked"":170864640,""obs_mistake_mask=E"":1}"
   3175424,         2,         0,   118.1,decoder_by_matrix,beec9fd12293a9cfe53c9b61fb8ce2a525e4eed38fa75d132d6dc64699336876,"{""distance"":3,""physical_error_rate"":0.0001}","{""detection_events"":46128,""detectors_checked"":171472896,""obs_mistake_mask=E"":2}"
   2825216,        49,         0,   117.6,decoder_by_matrix,5c8c81bfec719079c388cedc47a351f264c1bf769ae28a89f9b4fc7719fea501,"{""distance"":3,""physical_error_rate"":0.0005}","{""detection_events"":205731,""detectors_checked"":152561664,""obs_mistake_mask=E"":49}"
   2829312,        53,         0,   118.0,decoder_by_matrix,5c8c81bfec719079c388cedc47a351f264c1bf769ae28a89f9b4fc7719fea501,"{""distance"":3,""physical_error_rate"":0.0005}","{""detection_events"":206100,""detectors_checked"":152782848,""obs_mistake_mask=E"":53}"
   6105088,         0,         0,   116.0,decoder_by_matrix,e25b8d07214a8afb95d354611a83b9bb1ded39644e323a8585b3aabf687a4fff,"{""distance"":3,""physical_error_rate"":1e-05}","{""detection_events"":8307,""detectors_checked"":329674752}"
   6732800,         0,         0,   115.2,decoder_by_matrix,560c721f87db01d4cacf7dcb7d8812fecde61e9e7776d4b9e1b1a792578ecad7,"{""distance"":3,""physical_error_rate"":5e-06}","{""detection_events"":5175,""detectors_checked"":363571200}"
   3799040,         0,         0,   117.2,decoder_by_matrix,36e3cd26fed5ec7649ec51fb08c1a5e7d7f30e615782d954fee045c18a4962ca,"{""distance"":3,""physical_error_rate"":5e-05}","{""detection_events"":27549,""detectors_checked"":205148160}"
   7701504,         0,         0,   113.1,decoder_by_matrix,e9839e3017c9ef118c4b8aeafef39e78c11ecbdb89764e9ca676a7dc2fb6d062,"{""distance"":3,""physical_error_rate"":1e-06}","{""detection_events"":990,""detectors_checked"":415881216}"
   7656448,         0,         0,   114.5,decoder_by_matrix,e9839e3017c9ef118c4b8aeafef39e78c11ecbdb89764e9ca676a7dc2fb6d062,"{""distance"":3,""physical_error_rate"":1e-06}","{""detection_events"":1251,""detectors_checked"":413448192}"
   2842624,        56,         0,   117.3,decoder_by_matrix,5c8c81bfec719079c388cedc47a351f264c1bf769ae28a89f9b4fc7719fea501,"{""distance"":3,""physical_error_rate"":0.0005}","{""detection_events"":206394,""detectors_checked"":153501696,""obs_mistake_mask=E"":56}"
   6850560,         0,         0,   115.0,decoder_by_matrix,560c721f87db01d4cacf7dcb7d8812fecde61e9e7776d4b9e1b1a792578ecad7,"{""distance"":3,""physical_error_rate"":5e-06}","{""detection_events"":4974,""detectors_checked"":369930240}"
   6043648,         1,         0,   115.6,decoder_by_matrix,e25b8d07214a8afb95d354611a83b9bb1ded39644e323a8585b3aabf687a4fff,"{""distance"":3,""physical_error_rate"":1e-05}","{""detection_events"":8652,""detectors_checked"":326356992,""obs_mistake_mask=E"":1}"
   2847744,        32,         0,   117.9,decoder_by_matrix,5c8c81bfec719079c388cedc47a351f264c1bf769ae28a89f9b4fc7719fea501,"{""distance"":3,""physical_error_rate"":0.0005}","{""detection_events"":204627,""detectors_checked"":153778176,""obs_mistake_mask=E"":32}"
   3191808,         4,         0,   117.6,decoder_by_matrix,beec9fd12293a9cfe53c9b61fb8ce2a525e4eed38fa75d132d6dc64699336876,"{""distance"":3,""physical_error_rate"":0.0001}","{""detection_events"":46584,""detectors_checked"":172357632,""obs_mistake_mask=E"":4}"
   3764224,         1,         0,   115.2,decoder_by_matrix,36e3cd26fed5ec7649ec51fb08c1a5e7d7f30e615782d954fee045c18a4962ca,"{""distance"":3,""physical_error_rate"":5e-05}","{""detection_events"":27306,""detectors_checked"":203268096,""obs_mistake_mask=E"":1}"
   7688192,         0,         0,   114.2,decoder_by_matrix,e9839e3017c9ef118c4b8aeafef39e78c11ecbdb89764e9ca676a7dc2fb6d062,"{""distance"":3,""physical_error_rate"":1e-06}","{""detection_events"":1161,""detectors_checked"":415162368}"
   6022144,         0,         0,   116.0,decoder_by_matrix,e25b8d07214a8afb95d354611a83b9bb1ded39644e323a8585b3aabf687a4fff,"{""distance"":3,""physical_error_rate"":1e-05}","{""detection_events"":8877,""detectors_checked"":325195776}"
   7682048,         0,         0,   113.9,decoder_by_matrix,e9839e3017c9ef118c4b8aeafef39e78c11ecbdb89764e9ca676a7dc2fb6d062,"{""distance"":3,""physical_error_rate"":1e-06}","{""detection_events"":1188,""detectors_checked"":414830592}"
   6825984,         0,         0,   114.9,decoder_by_matrix,560c721f87db01d4cacf7dcb7d8812fecde61e9e7776d4b9e1b1a792578ecad7,"{""distance"":3,""physical_error_rate"":5e-06}","{""detection_events"":4932,""detectors_checked"":368603136}"
   3747840,         0,         0,   118.2,decoder_by_matrix,36e3cd26fed5ec7649ec51fb08c1a5e7d7f30e615782d954fee045c18a4962ca,"{""distance"":3,""physical_error_rate"":5e-05}","{""detection_events"":27345,""detectors_checked"":202383360}"
   3144704,         4,         0,   116.6,decoder_by_matrix,beec9fd12293a9cfe53c9b61fb8ce2a525e4eed38fa75d132d6dc64699336876,"{""distance"":3,""physical_error_rate"":0.0001}","{""detection_events"":45789,""detectors_checked"":169814016,""obs_mistake_mask=E"":4}"
   6059008,         0,         0,   115.6,decoder_by_matrix,e25b8d07214a8afb95d354611a83b9bb1ded39644e323a8585b3aabf687a4fff,"{""distance"":3,""physical_error_rate"":1e-05}","{""detection_events"":8586,""detectors_checked"":327186432}"
   6788096,         0,         0,   114.4,decoder_by_matrix,560c721f87db01d4cacf7dcb7d8812fecde61e9e7776d4b9e1b1a792578ecad7,"{""distance"":3,""physical_error_rate"":5e-06}","{""detection_events"":4869,""detectors_checked"":366557184}"
   3173376,         2,         0,   118.2,decoder_by_matrix,beec9fd12293a9cfe53c9b61fb8ce2a525e4eed38fa75d132d6dc64699336876,"{""distance"":3,""physical_error_rate"":0.0001}","{""detection_events"":46071,""detectors_checked"":171362304,""obs_mistake_mask=E"":2}"
   3773440,         1,         0,   117.4,decoder_by_matrix,36e3cd26fed5ec7649ec51fb08c1a5e7d7f30e615782d954fee045c18a4962ca,"{""distance"":3,""physical_error_rate"":5e-05}","{""detection_events"":27627,""detectors_checked"":203765760,""obs_mistake_mask=E"":1}"
   3112960,         3,         0,   118.0,decoder_by_matrix,beec9fd12293a9cfe53c9b61fb8ce2a525e4eed38fa75d132d6dc64699336876,"{""distance"":3,""physical_error_rate"":0.0001}","{""detection_events"":45168,""detectors_checked"":168099840,""obs_mistake_mask=E"":3}"
   2836480,        61,         0,   117.6,decoder_by_matrix,5c8c81bfec719079c388cedc47a351f264c1bf769ae28a89f9b4fc7719fea501,"{""distance"":3,""physical_error_rate"":0.0005}","{""detection_events"":207921,""detectors_checked"":153169920,""obs_mistake_mask=E"":61}"
   2835456,        50,         0,   117.8,decoder_by_matrix,5c8c81bfec719079c388cedc47a351f264c1bf769ae28a89f9b4fc7719fea501,"{""distance"":3,""physical_error_rate"":0.0005}","{""detection_events"":206346,""detectors_checked"":153114624,""obs_mistake_mask=E"":50}"
   6819840,         0,         0,   115.3,decoder_by_matrix,560c721f87db01d4cacf7dcb7d8812fecde61e9e7776d4b9e1b1a792578ecad7,"{""distance"":3,""physical_error_rate"":5e-06}","{""detection_events"":4887,""detectors_checked"":368271360}"
   5960704,         0,         0,   116.0,decoder_by_matrix,e25b8d07214a8afb95d354611a83b9bb1ded39644e323a8585b3aabf687a4fff,"{""distance"":3,""physical_error_rate"":1e-05}","{""detection_events"":9003,""detectors_checked"":321878016}"
   7726080,         0,         0,   115.0,decoder_by_matrix,e9839e3017c9ef118c4b8aeafef39e78c11ecbdb89764e9ca676a7dc2fb6d062,"{""distance"":3,""physical_error_rate"":1e-06}","{""detection_events"":1011,""detectors_checked"":417208320}"
   3770368,         1,         0,   116.2,decoder_by_matrix,36e3cd26fed5ec7649ec51fb08c1a5e7d7f30e615782d954fee045c18a4962ca,"{""distance"":3,""physical_error_rate"":5e-05}","{""detection_events"":27819,""detectors_checked"":203599872,""obs_mistake_mask=E"":1}"
   3142656,         5,         0,   117.7,decoder_by_matrix,beec9fd12293a9cfe53c9b61fb8ce2a525e4eed38fa75d132d6dc64699336876,"{""distance"":3,""physical_error_rate"":0.0001}","{""detection_events"":45924,""detectors_checked"":169703424,""obs_mistake_mask=E"":5}"
   3171328,         3,         0,   116.8,decoder_by_matrix,beec9fd12293a9cfe53c9b61fb8ce2a525e4eed38fa75d132d6dc64699336876,"{""distance"":3,""physical_error_rate"":0.0001}","{""detection_events"":46164,""detectors_checked"":171251712,""obs_mistake_mask=E"":3}"
   2824192,        48,         0,   117.5,decoder_by_matrix,5c8c81bfec719079c388cedc47a351f264c1bf769ae28a89f9b4fc7719fea501,"{""distance"":3,""physical_error_rate"":0.0005}","{""detection_events"":204987,""detectors_checked"":152506368,""obs_mistake_mask=E"":48}"
   2829312,        62,         0,   117.0,decoder_by_matrix,5c8c81bfec719079c388cedc47a351f264c1bf769ae28a89f9b4fc7719fea501,"{""distance"":3,""physical_error_rate"":0.0005}","{""detection_events"":206718,""detectors_checked"":152782848,""obs_mistake_mask=E"":62}"
   6031360,         0,         0,   114.6,decoder_by_matrix,e25b8d07214a8afb95d354611a83b9bb1ded39644e323a8585b3aabf687a4fff,"{""distance"":3,""physical_error_rate"":1e-05}","{""detection_events"":8769,""detectors_checked"":325693440}"
   6760448,         0,         0,   116.9,decoder_by_matrix,560c721f87db01d4cacf7dcb7d8812fecde61e9e7776d4b9e1b1a792578ecad7,"{""distance"":3,""physical_error_rate"":5e-06}","{""detection_events"":5241,""detectors_checked"":365064192}"
   3758080,         1,         0,   116.8,decoder_by_matrix,36e3cd26fed5ec7649ec51fb08c1a5e7d7f30e615782d954fee045c18a4962ca,"{""distance"":3,""physical_error_rate"":5e-05}","{""detection_events"":27597,""detectors_checked"":202936320,""obs_mistake_mask=E"":1}"
   7697408,         0,         0,   113.6,decoder_by_matrix,e9839e3017c9ef118c4b8aeafef39e78c11ecbdb89764e9ca676a7dc2fb6d062,"{""distance"":3,""physical_error_rate"":1e-06}","{""detection_events"":1026,""detectors_checked"":415660032}"
   7672832,         0,         0,   114.2,decoder_by_matrix,e9839e3017c9ef118c4b8aeafef39e78c11ecbdb89764e9ca676a7dc2fb6d062,"{""distance"":3,""physical_error_rate"":1e-06}","{""detection_events"":1218,""detectors_checked"":414332928}"
   2842624,        42,         0,   117.3,decoder_by_matrix,5c8c81bfec719079c388cedc47a351f264c1bf769ae28a89f9b4fc7719fea501,"{""distance"":3,""physical_error_rate"":0.0005}","{""detection_events"":206877,""detectors_checked"":153501696,""obs_mistake_mask=E"":42}"
   5994496,         0,         0,   115.7,decoder_by_matrix,e25b8d07214a8afb95d354611a83b9bb1ded39644e323a8585b3aabf687a4fff,"{""distance"":3,""physical_error_rate"":1e-05}","{""detection_events"":8874,""detectors_checked"":323702784}"
   6858752,         0,         0,   115.3,decoder_by_matrix,560c721f87db01d4cacf7dcb7d8812fecde61e9e7776d4b9e1b1a792578ecad7,"{""distance"":3,""physical_error_rate"":5e-06}","{""detection_events"":4809,""detectors_checked"":370372608}"
   2850816,        45,         0,   117.0,decoder_by_matrix,5c8c81bfec719079c388cedc47a351f264c1bf769ae28a89f9b4fc7719fea501,"{""distance"":3,""physical_error_rate"":0.0005}","{""detection_events"":206478,""detectors_checked"":153944064,""obs_mistake_mask=E"":45}"
   3190784,         1,         0,   117.8,decoder_by_matrix,beec9fd12293a9cfe53c9b61fb8ce2a525e4eed38fa75d132d6dc64699336876,"{""distance"":3,""physical_error_rate"":0.0001}","{""detection_events"":46581,""detectors_checked"":172302336,""obs_mistake_mask=E"":1}"
   6030336,         0,         0,   116.8,decoder_by_matrix,e25b8d07214a8afb95d354611a83b9bb1ded39644e323a8585b3aabf687a4fff,"{""distance"":3,""physical_error_rate"":1e-05}","{""detection_events"":8664,""detectors_checked"":325638144}"
   3793920,         0,         0,   117.1,decoder_by_matrix,36e3cd26fed5ec7649ec51fb08c1a5e7d7f30e615782d954fee045c18a4962ca,"{""distance"":3,""physical_error_rate"":5e-05}","{""detection_events"":27738,""detectors_checked"":204871680}"
   6807552,         0,         0,   115.6,decoder_by_matrix,560c721f87db01d4cacf7dcb7d8812fecde61e9e7776d4b9e1b1a792578ecad7,"{""distance"":3,""physical_error_rate"":5e-06}","{""detection_events"":4932,""detectors_checked"":367607808}"
   7684096,         0,         0,   115.0,decoder_by_matrix,e9839e3017c9ef118c4b8aeafef39e78c11ecbdb89764e9ca676a7dc2fb6d062,"{""distance"":3,""physical_error_rate"":1e-06}","{""detection_events"":1161,""detectors_checked"":414941184}"
   7646208,         0,         0,   114.0,decoder_by_matrix,e9839e3017c9ef118c4b8aeafef39e78c11ecbdb89764e9ca676a7dc2fb6d062,"{""distance"":3,""physical_error_rate"":1e-06}","{""detection_events"":1356,""detectors_checked"":412895232}"
   3759104,         2,         0,   116.9,decoder_by_matrix,36e3cd26fed5ec7649ec51fb08c1a5e7d7f30e615782d954fee045c18a4962ca,"{""distance"":3,""physical_error_rate"":5e-05}","{""detection_events"":27558,""detectors_checked"":202991616,""obs_mistake_mask=E"":2}"
   5984256,         0,         0,   115.2,decoder_by_matrix,e25b8d07214a8afb95d354611a83b9bb1ded39644e323a8585b3aabf687a4fff,"{""distance"":3,""physical_error_rate"":1e-05}","{""detection_events"":8937,""detectors_checked"":323149824}"
   3067904,         2,         0,   118.0,decoder_by_matrix,beec9fd12293a9cfe53c9b61fb8ce2a525e4eed38fa75d132d6dc64699336876,"{""distance"":3,""physical_error_rate"":0.0001}","{""detection_events"":44229,""detectors_checked"":165666816,""obs_mistake_mask=E"":2}"
   6832128,         0,         0,   115.8,decoder_by_matrix,560c721f87db01d4cacf7dcb7d8812fecde61e9e7776d4b9e1b1a792578ecad7,"{""distance"":3,""physical_error_rate"":5e-06}","{""detection_events"":4890,""detectors_checked"":368934912}"
   3189760,         4,         0,   117.3,decoder_by_matrix,beec9fd12293a9cfe53c9b61fb8ce2a525e4eed38fa75d132d6dc64699336876,"{""distance"":3,""physical_error_rate"":0.0001}","{""detection_events"":46350,""detectors_checked"":172247040,""obs_mistake_mask=E"":4}"
   3818496,         0,         0,   117.5,decoder_by_matrix,36e3cd26fed5ec7649ec51fb08c1a5e7d7f30e615782d954fee045c18a4962ca,"{""distance"":3,""physical_error_rate"":5e-05}","{""detection_events"":27387,""detectors_checked"":206198784}"
   3121152,         3,         0,   116.6,decoder_by_matrix,beec9fd12293a9cfe53c9b61fb8ce2a525e4eed38fa75d132d6dc64699336876,"{""distance"":3,""physical_error_rate"":0.0001}","{""detection_events"":46494,""detectors_checked"":168542208,""obs_mistake_mask=E"":3}"
   2831360,        55,         0,   116.9,decoder_by_matrix,5c8c81bfec719079c388cedc47a351f264c1bf769ae28a89f9b4fc7719fea501,"{""distance"":3,""physical_error_rate"":0.0005}","{""detection_events"":206895,""detectors_checked"":152893440,""obs_mistake_mask=E"":55}"
   2834432,        58,         0,   117.5,decoder_by_matrix,5c8c81bfec719079c388cedc47a351f264c1bf769ae28a89f9b4fc7719fea501,"{""distance"":3,""physical_error_rate"":0.0005}","{""detection_events"":206631,""detectors_checked"":153059328,""obs_mistake_mask=E"":58}"
   6844416,         0,         0,   116.0,decoder_by_matrix,560c721f87db01d4cacf7dcb7d8812fecde61e9e7776d4b9e1b1a792578ecad7,"{""distance"":3,""physical_error_rate"":5e-06}","{""detection_events"":4671,""detectors_checked"":369598464}"
   6040576,         0,         0,   115.8,decoder_by_matrix,e25b8d07214a8afb95d354611a83b9bb1ded39644e323a8585b3aabf687a4fff,"{""distance"":3,""physical_error_rate"":1e-05}","{""detection_events"":8700,""detectors_checked"":326191104}"
   7719936,         0,         0,   114.3,decoder_by_matrix,e9839e3017c9ef118c4b8aeafef39e78c11ecbdb89764e9ca676a7dc2fb6d062,"{""distance"":3,""physical_error_rate"":1e-06}","{""detection_events"":1107,""detectors_checked"":416876544}"
   3788800,         1,         0,   117.5,decoder_by_matrix,36e3cd26fed5ec7649ec51fb08c1a5e7d7f30e615782d954fee045c18a4962ca,"{""distance"":3,""physical_error_rate"":5e-05}","{""detection_events"":26706,""detectors_checked"":204595200,""obs_mistake_mask=E"":1}"
   3154944,         3,         0,   116.4,decoder_by_matrix,beec9fd12293a9cfe53c9b61fb8ce2a525e4eed38fa75d132d6dc64699336876,"{""distance"":3,""physical_error_rate"":0.0001}","{""detection_events"":46632,""detectors_checked"":170366976,""obs_mistake_mask=E"":3}"
   3146752,         3,         0,   117.1,decoder_by_matrix,beec9fd12293a9cfe53c9b61fb8ce2a525e4eed38fa75d132d6dc64699336876,"{""distance"":3,""physical_error_rate"":0.0001}","{""detection_events"":46281,""detectors_checked"":169924608,""obs_mistake_mask=E"":3}"
   2823168,        46,         0,   117.3,decoder_by_matrix,5c8c81bfec719079c388cedc47a351f264c1bf769ae28a89f9b4fc7719fea501,"{""distance"":3,""physical_error_rate"":0.0005}","{""detection_events"":204177,""detectors_checked"":152451072,""obs_mistake_mask=E"":46}"
   2829312,        56,         0,   117.5,decoder_by_matrix,5c8c81bfec719079c388cedc47a351f264c1bf769ae28a89f9b4fc7719fea501,"{""distance"":3,""physical_error_rate"":0.0005}","{""detection_events"":206664,""detectors_checked"":152782848,""obs_mistake_mask=E"":56}"
   5975040,         0,         0,   116.3,decoder_by_matrix,e25b8d07214a8afb95d354611a83b9bb1ded39644e323a8585b3aabf687a4fff,"{""distance"":3,""physical_error_rate"":1e-05}","{""detection_events"":9078,""detectors_checked"":322652160}"
   6795264,         0,         0,   116.0,decoder_by_matrix,560c721f87db01d4cacf7dcb7d8812fecde61e9e7776d4b9e1b1a792578ecad7,"{""distance"":3,""physical_error_rate"":5e-06}","{""detection_events"":5052,""detectors_checked"":366944256}"
   3792896,         2,         0,   117.5,decoder_by_matrix,36e3cd26fed5ec7649ec51fb08c1a5e7d7f30e615782d954fee045c18a4962ca,"{""distance"":3,""physical_error_rate"":5e-05}","{""detection_events"":26814,""detectors_checked"":204816384,""obs_mistake_mask=E"":2}"
   7688192,         0,         0,   114.5,decoder_by_matrix,e9839e3017c9ef118c4b8aeafef39e78c11ecbdb89764e9ca676a7dc2fb6d062,"{""distance"":3,""physical_error_rate"":1e-06}","{""detection_events"":1014,""detectors_checked"":415162368}"
   7693312,         0,         0,   114.2,decoder_by_matrix,e9839e3017c9ef118c4b8aeafef39e78c11ecbdb89764e9ca676a7dc2fb6d062,"{""distance"":3,""physical_error_rate"":1e-06}","{""detection_events"":966,""detectors_checked"":415438848}"
   2843648,        51,         0,   117.6,decoder_by_matrix,5c8c81bfec719079c388cedc47a351f264c1bf769ae28a89f9b4fc7719fea501,"{""distance"":3,""physical_error_rate"":0.0005}","{""detection_events"":207723,""detectors_checked"":153556992,""obs_mistake_mask=E"":51}"
   6035456,         0,         0,   115.5,decoder_by_matrix,e25b8d07214a8afb95d354611a83b9bb1ded39644e323a8585b3aabf687a4fff,"{""distance"":3,""physical_error_rate"":1e-05}","{""detection_events"":8934,""detectors_checked"":325914624}"
   6819840,         0,         0,   115.9,decoder_by_matrix,560c721f87db01d4cacf7dcb7d8812fecde61e9e7776d4b9e1b1a792578ecad7,"{""distance"":3,""physical_error_rate"":5e-06}","{""detection_events"":5001,""detectors_checked"":368271360}"
   2846720,        54,         0,   117.2,decoder_by_matrix,5c8c81bfec719079c388cedc47a351f264c1bf769ae28a89f9b4fc7719fea501,"{""distance"":3,""physical_error_rate"":0.0005}","{""detection_events"":208893,""detectors_checked"":153722880,""obs_mistake_mask=E"":54}"
   3167232,         5,         0,   117.7,decoder_by_matrix,beec9fd12293a9cfe53c9b61fb8ce2a525e4eed38fa75d132d6dc64699336876,"{""distance"":3,""physical_error_rate"":0.0001}","{""detection_events"":45900,""detectors_checked"":171030528,""obs_mistake_mask=E"":5}"
   3817472,         0,         0,   115.7,decoder_by_matrix,36e3cd26fed5ec7649ec51fb08c1a5e7d7f30e615782d954fee045c18a4962ca,"{""distance"":3,""physical_error_rate"":5e-05}","{""detection_events"":27159,""detectors_checked"":206143488}"
   6093824,         0,         0,   117.0,decoder_by_matrix,e25b8d07214a8afb95d354611a83b9bb1ded39644e323a8585b3aabf687a4fff,"{""distance"":3,""physical_error_rate"":1e-05}","{""detection_events"":8784,""detectors_checked"":329066496}"
   6788096,         0,         0,   114.6,decoder_by_matrix,560c721f87db01d4cacf7dcb7d8812fecde61e9e7776d4b9e1b1a792578ecad7,"{""distance"":3,""physical_error_rate"":5e-06}","{""detection_events"":5058,""detectors_checked"":366557184}"
   7682048,         0,         0,   114.4,decoder_by_matrix,e9839e3017c9ef118c4b8aeafef39e78c11ecbdb89764e9ca676a7dc2fb6d062,"{""distance"":3,""physical_error_rate"":1e-06}","{""detection_events"":1128,""detectors_checked"":414830592}"
   7675904,         0,         0,   113.9,decoder_by_matrix,e9839e3017c9ef118c4b8aeafef39e78c11ecbdb89764e9ca676a7dc2fb6d062,"{""distance"":3,""physical_error_rate"":1e-06}","{""detection_events"":1179,""detectors_checked"":414498816}"
   3802112,         1,         0,   116.4,decoder_by_matrix,36e3cd26fed5ec7649ec51fb08c1a5e7d7f30e615782d954fee045c18a4962ca,"{""distance"":3,""physical_error_rate"":5e-05}","{""detection_events"":27030,""detectors_checked"":205314048,""obs_mistake_mask=E"":1}"
   3131392,         1,         0,   115.5,decoder_by_matrix,beec9fd12293a9cfe53c9b61fb8ce2a525e4eed38fa75d132d6dc64699336876,"{""distance"":3,""physical_error_rate"":0.0001}","{""detection_events"":44862,""detectors_checked"":169095168,""obs_mistake_mask=E"":1}"
   6075392,         0,         0,   116.0,decoder_by_matrix,e25b8d07214a8afb95d354611a83b9bb1ded39644e323a8585b3aabf687a4fff,"{""distance"":3,""physical_error_rate"":1e-05}","{""detection_events"":8538,""detectors_checked"":328071168}"
   6843392,         0,         0,   115.3,decoder_by_matrix,560c721f87db01d4cacf7dcb7d8812fecde61e9e7776d4b9e1b1a792578ecad7,"{""distance"":3,""physical_error_rate"":5e-06}","{""detection_events"":4671,""detectors_checked"":369543168}"
   3166208,         1,         0,   117.0,decoder_by_matrix,beec9fd12293a9cfe53c9b61fb8ce2a525e4eed38fa75d132d6dc64699336876,"{""distance"":3,""physical_error_rate"":0.0001}","{""detection_events"":46893,""detectors_checked"":170975232,""obs_mistake_mask=E"":1}"
   3780608,         1,         0,   115.8,decoder_by_matrix,36e3cd26fed5ec7649ec51fb08c1a5e7d7f30e615782d954fee045c18a4962ca,"{""distance"":3,""physical_error_rate"":5e-05}","{""detection_events"":27219,""detectors_checked"":204152832,""obs_mistake_mask=E"":1}"
   3137536,         1,         0,   116.0,decoder_by_matrix,beec9fd12293a9cfe53c9b61fb8ce2a525e4eed38fa75d132d6dc64699336876,"{""distance"":3,""physical_error_rate"":0.0001}","{""detection_events"":45417,""detectors_checked"":169426944,""obs_mistake_mask=E"":1}"
   2835456,        50,         0,   116.7,decoder_by_matrix,5c8c81bfec719079c388cedc47a351f264c1bf769ae28a89f9b4fc7719fea501,"{""distance"":3,""physical_error_rate"":0.0005}","{""detection_events"":204621,""detectors_checked"":153114624,""obs_mistake_mask=E"":50}"
   2836480,        42,         0,   117.4,decoder_by_matrix,5c8c81bfec719079c388cedc47a351f264c1bf769ae28a89f9b4fc7719fea501,"{""distance"":3,""physical_error_rate"":0.0005}","{""detection_events"":207372,""detectors_checked"":153169920,""obs_mistake_mask=E"":42}"
   6781952,         0,         0,   114.6,decoder_by_matrix,560c721f87db01d4cacf7dcb7d8812fecde61e9e7776d4b9e1b1a792578ecad7,"{""distance"":3,""physical_error_rate"":5e-06}","{""detection_events"":4950,""detectors_checked"":366225408}"
   6067200,         0,         0,   114.9,decoder_by_matrix,e25b8d07214a8afb95d354611a83b9bb1ded39644e323a8585b3aabf687a4fff,"{""distance"":3,""physical_error_rate"":1e-05}","{""detection_events"":8631,""detectors_checked"":327628800}"
   7705600,         0,         0,   114.0,decoder_by_matrix,e9839e3017c9ef118c4b8aeafef39e78c11ecbdb89764e9ca676a7dc2fb6d062,"{""distance"":3,""physical_error_rate"":1e-06}","{""detection_events"":1134,""detectors_checked"":416102400}"
   3761152,         1,         0,   117.6,decoder_by_matrix,36e3cd26fed5ec7649ec51fb08c1a5e7d7f30e615782d954fee045c18a4962ca,"{""distance"":3,""physical_error_rate"":5e-05}","{""detection_events"":27360,""detectors_checked"":203102208,""obs_mistake_mask=E"":1}"
   3169280,         3,         0,   116.7,decoder_by_matrix,beec9fd12293a9cfe53c9b61fb8ce2a525e4eed38fa75d132d6dc64699336876,"{""distance"":3,""physical_error_rate"":0.0001}","{""detection_events"":45981,""detectors_checked"":171141120,""obs_mistake_mask=E"":3}"
   3152896,         1,         0,   118.1,decoder_by_matrix,beec9fd12293a9cfe53c9b61fb8ce2a525e4eed38fa75d132d6dc64699336876,"{""distance"":3,""physical_error_rate"":0.0001}","{""detection_events"":45741,""detectors_checked"":170256384,""obs_mistake_mask=E"":1}"
   2823168,        58,         0,   117.9,decoder_by_matrix,5c8c81bfec719079c388cedc47a351f264c1bf769ae28a89f9b4fc7719fea501,"{""distance"":3,""physical_error_rate"":0.0005}","{""detection_events"":207075,""detectors_checked"":152451072,""obs_mistake_mask=E"":58}"
   2830336,        50,         0,   117.0,decoder_by_matrix,5c8c81bfec719079c388cedc47a351f264c1bf769ae28a89f9b4fc7719fea501,"{""distance"":3,""physical_error_rate"":0.0005}","{""detection_events"":205257,""detectors_checked"":152838144,""obs_mistake_mask=E"":50}"
   2553563,         0,         0,    37.8,decoder_by_matrix,e9839e3017c9ef118c4b8aeafef39e78c11ecbdb89764e9ca676a7dc2fb6d062,"{""distance"":3,""physical_error_rate"":1e-06}","{""detection_events"":444,""detectors_checked"":137892402}"
   6894592,         0,         0,   103.1,decoder_by_matrix,e9839e3017c9ef118c4b8aeafef39e78c11ecbdb89764e9ca676a7dc2fb6d062,"{""distance"":3,""physical_error_rate"":1e-06}","{""detection_events"":1068,""detectors_checked"":372307968}"
   4983724,         0,         0,    73.6,decoder_by_matrix,e9839e3017c9ef118c4b8aeafef39e78c11ecbdb89764e9ca676a7dc2fb6d062,"{""distance"":3,""physical_error_rate"":1e-06}","{""detection_events"":732,""detectors_checked"":269121096}"
   4951040,         0,         0,    73.5,decoder_by_matrix,e9839e3017c9ef118c4b8aeafef39e78c11ecbdb89764e9ca676a7dc2fb6d062,"{""distance"":3,""physical_error_rate"":1e-06}","{""detection_events"":762,""detectors_checked"":267356160}"
   4948992,         0,         0,    73.2,decoder_by_matrix,e9839e3017c9ef118c4b8aeafef39e78c11ecbdb89764e9ca676a7dc2fb6d062,"{""distance"":3,""physical_error_rate"":1e-06}","{""detection_events"":666,""detectors_checked"":267245568}"
     10554,         0,         0,   0.045,decoder_by_matrix,e9839e3017c9ef118c4b8aeafef39e78c11ecbdb89764e9ca676a7dc2fb6d062,"{""distance"":3,""physical_error_rate"":1e-06}","{""detectors_checked"":569916}"
    625943,         0,         0,    8.94,decoder_by_matrix,e9839e3017c9ef118c4b8aeafef39e78c11ecbdb89764e9ca676a7dc2fb6d062,"{""distance"":3,""physical_error_rate"":1e-06}","{""detection_events"":60,""detectors_checked"":33800922}"
    617472,         0,         0,    9.40,decoder_by_matrix,e9839e3017c9ef118c4b8aeafef39e78c11ecbdb89764e9ca676a7dc2fb6d062,"{""distance"":3,""physical_error_rate"":1e-06}","{""detection_events"":72,""detectors_checked"":33343488}"
     10582,         0,         0,   0.041,decoder_by_matrix,e9839e3017c9ef118c4b8aeafef39e78c11ecbdb89764e9ca676a7dc2fb6d062,"{""distance"":3,""physical_error_rate"":1e-06}","{""detectors_checked"":571428}"
    375144,         0,         0,    5.48,decoder_by_matrix,e9839e3017c9ef118c4b8aeafef39e78c11ecbdb89764e9ca676a7dc2fb6d062,"{""distance"":3,""physical_error_rate"":1e-06}","{""detection_events"":42,""detectors_checked"":20257776}"
    359424,         0,         0,    5.04,decoder_by_matrix,e9839e3017c9ef118c4b8aeafef39e78c11ecbdb89764e9ca676a7dc2fb6d062,"{""distance"":3,""physical_error_rate"":1e-06}","{""detection_events"":48,""detectors_checked"":19408896}"
    374784,         0,         0,    5.57,decoder_by_matrix,e9839e3017c9ef118c4b8aeafef39e78c11ecbdb89764e9ca676a7dc2fb6d062,"{""distance"":3,""physical_error_rate"":1e-06}","{""detection_events"":21,""detectors_checked"":20238336}"
       360,         0,         0,   0.000,decoder_by_matrix,e9839e3017c9ef118c4b8aeafef39e78c11ecbdb89764e9ca676a7dc2fb6d062,"{""distance"":3,""physical_error_rate"":1e-06}","{""detectors_checked"":19440}"
   5981184,         0,         0,   115.4,decoder_by_matrix,e25b8d07214a8afb95d354611a83b9bb1ded39644e323a8585b3aabf687a4fff,"{""distance"":3,""physical_error_rate"":1e-05}","{""detection_events"":8979,""detectors_checked"":322983936}"
    153201,         0,         0,    2.11,decoder_by_matrix,e9839e3017c9ef118c4b8aeafef39e78c11ecbdb89764e9ca676a7dc2fb6d062,"{""distance"":3,""physical_error_rate"":1e-06}","{""detection_events"":18,""detectors_checked"":8272854}"
    134144,         0,         0,    1.95,decoder_by_matrix,e9839e3017c9ef118c4b8aeafef39e78c11ecbdb89764e9ca676a7dc2fb6d062,"{""distance"":3,""physical_error_rate"":1e-06}","{""detection_events"":21,""detectors_checked"":7243776}"
   6780928,         0,         0,   114.5,decoder_by_matrix,560c721f87db01d4cacf7dcb7d8812fecde61e9e7776d4b9e1b1a792578ecad7,"{""distance"":3,""physical_error_rate"":5e-06}","{""detection_events"":4926,""detectors_checked"":366170112}"
   3765248,         0,         0,   117.1,decoder_by_matrix,36e3cd26fed5ec7649ec51fb08c1a5e7d7f30e615782d954fee045c18a4962ca,"{""distance"":3,""physical_error_rate"":5e-05}","{""detection_events"":27303,""detectors_checked"":203323392}"
     49697,         0,         0,   0.569,decoder_by_matrix,e9839e3017c9ef118c4b8aeafef39e78c11ecbdb89764e9ca676a7dc2fb6d062,"{""distance"":3,""physical_error_rate"":1e-06}","{""detectors_checked"":2683638}"
     85793,         0,         0,    1.20,decoder_by_matrix,e9839e3017c9ef118c4b8aeafef39e78c11ecbdb89764e9ca676a7dc2fb6d062,"{""distance"":3,""physical_error_rate"":1e-06}","{""detection_events"":24,""detectors_checked"":4632822}"
     68634,         0,         0,   0.875,decoder_by_matrix,e9839e3017c9ef118c4b8aeafef39e78c11ecbdb89764e9ca676a7dc2fb6d062,"{""distance"":3,""physical_error_rate"":1e-06}","{""detection_events"":9,""detectors_checked"":3706236}"
     79872,         0,         0,    1.03,decoder_by_matrix,e9839e3017c9ef118c4b8aeafef39e78c11ecbdb89764e9ca676a7dc2fb6d062,"{""distance"":3,""physical_error_rate"":1e-06}","{""detection_events"":21,""detectors_checked"":4313088}"
     85793,         0,         0,    1.14,decoder_by_matrix,e9839e3017c9ef118c4b8aeafef39e78c11ecbdb89764e9ca676a7dc2fb6d062,"{""distance"":3,""physical_error_rate"":1e-06}","{""detection_events"":18,""detectors_checked"":4632822}"
      5921,         0,         0,   0.003,decoder_by_matrix,e9839e3017c9ef118c4b8aeafef39e78c11ecbdb89764e9ca676a7dc2fb6d062,"{""distance"":3,""physical_error_rate"":1e-06}","{""detectors_checked"":319734}"
     33792,         0,         0,   0.511,decoder_by_matrix,e9839e3017c9ef118c4b8aeafef39e78c11ecbdb89764e9ca676a7dc2fb6d062,"{""distance"":3,""physical_error_rate"":1e-06}","{""detectors_checked"":1824768}"
     13832,         0,         0,   0.131,decoder_by_matrix,e9839e3017c9ef118c4b8aeafef39e78c11ecbdb89764e9ca676a7dc2fb6d062,"{""distance"":3,""physical_error_rate"":1e-06}","{""detectors_checked"":746928}"
     14336,         0,         0,   0.215,decoder_by_matrix,e9839e3017c9ef118c4b8aeafef39e78c11ecbdb89764e9ca676a7dc2fb6d062,"{""distance"":3,""physical_error_rate"":1e-06}","{""detection_events"":3,""detectors_checked"":774144}"
     11066,         0,         0,   0.005,decoder_by_matrix,e9839e3017c9ef118c4b8aeafef39e78c11ecbdb89764e9ca676a7dc2fb6d062,"{""distance"":3,""physical_error_rate"":1e-06}","{""detectors_checked"":597564}"
      5985,         0,         0,   0.008,decoder_by_matrix,e9839e3017c9ef118c4b8aeafef39e78c11ecbdb89764e9ca676a7dc2fb6d062,"{""distance"":3,""physical_error_rate"":1e-06}","{""detectors_checked"":323190}"
      4788,         0,         0,   0.002,decoder_by_matrix,e9839e3017c9ef118c4b8aeafef39e78c11ecbdb89764e9ca676a7dc2fb6d062,"{""distance"":3,""physical_error_rate"":1e-06}","{""detectors_checked"":258552}"
      9216,         0,         0,   0.016,decoder_by_matrix,e9839e3017c9ef118c4b8aeafef39e78c11ecbdb89764e9ca676a7dc2fb6d062,"{""distance"":3,""physical_error_rate"":1e-06}","{""detectors_checked"":497664}"
      1850,         0,         0,   0.001,decoder_by_matrix,e9839e3017c9ef118c4b8aeafef39e78c11ecbdb89764e9ca676a7dc2fb6d062,"{""distance"":3,""physical_error_rate"":1e-06}","{""detection_events"":9,""detectors_checked"":99900}"
      1617,         0,         0,   0.001,decoder_by_matrix,e9839e3017c9ef118c4b8aeafef39e78c11ecbdb89764e9ca676a7dc2fb6d062,"{""distance"":3,""physical_error_rate"":1e-06}","{""detectors_checked"":87318}"
       283,         0,         0,   0.000,decoder_by_matrix,e9839e3017c9ef118c4b8aeafef39e78c11ecbdb89764e9ca676a7dc2fb6d062,"{""distance"":3,""physical_error_rate"":1e-06}","{""detectors_checked"":15282}"
      1237,         0,         0,   0.001,decoder_by_matrix,e9839e3017c9ef118c4b8aeafef39e78c11ecbdb89764e9ca676a7dc2fb6d062,"{""distance"":3,""physical_error_rate"":1e-06}","{""detectors_checked"":66798}"
       990,         0,         0,   0.000,decoder_by_matrix,e9839e3017c9ef118c4b8aeafef39e78c11ecbdb89764e9ca676a7dc2fb6d062,"{""distance"":3,""physical_error_rate"":1e-06}","{""detectors_checked"":53460}"
       990,         0,         0,   0.000,decoder_by_matrix,e9839e3017c9ef118c4b8aeafef39e78c11ecbdb89764e9ca676a7dc2fb6d062,"{""distance"":3,""physical_error_rate"":1e-06}","{""detectors_checked"":53460}"
       247,         0,         0,   0.000,decoder_by_matrix,e9839e3017c9ef118c4b8aeafef39e78c11ecbdb89764e9ca676a7dc2fb6d062,"{""distance"":3,""physical_error_rate"":1e-06}","{""detectors_checked"":13338}"
       247,         0,         0,   0.000,decoder_by_matrix,e9839e3017c9ef118c4b8aeafef39e78c11ecbdb89764e9ca676a7dc2fb6d062,"{""distance"":3,""physical_error_rate"":1e-06}","{""detectors_checked"":13338}"
       990,         0,         0,   0.000,decoder_by_matrix,e9839e3017c9ef118c4b8aeafef39e78c11ecbdb89764e9ca676a7dc2fb6d062,"{""distance"":3,""physical_error_rate"":1e-06}","{""detectors_checked"":53460}"
       990,         0,         0,   0.000,decoder_by_matrix,e9839e3017c9ef118c4b8aeafef39e78c11ecbdb89764e9ca676a7dc2fb6d062,"{""distance"":3,""physical_error_rate"":1e-06}","{""detectors_checked"":53460}"
        99,         0,         0,   0.000,decoder_by_matrix,e9839e3017c9ef118c4b8aeafef39e78c11ecbdb89764e9ca676a7dc2fb6d062,"{""distance"":3,""physical_error_rate"":1e-06}","{""detectors_checked"":5346}"
        79,         0,         0,   0.000,decoder_by_matrix,e9839e3017c9ef118c4b8aeafef39e78c11ecbdb89764e9ca676a7dc2fb6d062,"{""distance"":3,""physical_error_rate"":1e-06}","{""detectors_checked"":4266}"
        64,         0,         0,   0.000,decoder_by_matrix,e9839e3017c9ef118c4b8aeafef39e78c11ecbdb89764e9ca676a7dc2fb6d062,"{""distance"":3,""physical_error_rate"":1e-06}","{""detectors_checked"":3456}"
        51,         0,         0,   0.000,decoder_by_matrix,e9839e3017c9ef118c4b8aeafef39e78c11ecbdb89764e9ca676a7dc2fb6d062,"{""distance"":3,""physical_error_rate"":1e-06}","{""detectors_checked"":2754}"
        51,         0,         0,   0.000,decoder_by_matrix,e9839e3017c9ef118c4b8aeafef39e78c11ecbdb89764e9ca676a7dc2fb6d062,"{""distance"":3,""physical_error_rate"":1e-06}","{""detectors_checked"":2754}"
        51,         0,         0,   0.000,decoder_by_matrix,e9839e3017c9ef118c4b8aeafef39e78c11ecbdb89764e9ca676a7dc2fb6d062,"{""distance"":3,""physical_error_rate"":1e-06}","{""detectors_checked"":2754}"
        51,         0,         0,   0.000,decoder_by_matrix,e9839e3017c9ef118c4b8aeafef39e78c11ecbdb89764e9ca676a7dc2fb6d062,"{""distance"":3,""physical_error_rate"":1e-06}","{""detectors_checked"":2754}"
        13,         0,         0,   0.000,decoder_by_matrix,e9839e3017c9ef118c4b8aeafef39e78c11ecbdb89764e9ca676a7dc2fb6d062,"{""distance"":3,""physical_error_rate"":1e-06}","{""detectors_checked"":702}"
         9,         0,         0,   0.000,decoder_by_matrix,e9839e3017c9ef118c4b8aeafef39e78c11ecbdb89764e9ca676a7dc2fb6d062,"{""distance"":3,""physical_error_rate"":1e-06}","{""detectors_checked"":486}"
        13,         0,         0,   0.000,decoder_by_matrix,e9839e3017c9ef118c4b8aeafef39e78c11ecbdb89764e9ca676a7dc2fb6d062,"{""distance"":3,""physical_error_rate"":1e-06}","{""detectors_checked"":702}"
         3,         0,         0,   0.000,decoder_by_matrix,e9839e3017c9ef118c4b8aeafef39e78c11ecbdb89764e9ca676a7dc2fb6d062,"{""distance"":3,""physical_error_rate"":1e-06}","{""detectors_checked"":162}"
         1,         0,         0,   0.000,decoder_by_matrix,e9839e3017c9ef118c4b8aeafef39e78c11ecbdb89764e9ca676a7dc2fb6d062,"{""distance"":3,""physical_error_rate"":1e-06}","{""detectors_checked"":54}"
         2,         0,         0,   0.000,decoder_by_matrix,e9839e3017c9ef118c4b8aeafef39e78c11ecbdb89764e9ca676a7dc2fb6d062,"{""distance"":3,""physical_error_rate"":1e-06}","{""detectors_checked"":108}"
         3,         0,         0,   0.000,decoder_by_matrix,e9839e3017c9ef118c4b8aeafef39e78c11ecbdb89764e9ca676a7dc2fb6d062,"{""distance"":3,""physical_error_rate"":1e-06}","{""detectors_checked"":162}"
         3,         0,         0,   0.000,decoder_by_matrix,e9839e3017c9ef118c4b8aeafef39e78c11ecbdb89764e9ca676a7dc2fb6d062,"{""distance"":3,""physical_error_rate"":1e-06}","{""detectors_checked"":162}"
         1,         0,         0,   0.000,decoder_by_matrix,e9839e3017c9ef118c4b8aeafef39e78c11ecbdb89764e9ca676a7dc2fb6d062,"{""distance"":3,""physical_error_rate"":1e-06}","{""detectors_checked"":54}"
      5393,         0,         0,   0.012,decoder_by_matrix,560c721f87db01d4cacf7dcb7d8812fecde61e9e7776d4b9e1b1a792578ecad7,"{""distance"":3,""physical_error_rate"":5e-06}","{""detection_events"":9,""detectors_checked"":291222}"
         1,         0,         0,   0.000,decoder_by_matrix,e25b8d07214a8afb95d354611a83b9bb1ded39644e323a8585b3aabf687a4fff,"{""distance"":3,""physical_error_rate"":1e-05}","{""detectors_checked"":54}"
      8192,         0,         0,   0.033,decoder_by_matrix,560c721f87db01d4cacf7dcb7d8812fecde61e9e7776d4b9e1b1a792578ecad7,"{""distance"":3,""physical_error_rate"":5e-06}","{""detectors_checked"":442368}"
      9489,         0,         0,   0.077,decoder_by_matrix,36e3cd26fed5ec7649ec51fb08c1a5e7d7f30e615782d954fee045c18a4962ca,"{""distance"":3,""physical_error_rate"":5e-05}","{""detection_events"":63,""detectors_checked"":512406}"
     15632,         0,         0,   0.100,decoder_by_matrix,e25b8d07214a8afb95d354611a83b9bb1ded39644e323a8585b3aabf687a4fff,"{""distance"":3,""physical_error_rate"":1e-05}","{""detection_events"":30,""detectors_checked"":844128}"
         1,         0,         0,   0.000,decoder_by_matrix,e25b8d07214a8afb95d354611a83b9bb1ded39644e323a8585b3aabf687a4fff,"{""distance"":3,""physical_error_rate"":1e-05}","{""detectors_checked"":54}"
     24848,         0,         0,   0.014,decoder_by_matrix,e25b8d07214a8afb95d354611a83b9bb1ded39644e323a8585b3aabf687a4fff,"{""distance"":3,""physical_error_rate"":1e-05}","{""detection_events"":24,""detectors_checked"":1341792}"
      4096,         0,         0,   0.131,decoder_by_matrix,36e3cd26fed5ec7649ec51fb08c1a5e7d7f30e615782d954fee045c18a4962ca,"{""distance"":3,""physical_error_rate"":5e-05}","{""detection_events"":27,""detectors_checked"":221184}"
     13312,         0,         0,   0.198,decoder_by_matrix,560c721f87db01d4cacf7dcb7d8812fecde61e9e7776d4b9e1b1a792578ecad7,"{""distance"":3,""physical_error_rate"":5e-06}","{""detectors_checked"":718848}"
         1,         0,         0,   0.000,decoder_by_matrix,36e3cd26fed5ec7649ec51fb08c1a5e7d7f30e615782d954fee045c18a4962ca,"{""distance"":3,""physical_error_rate"":5e-05}","{""detectors_checked"":54}"
     11536,         0,         0,   0.011,decoder_by_matrix,36e3cd26fed5ec7649ec51fb08c1a5e7d7f30e615782d954fee045c18a4962ca,"{""distance"":3,""physical_error_rate"":5e-05}","{""detection_events"":81,""detectors_checked"":622944}"
      1024,         0,         0,   0.133,decoder_by_matrix,e25b8d07214a8afb95d354611a83b9bb1ded39644e323a8585b3aabf687a4fff,"{""distance"":3,""physical_error_rate"":1e-05}","{""detectors_checked"":55296}"
      9216,         0,         0,   0.162,decoder_by_matrix,e25b8d07214a8afb95d354611a83b9bb1ded39644e323a8585b3aabf687a4fff,"{""distance"":3,""physical_error_rate"":1e-05}","{""detection_events"":12,""detectors_checked"":497664}"
      3072,         0,         0,   0.099,decoder_by_matrix,36e3cd26fed5ec7649ec51fb08c1a5e7d7f30e615782d954fee045c18a4962ca,"{""distance"":3,""physical_error_rate"":5e-05}","{""detection_events"":24,""detectors_checked"":165888}"
      4096,         0,         0,   0.075,decoder_by_matrix,36e3cd26fed5ec7649ec51fb08c1a5e7d7f30e615782d954fee045c18a4962ca,"{""distance"":3,""physical_error_rate"":5e-05}","{""detection_events"":24,""detectors_checked"":221184}"
      5120,         0,         0,   0.121,decoder_by_matrix,560c721f87db01d4cacf7dcb7d8812fecde61e9e7776d4b9e1b1a792578ecad7,"{""distance"":3,""physical_error_rate"":5e-06}","{""detection_events"":9,""detectors_checked"":276480}"
      5120,         0,         0,   0.114,decoder_by_matrix,e25b8d07214a8afb95d354611a83b9bb1ded39644e323a8585b3aabf687a4fff,"{""distance"":3,""physical_error_rate"":1e-05}","{""detection_events"":12,""detectors_checked"":276480}"
      8192,         0,         0,   0.114,decoder_by_matrix,e25b8d07214a8afb95d354611a83b9bb1ded39644e323a8585b3aabf687a4fff,"{""distance"":3,""physical_error_rate"":1e-05}","{""detection_events"":6,""detectors_checked"":442368}"
      4096,         0,         0,   0.121,decoder_by_matrix,36e3cd26fed5ec7649ec51fb08c1a5e7d7f30e615782d954fee045c18a4962ca,"{""distance"":3,""physical_error_rate"":5e-05}","{""detection_events"":15,""detectors_checked"":221184}"
      5120,         0,         0,   0.131,decoder_by_matrix,36e3cd26fed5ec7649ec51fb08c1a5e7d7f30e615782d954fee045c18a4962ca,"{""distance"":3,""physical_error_rate"":5e-05}","{""detection_events"":45,""detectors_checked"":276480}"
      7168,         0,         0,   0.140,decoder_by_matrix,560c721f87db01d4cacf7dcb7d8812fecde61e9e7776d4b9e1b1a792578ecad7,"{""distance"":3,""physical_error_rate"":5e-06}","{""detection_events"":12,""detectors_checked"":387072}"
      7168,         0,         0,   0.128,decoder_by_matrix,e25b8d07214a8afb95d354611a83b9bb1ded39644e323a8585b3aabf687a4fff,"{""distance"":3,""physical_error_rate"":1e-05}","{""detection_events"":9,""detectors_checked"":387072}"
      4096,         0,         0,   0.003,decoder_by_matrix,e25b8d07214a8afb95d354611a83b9bb1ded39644e323a8585b3aabf687a4fff,"{""distance"":3,""physical_error_rate"":1e-05}","{""detection_events"":3,""detectors_checked"":221184}"
      3072,         0,         0,   0.123,decoder_by_matrix,36e3cd26fed5ec7649ec51fb08c1a5e7d7f30e615782d954fee045c18a4962ca,"{""distance"":3,""physical_error_rate"":5e-05}","{""detection_events"":48,""detectors_checked"":165888}"
      4096,         0,         0,   0.129,decoder_by_matrix,36e3cd26fed5ec7649ec51fb08c1a5e7d7f30e615782d954fee045c18a4962ca,"{""distance"":3,""physical_error_rate"":5e-05}","{""detection_events"":21,""detectors_checked"":221184}"
      8192,         0,         0,   0.126,decoder_by_matrix,560c721f87db01d4cacf7dcb7d8812fecde61e9e7776d4b9e1b1a792578ecad7,"{""distance"":3,""physical_error_rate"":5e-06}","{""detectors_checked"":442368}"
      6144,         0,         0,   0.134,decoder_by_matrix,e25b8d07214a8afb95d354611a83b9bb1ded39644e323a8585b3aabf687a4fff,"{""distance"":3,""physical_error_rate"":1e-05}","{""detection_events"":12,""detectors_checked"":331776}"
      6144,         0,         0,   0.103,decoder_by_matrix,36e3cd26fed5ec7649ec51fb08c1a5e7d7f30e615782d954fee045c18a4962ca,"{""distance"":3,""physical_error_rate"":5e-05}","{""detection_events"":6,""detectors_checked"":331776}"
      5120,         0,         0,   0.137,decoder_by_matrix,e25b8d07214a8afb95d354611a83b9bb1ded39644e323a8585b3aabf687a4fff,"{""distance"":3,""physical_error_rate"":1e-05}","{""detection_events"":15,""detectors_checked"":276480}"
      4096,         0,         0,   0.127,decoder_by_matrix,36e3cd26fed5ec7649ec51fb08c1a5e7d7f30e615782d954fee045c18a4962ca,"{""distance"":3,""physical_error_rate"":5e-05}","{""detection_events"":6,""detectors_checked"":221184}"
      6144,         0,         0,   0.091,decoder_by_matrix,e25b8d07214a8afb95d354611a83b9bb1ded39644e323a8585b3aabf687a4fff,"{""distance"":3,""physical_error_rate"":1e-05}","{""detectors_checked"":331776}"
      7168,         0,         0,   0.122,decoder_by_matrix,560c721f87db01d4cacf7dcb7d8812fecde61e9e7776d4b9e1b1a792578ecad7,"{""distance"":3,""physical_error_rate"":5e-06}","{""detectors_checked"":387072}"
      4096,         0,         0,   0.127,decoder_by_matrix,36e3cd26fed5ec7649ec51fb08c1a5e7d7f30e615782d954fee045c18a4962ca,"{""distance"":3,""physical_error_rate"":5e-05}","{""detection_events"":27,""detectors_checked"":221184}"
      7168,         0,         0,   0.129,decoder_by_matrix,e25b8d07214a8afb95d354611a83b9bb1ded39644e323a8585b3aabf687a4fff,"{""distance"":3,""physical_error_rate"":1e-05}","{""detection_events"":15,""detectors_checked"":387072}"
      6144,         0,         0,   0.128,decoder_by_matrix,36e3cd26fed5ec7649ec51fb08c1a5e7d7f30e615782d954fee045c18a4962ca,"{""distance"":3,""physical_error_rate"":5e-05}","{""detection_events"":6,""detectors_checked"":331776}"
      6144,         0,         0,   0.128,decoder_by_matrix,e25b8d07214a8afb95d354611a83b9bb1ded39644e323a8585b3aabf687a4fff,"{""distance"":3,""physical_error_rate"":1e-05}","{""detection_events"":21,""detectors_checked"":331776}"
      9216,         0,         0,   0.004,decoder_by_matrix,560c721f87db01d4cacf7dcb7d8812fecde61e9e7776d4b9e1b1a792578ecad7,"{""distance"":3,""physical_error_rate"":5e-06}","{""detectors_checked"":497664}"
      3072,         0,         0,   0.128,decoder_by_matrix,36e3cd26fed5ec7649ec51fb08c1a5e7d7f30e615782d954fee045c18a4962ca,"{""distance"":3,""physical_error_rate"":5e-05}","{""detection_events"":12,""detectors_checked"":165888}"
      6144,         0,         0,   0.127,decoder_by_matrix,e25b8d07214a8afb95d354611a83b9bb1ded39644e323a8585b3aabf687a4fff,"{""distance"":3,""physical_error_rate"":1e-05}","{""detectors_checked"":331776}"
      5120,         0,         0,   0.132,decoder_by_matrix,36e3cd26fed5ec7649ec51fb08c1a5e7d7f30e615782d954fee045c18a4962ca,"{""distance"":3,""physical_error_rate"":5e-05}","{""detection_events"":27,""detectors_checked"":276480}"
     13312,         0,         0,   0.235,decoder_by_matrix,e25b8d07214a8afb95d354611a83b9bb1ded39644e323a8585b3aabf687a4fff,"{""distance"":3,""physical_error_rate"":1e-05}","{""detectors_checked"":718848}"
     16384,         0,         0,   0.255,decoder_by_matrix,560c721f87db01d4cacf7dcb7d8812fecde61e9e7776d4b9e1b1a792578ecad7,"{""distance"":3,""physical_error_rate"":5e-06}","{""detectors_checked"":884736}"
      9216,         0,         0,   0.255,decoder_by_matrix,36e3cd26fed5ec7649ec51fb08c1a5e7d7f30e615782d954fee045c18a4962ca,"{""distance"":3,""physical_error_rate"":5e-05}","{""detection_events"":21,""detectors_checked"":497664}"
     15360,         0,         0,   0.256,decoder_by_matrix,e25b8d07214a8afb95d354611a83b9bb1ded39644e323a8585b3aabf687a4fff,"{""distance"":3,""physical_error_rate"":1e-05}","{""detection_events"":3,""detectors_checked"":829440}"
     10240,         0,         0,   0.260,decoder_by_matrix,36e3cd26fed5ec7649ec51fb08c1a5e7d7f30e615782d954fee045c18a4962ca,"{""distance"":3,""physical_error_rate"":5e-05}","{""detection_events"":39,""detectors_checked"":552960}"
     13312,         0,         0,   0.248,decoder_by_matrix,e25b8d07214a8afb95d354611a83b9bb1ded39644e323a8585b3aabf687a4fff,"{""distance"":3,""physical_error_rate"":1e-05}","{""detection_events"":15,""detectors_checked"":718848}"
     12288,         0,         0,   0.251,decoder_by_matrix,560c721f87db01d4cacf7dcb7d8812fecde61e9e7776d4b9e1b1a792578ecad7,"{""distance"":3,""physical_error_rate"":5e-06}","{""detection_events"":9,""detectors_checked"":663552}"
      8192,         0,         0,   0.257,decoder_by_matrix,36e3cd26fed5ec7649ec51fb08c1a5e7d7f30e615782d954fee045c18a4962ca,"{""distance"":3,""physical_error_rate"":5e-05}","{""detection_events"":54,""detectors_checked"":442368}"
     11264,         0,         0,   0.255,decoder_by_matrix,e25b8d07214a8afb95d354611a83b9bb1ded39644e323a8585b3aabf687a4fff,"{""distance"":3,""physical_error_rate"":1e-05}","{""detection_events"":21,""detectors_checked"":608256}"
      9216,         0,         0,   0.256,decoder_by_matrix,36e3cd26fed5ec7649ec51fb08c1a5e7d7f30e615782d954fee045c18a4962ca,"{""distance"":3,""physical_error_rate"":5e-05}","{""detection_events"":72,""detectors_checked"":497664}"
     18432,         0,         0,   0.356,decoder_by_matrix,e25b8d07214a8afb95d354611a83b9bb1ded39644e323a8585b3aabf687a4fff,"{""distance"":3,""physical_error_rate"":1e-05}","{""detection_events"":39,""detectors_checked"":995328}"
     22528,         0,         0,   0.382,decoder_by_matrix,560c721f87db01d4cacf7dcb7d8812fecde61e9e7776d4b9e1b1a792578ecad7,"{""distance"":3,""physical_error_rate"":5e-06}","{""detection_events"":27,""detectors_checked"":1216512}"
     12288,         0,         0,   0.361,decoder_by_matrix,36e3cd26fed5ec7649ec51fb08c1a5e7d7f30e615782d954fee045c18a4962ca,"{""distance"":3,""physical_error_rate"":5e-05}","{""detection_events"":63,""detectors_checked"":663552}"
     16384,         0,         0,   0.385,decoder_by_matrix,e25b8d07214a8afb95d354611a83b9bb1ded39644e323a8585b3aabf687a4fff,"{""distance"":3,""physical_error_rate"":1e-05}","{""detection_events"":54,""detectors_checked"":884736}"
     14336,         0,         0,   0.369,decoder_by_matrix,36e3cd26fed5ec7649ec51fb08c1a5e7d7f30e615782d954fee045c18a4962ca,"{""distance"":3,""physical_error_rate"":5e-05}","{""detection_events"":69,""detectors_checked"":774144}"
     25600,         0,         0,   0.423,decoder_by_matrix,e25b8d07214a8afb95d354611a83b9bb1ded39644e323a8585b3aabf687a4fff,"{""distance"":3,""physical_error_rate"":1e-05}","{""detection_events"":27,""detectors_checked"":1382400}"
     25600,         0,         0,   0.499,decoder_by_matrix,560c721f87db01d4cacf7dcb7d8812fecde61e9e7776d4b9e1b1a792578ecad7,"{""distance"":3,""physical_error_rate"":5e-06}","{""detection_events"":33,""detectors_checked"":1382400}"
     13312,         0,         0,   0.512,decoder_by_matrix,36e3cd26fed5ec7649ec51fb08c1a5e7d7f30e615782d954fee045c18a4962ca,"{""distance"":3,""physical_error_rate"":5e-05}","{""detection_events"":129,""detectors_checked"":718848}"
     24576,         0,         0,   0.511,decoder_by_matrix,e25b8d07214a8afb95d354611a83b9bb1ded39644e323a8585b3aabf687a4fff,"{""distance"":3,""physical_error_rate"":1e-05}","{""detection_events"":27,""detectors_checked"":1327104}"
     15360,         0,         0,   0.520,decoder_by_matrix,36e3cd26fed5ec7649ec51fb08c1a5e7d7f30e615782d954fee045c18a4962ca,"{""distance"":3,""physical_error_rate"":5e-05}","{""detection_events"":99,""detectors_checked"":829440}"
     33792,         0,         0,   0.628,decoder_by_matrix,e25b8d07214a8afb95d354611a83b9bb1ded39644e323a8585b3aabf687a4fff,"{""distance"":3,""physical_error_rate"":1e-05}","{""detection_events"":21,""detectors_checked"":1824768}"
     38912,         0,         0,   0.629,decoder_by_matrix,560c721f87db01d4cacf7dcb7d8812fecde61e9e7776d4b9e1b1a792578ecad7,"{""distance"":3,""physical_error_rate"":5e-06}","{""detection_events"":9,""detectors_checked"":2101248}"
     21504,         0,         0,   0.517,decoder_by_matrix,36e3cd26fed5ec7649ec51fb08c1a5e7d7f30e615782d954fee045c18a4962ca,"{""distance"":3,""physical_error_rate"":5e-05}","{""detection_events"":93,""detectors_checked"":1161216}"
     29696,         0,         0,   0.639,decoder_by_matrix,e25b8d07214a8afb95d354611a83b9bb1ded39644e323a8585b3aabf687a4fff,"{""distance"":3,""physical_error_rate"":1e-05}","{""detection_events"":66,""detectors_checked"":1603584}"
     19456,         0,         0,   0.481,decoder_by_matrix,36e3cd26fed5ec7649ec51fb08c1a5e7d7f30e615782d954fee045c18a4962ca,"{""distance"":3,""physical_error_rate"":5e-05}","{""detection_events"":132,""detectors_checked"":1050624}"
     50176,         0,         0,   0.883,decoder_by_matrix,e25b8d07214a8afb95d354611a83b9bb1ded39644e323a8585b3aabf687a4fff,"{""distance"":3,""physical_error_rate"":1e-05}","{""detection_events"":39,""detectors_checked"":2709504}"
     53248,         0,         0,   0.790,decoder_by_matrix,560c721f87db01d4cacf7dcb7d8812fecde61e9e7776d4b9e1b1a792578ecad7,"{""distance"":3,""physical_error_rate"":5e-06}","{""detection_events"":36,""detectors_checked"":2875392}"
     27648,         0,         0,   0.894,decoder_by_matrix,36e3cd26fed5ec7649ec51fb08c1a5e7d7f30e615782d954fee045c18a4962ca,"{""distance"":3,""physical_error_rate"":5e-05}","{""detection_events"":207,""detectors_checked"":1492992}"
     30720,         0,         0,   0.842,decoder_by_matrix,36e3cd26fed5ec7649ec51fb08c1a5e7d7f30e615782d954fee045c18a4962ca,"{""distance"":3,""physical_error_rate"":5e-05}","{""detection_events"":132,""detectors_checked"":1658880}"
     47104,         0,         0,   0.901,decoder_by_matrix,e25b8d07214a8afb95d354611a83b9bb1ded39644e323a8585b3aabf687a4fff,"{""distance"":3,""physical_error_rate"":1e-05}","{""detection_events"":51,""detectors_checked"":2543616}"
     56320,         0,         0,    1.02,decoder_by_matrix,e25b8d07214a8afb95d354611a83b9bb1ded39644e323a8585b3aabf687a4fff,"{""distance"":3,""physical_error_rate"":1e-05}","{""detection_events"":99,""detectors_checked"":3041280}"
     64512,         0,         0,    1.14,decoder_by_matrix,560c721f87db01d4cacf7dcb7d8812fecde61e9e7776d4b9e1b1a792578ecad7,"{""distance"":3,""physical_error_rate"":5e-06}","{""detection_events"":36,""detectors_checked"":3483648}"
     34816,         0,         0,    1.14,decoder_by_matrix,36e3cd26fed5ec7649ec51fb08c1a5e7d7f30e615782d954fee045c18a4962ca,"{""distance"":3,""physical_error_rate"":5e-05}","{""detection_events"":222,""detectors_checked"":1880064}"
     34816,         0,         0,    1.02,decoder_by_matrix,36e3cd26fed5ec7649ec51fb08c1a5e7d7f30e615782d954fee045c18a4962ca,"{""distance"":3,""physical_error_rate"":5e-05}","{""detection_events"":234,""detectors_checked"":1880064}"
     51200,         0,         0,   0.915,decoder_by_matrix,e25b8d07214a8afb95d354611a83b9bb1ded39644e323a8585b3aabf687a4fff,"{""distance"":3,""physical_error_rate"":1e-05}","{""detection_events"":105,""detectors_checked"":2764800}"
     87040,         0,         0,    1.65,decoder_by_matrix,e25b8d07214a8afb95d354611a83b9bb1ded39644e323a8585b3aabf687a4fff,"{""distance"":3,""physical_error_rate"":1e-05}","{""detection_events"":87,""detectors_checked"":4700160}"
     95232,         0,         0,    1.65,decoder_by_matrix,560c721f87db01d4cacf7dcb7d8812fecde61e9e7776d4b9e1b1a792578ecad7,"{""distance"":3,""physical_error_rate"":5e-06}","{""detection_events"":63,""detectors_checked"":5142528}"
     51200,         0,         0,    1.67,decoder_by_matrix,36e3cd26fed5ec7649ec51fb08c1a5e7d7f30e615782d954fee045c18a4962ca,"{""distance"":3,""physical_error_rate"":5e-05}","{""detection_events"":360,""detectors_checked"":2764800}"
     48128,         0,         0,    1.68,decoder_by_matrix,36e3cd26fed5ec7649ec51fb08c1a5e7d7f30e615782d954fee045c18a4962ca,"{""distance"":3,""physical_error_rate"":5e-05}","{""detection_events"":378,""detectors_checked"":2598912}"
     81920,         0,         0,    1.66,decoder_by_matrix,e25b8d07214a8afb95d354611a83b9bb1ded39644e323a8585b3aabf687a4fff,"{""distance"":3,""physical_error_rate"":1e-05}","{""detection_events"":81,""detectors_checked"":4423680}"
    122880,         0,         0,    2.17,decoder_by_matrix,560c721f87db01d4cacf7dcb7d8812fecde61e9e7776d4b9e1b1a792578ecad7,"{""distance"":3,""physical_error_rate"":5e-06}","{""detection_events"":147,""detectors_checked"":6635520}"
    109568,         0,         0,    2.16,decoder_by_matrix,e25b8d07214a8afb95d354611a83b9bb1ded39644e323a8585b3aabf687a4fff,"{""distance"":3,""physical_error_rate"":1e-05}","{""detection_events"":210,""detectors_checked"":5916672}"
     73728,         0,         0,    2.00,decoder_by_matrix,36e3cd26fed5ec7649ec51fb08c1a5e7d7f30e615782d954fee045c18a4962ca,"{""distance"":3,""physical_error_rate"":5e-05}","{""detection_events"":540,""detectors_checked"":3981312}"
     78848,         0,         0,    2.18,decoder_by_matrix,36e3cd26fed5ec7649ec51fb08c1a5e7d7f30e615782d954fee045c18a4962ca,"{""distance"":3,""physical_error_rate"":5e-05}","{""detection_events"":462,""detectors_checked"":4257792}"
    110592,         0,         0,    2.30,decoder_by_matrix,e25b8d07214a8afb95d354611a83b9bb1ded39644e323a8585b3aabf687a4fff,"{""distance"":3,""physical_error_rate"":1e-05}","{""detection_events"":213,""detectors_checked"":5971968}"
    163840,         0,         0,    3.05,decoder_by_matrix,e25b8d07214a8afb95d354611a83b9bb1ded39644e323a8585b3aabf687a4fff,"{""distance"":3,""physical_error_rate"":1e-05}","{""detection_events"":165,""detectors_checked"":8847360}"
    172032,         0,         0,    2.98,decoder_by_matrix,560c721f87db01d4cacf7dcb7d8812fecde61e9e7776d4b9e1b1a792578ecad7,"{""distance"":3,""physical_error_rate"":5e-06}","{""detection_events"":168,""detectors_checked"":9289728}"
     98304,         0,         0,    2.94,decoder_by_matrix,36e3cd26fed5ec7649ec51fb08c1a5e7d7f30e615782d954fee045c18a4962ca,"{""distance"":3,""physical_error_rate"":5e-05}","{""detection_events"":675,""detectors_checked"":5308416}"
     94208,         0,         0,    3.07,decoder_by_matrix,36e3cd26fed5ec7649ec51fb08c1a5e7d7f30e615782d954fee045c18a4962ca,"{""distance"":3,""physical_error_rate"":5e-05}","{""detection_events"":705,""detectors_checked"":5087232}"
    162816,         0,         0,    3.16,decoder_by_matrix,e25b8d07214a8afb95d354611a83b9bb1ded39644e323a8585b3aabf687a4fff,"{""distance"":3,""physical_error_rate"":1e-05}","{""detection_events"":240,""detectors_checked"":8792064}"
    235520,         0,         0,    4.03,decoder_by_matrix,560c721f87db01d4cacf7dcb7d8812fecde61e9e7776d4b9e1b1a792578ecad7,"{""distance"":3,""physical_error_rate"":5e-06}","{""detection_events"":210,""detectors_checked"":12718080}"
    205824,         0,         0,    4.10,decoder_by_matrix,e25b8d07214a8afb95d354611a83b9bb1ded39644e323a8585b3aabf687a4fff,"{""distance"":3,""physical_error_rate"":1e-05}","{""detection_events"":399,""detectors_checked"":11114496}"
    137216,         0,         0,    4.33,decoder_by_matrix,36e3cd26fed5ec7649ec51fb08c1a5e7d7f30e615782d954fee045c18a4962ca,"{""distance"":3,""physical_error_rate"":5e-05}","{""detection_events"":939,""detectors_checked"":7409664}"
    142336,         0,         0,    4.36,decoder_by_matrix,36e3cd26fed5ec7649ec51fb08c1a5e7d7f30e615782d954fee045c18a4962ca,"{""distance"":3,""physical_error_rate"":5e-05}","{""detection_events"":933,""detectors_checked"":7686144}"
    220160,         0,         0,    4.24,decoder_by_matrix,e25b8d07214a8afb95d354611a83b9bb1ded39644e323a8585b3aabf687a4fff,"{""distance"":3,""physical_error_rate"":1e-05}","{""detection_events"":309,""detectors_checked"":11888640}"
    281600,         0,         0,    5.87,decoder_by_matrix,e25b8d07214a8afb95d354611a83b9bb1ded39644e323a8585b3aabf687a4fff,"{""distance"":3,""physical_error_rate"":1e-05}","{""detection_events"":510,""detectors_checked"":15206400}"
    343040,         0,         0,    5.83,decoder_by_matrix,560c721f87db01d4cacf7dcb7d8812fecde61e9e7776d4b9e1b1a792578ecad7,"{""distance"":3,""physical_error_rate"":5e-06}","{""detection_events"":294,""detectors_checked"":18524160}"
    191488,         0,         0,    5.84,decoder_by_matrix,36e3cd26fed5ec7649ec51fb08c1a5e7d7f30e615782d954fee045c18a4962ca,"{""distance"":3,""physical_error_rate"":5e-05}","{""detection_events"":1395,""detectors_checked"":10340352}"
    188416,         0,         0,    5.89,decoder_by_matrix,36e3cd26fed5ec7649ec51fb08c1a5e7d7f30e615782d954fee045c18a4962ca,"{""distance"":3,""physical_error_rate"":5e-05}","{""detection_events"":1389,""detectors_checked"":10174464}"
    310272,         0,         0,    6.09,decoder_by_matrix,e25b8d07214a8afb95d354611a83b9bb1ded39644e323a8585b3aabf687a4fff,"{""distance"":3,""physical_error_rate"":1e-05}","{""detection_events"":447,""detectors_checked"":16754688}"
    485376,         0,         0,    8.11,decoder_by_matrix,560c721f87db01d4cacf7dcb7d8812fecde61e9e7776d4b9e1b1a792578ecad7,"{""distance"":3,""physical_error_rate"":5e-06}","{""detection_events"":327,""detectors_checked"":26210304}"
    437248,         0,         0,    7.94,decoder_by_matrix,e25b8d07214a8afb95d354611a83b9bb1ded39644e323a8585b3aabf687a4fff,"{""distance"":3,""physical_error_rate"":1e-05}","{""detection_events"":504,""detectors_checked"":23611392}"
    270336,         0,         0,    8.42,decoder_by_matrix,36e3cd26fed5ec7649ec51fb08c1a5e7d7f30e615782d954fee045c18a4962ca,"{""distance"":3,""physical_error_rate"":5e-05}","{""detection_events"":1746,""detectors_checked"":14598144}"
    267264,         0,         0,    8.10,decoder_by_matrix,36e3cd26fed5ec7649ec51fb08c1a5e7d7f30e615782d954fee045c18a4962ca,"{""distance"":3,""physical_error_rate"":5e-05}","{""detection_events"":2100,""detectors_checked"":14432256}"
    431104,         0,         0,    7.88,decoder_by_matrix,e25b8d07214a8afb95d354611a83b9bb1ded39644e323a8585b3aabf687a4fff,"{""distance"":3,""physical_error_rate"":1e-05}","{""detection_events"":570,""detectors_checked"":23279616}"
   2845696,        39,         0,   116.8,decoder_by_matrix,5c8c81bfec719079c388cedc47a351f264c1bf769ae28a89f9b4fc7719fea501,"{""distance"":3,""physical_error_rate"":0.0005}","{""detection_events"":206703,""detectors_checked"":153667584,""obs_mistake_mask=E"":39}"
   6005760,         0,         0,   115.9,decoder_by_matrix,e25b8d07214a8afb95d354611a83b9bb1ded39644e323a8585b3aabf687a4fff,"{""distance"":3,""physical_error_rate"":1e-05}","{""detection_events"":8421,""detectors_checked"":324311040}"
   6762496,         0,         0,   115.5,decoder_by_matrix,560c721f87db01d4cacf7dcb7d8812fecde61e9e7776d4b9e1b1a792578ecad7,"{""distance"":3,""physical_error_rate"":5e-06}","{""detection_events"":5052,""detectors_checked"":365174784}"
   2845696,        52,         0,   117.6,decoder_by_matrix,5c8c81bfec719079c388cedc47a351f264c1bf769ae28a89f9b4fc7719fea501,"{""distance"":3,""physical_error_rate"":0.0005}","{""detection_events"":208494,""detectors_checked"":153667584,""obs_mistake_mask=E"":52}"
   3180544,         2,         0,   117.4,decoder_by_matrix,beec9fd12293a9cfe53c9b61fb8ce2a525e4eed38fa75d132d6dc64699336876,"{""distance"":3,""physical_error_rate"":0.0001}","{""detection_events"":44940,""detectors_checked"":171749376,""obs_mistake_mask=E"":2}"
   6063104,         1,         0,   116.2,decoder_by_matrix,e25b8d07214a8afb95d354611a83b9bb1ded39644e323a8585b3aabf687a4fff,"{""distance"":3,""physical_error_rate"":1e-05}","{""detection_events"":8595,""detectors_checked"":327407616,""obs_mistake_mask=E"":1}"
   6865920,         0,         0,   114.5,decoder_by_matrix,560c721f87db01d4cacf7dcb7d8812fecde61e9e7776d4b9e1b1a792578ecad7,"{""distance"":3,""physical_error_rate"":5e-06}","{""detection_events"":4818,""detectors_checked"":370759680}"
   3790848,         0,         0,   116.6,decoder_by_matrix,36e3cd26fed5ec7649ec51fb08c1a5e7d7f30e615782d954fee045c18a4962ca,"{""distance"":3,""physical_error_rate"":5e-05}","{""detection_events"":27405,""detectors_checked"":204705792}"
   3076096,         1,         0,   117.7,decoder_by_matrix,beec9fd12293a9cfe53c9b61fb8ce2a525e4eed38fa75d132d6dc64699336876,"{""distance"":3,""physical_error_rate"":0.0001}","{""detection_events"":45012,""detectors_checked"":166109184,""obs_mistake_mask=E"":1}"
   6047744,         0,         0,   115.8,decoder_by_matrix,e25b8d07214a8afb95d354611a83b9bb1ded39644e323a8585b3aabf687a4fff,"{""distance"":3,""physical_error_rate"":1e-05}","{""detection_events"":8610,""detectors_checked"":326578176}"
   3744768,         0,         0,   116.5,decoder_by_matrix,36e3cd26fed5ec7649ec51fb08c1a5e7d7f30e615782d954fee045c18a4962ca,"{""distance"":3,""physical_error_rate"":5e-05}","{""detection_events"":27771,""detectors_checked"":202217472}"
   6847488,         0,         0,   116.5,decoder_by_matrix,560c721f87db01d4cacf7dcb7d8812fecde61e9e7776d4b9e1b1a792578ecad7,"{""distance"":3,""physical_error_rate"":5e-06}","{""detection_events"":4605,""detectors_checked"":369764352}"
   3166208,         0,         0,   117.8,decoder_by_matrix,beec9fd12293a9cfe53c9b61fb8ce2a525e4eed38fa75d132d6dc64699336876,"{""distance"":3,""physical_error_rate"":0.0001}","{""detection_events"":46686,""detectors_checked"":170975232}"
   3731456,         0,         0,   117.1,decoder_by_matrix,36e3cd26fed5ec7649ec51fb08c1a5e7d7f30e615782d954fee045c18a4962ca,"{""distance"":3,""physical_error_rate"":5e-05}","{""detection_events"":27981,""detectors_checked"":201498624}"
   3125248,         4,         0,   116.2,decoder_by_matrix,beec9fd12293a9cfe53c9b61fb8ce2a525e4eed38fa75d132d6dc64699336876,"{""distance"":3,""physical_error_rate"":0.0001}","{""detection_events"":45876,""detectors_checked"":168763392,""obs_mistake_mask=E"":4}"
   2832384,        57,         0,   117.5,decoder_by_matrix,5c8c81bfec719079c388cedc47a351f264c1bf769ae28a89f9b4fc7719fea501,"{""distance"":3,""physical_error_rate"":0.0005}","{""detection_events"":204648,""detectors_checked"":152948736,""obs_mistake_mask=E"":57}"
   2837504,        43,         0,   116.4,decoder_by_matrix,5c8c81bfec719079c388cedc47a351f264c1bf769ae28a89f9b4fc7719fea501,"{""distance"":3,""physical_error_rate"":0.0005}","{""detection_events"":203883,""detectors_checked"":153225216,""obs_mistake_mask=E"":43}"
    583680,         0,         0,    11.5,decoder_by_matrix,e25b8d07214a8afb95d354611a83b9bb1ded39644e323a8585b3aabf687a4fff,"{""distance"":3,""physical_error_rate"":1e-05}","{""detection_events"":891,""detectors_checked"":31518720}"
    657408,         0,         0,    10.9,decoder_by_matrix,560c721f87db01d4cacf7dcb7d8812fecde61e9e7776d4b9e1b1a792578ecad7,"{""distance"":3,""physical_error_rate"":5e-06}","{""detection_events"":480,""detectors_checked"":35500032}"
    352256,         0,         0,    11.7,decoder_by_matrix,36e3cd26fed5ec7649ec51fb08c1a5e7d7f30e615782d954fee045c18a4962ca,"{""distance"":3,""physical_error_rate"":5e-05}","{""detection_events"":2928,""detectors_checked"":19021824}"
    366592,         1,         0,    11.4,decoder_by_matrix,36e3cd26fed5ec7649ec51fb08c1a5e7d7f30e615782d954fee045c18a4962ca,"{""distance"":3,""physical_error_rate"":5e-05}","{""detection_events"":2649,""detectors_checked"":19795968,""obs_mistake_mask=E"":1}"
    595968,         0,         0,    11.5,decoder_by_matrix,e25b8d07214a8afb95d354611a83b9bb1ded39644e323a8585b3aabf687a4fff,"{""distance"":3,""physical_error_rate"":1e-05}","{""detection_events"":816,""detectors_checked"":32182272}"
    824320,         0,         0,    15.9,decoder_by_matrix,e25b8d07214a8afb95d354611a83b9bb1ded39644e323a8585b3aabf687a4fff,"{""distance"":3,""physical_error_rate"":1e-05}","{""detection_events"":1242,""detectors_checked"":44513280}"
    919552,         0,         0,    15.6,decoder_by_matrix,560c721f87db01d4cacf7dcb7d8812fecde61e9e7776d4b9e1b1a792578ecad7,"{""distance"":3,""physical_error_rate"":5e-06}","{""detection_events"":750,""detectors_checked"":49655808}"
    523264,         0,         0,    16.2,decoder_by_matrix,36e3cd26fed5ec7649ec51fb08c1a5e7d7f30e615782d954fee045c18a4962ca,"{""distance"":3,""physical_error_rate"":5e-05}","{""detection_events"":3843,""detectors_checked"":28256256}"
    516096,         0,         0,    15.7,decoder_by_matrix,36e3cd26fed5ec7649ec51fb08c1a5e7d7f30e615782d954fee045c18a4962ca,"{""distance"":3,""physical_error_rate"":5e-05}","{""detection_events"":3609,""detectors_checked"":27869184}"
    843776,         0,         0,    16.2,decoder_by_matrix,e25b8d07214a8afb95d354611a83b9bb1ded39644e323a8585b3aabf687a4fff,"{""distance"":3,""physical_error_rate"":1e-05}","{""detection_events"":1020,""detectors_checked"":45563904}"
   6879232,         0,         0,   115.7,decoder_by_matrix,560c721f87db01d4cacf7dcb7d8812fecde61e9e7776d4b9e1b1a792578ecad7,"{""distance"":3,""physical_error_rate"":5e-06}","{""detection_events"":4563,""detectors_checked"":371478528}"
   6019072,         0,         0,   116.3,decoder_by_matrix,e25b8d07214a8afb95d354611a83b9bb1ded39644e323a8585b3aabf687a4fff,"{""distance"":3,""physical_error_rate"":1e-05}","{""detection_events"":8688,""detectors_checked"":325029888}"
   3717120,         1,         0,   116.5,decoder_by_matrix,36e3cd26fed5ec7649ec51fb08c1a5e7d7f30e615782d954fee045c18a4962ca,"{""distance"":3,""physical_error_rate"":5e-05}","{""detection_events"":27531,""detectors_checked"":200724480,""obs_mistake_mask=E"":1}"
   1153024,         0,         0,    22.2,decoder_by_matrix,e25b8d07214a8afb95d354611a83b9bb1ded39644e323a8585b3aabf687a4fff,"{""distance"":3,""physical_error_rate"":1e-05}","{""detection_events"":1695,""detectors_checked"":62263296}"
   1293312,         0,         0,    22.4,decoder_by_matrix,560c721f87db01d4cacf7dcb7d8812fecde61e9e7776d4b9e1b1a792578ecad7,"{""distance"":3,""physical_error_rate"":5e-06}","{""detection_events"":984,""detectors_checked"":69838848}"
    729088,         0,         0,    22.4,decoder_by_matrix,36e3cd26fed5ec7649ec51fb08c1a5e7d7f30e615782d954fee045c18a4962ca,"{""distance"":3,""physical_error_rate"":5e-05}","{""detection_events"":5274,""detectors_checked"":39370752}"
    733184,         0,         0,    22.7,decoder_by_matrix,36e3cd26fed5ec7649ec51fb08c1a5e7d7f30e615782d954fee045c18a4962ca,"{""distance"":3,""physical_error_rate"":5e-05}","{""detection_events"":5352,""detectors_checked"":39591936}"
   1146880,         0,         0,    21.6,decoder_by_matrix,e25b8d07214a8afb95d354611a83b9bb1ded39644e323a8585b3aabf687a4fff,"{""distance"":3,""physical_error_rate"":1e-05}","{""detection_events"":1524,""detectors_checked"":61931520}"
   3147776,         3,         0,   117.4,decoder_by_matrix,beec9fd12293a9cfe53c9b61fb8ce2a525e4eed38fa75d132d6dc64699336876,"{""distance"":3,""physical_error_rate"":0.0001}","{""detection_events"":46710,""detectors_checked"":169979904,""obs_mistake_mask=E"":3}"
   3141632,         3,         0,   117.6,decoder_by_matrix,beec9fd12293a9cfe53c9b61fb8ce2a525e4eed38fa75d132d6dc64699336876,"{""distance"":3,""physical_error_rate"":0.0001}","{""detection_events"":45393,""detectors_checked"":169648128,""obs_mistake_mask=E"":3}"
   2820096,        63,         0,   117.9,decoder_by_matrix,5c8c81bfec719079c388cedc47a351f264c1bf769ae28a89f9b4fc7719fea501,"{""distance"":3,""physical_error_rate"":0.0005}","{""detection_events"":205344,""detectors_checked"":152285184,""obs_mistake_mask=E"":63}"
   2826240,        39,         0,   116.9,decoder_by_matrix,5c8c81bfec719079c388cedc47a351f264c1bf769ae28a89f9b4fc7719fea501,"{""distance"":3,""physical_error_rate"":0.0005}","{""detection_events"":204327,""detectors_checked"":152616960,""obs_mistake_mask=E"":39}"
   1592320,         0,         0,    31.3,decoder_by_matrix,e25b8d07214a8afb95d354611a83b9bb1ded39644e323a8585b3aabf687a4fff,"{""distance"":3,""physical_error_rate"":1e-05}","{""detection_events"":2559,""detectors_checked"":85985280}"
   1804288,         0,         0,    31.0,decoder_by_matrix,560c721f87db01d4cacf7dcb7d8812fecde61e9e7776d4b9e1b1a792578ecad7,"{""distance"":3,""physical_error_rate"":5e-06}","{""detection_events"":1401,""detectors_checked"":97431552}"
   1003520,         0,         0,    31.4,decoder_by_matrix,36e3cd26fed5ec7649ec51fb08c1a5e7d7f30e615782d954fee045c18a4962ca,"{""distance"":3,""physical_error_rate"":5e-05}","{""detection_events"":7452,""detectors_checked"":54190080}"
    994304,         0,         0,    31.6,decoder_by_matrix,36e3cd26fed5ec7649ec51fb08c1a5e7d7f30e615782d954fee045c18a4962ca,"{""distance"":3,""physical_error_rate"":5e-05}","{""detection_events"":7119,""detectors_checked"":53692416}"
   1637376,         0,         0,    30.7,decoder_by_matrix,e25b8d07214a8afb95d354611a83b9bb1ded39644e323a8585b3aabf687a4fff,"{""distance"":3,""physical_error_rate"":1e-05}","{""detection_events"":2376,""detectors_checked"":88418304}"
   6057984,         0,         0,   114.7,decoder_by_matrix,e25b8d07214a8afb95d354611a83b9bb1ded39644e323a8585b3aabf687a4fff,"{""distance"":3,""physical_error_rate"":1e-05}","{""detection_events"":8709,""detectors_checked"":327131136}"
   6733824,         0,         0,   115.3,decoder_by_matrix,560c721f87db01d4cacf7dcb7d8812fecde61e9e7776d4b9e1b1a792578ecad7,"{""distance"":3,""physical_error_rate"":5e-06}","{""detection_events"":5274,""detectors_checked"":363626496}"
   3747840,         0,         0,   116.8,decoder_by_matrix,36e3cd26fed5ec7649ec51fb08c1a5e7d7f30e615782d954fee045c18a4962ca,"{""distance"":3,""physical_error_rate"":5e-05}","{""detection_events"":27324,""detectors_checked"":202383360}"
   5987328,         0,         0,   116.1,decoder_by_matrix,e25b8d07214a8afb95d354611a83b9bb1ded39644e323a8585b3aabf687a4fff,"{""distance"":3,""physical_error_rate"":1e-05}","{""detection_events"":8649,""detectors_checked"":323315712}"
   2843648,        45,         0,   117.6,decoder_by_matrix,5c8c81bfec719079c388cedc47a351f264c1bf769ae28a89f9b4fc7719fea501,"{""distance"":3,""physical_error_rate"":0.0005}","{""detection_events"":205176,""detectors_checked"":153556992,""obs_mistake_mask=E"":45}"
   6847488,         0,         0,   115.5,decoder_by_matrix,560c721f87db01d4cacf7dcb7d8812fecde61e9e7776d4b9e1b1a792578ecad7,"{""distance"":3,""physical_error_rate"":5e-06}","{""detection_events"":4752,""detectors_checked"":369764352}"
   2847744,        38,         0,   117.4,decoder_by_matrix,5c8c81bfec719079c388cedc47a351f264c1bf769ae28a89f9b4fc7719fea501,"{""distance"":3,""physical_error_rate"":0.0005}","{""detection_events"":205335,""detectors_checked"":153778176,""obs_mistake_mask=E"":38}"
   3149824,         6,         0,   117.5,decoder_by_matrix,beec9fd12293a9cfe53c9b61fb8ce2a525e4eed38fa75d132d6dc64699336876,"{""distance"":3,""physical_error_rate"":0.0001}","{""detection_events"":46080,""detectors_checked"":170090496,""obs_mistake_mask=E"":6}"
   6745088,         0,         0,   114.6,decoder_by_matrix,560c721f87db01d4cacf7dcb7d8812fecde61e9e7776d4b9e1b1a792578ecad7,"{""distance"":3,""physical_error_rate"":5e-06}","{""detection_events"":5082,""detectors_checked"":364234752}"
   6031360,         0,         0,   114.3,decoder_by_matrix,e25b8d07214a8afb95d354611a83b9bb1ded39644e323a8585b3aabf687a4fff,"{""distance"":3,""physical_error_rate"":1e-05}","{""detection_events"":8715,""detectors_checked"":325693440}"
   3760128,         1,         0,   117.9,decoder_by_matrix,36e3cd26fed5ec7649ec51fb08c1a5e7d7f30e615782d954fee045c18a4962ca,"{""distance"":3,""physical_error_rate"":5e-05}","{""detection_events"":27117,""detectors_checked"":203046912,""obs_mistake_mask=E"":1}"
   3130368,         4,         0,   117.6,decoder_by_matrix,beec9fd12293a9cfe53c9b61fb8ce2a525e4eed38fa75d132d6dc64699336876,"{""distance"":3,""physical_error_rate"":0.0001}","{""detection_events"":45459,""detectors_checked"":169039872,""obs_mistake_mask=E"":4}"
   6013952,         0,         0,   116.3,decoder_by_matrix,e25b8d07214a8afb95d354611a83b9bb1ded39644e323a8585b3aabf687a4fff,"{""distance"":3,""physical_error_rate"":1e-05}","{""detection_events"":8463,""detectors_checked"":324753408}"
   3733504,         1,         0,   117.1,decoder_by_matrix,36e3cd26fed5ec7649ec51fb08c1a5e7d7f30e615782d954fee045c18a4962ca,"{""distance"":3,""physical_error_rate"":5e-05}","{""detection_events"":27696,""detectors_checked"":201609216,""obs_mistake_mask=E"":1}"
   6732800,         0,         0,   113.9,decoder_by_matrix,560c721f87db01d4cacf7dcb7d8812fecde61e9e7776d4b9e1b1a792578ecad7,"{""distance"":3,""physical_error_rate"":5e-06}","{""detection_events"":5082,""detectors_checked"":363571200}"
   3147776,         2,         0,   117.0,decoder_by_matrix,beec9fd12293a9cfe53c9b61fb8ce2a525e4eed38fa75d132d6dc64699336876,"{""distance"":3,""physical_error_rate"":0.0001}","{""detection_events"":46941,""detectors_checked"":169979904,""obs_mistake_mask=E"":2}"
   3106816,         2,         0,   118.3,decoder_by_matrix,beec9fd12293a9cfe53c9b61fb8ce2a525e4eed38fa75d132d6dc64699336876,"{""distance"":3,""physical_error_rate"":0.0001}","{""detection_events"":46380,""detectors_checked"":167768064,""obs_mistake_mask=E"":2}"
   3803136,         1,         0,   117.3,decoder_by_matrix,36e3cd26fed5ec7649ec51fb08c1a5e7d7f30e615782d954fee045c18a4962ca,"{""distance"":3,""physical_error_rate"":5e-05}","{""detection_events"":27243,""detectors_checked"":205369344,""obs_mistake_mask=E"":1}"
   2833408,        43,         0,   117.0,decoder_by_matrix,5c8c81bfec719079c388cedc47a351f264c1bf769ae28a89f9b4fc7719fea501,"{""distance"":3,""physical_error_rate"":0.0005}","{""detection_events"":204960,""detectors_checked"":153004032,""obs_mistake_mask=E"":43}"
   2833408,        47,         0,   117.2,decoder_by_matrix,5c8c81bfec719079c388cedc47a351f264c1bf769ae28a89f9b4fc7719fea501,"{""distance"":3,""physical_error_rate"":0.0005}","{""detection_events"":204237,""detectors_checked"":153004032,""obs_mistake_mask=E"":47}"
   2233344,         0,         0,    43.3,decoder_by_matrix,e25b8d07214a8afb95d354611a83b9bb1ded39644e323a8585b3aabf687a4fff,"{""distance"":3,""physical_error_rate"":1e-05}","{""detection_events"":3483,""detectors_checked"":120600576}"
   2542592,         0,         0,    43.8,decoder_by_matrix,560c721f87db01d4cacf7dcb7d8812fecde61e9e7776d4b9e1b1a792578ecad7,"{""distance"":3,""physical_error_rate"":5e-06}","{""detection_events"":1905,""detectors_checked"":137299968}"
   1434624,         0,         0,    44.4,decoder_by_matrix,36e3cd26fed5ec7649ec51fb08c1a5e7d7f30e615782d954fee045c18a4962ca,"{""distance"":3,""physical_error_rate"":5e-05}","{""detection_events"":10338,""detectors_checked"":77469696}"
   1391616,         0,         0,    43.9,decoder_by_matrix,36e3cd26fed5ec7649ec51fb08c1a5e7d7f30e615782d954fee045c18a4962ca,"{""distance"":3,""physical_error_rate"":5e-05}","{""detection_events"":10461,""detectors_checked"":75147264}"
   2249728,         0,         0,    43.3,decoder_by_matrix,e25b8d07214a8afb95d354611a83b9bb1ded39644e323a8585b3aabf687a4fff,"{""distance"":3,""physical_error_rate"":1e-05}","{""detection_events"":3309,""detectors_checked"":121485312}"
   6816768,         0,         0,   114.7,decoder_by_matrix,560c721f87db01d4cacf7dcb7d8812fecde61e9e7776d4b9e1b1a792578ecad7,"{""distance"":3,""physical_error_rate"":5e-06}","{""detection_events"":4926,""detectors_checked"":368105472}"
   6064128,         0,         0,   116.0,decoder_by_matrix,e25b8d07214a8afb95d354611a83b9bb1ded39644e323a8585b3aabf687a4fff,"{""distance"":3,""physical_error_rate"":1e-05}","{""detection_events"":8781,""detectors_checked"":327462912}"
   3766272,         0,         0,   117.7,decoder_by_matrix,36e3cd26fed5ec7649ec51fb08c1a5e7d7f30e615782d954fee045c18a4962ca,"{""distance"":3,""physical_error_rate"":5e-05}","{""detection_events"":27075,""detectors_checked"":203378688}"
   3581952,         0,         0,    61.3,decoder_by_matrix,560c721f87db01d4cacf7dcb7d8812fecde61e9e7776d4b9e1b1a792578ecad7,"{""distance"":3,""physical_error_rate"":5e-06}","{""detection_events"":2637,""detectors_checked"":193425408}"
   3138560,         0,         0,    60.6,decoder_by_matrix,e25b8d07214a8afb95d354611a83b9bb1ded39644e323a8585b3aabf687a4fff,"{""distance"":3,""physical_error_rate"":1e-05}","{""detection_events"":4827,""detectors_checked"":169482240}"
   1979392,         1,         0,    61.2,decoder_by_matrix,36e3cd26fed5ec7649ec51fb08c1a5e7d7f30e615782d954fee045c18a4962ca,"{""distance"":3,""physical_error_rate"":5e-05}","{""detection_events"":14694,""detectors_checked"":106887168,""obs_mistake_mask=E"":1}"
   3213312,         0,         0,    60.1,decoder_by_matrix,e25b8d07214a8afb95d354611a83b9bb1ded39644e323a8585b3aabf687a4fff,"{""distance"":3,""physical_error_rate"":1e-05}","{""detection_events"":4365,""detectors_checked"":173518848}"
   1994752,         0,         0,    62.1,decoder_by_matrix,36e3cd26fed5ec7649ec51fb08c1a5e7d7f30e615782d954fee045c18a4962ca,"{""distance"":3,""physical_error_rate"":5e-05}","{""detection_events"":13959,""detectors_checked"":107716608}"
   3167232,         3,         0,   118.0,decoder_by_matrix,beec9fd12293a9cfe53c9b61fb8ce2a525e4eed38fa75d132d6dc64699336876,"{""distance"":3,""physical_error_rate"":0.0001}","{""detection_events"":47109,""detectors_checked"":171030528,""obs_mistake_mask=E"":3}"
   3168256,         0,         0,   116.7,decoder_by_matrix,beec9fd12293a9cfe53c9b61fb8ce2a525e4eed38fa75d132d6dc64699336876,"{""distance"":3,""physical_error_rate"":0.0001}","{""detection_events"":46395,""detectors_checked"":171085824}"
   2824192,        58,         0,   117.3,decoder_by_matrix,5c8c81bfec719079c388cedc47a351f264c1bf769ae28a89f9b4fc7719fea501,"{""distance"":3,""physical_error_rate"":0.0005}","{""detection_events"":205437,""detectors_checked"":152506368,""obs_mistake_mask=E"":58}"
   2829312,        51,         0,   117.9,decoder_by_matrix,5c8c81bfec719079c388cedc47a351f264c1bf769ae28a89f9b4fc7719fea501,"{""distance"":3,""physical_error_rate"":0.0005}","{""detection_events"":204858,""detectors_checked"":152782848,""obs_mistake_mask=E"":51}"
   5977088,         0,         0,   114.7,decoder_by_matrix,e25b8d07214a8afb95d354611a83b9bb1ded39644e323a8585b3aabf687a4fff,"{""distance"":3,""physical_error_rate"":1e-05}","{""detection_events"":8901,""detectors_checked"":322762752}"
   3767296,         3,         0,   117.4,decoder_by_matrix,36e3cd26fed5ec7649ec51fb08c1a5e7d7f30e615782d954fee045c18a4962ca,"{""distance"":3,""physical_error_rate"":5e-05}","{""detection_events"":27270,""detectors_checked"":203433984,""obs_mistake_mask=E"":3}"
   6849536,         0,         0,   114.5,decoder_by_matrix,560c721f87db01d4cacf7dcb7d8812fecde61e9e7776d4b9e1b1a792578ecad7,"{""distance"":3,""physical_error_rate"":5e-06}","{""detection_events"":4641,""detectors_checked"":369874944}"
   6037504,         0,         0,   116.4,decoder_by_matrix,e25b8d07214a8afb95d354611a83b9bb1ded39644e323a8585b3aabf687a4fff,"{""distance"":3,""physical_error_rate"":1e-05}","{""detection_events"":8610,""detectors_checked"":326025216}"
   2843648,        55,         0,   117.4,decoder_by_matrix,5c8c81bfec719079c388cedc47a351f264c1bf769ae28a89f9b4fc7719fea501,"{""distance"":3,""physical_error_rate"":0.0005}","{""detection_events"":207873,""detectors_checked"":153556992,""obs_mistake_mask=E"":55}"
   2846720,        49,         0,   118.1,decoder_by_matrix,5c8c81bfec719079c388cedc47a351f264c1bf769ae28a89f9b4fc7719fea501,"{""distance"":3,""physical_error_rate"":0.0005}","{""detection_events"":207081,""detectors_checked"":153722880,""obs_mistake_mask=E"":49}"
   6749184,         0,         0,   114.8,decoder_by_matrix,560c721f87db01d4cacf7dcb7d8812fecde61e9e7776d4b9e1b1a792578ecad7,"{""distance"":3,""physical_error_rate"":5e-06}","{""detection_events"":5127,""detectors_checked"":364455936}"
   6012928,         1,         0,   115.6,decoder_by_matrix,e25b8d07214a8afb95d354611a83b9bb1ded39644e323a8585b3aabf687a4fff,"{""distance"":3,""physical_error_rate"":1e-05}","{""detection_events"":8688,""detectors_checked"":324698112,""obs_mistake_mask=E"":1}"
   6837248,         0,         0,   114.7,decoder_by_matrix,560c721f87db01d4cacf7dcb7d8812fecde61e9e7776d4b9e1b1a792578ecad7,"{""distance"":3,""physical_error_rate"":5e-06}","{""detection_events"":4809,""detectors_checked"":369211392}"
   3174400,         1,         0,   117.6,decoder_by_matrix,beec9fd12293a9cfe53c9b61fb8ce2a525e4eed38fa75d132d6dc64699336876,"{""distance"":3,""physical_error_rate"":0.0001}","{""detection_events"":46188,""detectors_checked"":171417600,""obs_mistake_mask=E"":1}"
   3770368,         0,         0,   117.1,decoder_by_matrix,36e3cd26fed5ec7649ec51fb08c1a5e7d7f30e615782d954fee045c18a4962ca,"{""distance"":3,""physical_error_rate"":5e-05}","{""detection_events"":27825,""detectors_checked"":203599872}"
   3059712,         1,         0,   116.8,decoder_by_matrix,beec9fd12293a9cfe53c9b61fb8ce2a525e4eed38fa75d132d6dc64699336876,"{""distance"":3,""physical_error_rate"":0.0001}","{""detection_events"":44004,""detectors_checked"":165224448,""obs_mistake_mask=E"":1}"
   3815424,         0,         0,   115.9,decoder_by_matrix,36e3cd26fed5ec7649ec51fb08c1a5e7d7f30e615782d954fee045c18a4962ca,"{""distance"":3,""physical_error_rate"":5e-05}","{""detection_events"":27078,""detectors_checked"":206032896}"
   6044672,         0,         0,   115.1,decoder_by_matrix,e25b8d07214a8afb95d354611a83b9bb1ded39644e323a8585b3aabf687a4fff,"{""distance"":3,""physical_error_rate"":1e-05}","{""detection_events"":8445,""detectors_checked"":326412288}"
   6810624,         0,         0,   114.5,decoder_by_matrix,560c721f87db01d4cacf7dcb7d8812fecde61e9e7776d4b9e1b1a792578ecad7,"{""distance"":3,""physical_error_rate"":5e-06}","{""detection_events"":4977,""detectors_checked"":367773696}"
   3136512,         1,         0,   117.2,decoder_by_matrix,beec9fd12293a9cfe53c9b61fb8ce2a525e4eed38fa75d132d6dc64699336876,"{""distance"":3,""physical_error_rate"":0.0001}","{""detection_events"":46653,""detectors_checked"":169371648,""obs_mistake_mask=E"":1}"
   3130368,         1,         0,   118.7,decoder_by_matrix,beec9fd12293a9cfe53c9b61fb8ce2a525e4eed38fa75d132d6dc64699336876,"{""distance"":3,""physical_error_rate"":0.0001}","{""detection_events"":46332,""detectors_checked"":169039872,""obs_mistake_mask=E"":1}"
   3759104,         0,         0,   116.3,decoder_by_matrix,36e3cd26fed5ec7649ec51fb08c1a5e7d7f30e615782d954fee045c18a4962ca,"{""distance"":3,""physical_error_rate"":5e-05}","{""detection_events"":28656,""detectors_checked"":202991616}"
   2833408,        49,         0,   117.8,decoder_by_matrix,5c8c81bfec719079c388cedc47a351f264c1bf769ae28a89f9b4fc7719fea501,"{""distance"":3,""physical_error_rate"":0.0005}","{""detection_events"":208692,""detectors_checked"":153004032,""obs_mistake_mask=E"":49}"
   2834432,        46,         0,   118.2,decoder_by_matrix,5c8c81bfec719079c388cedc47a351f264c1bf769ae28a89f9b4fc7719fea501,"{""distance"":3,""physical_error_rate"":0.0005}","{""detection_events"":206472,""detectors_checked"":153059328,""obs_mistake_mask=E"":46}"
   1629236,         0,         0,    27.5,decoder_by_matrix,560c721f87db01d4cacf7dcb7d8812fecde61e9e7776d4b9e1b1a792578ecad7,"{""distance"":3,""physical_error_rate"":5e-06}","{""detection_events"":1173,""detectors_checked"":87978744}"
   6727680,         0,         0,   112.2,decoder_by_matrix,560c721f87db01d4cacf7dcb7d8812fecde61e9e7776d4b9e1b1a792578ecad7,"{""distance"":3,""physical_error_rate"":5e-06}","{""detection_events"":4644,""detectors_checked"":363294720}"
   6044672,         0,         0,   116.5,decoder_by_matrix,e25b8d07214a8afb95d354611a83b9bb1ded39644e323a8585b3aabf687a4fff,"{""distance"":3,""physical_error_rate"":1e-05}","{""detection_events"":8844,""detectors_checked"":326412288}"
   3793920,         0,         0,   116.8,decoder_by_matrix,36e3cd26fed5ec7649ec51fb08c1a5e7d7f30e615782d954fee045c18a4962ca,"{""distance"":3,""physical_error_rate"":5e-05}","{""detection_events"":27042,""detectors_checked"":204871680}"
   4967933,         0,         0,    83.7,decoder_by_matrix,560c721f87db01d4cacf7dcb7d8812fecde61e9e7776d4b9e1b1a792578ecad7,"{""distance"":3,""physical_error_rate"":5e-06}","{""detection_events"":3744,""detectors_checked"":268268382}"
   4021248,         0,         0,    68.4,decoder_by_matrix,560c721f87db01d4cacf7dcb7d8812fecde61e9e7776d4b9e1b1a792578ecad7,"{""distance"":3,""physical_error_rate"":5e-06}","{""detection_events"":3165,""detectors_checked"":217147392}"
   4412416,         0,         0,    84.6,decoder_by_matrix,e25b8d07214a8afb95d354611a83b9bb1ded39644e323a8585b3aabf687a4fff,"{""distance"":3,""physical_error_rate"":1e-05}","{""detection_events"":6291,""detectors_checked"":238270464}"
   2788352,         0,         0,    85.6,decoder_by_matrix,36e3cd26fed5ec7649ec51fb08c1a5e7d7f30e615782d954fee045c18a4962ca,"{""distance"":3,""physical_error_rate"":5e-05}","{""detection_events"":20082,""detectors_checked"":150571008}"
   4426752,         0,         0,    84.4,decoder_by_matrix,e25b8d07214a8afb95d354611a83b9bb1ded39644e323a8585b3aabf687a4fff,"{""distance"":3,""physical_error_rate"":1e-05}","{""detection_events"":6396,""detectors_checked"":239044608}"
   2742272,         0,         0,    86.3,decoder_by_matrix,36e3cd26fed5ec7649ec51fb08c1a5e7d7f30e615782d954fee045c18a4962ca,"{""distance"":3,""physical_error_rate"":5e-05}","{""detection_events"":20220,""detectors_checked"":148082688}"
    946685,         0,         0,    16.0,decoder_by_matrix,560c721f87db01d4cacf7dcb7d8812fecde61e9e7776d4b9e1b1a792578ecad7,"{""distance"":3,""physical_error_rate"":5e-06}","{""detection_events"":681,""detectors_checked"":51120990}"
   2914304,         0,         0,    49.9,decoder_by_matrix,560c721f87db01d4cacf7dcb7d8812fecde61e9e7776d4b9e1b1a792578ecad7,"{""distance"":3,""physical_error_rate"":5e-06}","{""detection_events"":2172,""detectors_checked"":157372416}"
   2980864,         0,         0,    49.7,decoder_by_matrix,560c721f87db01d4cacf7dcb7d8812fecde61e9e7776d4b9e1b1a792578ecad7,"{""distance"":3,""physical_error_rate"":5e-06}","{""detection_events"":2094,""detectors_checked"":160966656}"
    348671,         0,         0,    5.79,decoder_by_matrix,560c721f87db01d4cacf7dcb7d8812fecde61e9e7776d4b9e1b1a792578ecad7,"{""distance"":3,""physical_error_rate"":5e-06}","{""detection_events"":300,""detectors_checked"":18828234}"
   1679360,         0,         0,    28.1,decoder_by_matrix,560c721f87db01d4cacf7dcb7d8812fecde61e9e7776d4b9e1b1a792578ecad7,"{""distance"":3,""physical_error_rate"":5e-06}","{""detection_events"":1137,""detectors_checked"":90685440}"
   1681408,         0,         0,    28.5,decoder_by_matrix,560c721f87db01d4cacf7dcb7d8812fecde61e9e7776d4b9e1b1a792578ecad7,"{""distance"":3,""physical_error_rate"":5e-06}","{""detection_events"":1203,""detectors_checked"":90796032}"
   1314816,         0,         0,    22.2,decoder_by_matrix,560c721f87db01d4cacf7dcb7d8812fecde61e9e7776d4b9e1b1a792578ecad7,"{""distance"":3,""physical_error_rate"":5e-06}","{""detection_events"":999,""detectors_checked"":71000064}"
    370772,         0,         0,    6.48,decoder_by_matrix,560c721f87db01d4cacf7dcb7d8812fecde61e9e7776d4b9e1b1a792578ecad7,"{""distance"":3,""physical_error_rate"":5e-06}","{""detection_events"":282,""detectors_checked"":20021688}"
    389120,         0,         0,    6.47,decoder_by_matrix,560c721f87db01d4cacf7dcb7d8812fecde61e9e7776d4b9e1b1a792578ecad7,"{""distance"":3,""physical_error_rate"":5e-06}","{""detection_events"":225,""detectors_checked"":21012480}"
    123590,         0,         0,    2.14,decoder_by_matrix,560c721f87db01d4cacf7dcb7d8812fecde61e9e7776d4b9e1b1a792578ecad7,"{""distance"":3,""physical_error_rate"":5e-06}","{""detection_events"":102,""detectors_checked"":6673860}"
    223525,         0,         0,    3.69,decoder_by_matrix,560c721f87db01d4cacf7dcb7d8812fecde61e9e7776d4b9e1b1a792578ecad7,"{""distance"":3,""physical_error_rate"":5e-06}","{""detection_events"":132,""detectors_checked"":12070350}"
    193536,         0,         0,    3.31,decoder_by_matrix,560c721f87db01d4cacf7dcb7d8812fecde61e9e7776d4b9e1b1a792578ecad7,"{""distance"":3,""physical_error_rate"":5e-06}","{""detection_events"":156,""detectors_checked"":10450944}"
    211968,         0,         0,    3.72,decoder_by_matrix,560c721f87db01d4cacf7dcb7d8812fecde61e9e7776d4b9e1b1a792578ecad7,"{""distance"":3,""physical_error_rate"":5e-06}","{""detection_events"":165,""detectors_checked"":11446272}"
    223525,         0,         0,    3.90,decoder_by_matrix,560c721f87db01d4cacf7dcb7d8812fecde61e9e7776d4b9e1b1a792578ecad7,"{""distance"":3,""physical_error_rate"":5e-06}","{""detection_events"":144,""detectors_checked"":12070350}"
    219136,         0,         0,    3.65,decoder_by_matrix,560c721f87db01d4cacf7dcb7d8812fecde61e9e7776d4b9e1b1a792578ecad7,"{""distance"":3,""physical_error_rate"":5e-06}","{""detection_events"":192,""detectors_checked"":11833344}"
      4389,         0,         0,   0.002,decoder_by_matrix,560c721f87db01d4cacf7dcb7d8812fecde61e9e7776d4b9e1b1a792578ecad7,"{""distance"":3,""physical_error_rate"":5e-06}","{""detectors_checked"":237006}"
     81433,         0,         0,    1.40,decoder_by_matrix,560c721f87db01d4cacf7dcb7d8812fecde61e9e7776d4b9e1b1a792578ecad7,"{""distance"":3,""physical_error_rate"":5e-06}","{""detection_events"":78,""detectors_checked"":4397382}"
     11557,         0,         0,   0.202,decoder_by_matrix,560c721f87db01d4cacf7dcb7d8812fecde61e9e7776d4b9e1b1a792578ecad7,"{""distance"":3,""physical_error_rate"":5e-06}","{""detection_events"":15,""detectors_checked"":624078}"
     30606,         0,         0,   0.455,decoder_by_matrix,560c721f87db01d4cacf7dcb7d8812fecde61e9e7776d4b9e1b1a792578ecad7,"{""distance"":3,""physical_error_rate"":5e-06}","{""detection_events"":12,""detectors_checked"":1652724}"
     23579,         0,         0,   0.225,decoder_by_matrix,560c721f87db01d4cacf7dcb7d8812fecde61e9e7776d4b9e1b1a792578ecad7,"{""distance"":3,""physical_error_rate"":5e-06}","{""detection_events"":27,""detectors_checked"":1273266}"
     27648,         0,         0,   0.242,decoder_by_matrix,560c721f87db01d4cacf7dcb7d8812fecde61e9e7776d4b9e1b1a792578ecad7,"{""distance"":3,""physical_error_rate"":5e-06}","{""detection_events"":12,""detectors_checked"":1492992}"
     28672,         0,         0,   0.429,decoder_by_matrix,560c721f87db01d4cacf7dcb7d8812fecde61e9e7776d4b9e1b1a792578ecad7,"{""distance"":3,""physical_error_rate"":5e-06}","{""detection_events"":33,""detectors_checked"":1548288}"
     23130,         0,         0,   0.230,decoder_by_matrix,560c721f87db01d4cacf7dcb7d8812fecde61e9e7776d4b9e1b1a792578ecad7,"{""distance"":3,""physical_error_rate"":5e-06}","{""detectors_checked"":1249020}"
      3565,         0,         0,   0.002,decoder_by_matrix,560c721f87db01d4cacf7dcb7d8812fecde61e9e7776d4b9e1b1a792578ecad7,"{""distance"":3,""physical_error_rate"":5e-06}","{""detectors_checked"":192510}"
      1314,         0,         0,   0.001,decoder_by_matrix,560c721f87db01d4cacf7dcb7d8812fecde61e9e7776d4b9e1b1a792578ecad7,"{""distance"":3,""physical_error_rate"":5e-06}","{""detectors_checked"":70956}"
      2958,         0,         0,   0.001,decoder_by_matrix,560c721f87db01d4cacf7dcb7d8812fecde61e9e7776d4b9e1b1a792578ecad7,"{""distance"":3,""physical_error_rate"":5e-06}","{""detectors_checked"":159732}"
     21504,         0,         0,   0.352,decoder_by_matrix,560c721f87db01d4cacf7dcb7d8812fecde61e9e7776d4b9e1b1a792578ecad7,"{""distance"":3,""physical_error_rate"":5e-06}","{""detection_events"":9,""detectors_checked"":1161216}"
       619,         0,         0,   0.000,decoder_by_matrix,560c721f87db01d4cacf7dcb7d8812fecde61e9e7776d4b9e1b1a792578ecad7,"{""distance"":3,""physical_error_rate"":5e-06}","{""detectors_checked"":33426}"
      1414,         0,         0,   0.002,decoder_by_matrix,560c721f87db01d4cacf7dcb7d8812fecde61e9e7776d4b9e1b1a792578ecad7,"{""distance"":3,""physical_error_rate"":5e-06}","{""detection_events"":15,""detectors_checked"":76356}"
       558,         0,         0,   0.000,decoder_by_matrix,560c721f87db01d4cacf7dcb7d8812fecde61e9e7776d4b9e1b1a792578ecad7,"{""distance"":3,""physical_error_rate"":5e-06}","{""detectors_checked"":30132}"
       103,         0,         0,   0.000,decoder_by_matrix,560c721f87db01d4cacf7dcb7d8812fecde61e9e7776d4b9e1b1a792578ecad7,"{""distance"":3,""physical_error_rate"":5e-06}","{""detection_events"":9,""detectors_checked"":5562}"
      6408,         0,         0,   0.096,decoder_by_matrix,560c721f87db01d4cacf7dcb7d8812fecde61e9e7776d4b9e1b1a792578ecad7,"{""distance"":3,""physical_error_rate"":5e-06}","{""detection_events"":12,""detectors_checked"":346032}"
         1,         0,         0,   0.000,decoder_by_matrix,e25b8d07214a8afb95d354611a83b9bb1ded39644e323a8585b3aabf687a4fff,"{""distance"":3,""physical_error_rate"":1e-05}","{""detectors_checked"":54}"
         1,         0,         0,   0.000,decoder_by_matrix,beec9fd12293a9cfe53c9b61fb8ce2a525e4eed38fa75d132d6dc64699336876,"{""distance"":3,""physical_error_rate"":0.0001}","{""detectors_checked"":54}"
      4368,         0,         0,   0.047,decoder_by_matrix,e25b8d07214a8afb95d354611a83b9bb1ded39644e323a8585b3aabf687a4fff,"{""distance"":3,""physical_error_rate"":1e-05}","{""detection_events"":3,""detectors_checked"":235872}"
         1,         0,         0,   0.000,decoder_by_matrix,5c8c81bfec719079c388cedc47a351f264c1bf769ae28a89f9b4fc7719fea501,"{""distance"":3,""physical_error_rate"":0.0005}","{""detectors_checked"":54}"
         1,         0,         0,   0.000,decoder_by_matrix,beec9fd12293a9cfe53c9b61fb8ce2a525e4eed38fa75d132d6dc64699336876,"{""distance"":3,""physical_error_rate"":0.0001}","{""detectors_checked"":54}"
         1,         0,         0,   0.000,decoder_by_matrix,5c8c81bfec719079c388cedc47a351f264c1bf769ae28a89f9b4fc7719fea501,"{""distance"":3,""physical_error_rate"":0.0005}","{""detectors_checked"":54}"
         1,         0,         0,   0.000,decoder_by_matrix,36e3cd26fed5ec7649ec51fb08c1a5e7d7f30e615782d954fee045c18a4962ca,"{""distance"":3,""physical_error_rate"":5e-05}","{""detectors_checked"":54}"
      3344,         0,         0,   0.016,decoder_by_matrix,5c8c81bfec719079c388cedc47a351f264c1bf769ae28a89f9b4fc7719fea501,"{""distance"":3,""physical_error_rate"":0.0005}","{""detection_events"":261,""detectors_checked"":180576}"
      3344,         0,         0,   0.020,decoder_by_matrix,beec9fd12293a9cfe53c9b61fb8ce2a525e4eed38fa75d132d6dc64699336876,"{""distance"":3,""physical_error_rate"":0.0001}","{""detection_events"":45,""detectors_checked"":180576}"
      3344,         1,         0,   0.036,decoder_by_matrix,5c8c81bfec719079c388cedc47a351f264c1bf769ae28a89f9b4fc7719fea501,"{""distance"":3,""physical_error_rate"":0.0005}","{""detection_events"":363,""detectors_checked"":180576,""obs_mistake_mask=E"":1}"
      5392,         0,         0,   0.052,decoder_by_matrix,36e3cd26fed5ec7649ec51fb08c1a5e7d7f30e615782d954fee045c18a4962ca,"{""distance"":3,""physical_error_rate"":5e-05}","{""detection_events"":21,""detectors_checked"":291168}"
      7168,         0,         0,   0.143,decoder_by_matrix,e25b8d07214a8afb95d354611a83b9bb1ded39644e323a8585b3aabf687a4fff,"{""distance"":3,""physical_error_rate"":1e-05}","{""detection_events"":6,""detectors_checked"":387072}"
      3072,         0,         0,   0.077,decoder_by_matrix,5c8c81bfec719079c388cedc47a351f264c1bf769ae28a89f9b4fc7719fea501,"{""distance"":3,""physical_error_rate"":0.0005}","{""detection_events"":123,""detectors_checked"":165888}"
      5392,         0,         0,   0.198,decoder_by_matrix,beec9fd12293a9cfe53c9b61fb8ce2a525e4eed38fa75d132d6dc64699336876,"{""distance"":3,""physical_error_rate"":0.0001}","{""detection_events"":87,""detectors_checked"":291168}"
      3072,         0,         0,   0.115,decoder_by_matrix,beec9fd12293a9cfe53c9b61fb8ce2a525e4eed38fa75d132d6dc64699336876,"{""distance"":3,""physical_error_rate"":0.0001}","{""detection_events"":42,""detectors_checked"":165888}"
      3072,         0,         0,   0.123,decoder_by_matrix,5c8c81bfec719079c388cedc47a351f264c1bf769ae28a89f9b4fc7719fea501,"{""distance"":3,""physical_error_rate"":0.0005}","{""detection_events"":237,""detectors_checked"":165888}"
      3072,         0,         0,   0.135,decoder_by_matrix,36e3cd26fed5ec7649ec51fb08c1a5e7d7f30e615782d954fee045c18a4962ca,"{""distance"":3,""physical_error_rate"":5e-05}","{""detection_events"":27,""detectors_checked"":165888}"
      6144,         0,         0,   0.135,decoder_by_matrix,e25b8d07214a8afb95d354611a83b9bb1ded39644e323a8585b3aabf687a4fff,"{""distance"":3,""physical_error_rate"":1e-05}","{""detection_events"":6,""detectors_checked"":331776}"
      3072,         0,         0,   0.136,decoder_by_matrix,beec9fd12293a9cfe53c9b61fb8ce2a525e4eed38fa75d132d6dc64699336876,"{""distance"":3,""physical_error_rate"":0.0001}","{""detection_events"":33,""detectors_checked"":165888}"
      4096,         0,         0,   0.123,decoder_by_matrix,beec9fd12293a9cfe53c9b61fb8ce2a525e4eed38fa75d132d6dc64699336876,"{""distance"":3,""physical_error_rate"":0.0001}","{""detection_events"":24,""detectors_checked"":221184}"
      3072,         0,         0,   0.124,decoder_by_matrix,5c8c81bfec719079c388cedc47a351f264c1bf769ae28a89f9b4fc7719fea501,"{""distance"":3,""physical_error_rate"":0.0005}","{""detection_events"":234,""detectors_checked"":165888}"
      3072,         0,         0,   0.128,decoder_by_matrix,36e3cd26fed5ec7649ec51fb08c1a5e7d7f30e615782d954fee045c18a4962ca,"{""distance"":3,""physical_error_rate"":5e-05}","{""detection_events"":27,""detectors_checked"":165888}"
      7168,         0,         0,   0.128,decoder_by_matrix,e25b8d07214a8afb95d354611a83b9bb1ded39644e323a8585b3aabf687a4fff,"{""distance"":3,""physical_error_rate"":1e-05}","{""detection_events"":6,""detectors_checked"":387072}"
      6144,         0,         0,   0.269,decoder_by_matrix,5c8c81bfec719079c388cedc47a351f264c1bf769ae28a89f9b4fc7719fea501,"{""distance"":3,""physical_error_rate"":0.0005}","{""detection_events"":552,""detectors_checked"":331776}"
      3072,         0,         0,   0.123,decoder_by_matrix,beec9fd12293a9cfe53c9b61fb8ce2a525e4eed38fa75d132d6dc64699336876,"{""distance"":3,""physical_error_rate"":0.0001}","{""detection_events"":12,""detectors_checked"":165888}"
      3072,         0,         0,   0.126,decoder_by_matrix,beec9fd12293a9cfe53c9b61fb8ce2a525e4eed38fa75d132d6dc64699336876,"{""distance"":3,""physical_error_rate"":0.0001}","{""detection_events"":69,""detectors_checked"":165888}"
      3072,         0,         0,   0.126,decoder_by_matrix,5c8c81bfec719079c388cedc47a351f264c1bf769ae28a89f9b4fc7719fea501,"{""distance"":3,""physical_error_rate"":0.0005}","{""detection_events"":198,""detectors_checked"":165888}"
      5120,         0,         0,   0.129,decoder_by_matrix,36e3cd26fed5ec7649ec51fb08c1a5e7d7f30e615782d954fee045c18a4962ca,"{""distance"":3,""physical_error_rate"":5e-05}","{""detection_events"":6,""detectors_checked"":276480}"
      4096,         0,         0,   0.129,decoder_by_matrix,e25b8d07214a8afb95d354611a83b9bb1ded39644e323a8585b3aabf687a4fff,"{""distance"":3,""physical_error_rate"":1e-05}","{""detection_events"":27,""detectors_checked"":221184}"
      2048,         0,         0,   0.120,decoder_by_matrix,beec9fd12293a9cfe53c9b61fb8ce2a525e4eed38fa75d132d6dc64699336876,"{""distance"":3,""physical_error_rate"":0.0001}","{""detection_events"":12,""detectors_checked"":110592}"
      3072,         0,         0,   0.142,decoder_by_matrix,5c8c81bfec719079c388cedc47a351f264c1bf769ae28a89f9b4fc7719fea501,"{""distance"":3,""physical_error_rate"":0.0005}","{""detection_events"":201,""detectors_checked"":165888}"
      3072,         0,         0,   0.129,decoder_by_matrix,beec9fd12293a9cfe53c9b61fb8ce2a525e4eed38fa75d132d6dc64699336876,"{""distance"":3,""physical_error_rate"":0.0001}","{""detection_events"":45,""detectors_checked"":165888}"
      3072,         1,         0,   0.127,decoder_by_matrix,5c8c81bfec719079c388cedc47a351f264c1bf769ae28a89f9b4fc7719fea501,"{""distance"":3,""physical_error_rate"":0.0005}","{""detection_events"":276,""detectors_checked"":165888,""obs_mistake_mask=E"":1}"
      3072,         0,         0,   0.127,decoder_by_matrix,36e3cd26fed5ec7649ec51fb08c1a5e7d7f30e615782d954fee045c18a4962ca,"{""distance"":3,""physical_error_rate"":5e-05}","{""detection_events"":30,""detectors_checked"":165888}"
      7168,         0,         0,   0.127,decoder_by_matrix,e25b8d07214a8afb95d354611a83b9bb1ded39644e323a8585b3aabf687a4fff,"{""distance"":3,""physical_error_rate"":1e-05}","{""detection_events"":6,""detectors_checked"":387072}"
      3072,         0,         0,   0.127,decoder_by_matrix,beec9fd12293a9cfe53c9b61fb8ce2a525e4eed38fa75d132d6dc64699336876,"{""distance"":3,""physical_error_rate"":0.0001}","{""detection_events"":48,""detectors_checked"":165888}"
      3072,         0,         0,   0.131,decoder_by_matrix,5c8c81bfec719079c388cedc47a351f264c1bf769ae28a89f9b4fc7719fea501,"{""distance"":3,""physical_error_rate"":0.0005}","{""detection_events"":189,""detectors_checked"":165888}"
      3072,         0,         0,   0.131,decoder_by_matrix,beec9fd12293a9cfe53c9b61fb8ce2a525e4eed38fa75d132d6dc64699336876,"{""distance"":3,""physical_error_rate"":0.0001}","{""detection_events"":93,""detectors_checked"":165888}"
      2048,         0,         0,   0.128,decoder_by_matrix,5c8c81bfec719079c388cedc47a351f264c1bf769ae28a89f9b4fc7719fea501,"{""distance"":3,""physical_error_rate"":0.0005}","{""detection_events"":162,""detectors_checked"":110592}"
      4096,         0,         0,   0.129,decoder_by_matrix,36e3cd26fed5ec7649ec51fb08c1a5e7d7f30e615782d954fee045c18a4962ca,"{""distance"":3,""physical_error_rate"":5e-05}","{""detection_events"":57,""detectors_checked"":221184}"
      4096,         0,         0,   0.128,decoder_by_matrix,e25b8d07214a8afb95d354611a83b9bb1ded39644e323a8585b3aabf687a4fff,"{""distance"":3,""physical_error_rate"":1e-05}","{""detection_events"":12,""detectors_checked"":221184}"
      3072,         0,         0,   0.121,decoder_by_matrix,beec9fd12293a9cfe53c9b61fb8ce2a525e4eed38fa75d132d6dc64699336876,"{""distance"":3,""physical_error_rate"":0.0001}","{""detection_events"":96,""detectors_checked"":165888}"
      3072,         0,         0,   0.130,decoder_by_matrix,5c8c81bfec719079c388cedc47a351f264c1bf769ae28a89f9b4fc7719fea501,"{""distance"":3,""physical_error_rate"":0.0005}","{""detection_events"":222,""detectors_checked"":165888}"
      3072,         0,         0,   0.130,decoder_by_matrix,beec9fd12293a9cfe53c9b61fb8ce2a525e4eed38fa75d132d6dc64699336876,"{""distance"":3,""physical_error_rate"":0.0001}","{""detection_events"":48,""detectors_checked"":165888}"
      3072,         1,         0,   0.130,decoder_by_matrix,5c8c81bfec719079c388cedc47a351f264c1bf769ae28a89f9b4fc7719fea501,"{""distance"":3,""physical_error_rate"":0.0005}","{""detection_events"":228,""detectors_checked"":165888,""obs_mistake_mask=E"":1}"
      4096,         0,         0,   0.130,decoder_by_matrix,36e3cd26fed5ec7649ec51fb08c1a5e7d7f30e615782d954fee045c18a4962ca,"{""distance"":3,""physical_error_rate"":5e-05}","{""detection_events"":42,""detectors_checked"":221184}"
      4096,         0,         0,   0.144,decoder_by_matrix,beec9fd12293a9cfe53c9b61fb8ce2a525e4eed38fa75d132d6dc64699336876,"{""distance"":3,""physical_error_rate"":0.0001}","{""detection_events"":33,""detectors_checked"":221184}"
      3072,         0,         0,   0.128,decoder_by_matrix,5c8c81bfec719079c388cedc47a351f264c1bf769ae28a89f9b4fc7719fea501,"{""distance"":3,""physical_error_rate"":0.0005}","{""detection_events"":189,""detectors_checked"":165888}"
     12288,         0,         0,   0.135,decoder_by_matrix,e25b8d07214a8afb95d354611a83b9bb1ded39644e323a8585b3aabf687a4fff,"{""distance"":3,""physical_error_rate"":1e-05}","{""detection_events"":39,""detectors_checked"":663552}"
      6144,         0,         0,   0.256,decoder_by_matrix,beec9fd12293a9cfe53c9b61fb8ce2a525e4eed38fa75d132d6dc64699336876,"{""distance"":3,""physical_error_rate"":0.0001}","{""detection_events"":102,""detectors_checked"":331776}"
      6144,         0,         0,   0.260,decoder_by_matrix,5c8c81bfec719079c388cedc47a351f264c1bf769ae28a89f9b4fc7719fea501,"{""distance"":3,""physical_error_rate"":0.0005}","{""detection_events"":480,""detectors_checked"":331776}"
      8192,         0,         0,   0.261,decoder_by_matrix,36e3cd26fed5ec7649ec51fb08c1a5e7d7f30e615782d954fee045c18a4962ca,"{""distance"":3,""physical_error_rate"":5e-05}","{""detection_events"":42,""detectors_checked"":442368}"
      6144,         0,         0,   0.252,decoder_by_matrix,beec9fd12293a9cfe53c9b61fb8ce2a525e4eed38fa75d132d6dc64699336876,"{""distance"":3,""physical_error_rate"":0.0001}","{""detection_events"":57,""detectors_checked"":331776}"
      6144,         0,         0,   0.260,decoder_by_matrix,5c8c81bfec719079c388cedc47a351f264c1bf769ae28a89f9b4fc7719fea501,"{""distance"":3,""physical_error_rate"":0.0005}","{""detection_events"":567,""detectors_checked"":331776}"
     12288,         0,         0,   0.255,decoder_by_matrix,e25b8d07214a8afb95d354611a83b9bb1ded39644e323a8585b3aabf687a4fff,"{""distance"":3,""physical_error_rate"":1e-05}","{""detection_events"":6,""detectors_checked"":663552}"
      6144,         0,         0,   0.245,decoder_by_matrix,beec9fd12293a9cfe53c9b61fb8ce2a525e4eed38fa75d132d6dc64699336876,"{""distance"":3,""physical_error_rate"":0.0001}","{""detection_events"":102,""detectors_checked"":331776}"
      6144,         0,         0,   0.257,decoder_by_matrix,5c8c81bfec719079c388cedc47a351f264c1bf769ae28a89f9b4fc7719fea501,"{""distance"":3,""physical_error_rate"":0.0005}","{""detection_events"":441,""detectors_checked"":331776}"
      7168,         0,         0,   0.256,decoder_by_matrix,36e3cd26fed5ec7649ec51fb08c1a5e7d7f30e615782d954fee045c18a4962ca,"{""distance"":3,""physical_error_rate"":5e-05}","{""detection_events"":39,""detectors_checked"":387072}"
      6144,         0,         0,   0.245,decoder_by_matrix,beec9fd12293a9cfe53c9b61fb8ce2a525e4eed38fa75d132d6dc64699336876,"{""distance"":3,""physical_error_rate"":0.0001}","{""detection_events"":69,""detectors_checked"":331776}"
      6144,         0,         0,   0.281,decoder_by_matrix,5c8c81bfec719079c388cedc47a351f264c1bf769ae28a89f9b4fc7719fea501,"{""distance"":3,""physical_error_rate"":0.0005}","{""detection_events"":438,""detectors_checked"":331776}"
     21504,         0,         0,   0.389,decoder_by_matrix,e25b8d07214a8afb95d354611a83b9bb1ded39644e323a8585b3aabf687a4fff,"{""distance"":3,""physical_error_rate"":1e-05}","{""detection_events"":15,""detectors_checked"":1161216}"
     10240,         0,         0,   0.381,decoder_by_matrix,beec9fd12293a9cfe53c9b61fb8ce2a525e4eed38fa75d132d6dc64699336876,"{""distance"":3,""physical_error_rate"":0.0001}","{""detection_events"":114,""detectors_checked"":552960}"
      9216,         0,         0,   0.382,decoder_by_matrix,5c8c81bfec719079c388cedc47a351f264c1bf769ae28a89f9b4fc7719fea501,"{""distance"":3,""physical_error_rate"":0.0005}","{""detection_events"":573,""detectors_checked"":497664}"
     10240,         0,         0,   0.349,decoder_by_matrix,36e3cd26fed5ec7649ec51fb08c1a5e7d7f30e615782d954fee045c18a4962ca,"{""distance"":3,""physical_error_rate"":5e-05}","{""detection_events"":81,""detectors_checked"":552960}"
     10240,         0,         0,   0.389,decoder_by_matrix,beec9fd12293a9cfe53c9b61fb8ce2a525e4eed38fa75d132d6dc64699336876,"{""distance"":3,""physical_error_rate"":0.0001}","{""detection_events"":129,""detectors_checked"":552960}"
      9216,         0,         0,   0.374,decoder_by_matrix,5c8c81bfec719079c388cedc47a351f264c1bf769ae28a89f9b4fc7719fea501,"{""distance"":3,""physical_error_rate"":0.0005}","{""detection_events"":594,""detectors_checked"":497664}"
     25600,         0,         0,   0.402,decoder_by_matrix,e25b8d07214a8afb95d354611a83b9bb1ded39644e323a8585b3aabf687a4fff,"{""distance"":3,""physical_error_rate"":1e-05}","{""detection_events"":18,""detectors_checked"":1382400}"
     13312,         0,         0,   0.511,decoder_by_matrix,beec9fd12293a9cfe53c9b61fb8ce2a525e4eed38fa75d132d6dc64699336876,"{""distance"":3,""physical_error_rate"":0.0001}","{""detection_events"":189,""detectors_checked"":718848}"
     12288,         1,         0,   0.524,decoder_by_matrix,5c8c81bfec719079c388cedc47a351f264c1bf769ae28a89f9b4fc7719fea501,"{""distance"":3,""physical_error_rate"":0.0005}","{""detection_events"":759,""detectors_checked"":663552,""obs_mistake_mask=E"":1}"
     15360,         0,         0,   0.519,decoder_by_matrix,36e3cd26fed5ec7649ec51fb08c1a5e7d7f30e615782d954fee045c18a4962ca,"{""distance"":3,""physical_error_rate"":5e-05}","{""detection_events"":123,""detectors_checked"":829440}"
     15360,         0,         0,   0.523,decoder_by_matrix,beec9fd12293a9cfe53c9b61fb8ce2a525e4eed38fa75d132d6dc64699336876,"{""distance"":3,""physical_error_rate"":0.0001}","{""detection_events"":222,""detectors_checked"":829440}"
     12288,         0,         0,   0.511,decoder_by_matrix,5c8c81bfec719079c388cedc47a351f264c1bf769ae28a89f9b4fc7719fea501,"{""distance"":3,""physical_error_rate"":0.0005}","{""detection_events"":1020,""detectors_checked"":663552}"
     30720,         0,         0,   0.622,decoder_by_matrix,e25b8d07214a8afb95d354611a83b9bb1ded39644e323a8585b3aabf687a4fff,"{""distance"":3,""physical_error_rate"":1e-05}","{""detection_events"":63,""detectors_checked"":1658880}"
     17408,         0,         0,   0.574,decoder_by_matrix,36e3cd26fed5ec7649ec51fb08c1a5e7d7f30e615782d954fee045c18a4962ca,"{""distance"":3,""physical_error_rate"":5e-05}","{""detection_events"":162,""detectors_checked"":940032}"
     17408,         0,         0,   0.666,decoder_by_matrix,beec9fd12293a9cfe53c9b61fb8ce2a525e4eed38fa75d132d6dc64699336876,"{""distance"":3,""physical_error_rate"":0.0001}","{""detection_events"":210,""detectors_checked"":940032}"
     15360,         0,         0,   0.654,decoder_by_matrix,5c8c81bfec719079c388cedc47a351f264c1bf769ae28a89f9b4fc7719fea501,"{""distance"":3,""physical_error_rate"":0.0005}","{""detection_events"":1062,""detectors_checked"":829440}"
     16384,         0,         0,   0.638,decoder_by_matrix,beec9fd12293a9cfe53c9b61fb8ce2a525e4eed38fa75d132d6dc64699336876,"{""distance"":3,""physical_error_rate"":0.0001}","{""detection_events"":222,""detectors_checked"":884736}"
     14336,         0,         0,   0.650,decoder_by_matrix,5c8c81bfec719079c388cedc47a351f264c1bf769ae28a89f9b4fc7719fea501,"{""distance"":3,""physical_error_rate"":0.0005}","{""detection_events"":885,""detectors_checked"":774144}"
     46080,         0,         0,   0.771,decoder_by_matrix,e25b8d07214a8afb95d354611a83b9bb1ded39644e323a8585b3aabf687a4fff,"{""distance"":3,""physical_error_rate"":1e-05}","{""detection_events"":69,""detectors_checked"":2488320}"
     27648,         0,         0,   0.879,decoder_by_matrix,36e3cd26fed5ec7649ec51fb08c1a5e7d7f30e615782d954fee045c18a4962ca,"{""distance"":3,""physical_error_rate"":5e-05}","{""detection_events"":204,""detectors_checked"":1492992}"
     22528,         0,         0,   0.908,decoder_by_matrix,beec9fd12293a9cfe53c9b61fb8ce2a525e4eed38fa75d132d6dc64699336876,"{""distance"":3,""physical_error_rate"":0.0001}","{""detection_events"":435,""detectors_checked"":1216512}"
     20480,         0,         0,   0.887,decoder_by_matrix,5c8c81bfec719079c388cedc47a351f264c1bf769ae28a89f9b4fc7719fea501,"{""distance"":3,""physical_error_rate"":0.0005}","{""detection_events"":1395,""detectors_checked"":1105920}"
     20480,         0,         0,   0.860,decoder_by_matrix,5c8c81bfec719079c388cedc47a351f264c1bf769ae28a89f9b4fc7719fea501,"{""distance"":3,""physical_error_rate"":0.0005}","{""detection_events"":1470,""detectors_checked"":1105920}"
     22528,         0,         0,   0.780,decoder_by_matrix,beec9fd12293a9cfe53c9b61fb8ce2a525e4eed38fa75d132d6dc64699336876,"{""distance"":3,""physical_error_rate"":0.0001}","{""detection_events"":393,""detectors_checked"":1216512}"
     52224,         0,         0,    1.14,decoder_by_matrix,e25b8d07214a8afb95d354611a83b9bb1ded39644e323a8585b3aabf687a4fff,"{""distance"":3,""physical_error_rate"":1e-05}","{""detection_events"":93,""detectors_checked"":2820096}"
     40960,         0,         0,    1.15,decoder_by_matrix,36e3cd26fed5ec7649ec51fb08c1a5e7d7f30e615782d954fee045c18a4962ca,"{""distance"":3,""physical_error_rate"":5e-05}","{""detection_events"":255,""detectors_checked"":2211840}"
     27648,         0,         0,    1.15,decoder_by_matrix,beec9fd12293a9cfe53c9b61fb8ce2a525e4eed38fa75d132d6dc64699336876,"{""distance"":3,""physical_error_rate"":0.0001}","{""detection_events"":438,""detectors_checked"":1492992}"
     27648,         0,         0,    1.15,decoder_by_matrix,5c8c81bfec719079c388cedc47a351f264c1bf769ae28a89f9b4fc7719fea501,"{""distance"":3,""physical_error_rate"":0.0005}","{""detection_events"":2067,""detectors_checked"":1492992}"
     27648,         0,         0,    1.17,decoder_by_matrix,5c8c81bfec719079c388cedc47a351f264c1bf769ae28a89f9b4fc7719fea501,"{""distance"":3,""physical_error_rate"":0.0005}","{""detection_events"":2046,""detectors_checked"":1492992}"
     30720,         0,         0,    1.23,decoder_by_matrix,beec9fd12293a9cfe53c9b61fb8ce2a525e4eed38fa75d132d6dc64699336876,"{""distance"":3,""physical_error_rate"":0.0001}","{""detection_events"":426,""detectors_checked"":1658880}"
     77824,         0,         0,    1.41,decoder_by_matrix,e25b8d07214a8afb95d354611a83b9bb1ded39644e323a8585b3aabf687a4fff,"{""distance"":3,""physical_error_rate"":1e-05}","{""detection_events"":132,""detectors_checked"":4202496}"
     52224,         0,         0,    1.66,decoder_by_matrix,36e3cd26fed5ec7649ec51fb08c1a5e7d7f30e615782d954fee045c18a4962ca,"{""distance"":3,""physical_error_rate"":5e-05}","{""detection_events"":381,""detectors_checked"":2820096}"
     45056,         0,         0,    1.53,decoder_by_matrix,beec9fd12293a9cfe53c9b61fb8ce2a525e4eed38fa75d132d6dc64699336876,"{""distance"":3,""physical_error_rate"":0.0001}","{""detection_events"":627,""detectors_checked"":2433024}"
     35840,         1,         0,    1.57,decoder_by_matrix,5c8c81bfec719079c388cedc47a351f264c1bf769ae28a89f9b4fc7719fea501,"{""distance"":3,""physical_error_rate"":0.0005}","{""detection_events"":2634,""detectors_checked"":1935360,""obs_mistake_mask=E"":1}"
     38912,         1,         0,    1.67,decoder_by_matrix,5c8c81bfec719079c388cedc47a351f264c1bf769ae28a89f9b4fc7719fea501,"{""distance"":3,""physical_error_rate"":0.0005}","{""detection_events"":2634,""detectors_checked"":2101248,""obs_mistake_mask=E"":1}"
     44032,         0,         0,    1.67,decoder_by_matrix,beec9fd12293a9cfe53c9b61fb8ce2a525e4eed38fa75d132d6dc64699336876,"{""distance"":3,""physical_error_rate"":0.0001}","{""detection_events"":615,""detectors_checked"":2377728}"
   3161088,         1,         0,   117.6,decoder_by_matrix,beec9fd12293a9cfe53c9b61fb8ce2a525e4eed38fa75d132d6dc64699336876,"{""distance"":3,""physical_error_rate"":0.0001}","{""detection_events"":45666,""detectors_checked"":170698752,""obs_mistake_mask=E"":1}"
   3183616,         0,         0,   116.9,decoder_by_matrix,beec9fd12293a9cfe53c9b61fb8ce2a525e4eed38fa75d132d6dc64699336876,"{""distance"":3,""physical_error_rate"":0.0001}","{""detection_events"":45573,""detectors_checked"":171915264}"
   2822144,        43,         0,   117.8,decoder_by_matrix,5c8c81bfec719079c388cedc47a351f264c1bf769ae28a89f9b4fc7719fea501,"{""distance"":3,""physical_error_rate"":0.0005}","{""detection_events"":205851,""detectors_checked"":152395776,""obs_mistake_mask=E"":43}"
   2831360,        59,         0,   117.6,decoder_by_matrix,5c8c81bfec719079c388cedc47a351f264c1bf769ae28a89f9b4fc7719fea501,"{""distance"":3,""physical_error_rate"":0.0005}","{""detection_events"":206652,""detectors_checked"":152893440,""obs_mistake_mask=E"":59}"
    110592,         0,         0,    2.19,decoder_by_matrix,e25b8d07214a8afb95d354611a83b9bb1ded39644e323a8585b3aabf687a4fff,"{""distance"":3,""physical_error_rate"":1e-05}","{""detection_events"":159,""detectors_checked"":5971968}"
     60416,         0,         0,    2.18,decoder_by_matrix,beec9fd12293a9cfe53c9b61fb8ce2a525e4eed38fa75d132d6dc64699336876,"{""distance"":3,""physical_error_rate"":0.0001}","{""detection_events"":669,""detectors_checked"":3262464}"
     51200,         1,         0,    2.07,decoder_by_matrix,5c8c81bfec719079c388cedc47a351f264c1bf769ae28a89f9b4fc7719fea501,"{""distance"":3,""physical_error_rate"":0.0005}","{""detection_events"":3573,""detectors_checked"":2764800,""obs_mistake_mask=E"":1}"
     65536,         0,         0,    2.29,decoder_by_matrix,36e3cd26fed5ec7649ec51fb08c1a5e7d7f30e615782d954fee045c18a4962ca,"{""distance"":3,""physical_error_rate"":5e-05}","{""detection_events"":501,""detectors_checked"":3538944}"
     54272,         1,         0,    2.30,decoder_by_matrix,5c8c81bfec719079c388cedc47a351f264c1bf769ae28a89f9b4fc7719fea501,"{""distance"":3,""physical_error_rate"":0.0005}","{""detection_events"":3816,""detectors_checked"":2930688,""obs_mistake_mask=E"":1}"
     61440,         0,         0,    2.30,decoder_by_matrix,beec9fd12293a9cfe53c9b61fb8ce2a525e4eed38fa75d132d6dc64699336876,"{""distance"":3,""physical_error_rate"":0.0001}","{""detection_events"":933,""detectors_checked"":3317760}"
    151552,         0,         0,    3.09,decoder_by_matrix,e25b8d07214a8afb95d354611a83b9bb1ded39644e323a8585b3aabf687a4fff,"{""distance"":3,""physical_error_rate"":1e-05}","{""detection_events"":213,""detectors_checked"":8183808}"
     71680,         1,         0,    2.93,decoder_by_matrix,5c8c81bfec719079c388cedc47a351f264c1bf769ae28a89f9b4fc7719fea501,"{""distance"":3,""physical_error_rate"":0.0005}","{""detection_events"":5130,""detectors_checked"":3870720,""obs_mistake_mask=E"":1}"
     82944,         0,         0,    3.10,decoder_by_matrix,beec9fd12293a9cfe53c9b61fb8ce2a525e4eed38fa75d132d6dc64699336876,"{""distance"":3,""physical_error_rate"":0.0001}","{""detection_events"":1083,""detectors_checked"":4478976}"
     92160,         0,         0,    3.07,decoder_by_matrix,36e3cd26fed5ec7649ec51fb08c1a5e7d7f30e615782d954fee045c18a4962ca,"{""distance"":3,""physical_error_rate"":5e-05}","{""detection_events"":639,""detectors_checked"":4976640}"
     73728,         1,         0,    3.09,decoder_by_matrix,5c8c81bfec719079c388cedc47a351f264c1bf769ae28a89f9b4fc7719fea501,"{""distance"":3,""physical_error_rate"":0.0005}","{""detection_events"":5271,""detectors_checked"":3981312,""obs_mistake_mask=E"":1}"
     82944,         0,         0,    3.05,decoder_by_matrix,beec9fd12293a9cfe53c9b61fb8ce2a525e4eed38fa75d132d6dc64699336876,"{""distance"":3,""physical_error_rate"":0.0001}","{""detection_events"":1140,""detectors_checked"":4478976}"
    217088,         0,         0,    4.34,decoder_by_matrix,e25b8d07214a8afb95d354611a83b9bb1ded39644e323a8585b3aabf687a4fff,"{""distance"":3,""physical_error_rate"":1e-05}","{""detection_events"":300,""detectors_checked"":11722752}"
    102400,         2,         0,    4.21,decoder_by_matrix,5c8c81bfec719079c388cedc47a351f264c1bf769ae28a89f9b4fc7719fea501,"{""distance"":3,""physical_error_rate"":0.0005}","{""detection_events"":7230,""detectors_checked"":5529600,""obs_mistake_mask=E"":2}"
    111616,         0,         0,    4.09,decoder_by_matrix,beec9fd12293a9cfe53c9b61fb8ce2a525e4eed38fa75d132d6dc64699336876,"{""distance"":3,""physical_error_rate"":0.0001}","{""detection_events"":1452,""detectors_checked"":6027264}"
    129024,         0,         0,    4.34,decoder_by_matrix,36e3cd26fed5ec7649ec51fb08c1a5e7d7f30e615782d954fee045c18a4962ca,"{""distance"":3,""physical_error_rate"":5e-05}","{""detection_events"":1179,""detectors_checked"":6967296}"
    103424,         3,         0,    4.25,decoder_by_matrix,5c8c81bfec719079c388cedc47a351f264c1bf769ae28a89f9b4fc7719fea501,"{""distance"":3,""physical_error_rate"":0.0005}","{""detection_events"":7542,""detectors_checked"":5584896,""obs_mistake_mask=E"":3}"
    117760,         0,         0,    4.25,decoder_by_matrix,beec9fd12293a9cfe53c9b61fb8ce2a525e4eed38fa75d132d6dc64699336876,"{""distance"":3,""physical_error_rate"":0.0001}","{""detection_events"":1791,""detectors_checked"":6359040}"
   6114304,         0,         0,   115.9,decoder_by_matrix,e25b8d07214a8afb95d354611a83b9bb1ded39644e323a8585b3aabf687a4fff,"{""distance"":3,""physical_error_rate"":1e-05}","{""detection_events"":8658,""detectors_checked"":330172416}"
   3770368,         0,         0,   116.9,decoder_by_matrix,36e3cd26fed5ec7649ec51fb08c1a5e7d7f30e615782d954fee045c18a4962ca,"{""distance"":3,""physical_error_rate"":5e-05}","{""detection_events"":26757,""detectors_checked"":203599872}"
    178176,         0,         0,    5.99,decoder_by_matrix,36e3cd26fed5ec7649ec51fb08c1a5e7d7f30e615782d954fee045c18a4962ca,"{""distance"":3,""physical_error_rate"":5e-05}","{""detection_events"":1356,""detectors_checked"":9621504}"
    315392,         0,         0,    5.84,decoder_by_matrix,e25b8d07214a8afb95d354611a83b9bb1ded39644e323a8585b3aabf687a4fff,"{""distance"":3,""physical_error_rate"":1e-05}","{""detection_events"":411,""detectors_checked"":17031168}"
    142336,         3,         0,    5.91,decoder_by_matrix,5c8c81bfec719079c388cedc47a351f264c1bf769ae28a89f9b4fc7719fea501,"{""distance"":3,""physical_error_rate"":0.0005}","{""detection_events"":10152,""detectors_checked"":7686144,""obs_mistake_mask=E"":3}"
    164864,         0,         0,    5.96,decoder_by_matrix,beec9fd12293a9cfe53c9b61fb8ce2a525e4eed38fa75d132d6dc64699336876,"{""distance"":3,""physical_error_rate"":0.0001}","{""detection_events"":2196,""detectors_checked"":8902656}"
    142336,         2,         0,    5.91,decoder_by_matrix,5c8c81bfec719079c388cedc47a351f264c1bf769ae28a89f9b4fc7719fea501,"{""distance"":3,""physical_error_rate"":0.0005}","{""detection_events"":10905,""detectors_checked"":7686144,""obs_mistake_mask=E"":2}"
    155648,         0,         0,    6.01,decoder_by_matrix,beec9fd12293a9cfe53c9b61fb8ce2a525e4eed38fa75d132d6dc64699336876,"{""distance"":3,""physical_error_rate"":0.0001}","{""detection_events"":2442,""detectors_checked"":8404992}"
    196608,         1,         0,    8.38,decoder_by_matrix,5c8c81bfec719079c388cedc47a351f264c1bf769ae28a89f9b4fc7719fea501,"{""distance"":3,""physical_error_rate"":0.0005}","{""detection_events"":14355,""detectors_checked"":10616832,""obs_mistake_mask=E"":1}"
    274432,         0,         0,    8.15,decoder_by_matrix,36e3cd26fed5ec7649ec51fb08c1a5e7d7f30e615782d954fee045c18a4962ca,"{""distance"":3,""physical_error_rate"":5e-05}","{""detection_events"":1779,""detectors_checked"":14819328}"
    434176,         0,         0,    8.20,decoder_by_matrix,e25b8d07214a8afb95d354611a83b9bb1ded39644e323a8585b3aabf687a4fff,"{""distance"":3,""physical_error_rate"":1e-05}","{""detection_events"":567,""detectors_checked"":23445504}"
    220160,         0,         0,    8.45,decoder_by_matrix,beec9fd12293a9cfe53c9b61fb8ce2a525e4eed38fa75d132d6dc64699336876,"{""distance"":3,""physical_error_rate"":0.0001}","{""detection_events"":3330,""detectors_checked"":11888640}"
    199680,         4,         0,    8.15,decoder_by_matrix,5c8c81bfec719079c388cedc47a351f264c1bf769ae28a89f9b4fc7719fea501,"{""distance"":3,""physical_error_rate"":0.0005}","{""detection_events"":14409,""detectors_checked"":10782720,""obs_mistake_mask=E"":4}"
    221184,         0,         0,    8.15,decoder_by_matrix,beec9fd12293a9cfe53c9b61fb8ce2a525e4eed38fa75d132d6dc64699336876,"{""distance"":3,""physical_error_rate"":0.0001}","{""detection_events"":3048,""detectors_checked"":11943936}"
    276480,         5,         0,    11.4,decoder_by_matrix,5c8c81bfec719079c388cedc47a351f264c1bf769ae28a89f9b4fc7719fea501,"{""distance"":3,""physical_error_rate"":0.0005}","{""detection_events"":20472,""detectors_checked"":14929920,""obs_mistake_mask=E"":5}"
    587776,         0,         0,    11.2,decoder_by_matrix,e25b8d07214a8afb95d354611a83b9bb1ded39644e323a8585b3aabf687a4fff,"{""distance"":3,""physical_error_rate"":1e-05}","{""detection_events"":813,""detectors_checked"":31739904}"
    366592,         0,         0,    11.4,decoder_by_matrix,36e3cd26fed5ec7649ec51fb08c1a5e7d7f30e615782d954fee045c18a4962ca,"{""distance"":3,""physical_error_rate"":5e-05}","{""detection_events"":2679,""detectors_checked"":19795968}"
    306176,         1,         0,    11.6,decoder_by_matrix,beec9fd12293a9cfe53c9b61fb8ce2a525e4eed38fa75d132d6dc64699336876,"{""distance"":3,""physical_error_rate"":0.0001}","{""detection_events"":4584,""detectors_checked"":16533504,""obs_mistake_mask=E"":1}"
    279552,         3,         0,    11.8,decoder_by_matrix,5c8c81bfec719079c388cedc47a351f264c1bf769ae28a89f9b4fc7719fea501,"{""distance"":3,""physical_error_rate"":0.0005}","{""detection_events"":20076,""detectors_checked"":15095808,""obs_mistake_mask=E"":3}"
    316416,         0,         0,    11.6,decoder_by_matrix,beec9fd12293a9cfe53c9b61fb8ce2a525e4eed38fa75d132d6dc64699336876,"{""distance"":3,""physical_error_rate"":0.0001}","{""detection_events"":4617,""detectors_checked"":17086464}"
   6051840,         0,         0,   115.0,decoder_by_matrix,e25b8d07214a8afb95d354611a83b9bb1ded39644e323a8585b3aabf687a4fff,"{""distance"":3,""physical_error_rate"":1e-05}","{""detection_events"":8382,""detectors_checked"":326799360}"
   2841600,        47,         0,   117.1,decoder_by_matrix,5c8c81bfec719079c388cedc47a351f264c1bf769ae28a89f9b4fc7719fea501,"{""distance"":3,""physical_error_rate"":0.0005}","{""detection_events"":204834,""detectors_checked"":153446400,""obs_mistake_mask=E"":47}"
   2846720,        47,         0,   117.5,decoder_by_matrix,5c8c81bfec719079c388cedc47a351f264c1bf769ae28a89f9b4fc7719fea501,"{""distance"":3,""physical_error_rate"":0.0005}","{""detection_events"":206997,""detectors_checked"":153722880,""obs_mistake_mask=E"":47}"
   6050816,         0,         0,   116.1,decoder_by_matrix,e25b8d07214a8afb95d354611a83b9bb1ded39644e323a8585b3aabf687a4fff,"{""distance"":3,""physical_error_rate"":1e-05}","{""detection_events"":8913,""detectors_checked"":326744064}"
   3169280,         1,         0,   116.6,decoder_by_matrix,beec9fd12293a9cfe53c9b61fb8ce2a525e4eed38fa75d132d6dc64699336876,"{""distance"":3,""physical_error_rate"":0.0001}","{""detection_events"":46767,""detectors_checked"":171141120,""obs_mistake_mask=E"":1}"
   3747840,         1,         0,   118.3,decoder_by_matrix,36e3cd26fed5ec7649ec51fb08c1a5e7d7f30e615782d954fee045c18a4962ca,"{""distance"":3,""physical_error_rate"":5e-05}","{""detection_events"":27831,""detectors_checked"":202383360,""obs_mistake_mask=E"":1}"
   3104768,         3,         0,   117.6,decoder_by_matrix,beec9fd12293a9cfe53c9b61fb8ce2a525e4eed38fa75d132d6dc64699336876,"{""distance"":3,""physical_error_rate"":0.0001}","{""detection_events"":45501,""detectors_checked"":167657472,""obs_mistake_mask=E"":3}"
   3768320,         0,         0,   116.7,decoder_by_matrix,36e3cd26fed5ec7649ec51fb08c1a5e7d7f30e615782d954fee045c18a4962ca,"{""distance"":3,""physical_error_rate"":5e-05}","{""detection_events"":27363,""detectors_checked"":203489280}"
   5995520,         0,         0,   116.3,decoder_by_matrix,e25b8d07214a8afb95d354611a83b9bb1ded39644e323a8585b3aabf687a4fff,"{""distance"":3,""physical_error_rate"":1e-05}","{""detection_events"":8892,""detectors_checked"":323758080}"
   3150848,         0,         0,   117.4,decoder_by_matrix,beec9fd12293a9cfe53c9b61fb8ce2a525e4eed38fa75d132d6dc64699336876,"{""distance"":3,""physical_error_rate"":0.0001}","{""detection_events"":47007,""detectors_checked"":170145792}"
   3146752,         0,         0,   116.5,decoder_by_matrix,beec9fd12293a9cfe53c9b61fb8ce2a525e4eed38fa75d132d6dc64699336876,"{""distance"":3,""physical_error_rate"":0.0001}","{""detection_events"":45276,""detectors_checked"":169924608}"
   3770368,         1,         0,   117.7,decoder_by_matrix,36e3cd26fed5ec7649ec51fb08c1a5e7d7f30e615782d954fee045c18a4962ca,"{""distance"":3,""physical_error_rate"":5e-05}","{""detection_events"":27852,""detectors_checked"":203599872,""obs_mistake_mask=E"":1}"
   2831360,        50,         0,   117.5,decoder_by_matrix,5c8c81bfec719079c388cedc47a351f264c1bf769ae28a89f9b4fc7719fea501,"{""distance"":3,""physical_error_rate"":0.0005}","{""detection_events"":208116,""detectors_checked"":152893440,""obs_mistake_mask=E"":50}"
   2831360,        48,         0,   118.0,decoder_by_matrix,5c8c81bfec719079c388cedc47a351f264c1bf769ae28a89f9b4fc7719fea501,"{""distance"":3,""physical_error_rate"":0.0005}","{""detection_events"":206112,""detectors_checked"":152893440,""obs_mistake_mask=E"":48}"
    521216,         0,         0,    16.0,decoder_by_matrix,36e3cd26fed5ec7649ec51fb08c1a5e7d7f30e615782d954fee045c18a4962ca,"{""distance"":3,""physical_error_rate"":5e-05}","{""detection_events"":3762,""detectors_checked"":28145664}"
    386048,         9,         0,    16.0,decoder_by_matrix,5c8c81bfec719079c388cedc47a351f264c1bf769ae28a89f9b4fc7719fea501,"{""distance"":3,""physical_error_rate"":0.0005}","{""detection_events"":28542,""detectors_checked"":20846592,""obs_mistake_mask=E"":9}"
    828416,         0,         0,    15.7,decoder_by_matrix,e25b8d07214a8afb95d354611a83b9bb1ded39644e323a8585b3aabf687a4fff,"{""distance"":3,""physical_error_rate"":1e-05}","{""detection_events"":1254,""detectors_checked"":44734464}"
    442368,         1,         0,    15.4,decoder_by_matrix,beec9fd12293a9cfe53c9b61fb8ce2a525e4eed38fa75d132d6dc64699336876,"{""distance"":3,""physical_error_rate"":0.0001}","{""detection_events"":6099,""detectors_checked"":23887872,""obs_mistake_mask=E"":1}"
    390144,         9,         0,    16.1,decoder_by_matrix,5c8c81bfec719079c388cedc47a351f264c1bf769ae28a89f9b4fc7719fea501,"{""distance"":3,""physical_error_rate"":0.0005}","{""detection_events"":27417,""detectors_checked"":21067776,""obs_mistake_mask=E"":9}"
    436224,         0,         0,    16.1,decoder_by_matrix,beec9fd12293a9cfe53c9b61fb8ce2a525e4eed38fa75d132d6dc64699336876,"{""distance"":3,""physical_error_rate"":0.0001}","{""detection_events"":6909,""detectors_checked"":23556096}"
    734208,         0,         0,    22.3,decoder_by_matrix,36e3cd26fed5ec7649ec51fb08c1a5e7d7f30e615782d954fee045c18a4962ca,"{""distance"":3,""physical_error_rate"":5e-05}","{""detection_events"":5211,""detectors_checked"":39647232}"
    540672,         8,         0,    22.6,decoder_by_matrix,5c8c81bfec719079c388cedc47a351f264c1bf769ae28a89f9b4fc7719fea501,"{""distance"":3,""physical_error_rate"":0.0005}","{""detection_events"":39372,""detectors_checked"":29196288,""obs_mistake_mask=E"":8}"
   1169408,         0,         0,    21.9,decoder_by_matrix,e25b8d07214a8afb95d354611a83b9bb1ded39644e323a8585b3aabf687a4fff,"{""distance"":3,""physical_error_rate"":1e-05}","{""detection_events"":1731,""detectors_checked"":63148032}"
    612352,         0,         0,    22.8,decoder_by_matrix,beec9fd12293a9cfe53c9b61fb8ce2a525e4eed38fa75d132d6dc64699336876,"{""distance"":3,""physical_error_rate"":0.0001}","{""detection_events"":9147,""detectors_checked"":33067008}"
    545792,        11,         0,    22.2,decoder_by_matrix,5c8c81bfec719079c388cedc47a351f264c1bf769ae28a89f9b4fc7719fea501,"{""distance"":3,""physical_error_rate"":0.0005}","{""detection_events"":39585,""detectors_checked"":29472768,""obs_mistake_mask=E"":11}"
    605184,         0,         0,    22.4,decoder_by_matrix,beec9fd12293a9cfe53c9b61fb8ce2a525e4eed38fa75d132d6dc64699336876,"{""distance"":3,""physical_error_rate"":0.0001}","{""detection_events"":9225,""detectors_checked"":32679936}"
   5991424,         0,         0,   115.3,decoder_by_matrix,e25b8d07214a8afb95d354611a83b9bb1ded39644e323a8585b3aabf687a4fff,"{""distance"":3,""physical_error_rate"":1e-05}","{""detection_events"":9042,""detectors_checked"":323536896}"
   3791872,         1,         0,   117.4,decoder_by_matrix,36e3cd26fed5ec7649ec51fb08c1a5e7d7f30e615782d954fee045c18a4962ca,"{""distance"":3,""physical_error_rate"":5e-05}","{""detection_events"":27411,""detectors_checked"":204761088,""obs_mistake_mask=E"":1}"
   5994496,         0,         0,   115.4,decoder_by_matrix,e25b8d07214a8afb95d354611a83b9bb1ded39644e323a8585b3aabf687a4fff,"{""distance"":3,""physical_error_rate"":1e-05}","{""detection_events"":9210,""detectors_checked"":323702784}"
   3768320,         1,         0,   116.0,decoder_by_matrix,36e3cd26fed5ec7649ec51fb08c1a5e7d7f30e615782d954fee045c18a4962ca,"{""distance"":3,""physical_error_rate"":5e-05}","{""detection_events"":27363,""detectors_checked"":203489280,""obs_mistake_mask=E"":1}"
   3739648,         0,         0,   116.0,decoder_by_matrix,36e3cd26fed5ec7649ec51fb08c1a5e7d7f30e615782d954fee045c18a4962ca,"{""distance"":3,""physical_error_rate"":5e-05}","{""detection_events"":27573,""detectors_checked"":201940992}"
   5979136,         0,         0,   116.3,decoder_by_matrix,e25b8d07214a8afb95d354611a83b9bb1ded39644e323a8585b3aabf687a4fff,"{""distance"":3,""physical_error_rate"":1e-05}","{""detection_events"":8901,""detectors_checked"":322873344}"
    755712,        10,         0,    31.5,decoder_by_matrix,5c8c81bfec719079c388cedc47a351f264c1bf769ae28a89f9b4fc7719fea501,"{""distance"":3,""physical_error_rate"":0.0005}","{""detection_events"":54627,""detectors_checked"":40808448,""obs_mistake_mask=E"":10}"
   1004544,         1,         0,    31.7,decoder_by_matrix,36e3cd26fed5ec7649ec51fb08c1a5e7d7f30e615782d954fee045c18a4962ca,"{""distance"":3,""physical_error_rate"":5e-05}","{""detection_events"":7521,""detectors_checked"":54245376,""obs_mistake_mask=E"":1}"
   1605632,         0,         0,    31.4,decoder_by_matrix,e25b8d07214a8afb95d354611a83b9bb1ded39644e323a8585b3aabf687a4fff,"{""distance"":3,""physical_error_rate"":1e-05}","{""detection_events"":2529,""detectors_checked"":86704128}"
    858112,         1,         0,    31.5,decoder_by_matrix,beec9fd12293a9cfe53c9b61fb8ce2a525e4eed38fa75d132d6dc64699336876,"{""distance"":3,""physical_error_rate"":0.0001}","{""detection_events"":11982,""detectors_checked"":46338048,""obs_mistake_mask=E"":1}"
    763904,        13,         0,    31.7,decoder_by_matrix,5c8c81bfec719079c388cedc47a351f264c1bf769ae28a89f9b4fc7719fea501,"{""distance"":3,""physical_error_rate"":0.0005}","{""detection_events"":55311,""detectors_checked"":41250816,""obs_mistake_mask=E"":13}"
    848896,         0,         0,    31.3,decoder_by_matrix,beec9fd12293a9cfe53c9b61fb8ce2a525e4eed38fa75d132d6dc64699336876,"{""distance"":3,""physical_error_rate"":0.0001}","{""detection_events"":12708,""detectors_checked"":45840384}"
   3164160,         2,         0,   117.9,decoder_by_matrix,beec9fd12293a9cfe53c9b61fb8ce2a525e4eed38fa75d132d6dc64699336876,"{""distance"":3,""physical_error_rate"":0.0001}","{""detection_events"":46407,""detectors_checked"":170864640,""obs_mistake_mask=E"":2}"
   2823168,        52,         0,   117.1,decoder_by_matrix,5c8c81bfec719079c388cedc47a351f264c1bf769ae28a89f9b4fc7719fea501,"{""distance"":3,""physical_error_rate"":0.0005}","{""detection_events"":205227,""detectors_checked"":152451072,""obs_mistake_mask=E"":52}"
   3166208,         4,         0,   116.8,decoder_by_matrix,beec9fd12293a9cfe53c9b61fb8ce2a525e4eed38fa75d132d6dc64699336876,"{""distance"":3,""physical_error_rate"":0.0001}","{""detection_events"":45927,""detectors_checked"":170975232,""obs_mistake_mask=E"":4}"
   2830336,        50,         0,   117.1,decoder_by_matrix,5c8c81bfec719079c388cedc47a351f264c1bf769ae28a89f9b4fc7719fea501,"{""distance"":3,""physical_error_rate"":0.0005}","{""detection_events"":203532,""detectors_checked"":152838144,""obs_mistake_mask=E"":50}"
   6075392,         0,         0,   114.8,decoder_by_matrix,e25b8d07214a8afb95d354611a83b9bb1ded39644e323a8585b3aabf687a4fff,"{""distance"":3,""physical_error_rate"":1e-05}","{""detection_events"":8703,""detectors_checked"":328071168}"
   3749888,         0,         0,   117.4,decoder_by_matrix,36e3cd26fed5ec7649ec51fb08c1a5e7d7f30e615782d954fee045c18a4962ca,"{""distance"":3,""physical_error_rate"":5e-05}","{""detection_events"":28308,""detectors_checked"":202493952}"
   1058816,        18,         0,    44.6,decoder_by_matrix,5c8c81bfec719079c388cedc47a351f264c1bf769ae28a89f9b4fc7719fea501,"{""distance"":3,""physical_error_rate"":0.0005}","{""detection_events"":77847,""detectors_checked"":57176064,""obs_mistake_mask=E"":18}"
   1418240,         1,         0,    43.9,decoder_by_matrix,36e3cd26fed5ec7649ec51fb08c1a5e7d7f30e615782d954fee045c18a4962ca,"{""distance"":3,""physical_error_rate"":5e-05}","{""detection_events"":10185,""detectors_checked"":76584960,""obs_mistake_mask=E"":1}"
   2281472,         0,         0,    43.3,decoder_by_matrix,e25b8d07214a8afb95d354611a83b9bb1ded39644e323a8585b3aabf687a4fff,"{""distance"":3,""physical_error_rate"":1e-05}","{""detection_events"":3108,""detectors_checked"":123199488}"
   1185792,         0,         0,    44.7,decoder_by_matrix,beec9fd12293a9cfe53c9b61fb8ce2a525e4eed38fa75d132d6dc64699336876,"{""distance"":3,""physical_error_rate"":0.0001}","{""detection_events"":17220,""detectors_checked"":64032768}"
   1065984,        18,         0,    43.9,decoder_by_matrix,5c8c81bfec719079c388cedc47a351f264c1bf769ae28a89f9b4fc7719fea501,"{""distance"":3,""physical_error_rate"":0.0005}","{""detection_events"":78126,""detectors_checked"":57563136,""obs_mistake_mask=E"":18}"
   1197056,         1,         0,    43.9,decoder_by_matrix,beec9fd12293a9cfe53c9b61fb8ce2a525e4eed38fa75d132d6dc64699336876,"{""distance"":3,""physical_error_rate"":0.0001}","{""detection_events"":17784,""detectors_checked"":64641024,""obs_mistake_mask=E"":1}"
   5959680,         0,         0,   115.6,decoder_by_matrix,e25b8d07214a8afb95d354611a83b9bb1ded39644e323a8585b3aabf687a4fff,"{""distance"":3,""physical_error_rate"":1e-05}","{""detection_events"":8928,""detectors_checked"":321822720}"
   2844672,        59,         0,   117.3,decoder_by_matrix,5c8c81bfec719079c388cedc47a351f264c1bf769ae28a89f9b4fc7719fea501,"{""distance"":3,""physical_error_rate"":0.0005}","{""detection_events"":206553,""detectors_checked"":153612288,""obs_mistake_mask=E"":59}"
   6068224,         0,         0,   116.0,decoder_by_matrix,e25b8d07214a8afb95d354611a83b9bb1ded39644e323a8585b3aabf687a4fff,"{""distance"":3,""physical_error_rate"":1e-05}","{""detection_events"":8907,""detectors_checked"":327684096}"
   2848768,        47,         0,   117.6,decoder_by_matrix,5c8c81bfec719079c388cedc47a351f264c1bf769ae28a89f9b4fc7719fea501,"{""distance"":3,""physical_error_rate"":0.0005}","{""detection_events"":208266,""detectors_checked"":153833472,""obs_mistake_mask=E"":47}"
   3177472,         2,         0,   117.8,decoder_by_matrix,beec9fd12293a9cfe53c9b61fb8ce2a525e4eed38fa75d132d6dc64699336876,"{""distance"":3,""physical_error_rate"":0.0001}","{""detection_events"":46995,""detectors_checked"":171583488,""obs_mistake_mask=E"":2}"
   3781632,         0,         0,   117.1,decoder_by_matrix,36e3cd26fed5ec7649ec51fb08c1a5e7d7f30e615782d954fee045c18a4962ca,"{""distance"":3,""physical_error_rate"":5e-05}","{""detection_events"":27522,""detectors_checked"":204208128}"
   6033408,         0,         0,   116.2,decoder_by_matrix,e25b8d07214a8afb95d354611a83b9bb1ded39644e323a8585b3aabf687a4fff,"{""distance"":3,""physical_error_rate"":1e-05}","{""detection_events"":8598,""detectors_checked"":325804032}"
   3093504,         0,         0,   117.5,decoder_by_matrix,beec9fd12293a9cfe53c9b61fb8ce2a525e4eed38fa75d132d6dc64699336876,"{""distance"":3,""physical_error_rate"":0.0001}","{""detection_events"":44730,""detectors_checked"":167049216}"
   3760128,         1,         0,   117.4,decoder_by_matrix,36e3cd26fed5ec7649ec51fb08c1a5e7d7f30e615782d954fee045c18a4962ca,"{""distance"":3,""physical_error_rate"":5e-05}","{""detection_events"":27096,""detectors_checked"":203046912,""obs_mistake_mask=E"":1}"
   3153920,         0,         0,   117.8,decoder_by_matrix,beec9fd12293a9cfe53c9b61fb8ce2a525e4eed38fa75d132d6dc64699336876,"{""distance"":3,""physical_error_rate"":0.0001}","{""detection_events"":46284,""detectors_checked"":170311680}"
   3821568,         0,         0,   117.2,decoder_by_matrix,36e3cd26fed5ec7649ec51fb08c1a5e7d7f30e615782d954fee045c18a4962ca,"{""distance"":3,""physical_error_rate"":5e-05}","{""detection_events"":27399,""detectors_checked"":206364672}"
   3126272,         7,         0,   118.1,decoder_by_matrix,beec9fd12293a9cfe53c9b61fb8ce2a525e4eed38fa75d132d6dc64699336876,"{""distance"":3,""physical_error_rate"":0.0001}","{""detection_events"":46332,""detectors_checked"":168818688,""obs_mistake_mask=E"":7}"
   2834432,        39,         0,   116.7,decoder_by_matrix,5c8c81bfec719079c388cedc47a351f264c1bf769ae28a89f9b4fc7719fea501,"{""distance"":3,""physical_error_rate"":0.0005}","{""detection_events"":205527,""detectors_checked"":153059328,""obs_mistake_mask=E"":39}"
   2834432,        52,         0,   117.1,decoder_by_matrix,5c8c81bfec719079c388cedc47a351f264c1bf769ae28a89f9b4fc7719fea501,"{""distance"":3,""physical_error_rate"":0.0005}","{""detection_events"":205074,""detectors_checked"":153059328,""obs_mistake_mask=E"":52}"
   2312700,         0,         0,    43.4,decoder_by_matrix,e25b8d07214a8afb95d354611a83b9bb1ded39644e323a8585b3aabf687a4fff,"{""distance"":3,""physical_error_rate"":1e-05}","{""detection_events"":3054,""detectors_checked"":124885800}"
   4921498,         0,         0,    94.7,decoder_by_matrix,e25b8d07214a8afb95d354611a83b9bb1ded39644e323a8585b3aabf687a4fff,"{""distance"":3,""physical_error_rate"":1e-05}","{""detection_events"":7077,""detectors_checked"":265760892}"
   4670464,         0,         0,    90.3,decoder_by_matrix,e25b8d07214a8afb95d354611a83b9bb1ded39644e323a8585b3aabf687a4fff,"{""distance"":3,""physical_error_rate"":1e-05}","{""detection_events"":7275,""detectors_checked"":252205056}"
   4783104,         0,         0,    90.9,decoder_by_matrix,e25b8d07214a8afb95d354611a83b9bb1ded39644e323a8585b3aabf687a4fff,"{""distance"":3,""physical_error_rate"":1e-05}","{""detection_events"":6570,""detectors_checked"":258287616}"
    753581,         0,         0,    14.3,decoder_by_matrix,e25b8d07214a8afb95d354611a83b9bb1ded39644e323a8585b3aabf687a4fff,"{""distance"":3,""physical_error_rate"":1e-05}","{""detection_events"":1224,""detectors_checked"":40693374}"
   3744768,         2,         0,   117.2,decoder_by_matrix,36e3cd26fed5ec7649ec51fb08c1a5e7d7f30e615782d954fee045c18a4962ca,"{""distance"":3,""physical_error_rate"":5e-05}","{""detection_events"":27777,""detectors_checked"":202217472,""obs_mistake_mask=E"":2}"
   3759104,         2,         0,   117.2,decoder_by_matrix,36e3cd26fed5ec7649ec51fb08c1a5e7d7f30e615782d954fee045c18a4962ca,"{""distance"":3,""physical_error_rate"":5e-05}","{""detection_events"":26670,""detectors_checked"":202991616,""obs_mistake_mask=E"":2}"
   3799040,         2,         0,   117.9,decoder_by_matrix,36e3cd26fed5ec7649ec51fb08c1a5e7d7f30e615782d954fee045c18a4962ca,"{""distance"":3,""physical_error_rate"":5e-05}","{""detection_events"":27150,""detectors_checked"":205148160,""obs_mistake_mask=E"":2}"
   3030418,         0,         0,    58.8,decoder_by_matrix,e25b8d07214a8afb95d354611a83b9bb1ded39644e323a8585b3aabf687a4fff,"{""distance"":3,""physical_error_rate"":1e-05}","{""detection_events"":4617,""detectors_checked"":163642572}"
   1992704,         0,         0,    60.9,decoder_by_matrix,36e3cd26fed5ec7649ec51fb08c1a5e7d7f30e615782d954fee045c18a4962ca,"{""distance"":3,""physical_error_rate"":5e-05}","{""detection_events"":14844,""detectors_checked"":107606016}"
   1482752,        29,         0,    61.7,decoder_by_matrix,5c8c81bfec719079c388cedc47a351f264c1bf769ae28a89f9b4fc7719fea501,"{""distance"":3,""physical_error_rate"":0.0005}","{""detection_events"":109008,""detectors_checked"":80068608,""obs_mistake_mask=E"":29}"
   1664000,         1,         0,    61.5,decoder_by_matrix,beec9fd12293a9cfe53c9b61fb8ce2a525e4eed38fa75d132d6dc64699336876,"{""distance"":3,""physical_error_rate"":0.0001}","{""detection_events"":24384,""detectors_checked"":89856000,""obs_mistake_mask=E"":1}"
   1496064,        26,         0,    62.0,decoder_by_matrix,5c8c81bfec719079c388cedc47a351f264c1bf769ae28a89f9b4fc7719fea501,"{""distance"":3,""physical_error_rate"":0.0005}","{""detection_events"":107589,""detectors_checked"":80787456,""obs_mistake_mask=E"":26}"
   1676288,         1,         0,    60.9,decoder_by_matrix,beec9fd12293a9cfe53c9b61fb8ce2a525e4eed38fa75d132d6dc64699336876,"{""distance"":3,""physical_error_rate"":0.0001}","{""detection_events"":24138,""detectors_checked"":90519552,""obs_mistake_mask=E"":1}"
   2651615,         0,         0,    50.9,decoder_by_matrix,e25b8d07214a8afb95d354611a83b9bb1ded39644e323a8585b3aabf687a4fff,"{""distance"":3,""physical_error_rate"":1e-05}","{""detection_events"":3600,""detectors_checked"":143187210}"
   2620416,         0,         0,    49.1,decoder_by_matrix,e25b8d07214a8afb95d354611a83b9bb1ded39644e323a8585b3aabf687a4fff,"{""distance"":3,""physical_error_rate"":1e-05}","{""detection_events"":3741,""detectors_checked"":141502464}"
   2619392,         0,         0,    50.8,decoder_by_matrix,e25b8d07214a8afb95d354611a83b9bb1ded39644e323a8585b3aabf687a4fff,"{""distance"":3,""physical_error_rate"":1e-05}","{""detection_events"":3816,""detectors_checked"":141447168}"
   2320163,         0,         0,    43.9,decoder_by_matrix,e25b8d07214a8afb95d354611a83b9bb1ded39644e323a8585b3aabf687a4fff,"{""distance"":3,""physical_error_rate"":1e-05}","{""detection_events"":3480,""detectors_checked"":125288802}"
   1462272,         0,         0,    28.2,decoder_by_matrix,e25b8d07214a8afb95d354611a83b9bb1ded39644e323a8585b3aabf687a4fff,"{""distance"":3,""physical_error_rate"":1e-05}","{""detection_events"":2145,""detectors_checked"":78962688}"
   2280448,         0,         0,    42.8,decoder_by_matrix,e25b8d07214a8afb95d354611a83b9bb1ded39644e323a8585b3aabf687a4fff,"{""distance"":3,""physical_error_rate"":1e-05}","{""detection_events"":3105,""detectors_checked"":123144192}"
   2256896,         0,         0,    43.0,decoder_by_matrix,e25b8d07214a8afb95d354611a83b9bb1ded39644e323a8585b3aabf687a4fff,"{""distance"":3,""physical_error_rate"":1e-05}","{""detection_events"":3237,""detectors_checked"":121872384}"
     39715,         0,         0,   0.462,decoder_by_matrix,e25b8d07214a8afb95d354611a83b9bb1ded39644e323a8585b3aabf687a4fff,"{""distance"":3,""physical_error_rate"":1e-05}","{""detection_events"":66,""detectors_checked"":2144610}"
    620251,         0,         0,    11.8,decoder_by_matrix,e25b8d07214a8afb95d354611a83b9bb1ded39644e323a8585b3aabf687a4fff,"{""distance"":3,""physical_error_rate"":1e-05}","{""detection_events"":843,""detectors_checked"":33493554}"
    542719,         0,         0,    10.2,decoder_by_matrix,e25b8d07214a8afb95d354611a83b9bb1ded39644e323a8585b3aabf687a4fff,"{""distance"":3,""physical_error_rate"":1e-05}","{""detection_events"":804,""detectors_checked"":29306826}"
    527360,         0,         0,    10.6,decoder_by_matrix,e25b8d07214a8afb95d354611a83b9bb1ded39644e323a8585b3aabf687a4fff,"{""distance"":3,""physical_error_rate"":1e-05}","{""detection_events"":798,""detectors_checked"":28477440}"
    532480,         0,         0,    10.3,decoder_by_matrix,e25b8d07214a8afb95d354611a83b9bb1ded39644e323a8585b3aabf687a4fff,"{""distance"":3,""physical_error_rate"":1e-05}","{""detection_events"":822,""detectors_checked"":28753920}"
     10239,         0,         0,   0.022,decoder_by_matrix,e25b8d07214a8afb95d354611a83b9bb1ded39644e323a8585b3aabf687a4fff,"{""distance"":3,""physical_error_rate"":1e-05}","{""detection_events"":15,""detectors_checked"":552906}"
    444416,         0,         0,    8.36,decoder_by_matrix,e25b8d07214a8afb95d354611a83b9bb1ded39644e323a8585b3aabf687a4fff,"{""distance"":3,""physical_error_rate"":1e-05}","{""detection_events"":642,""detectors_checked"":23998464}"
    442368,         0,         0,    8.39,decoder_by_matrix,e25b8d07214a8afb95d354611a83b9bb1ded39644e323a8585b3aabf687a4fff,"{""distance"":3,""physical_error_rate"":1e-05}","{""detection_events"":666,""detectors_checked"":23887872}"
    423936,         0,         0,    8.72,decoder_by_matrix,e25b8d07214a8afb95d354611a83b9bb1ded39644e323a8585b3aabf687a4fff,"{""distance"":3,""physical_error_rate"":1e-05}","{""detection_events"":690,""detectors_checked"":22892544}"
    398336,         0,         0,    7.64,decoder_by_matrix,e25b8d07214a8afb95d354611a83b9bb1ded39644e323a8585b3aabf687a4fff,"{""distance"":3,""physical_error_rate"":1e-05}","{""detection_events"":597,""detectors_checked"":21510144}"
    407552,         0,         0,    7.65,decoder_by_matrix,e25b8d07214a8afb95d354611a83b9bb1ded39644e323a8585b3aabf687a4fff,"{""distance"":3,""physical_error_rate"":1e-05}","{""detection_events"":597,""detectors_checked"":22007808}"
     30463,         0,         0,   0.520,decoder_by_matrix,e25b8d07214a8afb95d354611a83b9bb1ded39644e323a8585b3aabf687a4fff,"{""distance"":3,""physical_error_rate"":1e-05}","{""detection_events"":12,""detectors_checked"":1645002}"
     32511,         0,         0,   0.574,decoder_by_matrix,e25b8d07214a8afb95d354611a83b9bb1ded39644e323a8585b3aabf687a4fff,"{""distance"":3,""physical_error_rate"":1e-05}","{""detection_events"":63,""detectors_checked"":1755594}"
     68672,         0,         0,    1.16,decoder_by_matrix,e25b8d07214a8afb95d354611a83b9bb1ded39644e323a8585b3aabf687a4fff,"{""distance"":3,""physical_error_rate"":1e-05}","{""detection_events"":57,""detectors_checked"":3708288}"
     68608,         0,         0,    1.12,decoder_by_matrix,e25b8d07214a8afb95d354611a83b9bb1ded39644e323a8585b3aabf687a4fff,"{""distance"":3,""physical_error_rate"":1e-05}","{""detection_events"":60,""detectors_checked"":3704832}"
     60088,         0,         0,    1.11,decoder_by_matrix,e25b8d07214a8afb95d354611a83b9bb1ded39644e323a8585b3aabf687a4fff,"{""distance"":3,""physical_error_rate"":1e-05}","{""detection_events"":90,""detectors_checked"":3244752}"
     56320,         0,         0,    1.10,decoder_by_matrix,e25b8d07214a8afb95d354611a83b9bb1ded39644e323a8585b3aabf687a4fff,"{""distance"":3,""physical_error_rate"":1e-05}","{""detection_events"":90,""detectors_checked"":3041280}"
     51200,         0,         0,    1.12,decoder_by_matrix,e25b8d07214a8afb95d354611a83b9bb1ded39644e323a8585b3aabf687a4fff,"{""distance"":3,""physical_error_rate"":1e-05}","{""detection_events"":120,""detectors_checked"":2764800}"
     53248,         0,         0,    1.15,decoder_by_matrix,e25b8d07214a8afb95d354611a83b9bb1ded39644e323a8585b3aabf687a4fff,"{""distance"":3,""physical_error_rate"":1e-05}","{""detection_events"":117,""detectors_checked"":2875392}"
      8888,         0,         0,   0.059,decoder_by_matrix,e25b8d07214a8afb95d354611a83b9bb1ded39644e323a8585b3aabf687a4fff,"{""distance"":3,""physical_error_rate"":1e-05}","{""detection_events"":36,""detectors_checked"":479952}"
      6840,         0,         0,   0.028,decoder_by_matrix,e25b8d07214a8afb95d354611a83b9bb1ded39644e323a8585b3aabf687a4fff,"{""distance"":3,""physical_error_rate"":1e-05}","{""detection_events"":12,""detectors_checked"":369360}"
     44001,         0,         0,   0.851,decoder_by_matrix,e25b8d07214a8afb95d354611a83b9bb1ded39644e323a8585b3aabf687a4fff,"{""distance"":3,""physical_error_rate"":1e-05}","{""detection_events"":84,""detectors_checked"":2376054}"
     22794,         0,         0,   0.327,decoder_by_matrix,e25b8d07214a8afb95d354611a83b9bb1ded39644e323a8585b3aabf687a4fff,"{""distance"":3,""physical_error_rate"":1e-05}","{""detection_events"":21,""detectors_checked"":1230876}"
     39936,         0,         0,   0.736,decoder_by_matrix,e25b8d07214a8afb95d354611a83b9bb1ded39644e323a8585b3aabf687a4fff,"{""distance"":3,""physical_error_rate"":1e-05}","{""detection_events"":57,""detectors_checked"":2156544}"
     22794,         0,         0,   0.455,decoder_by_matrix,e25b8d07214a8afb95d354611a83b9bb1ded39644e323a8585b3aabf687a4fff,"{""distance"":3,""physical_error_rate"":1e-05}","{""detection_events"":39,""detectors_checked"":1230876}"
     16087,         0,         0,   0.223,decoder_by_matrix,e25b8d07214a8afb95d354611a83b9bb1ded39644e323a8585b3aabf687a4fff,"{""distance"":3,""physical_error_rate"":1e-05}","{""detection_events"":6,""detectors_checked"":868698}"
      3737,         0,         0,   0.002,decoder_by_matrix,e25b8d07214a8afb95d354611a83b9bb1ded39644e323a8585b3aabf687a4fff,"{""distance"":3,""physical_error_rate"":1e-05}","{""detectors_checked"":201798}"
       234,         0,         0,   0.000,decoder_by_matrix,e25b8d07214a8afb95d354611a83b9bb1ded39644e323a8585b3aabf687a4fff,"{""distance"":3,""physical_error_rate"":1e-05}","{""detectors_checked"":12636}"
      3241,         0,         0,   0.002,decoder_by_matrix,e25b8d07214a8afb95d354611a83b9bb1ded39644e323a8585b3aabf687a4fff,"{""distance"":3,""physical_error_rate"":1e-05}","{""detectors_checked"":175014}"
      2004,         0,         0,   0.001,decoder_by_matrix,e25b8d07214a8afb95d354611a83b9bb1ded39644e323a8585b3aabf687a4fff,"{""distance"":3,""physical_error_rate"":1e-05}","{""detectors_checked"":108216}"
       824,         0,         0,   0.000,decoder_by_matrix,e25b8d07214a8afb95d354611a83b9bb1ded39644e323a8585b3aabf687a4fff,"{""distance"":3,""physical_error_rate"":1e-05}","{""detectors_checked"":44496}"
     18432,         0,         0,   0.265,decoder_by_matrix,e25b8d07214a8afb95d354611a83b9bb1ded39644e323a8585b3aabf687a4fff,"{""distance"":3,""physical_error_rate"":1e-05}","{""detection_events"":24,""detectors_checked"":995328}"
       178,         0,         0,   0.000,decoder_by_matrix,e25b8d07214a8afb95d354611a83b9bb1ded39644e323a8585b3aabf687a4fff,"{""distance"":3,""physical_error_rate"":1e-05}","{""detectors_checked"":9612}"
       156,         0,         0,   0.000,decoder_by_matrix,e25b8d07214a8afb95d354611a83b9bb1ded39644e323a8585b3aabf687a4fff,"{""distance"":3,""physical_error_rate"":1e-05}","{""detectors_checked"":8424}"
       156,         0,         0,   0.000,decoder_by_matrix,e25b8d07214a8afb95d354611a83b9bb1ded39644e323a8585b3aabf687a4fff,"{""distance"":3,""physical_error_rate"":1e-05}","{""detectors_checked"":8424}"
       156,         0,         0,   0.000,decoder_by_matrix,e25b8d07214a8afb95d354611a83b9bb1ded39644e323a8585b3aabf687a4fff,"{""distance"":3,""physical_error_rate"":1e-05}","{""detectors_checked"":8424}"
       156,         0,         0,   0.000,decoder_by_matrix,e25b8d07214a8afb95d354611a83b9bb1ded39644e323a8585b3aabf687a4fff,"{""distance"":3,""physical_error_rate"":1e-05}","{""detectors_checked"":8424}"
       156,         0,         0,   0.000,decoder_by_matrix,e25b8d07214a8afb95d354611a83b9bb1ded39644e323a8585b3aabf687a4fff,"{""distance"":3,""physical_error_rate"":1e-05}","{""detectors_checked"":8424}"
       156,         0,         0,   0.000,decoder_by_matrix,e25b8d07214a8afb95d354611a83b9bb1ded39644e323a8585b3aabf687a4fff,"{""distance"":3,""physical_error_rate"":1e-05}","{""detection_events"":12,""detectors_checked"":8424}"
       156,         0,         0,   0.000,decoder_by_matrix,e25b8d07214a8afb95d354611a83b9bb1ded39644e323a8585b3aabf687a4fff,"{""distance"":3,""physical_error_rate"":1e-05}","{""detectors_checked"":8424}"
        22,         0,         0,   0.000,decoder_by_matrix,e25b8d07214a8afb95d354611a83b9bb1ded39644e323a8585b3aabf687a4fff,"{""distance"":3,""physical_error_rate"":1e-05}","{""detectors_checked"":1188}"
        17,         0,         0,   0.000,decoder_by_matrix,e25b8d07214a8afb95d354611a83b9bb1ded39644e323a8585b3aabf687a4fff,"{""distance"":3,""physical_error_rate"":1e-05}","{""detectors_checked"":918}"
        20,         0,         0,   0.000,decoder_by_matrix,e25b8d07214a8afb95d354611a83b9bb1ded39644e323a8585b3aabf687a4fff,"{""distance"":3,""physical_error_rate"":1e-05}","{""detectors_checked"":1080}"
         3,         0,         0,   0.000,decoder_by_matrix,e25b8d07214a8afb95d354611a83b9bb1ded39644e323a8585b3aabf687a4fff,"{""distance"":3,""physical_error_rate"":1e-05}","{""detectors_checked"":162}"
        12,         0,         0,   0.000,decoder_by_matrix,e25b8d07214a8afb95d354611a83b9bb1ded39644e323a8585b3aabf687a4fff,"{""distance"":3,""physical_error_rate"":1e-05}","{""detectors_checked"":648}"
         2,         0,         0,   0.000,decoder_by_matrix,e25b8d07214a8afb95d354611a83b9bb1ded39644e323a8585b3aabf687a4fff,"{""distance"":3,""physical_error_rate"":1e-05}","{""detectors_checked"":108}"
        20,         0,         0,   0.000,decoder_by_matrix,e25b8d07214a8afb95d354611a83b9bb1ded39644e323a8585b3aabf687a4fff,"{""distance"":3,""physical_error_rate"":1e-05}","{""detectors_checked"":1080}"
        20,         0,         0,   0.000,decoder_by_matrix,e25b8d07214a8afb95d354611a83b9bb1ded39644e323a8585b3aabf687a4fff,"{""distance"":3,""physical_error_rate"":1e-05}","{""detectors_checked"":1080}"
        20,         0,         0,   0.000,decoder_by_matrix,e25b8d07214a8afb95d354611a83b9bb1ded39644e323a8585b3aabf687a4fff,"{""distance"":3,""physical_error_rate"":1e-05}","{""detectors_checked"":1080}"
         2,         0,         0,   0.000,decoder_by_matrix,e25b8d07214a8afb95d354611a83b9bb1ded39644e323a8585b3aabf687a4fff,"{""distance"":3,""physical_error_rate"":1e-05}","{""detectors_checked"":108}"
         2,         0,         0,   0.000,decoder_by_matrix,e25b8d07214a8afb95d354611a83b9bb1ded39644e323a8585b3aabf687a4fff,"{""distance"":3,""physical_error_rate"":1e-05}","{""detectors_checked"":108}"
         5,         0,         0,   0.000,decoder_by_matrix,e25b8d07214a8afb95d354611a83b9bb1ded39644e323a8585b3aabf687a4fff,"{""distance"":3,""physical_error_rate"":1e-05}","{""detectors_checked"":270}"
         1,         0,         0,   0.000,decoder_by_matrix,e25b8d07214a8afb95d354611a83b9bb1ded39644e323a8585b3aabf687a4fff,"{""distance"":3,""physical_error_rate"":1e-05}","{""detectors_checked"":54}"
         1,         0,         0,   0.000,decoder_by_matrix,e25b8d07214a8afb95d354611a83b9bb1ded39644e323a8585b3aabf687a4fff,"{""distance"":3,""physical_error_rate"":1e-05}","{""detectors_checked"":54}"
         2,         0,         0,   0.000,decoder_by_matrix,e25b8d07214a8afb95d354611a83b9bb1ded39644e323a8585b3aabf687a4fff,"{""distance"":3,""physical_error_rate"":1e-05}","{""detectors_checked"":108}"
         1,         0,         0,   0.000,decoder_by_matrix,e25b8d07214a8afb95d354611a83b9bb1ded39644e323a8585b3aabf687a4fff,"{""distance"":3,""physical_error_rate"":1e-05}","{""detectors_checked"":54}"
         1,         0,         0,   0.000,decoder_by_matrix,e25b8d07214a8afb95d354611a83b9bb1ded39644e323a8585b3aabf687a4fff,"{""distance"":3,""physical_error_rate"":1e-05}","{""detectors_checked"":54}"
         1,         0,         0,   0.000,decoder_by_matrix,e25b8d07214a8afb95d354611a83b9bb1ded39644e323a8585b3aabf687a4fff,"{""distance"":3,""physical_error_rate"":1e-05}","{""detectors_checked"":54}"
         1,         0,         0,   0.000,decoder_by_matrix,e25b8d07214a8afb95d354611a83b9bb1ded39644e323a8585b3aabf687a4fff,"{""distance"":3,""physical_error_rate"":1e-05}","{""detectors_checked"":54}"
         1,         0,         0,   0.000,decoder_by_matrix,beec9fd12293a9cfe53c9b61fb8ce2a525e4eed38fa75d132d6dc64699336876,"{""distance"":3,""physical_error_rate"":0.0001}","{""detectors_checked"":54}"
         1,         0,         0,   0.000,decoder_by_matrix,beec9fd12293a9cfe53c9b61fb8ce2a525e4eed38fa75d132d6dc64699336876,"{""distance"":3,""physical_error_rate"":0.0001}","{""detectors_checked"":54}"
      7440,         0,         0,   0.017,decoder_by_matrix,beec9fd12293a9cfe53c9b61fb8ce2a525e4eed38fa75d132d6dc64699336876,"{""distance"":3,""physical_error_rate"":0.0001}","{""detection_events"":93,""detectors_checked"":401760}"
      7440,         0,         0,   0.023,decoder_by_matrix,beec9fd12293a9cfe53c9b61fb8ce2a525e4eed38fa75d132d6dc64699336876,"{""distance"":3,""physical_error_rate"":0.0001}","{""detection_events"":210,""detectors_checked"":401760}"
         1,         0,         0,   0.000,decoder_by_matrix,36e3cd26fed5ec7649ec51fb08c1a5e7d7f30e615782d954fee045c18a4962ca,"{""distance"":3,""physical_error_rate"":5e-05}","{""detectors_checked"":54}"
         1,         0,         0,   0.000,decoder_by_matrix,5c8c81bfec719079c388cedc47a351f264c1bf769ae28a89f9b4fc7719fea501,"{""distance"":3,""physical_error_rate"":0.0005}","{""detectors_checked"":54}"
         1,         0,         0,   0.000,decoder_by_matrix,36e3cd26fed5ec7649ec51fb08c1a5e7d7f30e615782d954fee045c18a4962ca,"{""distance"":3,""physical_error_rate"":5e-05}","{""detectors_checked"":54}"
         1,         0,         0,   0.000,decoder_by_matrix,36e3cd26fed5ec7649ec51fb08c1a5e7d7f30e615782d954fee045c18a4962ca,"{""distance"":3,""physical_error_rate"":5e-05}","{""detectors_checked"":54}"
         1,         0,         0,   0.000,decoder_by_matrix,beec9fd12293a9cfe53c9b61fb8ce2a525e4eed38fa75d132d6dc64699336876,"{""distance"":3,""physical_error_rate"":0.0001}","{""detectors_checked"":54}"
         1,         0,         0,   0.000,decoder_by_matrix,5c8c81bfec719079c388cedc47a351f264c1bf769ae28a89f9b4fc7719fea501,"{""distance"":3,""physical_error_rate"":0.0005}","{""detectors_checked"":54}"
      2320,         0,         0,   0.023,decoder_by_matrix,36e3cd26fed5ec7649ec51fb08c1a5e7d7f30e615782d954fee045c18a4962ca,"{""distance"":3,""physical_error_rate"":5e-05}","{""detection_events"":9,""detectors_checked"":125280}"
      4368,         0,         0,   0.021,decoder_by_matrix,36e3cd26fed5ec7649ec51fb08c1a5e7d7f30e615782d954fee045c18a4962ca,"{""distance"":3,""physical_error_rate"":5e-05}","{""detection_events"":39,""detectors_checked"":235872}"
      3344,         0,         0,   0.029,decoder_by_matrix,5c8c81bfec719079c388cedc47a351f264c1bf769ae28a89f9b4fc7719fea501,"{""distance"":3,""physical_error_rate"":0.0005}","{""detection_events"":255,""detectors_checked"":180576}"
      3344,         0,         0,   0.023,decoder_by_matrix,36e3cd26fed5ec7649ec51fb08c1a5e7d7f30e615782d954fee045c18a4962ca,"{""distance"":3,""physical_error_rate"":5e-05}","{""detection_events"":36,""detectors_checked"":180576}"
      3344,         0,         0,   0.024,decoder_by_matrix,beec9fd12293a9cfe53c9b61fb8ce2a525e4eed38fa75d132d6dc64699336876,"{""distance"":3,""physical_error_rate"":0.0001}","{""detection_events"":51,""detectors_checked"":180576}"
      3344,         1,         0,   0.025,decoder_by_matrix,5c8c81bfec719079c388cedc47a351f264c1bf769ae28a89f9b4fc7719fea501,"{""distance"":3,""physical_error_rate"":0.0005}","{""detection_events"":240,""detectors_checked"":180576,""obs_mistake_mask=E"":1}"
      3072,         0,         0,   0.025,decoder_by_matrix,36e3cd26fed5ec7649ec51fb08c1a5e7d7f30e615782d954fee045c18a4962ca,"{""distance"":3,""physical_error_rate"":5e-05}","{""detection_events"":33,""detectors_checked"":165888}"
      5120,         0,         0,   0.025,decoder_by_matrix,36e3cd26fed5ec7649ec51fb08c1a5e7d7f30e615782d954fee045c18a4962ca,"{""distance"":3,""physical_error_rate"":5e-05}","{""detection_events"":9,""detectors_checked"":276480}"
      3072,         0,         0,   0.026,decoder_by_matrix,5c8c81bfec719079c388cedc47a351f264c1bf769ae28a89f9b4fc7719fea501,"{""distance"":3,""physical_error_rate"":0.0005}","{""detection_events"":225,""detectors_checked"":165888}"
      5120,         0,         0,   0.028,decoder_by_matrix,36e3cd26fed5ec7649ec51fb08c1a5e7d7f30e615782d954fee045c18a4962ca,"{""distance"":3,""physical_error_rate"":5e-05}","{""detection_events"":39,""detectors_checked"":276480}"
      3072,         0,         0,   0.028,decoder_by_matrix,beec9fd12293a9cfe53c9b61fb8ce2a525e4eed38fa75d132d6dc64699336876,"{""distance"":3,""physical_error_rate"":0.0001}","{""detection_events"":57,""detectors_checked"":165888}"
      3072,         0,         0,   0.027,decoder_by_matrix,5c8c81bfec719079c388cedc47a351f264c1bf769ae28a89f9b4fc7719fea501,"{""distance"":3,""physical_error_rate"":0.0005}","{""detection_events"":234,""detectors_checked"":165888}"
      4096,         0,         0,   0.027,decoder_by_matrix,36e3cd26fed5ec7649ec51fb08c1a5e7d7f30e615782d954fee045c18a4962ca,"{""distance"":3,""physical_error_rate"":5e-05}","{""detection_events"":45,""detectors_checked"":221184}"
      5120,         0,         0,   0.043,decoder_by_matrix,36e3cd26fed5ec7649ec51fb08c1a5e7d7f30e615782d954fee045c18a4962ca,"{""distance"":3,""physical_error_rate"":5e-05}","{""detection_events"":27,""detectors_checked"":276480}"
      3072,         0,         0,   0.042,decoder_by_matrix,5c8c81bfec719079c388cedc47a351f264c1bf769ae28a89f9b4fc7719fea501,"{""distance"":3,""physical_error_rate"":0.0005}","{""detection_events"":192,""detectors_checked"":165888}"
      3072,         0,         0,   0.048,decoder_by_matrix,beec9fd12293a9cfe53c9b61fb8ce2a525e4eed38fa75d132d6dc64699336876,"{""distance"":3,""physical_error_rate"":0.0001}","{""detection_events"":36,""detectors_checked"":165888}"
      5120,         0,         0,   0.061,decoder_by_matrix,36e3cd26fed5ec7649ec51fb08c1a5e7d7f30e615782d954fee045c18a4962ca,"{""distance"":3,""physical_error_rate"":5e-05}","{""detection_events"":48,""detectors_checked"":276480}"
      4096,         0,         0,   0.193,decoder_by_matrix,beec9fd12293a9cfe53c9b61fb8ce2a525e4eed38fa75d132d6dc64699336876,"{""distance"":3,""physical_error_rate"":0.0001}","{""detection_events"":18,""detectors_checked"":221184}"
      3072,         0,         0,   0.077,decoder_by_matrix,5c8c81bfec719079c388cedc47a351f264c1bf769ae28a89f9b4fc7719fea501,"{""distance"":3,""physical_error_rate"":0.0005}","{""detection_events"":222,""detectors_checked"":165888}"
      8192,         0,         0,   0.242,decoder_by_matrix,beec9fd12293a9cfe53c9b61fb8ce2a525e4eed38fa75d132d6dc64699336876,"{""distance"":3,""physical_error_rate"":0.0001}","{""detection_events"":123,""detectors_checked"":442368}"
      4096,         0,         0,   0.096,decoder_by_matrix,36e3cd26fed5ec7649ec51fb08c1a5e7d7f30e615782d954fee045c18a4962ca,"{""distance"":3,""physical_error_rate"":5e-05}","{""detection_events"":21,""detectors_checked"":221184}"
      3072,         0,         0,   0.113,decoder_by_matrix,5c8c81bfec719079c388cedc47a351f264c1bf769ae28a89f9b4fc7719fea501,"{""distance"":3,""physical_error_rate"":0.0005}","{""detection_events"":258,""detectors_checked"":165888}"
      4096,         0,         0,   0.117,decoder_by_matrix,beec9fd12293a9cfe53c9b61fb8ce2a525e4eed38fa75d132d6dc64699336876,"{""distance"":3,""physical_error_rate"":0.0001}","{""detection_events"":48,""detectors_checked"":221184}"
      3072,         0,         0,   0.153,decoder_by_matrix,36e3cd26fed5ec7649ec51fb08c1a5e7d7f30e615782d954fee045c18a4962ca,"{""distance"":3,""physical_error_rate"":5e-05}","{""detection_events"":33,""detectors_checked"":165888}"
      5120,         0,         0,   0.129,decoder_by_matrix,36e3cd26fed5ec7649ec51fb08c1a5e7d7f30e615782d954fee045c18a4962ca,"{""distance"":3,""physical_error_rate"":5e-05}","{""detection_events"":15,""detectors_checked"":276480}"
      4096,         0,         0,   0.129,decoder_by_matrix,beec9fd12293a9cfe53c9b61fb8ce2a525e4eed38fa75d132d6dc64699336876,"{""distance"":3,""physical_error_rate"":0.0001}","{""detection_events"":84,""detectors_checked"":221184}"
      3072,         0,         0,   0.129,decoder_by_matrix,5c8c81bfec719079c388cedc47a351f264c1bf769ae28a89f9b4fc7719fea501,"{""distance"":3,""physical_error_rate"":0.0005}","{""detection_events"":171,""detectors_checked"":165888}"
      3072,         0,         0,   0.129,decoder_by_matrix,beec9fd12293a9cfe53c9b61fb8ce2a525e4eed38fa75d132d6dc64699336876,"{""distance"":3,""physical_error_rate"":0.0001}","{""detection_events"":66,""detectors_checked"":165888}"
      6144,         0,         0,   0.129,decoder_by_matrix,36e3cd26fed5ec7649ec51fb08c1a5e7d7f30e615782d954fee045c18a4962ca,"{""distance"":3,""physical_error_rate"":5e-05}","{""detection_events"":15,""detectors_checked"":331776}"
      3072,         0,         0,   0.129,decoder_by_matrix,5c8c81bfec719079c388cedc47a351f264c1bf769ae28a89f9b4fc7719fea501,"{""distance"":3,""physical_error_rate"":0.0005}","{""detection_events"":153,""detectors_checked"":165888}"
      4096,         0,         0,   0.129,decoder_by_matrix,beec9fd12293a9cfe53c9b61fb8ce2a525e4eed38fa75d132d6dc64699336876,"{""distance"":3,""physical_error_rate"":0.0001}","{""detection_events"":60,""detectors_checked"":221184}"
      5120,         0,         0,   0.130,decoder_by_matrix,36e3cd26fed5ec7649ec51fb08c1a5e7d7f30e615782d954fee045c18a4962ca,"{""distance"":3,""physical_error_rate"":5e-05}","{""detection_events"":36,""detectors_checked"":276480}"
      4096,         0,         0,   0.129,decoder_by_matrix,36e3cd26fed5ec7649ec51fb08c1a5e7d7f30e615782d954fee045c18a4962ca,"{""distance"":3,""physical_error_rate"":5e-05}","{""detection_events"":18,""detectors_checked"":221184}"
      3072,         0,         0,   0.129,decoder_by_matrix,beec9fd12293a9cfe53c9b61fb8ce2a525e4eed38fa75d132d6dc64699336876,"{""distance"":3,""physical_error_rate"":0.0001}","{""detection_events"":66,""detectors_checked"":165888}"
      3072,         0,         0,   0.129,decoder_by_matrix,5c8c81bfec719079c388cedc47a351f264c1bf769ae28a89f9b4fc7719fea501,"{""distance"":3,""physical_error_rate"":0.0005}","{""detection_events"":165,""detectors_checked"":165888}"
      5120,         0,         0,   0.128,decoder_by_matrix,beec9fd12293a9cfe53c9b61fb8ce2a525e4eed38fa75d132d6dc64699336876,"{""distance"":3,""physical_error_rate"":0.0001}","{""detection_events"":48,""detectors_checked"":276480}"
      3072,         0,         0,   0.128,decoder_by_matrix,36e3cd26fed5ec7649ec51fb08c1a5e7d7f30e615782d954fee045c18a4962ca,"{""distance"":3,""physical_error_rate"":5e-05}","{""detection_events"":24,""detectors_checked"":165888}"
      3072,         0,         0,   0.118,decoder_by_matrix,5c8c81bfec719079c388cedc47a351f264c1bf769ae28a89f9b4fc7719fea501,"{""distance"":3,""physical_error_rate"":0.0005}","{""detection_events"":162,""detectors_checked"":165888}"
      3072,         0,         0,   0.127,decoder_by_matrix,beec9fd12293a9cfe53c9b61fb8ce2a525e4eed38fa75d132d6dc64699336876,"{""distance"":3,""physical_error_rate"":0.0001}","{""detection_events"":54,""detectors_checked"":165888}"
      3072,         0,         0,   0.127,decoder_by_matrix,36e3cd26fed5ec7649ec51fb08c1a5e7d7f30e615782d954fee045c18a4962ca,"{""distance"":3,""physical_error_rate"":5e-05}","{""detection_events"":42,""detectors_checked"":165888}"
      3072,         0,         0,   0.127,decoder_by_matrix,36e3cd26fed5ec7649ec51fb08c1a5e7d7f30e615782d954fee045c18a4962ca,"{""distance"":3,""physical_error_rate"":5e-05}","{""detection_events"":36,""detectors_checked"":165888}"
      3072,         0,         0,   0.126,decoder_by_matrix,beec9fd12293a9cfe53c9b61fb8ce2a525e4eed38fa75d132d6dc64699336876,"{""distance"":3,""physical_error_rate"":0.0001}","{""detection_events"":18,""detectors_checked"":165888}"
      3072,         1,         0,   0.135,decoder_by_matrix,5c8c81bfec719079c388cedc47a351f264c1bf769ae28a89f9b4fc7719fea501,"{""distance"":3,""physical_error_rate"":0.0005}","{""detection_events"":216,""detectors_checked"":165888,""obs_mistake_mask=E"":1}"
      3072,         0,         0,   0.136,decoder_by_matrix,beec9fd12293a9cfe53c9b61fb8ce2a525e4eed38fa75d132d6dc64699336876,"{""distance"":3,""physical_error_rate"":0.0001}","{""detection_events"":78,""detectors_checked"":165888}"
      5120,         0,         0,   0.136,decoder_by_matrix,36e3cd26fed5ec7649ec51fb08c1a5e7d7f30e615782d954fee045c18a4962ca,"{""distance"":3,""physical_error_rate"":5e-05}","{""detection_events"":24,""detectors_checked"":276480}"
      4096,         0,         0,   0.125,decoder_by_matrix,beec9fd12293a9cfe53c9b61fb8ce2a525e4eed38fa75d132d6dc64699336876,"{""distance"":3,""physical_error_rate"":0.0001}","{""detection_events"":33,""detectors_checked"":221184}"
      3072,         0,         0,   0.159,decoder_by_matrix,5c8c81bfec719079c388cedc47a351f264c1bf769ae28a89f9b4fc7719fea501,"{""distance"":3,""physical_error_rate"":0.0005}","{""detection_events"":198,""detectors_checked"":165888}"
      3072,         0,         0,   0.131,decoder_by_matrix,36e3cd26fed5ec7649ec51fb08c1a5e7d7f30e615782d954fee045c18a4962ca,"{""distance"":3,""physical_error_rate"":5e-05}","{""detection_events"":36,""detectors_checked"":165888}"
      3072,         0,         0,   0.130,decoder_by_matrix,36e3cd26fed5ec7649ec51fb08c1a5e7d7f30e615782d954fee045c18a4962ca,"{""distance"":3,""physical_error_rate"":5e-05}","{""detection_events"":18,""detectors_checked"":165888}"
      3072,         0,         0,   0.131,decoder_by_matrix,beec9fd12293a9cfe53c9b61fb8ce2a525e4eed38fa75d132d6dc64699336876,"{""distance"":3,""physical_error_rate"":0.0001}","{""detection_events"":54,""detectors_checked"":165888}"
      3072,         0,         0,   0.131,decoder_by_matrix,5c8c81bfec719079c388cedc47a351f264c1bf769ae28a89f9b4fc7719fea501,"{""distance"":3,""physical_error_rate"":0.0005}","{""detection_events"":240,""detectors_checked"":165888}"
      3072,         0,         0,   0.131,decoder_by_matrix,beec9fd12293a9cfe53c9b61fb8ce2a525e4eed38fa75d132d6dc64699336876,"{""distance"":3,""physical_error_rate"":0.0001}","{""detection_events"":30,""detectors_checked"":165888}"
      3072,         0,         0,   0.125,decoder_by_matrix,beec9fd12293a9cfe53c9b61fb8ce2a525e4eed38fa75d132d6dc64699336876,"{""distance"":3,""physical_error_rate"":0.0001}","{""detection_events"":72,""detectors_checked"":165888}"
      3072,         0,         0,   0.161,decoder_by_matrix,beec9fd12293a9cfe53c9b61fb8ce2a525e4eed38fa75d132d6dc64699336876,"{""distance"":3,""physical_error_rate"":0.0001}","{""detection_events"":87,""detectors_checked"":165888}"
      3072,         0,         0,   0.129,decoder_by_matrix,beec9fd12293a9cfe53c9b61fb8ce2a525e4eed38fa75d132d6dc64699336876,"{""distance"":3,""physical_error_rate"":0.0001}","{""detection_events"":27,""detectors_checked"":165888}"
      7168,         0,         0,   0.260,decoder_by_matrix,36e3cd26fed5ec7649ec51fb08c1a5e7d7f30e615782d954fee045c18a4962ca,"{""distance"":3,""physical_error_rate"":5e-05}","{""detection_events"":78,""detectors_checked"":387072}"
      6144,         0,         0,   0.253,decoder_by_matrix,5c8c81bfec719079c388cedc47a351f264c1bf769ae28a89f9b4fc7719fea501,"{""distance"":3,""physical_error_rate"":0.0005}","{""detection_events"":450,""detectors_checked"":331776}"
      9216,         0,         0,   0.256,decoder_by_matrix,36e3cd26fed5ec7649ec51fb08c1a5e7d7f30e615782d954fee045c18a4962ca,"{""distance"":3,""physical_error_rate"":5e-05}","{""detection_events"":48,""detectors_checked"":497664}"
      8192,         0,         0,   0.257,decoder_by_matrix,36e3cd26fed5ec7649ec51fb08c1a5e7d7f30e615782d954fee045c18a4962ca,"{""distance"":3,""physical_error_rate"":5e-05}","{""detection_events"":51,""detectors_checked"":442368}"
      6144,         0,         0,   0.257,decoder_by_matrix,5c8c81bfec719079c388cedc47a351f264c1bf769ae28a89f9b4fc7719fea501,"{""distance"":3,""physical_error_rate"":0.0005}","{""detection_events"":447,""detectors_checked"":331776}"
      7168,         0,         0,   0.243,decoder_by_matrix,beec9fd12293a9cfe53c9b61fb8ce2a525e4eed38fa75d132d6dc64699336876,"{""distance"":3,""physical_error_rate"":0.0001}","{""detection_events"":66,""detectors_checked"":387072}"
      7168,         0,         0,   0.256,decoder_by_matrix,beec9fd12293a9cfe53c9b61fb8ce2a525e4eed38fa75d132d6dc64699336876,"{""distance"":3,""physical_error_rate"":0.0001}","{""detection_events"":231,""detectors_checked"":387072}"
      6144,         0,         0,   0.256,decoder_by_matrix,beec9fd12293a9cfe53c9b61fb8ce2a525e4eed38fa75d132d6dc64699336876,"{""distance"":3,""physical_error_rate"":0.0001}","{""detection_events"":111,""detectors_checked"":331776}"
      6144,         0,         0,   0.131,decoder_by_matrix,36e3cd26fed5ec7649ec51fb08c1a5e7d7f30e615782d954fee045c18a4962ca,"{""distance"":3,""physical_error_rate"":5e-05}","{""detection_events"":33,""detectors_checked"":331776}"
      6144,         0,         0,   0.248,decoder_by_matrix,5c8c81bfec719079c388cedc47a351f264c1bf769ae28a89f9b4fc7719fea501,"{""distance"":3,""physical_error_rate"":0.0005}","{""detection_events"":516,""detectors_checked"":331776}"
      8192,         0,         0,   0.258,decoder_by_matrix,36e3cd26fed5ec7649ec51fb08c1a5e7d7f30e615782d954fee045c18a4962ca,"{""distance"":3,""physical_error_rate"":5e-05}","{""detection_events"":69,""detectors_checked"":442368}"
      8192,         0,         0,   0.258,decoder_by_matrix,36e3cd26fed5ec7649ec51fb08c1a5e7d7f30e615782d954fee045c18a4962ca,"{""distance"":3,""physical_error_rate"":5e-05}","{""detection_events"":51,""detectors_checked"":442368}"
      6144,         0,         0,   0.257,decoder_by_matrix,5c8c81bfec719079c388cedc47a351f264c1bf769ae28a89f9b4fc7719fea501,"{""distance"":3,""physical_error_rate"":0.0005}","{""detection_events"":264,""detectors_checked"":331776}"
      7168,         0,         0,   0.245,decoder_by_matrix,beec9fd12293a9cfe53c9b61fb8ce2a525e4eed38fa75d132d6dc64699336876,"{""distance"":3,""physical_error_rate"":0.0001}","{""detection_events"":120,""detectors_checked"":387072}"
      6144,         0,         0,   0.258,decoder_by_matrix,beec9fd12293a9cfe53c9b61fb8ce2a525e4eed38fa75d132d6dc64699336876,"{""distance"":3,""physical_error_rate"":0.0001}","{""detection_events"":87,""detectors_checked"":331776}"
     11264,         0,         0,   0.382,decoder_by_matrix,beec9fd12293a9cfe53c9b61fb8ce2a525e4eed38fa75d132d6dc64699336876,"{""distance"":3,""physical_error_rate"":0.0001}","{""detection_events"":198,""detectors_checked"":608256}"
     11264,         0,         0,   0.261,decoder_by_matrix,36e3cd26fed5ec7649ec51fb08c1a5e7d7f30e615782d954fee045c18a4962ca,"{""distance"":3,""physical_error_rate"":5e-05}","{""detection_events"":126,""detectors_checked"":608256}"
     10240,         0,         0,   0.387,decoder_by_matrix,36e3cd26fed5ec7649ec51fb08c1a5e7d7f30e615782d954fee045c18a4962ca,"{""distance"":3,""physical_error_rate"":5e-05}","{""detection_events"":105,""detectors_checked"":552960}"
      9216,         0,         0,   0.420,decoder_by_matrix,5c8c81bfec719079c388cedc47a351f264c1bf769ae28a89f9b4fc7719fea501,"{""distance"":3,""physical_error_rate"":0.0005}","{""detection_events"":696,""detectors_checked"":497664}"
     13312,         0,         0,   0.392,decoder_by_matrix,36e3cd26fed5ec7649ec51fb08c1a5e7d7f30e615782d954fee045c18a4962ca,"{""distance"":3,""physical_error_rate"":5e-05}","{""detection_events"":54,""detectors_checked"":718848}"
      8192,         0,         0,   0.375,decoder_by_matrix,5c8c81bfec719079c388cedc47a351f264c1bf769ae28a89f9b4fc7719fea501,"{""distance"":3,""physical_error_rate"":0.0005}","{""detection_events"":576,""detectors_checked"":442368}"
      9216,         0,         0,   0.391,decoder_by_matrix,beec9fd12293a9cfe53c9b61fb8ce2a525e4eed38fa75d132d6dc64699336876,"{""distance"":3,""physical_error_rate"":0.0001}","{""detection_events"":147,""detectors_checked"":497664}"
      9216,         0,         0,   0.378,decoder_by_matrix,beec9fd12293a9cfe53c9b61fb8ce2a525e4eed38fa75d132d6dc64699336876,"{""distance"":3,""physical_error_rate"":0.0001}","{""detection_events"":174,""detectors_checked"":497664}"
     11264,         0,         0,   0.418,decoder_by_matrix,beec9fd12293a9cfe53c9b61fb8ce2a525e4eed38fa75d132d6dc64699336876,"{""distance"":3,""physical_error_rate"":0.0001}","{""detection_events"":150,""detectors_checked"":608256}"
     15360,         0,         0,   0.512,decoder_by_matrix,36e3cd26fed5ec7649ec51fb08c1a5e7d7f30e615782d954fee045c18a4962ca,"{""distance"":3,""physical_error_rate"":5e-05}","{""detection_events"":117,""detectors_checked"":829440}"
     15360,         0,         0,   0.505,decoder_by_matrix,36e3cd26fed5ec7649ec51fb08c1a5e7d7f30e615782d954fee045c18a4962ca,"{""distance"":3,""physical_error_rate"":5e-05}","{""detection_events"":87,""detectors_checked"":829440}"
     12288,         0,         0,   0.514,decoder_by_matrix,5c8c81bfec719079c388cedc47a351f264c1bf769ae28a89f9b4fc7719fea501,"{""distance"":3,""physical_error_rate"":0.0005}","{""detection_events"":771,""detectors_checked"":663552}"
     17408,         0,         0,   0.513,decoder_by_matrix,36e3cd26fed5ec7649ec51fb08c1a5e7d7f30e615782d954fee045c18a4962ca,"{""distance"":3,""physical_error_rate"":5e-05}","{""detection_events"":144,""detectors_checked"":940032}"
     12288,         0,         0,   0.514,decoder_by_matrix,5c8c81bfec719079c388cedc47a351f264c1bf769ae28a89f9b4fc7719fea501,"{""distance"":3,""physical_error_rate"":0.0005}","{""detection_events"":933,""detectors_checked"":663552}"
     13312,         0,         0,   0.509,decoder_by_matrix,beec9fd12293a9cfe53c9b61fb8ce2a525e4eed38fa75d132d6dc64699336876,"{""distance"":3,""physical_error_rate"":0.0001}","{""detection_events"":183,""detectors_checked"":718848}"
     14336,         0,         0,   0.510,decoder_by_matrix,beec9fd12293a9cfe53c9b61fb8ce2a525e4eed38fa75d132d6dc64699336876,"{""distance"":3,""physical_error_rate"":0.0001}","{""detection_events"":258,""detectors_checked"":774144}"
     16384,         0,         0,   0.648,decoder_by_matrix,beec9fd12293a9cfe53c9b61fb8ce2a525e4eed38fa75d132d6dc64699336876,"{""distance"":3,""physical_error_rate"":0.0001}","{""detection_events"":231,""detectors_checked"":884736}"
     22528,         0,         0,   0.674,decoder_by_matrix,36e3cd26fed5ec7649ec51fb08c1a5e7d7f30e615782d954fee045c18a4962ca,"{""distance"":3,""physical_error_rate"":5e-05}","{""detection_events"":117,""detectors_checked"":1216512}"
     14336,         0,         0,   0.626,decoder_by_matrix,5c8c81bfec719079c388cedc47a351f264c1bf769ae28a89f9b4fc7719fea501,"{""distance"":3,""physical_error_rate"":0.0005}","{""detection_events"":1161,""detectors_checked"":774144}"
     18432,         0,         0,   0.518,decoder_by_matrix,36e3cd26fed5ec7649ec51fb08c1a5e7d7f30e615782d954fee045c18a4962ca,"{""distance"":3,""physical_error_rate"":5e-05}","{""detection_events"":159,""detectors_checked"":995328}"
     21504,         0,         0,   0.634,decoder_by_matrix,36e3cd26fed5ec7649ec51fb08c1a5e7d7f30e615782d954fee045c18a4962ca,"{""distance"":3,""physical_error_rate"":5e-05}","{""detection_events"":198,""detectors_checked"":1161216}"
     15360,         0,         0,   0.639,decoder_by_matrix,5c8c81bfec719079c388cedc47a351f264c1bf769ae28a89f9b4fc7719fea501,"{""distance"":3,""physical_error_rate"":0.0005}","{""detection_events"":1077,""detectors_checked"":829440}"
     17408,         0,         0,   0.646,decoder_by_matrix,beec9fd12293a9cfe53c9b61fb8ce2a525e4eed38fa75d132d6dc64699336876,"{""distance"":3,""physical_error_rate"":0.0001}","{""detection_events"":330,""detectors_checked"":940032}"
     16384,         0,         0,   0.639,decoder_by_matrix,beec9fd12293a9cfe53c9b61fb8ce2a525e4eed38fa75d132d6dc64699336876,"{""distance"":3,""physical_error_rate"":0.0001}","{""detection_events"":228,""detectors_checked"":884736}"
     19456,         0,         0,   0.808,decoder_by_matrix,beec9fd12293a9cfe53c9b61fb8ce2a525e4eed38fa75d132d6dc64699336876,"{""distance"":3,""physical_error_rate"":0.0001}","{""detection_events"":351,""detectors_checked"":1050624}"
     29696,         0,         0,   0.895,decoder_by_matrix,36e3cd26fed5ec7649ec51fb08c1a5e7d7f30e615782d954fee045c18a4962ca,"{""distance"":3,""physical_error_rate"":5e-05}","{""detection_events"":195,""detectors_checked"":1603584}"
     21504,         0,         0,   0.764,decoder_by_matrix,5c8c81bfec719079c388cedc47a351f264c1bf769ae28a89f9b4fc7719fea501,"{""distance"":3,""physical_error_rate"":0.0005}","{""detection_events"":1758,""detectors_checked"":1161216}"
     27648,         0,         0,   0.766,decoder_by_matrix,36e3cd26fed5ec7649ec51fb08c1a5e7d7f30e615782d954fee045c18a4962ca,"{""distance"":3,""physical_error_rate"":5e-05}","{""detection_events"":225,""detectors_checked"":1492992}"
     27648,         0,         0,   0.893,decoder_by_matrix,36e3cd26fed5ec7649ec51fb08c1a5e7d7f30e615782d954fee045c18a4962ca,"{""distance"":3,""physical_error_rate"":5e-05}","{""detection_events"":162,""detectors_checked"":1492992}"
     20480,         0,         0,   0.893,decoder_by_matrix,5c8c81bfec719079c388cedc47a351f264c1bf769ae28a89f9b4fc7719fea501,"{""distance"":3,""physical_error_rate"":0.0005}","{""detection_events"":1587,""detectors_checked"":1105920}"
     21504,         0,         0,   0.806,decoder_by_matrix,beec9fd12293a9cfe53c9b61fb8ce2a525e4eed38fa75d132d6dc64699336876,"{""distance"":3,""physical_error_rate"":0.0001}","{""detection_events"":417,""detectors_checked"":1161216}"
     24576,         0,         0,   0.901,decoder_by_matrix,beec9fd12293a9cfe53c9b61fb8ce2a525e4eed38fa75d132d6dc64699336876,"{""distance"":3,""physical_error_rate"":0.0001}","{""detection_events"":321,""detectors_checked"":1327104}"
     30720,         0,         0,    1.13,decoder_by_matrix,beec9fd12293a9cfe53c9b61fb8ce2a525e4eed38fa75d132d6dc64699336876,"{""distance"":3,""physical_error_rate"":0.0001}","{""detection_events"":456,""detectors_checked"":1658880}"
     33792,         0,         0,    1.17,decoder_by_matrix,36e3cd26fed5ec7649ec51fb08c1a5e7d7f30e615782d954fee045c18a4962ca,"{""distance"":3,""physical_error_rate"":5e-05}","{""detection_events"":285,""detectors_checked"":1824768}"
     32768,         0,         0,    1.03,decoder_by_matrix,36e3cd26fed5ec7649ec51fb08c1a5e7d7f30e615782d954fee045c18a4962ca,"{""distance"":3,""physical_error_rate"":5e-05}","{""detection_events"":339,""detectors_checked"":1769472}"
     27648,         1,         0,    1.16,decoder_by_matrix,5c8c81bfec719079c388cedc47a351f264c1bf769ae28a89f9b4fc7719fea501,"{""distance"":3,""physical_error_rate"":0.0005}","{""detection_events"":1929,""detectors_checked"":1492992,""obs_mistake_mask=E"":1}"
     41984,         0,         0,    1.15,decoder_by_matrix,36e3cd26fed5ec7649ec51fb08c1a5e7d7f30e615782d954fee045c18a4962ca,"{""distance"":3,""physical_error_rate"":5e-05}","{""detection_events"":237,""detectors_checked"":2267136}"
     27648,         2,         0,    1.15,decoder_by_matrix,5c8c81bfec719079c388cedc47a351f264c1bf769ae28a89f9b4fc7719fea501,"{""distance"":3,""physical_error_rate"":0.0005}","{""detection_events"":2148,""detectors_checked"":1492992,""obs_mistake_mask=E"":2}"
     30720,         0,         0,    1.15,decoder_by_matrix,beec9fd12293a9cfe53c9b61fb8ce2a525e4eed38fa75d132d6dc64699336876,"{""distance"":3,""physical_error_rate"":0.0001}","{""detection_events"":426,""detectors_checked"":1658880}"
     30720,         0,         0,    1.21,decoder_by_matrix,beec9fd12293a9cfe53c9b61fb8ce2a525e4eed38fa75d132d6dc64699336876,"{""distance"":3,""physical_error_rate"":0.0001}","{""detection_events"":489,""detectors_checked"":1658880}"
   3155968,         1,         0,   116.9,decoder_by_matrix,beec9fd12293a9cfe53c9b61fb8ce2a525e4eed38fa75d132d6dc64699336876,"{""distance"":3,""physical_error_rate"":0.0001}","{""detection_events"":45048,""detectors_checked"":170422272,""obs_mistake_mask=E"":1}"
     45056,         0,         0,    1.67,decoder_by_matrix,beec9fd12293a9cfe53c9b61fb8ce2a525e4eed38fa75d132d6dc64699336876,"{""distance"":3,""physical_error_rate"":0.0001}","{""detection_events"":498,""detectors_checked"":2433024}"
   2823168,        55,         0,   117.5,decoder_by_matrix,5c8c81bfec719079c388cedc47a351f264c1bf769ae28a89f9b4fc7719fea501,"{""distance"":3,""physical_error_rate"":0.0005}","{""detection_events"":207741,""detectors_checked"":152451072,""obs_mistake_mask=E"":55}"
   3161088,         0,         0,   117.5,decoder_by_matrix,beec9fd12293a9cfe53c9b61fb8ce2a525e4eed38fa75d132d6dc64699336876,"{""distance"":3,""physical_error_rate"":0.0001}","{""detection_events"":46878,""detectors_checked"":170698752}"
   2828288,        40,         0,   117.3,decoder_by_matrix,5c8c81bfec719079c388cedc47a351f264c1bf769ae28a89f9b4fc7719fea501,"{""distance"":3,""physical_error_rate"":0.0005}","{""detection_events"":206448,""detectors_checked"":152727552,""obs_mistake_mask=E"":40}"
     52224,         0,         0,    1.66,decoder_by_matrix,36e3cd26fed5ec7649ec51fb08c1a5e7d7f30e615782d954fee045c18a4962ca,"{""distance"":3,""physical_error_rate"":5e-05}","{""detection_events"":384,""detectors_checked"":2820096}"
     53248,         0,         0,    1.67,decoder_by_matrix,36e3cd26fed5ec7649ec51fb08c1a5e7d7f30e615782d954fee045c18a4962ca,"{""distance"":3,""physical_error_rate"":5e-05}","{""detection_events"":405,""detectors_checked"":2875392}"
     38912,         2,         0,    1.66,decoder_by_matrix,5c8c81bfec719079c388cedc47a351f264c1bf769ae28a89f9b4fc7719fea501,"{""distance"":3,""physical_error_rate"":0.0005}","{""detection_events"":2937,""detectors_checked"":2101248,""obs_mistake_mask=E"":2}"
     47104,         0,         0,    1.42,decoder_by_matrix,36e3cd26fed5ec7649ec51fb08c1a5e7d7f30e615782d954fee045c18a4962ca,"{""distance"":3,""physical_error_rate"":5e-05}","{""detection_events"":444,""detectors_checked"":2543616}"
     38912,         1,         0,    1.67,decoder_by_matrix,5c8c81bfec719079c388cedc47a351f264c1bf769ae28a89f9b4fc7719fea501,"{""distance"":3,""physical_error_rate"":0.0005}","{""detection_events"":3000,""detectors_checked"":2101248,""obs_mistake_mask=E"":1}"
     44032,         1,         0,    1.67,decoder_by_matrix,beec9fd12293a9cfe53c9b61fb8ce2a525e4eed38fa75d132d6dc64699336876,"{""distance"":3,""physical_error_rate"":0.0001}","{""detection_events"":525,""detectors_checked"":2377728,""obs_mistake_mask=E"":1}"
     47104,         0,         0,    1.52,decoder_by_matrix,beec9fd12293a9cfe53c9b61fb8ce2a525e4eed38fa75d132d6dc64699336876,"{""distance"":3,""physical_error_rate"":0.0001}","{""detection_events"":654,""detectors_checked"":2543616}"
     56320,         0,         0,    2.09,decoder_by_matrix,beec9fd12293a9cfe53c9b61fb8ce2a525e4eed38fa75d132d6dc64699336876,"{""distance"":3,""physical_error_rate"":0.0001}","{""detection_events"":723,""detectors_checked"":3041280}"
     69632,         0,         0,    2.18,decoder_by_matrix,36e3cd26fed5ec7649ec51fb08c1a5e7d7f30e615782d954fee045c18a4962ca,"{""distance"":3,""physical_error_rate"":5e-05}","{""detection_events"":564,""detectors_checked"":3760128}"
     73728,         0,         0,    2.06,decoder_by_matrix,36e3cd26fed5ec7649ec51fb08c1a5e7d7f30e615782d954fee045c18a4962ca,"{""distance"":3,""physical_error_rate"":5e-05}","{""detection_events"":462,""detectors_checked"":3981312}"
     51200,         1,         0,    2.19,decoder_by_matrix,5c8c81bfec719079c388cedc47a351f264c1bf769ae28a89f9b4fc7719fea501,"{""distance"":3,""physical_error_rate"":0.0005}","{""detection_events"":3447,""detectors_checked"":2764800,""obs_mistake_mask=E"":1}"
     67584,         0,         0,    2.22,decoder_by_matrix,36e3cd26fed5ec7649ec51fb08c1a5e7d7f30e615782d954fee045c18a4962ca,"{""distance"":3,""physical_error_rate"":5e-05}","{""detection_events"":594,""detectors_checked"":3649536}"
     54272,         1,         0,    2.27,decoder_by_matrix,5c8c81bfec719079c388cedc47a351f264c1bf769ae28a89f9b4fc7719fea501,"{""distance"":3,""physical_error_rate"":0.0005}","{""detection_events"":4320,""detectors_checked"":2930688,""obs_mistake_mask=E"":1}"
     62464,         0,         0,    2.29,decoder_by_matrix,beec9fd12293a9cfe53c9b61fb8ce2a525e4eed38fa75d132d6dc64699336876,"{""distance"":3,""physical_error_rate"":0.0001}","{""detection_events"":774,""detectors_checked"":3373056}"
     56320,         0,         0,    2.04,decoder_by_matrix,beec9fd12293a9cfe53c9b61fb8ce2a525e4eed38fa75d132d6dc64699336876,"{""distance"":3,""physical_error_rate"":0.0001}","{""detection_events"":846,""detectors_checked"":3041280}"
     79872,         0,         0,    2.81,decoder_by_matrix,beec9fd12293a9cfe53c9b61fb8ce2a525e4eed38fa75d132d6dc64699336876,"{""distance"":3,""physical_error_rate"":0.0001}","{""detection_events"":1149,""detectors_checked"":4313088}"
     89088,         0,         0,    3.05,decoder_by_matrix,36e3cd26fed5ec7649ec51fb08c1a5e7d7f30e615782d954fee045c18a4962ca,"{""distance"":3,""physical_error_rate"":5e-05}","{""detection_events"":681,""detectors_checked"":4810752}"
     94208,         0,         0,    3.08,decoder_by_matrix,36e3cd26fed5ec7649ec51fb08c1a5e7d7f30e615782d954fee045c18a4962ca,"{""distance"":3,""physical_error_rate"":5e-05}","{""detection_events"":699,""detectors_checked"":5087232}"
     72704,         2,         0,    3.07,decoder_by_matrix,5c8c81bfec719079c388cedc47a351f264c1bf769ae28a89f9b4fc7719fea501,"{""distance"":3,""physical_error_rate"":0.0005}","{""detection_events"":5322,""detectors_checked"":3926016,""obs_mistake_mask=E"":2}"
    102400,         0,         0,    2.82,decoder_by_matrix,36e3cd26fed5ec7649ec51fb08c1a5e7d7f30e615782d954fee045c18a4962ca,"{""distance"":3,""physical_error_rate"":5e-05}","{""detection_events"":729,""detectors_checked"":5529600}"
     72704,         0,         0,    2.98,decoder_by_matrix,5c8c81bfec719079c388cedc47a351f264c1bf769ae28a89f9b4fc7719fea501,"{""distance"":3,""physical_error_rate"":0.0005}","{""detection_events"":5361,""detectors_checked"":3926016}"
     77824,         0,         0,    3.09,decoder_by_matrix,beec9fd12293a9cfe53c9b61fb8ce2a525e4eed38fa75d132d6dc64699336876,"{""distance"":3,""physical_error_rate"":0.0001}","{""detection_events"":1350,""detectors_checked"":4202496}"
     79872,         0,         0,    3.06,decoder_by_matrix,beec9fd12293a9cfe53c9b61fb8ce2a525e4eed38fa75d132d6dc64699336876,"{""distance"":3,""physical_error_rate"":0.0001}","{""detection_events"":1068,""detectors_checked"":4313088}"
    112640,         0,         0,    4.21,decoder_by_matrix,beec9fd12293a9cfe53c9b61fb8ce2a525e4eed38fa75d132d6dc64699336876,"{""distance"":3,""physical_error_rate"":0.0001}","{""detection_events"":1719,""detectors_checked"":6082560}"
    137216,         0,         0,    4.06,decoder_by_matrix,36e3cd26fed5ec7649ec51fb08c1a5e7d7f30e615782d954fee045c18a4962ca,"{""distance"":3,""physical_error_rate"":5e-05}","{""detection_events"":996,""detectors_checked"":7409664}"
    103424,         0,         0,    4.34,decoder_by_matrix,5c8c81bfec719079c388cedc47a351f264c1bf769ae28a89f9b4fc7719fea501,"{""distance"":3,""physical_error_rate"":0.0005}","{""detection_events"":7494,""detectors_checked"":5584896}"
    139264,         0,         0,    4.25,decoder_by_matrix,36e3cd26fed5ec7649ec51fb08c1a5e7d7f30e615782d954fee045c18a4962ca,"{""distance"":3,""physical_error_rate"":5e-05}","{""detection_events"":933,""detectors_checked"":7520256}"
    137216,         0,         0,    4.34,decoder_by_matrix,36e3cd26fed5ec7649ec51fb08c1a5e7d7f30e615782d954fee045c18a4962ca,"{""distance"":3,""physical_error_rate"":5e-05}","{""detection_events"":870,""detectors_checked"":7409664}"
    101376,         3,         0,    4.28,decoder_by_matrix,5c8c81bfec719079c388cedc47a351f264c1bf769ae28a89f9b4fc7719fea501,"{""distance"":3,""physical_error_rate"":0.0005}","{""detection_events"":7365,""detectors_checked"":5474304,""obs_mistake_mask=E"":3}"
    111616,         0,         0,    4.35,decoder_by_matrix,beec9fd12293a9cfe53c9b61fb8ce2a525e4eed38fa75d132d6dc64699336876,"{""distance"":3,""physical_error_rate"":0.0001}","{""detection_events"":1710,""detectors_checked"":6027264}"
    112640,         0,         0,    4.32,decoder_by_matrix,beec9fd12293a9cfe53c9b61fb8ce2a525e4eed38fa75d132d6dc64699336876,"{""distance"":3,""physical_error_rate"":0.0001}","{""detection_events"":1662,""detectors_checked"":6082560}"
   3749888,         1,         0,   116.2,decoder_by_matrix,36e3cd26fed5ec7649ec51fb08c1a5e7d7f30e615782d954fee045c18a4962ca,"{""distance"":3,""physical_error_rate"":5e-05}","{""detection_events"":28872,""detectors_checked"":202493952,""obs_mistake_mask=E"":1}"
    156672,         0,         0,    5.78,decoder_by_matrix,beec9fd12293a9cfe53c9b61fb8ce2a525e4eed38fa75d132d6dc64699336876,"{""distance"":3,""physical_error_rate"":0.0001}","{""detection_events"":2454,""detectors_checked"":8460288}"
    182272,         0,         0,    5.89,decoder_by_matrix,36e3cd26fed5ec7649ec51fb08c1a5e7d7f30e615782d954fee045c18a4962ca,"{""distance"":3,""physical_error_rate"":5e-05}","{""detection_events"":1554,""detectors_checked"":9842688}"
    140288,         2,         0,    5.86,decoder_by_matrix,5c8c81bfec719079c388cedc47a351f264c1bf769ae28a89f9b4fc7719fea501,"{""distance"":3,""physical_error_rate"":0.0005}","{""detection_events"":9810,""detectors_checked"":7575552,""obs_mistake_mask=E"":2}"
    183296,         0,         0,    6.02,decoder_by_matrix,36e3cd26fed5ec7649ec51fb08c1a5e7d7f30e615782d954fee045c18a4962ca,"{""distance"":3,""physical_error_rate"":5e-05}","{""detection_events"":1452,""detectors_checked"":9897984}"
    195584,         0,         0,    5.63,decoder_by_matrix,36e3cd26fed5ec7649ec51fb08c1a5e7d7f30e615782d954fee045c18a4962ca,"{""distance"":3,""physical_error_rate"":5e-05}","{""detection_events"":1446,""detectors_checked"":10561536}"
    141312,         3,         0,    5.89,decoder_by_matrix,5c8c81bfec719079c388cedc47a351f264c1bf769ae28a89f9b4fc7719fea501,"{""distance"":3,""physical_error_rate"":0.0005}","{""detection_events"":10071,""detectors_checked"":7630848,""obs_mistake_mask=E"":3}"
    158720,         0,         0,    5.98,decoder_by_matrix,beec9fd12293a9cfe53c9b61fb8ce2a525e4eed38fa75d132d6dc64699336876,"{""distance"":3,""physical_error_rate"":0.0001}","{""detection_events"":2265,""detectors_checked"":8570880}"
    162816,         0,         0,    5.85,decoder_by_matrix,beec9fd12293a9cfe53c9b61fb8ce2a525e4eed38fa75d132d6dc64699336876,"{""distance"":3,""physical_error_rate"":0.0001}","{""detection_events"":2196,""detectors_checked"":8792064}"
    219136,         0,         0,    8.41,decoder_by_matrix,beec9fd12293a9cfe53c9b61fb8ce2a525e4eed38fa75d132d6dc64699336876,"{""distance"":3,""physical_error_rate"":0.0001}","{""detection_events"":3225,""detectors_checked"":11833344}"
    270336,         0,         0,    8.28,decoder_by_matrix,36e3cd26fed5ec7649ec51fb08c1a5e7d7f30e615782d954fee045c18a4962ca,"{""distance"":3,""physical_error_rate"":5e-05}","{""detection_events"":1866,""detectors_checked"":14598144}"
    198656,         4,         0,    8.16,decoder_by_matrix,5c8c81bfec719079c388cedc47a351f264c1bf769ae28a89f9b4fc7719fea501,"{""distance"":3,""physical_error_rate"":0.0005}","{""detection_events"":14163,""detectors_checked"":10727424,""obs_mistake_mask=E"":4}"
    260096,         0,         0,    8.27,decoder_by_matrix,36e3cd26fed5ec7649ec51fb08c1a5e7d7f30e615782d954fee045c18a4962ca,"{""distance"":3,""physical_error_rate"":5e-05}","{""detection_events"":1923,""detectors_checked"":14045184}"
    268288,         0,         0,    8.39,decoder_by_matrix,36e3cd26fed5ec7649ec51fb08c1a5e7d7f30e615782d954fee045c18a4962ca,"{""distance"":3,""physical_error_rate"":5e-05}","{""detection_events"":1944,""detectors_checked"":14487552}"
    198656,         6,         0,    8.20,decoder_by_matrix,5c8c81bfec719079c388cedc47a351f264c1bf769ae28a89f9b4fc7719fea501,"{""distance"":3,""physical_error_rate"":0.0005}","{""detection_events"":14739,""detectors_checked"":10727424,""obs_mistake_mask=E"":6}"
    231424,         0,         0,    8.20,decoder_by_matrix,beec9fd12293a9cfe53c9b61fb8ce2a525e4eed38fa75d132d6dc64699336876,"{""distance"":3,""physical_error_rate"":0.0001}","{""detection_events"":3213,""detectors_checked"":12496896}"
    224256,         0,         0,    8.39,decoder_by_matrix,beec9fd12293a9cfe53c9b61fb8ce2a525e4eed38fa75d132d6dc64699336876,"{""distance"":3,""physical_error_rate"":0.0001}","{""detection_events"":3219,""detectors_checked"":12109824}"
    310272,         0,         0,    11.6,decoder_by_matrix,beec9fd12293a9cfe53c9b61fb8ce2a525e4eed38fa75d132d6dc64699336876,"{""distance"":3,""physical_error_rate"":0.0001}","{""detection_events"":4362,""detectors_checked"":16754688}"
    369664,         1,         0,    11.5,decoder_by_matrix,36e3cd26fed5ec7649ec51fb08c1a5e7d7f30e615782d954fee045c18a4962ca,"{""distance"":3,""physical_error_rate"":5e-05}","{""detection_events"":2982,""detectors_checked"":19961856,""obs_mistake_mask=E"":1}"
    278528,         4,         0,    11.5,decoder_by_matrix,5c8c81bfec719079c388cedc47a351f264c1bf769ae28a89f9b4fc7719fea501,"{""distance"":3,""physical_error_rate"":0.0005}","{""detection_events"":20499,""detectors_checked"":15040512,""obs_mistake_mask=E"":4}"
    372736,         0,         0,    11.6,decoder_by_matrix,36e3cd26fed5ec7649ec51fb08c1a5e7d7f30e615782d954fee045c18a4962ca,"{""distance"":3,""physical_error_rate"":5e-05}","{""detection_events"":2634,""detectors_checked"":20127744}"
    277504,         5,         0,    11.5,decoder_by_matrix,5c8c81bfec719079c388cedc47a351f264c1bf769ae28a89f9b4fc7719fea501,"{""distance"":3,""physical_error_rate"":0.0005}","{""detection_events"":19803,""detectors_checked"":14985216,""obs_mistake_mask=E"":5}"
    371712,         0,         0,    11.6,decoder_by_matrix,36e3cd26fed5ec7649ec51fb08c1a5e7d7f30e615782d954fee045c18a4962ca,"{""distance"":3,""physical_error_rate"":5e-05}","{""detection_events"":2769,""detectors_checked"":20072448}"
    304128,         1,         0,    11.6,decoder_by_matrix,beec9fd12293a9cfe53c9b61fb8ce2a525e4eed38fa75d132d6dc64699336876,"{""distance"":3,""physical_error_rate"":0.0001}","{""detection_events"":4710,""detectors_checked"":16422912,""obs_mistake_mask=E"":1}"
    315392,         0,         0,    11.4,decoder_by_matrix,beec9fd12293a9cfe53c9b61fb8ce2a525e4eed38fa75d132d6dc64699336876,"{""distance"":3,""physical_error_rate"":0.0001}","{""detection_events"":4377,""detectors_checked"":17031168}"
   2844672,        56,         0,   117.0,decoder_by_matrix,5c8c81bfec719079c388cedc47a351f264c1bf769ae28a89f9b4fc7719fea501,"{""distance"":3,""physical_error_rate"":0.0005}","{""detection_events"":206028,""detectors_checked"":153612288,""obs_mistake_mask=E"":56}"
   2845696,        47,         0,   117.8,decoder_by_matrix,5c8c81bfec719079c388cedc47a351f264c1bf769ae28a89f9b4fc7719fea501,"{""distance"":3,""physical_error_rate"":0.0005}","{""detection_events"":208908,""detectors_checked"":153667584,""obs_mistake_mask=E"":47}"
   3165184,         3,         0,   118.3,decoder_by_matrix,beec9fd12293a9cfe53c9b61fb8ce2a525e4eed38fa75d132d6dc64699336876,"{""distance"":3,""physical_error_rate"":0.0001}","{""detection_events"":45705,""detectors_checked"":170919936,""obs_mistake_mask=E"":3}"
   3799040,         2,         0,   116.3,decoder_by_matrix,36e3cd26fed5ec7649ec51fb08c1a5e7d7f30e615782d954fee045c18a4962ca,"{""distance"":3,""physical_error_rate"":5e-05}","{""detection_events"":27276,""detectors_checked"":205148160,""obs_mistake_mask=E"":2}"
   3055616,         0,         0,   117.1,decoder_by_matrix,beec9fd12293a9cfe53c9b61fb8ce2a525e4eed38fa75d132d6dc64699336876,"{""distance"":3,""physical_error_rate"":0.0001}","{""detection_events"":44715,""detectors_checked"":165003264}"
   3749888,         0,         0,   117.1,decoder_by_matrix,36e3cd26fed5ec7649ec51fb08c1a5e7d7f30e615782d954fee045c18a4962ca,"{""distance"":3,""physical_error_rate"":5e-05}","{""detection_events"":27792,""detectors_checked"":202493952}"
   3145728,         3,         0,   117.0,decoder_by_matrix,beec9fd12293a9cfe53c9b61fb8ce2a525e4eed38fa75d132d6dc64699336876,"{""distance"":3,""physical_error_rate"":0.0001}","{""detection_events"":45714,""detectors_checked"":169869312,""obs_mistake_mask=E"":3}"
   3816448,         0,         0,   116.5,decoder_by_matrix,36e3cd26fed5ec7649ec51fb08c1a5e7d7f30e615782d954fee045c18a4962ca,"{""distance"":3,""physical_error_rate"":5e-05}","{""detection_events"":27486,""detectors_checked"":206088192}"
   3116032,         0,         0,   118.6,decoder_by_matrix,beec9fd12293a9cfe53c9b61fb8ce2a525e4eed38fa75d132d6dc64699336876,"{""distance"":3,""physical_error_rate"":0.0001}","{""detection_events"":45708,""detectors_checked"":168265728}"
   2834432,        49,         0,   118.2,decoder_by_matrix,5c8c81bfec719079c388cedc47a351f264c1bf769ae28a89f9b4fc7719fea501,"{""distance"":3,""physical_error_rate"":0.0005}","{""detection_events"":206796,""detectors_checked"":153059328,""obs_mistake_mask=E"":49}"
   2830336,        47,         0,   117.8,decoder_by_matrix,5c8c81bfec719079c388cedc47a351f264c1bf769ae28a89f9b4fc7719fea501,"{""distance"":3,""physical_error_rate"":0.0005}","{""detection_events"":204288,""detectors_checked"":152838144,""obs_mistake_mask=E"":47}"
    440320,         0,         0,    16.3,decoder_by_matrix,beec9fd12293a9cfe53c9b61fb8ce2a525e4eed38fa75d132d6dc64699336876,"{""distance"":3,""physical_error_rate"":0.0001}","{""detection_events"":6150,""detectors_checked"":23777280}"
    387072,         5,         0,    15.7,decoder_by_matrix,5c8c81bfec719079c388cedc47a351f264c1bf769ae28a89f9b4fc7719fea501,"{""distance"":3,""physical_error_rate"":0.0005}","{""detection_events"":28905,""detectors_checked"":20901888,""obs_mistake_mask=E"":5}"
    531456,         0,         0,    16.4,decoder_by_matrix,36e3cd26fed5ec7649ec51fb08c1a5e7d7f30e615782d954fee045c18a4962ca,"{""distance"":3,""physical_error_rate"":5e-05}","{""detection_events"":3834,""detectors_checked"":28698624}"
    523264,         0,         0,    15.8,decoder_by_matrix,36e3cd26fed5ec7649ec51fb08c1a5e7d7f30e615782d954fee045c18a4962ca,"{""distance"":3,""physical_error_rate"":5e-05}","{""detection_events"":3576,""detectors_checked"":28256256}"
    387072,         7,         0,    15.8,decoder_by_matrix,5c8c81bfec719079c388cedc47a351f264c1bf769ae28a89f9b4fc7719fea501,"{""distance"":3,""physical_error_rate"":0.0005}","{""detection_events"":28386,""detectors_checked"":20901888,""obs_mistake_mask=E"":7}"
    514048,         0,         0,    16.1,decoder_by_matrix,36e3cd26fed5ec7649ec51fb08c1a5e7d7f30e615782d954fee045c18a4962ca,"{""distance"":3,""physical_error_rate"":5e-05}","{""detection_events"":3762,""detectors_checked"":27758592}"
    429056,         0,         0,    15.5,decoder_by_matrix,beec9fd12293a9cfe53c9b61fb8ce2a525e4eed38fa75d132d6dc64699336876,"{""distance"":3,""physical_error_rate"":0.0001}","{""detection_events"":6633,""detectors_checked"":23169024}"
    442368,         0,         0,    15.8,decoder_by_matrix,beec9fd12293a9cfe53c9b61fb8ce2a525e4eed38fa75d132d6dc64699336876,"{""distance"":3,""physical_error_rate"":0.0001}","{""detection_events"":6471,""detectors_checked"":23887872}"
   2762752,         0,         0,    85.8,decoder_by_matrix,36e3cd26fed5ec7649ec51fb08c1a5e7d7f30e615782d954fee045c18a4962ca,"{""distance"":3,""physical_error_rate"":5e-05}","{""detection_events"":20202,""detectors_checked"":149188608}"
   2074624,        46,         0,    86.9,decoder_by_matrix,5c8c81bfec719079c388cedc47a351f264c1bf769ae28a89f9b4fc7719fea501,"{""distance"":3,""physical_error_rate"":0.0005}","{""detection_events"":152520,""detectors_checked"":112029696,""obs_mistake_mask=E"":46}"
   2332672,         2,         0,    86.6,decoder_by_matrix,beec9fd12293a9cfe53c9b61fb8ce2a525e4eed38fa75d132d6dc64699336876,"{""distance"":3,""physical_error_rate"":0.0001}","{""detection_events"":34326,""detectors_checked"":125964288,""obs_mistake_mask=E"":2}"
   2089984,        48,         0,    86.8,decoder_by_matrix,5c8c81bfec719079c388cedc47a351f264c1bf769ae28a89f9b4fc7719fea501,"{""distance"":3,""physical_error_rate"":0.0005}","{""detection_events"":153321,""detectors_checked"":112859136,""obs_mistake_mask=E"":48}"
   2333696,         0,         0,    86.4,decoder_by_matrix,beec9fd12293a9cfe53c9b61fb8ce2a525e4eed38fa75d132d6dc64699336876,"{""distance"":3,""physical_error_rate"":0.0001}","{""detection_events"":34509,""detectors_checked"":126019584}"
    608256,         0,         0,    22.5,decoder_by_matrix,beec9fd12293a9cfe53c9b61fb8ce2a525e4eed38fa75d132d6dc64699336876,"{""distance"":3,""physical_error_rate"":0.0001}","{""detection_events"":8778,""detectors_checked"":32845824}"
    543744,         9,         0,    22.5,decoder_by_matrix,5c8c81bfec719079c388cedc47a351f264c1bf769ae28a89f9b4fc7719fea501,"{""distance"":3,""physical_error_rate"":0.0005}","{""detection_events"":40245,""detectors_checked"":29362176,""obs_mistake_mask=E"":9}"
    744448,         0,         0,    21.5,decoder_by_matrix,36e3cd26fed5ec7649ec51fb08c1a5e7d7f30e615782d954fee045c18a4962ca,"{""distance"":3,""physical_error_rate"":5e-05}","{""detection_events"":5307,""detectors_checked"":40200192}"
    705536,         0,         0,    22.4,decoder_by_matrix,36e3cd26fed5ec7649ec51fb08c1a5e7d7f30e615782d954fee045c18a4962ca,"{""distance"":3,""physical_error_rate"":5e-05}","{""detection_events"":5478,""detectors_checked"":38098944}"
    544768,         4,         0,    22.8,decoder_by_matrix,5c8c81bfec719079c388cedc47a351f264c1bf769ae28a89f9b4fc7719fea501,"{""distance"":3,""physical_error_rate"":0.0005}","{""detection_events"":39231,""detectors_checked"":29417472,""obs_mistake_mask=E"":4}"
    607232,         1,         0,    22.5,decoder_by_matrix,beec9fd12293a9cfe53c9b61fb8ce2a525e4eed38fa75d132d6dc64699336876,"{""distance"":3,""physical_error_rate"":0.0001}","{""detection_events"":9267,""detectors_checked"":32790528,""obs_mistake_mask=E"":1}"
    723968,         0,         0,    22.8,decoder_by_matrix,36e3cd26fed5ec7649ec51fb08c1a5e7d7f30e615782d954fee045c18a4962ca,"{""distance"":3,""physical_error_rate"":5e-05}","{""detection_events"":5277,""detectors_checked"":39094272}"
    603136,         1,         0,    22.8,decoder_by_matrix,beec9fd12293a9cfe53c9b61fb8ce2a525e4eed38fa75d132d6dc64699336876,"{""distance"":3,""physical_error_rate"":0.0001}","{""detection_events"":9171,""detectors_checked"":32569344,""obs_mistake_mask=E"":1}"
   3713024,         0,         0,   117.8,decoder_by_matrix,36e3cd26fed5ec7649ec51fb08c1a5e7d7f30e615782d954fee045c18a4962ca,"{""distance"":3,""physical_error_rate"":5e-05}","{""detection_events"":28224,""detectors_checked"":200503296}"
   3758080,         0,         0,   117.0,decoder_by_matrix,36e3cd26fed5ec7649ec51fb08c1a5e7d7f30e615782d954fee045c18a4962ca,"{""distance"":3,""physical_error_rate"":5e-05}","{""detection_events"":27774,""detectors_checked"":202936320}"
   3793920,         0,         0,   116.6,decoder_by_matrix,36e3cd26fed5ec7649ec51fb08c1a5e7d7f30e615782d954fee045c18a4962ca,"{""distance"":3,""physical_error_rate"":5e-05}","{""detection_events"":27483,""detectors_checked"":204871680}"
    836608,         1,         0,    32.0,decoder_by_matrix,beec9fd12293a9cfe53c9b61fb8ce2a525e4eed38fa75d132d6dc64699336876,"{""distance"":3,""physical_error_rate"":0.0001}","{""detection_events"":12321,""detectors_checked"":45176832,""obs_mistake_mask=E"":1}"
    759808,        10,         0,    31.5,decoder_by_matrix,5c8c81bfec719079c388cedc47a351f264c1bf769ae28a89f9b4fc7719fea501,"{""distance"":3,""physical_error_rate"":0.0005}","{""detection_events"":55281,""detectors_checked"":41029632,""obs_mistake_mask=E"":10}"
   1002496,         0,         0,    30.9,decoder_by_matrix,36e3cd26fed5ec7649ec51fb08c1a5e7d7f30e615782d954fee045c18a4962ca,"{""distance"":3,""physical_error_rate"":5e-05}","{""detection_events"":7935,""detectors_checked"":54134784}"
   1019904,         0,         0,    31.4,decoder_by_matrix,36e3cd26fed5ec7649ec51fb08c1a5e7d7f30e615782d954fee045c18a4962ca,"{""distance"":3,""physical_error_rate"":5e-05}","{""detection_events"":7449,""detectors_checked"":55074816}"
    758784,        15,         0,    31.6,decoder_by_matrix,5c8c81bfec719079c388cedc47a351f264c1bf769ae28a89f9b4fc7719fea501,"{""distance"":3,""physical_error_rate"":0.0005}","{""detection_events"":55260,""detectors_checked"":40974336,""obs_mistake_mask=E"":15}"
    992256,         0,         0,    32.0,decoder_by_matrix,36e3cd26fed5ec7649ec51fb08c1a5e7d7f30e615782d954fee045c18a4962ca,"{""distance"":3,""physical_error_rate"":5e-05}","{""detection_events"":7641,""detectors_checked"":53581824}"
    859136,         0,         0,    31.1,decoder_by_matrix,beec9fd12293a9cfe53c9b61fb8ce2a525e4eed38fa75d132d6dc64699336876,"{""distance"":3,""physical_error_rate"":0.0001}","{""detection_events"":13200,""detectors_checked"":46393344}"
    845824,         0,         0,    31.6,decoder_by_matrix,beec9fd12293a9cfe53c9b61fb8ce2a525e4eed38fa75d132d6dc64699336876,"{""distance"":3,""physical_error_rate"":0.0001}","{""detection_events"":12831,""detectors_checked"":45674496}"
   3164160,         1,         0,   117.8,decoder_by_matrix,beec9fd12293a9cfe53c9b61fb8ce2a525e4eed38fa75d132d6dc64699336876,"{""distance"":3,""physical_error_rate"":0.0001}","{""detection_events"":45516,""detectors_checked"":170864640,""obs_mistake_mask=E"":1}"
   3178496,         2,         0,   117.1,decoder_by_matrix,beec9fd12293a9cfe53c9b61fb8ce2a525e4eed38fa75d132d6dc64699336876,"{""distance"":3,""physical_error_rate"":0.0001}","{""detection_events"":46017,""detectors_checked"":171638784,""obs_mistake_mask=E"":2}"
   2824192,        55,         0,   116.4,decoder_by_matrix,5c8c81bfec719079c388cedc47a351f264c1bf769ae28a89f9b4fc7719fea501,"{""distance"":3,""physical_error_rate"":0.0005}","{""detection_events"":207978,""detectors_checked"":152506368,""obs_mistake_mask=E"":55}"
   2830336,        44,         0,   117.7,decoder_by_matrix,5c8c81bfec719079c388cedc47a351f264c1bf769ae28a89f9b4fc7719fea501,"{""distance"":3,""physical_error_rate"":0.0005}","{""detection_events"":207225,""detectors_checked"":152838144,""obs_mistake_mask=E"":44}"
   3768320,         2,         0,   117.7,decoder_by_matrix,36e3cd26fed5ec7649ec51fb08c1a5e7d7f30e615782d954fee045c18a4962ca,"{""distance"":3,""physical_error_rate"":5e-05}","{""detection_events"":27852,""detectors_checked"":203489280,""obs_mistake_mask=E"":2}"
   1190912,         1,         0,    43.9,decoder_by_matrix,beec9fd12293a9cfe53c9b61fb8ce2a525e4eed38fa75d132d6dc64699336876,"{""distance"":3,""physical_error_rate"":0.0001}","{""detection_events"":17307,""detectors_checked"":64309248,""obs_mistake_mask=E"":1}"
   1062912,        20,         0,    44.1,decoder_by_matrix,5c8c81bfec719079c388cedc47a351f264c1bf769ae28a89f9b4fc7719fea501,"{""distance"":3,""physical_error_rate"":0.0005}","{""detection_events"":77697,""detectors_checked"":57397248,""obs_mistake_mask=E"":20}"
   1430528,         0,         0,    44.0,decoder_by_matrix,36e3cd26fed5ec7649ec51fb08c1a5e7d7f30e615782d954fee045c18a4962ca,"{""distance"":3,""physical_error_rate"":5e-05}","{""detection_events"":10050,""detectors_checked"":77248512}"
   1428480,         0,         0,    43.5,decoder_by_matrix,36e3cd26fed5ec7649ec51fb08c1a5e7d7f30e615782d954fee045c18a4962ca,"{""distance"":3,""physical_error_rate"":5e-05}","{""detection_events"":10074,""detectors_checked"":77137920}"
   1064960,        18,         0,    43.8,decoder_by_matrix,5c8c81bfec719079c388cedc47a351f264c1bf769ae28a89f9b4fc7719fea501,"{""distance"":3,""physical_error_rate"":0.0005}","{""detection_events"":76626,""detectors_checked"":57507840,""obs_mistake_mask=E"":18}"
   1422336,         1,         0,    43.7,decoder_by_matrix,36e3cd26fed5ec7649ec51fb08c1a5e7d7f30e615782d954fee045c18a4962ca,"{""distance"":3,""physical_error_rate"":5e-05}","{""detection_events"":10359,""detectors_checked"":76806144,""obs_mistake_mask=E"":1}"
   1195008,         1,         0,    44.2,decoder_by_matrix,beec9fd12293a9cfe53c9b61fb8ce2a525e4eed38fa75d132d6dc64699336876,"{""distance"":3,""physical_error_rate"":0.0001}","{""detection_events"":17670,""detectors_checked"":64530432,""obs_mistake_mask=E"":1}"
   1183744,         0,         0,    44.2,decoder_by_matrix,beec9fd12293a9cfe53c9b61fb8ce2a525e4eed38fa75d132d6dc64699336876,"{""distance"":3,""physical_error_rate"":0.0001}","{""detection_events"":17514,""detectors_checked"":63922176}"
   2842624,        49,         0,   116.7,decoder_by_matrix,5c8c81bfec719079c388cedc47a351f264c1bf769ae28a89f9b4fc7719fea501,"{""distance"":3,""physical_error_rate"":0.0005}","{""detection_events"":207675,""detectors_checked"":153501696,""obs_mistake_mask=E"":49}"
   2849792,        47,         0,   116.9,decoder_by_matrix,5c8c81bfec719079c388cedc47a351f264c1bf769ae28a89f9b4fc7719fea501,"{""distance"":3,""physical_error_rate"":0.0005}","{""detection_events"":206865,""detectors_checked"":153888768,""obs_mistake_mask=E"":47}"
   3170304,         3,         0,   117.3,decoder_by_matrix,beec9fd12293a9cfe53c9b61fb8ce2a525e4eed38fa75d132d6dc64699336876,"{""distance"":3,""physical_error_rate"":0.0001}","{""detection_events"":45801,""detectors_checked"":171196416,""obs_mistake_mask=E"":3}"
   3775488,         2,         0,   116.4,decoder_by_matrix,36e3cd26fed5ec7649ec51fb08c1a5e7d7f30e615782d954fee045c18a4962ca,"{""distance"":3,""physical_error_rate"":5e-05}","{""detection_events"":27804,""detectors_checked"":203876352,""obs_mistake_mask=E"":2}"
   3096576,         2,         0,   117.0,decoder_by_matrix,beec9fd12293a9cfe53c9b61fb8ce2a525e4eed38fa75d132d6dc64699336876,"{""distance"":3,""physical_error_rate"":0.0001}","{""detection_events"":45054,""detectors_checked"":167215104,""obs_mistake_mask=E"":2}"
   3779584,         0,         0,   117.0,decoder_by_matrix,36e3cd26fed5ec7649ec51fb08c1a5e7d7f30e615782d954fee045c18a4962ca,"{""distance"":3,""physical_error_rate"":5e-05}","{""detection_events"":27978,""detectors_checked"":204097536}"
   3182592,         2,         0,   117.5,decoder_by_matrix,beec9fd12293a9cfe53c9b61fb8ce2a525e4eed38fa75d132d6dc64699336876,"{""distance"":3,""physical_error_rate"":0.0001}","{""detection_events"":46341,""detectors_checked"":171859968,""obs_mistake_mask=E"":2}"
   3760128,         1,         0,   116.8,decoder_by_matrix,36e3cd26fed5ec7649ec51fb08c1a5e7d7f30e615782d954fee045c18a4962ca,"{""distance"":3,""physical_error_rate"":5e-05}","{""detection_events"":27348,""detectors_checked"":203046912,""obs_mistake_mask=E"":1}"
   3123200,         4,         0,   117.1,decoder_by_matrix,beec9fd12293a9cfe53c9b61fb8ce2a525e4eed38fa75d132d6dc64699336876,"{""distance"":3,""physical_error_rate"":0.0001}","{""detection_events"":46605,""detectors_checked"":168652800,""obs_mistake_mask=E"":4}"
   2832384,        53,         0,   116.7,decoder_by_matrix,5c8c81bfec719079c388cedc47a351f264c1bf769ae28a89f9b4fc7719fea501,"{""distance"":3,""physical_error_rate"":0.0005}","{""detection_events"":205761,""detectors_checked"":152948736,""obs_mistake_mask=E"":53}"
   2827264,        65,         0,   117.4,decoder_by_matrix,5c8c81bfec719079c388cedc47a351f264c1bf769ae28a89f9b4fc7719fea501,"{""distance"":3,""physical_error_rate"":0.0005}","{""detection_events"":205944,""detectors_checked"":152672256,""obs_mistake_mask=E"":65}"
   3753984,         0,         0,   116.6,decoder_by_matrix,36e3cd26fed5ec7649ec51fb08c1a5e7d7f30e615782d954fee045c18a4962ca,"{""distance"":3,""physical_error_rate"":5e-05}","{""detection_events"":27561,""detectors_checked"":202715136}"
   2821120,        50,         0,   118.2,decoder_by_matrix,5c8c81bfec719079c388cedc47a351f264c1bf769ae28a89f9b4fc7719fea501,"{""distance"":3,""physical_error_rate"":0.0005}","{""detection_events"":207072,""detectors_checked"":152340480,""obs_mistake_mask=E"":50}"
   3168256,         4,         0,   116.9,decoder_by_matrix,beec9fd12293a9cfe53c9b61fb8ce2a525e4eed38fa75d132d6dc64699336876,"{""distance"":3,""physical_error_rate"":0.0001}","{""detection_events"":45828,""detectors_checked"":171085824,""obs_mistake_mask=E"":4}"
   2843648,        42,         0,   117.0,decoder_by_matrix,5c8c81bfec719079c388cedc47a351f264c1bf769ae28a89f9b4fc7719fea501,"{""distance"":3,""physical_error_rate"":0.0005}","{""detection_events"":208437,""detectors_checked"":153556992,""obs_mistake_mask=E"":42}"
   3179520,         1,         0,   118.8,decoder_by_matrix,beec9fd12293a9cfe53c9b61fb8ce2a525e4eed38fa75d132d6dc64699336876,"{""distance"":3,""physical_error_rate"":0.0001}","{""detection_events"":46464,""detectors_checked"":171694080,""obs_mistake_mask=E"":1}"
   3779584,         0,         0,   116.8,decoder_by_matrix,36e3cd26fed5ec7649ec51fb08c1a5e7d7f30e615782d954fee045c18a4962ca,"{""distance"":3,""physical_error_rate"":5e-05}","{""detection_events"":26898,""detectors_checked"":204097536}"
   3777536,         0,         0,   117.5,decoder_by_matrix,36e3cd26fed5ec7649ec51fb08c1a5e7d7f30e615782d954fee045c18a4962ca,"{""distance"":3,""physical_error_rate"":5e-05}","{""detection_events"":26793,""detectors_checked"":203986944}"
   3830784,         0,         0,   116.4,decoder_by_matrix,36e3cd26fed5ec7649ec51fb08c1a5e7d7f30e615782d954fee045c18a4962ca,"{""distance"":3,""physical_error_rate"":5e-05}","{""detection_events"":27540,""detectors_checked"":206862336}"
   1639424,         1,         0,    61.9,decoder_by_matrix,beec9fd12293a9cfe53c9b61fb8ce2a525e4eed38fa75d132d6dc64699336876,"{""distance"":3,""physical_error_rate"":0.0001}","{""detection_events"":24426,""detectors_checked"":88528896,""obs_mistake_mask=E"":1}"
   2003968,         2,         0,    61.8,decoder_by_matrix,36e3cd26fed5ec7649ec51fb08c1a5e7d7f30e615782d954fee045c18a4962ca,"{""distance"":3,""physical_error_rate"":5e-05}","{""detection_events"":14121,""detectors_checked"":108214272,""obs_mistake_mask=E"":2}"
   1490944,        20,         0,    61.5,decoder_by_matrix,5c8c81bfec719079c388cedc47a351f264c1bf769ae28a89f9b4fc7719fea501,"{""distance"":3,""physical_error_rate"":0.0005}","{""detection_events"":107694,""detectors_checked"":80510976,""obs_mistake_mask=E"":20}"
   1982464,         2,         0,    60.7,decoder_by_matrix,36e3cd26fed5ec7649ec51fb08c1a5e7d7f30e615782d954fee045c18a4962ca,"{""distance"":3,""physical_error_rate"":5e-05}","{""detection_events"":14316,""detectors_checked"":107053056,""obs_mistake_mask=E"":2}"
   1486848,        22,         0,    61.7,decoder_by_matrix,5c8c81bfec719079c388cedc47a351f264c1bf769ae28a89f9b4fc7719fea501,"{""distance"":3,""physical_error_rate"":0.0005}","{""detection_events"":109473,""detectors_checked"":80289792,""obs_mistake_mask=E"":22}"
   1946624,         0,         0,    60.8,decoder_by_matrix,36e3cd26fed5ec7649ec51fb08c1a5e7d7f30e615782d954fee045c18a4962ca,"{""distance"":3,""physical_error_rate"":5e-05}","{""detection_events"":15186,""detectors_checked"":105117696}"
   1651712,         3,         0,    61.2,decoder_by_matrix,beec9fd12293a9cfe53c9b61fb8ce2a525e4eed38fa75d132d6dc64699336876,"{""distance"":3,""physical_error_rate"":0.0001}","{""detection_events"":24552,""detectors_checked"":89192448,""obs_mistake_mask=E"":3}"
   1678336,         0,         0,    61.8,decoder_by_matrix,beec9fd12293a9cfe53c9b61fb8ce2a525e4eed38fa75d132d6dc64699336876,"{""distance"":3,""physical_error_rate"":0.0001}","{""detection_events"":23670,""detectors_checked"":90630144}"
   3134464,         1,         0,   117.3,decoder_by_matrix,beec9fd12293a9cfe53c9b61fb8ce2a525e4eed38fa75d132d6dc64699336876,"{""distance"":3,""physical_error_rate"":0.0001}","{""detection_events"":46725,""detectors_checked"":169261056,""obs_mistake_mask=E"":1}"
   3166208,         1,         0,   117.4,decoder_by_matrix,beec9fd12293a9cfe53c9b61fb8ce2a525e4eed38fa75d132d6dc64699336876,"{""distance"":3,""physical_error_rate"":0.0001}","{""detection_events"":47601,""detectors_checked"":170975232,""obs_mistake_mask=E"":1}"
   2826240,        43,         0,   117.2,decoder_by_matrix,5c8c81bfec719079c388cedc47a351f264c1bf769ae28a89f9b4fc7719fea501,"{""distance"":3,""physical_error_rate"":0.0005}","{""detection_events"":204939,""detectors_checked"":152616960,""obs_mistake_mask=E"":43}"
   2833408,        57,         0,   117.4,decoder_by_matrix,5c8c81bfec719079c388cedc47a351f264c1bf769ae28a89f9b4fc7719fea501,"{""distance"":3,""physical_error_rate"":0.0005}","{""detection_events"":208266,""detectors_checked"":153004032,""obs_mistake_mask=E"":57}"
   3779584,         0,         0,   117.6,decoder_by_matrix,36e3cd26fed5ec7649ec51fb08c1a5e7d7f30e615782d954fee045c18a4962ca,"{""distance"":3,""physical_error_rate"":5e-05}","{""detection_events"":27585,""detectors_checked"":204097536}"
   2845696,        56,         0,   117.4,decoder_by_matrix,5c8c81bfec719079c388cedc47a351f264c1bf769ae28a89f9b4fc7719fea501,"{""distance"":3,""physical_error_rate"":0.0005}","{""detection_events"":210879,""detectors_checked"":153667584,""obs_mistake_mask=E"":56}"
   2847744,        51,         0,   116.8,decoder_by_matrix,5c8c81bfec719079c388cedc47a351f264c1bf769ae28a89f9b4fc7719fea501,"{""distance"":3,""physical_error_rate"":0.0005}","{""detection_events"":207876,""detectors_checked"":153778176,""obs_mistake_mask=E"":51}"
   3164160,         3,         0,   116.8,decoder_by_matrix,beec9fd12293a9cfe53c9b61fb8ce2a525e4eed38fa75d132d6dc64699336876,"{""distance"":3,""physical_error_rate"":0.0001}","{""detection_events"":45711,""detectors_checked"":170864640,""obs_mistake_mask=E"":3}"
   3787776,         1,         0,   115.6,decoder_by_matrix,36e3cd26fed5ec7649ec51fb08c1a5e7d7f30e615782d954fee045c18a4962ca,"{""distance"":3,""physical_error_rate"":5e-05}","{""detection_events"":28020,""detectors_checked"":204539904,""obs_mistake_mask=E"":1}"
   3089408,         3,         0,   117.7,decoder_by_matrix,beec9fd12293a9cfe53c9b61fb8ce2a525e4eed38fa75d132d6dc64699336876,"{""distance"":3,""physical_error_rate"":0.0001}","{""detection_events"":44514,""detectors_checked"":166828032,""obs_mistake_mask=E"":3}"
   3749888,         0,         0,   118.0,decoder_by_matrix,36e3cd26fed5ec7649ec51fb08c1a5e7d7f30e615782d954fee045c18a4962ca,"{""distance"":3,""physical_error_rate"":5e-05}","{""detection_events"":27156,""detectors_checked"":202493952}"
   3143680,         3,         0,   117.6,decoder_by_matrix,beec9fd12293a9cfe53c9b61fb8ce2a525e4eed38fa75d132d6dc64699336876,"{""distance"":3,""physical_error_rate"":0.0001}","{""detection_events"":46683,""detectors_checked"":169758720,""obs_mistake_mask=E"":3}"
   3756032,         1,         0,   117.1,decoder_by_matrix,36e3cd26fed5ec7649ec51fb08c1a5e7d7f30e615782d954fee045c18a4962ca,"{""distance"":3,""physical_error_rate"":5e-05}","{""detection_events"":28056,""detectors_checked"":202825728,""obs_mistake_mask=E"":1}"
   3159040,         4,         0,   117.5,decoder_by_matrix,beec9fd12293a9cfe53c9b61fb8ce2a525e4eed38fa75d132d6dc64699336876,"{""distance"":3,""physical_error_rate"":0.0001}","{""detection_events"":45264,""detectors_checked"":170588160,""obs_mistake_mask=E"":4}"
   2828288,        55,         0,   118.3,decoder_by_matrix,5c8c81bfec719079c388cedc47a351f264c1bf769ae28a89f9b4fc7719fea501,"{""distance"":3,""physical_error_rate"":0.0005}","{""detection_events"":205656,""detectors_checked"":152727552,""obs_mistake_mask=E"":55}"
   2836480,        43,         0,   117.3,decoder_by_matrix,5c8c81bfec719079c388cedc47a351f264c1bf769ae28a89f9b4fc7719fea501,"{""distance"":3,""physical_error_rate"":0.0005}","{""detection_events"":207051,""detectors_checked"":153169920,""obs_mistake_mask=E"":43}"
   3774464,         1,         0,   116.1,decoder_by_matrix,36e3cd26fed5ec7649ec51fb08c1a5e7d7f30e615782d954fee045c18a4962ca,"{""distance"":3,""physical_error_rate"":5e-05}","{""detection_events"":27135,""detectors_checked"":203821056,""obs_mistake_mask=E"":1}"
   2822144,        53,         0,   117.7,decoder_by_matrix,5c8c81bfec719079c388cedc47a351f264c1bf769ae28a89f9b4fc7719fea501,"{""distance"":3,""physical_error_rate"":0.0005}","{""detection_events"":207117,""detectors_checked"":152395776,""obs_mistake_mask=E"":53}"
   3174400,         1,         0,   116.4,decoder_by_matrix,beec9fd12293a9cfe53c9b61fb8ce2a525e4eed38fa75d132d6dc64699336876,"{""distance"":3,""physical_error_rate"":0.0001}","{""detection_events"":45735,""detectors_checked"":171417600,""obs_mistake_mask=E"":1}"
   2847744,        36,         0,   117.4,decoder_by_matrix,5c8c81bfec719079c388cedc47a351f264c1bf769ae28a89f9b4fc7719fea501,"{""distance"":3,""physical_error_rate"":0.0005}","{""detection_events"":207918,""detectors_checked"":153778176,""obs_mistake_mask=E"":36}"
   3174400,         2,         0,   117.3,decoder_by_matrix,beec9fd12293a9cfe53c9b61fb8ce2a525e4eed38fa75d132d6dc64699336876,"{""distance"":3,""physical_error_rate"":0.0001}","{""detection_events"":46959,""detectors_checked"":171417600,""obs_mistake_mask=E"":2}"
   2342912,         2,         0,    86.7,decoder_by_matrix,beec9fd12293a9cfe53c9b61fb8ce2a525e4eed38fa75d132d6dc64699336876,"{""distance"":3,""physical_error_rate"":0.0001}","{""detection_events"":34416,""detectors_checked"":126517248,""obs_mistake_mask=E"":2}"
   2779136,         0,         0,    85.5,decoder_by_matrix,36e3cd26fed5ec7649ec51fb08c1a5e7d7f30e615782d954fee045c18a4962ca,"{""distance"":3,""physical_error_rate"":5e-05}","{""detection_events"":20853,""detectors_checked"":150073344}"
   2085888,        33,         0,    86.1,decoder_by_matrix,5c8c81bfec719079c388cedc47a351f264c1bf769ae28a89f9b4fc7719fea501,"{""distance"":3,""physical_error_rate"":0.0005}","{""detection_events"":151194,""detectors_checked"":112637952,""obs_mistake_mask=E"":33}"
   2749440,         1,         0,    85.9,decoder_by_matrix,36e3cd26fed5ec7649ec51fb08c1a5e7d7f30e615782d954fee045c18a4962ca,"{""distance"":3,""physical_error_rate"":5e-05}","{""detection_events"":20523,""detectors_checked"":148469760,""obs_mistake_mask=E"":1}"
   2081792,        28,         0,    86.4,decoder_by_matrix,5c8c81bfec719079c388cedc47a351f264c1bf769ae28a89f9b4fc7719fea501,"{""distance"":3,""physical_error_rate"":0.0005}","{""detection_events"":153810,""detectors_checked"":112416768,""obs_mistake_mask=E"":28}"
   2775040,         2,         0,    86.5,decoder_by_matrix,36e3cd26fed5ec7649ec51fb08c1a5e7d7f30e615782d954fee045c18a4962ca,"{""distance"":3,""physical_error_rate"":5e-05}","{""detection_events"":20178,""detectors_checked"":149852160,""obs_mistake_mask=E"":2}"
   2301952,         2,         0,    87.4,decoder_by_matrix,beec9fd12293a9cfe53c9b61fb8ce2a525e4eed38fa75d132d6dc64699336876,"{""distance"":3,""physical_error_rate"":0.0001}","{""detection_events"":34104,""detectors_checked"":124305408,""obs_mistake_mask=E"":2}"
   2358272,         1,         0,    85.8,decoder_by_matrix,beec9fd12293a9cfe53c9b61fb8ce2a525e4eed38fa75d132d6dc64699336876,"{""distance"":3,""physical_error_rate"":0.0001}","{""detection_events"":33807,""detectors_checked"":127346688,""obs_mistake_mask=E"":1}"
   3771392,         1,         0,   115.8,decoder_by_matrix,36e3cd26fed5ec7649ec51fb08c1a5e7d7f30e615782d954fee045c18a4962ca,"{""distance"":3,""physical_error_rate"":5e-05}","{""detection_events"":26667,""detectors_checked"":203655168,""obs_mistake_mask=E"":1}"
   3734528,         1,         0,   117.0,decoder_by_matrix,36e3cd26fed5ec7649ec51fb08c1a5e7d7f30e615782d954fee045c18a4962ca,"{""distance"":3,""physical_error_rate"":5e-05}","{""detection_events"":27138,""detectors_checked"":201664512,""obs_mistake_mask=E"":1}"
   3779584,         1,         0,   116.5,decoder_by_matrix,36e3cd26fed5ec7649ec51fb08c1a5e7d7f30e615782d954fee045c18a4962ca,"{""distance"":3,""physical_error_rate"":5e-05}","{""detection_events"":27915,""detectors_checked"":204097536,""obs_mistake_mask=E"":1}"
   3143680,         2,         0,   115.9,decoder_by_matrix,beec9fd12293a9cfe53c9b61fb8ce2a525e4eed38fa75d132d6dc64699336876,"{""distance"":3,""physical_error_rate"":0.0001}","{""detection_events"":45780,""detectors_checked"":169758720,""obs_mistake_mask=E"":2}"
   3170304,         0,         0,   118.0,decoder_by_matrix,beec9fd12293a9cfe53c9b61fb8ce2a525e4eed38fa75d132d6dc64699336876,"{""distance"":3,""physical_error_rate"":0.0001}","{""detection_events"":46389,""detectors_checked"":171196416}"
   2827264,        52,         0,   117.1,decoder_by_matrix,5c8c81bfec719079c388cedc47a351f264c1bf769ae28a89f9b4fc7719fea501,"{""distance"":3,""physical_error_rate"":0.0005}","{""detection_events"":205926,""detectors_checked"":152672256,""obs_mistake_mask=E"":52}"
   2833408,        41,         0,   116.5,decoder_by_matrix,5c8c81bfec719079c388cedc47a351f264c1bf769ae28a89f9b4fc7719fea501,"{""distance"":3,""physical_error_rate"":0.0005}","{""detection_events"":203985,""detectors_checked"":153004032,""obs_mistake_mask=E"":41}"
   3763200,         1,         0,   117.0,decoder_by_matrix,36e3cd26fed5ec7649ec51fb08c1a5e7d7f30e615782d954fee045c18a4962ca,"{""distance"":3,""physical_error_rate"":5e-05}","{""detection_events"":28185,""detectors_checked"":203212800,""obs_mistake_mask=E"":1}"
   2846720,        52,         0,   116.9,decoder_by_matrix,5c8c81bfec719079c388cedc47a351f264c1bf769ae28a89f9b4fc7719fea501,"{""distance"":3,""physical_error_rate"":0.0005}","{""detection_events"":207600,""detectors_checked"":153722880,""obs_mistake_mask=E"":52}"
   2844672,        57,         0,   117.2,decoder_by_matrix,5c8c81bfec719079c388cedc47a351f264c1bf769ae28a89f9b4fc7719fea501,"{""distance"":3,""physical_error_rate"":0.0005}","{""detection_events"":208752,""detectors_checked"":153612288,""obs_mistake_mask=E"":57}"
   3179520,         3,         0,   117.2,decoder_by_matrix,beec9fd12293a9cfe53c9b61fb8ce2a525e4eed38fa75d132d6dc64699336876,"{""distance"":3,""physical_error_rate"":0.0001}","{""detection_events"":45906,""detectors_checked"":171694080,""obs_mistake_mask=E"":3}"
   3780608,         2,         0,   117.6,decoder_by_matrix,36e3cd26fed5ec7649ec51fb08c1a5e7d7f30e615782d954fee045c18a4962ca,"{""distance"":3,""physical_error_rate"":5e-05}","{""detection_events"":28647,""detectors_checked"":204152832,""obs_mistake_mask=E"":2}"
   3112960,         2,         0,   115.8,decoder_by_matrix,beec9fd12293a9cfe53c9b61fb8ce2a525e4eed38fa75d132d6dc64699336876,"{""distance"":3,""physical_error_rate"":0.0001}","{""detection_events"":44841,""detectors_checked"":168099840,""obs_mistake_mask=E"":2}"
   3768320,         1,         0,   117.5,decoder_by_matrix,36e3cd26fed5ec7649ec51fb08c1a5e7d7f30e615782d954fee045c18a4962ca,"{""distance"":3,""physical_error_rate"":5e-05}","{""detection_events"":27147,""detectors_checked"":203489280,""obs_mistake_mask=E"":1}"
   3184640,         1,         0,   117.3,decoder_by_matrix,beec9fd12293a9cfe53c9b61fb8ce2a525e4eed38fa75d132d6dc64699336876,"{""distance"":3,""physical_error_rate"":0.0001}","{""detection_events"":46200,""detectors_checked"":171970560,""obs_mistake_mask=E"":1}"
   3812352,         1,         0,   117.5,decoder_by_matrix,36e3cd26fed5ec7649ec51fb08c1a5e7d7f30e615782d954fee045c18a4962ca,"{""distance"":3,""physical_error_rate"":5e-05}","{""detection_events"":26850,""detectors_checked"":205867008,""obs_mistake_mask=E"":1}"
   3132416,         1,         0,   118.3,decoder_by_matrix,beec9fd12293a9cfe53c9b61fb8ce2a525e4eed38fa75d132d6dc64699336876,"{""distance"":3,""physical_error_rate"":0.0001}","{""detection_events"":45462,""detectors_checked"":169150464,""obs_mistake_mask=E"":1}"
   2835456,        52,         0,   117.3,decoder_by_matrix,5c8c81bfec719079c388cedc47a351f264c1bf769ae28a89f9b4fc7719fea501,"{""distance"":3,""physical_error_rate"":0.0005}","{""detection_events"":205725,""detectors_checked"":153114624,""obs_mistake_mask=E"":52}"
   2824192,        40,         0,   117.5,decoder_by_matrix,5c8c81bfec719079c388cedc47a351f264c1bf769ae28a89f9b4fc7719fea501,"{""distance"":3,""physical_error_rate"":0.0005}","{""detection_events"":207309,""detectors_checked"":152506368,""obs_mistake_mask=E"":40}"
   2823168,        46,         0,   117.5,decoder_by_matrix,5c8c81bfec719079c388cedc47a351f264c1bf769ae28a89f9b4fc7719fea501,"{""distance"":3,""physical_error_rate"":0.0005}","{""detection_events"":205005,""detectors_checked"":152451072,""obs_mistake_mask=E"":46}"
   3782656,         1,         0,   116.8,decoder_by_matrix,36e3cd26fed5ec7649ec51fb08c1a5e7d7f30e615782d954fee045c18a4962ca,"{""distance"":3,""physical_error_rate"":5e-05}","{""detection_events"":27654,""detectors_checked"":204263424,""obs_mistake_mask=E"":1}"
   3183616,         0,         0,   117.9,decoder_by_matrix,beec9fd12293a9cfe53c9b61fb8ce2a525e4eed38fa75d132d6dc64699336876,"{""distance"":3,""physical_error_rate"":0.0001}","{""detection_events"":46254,""detectors_checked"":171915264}"
   2844672,        56,         0,   117.1,decoder_by_matrix,5c8c81bfec719079c388cedc47a351f264c1bf769ae28a89f9b4fc7719fea501,"{""distance"":3,""physical_error_rate"":0.0005}","{""detection_events"":206667,""detectors_checked"":153612288,""obs_mistake_mask=E"":56}"
   3179520,         1,         0,   117.1,decoder_by_matrix,beec9fd12293a9cfe53c9b61fb8ce2a525e4eed38fa75d132d6dc64699336876,"{""distance"":3,""physical_error_rate"":0.0001}","{""detection_events"":46497,""detectors_checked"":171694080,""obs_mistake_mask=E"":1}"
   3161088,         1,         0,   116.8,decoder_by_matrix,beec9fd12293a9cfe53c9b61fb8ce2a525e4eed38fa75d132d6dc64699336876,"{""distance"":3,""physical_error_rate"":0.0001}","{""detection_events"":46704,""detectors_checked"":170698752,""obs_mistake_mask=E"":1}"
   3772416,         0,         0,   117.5,decoder_by_matrix,36e3cd26fed5ec7649ec51fb08c1a5e7d7f30e615782d954fee045c18a4962ca,"{""distance"":3,""physical_error_rate"":5e-05}","{""detection_events"":28398,""detectors_checked"":203710464}"
   2837504,        53,         0,   117.2,decoder_by_matrix,5c8c81bfec719079c388cedc47a351f264c1bf769ae28a89f9b4fc7719fea501,"{""distance"":3,""physical_error_rate"":0.0005}","{""detection_events"":206631,""detectors_checked"":153225216,""obs_mistake_mask=E"":53}"
   3771392,         0,         0,   117.5,decoder_by_matrix,36e3cd26fed5ec7649ec51fb08c1a5e7d7f30e615782d954fee045c18a4962ca,"{""distance"":3,""physical_error_rate"":5e-05}","{""detection_events"":27321,""detectors_checked"":203655168}"
   2832384,        49,         0,   117.0,decoder_by_matrix,5c8c81bfec719079c388cedc47a351f264c1bf769ae28a89f9b4fc7719fea501,"{""distance"":3,""physical_error_rate"":0.0005}","{""detection_events"":204510,""detectors_checked"":152948736,""obs_mistake_mask=E"":49}"
   3750912,         1,         0,   116.6,decoder_by_matrix,36e3cd26fed5ec7649ec51fb08c1a5e7d7f30e615782d954fee045c18a4962ca,"{""distance"":3,""physical_error_rate"":5e-05}","{""detection_events"":28215,""detectors_checked"":202549248,""obs_mistake_mask=E"":1}"
   3139584,         3,         0,   117.3,decoder_by_matrix,beec9fd12293a9cfe53c9b61fb8ce2a525e4eed38fa75d132d6dc64699336876,"{""distance"":3,""physical_error_rate"":0.0001}","{""detection_events"":46101,""detectors_checked"":169537536,""obs_mistake_mask=E"":3}"
   3184640,         3,         0,   117.4,decoder_by_matrix,beec9fd12293a9cfe53c9b61fb8ce2a525e4eed38fa75d132d6dc64699336876,"{""distance"":3,""physical_error_rate"":0.0001}","{""detection_events"":46863,""detectors_checked"":171970560,""obs_mistake_mask=E"":3}"
   3758080,         2,         0,   117.7,decoder_by_matrix,36e3cd26fed5ec7649ec51fb08c1a5e7d7f30e615782d954fee045c18a4962ca,"{""distance"":3,""physical_error_rate"":5e-05}","{""detection_events"":28068,""detectors_checked"":202936320,""obs_mistake_mask=E"":2}"
   3767296,         0,         0,   116.7,decoder_by_matrix,36e3cd26fed5ec7649ec51fb08c1a5e7d7f30e615782d954fee045c18a4962ca,"{""distance"":3,""physical_error_rate"":5e-05}","{""detection_events"":27924,""detectors_checked"":203433984}"
   3764224,         0,         0,   117.4,decoder_by_matrix,36e3cd26fed5ec7649ec51fb08c1a5e7d7f30e615782d954fee045c18a4962ca,"{""distance"":3,""physical_error_rate"":5e-05}","{""detection_events"":27996,""detectors_checked"":203268096}"
   3177472,         2,         0,   117.7,decoder_by_matrix,beec9fd12293a9cfe53c9b61fb8ce2a525e4eed38fa75d132d6dc64699336876,"{""distance"":3,""physical_error_rate"":0.0001}","{""detection_events"":45171,""detectors_checked"":171583488,""obs_mistake_mask=E"":2}"
   3133440,         3,         0,   117.5,decoder_by_matrix,beec9fd12293a9cfe53c9b61fb8ce2a525e4eed38fa75d132d6dc64699336876,"{""distance"":3,""physical_error_rate"":0.0001}","{""detection_events"":45888,""detectors_checked"":169205760,""obs_mistake_mask=E"":3}"
   2828288,        46,         0,   118.2,decoder_by_matrix,5c8c81bfec719079c388cedc47a351f264c1bf769ae28a89f9b4fc7719fea501,"{""distance"":3,""physical_error_rate"":0.0005}","{""detection_events"":205743,""detectors_checked"":152727552,""obs_mistake_mask=E"":46}"
   2833408,        62,         0,   117.0,decoder_by_matrix,5c8c81bfec719079c388cedc47a351f264c1bf769ae28a89f9b4fc7719fea501,"{""distance"":3,""physical_error_rate"":0.0005}","{""detection_events"":205236,""detectors_checked"":153004032,""obs_mistake_mask=E"":62}"
   1653760,        34,         0,    68.3,decoder_by_matrix,5c8c81bfec719079c388cedc47a351f264c1bf769ae28a89f9b4fc7719fea501,"{""distance"":3,""physical_error_rate"":0.0005}","{""detection_events"":120924,""detectors_checked"":89303040,""obs_mistake_mask=E"":34}"
   1659904,        15,         0,    68.6,decoder_by_matrix,5c8c81bfec719079c388cedc47a351f264c1bf769ae28a89f9b4fc7719fea501,"{""distance"":3,""physical_error_rate"":0.0005}","{""detection_events"":120423,""detectors_checked"":89634816,""obs_mistake_mask=E"":15}"
   1329152,        23,         0,    55.0,decoder_by_matrix,5c8c81bfec719079c388cedc47a351f264c1bf769ae28a89f9b4fc7719fea501,"{""distance"":3,""physical_error_rate"":0.0005}","{""detection_events"":97176,""detectors_checked"":71774208,""obs_mistake_mask=E"":23}"
      3072,         0,         0,   0.130,decoder_by_matrix,5c8c81bfec719079c388cedc47a351f264c1bf769ae28a89f9b4fc7719fea501,"{""distance"":3,""physical_error_rate"":0.0005}","{""detection_events"":165,""detectors_checked"":165888}"
   1368064,        27,         0,    56.4,decoder_by_matrix,5c8c81bfec719079c388cedc47a351f264c1bf769ae28a89f9b4fc7719fea501,"{""distance"":3,""physical_error_rate"":0.0005}","{""detection_events"":100455,""detectors_checked"":73875456,""obs_mistake_mask=E"":27}"
   1336320,        24,         0,    55.7,decoder_by_matrix,5c8c81bfec719079c388cedc47a351f264c1bf769ae28a89f9b4fc7719fea501,"{""distance"":3,""physical_error_rate"":0.0005}","{""detection_events"":97665,""detectors_checked"":72161280,""obs_mistake_mask=E"":24}"
   1693696,        32,         0,    69.6,decoder_by_matrix,5c8c81bfec719079c388cedc47a351f264c1bf769ae28a89f9b4fc7719fea501,"{""distance"":3,""physical_error_rate"":0.0005}","{""detection_events"":123972,""detectors_checked"":91459584,""obs_mistake_mask=E"":32}"
   1697792,        20,         0,    69.7,decoder_by_matrix,5c8c81bfec719079c388cedc47a351f264c1bf769ae28a89f9b4fc7719fea501,"{""distance"":3,""physical_error_rate"":0.0005}","{""detection_events"":123840,""detectors_checked"":91680768,""obs_mistake_mask=E"":20}"
   1369088,        25,         0,    57.3,decoder_by_matrix,5c8c81bfec719079c388cedc47a351f264c1bf769ae28a89f9b4fc7719fea501,"{""distance"":3,""physical_error_rate"":0.0005}","{""detection_events"":98880,""detectors_checked"":73930752,""obs_mistake_mask=E"":25}"
         1,         0,         0,   0.000,decoder_by_matrix,36e3cd26fed5ec7649ec51fb08c1a5e7d7f30e615782d954fee045c18a4962ca,"{""distance"":3,""physical_error_rate"":5e-05}","{""detectors_checked"":54}"
      6416,         0,         0,   0.061,decoder_by_matrix,36e3cd26fed5ec7649ec51fb08c1a5e7d7f30e615782d954fee045c18a4962ca,"{""distance"":3,""physical_error_rate"":5e-05}","{""detection_events"":51,""detectors_checked"":346464}"
         1,         0,         0,   0.000,decoder_by_matrix,36e3cd26fed5ec7649ec51fb08c1a5e7d7f30e615782d954fee045c18a4962ca,"{""distance"":3,""physical_error_rate"":5e-05}","{""detectors_checked"":54}"
         1,         0,         0,   0.000,decoder_by_matrix,36e3cd26fed5ec7649ec51fb08c1a5e7d7f30e615782d954fee045c18a4962ca,"{""distance"":3,""physical_error_rate"":5e-05}","{""detectors_checked"":54}"
         1,         0,         0,   0.000,decoder_by_matrix,beec9fd12293a9cfe53c9b61fb8ce2a525e4eed38fa75d132d6dc64699336876,"{""distance"":3,""physical_error_rate"":0.0001}","{""detectors_checked"":54}"
         1,         0,         0,   0.000,decoder_by_matrix,beec9fd12293a9cfe53c9b61fb8ce2a525e4eed38fa75d132d6dc64699336876,"{""distance"":3,""physical_error_rate"":0.0001}","{""detectors_checked"":54}"
         1,         0,         0,   0.000,decoder_by_matrix,36e3cd26fed5ec7649ec51fb08c1a5e7d7f30e615782d954fee045c18a4962ca,"{""distance"":3,""physical_error_rate"":5e-05}","{""detectors_checked"":54}"
         1,         0,         0,   0.000,decoder_by_matrix,beec9fd12293a9cfe53c9b61fb8ce2a525e4eed38fa75d132d6dc64699336876,"{""distance"":3,""physical_error_rate"":0.0001}","{""detectors_checked"":54}"
         1,         0,         0,   0.000,decoder_by_matrix,beec9fd12293a9cfe53c9b61fb8ce2a525e4eed38fa75d132d6dc64699336876,"{""distance"":3,""physical_error_rate"":0.0001}","{""detectors_checked"":54}"
         1,         0,         0,   0.000,decoder_by_matrix,beec9fd12293a9cfe53c9b61fb8ce2a525e4eed38fa75d132d6dc64699336876,"{""distance"":3,""physical_error_rate"":0.0001}","{""detectors_checked"":54}"
      4368,         0,         0,   0.031,decoder_by_matrix,36e3cd26fed5ec7649ec51fb08c1a5e7d7f30e615782d954fee045c18a4962ca,"{""distance"":3,""physical_error_rate"":5e-05}","{""detection_events"":18,""detectors_checked"":235872}"
      4368,         0,         0,   0.032,decoder_by_matrix,36e3cd26fed5ec7649ec51fb08c1a5e7d7f30e615782d954fee045c18a4962ca,"{""distance"":3,""physical_error_rate"":5e-05}","{""detection_events"":57,""detectors_checked"":235872}"
      3344,         0,         0,   0.032,decoder_by_matrix,beec9fd12293a9cfe53c9b61fb8ce2a525e4eed38fa75d132d6dc64699336876,"{""distance"":3,""physical_error_rate"":0.0001}","{""detection_events"":57,""detectors_checked"":180576}"
      3344,         0,         0,   0.033,decoder_by_matrix,beec9fd12293a9cfe53c9b61fb8ce2a525e4eed38fa75d132d6dc64699336876,"{""distance"":3,""physical_error_rate"":0.0001}","{""detection_events"":72,""detectors_checked"":180576}"
      4369,         0,         0,   0.157,decoder_by_matrix,36e3cd26fed5ec7649ec51fb08c1a5e7d7f30e615782d954fee045c18a4962ca,"{""distance"":3,""physical_error_rate"":5e-05}","{""detection_events"":51,""detectors_checked"":235926}"
      5392,         0,         0,   0.062,decoder_by_matrix,36e3cd26fed5ec7649ec51fb08c1a5e7d7f30e615782d954fee045c18a4962ca,"{""distance"":3,""physical_error_rate"":5e-05}","{""detection_events"":9,""detectors_checked"":291168}"
      4368,         0,         0,   0.063,decoder_by_matrix,beec9fd12293a9cfe53c9b61fb8ce2a525e4eed38fa75d132d6dc64699336876,"{""distance"":3,""physical_error_rate"":0.0001}","{""detection_events"":33,""detectors_checked"":235872}"
      3344,         0,         0,   0.074,decoder_by_matrix,beec9fd12293a9cfe53c9b61fb8ce2a525e4eed38fa75d132d6dc64699336876,"{""distance"":3,""physical_error_rate"":0.0001}","{""detection_events"":42,""detectors_checked"":180576}"
      3344,         0,         0,   0.074,decoder_by_matrix,beec9fd12293a9cfe53c9b61fb8ce2a525e4eed38fa75d132d6dc64699336876,"{""distance"":3,""physical_error_rate"":0.0001}","{""detection_events"":42,""detectors_checked"":180576}"
      5120,         0,         0,   0.099,decoder_by_matrix,36e3cd26fed5ec7649ec51fb08c1a5e7d7f30e615782d954fee045c18a4962ca,"{""distance"":3,""physical_error_rate"":5e-05}","{""detection_events"":18,""detectors_checked"":276480}"
      3072,         0,         0,   0.153,decoder_by_matrix,36e3cd26fed5ec7649ec51fb08c1a5e7d7f30e615782d954fee045c18a4962ca,"{""distance"":3,""physical_error_rate"":5e-05}","{""detection_events"":27,""detectors_checked"":165888}"
      4096,         0,         0,   0.111,decoder_by_matrix,36e3cd26fed5ec7649ec51fb08c1a5e7d7f30e615782d954fee045c18a4962ca,"{""distance"":3,""physical_error_rate"":5e-05}","{""detection_events"":12,""detectors_checked"":221184}"
      5120,         0,         0,   0.138,decoder_by_matrix,beec9fd12293a9cfe53c9b61fb8ce2a525e4eed38fa75d132d6dc64699336876,"{""distance"":3,""physical_error_rate"":0.0001}","{""detection_events"":33,""detectors_checked"":276480}"
      4096,         0,         0,   0.137,decoder_by_matrix,beec9fd12293a9cfe53c9b61fb8ce2a525e4eed38fa75d132d6dc64699336876,"{""distance"":3,""physical_error_rate"":0.0001}","{""detection_events"":57,""detectors_checked"":221184}"
      5120,         0,         0,   0.121,decoder_by_matrix,36e3cd26fed5ec7649ec51fb08c1a5e7d7f30e615782d954fee045c18a4962ca,"{""distance"":3,""physical_error_rate"":5e-05}","{""detection_events"":21,""detectors_checked"":276480}"
      3072,         0,         0,   0.125,decoder_by_matrix,36e3cd26fed5ec7649ec51fb08c1a5e7d7f30e615782d954fee045c18a4962ca,"{""distance"":3,""physical_error_rate"":5e-05}","{""detection_events"":39,""detectors_checked"":165888}"
      3072,         0,         0,   0.124,decoder_by_matrix,beec9fd12293a9cfe53c9b61fb8ce2a525e4eed38fa75d132d6dc64699336876,"{""distance"":3,""physical_error_rate"":0.0001}","{""detection_events"":30,""detectors_checked"":165888}"
      3072,         0,         0,   0.125,decoder_by_matrix,beec9fd12293a9cfe53c9b61fb8ce2a525e4eed38fa75d132d6dc64699336876,"{""distance"":3,""physical_error_rate"":0.0001}","{""detection_events"":66,""detectors_checked"":165888}"
      3072,         0,         0,   0.129,decoder_by_matrix,beec9fd12293a9cfe53c9b61fb8ce2a525e4eed38fa75d132d6dc64699336876,"{""distance"":3,""physical_error_rate"":0.0001}","{""detection_events"":54,""detectors_checked"":165888}"
      3072,         0,         0,   0.132,decoder_by_matrix,36e3cd26fed5ec7649ec51fb08c1a5e7d7f30e615782d954fee045c18a4962ca,"{""distance"":3,""physical_error_rate"":5e-05}","{""detection_events"":15,""detectors_checked"":165888}"
      3072,         0,         0,   0.134,decoder_by_matrix,36e3cd26fed5ec7649ec51fb08c1a5e7d7f30e615782d954fee045c18a4962ca,"{""distance"":3,""physical_error_rate"":5e-05}","{""detection_events"":45,""detectors_checked"":165888}"
      4096,         0,         0,   0.129,decoder_by_matrix,36e3cd26fed5ec7649ec51fb08c1a5e7d7f30e615782d954fee045c18a4962ca,"{""distance"":3,""physical_error_rate"":5e-05}","{""detection_events"":33,""detectors_checked"":221184}"
      3072,         0,         0,   0.129,decoder_by_matrix,beec9fd12293a9cfe53c9b61fb8ce2a525e4eed38fa75d132d6dc64699336876,"{""distance"":3,""physical_error_rate"":0.0001}","{""detection_events"":51,""detectors_checked"":165888}"
      3072,         0,         0,   0.129,decoder_by_matrix,beec9fd12293a9cfe53c9b61fb8ce2a525e4eed38fa75d132d6dc64699336876,"{""distance"":3,""physical_error_rate"":0.0001}","{""detection_events"":27,""detectors_checked"":165888}"
      4096,         0,         0,   0.128,decoder_by_matrix,36e3cd26fed5ec7649ec51fb08c1a5e7d7f30e615782d954fee045c18a4962ca,"{""distance"":3,""physical_error_rate"":5e-05}","{""detection_events"":45,""detectors_checked"":221184}"
      3072,         0,         0,   0.129,decoder_by_matrix,36e3cd26fed5ec7649ec51fb08c1a5e7d7f30e615782d954fee045c18a4962ca,"{""distance"":3,""physical_error_rate"":5e-05}","{""detection_events"":15,""detectors_checked"":165888}"
      4096,         0,         0,   0.129,decoder_by_matrix,beec9fd12293a9cfe53c9b61fb8ce2a525e4eed38fa75d132d6dc64699336876,"{""distance"":3,""physical_error_rate"":0.0001}","{""detection_events"":33,""detectors_checked"":221184}"
      4096,         0,         0,   0.129,decoder_by_matrix,beec9fd12293a9cfe53c9b61fb8ce2a525e4eed38fa75d132d6dc64699336876,"{""distance"":3,""physical_error_rate"":0.0001}","{""detection_events"":75,""detectors_checked"":221184}"
      3072,         0,         0,   0.129,decoder_by_matrix,beec9fd12293a9cfe53c9b61fb8ce2a525e4eed38fa75d132d6dc64699336876,"{""distance"":3,""physical_error_rate"":0.0001}","{""detection_events"":45,""detectors_checked"":165888}"
      5120,         0,         0,   0.112,decoder_by_matrix,36e3cd26fed5ec7649ec51fb08c1a5e7d7f30e615782d954fee045c18a4962ca,"{""distance"":3,""physical_error_rate"":5e-05}","{""detection_events"":21,""detectors_checked"":276480}"
      4096,         0,         0,   0.134,decoder_by_matrix,36e3cd26fed5ec7649ec51fb08c1a5e7d7f30e615782d954fee045c18a4962ca,"{""distance"":3,""physical_error_rate"":5e-05}","{""detection_events"":24,""detectors_checked"":221184}"
      3072,         0,         0,   0.128,decoder_by_matrix,36e3cd26fed5ec7649ec51fb08c1a5e7d7f30e615782d954fee045c18a4962ca,"{""distance"":3,""physical_error_rate"":5e-05}","{""detection_events"":33,""detectors_checked"":165888}"
      4096,         0,         0,   0.129,decoder_by_matrix,beec9fd12293a9cfe53c9b61fb8ce2a525e4eed38fa75d132d6dc64699336876,"{""distance"":3,""physical_error_rate"":0.0001}","{""detection_events"":57,""detectors_checked"":221184}"
      4096,         0,         0,   0.129,decoder_by_matrix,beec9fd12293a9cfe53c9b61fb8ce2a525e4eed38fa75d132d6dc64699336876,"{""distance"":3,""physical_error_rate"":0.0001}","{""detection_events"":24,""detectors_checked"":221184}"
      3072,         0,         0,   0.129,decoder_by_matrix,36e3cd26fed5ec7649ec51fb08c1a5e7d7f30e615782d954fee045c18a4962ca,"{""distance"":3,""physical_error_rate"":5e-05}","{""detection_events"":24,""detectors_checked"":165888}"
      4096,         0,         0,   0.004,decoder_by_matrix,36e3cd26fed5ec7649ec51fb08c1a5e7d7f30e615782d954fee045c18a4962ca,"{""distance"":3,""physical_error_rate"":5e-05}","{""detection_events"":48,""detectors_checked"":221184}"
      3072,         0,         0,   0.129,decoder_by_matrix,beec9fd12293a9cfe53c9b61fb8ce2a525e4eed38fa75d132d6dc64699336876,"{""distance"":3,""physical_error_rate"":0.0001}","{""detection_events"":84,""detectors_checked"":165888}"
      3072,         0,         0,   0.129,decoder_by_matrix,beec9fd12293a9cfe53c9b61fb8ce2a525e4eed38fa75d132d6dc64699336876,"{""distance"":3,""physical_error_rate"":0.0001}","{""detection_events"":51,""detectors_checked"":165888}"
      3072,         0,         0,   0.129,decoder_by_matrix,beec9fd12293a9cfe53c9b61fb8ce2a525e4eed38fa75d132d6dc64699336876,"{""distance"":3,""physical_error_rate"":0.0001}","{""detection_events"":36,""detectors_checked"":165888}"
      3072,         0,         0,   0.121,decoder_by_matrix,36e3cd26fed5ec7649ec51fb08c1a5e7d7f30e615782d954fee045c18a4962ca,"{""distance"":3,""physical_error_rate"":5e-05}","{""detection_events"":15,""detectors_checked"":165888}"
      3072,         0,         0,   0.129,decoder_by_matrix,36e3cd26fed5ec7649ec51fb08c1a5e7d7f30e615782d954fee045c18a4962ca,"{""distance"":3,""physical_error_rate"":5e-05}","{""detection_events"":36,""detectors_checked"":165888}"
      6144,         0,         0,   0.129,decoder_by_matrix,36e3cd26fed5ec7649ec51fb08c1a5e7d7f30e615782d954fee045c18a4962ca,"{""distance"":3,""physical_error_rate"":5e-05}","{""detection_events"":15,""detectors_checked"":331776}"
      5120,         0,         0,   0.129,decoder_by_matrix,beec9fd12293a9cfe53c9b61fb8ce2a525e4eed38fa75d132d6dc64699336876,"{""distance"":3,""physical_error_rate"":0.0001}","{""detection_events"":18,""detectors_checked"":276480}"
      3072,         0,         0,   0.128,decoder_by_matrix,beec9fd12293a9cfe53c9b61fb8ce2a525e4eed38fa75d132d6dc64699336876,"{""distance"":3,""physical_error_rate"":0.0001}","{""detection_events"":78,""detectors_checked"":165888}"
      3072,         0,         0,   0.128,decoder_by_matrix,36e3cd26fed5ec7649ec51fb08c1a5e7d7f30e615782d954fee045c18a4962ca,"{""distance"":3,""physical_error_rate"":5e-05}","{""detection_events"":15,""detectors_checked"":165888}"
      3072,         0,         0,   0.004,decoder_by_matrix,36e3cd26fed5ec7649ec51fb08c1a5e7d7f30e615782d954fee045c18a4962ca,"{""distance"":3,""physical_error_rate"":5e-05}","{""detection_events"":21,""detectors_checked"":165888}"
      4096,         0,         0,   0.128,decoder_by_matrix,beec9fd12293a9cfe53c9b61fb8ce2a525e4eed38fa75d132d6dc64699336876,"{""distance"":3,""physical_error_rate"":0.0001}","{""detection_events"":63,""detectors_checked"":221184}"
      4096,         0,         0,   0.116,decoder_by_matrix,beec9fd12293a9cfe53c9b61fb8ce2a525e4eed38fa75d132d6dc64699336876,"{""distance"":3,""physical_error_rate"":0.0001}","{""detection_events"":45,""detectors_checked"":221184}"
      3072,         0,         0,   0.131,decoder_by_matrix,beec9fd12293a9cfe53c9b61fb8ce2a525e4eed38fa75d132d6dc64699336876,"{""distance"":3,""physical_error_rate"":0.0001}","{""detection_events"":33,""detectors_checked"":165888}"
      4096,         0,         0,   0.126,decoder_by_matrix,36e3cd26fed5ec7649ec51fb08c1a5e7d7f30e615782d954fee045c18a4962ca,"{""distance"":3,""physical_error_rate"":5e-05}","{""detection_events"":12,""detectors_checked"":221184}"
      3072,         0,         0,   0.130,decoder_by_matrix,36e3cd26fed5ec7649ec51fb08c1a5e7d7f30e615782d954fee045c18a4962ca,"{""distance"":3,""physical_error_rate"":5e-05}","{""detection_events"":45,""detectors_checked"":165888}"
      3072,         0,         0,   0.131,decoder_by_matrix,36e3cd26fed5ec7649ec51fb08c1a5e7d7f30e615782d954fee045c18a4962ca,"{""distance"":3,""physical_error_rate"":5e-05}","{""detection_events"":30,""detectors_checked"":165888}"
      4096,         0,         0,   0.107,decoder_by_matrix,36e3cd26fed5ec7649ec51fb08c1a5e7d7f30e615782d954fee045c18a4962ca,"{""distance"":3,""physical_error_rate"":5e-05}","{""detection_events"":24,""detectors_checked"":221184}"
      3072,         0,         0,   0.084,decoder_by_matrix,beec9fd12293a9cfe53c9b61fb8ce2a525e4eed38fa75d132d6dc64699336876,"{""distance"":3,""physical_error_rate"":0.0001}","{""detection_events"":21,""detectors_checked"":165888}"
      4096,         0,         0,   0.144,decoder_by_matrix,beec9fd12293a9cfe53c9b61fb8ce2a525e4eed38fa75d132d6dc64699336876,"{""distance"":3,""physical_error_rate"":0.0001}","{""detection_events"":54,""detectors_checked"":221184}"
      4096,         0,         0,   0.145,decoder_by_matrix,beec9fd12293a9cfe53c9b61fb8ce2a525e4eed38fa75d132d6dc64699336876,"{""distance"":3,""physical_error_rate"":0.0001}","{""detection_events"":36,""detectors_checked"":221184}"
      3072,         0,         0,   0.126,decoder_by_matrix,beec9fd12293a9cfe53c9b61fb8ce2a525e4eed38fa75d132d6dc64699336876,"{""distance"":3,""physical_error_rate"":0.0001}","{""detection_events"":51,""detectors_checked"":165888}"
      3072,         0,         0,   0.149,decoder_by_matrix,beec9fd12293a9cfe53c9b61fb8ce2a525e4eed38fa75d132d6dc64699336876,"{""distance"":3,""physical_error_rate"":0.0001}","{""detection_events"":39,""detectors_checked"":165888}"
      5120,         0,         0,   0.130,decoder_by_matrix,36e3cd26fed5ec7649ec51fb08c1a5e7d7f30e615782d954fee045c18a4962ca,"{""distance"":3,""physical_error_rate"":5e-05}","{""detection_events"":15,""detectors_checked"":276480}"
      6144,         0,         0,   0.177,decoder_by_matrix,36e3cd26fed5ec7649ec51fb08c1a5e7d7f30e615782d954fee045c18a4962ca,"{""distance"":3,""physical_error_rate"":5e-05}","{""detection_events"":33,""detectors_checked"":331776}"
      4096,         0,         0,   0.130,decoder_by_matrix,36e3cd26fed5ec7649ec51fb08c1a5e7d7f30e615782d954fee045c18a4962ca,"{""distance"":3,""physical_error_rate"":5e-05}","{""detection_events"":24,""detectors_checked"":221184}"
      5120,         0,         0,   0.130,decoder_by_matrix,36e3cd26fed5ec7649ec51fb08c1a5e7d7f30e615782d954fee045c18a4962ca,"{""distance"":3,""physical_error_rate"":5e-05}","{""detection_events"":21,""detectors_checked"":276480}"
      4096,         0,         0,   0.134,decoder_by_matrix,36e3cd26fed5ec7649ec51fb08c1a5e7d7f30e615782d954fee045c18a4962ca,"{""distance"":3,""physical_error_rate"":5e-05}","{""detection_events"":12,""detectors_checked"":221184}"
      3072,         0,         0,   0.121,decoder_by_matrix,beec9fd12293a9cfe53c9b61fb8ce2a525e4eed38fa75d132d6dc64699336876,"{""distance"":3,""physical_error_rate"":0.0001}","{""detection_events"":30,""detectors_checked"":165888}"
      3072,         0,         0,   0.157,decoder_by_matrix,beec9fd12293a9cfe53c9b61fb8ce2a525e4eed38fa75d132d6dc64699336876,"{""distance"":3,""physical_error_rate"":0.0001}","{""detection_events"":51,""detectors_checked"":165888}"
      3072,         0,         0,   0.125,decoder_by_matrix,beec9fd12293a9cfe53c9b61fb8ce2a525e4eed38fa75d132d6dc64699336876,"{""distance"":3,""physical_error_rate"":0.0001}","{""detection_events"":48,""detectors_checked"":165888}"
      3072,         0,         0,   0.157,decoder_by_matrix,beec9fd12293a9cfe53c9b61fb8ce2a525e4eed38fa75d132d6dc64699336876,"{""distance"":3,""physical_error_rate"":0.0001}","{""detection_events"":99,""detectors_checked"":165888}"
      4096,         0,         0,   0.129,decoder_by_matrix,beec9fd12293a9cfe53c9b61fb8ce2a525e4eed38fa75d132d6dc64699336876,"{""distance"":3,""physical_error_rate"":0.0001}","{""detection_events"":51,""detectors_checked"":221184}"
      3072,         0,         0,   0.128,decoder_by_matrix,36e3cd26fed5ec7649ec51fb08c1a5e7d7f30e615782d954fee045c18a4962ca,"{""distance"":3,""physical_error_rate"":5e-05}","{""detection_events"":18,""detectors_checked"":165888}"
      5120,         0,         0,   0.122,decoder_by_matrix,36e3cd26fed5ec7649ec51fb08c1a5e7d7f30e615782d954fee045c18a4962ca,"{""distance"":3,""physical_error_rate"":5e-05}","{""detection_events"":27,""detectors_checked"":276480}"
      8192,         0,         0,   0.259,decoder_by_matrix,36e3cd26fed5ec7649ec51fb08c1a5e7d7f30e615782d954fee045c18a4962ca,"{""distance"":3,""physical_error_rate"":5e-05}","{""detection_events"":63,""detectors_checked"":442368}"
      9216,         0,         0,   0.259,decoder_by_matrix,36e3cd26fed5ec7649ec51fb08c1a5e7d7f30e615782d954fee045c18a4962ca,"{""distance"":3,""physical_error_rate"":5e-05}","{""detection_events"":69,""detectors_checked"":497664}"
      7168,         0,         0,   0.258,decoder_by_matrix,36e3cd26fed5ec7649ec51fb08c1a5e7d7f30e615782d954fee045c18a4962ca,"{""distance"":3,""physical_error_rate"":5e-05}","{""detection_events"":66,""detectors_checked"":387072}"
      6144,         0,         0,   0.254,decoder_by_matrix,beec9fd12293a9cfe53c9b61fb8ce2a525e4eed38fa75d132d6dc64699336876,"{""distance"":3,""physical_error_rate"":0.0001}","{""detection_events"":90,""detectors_checked"":331776}"
      4096,         0,         0,   0.152,decoder_by_matrix,36e3cd26fed5ec7649ec51fb08c1a5e7d7f30e615782d954fee045c18a4962ca,"{""distance"":3,""physical_error_rate"":5e-05}","{""detection_events"":6,""detectors_checked"":221184}"
      6144,         0,         0,   0.259,decoder_by_matrix,beec9fd12293a9cfe53c9b61fb8ce2a525e4eed38fa75d132d6dc64699336876,"{""distance"":3,""physical_error_rate"":0.0001}","{""detection_events"":108,""detectors_checked"":331776}"
      7168,         0,         0,   0.258,decoder_by_matrix,beec9fd12293a9cfe53c9b61fb8ce2a525e4eed38fa75d132d6dc64699336876,"{""distance"":3,""physical_error_rate"":0.0001}","{""detection_events"":111,""detectors_checked"":387072}"
      7168,         0,         0,   0.258,decoder_by_matrix,beec9fd12293a9cfe53c9b61fb8ce2a525e4eed38fa75d132d6dc64699336876,"{""distance"":3,""physical_error_rate"":0.0001}","{""detection_events"":102,""detectors_checked"":387072}"
      6144,         1,         0,   0.259,decoder_by_matrix,beec9fd12293a9cfe53c9b61fb8ce2a525e4eed38fa75d132d6dc64699336876,"{""distance"":3,""physical_error_rate"":0.0001}","{""detection_events"":129,""detectors_checked"":331776,""obs_mistake_mask=E"":1}"
      9216,         0,         0,   0.259,decoder_by_matrix,36e3cd26fed5ec7649ec51fb08c1a5e7d7f30e615782d954fee045c18a4962ca,"{""distance"":3,""physical_error_rate"":5e-05}","{""detection_events"":87,""detectors_checked"":497664}"
      8192,         0,         0,   0.257,decoder_by_matrix,36e3cd26fed5ec7649ec51fb08c1a5e7d7f30e615782d954fee045c18a4962ca,"{""distance"":3,""physical_error_rate"":5e-05}","{""detection_events"":84,""detectors_checked"":442368}"
      8192,         0,         0,   0.260,decoder_by_matrix,36e3cd26fed5ec7649ec51fb08c1a5e7d7f30e615782d954fee045c18a4962ca,"{""distance"":3,""physical_error_rate"":5e-05}","{""detection_events"":69,""detectors_checked"":442368}"
      8192,         0,         0,   0.262,decoder_by_matrix,36e3cd26fed5ec7649ec51fb08c1a5e7d7f30e615782d954fee045c18a4962ca,"{""distance"":3,""physical_error_rate"":5e-05}","{""detection_events"":69,""detectors_checked"":442368}"
      6144,         0,         0,   0.216,decoder_by_matrix,beec9fd12293a9cfe53c9b61fb8ce2a525e4eed38fa75d132d6dc64699336876,"{""distance"":3,""physical_error_rate"":0.0001}","{""detection_events"":90,""detectors_checked"":331776}"
      8192,         0,         0,   0.256,decoder_by_matrix,36e3cd26fed5ec7649ec51fb08c1a5e7d7f30e615782d954fee045c18a4962ca,"{""distance"":3,""physical_error_rate"":5e-05}","{""detection_events"":57,""detectors_checked"":442368}"
      7168,         0,         0,   0.260,decoder_by_matrix,beec9fd12293a9cfe53c9b61fb8ce2a525e4eed38fa75d132d6dc64699336876,"{""distance"":3,""physical_error_rate"":0.0001}","{""detection_events"":108,""detectors_checked"":387072}"
      6144,         0,         0,   0.252,decoder_by_matrix,beec9fd12293a9cfe53c9b61fb8ce2a525e4eed38fa75d132d6dc64699336876,"{""distance"":3,""physical_error_rate"":0.0001}","{""detection_events"":102,""detectors_checked"":331776}"
      7168,         0,         0,   0.294,decoder_by_matrix,beec9fd12293a9cfe53c9b61fb8ce2a525e4eed38fa75d132d6dc64699336876,"{""distance"":3,""physical_error_rate"":0.0001}","{""detection_events"":123,""detectors_checked"":387072}"
      6144,         0,         0,   0.258,decoder_by_matrix,beec9fd12293a9cfe53c9b61fb8ce2a525e4eed38fa75d132d6dc64699336876,"{""distance"":3,""physical_error_rate"":0.0001}","{""detection_events"":108,""detectors_checked"":331776}"
      8192,         0,         0,   0.257,decoder_by_matrix,36e3cd26fed5ec7649ec51fb08c1a5e7d7f30e615782d954fee045c18a4962ca,"{""distance"":3,""physical_error_rate"":5e-05}","{""detection_events"":42,""detectors_checked"":442368}"
     13312,         0,         0,   0.375,decoder_by_matrix,36e3cd26fed5ec7649ec51fb08c1a5e7d7f30e615782d954fee045c18a4962ca,"{""distance"":3,""physical_error_rate"":5e-05}","{""detection_events"":84,""detectors_checked"":718848}"
     13312,         0,         0,   0.388,decoder_by_matrix,36e3cd26fed5ec7649ec51fb08c1a5e7d7f30e615782d954fee045c18a4962ca,"{""distance"":3,""physical_error_rate"":5e-05}","{""detection_events"":132,""detectors_checked"":718848}"
     11264,         0,         0,   0.388,decoder_by_matrix,36e3cd26fed5ec7649ec51fb08c1a5e7d7f30e615782d954fee045c18a4962ca,"{""distance"":3,""physical_error_rate"":5e-05}","{""detection_events"":57,""detectors_checked"":608256}"
     11264,         0,         0,   0.266,decoder_by_matrix,beec9fd12293a9cfe53c9b61fb8ce2a525e4eed38fa75d132d6dc64699336876,"{""distance"":3,""physical_error_rate"":0.0001}","{""detection_events"":198,""detectors_checked"":608256}"
     12288,         0,         0,   0.388,decoder_by_matrix,36e3cd26fed5ec7649ec51fb08c1a5e7d7f30e615782d954fee045c18a4962ca,"{""distance"":3,""physical_error_rate"":5e-05}","{""detection_events"":75,""detectors_checked"":663552}"
      9216,         0,         0,   0.379,decoder_by_matrix,beec9fd12293a9cfe53c9b61fb8ce2a525e4eed38fa75d132d6dc64699336876,"{""distance"":3,""physical_error_rate"":0.0001}","{""detection_events"":123,""detectors_checked"":497664}"
     10240,         0,         0,   0.384,decoder_by_matrix,beec9fd12293a9cfe53c9b61fb8ce2a525e4eed38fa75d132d6dc64699336876,"{""distance"":3,""physical_error_rate"":0.0001}","{""detection_events"":111,""detectors_checked"":552960}"
     12288,         0,         0,   0.377,decoder_by_matrix,beec9fd12293a9cfe53c9b61fb8ce2a525e4eed38fa75d132d6dc64699336876,"{""distance"":3,""physical_error_rate"":0.0001}","{""detection_events"":90,""detectors_checked"":663552}"
      9216,         0,         0,   0.403,decoder_by_matrix,beec9fd12293a9cfe53c9b61fb8ce2a525e4eed38fa75d132d6dc64699336876,"{""distance"":3,""physical_error_rate"":0.0001}","{""detection_events"":162,""detectors_checked"":497664}"
     12288,         0,         0,   0.382,decoder_by_matrix,36e3cd26fed5ec7649ec51fb08c1a5e7d7f30e615782d954fee045c18a4962ca,"{""distance"":3,""physical_error_rate"":5e-05}","{""detection_events"":114,""detectors_checked"":663552}"
     15360,         0,         0,   0.505,decoder_by_matrix,36e3cd26fed5ec7649ec51fb08c1a5e7d7f30e615782d954fee045c18a4962ca,"{""distance"":3,""physical_error_rate"":5e-05}","{""detection_events"":114,""detectors_checked"":829440}"
     18432,         0,         0,   0.509,decoder_by_matrix,36e3cd26fed5ec7649ec51fb08c1a5e7d7f30e615782d954fee045c18a4962ca,"{""distance"":3,""physical_error_rate"":5e-05}","{""detection_events"":135,""detectors_checked"":995328}"
     17408,         0,         0,   0.529,decoder_by_matrix,36e3cd26fed5ec7649ec51fb08c1a5e7d7f30e615782d954fee045c18a4962ca,"{""distance"":3,""physical_error_rate"":5e-05}","{""detection_events"":105,""detectors_checked"":940032}"
     14336,         0,         0,   0.389,decoder_by_matrix,beec9fd12293a9cfe53c9b61fb8ce2a525e4eed38fa75d132d6dc64699336876,"{""distance"":3,""physical_error_rate"":0.0001}","{""detection_events"":192,""detectors_checked"":774144}"
     13312,         0,         0,   0.513,decoder_by_matrix,36e3cd26fed5ec7649ec51fb08c1a5e7d7f30e615782d954fee045c18a4962ca,"{""distance"":3,""physical_error_rate"":5e-05}","{""detection_events"":141,""detectors_checked"":718848}"
     13312,         0,         0,   0.509,decoder_by_matrix,beec9fd12293a9cfe53c9b61fb8ce2a525e4eed38fa75d132d6dc64699336876,"{""distance"":3,""physical_error_rate"":0.0001}","{""detection_events"":282,""detectors_checked"":718848}"
     12288,         0,         0,   0.513,decoder_by_matrix,beec9fd12293a9cfe53c9b61fb8ce2a525e4eed38fa75d132d6dc64699336876,"{""distance"":3,""physical_error_rate"":0.0001}","{""detection_events"":174,""detectors_checked"":663552}"
     12288,         0,         0,   0.513,decoder_by_matrix,beec9fd12293a9cfe53c9b61fb8ce2a525e4eed38fa75d132d6dc64699336876,"{""distance"":3,""physical_error_rate"":0.0001}","{""detection_events"":225,""detectors_checked"":663552}"
     13312,         0,         0,   0.508,decoder_by_matrix,beec9fd12293a9cfe53c9b61fb8ce2a525e4eed38fa75d132d6dc64699336876,"{""distance"":3,""physical_error_rate"":0.0001}","{""detection_events"":177,""detectors_checked"":718848}"
     14336,         0,         0,   0.513,decoder_by_matrix,36e3cd26fed5ec7649ec51fb08c1a5e7d7f30e615782d954fee045c18a4962ca,"{""distance"":3,""physical_error_rate"":5e-05}","{""detection_events"":144,""detectors_checked"":774144}"
     18432,         0,         0,   0.465,decoder_by_matrix,36e3cd26fed5ec7649ec51fb08c1a5e7d7f30e615782d954fee045c18a4962ca,"{""distance"":3,""physical_error_rate"":5e-05}","{""detection_events"":132,""detectors_checked"":995328}"
     20480,         0,         0,   0.549,decoder_by_matrix,36e3cd26fed5ec7649ec51fb08c1a5e7d7f30e615782d954fee045c18a4962ca,"{""distance"":3,""physical_error_rate"":5e-05}","{""detection_events"":138,""detectors_checked"":1105920}"
     21504,         0,         0,   0.514,decoder_by_matrix,36e3cd26fed5ec7649ec51fb08c1a5e7d7f30e615782d954fee045c18a4962ca,"{""distance"":3,""physical_error_rate"":5e-05}","{""detection_events"":135,""detectors_checked"":1161216}"
     15360,         0,         0,   0.511,decoder_by_matrix,beec9fd12293a9cfe53c9b61fb8ce2a525e4eed38fa75d132d6dc64699336876,"{""distance"":3,""physical_error_rate"":0.0001}","{""detection_events"":198,""detectors_checked"":829440}"
     21504,         0,         0,   0.638,decoder_by_matrix,36e3cd26fed5ec7649ec51fb08c1a5e7d7f30e615782d954fee045c18a4962ca,"{""distance"":3,""physical_error_rate"":5e-05}","{""detection_events"":216,""detectors_checked"":1161216}"
     17408,         0,         0,   0.637,decoder_by_matrix,beec9fd12293a9cfe53c9b61fb8ce2a525e4eed38fa75d132d6dc64699336876,"{""distance"":3,""physical_error_rate"":0.0001}","{""detection_events"":216,""detectors_checked"":940032}"
     16384,         0,         0,   0.650,decoder_by_matrix,beec9fd12293a9cfe53c9b61fb8ce2a525e4eed38fa75d132d6dc64699336876,"{""distance"":3,""physical_error_rate"":0.0001}","{""detection_events"":204,""detectors_checked"":884736}"
     17408,         0,         0,   0.650,decoder_by_matrix,beec9fd12293a9cfe53c9b61fb8ce2a525e4eed38fa75d132d6dc64699336876,"{""distance"":3,""physical_error_rate"":0.0001}","{""detection_events"":243,""detectors_checked"":940032}"
     17408,         0,         0,   0.647,decoder_by_matrix,beec9fd12293a9cfe53c9b61fb8ce2a525e4eed38fa75d132d6dc64699336876,"{""distance"":3,""physical_error_rate"":0.0001}","{""detection_events"":225,""detectors_checked"":940032}"
     20480,         0,         0,   0.646,decoder_by_matrix,36e3cd26fed5ec7649ec51fb08c1a5e7d7f30e615782d954fee045c18a4962ca,"{""distance"":3,""physical_error_rate"":5e-05}","{""detection_events"":138,""detectors_checked"":1105920}"
     29696,         0,         0,   0.853,decoder_by_matrix,36e3cd26fed5ec7649ec51fb08c1a5e7d7f30e615782d954fee045c18a4962ca,"{""distance"":3,""physical_error_rate"":5e-05}","{""detection_events"":168,""detectors_checked"":1603584}"
     27648,         0,         0,   0.911,decoder_by_matrix,36e3cd26fed5ec7649ec51fb08c1a5e7d7f30e615782d954fee045c18a4962ca,"{""distance"":3,""physical_error_rate"":5e-05}","{""detection_events"":231,""detectors_checked"":1492992}"
     21504,         0,         0,   0.827,decoder_by_matrix,beec9fd12293a9cfe53c9b61fb8ce2a525e4eed38fa75d132d6dc64699336876,"{""distance"":3,""physical_error_rate"":0.0001}","{""detection_events"":318,""detectors_checked"":1161216}"
     27648,         0,         0,   0.899,decoder_by_matrix,36e3cd26fed5ec7649ec51fb08c1a5e7d7f30e615782d954fee045c18a4962ca,"{""distance"":3,""physical_error_rate"":5e-05}","{""detection_events"":228,""detectors_checked"":1492992}"
     24576,         0,         0,   0.899,decoder_by_matrix,beec9fd12293a9cfe53c9b61fb8ce2a525e4eed38fa75d132d6dc64699336876,"{""distance"":3,""physical_error_rate"":0.0001}","{""detection_events"":378,""detectors_checked"":1327104}"
     27648,         0,         0,   0.894,decoder_by_matrix,36e3cd26fed5ec7649ec51fb08c1a5e7d7f30e615782d954fee045c18a4962ca,"{""distance"":3,""physical_error_rate"":5e-05}","{""detection_events"":219,""detectors_checked"":1492992}"
     25600,         0,         0,   0.838,decoder_by_matrix,36e3cd26fed5ec7649ec51fb08c1a5e7d7f30e615782d954fee045c18a4962ca,"{""distance"":3,""physical_error_rate"":5e-05}","{""detection_events"":210,""detectors_checked"":1382400}"
     24576,         0,         0,   0.903,decoder_by_matrix,beec9fd12293a9cfe53c9b61fb8ce2a525e4eed38fa75d132d6dc64699336876,"{""distance"":3,""physical_error_rate"":0.0001}","{""detection_events"":294,""detectors_checked"":1327104}"
     24576,         0,         0,   0.903,decoder_by_matrix,beec9fd12293a9cfe53c9b61fb8ce2a525e4eed38fa75d132d6dc64699336876,"{""distance"":3,""physical_error_rate"":0.0001}","{""detection_events"":312,""detectors_checked"":1327104}"
     23552,         0,         0,   0.915,decoder_by_matrix,beec9fd12293a9cfe53c9b61fb8ce2a525e4eed38fa75d132d6dc64699336876,"{""distance"":3,""physical_error_rate"":0.0001}","{""detection_events"":381,""detectors_checked"":1271808}"
     35840,         0,         0,    1.08,decoder_by_matrix,36e3cd26fed5ec7649ec51fb08c1a5e7d7f30e615782d954fee045c18a4962ca,"{""distance"":3,""physical_error_rate"":5e-05}","{""detection_events"":357,""detectors_checked"":1935360}"
     29696,         0,         0,    1.02,decoder_by_matrix,beec9fd12293a9cfe53c9b61fb8ce2a525e4eed38fa75d132d6dc64699336876,"{""distance"":3,""physical_error_rate"":0.0001}","{""detection_events"":474,""detectors_checked"":1603584}"
     33792,         0,         0,    1.15,decoder_by_matrix,36e3cd26fed5ec7649ec51fb08c1a5e7d7f30e615782d954fee045c18a4962ca,"{""distance"":3,""physical_error_rate"":5e-05}","{""detection_events"":192,""detectors_checked"":1824768}"
     38912,         0,         0,    1.17,decoder_by_matrix,36e3cd26fed5ec7649ec51fb08c1a5e7d7f30e615782d954fee045c18a4962ca,"{""distance"":3,""physical_error_rate"":5e-05}","{""detection_events"":222,""detectors_checked"":2101248}"
     29696,         0,         0,    1.04,decoder_by_matrix,beec9fd12293a9cfe53c9b61fb8ce2a525e4eed38fa75d132d6dc64699336876,"{""distance"":3,""physical_error_rate"":0.0001}","{""detection_events"":378,""detectors_checked"":1603584}"
     37888,         0,         0,    1.04,decoder_by_matrix,36e3cd26fed5ec7649ec51fb08c1a5e7d7f30e615782d954fee045c18a4962ca,"{""distance"":3,""physical_error_rate"":5e-05}","{""detection_events"":213,""detectors_checked"":2045952}"
     35840,         0,         0,    1.17,decoder_by_matrix,36e3cd26fed5ec7649ec51fb08c1a5e7d7f30e615782d954fee045c18a4962ca,"{""distance"":3,""physical_error_rate"":5e-05}","{""detection_events"":267,""detectors_checked"":1935360}"
     28672,         0,         0,    1.17,decoder_by_matrix,beec9fd12293a9cfe53c9b61fb8ce2a525e4eed38fa75d132d6dc64699336876,"{""distance"":3,""physical_error_rate"":0.0001}","{""detection_events"":426,""detectors_checked"":1548288}"
     30720,         0,         0,    1.16,decoder_by_matrix,beec9fd12293a9cfe53c9b61fb8ce2a525e4eed38fa75d132d6dc64699336876,"{""distance"":3,""physical_error_rate"":0.0001}","{""detection_events"":429,""detectors_checked"":1658880}"
     30720,         0,         0,    1.17,decoder_by_matrix,beec9fd12293a9cfe53c9b61fb8ce2a525e4eed38fa75d132d6dc64699336876,"{""distance"":3,""physical_error_rate"":0.0001}","{""detection_events"":477,""detectors_checked"":1658880}"
     54272,         0,         0,    1.65,decoder_by_matrix,36e3cd26fed5ec7649ec51fb08c1a5e7d7f30e615782d954fee045c18a4962ca,"{""distance"":3,""physical_error_rate"":5e-05}","{""detection_events"":426,""detectors_checked"":2930688}"
     44032,         0,         0,    1.57,decoder_by_matrix,beec9fd12293a9cfe53c9b61fb8ce2a525e4eed38fa75d132d6dc64699336876,"{""distance"":3,""physical_error_rate"":0.0001}","{""detection_events"":684,""detectors_checked"":2377728}"
     53248,         0,         0,    1.42,decoder_by_matrix,36e3cd26fed5ec7649ec51fb08c1a5e7d7f30e615782d954fee045c18a4962ca,"{""distance"":3,""physical_error_rate"":5e-05}","{""detection_events"":342,""detectors_checked"":2875392}"
     53248,         0,         0,    1.66,decoder_by_matrix,36e3cd26fed5ec7649ec51fb08c1a5e7d7f30e615782d954fee045c18a4962ca,"{""distance"":3,""physical_error_rate"":5e-05}","{""detection_events"":408,""detectors_checked"":2875392}"
     43008,         0,         0,    1.55,decoder_by_matrix,beec9fd12293a9cfe53c9b61fb8ce2a525e4eed38fa75d132d6dc64699336876,"{""distance"":3,""physical_error_rate"":0.0001}","{""detection_events"":654,""detectors_checked"":2322432}"
     48128,         0,         0,    1.66,decoder_by_matrix,36e3cd26fed5ec7649ec51fb08c1a5e7d7f30e615782d954fee045c18a4962ca,"{""distance"":3,""physical_error_rate"":5e-05}","{""detection_events"":402,""detectors_checked"":2598912}"
     53248,         0,         0,    1.41,decoder_by_matrix,36e3cd26fed5ec7649ec51fb08c1a5e7d7f30e615782d954fee045c18a4962ca,"{""distance"":3,""physical_error_rate"":5e-05}","{""detection_events"":411,""detectors_checked"":2875392}"
     43008,         0,         0,    1.66,decoder_by_matrix,beec9fd12293a9cfe53c9b61fb8ce2a525e4eed38fa75d132d6dc64699336876,"{""distance"":3,""physical_error_rate"":0.0001}","{""detection_events"":576,""detectors_checked"":2322432}"
     41984,         0,         0,    1.53,decoder_by_matrix,beec9fd12293a9cfe53c9b61fb8ce2a525e4eed38fa75d132d6dc64699336876,"{""distance"":3,""physical_error_rate"":0.0001}","{""detection_events"":780,""detectors_checked"":2267136}"
     43008,         0,         0,    1.67,decoder_by_matrix,beec9fd12293a9cfe53c9b61fb8ce2a525e4eed38fa75d132d6dc64699336876,"{""distance"":3,""physical_error_rate"":0.0001}","{""detection_events"":573,""detectors_checked"":2322432}"
     72704,         0,         0,    2.08,decoder_by_matrix,36e3cd26fed5ec7649ec51fb08c1a5e7d7f30e615782d954fee045c18a4962ca,"{""distance"":3,""physical_error_rate"":5e-05}","{""detection_events"":411,""detectors_checked"":3926016}"
     57344,         0,         0,    2.20,decoder_by_matrix,beec9fd12293a9cfe53c9b61fb8ce2a525e4eed38fa75d132d6dc64699336876,"{""distance"":3,""physical_error_rate"":0.0001}","{""detection_events"":909,""detectors_checked"":3096576}"
     65536,         0,         0,    2.20,decoder_by_matrix,36e3cd26fed5ec7649ec51fb08c1a5e7d7f30e615782d954fee045c18a4962ca,"{""distance"":3,""physical_error_rate"":5e-05}","{""detection_events"":540,""detectors_checked"":3538944}"
     65536,         0,         0,    2.20,decoder_by_matrix,36e3cd26fed5ec7649ec51fb08c1a5e7d7f30e615782d954fee045c18a4962ca,"{""distance"":3,""physical_error_rate"":5e-05}","{""detection_events"":495,""detectors_checked"":3538944}"
     57344,         0,         0,    2.18,decoder_by_matrix,beec9fd12293a9cfe53c9b61fb8ce2a525e4eed38fa75d132d6dc64699336876,"{""distance"":3,""physical_error_rate"":0.0001}","{""detection_events"":840,""detectors_checked"":3096576}"
     56320,         0,         0,    2.19,decoder_by_matrix,beec9fd12293a9cfe53c9b61fb8ce2a525e4eed38fa75d132d6dc64699336876,"{""distance"":3,""physical_error_rate"":0.0001}","{""detection_events"":816,""detectors_checked"":3041280}"
     61440,         0,         0,    2.05,decoder_by_matrix,beec9fd12293a9cfe53c9b61fb8ce2a525e4eed38fa75d132d6dc64699336876,"{""distance"":3,""physical_error_rate"":0.0001}","{""detection_events"":867,""detectors_checked"":3317760}"
     68608,         0,         0,    2.30,decoder_by_matrix,36e3cd26fed5ec7649ec51fb08c1a5e7d7f30e615782d954fee045c18a4962ca,"{""distance"":3,""physical_error_rate"":5e-05}","{""detection_events"":507,""detectors_checked"":3704832}"
     75776,         0,         0,    2.30,decoder_by_matrix,36e3cd26fed5ec7649ec51fb08c1a5e7d7f30e615782d954fee045c18a4962ca,"{""distance"":3,""physical_error_rate"":5e-05}","{""detection_events"":441,""detectors_checked"":4091904}"
     60416,         0,         0,    2.30,decoder_by_matrix,beec9fd12293a9cfe53c9b61fb8ce2a525e4eed38fa75d132d6dc64699336876,"{""distance"":3,""physical_error_rate"":0.0001}","{""detection_events"":978,""detectors_checked"":3262464}"
     96256,         0,         0,    2.92,decoder_by_matrix,36e3cd26fed5ec7649ec51fb08c1a5e7d7f30e615782d954fee045c18a4962ca,"{""distance"":3,""physical_error_rate"":5e-05}","{""detection_events"":603,""detectors_checked"":5197824}"
     81920,         1,         0,    3.06,decoder_by_matrix,beec9fd12293a9cfe53c9b61fb8ce2a525e4eed38fa75d132d6dc64699336876,"{""distance"":3,""physical_error_rate"":0.0001}","{""detection_events"":1284,""detectors_checked"":4423680,""obs_mistake_mask=E"":1}"
     96256,         0,         0,    3.08,decoder_by_matrix,36e3cd26fed5ec7649ec51fb08c1a5e7d7f30e615782d954fee045c18a4962ca,"{""distance"":3,""physical_error_rate"":5e-05}","{""detection_events"":675,""detectors_checked"":5197824}"
    105472,         0,         0,    3.04,decoder_by_matrix,36e3cd26fed5ec7649ec51fb08c1a5e7d7f30e615782d954fee045c18a4962ca,"{""distance"":3,""physical_error_rate"":5e-05}","{""detection_events"":687,""detectors_checked"":5695488}"
     77824,         0,         0,    2.81,decoder_by_matrix,beec9fd12293a9cfe53c9b61fb8ce2a525e4eed38fa75d132d6dc64699336876,"{""distance"":3,""physical_error_rate"":0.0001}","{""detection_events"":1122,""detectors_checked"":4202496}"
     79872,         0,         0,    3.07,decoder_by_matrix,beec9fd12293a9cfe53c9b61fb8ce2a525e4eed38fa75d132d6dc64699336876,"{""distance"":3,""physical_error_rate"":0.0001}","{""detection_events"":1215,""detectors_checked"":4313088}"
     88064,         1,         0,    3.17,decoder_by_matrix,beec9fd12293a9cfe53c9b61fb8ce2a525e4eed38fa75d132d6dc64699336876,"{""distance"":3,""physical_error_rate"":0.0001}","{""detection_events"":1137,""detectors_checked"":4755456,""obs_mistake_mask=E"":1}"
     92160,         0,         0,    2.95,decoder_by_matrix,36e3cd26fed5ec7649ec51fb08c1a5e7d7f30e615782d954fee045c18a4962ca,"{""distance"":3,""physical_error_rate"":5e-05}","{""detection_events"":672,""detectors_checked"":4976640}"
     79872,         0,         0,    3.07,decoder_by_matrix,beec9fd12293a9cfe53c9b61fb8ce2a525e4eed38fa75d132d6dc64699336876,"{""distance"":3,""physical_error_rate"":0.0001}","{""detection_events"":1335,""detectors_checked"":4313088}"
   3796992,         0,         0,   116.7,decoder_by_matrix,36e3cd26fed5ec7649ec51fb08c1a5e7d7f30e615782d954fee045c18a4962ca,"{""distance"":3,""physical_error_rate"":5e-05}","{""detection_events"":27954,""detectors_checked"":205037568}"
    100352,         0,         0,    2.91,decoder_by_matrix,36e3cd26fed5ec7649ec51fb08c1a5e7d7f30e615782d954fee045c18a4962ca,"{""distance"":3,""physical_error_rate"":5e-05}","{""detection_events"":780,""detectors_checked"":5419008}"
    132096,         1,         0,    4.15,decoder_by_matrix,36e3cd26fed5ec7649ec51fb08c1a5e7d7f30e615782d954fee045c18a4962ca,"{""distance"":3,""physical_error_rate"":5e-05}","{""detection_events"":960,""detectors_checked"":7133184,""obs_mistake_mask=E"":1}"
    110592,         0,         0,    4.07,decoder_by_matrix,beec9fd12293a9cfe53c9b61fb8ce2a525e4eed38fa75d132d6dc64699336876,"{""distance"":3,""physical_error_rate"":0.0001}","{""detection_events"":1653,""detectors_checked"":5971968}"
    145408,         0,         0,    4.24,decoder_by_matrix,36e3cd26fed5ec7649ec51fb08c1a5e7d7f30e615782d954fee045c18a4962ca,"{""distance"":3,""physical_error_rate"":5e-05}","{""detection_events"":831,""detectors_checked"":7852032}"
    114688,         0,         0,    4.21,decoder_by_matrix,beec9fd12293a9cfe53c9b61fb8ce2a525e4eed38fa75d132d6dc64699336876,"{""distance"":3,""physical_error_rate"":0.0001}","{""detection_events"":1782,""detectors_checked"":6193152}"
    115712,         0,         0,    4.34,decoder_by_matrix,beec9fd12293a9cfe53c9b61fb8ce2a525e4eed38fa75d132d6dc64699336876,"{""distance"":3,""physical_error_rate"":0.0001}","{""detection_events"":1599,""detectors_checked"":6248448}"
    143360,         0,         0,    3.99,decoder_by_matrix,36e3cd26fed5ec7649ec51fb08c1a5e7d7f30e615782d954fee045c18a4962ca,"{""distance"":3,""physical_error_rate"":5e-05}","{""detection_events"":984,""detectors_checked"":7741440}"
    120832,         0,         0,    4.25,decoder_by_matrix,beec9fd12293a9cfe53c9b61fb8ce2a525e4eed38fa75d132d6dc64699336876,"{""distance"":3,""physical_error_rate"":0.0001}","{""detection_events"":1740,""detectors_checked"":6524928}"
    133120,         0,         0,    4.12,decoder_by_matrix,36e3cd26fed5ec7649ec51fb08c1a5e7d7f30e615782d954fee045c18a4962ca,"{""distance"":3,""physical_error_rate"":5e-05}","{""detection_events"":984,""detectors_checked"":7188480}"
    113664,         1,         0,    4.25,decoder_by_matrix,beec9fd12293a9cfe53c9b61fb8ce2a525e4eed38fa75d132d6dc64699336876,"{""distance"":3,""physical_error_rate"":0.0001}","{""detection_events"":1629,""detectors_checked"":6137856,""obs_mistake_mask=E"":1}"
    142336,         0,         0,    4.14,decoder_by_matrix,36e3cd26fed5ec7649ec51fb08c1a5e7d7f30e615782d954fee045c18a4962ca,"{""distance"":3,""physical_error_rate"":5e-05}","{""detection_events"":936,""detectors_checked"":7686144}"
    197632,         0,         0,    5.79,decoder_by_matrix,36e3cd26fed5ec7649ec51fb08c1a5e7d7f30e615782d954fee045c18a4962ca,"{""distance"":3,""physical_error_rate"":5e-05}","{""detection_events"":1212,""detectors_checked"":10672128}"
    156672,         0,         0,    5.85,decoder_by_matrix,beec9fd12293a9cfe53c9b61fb8ce2a525e4eed38fa75d132d6dc64699336876,"{""distance"":3,""physical_error_rate"":0.0001}","{""detection_events"":2298,""detectors_checked"":8460288}"
    185344,         0,         0,    5.88,decoder_by_matrix,36e3cd26fed5ec7649ec51fb08c1a5e7d7f30e615782d954fee045c18a4962ca,"{""distance"":3,""physical_error_rate"":5e-05}","{""detection_events"":1389,""detectors_checked"":10008576}"
    159744,         1,         0,    5.90,decoder_by_matrix,beec9fd12293a9cfe53c9b61fb8ce2a525e4eed38fa75d132d6dc64699336876,"{""distance"":3,""physical_error_rate"":0.0001}","{""detection_events"":2313,""detectors_checked"":8626176,""obs_mistake_mask=E"":1}"
    156672,         0,         0,    5.81,decoder_by_matrix,beec9fd12293a9cfe53c9b61fb8ce2a525e4eed38fa75d132d6dc64699336876,"{""distance"":3,""physical_error_rate"":0.0001}","{""detection_events"":2256,""detectors_checked"":8460288}"
    163840,         1,         0,    5.75,decoder_by_matrix,beec9fd12293a9cfe53c9b61fb8ce2a525e4eed38fa75d132d6dc64699336876,"{""distance"":3,""physical_error_rate"":0.0001}","{""detection_events"":2463,""detectors_checked"":8847360,""obs_mistake_mask=E"":1}"
    182272,         0,         0,    5.95,decoder_by_matrix,36e3cd26fed5ec7649ec51fb08c1a5e7d7f30e615782d954fee045c18a4962ca,"{""distance"":3,""physical_error_rate"":5e-05}","{""detection_events"":1494,""detectors_checked"":9842688}"
    190464,         0,         0,    5.92,decoder_by_matrix,36e3cd26fed5ec7649ec51fb08c1a5e7d7f30e615782d954fee045c18a4962ca,"{""distance"":3,""physical_error_rate"":5e-05}","{""detection_events"":1362,""detectors_checked"":10285056}"
    160768,         0,         0,    6.07,decoder_by_matrix,beec9fd12293a9cfe53c9b61fb8ce2a525e4eed38fa75d132d6dc64699336876,"{""distance"":3,""physical_error_rate"":0.0001}","{""detection_events"":2520,""detectors_checked"":8681472}"
    194560,         0,         0,    5.91,decoder_by_matrix,36e3cd26fed5ec7649ec51fb08c1a5e7d7f30e615782d954fee045c18a4962ca,"{""distance"":3,""physical_error_rate"":5e-05}","{""detection_events"":1353,""detectors_checked"":10506240}"
    260096,         1,         0,    8.14,decoder_by_matrix,36e3cd26fed5ec7649ec51fb08c1a5e7d7f30e615782d954fee045c18a4962ca,"{""distance"":3,""physical_error_rate"":5e-05}","{""detection_events"":2001,""detectors_checked"":14045184,""obs_mistake_mask=E"":1}"
    222208,         0,         0,    8.09,decoder_by_matrix,beec9fd12293a9cfe53c9b61fb8ce2a525e4eed38fa75d132d6dc64699336876,"{""distance"":3,""physical_error_rate"":0.0001}","{""detection_events"":3405,""detectors_checked"":11999232}"
    259072,         0,         0,    8.17,decoder_by_matrix,36e3cd26fed5ec7649ec51fb08c1a5e7d7f30e615782d954fee045c18a4962ca,"{""distance"":3,""physical_error_rate"":5e-05}","{""detection_events"":1902,""detectors_checked"":13989888}"
    257024,         0,         0,    8.11,decoder_by_matrix,36e3cd26fed5ec7649ec51fb08c1a5e7d7f30e615782d954fee045c18a4962ca,"{""distance"":3,""physical_error_rate"":5e-05}","{""detection_events"":1953,""detectors_checked"":13879296}"
    223232,         0,         0,    8.18,decoder_by_matrix,beec9fd12293a9cfe53c9b61fb8ce2a525e4eed38fa75d132d6dc64699336876,"{""distance"":3,""physical_error_rate"":0.0001}","{""detection_events"":3180,""detectors_checked"":12054528}"
    221184,         0,         0,    8.18,decoder_by_matrix,beec9fd12293a9cfe53c9b61fb8ce2a525e4eed38fa75d132d6dc64699336876,"{""distance"":3,""physical_error_rate"":0.0001}","{""detection_events"":3324,""detectors_checked"":11943936}"
    266240,         0,         0,    8.15,decoder_by_matrix,36e3cd26fed5ec7649ec51fb08c1a5e7d7f30e615782d954fee045c18a4962ca,"{""distance"":3,""physical_error_rate"":5e-05}","{""detection_events"":1794,""detectors_checked"":14376960}"
    226304,         0,         0,    8.48,decoder_by_matrix,beec9fd12293a9cfe53c9b61fb8ce2a525e4eed38fa75d132d6dc64699336876,"{""distance"":3,""physical_error_rate"":0.0001}","{""detection_events"":3432,""detectors_checked"":12220416}"
    227328,         0,         0,    8.22,decoder_by_matrix,beec9fd12293a9cfe53c9b61fb8ce2a525e4eed38fa75d132d6dc64699336876,"{""distance"":3,""physical_error_rate"":0.0001}","{""detection_events"":3105,""detectors_checked"":12275712}"
    266240,         0,         0,    8.44,decoder_by_matrix,36e3cd26fed5ec7649ec51fb08c1a5e7d7f30e615782d954fee045c18a4962ca,"{""distance"":3,""physical_error_rate"":5e-05}","{""detection_events"":1905,""detectors_checked"":14376960}"
    370688,         0,         0,    11.4,decoder_by_matrix,36e3cd26fed5ec7649ec51fb08c1a5e7d7f30e615782d954fee045c18a4962ca,"{""distance"":3,""physical_error_rate"":5e-05}","{""detection_events"":2808,""detectors_checked"":20017152}"
    366592,         0,         0,    11.5,decoder_by_matrix,36e3cd26fed5ec7649ec51fb08c1a5e7d7f30e615782d954fee045c18a4962ca,"{""distance"":3,""physical_error_rate"":5e-05}","{""detection_events"":2697,""detectors_checked"":19795968}"
    322560,         0,         0,    11.3,decoder_by_matrix,beec9fd12293a9cfe53c9b61fb8ce2a525e4eed38fa75d132d6dc64699336876,"{""distance"":3,""physical_error_rate"":0.0001}","{""detection_events"":4614,""detectors_checked"":17418240}"
    370688,         0,         0,    11.5,decoder_by_matrix,36e3cd26fed5ec7649ec51fb08c1a5e7d7f30e615782d954fee045c18a4962ca,"{""distance"":3,""physical_error_rate"":5e-05}","{""detection_events"":2649,""detectors_checked"":20017152}"
    311296,         0,         0,    11.4,decoder_by_matrix,beec9fd12293a9cfe53c9b61fb8ce2a525e4eed38fa75d132d6dc64699336876,"{""distance"":3,""physical_error_rate"":0.0001}","{""detection_events"":4365,""detectors_checked"":16809984}"
    304128,         0,         0,    11.8,decoder_by_matrix,beec9fd12293a9cfe53c9b61fb8ce2a525e4eed38fa75d132d6dc64699336876,"{""distance"":3,""physical_error_rate"":0.0001}","{""detection_events"":4704,""detectors_checked"":16422912}"
    364544,         0,         0,    11.5,decoder_by_matrix,36e3cd26fed5ec7649ec51fb08c1a5e7d7f30e615782d954fee045c18a4962ca,"{""distance"":3,""physical_error_rate"":5e-05}","{""detection_events"":2724,""detectors_checked"":19685376}"
    312320,         0,         0,    11.4,decoder_by_matrix,beec9fd12293a9cfe53c9b61fb8ce2a525e4eed38fa75d132d6dc64699336876,"{""distance"":3,""physical_error_rate"":0.0001}","{""detection_events"":4383,""detectors_checked"":16865280}"
    314368,         0,         0,    11.5,decoder_by_matrix,beec9fd12293a9cfe53c9b61fb8ce2a525e4eed38fa75d132d6dc64699336876,"{""distance"":3,""physical_error_rate"":0.0001}","{""detection_events"":4548,""detectors_checked"":16975872}"
    365568,         0,         0,    11.4,decoder_by_matrix,36e3cd26fed5ec7649ec51fb08c1a5e7d7f30e615782d954fee045c18a4962ca,"{""distance"":3,""physical_error_rate"":5e-05}","{""detection_events"":2739,""detectors_checked"":19740672}"
   3170304,         1,         0,   117.3,decoder_by_matrix,beec9fd12293a9cfe53c9b61fb8ce2a525e4eed38fa75d132d6dc64699336876,"{""distance"":3,""physical_error_rate"":0.0001}","{""detection_events"":46908,""detectors_checked"":171196416,""obs_mistake_mask=E"":1}"
   3822592,         0,         0,   117.3,decoder_by_matrix,36e3cd26fed5ec7649ec51fb08c1a5e7d7f30e615782d954fee045c18a4962ca,"{""distance"":3,""physical_error_rate"":5e-05}","{""detection_events"":26979,""detectors_checked"":206419968}"
   3081216,         2,         0,   116.7,decoder_by_matrix,beec9fd12293a9cfe53c9b61fb8ce2a525e4eed38fa75d132d6dc64699336876,"{""distance"":3,""physical_error_rate"":0.0001}","{""detection_events"":44406,""detectors_checked"":166385664,""obs_mistake_mask=E"":2}"
   3819520,         0,         0,   115.7,decoder_by_matrix,36e3cd26fed5ec7649ec51fb08c1a5e7d7f30e615782d954fee045c18a4962ca,"{""distance"":3,""physical_error_rate"":5e-05}","{""detection_events"":26868,""detectors_checked"":206254080}"
   3161088,         1,         0,   116.7,decoder_by_matrix,beec9fd12293a9cfe53c9b61fb8ce2a525e4eed38fa75d132d6dc64699336876,"{""distance"":3,""physical_error_rate"":0.0001}","{""detection_events"":46257,""detectors_checked"":170698752,""obs_mistake_mask=E"":1}"
   3791872,         0,         0,   117.2,decoder_by_matrix,36e3cd26fed5ec7649ec51fb08c1a5e7d7f30e615782d954fee045c18a4962ca,"{""distance"":3,""physical_error_rate"":5e-05}","{""detection_events"":27594,""detectors_checked"":204761088}"
   3098624,         2,         0,   117.3,decoder_by_matrix,beec9fd12293a9cfe53c9b61fb8ce2a525e4eed38fa75d132d6dc64699336876,"{""distance"":3,""physical_error_rate"":0.0001}","{""detection_events"":46542,""detectors_checked"":167325696,""obs_mistake_mask=E"":2}"
    520192,         0,         0,    16.0,decoder_by_matrix,36e3cd26fed5ec7649ec51fb08c1a5e7d7f30e615782d954fee045c18a4962ca,"{""distance"":3,""physical_error_rate"":5e-05}","{""detection_events"":3675,""detectors_checked"":28090368}"
    517120,         0,         0,    15.7,decoder_by_matrix,36e3cd26fed5ec7649ec51fb08c1a5e7d7f30e615782d954fee045c18a4962ca,"{""distance"":3,""physical_error_rate"":5e-05}","{""detection_events"":3690,""detectors_checked"":27924480}"
    432128,         0,         0,    16.0,decoder_by_matrix,beec9fd12293a9cfe53c9b61fb8ce2a525e4eed38fa75d132d6dc64699336876,"{""distance"":3,""physical_error_rate"":0.0001}","{""detection_events"":6309,""detectors_checked"":23334912}"
    497664,         1,         0,    16.1,decoder_by_matrix,36e3cd26fed5ec7649ec51fb08c1a5e7d7f30e615782d954fee045c18a4962ca,"{""distance"":3,""physical_error_rate"":5e-05}","{""detection_events"":4188,""detectors_checked"":26873856,""obs_mistake_mask=E"":1}"
    433152,         1,         0,    16.3,decoder_by_matrix,beec9fd12293a9cfe53c9b61fb8ce2a525e4eed38fa75d132d6dc64699336876,"{""distance"":3,""physical_error_rate"":0.0001}","{""detection_events"":6219,""detectors_checked"":23390208,""obs_mistake_mask=E"":1}"
    433152,         0,         0,    16.1,decoder_by_matrix,beec9fd12293a9cfe53c9b61fb8ce2a525e4eed38fa75d132d6dc64699336876,"{""distance"":3,""physical_error_rate"":0.0001}","{""detection_events"":6342,""detectors_checked"":23390208}"
    440320,         0,         0,    16.1,decoder_by_matrix,beec9fd12293a9cfe53c9b61fb8ce2a525e4eed38fa75d132d6dc64699336876,"{""distance"":3,""physical_error_rate"":0.0001}","{""detection_events"":6060,""detectors_checked"":23777280}"
    513024,         0,         0,    15.9,decoder_by_matrix,36e3cd26fed5ec7649ec51fb08c1a5e7d7f30e615782d954fee045c18a4962ca,"{""distance"":3,""physical_error_rate"":5e-05}","{""detection_events"":3696,""detectors_checked"":27703296}"
    441344,         1,         0,    16.2,decoder_by_matrix,beec9fd12293a9cfe53c9b61fb8ce2a525e4eed38fa75d132d6dc64699336876,"{""distance"":3,""physical_error_rate"":0.0001}","{""detection_events"":6189,""detectors_checked"":23832576,""obs_mistake_mask=E"":1}"
    516096,         0,         0,    16.2,decoder_by_matrix,36e3cd26fed5ec7649ec51fb08c1a5e7d7f30e615782d954fee045c18a4962ca,"{""distance"":3,""physical_error_rate"":5e-05}","{""detection_events"":3960,""detectors_checked"":27869184}"
   3772416,         4,         0,   117.2,decoder_by_matrix,36e3cd26fed5ec7649ec51fb08c1a5e7d7f30e615782d954fee045c18a4962ca,"{""distance"":3,""physical_error_rate"":5e-05}","{""detection_events"":27828,""detectors_checked"":203710464,""obs_mistake_mask=E"":4}"
   3166208,         3,         0,   117.8,decoder_by_matrix,beec9fd12293a9cfe53c9b61fb8ce2a525e4eed38fa75d132d6dc64699336876,"{""distance"":3,""physical_error_rate"":0.0001}","{""detection_events"":45192,""detectors_checked"":170975232,""obs_mistake_mask=E"":3}"
   3169280,         5,         0,   116.7,decoder_by_matrix,beec9fd12293a9cfe53c9b61fb8ce2a525e4eed38fa75d132d6dc64699336876,"{""distance"":3,""physical_error_rate"":0.0001}","{""detection_events"":46662,""detectors_checked"":171141120,""obs_mistake_mask=E"":5}"
   3147776,         2,         0,   117.6,decoder_by_matrix,beec9fd12293a9cfe53c9b61fb8ce2a525e4eed38fa75d132d6dc64699336876,"{""distance"":3,""physical_error_rate"":0.0001}","{""detection_events"":46806,""detectors_checked"":169979904,""obs_mistake_mask=E"":2}"
   3759104,         0,         0,   117.2,decoder_by_matrix,36e3cd26fed5ec7649ec51fb08c1a5e7d7f30e615782d954fee045c18a4962ca,"{""distance"":3,""physical_error_rate"":5e-05}","{""detection_events"":27240,""detectors_checked"":202991616}"
   3751936,         0,         0,   117.5,decoder_by_matrix,36e3cd26fed5ec7649ec51fb08c1a5e7d7f30e615782d954fee045c18a4962ca,"{""distance"":3,""physical_error_rate"":5e-05}","{""detection_events"":27963,""detectors_checked"":202604544}"
   3779584,         2,         0,   116.0,decoder_by_matrix,36e3cd26fed5ec7649ec51fb08c1a5e7d7f30e615782d954fee045c18a4962ca,"{""distance"":3,""physical_error_rate"":5e-05}","{""detection_events"":28005,""detectors_checked"":204097536,""obs_mistake_mask=E"":2}"
   3142656,         4,         0,   117.4,decoder_by_matrix,beec9fd12293a9cfe53c9b61fb8ce2a525e4eed38fa75d132d6dc64699336876,"{""distance"":3,""physical_error_rate"":0.0001}","{""detection_events"":46482,""detectors_checked"":169703424,""obs_mistake_mask=E"":4}"
   3188736,         0,         0,   116.8,decoder_by_matrix,beec9fd12293a9cfe53c9b61fb8ce2a525e4eed38fa75d132d6dc64699336876,"{""distance"":3,""physical_error_rate"":0.0001}","{""detection_events"":46908,""detectors_checked"":172191744}"
   3756032,         0,         0,   117.0,decoder_by_matrix,36e3cd26fed5ec7649ec51fb08c1a5e7d7f30e615782d954fee045c18a4962ca,"{""distance"":3,""physical_error_rate"":5e-05}","{""detection_events"":27735,""detectors_checked"":202825728}"
    701440,         0,         0,    22.7,decoder_by_matrix,36e3cd26fed5ec7649ec51fb08c1a5e7d7f30e615782d954fee045c18a4962ca,"{""distance"":3,""physical_error_rate"":5e-05}","{""detection_events"":5673,""detectors_checked"":37877760}"
    732160,         0,         0,    22.7,decoder_by_matrix,36e3cd26fed5ec7649ec51fb08c1a5e7d7f30e615782d954fee045c18a4962ca,"{""distance"":3,""physical_error_rate"":5e-05}","{""detection_events"":4938,""detectors_checked"":39536640}"
    612352,         1,         0,    22.6,decoder_by_matrix,beec9fd12293a9cfe53c9b61fb8ce2a525e4eed38fa75d132d6dc64699336876,"{""distance"":3,""physical_error_rate"":0.0001}","{""detection_events"":8526,""detectors_checked"":33067008,""obs_mistake_mask=E"":1}"
    731136,         0,         0,    22.6,decoder_by_matrix,36e3cd26fed5ec7649ec51fb08c1a5e7d7f30e615782d954fee045c18a4962ca,"{""distance"":3,""physical_error_rate"":5e-05}","{""detection_events"":5148,""detectors_checked"":39481344}"
    602112,         3,         0,    22.2,decoder_by_matrix,beec9fd12293a9cfe53c9b61fb8ce2a525e4eed38fa75d132d6dc64699336876,"{""distance"":3,""physical_error_rate"":0.0001}","{""detection_events"":9120,""detectors_checked"":32514048,""obs_mistake_mask=E"":3}"
    601088,         0,         0,    23.0,decoder_by_matrix,beec9fd12293a9cfe53c9b61fb8ce2a525e4eed38fa75d132d6dc64699336876,"{""distance"":3,""physical_error_rate"":0.0001}","{""detection_events"":8406,""detectors_checked"":32458752}"
    609280,         0,         0,    22.5,decoder_by_matrix,beec9fd12293a9cfe53c9b61fb8ce2a525e4eed38fa75d132d6dc64699336876,"{""distance"":3,""physical_error_rate"":0.0001}","{""detection_events"":8868,""detectors_checked"":32901120}"
    748544,         0,         0,    22.9,decoder_by_matrix,36e3cd26fed5ec7649ec51fb08c1a5e7d7f30e615782d954fee045c18a4962ca,"{""distance"":3,""physical_error_rate"":5e-05}","{""detection_events"":4935,""detectors_checked"":40421376}"
    742400,         0,         0,    22.1,decoder_by_matrix,36e3cd26fed5ec7649ec51fb08c1a5e7d7f30e615782d954fee045c18a4962ca,"{""distance"":3,""physical_error_rate"":5e-05}","{""detection_events"":5292,""detectors_checked"":40089600}"
    620544,         0,         0,    22.7,decoder_by_matrix,beec9fd12293a9cfe53c9b61fb8ce2a525e4eed38fa75d132d6dc64699336876,"{""distance"":3,""physical_error_rate"":0.0001}","{""detection_events"":8547,""detectors_checked"":33509376}"
   3737600,         0,         0,   117.1,decoder_by_matrix,36e3cd26fed5ec7649ec51fb08c1a5e7d7f30e615782d954fee045c18a4962ca,"{""distance"":3,""physical_error_rate"":5e-05}","{""detection_events"":28056,""detectors_checked"":201830400}"
   3758080,         3,         0,   114.8,decoder_by_matrix,36e3cd26fed5ec7649ec51fb08c1a5e7d7f30e615782d954fee045c18a4962ca,"{""distance"":3,""physical_error_rate"":5e-05}","{""detection_events"":27648,""detectors_checked"":202936320,""obs_mistake_mask=E"":3}"
    993280,         0,         0,    31.4,decoder_by_matrix,36e3cd26fed5ec7649ec51fb08c1a5e7d7f30e615782d954fee045c18a4962ca,"{""distance"":3,""physical_error_rate"":5e-05}","{""detection_events"":7485,""detectors_checked"":53637120}"
   1025024,         0,         0,    31.6,decoder_by_matrix,36e3cd26fed5ec7649ec51fb08c1a5e7d7f30e615782d954fee045c18a4962ca,"{""distance"":3,""physical_error_rate"":5e-05}","{""detection_events"":7392,""detectors_checked"":55351296}"
    854016,         0,         0,    31.1,decoder_by_matrix,beec9fd12293a9cfe53c9b61fb8ce2a525e4eed38fa75d132d6dc64699336876,"{""distance"":3,""physical_error_rate"":0.0001}","{""detection_events"":12630,""detectors_checked"":46116864}"
   1019904,         2,         0,    31.5,decoder_by_matrix,36e3cd26fed5ec7649ec51fb08c1a5e7d7f30e615782d954fee045c18a4962ca,"{""distance"":3,""physical_error_rate"":5e-05}","{""detection_events"":7056,""detectors_checked"":55074816,""obs_mistake_mask=E"":2}"
    850944,         0,         0,    31.9,decoder_by_matrix,beec9fd12293a9cfe53c9b61fb8ce2a525e4eed38fa75d132d6dc64699336876,"{""distance"":3,""physical_error_rate"":0.0001}","{""detection_events"":12279,""detectors_checked"":45950976}"
    860160,         0,         0,    31.5,decoder_by_matrix,beec9fd12293a9cfe53c9b61fb8ce2a525e4eed38fa75d132d6dc64699336876,"{""distance"":3,""physical_error_rate"":0.0001}","{""detection_events"":12609,""detectors_checked"":46448640}"
    849920,         0,         0,    31.7,decoder_by_matrix,beec9fd12293a9cfe53c9b61fb8ce2a525e4eed38fa75d132d6dc64699336876,"{""distance"":3,""physical_error_rate"":0.0001}","{""detection_events"":12783,""detectors_checked"":45895680}"
   1013760,         1,         0,    31.8,decoder_by_matrix,36e3cd26fed5ec7649ec51fb08c1a5e7d7f30e615782d954fee045c18a4962ca,"{""distance"":3,""physical_error_rate"":5e-05}","{""detection_events"":7068,""detectors_checked"":54743040,""obs_mistake_mask=E"":1}"
    996352,         1,         0,    31.3,decoder_by_matrix,36e3cd26fed5ec7649ec51fb08c1a5e7d7f30e615782d954fee045c18a4962ca,"{""distance"":3,""physical_error_rate"":5e-05}","{""detection_events"":7566,""detectors_checked"":53803008,""obs_mistake_mask=E"":1}"
    845824,         0,         0,    31.7,decoder_by_matrix,beec9fd12293a9cfe53c9b61fb8ce2a525e4eed38fa75d132d6dc64699336876,"{""distance"":3,""physical_error_rate"":0.0001}","{""detection_events"":13134,""detectors_checked"":45674496}"
   3174400,         1,         0,   118.7,decoder_by_matrix,beec9fd12293a9cfe53c9b61fb8ce2a525e4eed38fa75d132d6dc64699336876,"{""distance"":3,""physical_error_rate"":0.0001}","{""detection_events"":46236,""detectors_checked"":171417600,""obs_mistake_mask=E"":1}"
   3144704,         1,         0,   118.0,decoder_by_matrix,beec9fd12293a9cfe53c9b61fb8ce2a525e4eed38fa75d132d6dc64699336876,"{""distance"":3,""physical_error_rate"":0.0001}","{""detection_events"":46542,""detectors_checked"":169814016,""obs_mistake_mask=E"":1}"
   3783680,         2,         0,   116.4,decoder_by_matrix,36e3cd26fed5ec7649ec51fb08c1a5e7d7f30e615782d954fee045c18a4962ca,"{""distance"":3,""physical_error_rate"":5e-05}","{""detection_events"":27678,""detectors_checked"":204318720,""obs_mistake_mask=E"":2}"
   1421312,         0,         0,    44.3,decoder_by_matrix,36e3cd26fed5ec7649ec51fb08c1a5e7d7f30e615782d954fee045c18a4962ca,"{""distance"":3,""physical_error_rate"":5e-05}","{""detection_events"":10191,""detectors_checked"":76750848}"
   1418240,         0,         0,    44.0,decoder_by_matrix,36e3cd26fed5ec7649ec51fb08c1a5e7d7f30e615782d954fee045c18a4962ca,"{""distance"":3,""physical_error_rate"":5e-05}","{""detection_events"":10524,""detectors_checked"":76584960}"
   1192960,         0,         0,    44.2,decoder_by_matrix,beec9fd12293a9cfe53c9b61fb8ce2a525e4eed38fa75d132d6dc64699336876,"{""distance"":3,""physical_error_rate"":0.0001}","{""detection_events"":17649,""detectors_checked"":64419840}"
   1435648,         0,         0,    43.9,decoder_by_matrix,36e3cd26fed5ec7649ec51fb08c1a5e7d7f30e615782d954fee045c18a4962ca,"{""distance"":3,""physical_error_rate"":5e-05}","{""detection_events"":10428,""detectors_checked"":77524992}"
   1173504,         0,         0,    44.1,decoder_by_matrix,beec9fd12293a9cfe53c9b61fb8ce2a525e4eed38fa75d132d6dc64699336876,"{""distance"":3,""physical_error_rate"":0.0001}","{""detection_events"":17520,""detectors_checked"":63369216}"
   1187840,         0,         0,    43.9,decoder_by_matrix,beec9fd12293a9cfe53c9b61fb8ce2a525e4eed38fa75d132d6dc64699336876,"{""distance"":3,""physical_error_rate"":0.0001}","{""detection_events"":17505,""detectors_checked"":64143360}"
   1188864,         1,         0,    44.2,decoder_by_matrix,beec9fd12293a9cfe53c9b61fb8ce2a525e4eed38fa75d132d6dc64699336876,"{""distance"":3,""physical_error_rate"":0.0001}","{""detection_events"":17541,""detectors_checked"":64198656,""obs_mistake_mask=E"":1}"
   1426432,         1,         0,    44.1,decoder_by_matrix,36e3cd26fed5ec7649ec51fb08c1a5e7d7f30e615782d954fee045c18a4962ca,"{""distance"":3,""physical_error_rate"":5e-05}","{""detection_events"":10407,""detectors_checked"":77027328,""obs_mistake_mask=E"":1}"
   1422336,         0,         0,    43.6,decoder_by_matrix,36e3cd26fed5ec7649ec51fb08c1a5e7d7f30e615782d954fee045c18a4962ca,"{""distance"":3,""physical_error_rate"":5e-05}","{""detection_events"":10764,""detectors_checked"":76806144}"
   1191936,         1,         0,    44.3,decoder_by_matrix,beec9fd12293a9cfe53c9b61fb8ce2a525e4eed38fa75d132d6dc64699336876,"{""distance"":3,""physical_error_rate"":0.0001}","{""detection_events"":16839,""detectors_checked"":64364544,""obs_mistake_mask=E"":1}"
   3201024,         0,         0,   117.6,decoder_by_matrix,beec9fd12293a9cfe53c9b61fb8ce2a525e4eed38fa75d132d6dc64699336876,"{""distance"":3,""physical_error_rate"":0.0001}","{""detection_events"":46377,""detectors_checked"":172855296}"
   3791872,         1,         0,   117.0,decoder_by_matrix,36e3cd26fed5ec7649ec51fb08c1a5e7d7f30e615782d954fee045c18a4962ca,"{""distance"":3,""physical_error_rate"":5e-05}","{""detection_events"":27954,""detectors_checked"":204761088,""obs_mistake_mask=E"":1}"
   3095552,         3,         0,   118.7,decoder_by_matrix,beec9fd12293a9cfe53c9b61fb8ce2a525e4eed38fa75d132d6dc64699336876,"{""distance"":3,""physical_error_rate"":0.0001}","{""detection_events"":45495,""detectors_checked"":167159808,""obs_mistake_mask=E"":3}"
   3772416,         0,         0,   116.1,decoder_by_matrix,36e3cd26fed5ec7649ec51fb08c1a5e7d7f30e615782d954fee045c18a4962ca,"{""distance"":3,""physical_error_rate"":5e-05}","{""detection_events"":27285,""detectors_checked"":203710464}"
   3178496,         1,         0,   117.0,decoder_by_matrix,beec9fd12293a9cfe53c9b61fb8ce2a525e4eed38fa75d132d6dc64699336876,"{""distance"":3,""physical_error_rate"":0.0001}","{""detection_events"":45273,""detectors_checked"":171638784,""obs_mistake_mask=E"":1}"
   3775488,         0,         0,   117.6,decoder_by_matrix,36e3cd26fed5ec7649ec51fb08c1a5e7d7f30e615782d954fee045c18a4962ca,"{""distance"":3,""physical_error_rate"":5e-05}","{""detection_events"":27459,""detectors_checked"":203876352}"
   3131392,         3,         0,   118.9,decoder_by_matrix,beec9fd12293a9cfe53c9b61fb8ce2a525e4eed38fa75d132d6dc64699336876,"{""distance"":3,""physical_error_rate"":0.0001}","{""detection_events"":45414,""detectors_checked"":169095168,""obs_mistake_mask=E"":3}"
   3759104,         1,         0,   117.4,decoder_by_matrix,36e3cd26fed5ec7649ec51fb08c1a5e7d7f30e615782d954fee045c18a4962ca,"{""distance"":3,""physical_error_rate"":5e-05}","{""detection_events"":28173,""detectors_checked"":202991616,""obs_mistake_mask=E"":1}"
   3159040,         1,         0,   117.5,decoder_by_matrix,beec9fd12293a9cfe53c9b61fb8ce2a525e4eed38fa75d132d6dc64699336876,"{""distance"":3,""physical_error_rate"":0.0001}","{""detection_events"":45792,""detectors_checked"":170588160,""obs_mistake_mask=E"":1}"
   3152896,         1,         0,   117.7,decoder_by_matrix,beec9fd12293a9cfe53c9b61fb8ce2a525e4eed38fa75d132d6dc64699336876,"{""distance"":3,""physical_error_rate"":0.0001}","{""detection_events"":46605,""detectors_checked"":170256384,""obs_mistake_mask=E"":1}"
   3155968,         1,         0,   117.5,decoder_by_matrix,beec9fd12293a9cfe53c9b61fb8ce2a525e4eed38fa75d132d6dc64699336876,"{""distance"":3,""physical_error_rate"":0.0001}","{""detection_events"":45900,""detectors_checked"":170422272,""obs_mistake_mask=E"":1}"
   3764224,         1,         0,   117.3,decoder_by_matrix,36e3cd26fed5ec7649ec51fb08c1a5e7d7f30e615782d954fee045c18a4962ca,"{""distance"":3,""physical_error_rate"":5e-05}","{""detection_events"":27126,""detectors_checked"":203268096,""obs_mistake_mask=E"":1}"
   3758080,         1,         0,   117.0,decoder_by_matrix,36e3cd26fed5ec7649ec51fb08c1a5e7d7f30e615782d954fee045c18a4962ca,"{""distance"":3,""physical_error_rate"":5e-05}","{""detection_events"":27627,""detectors_checked"":202936320,""obs_mistake_mask=E"":1}"
   3767296,         1,         0,   116.3,decoder_by_matrix,36e3cd26fed5ec7649ec51fb08c1a5e7d7f30e615782d954fee045c18a4962ca,"{""distance"":3,""physical_error_rate"":5e-05}","{""detection_events"":27786,""detectors_checked"":203433984,""obs_mistake_mask=E"":1}"
   3180544,         2,         0,   117.6,decoder_by_matrix,beec9fd12293a9cfe53c9b61fb8ce2a525e4eed38fa75d132d6dc64699336876,"{""distance"":3,""physical_error_rate"":0.0001}","{""detection_events"":46743,""detectors_checked"":171749376,""obs_mistake_mask=E"":2}"
   3188736,         1,         0,   116.5,decoder_by_matrix,beec9fd12293a9cfe53c9b61fb8ce2a525e4eed38fa75d132d6dc64699336876,"{""distance"":3,""physical_error_rate"":0.0001}","{""detection_events"":45939,""detectors_checked"":172191744,""obs_mistake_mask=E"":1}"
   3794944,         1,         0,   116.5,decoder_by_matrix,36e3cd26fed5ec7649ec51fb08c1a5e7d7f30e615782d954fee045c18a4962ca,"{""distance"":3,""physical_error_rate"":5e-05}","{""detection_events"":26919,""detectors_checked"":204926976,""obs_mistake_mask=E"":1}"
   3714048,         1,         0,   116.3,decoder_by_matrix,36e3cd26fed5ec7649ec51fb08c1a5e7d7f30e615782d954fee045c18a4962ca,"{""distance"":3,""physical_error_rate"":5e-05}","{""detection_events"":27189,""detectors_checked"":200558592,""obs_mistake_mask=E"":1}"
   3815424,         1,         0,   117.5,decoder_by_matrix,36e3cd26fed5ec7649ec51fb08c1a5e7d7f30e615782d954fee045c18a4962ca,"{""distance"":3,""physical_error_rate"":5e-05}","{""detection_events"":27783,""detectors_checked"":206032896,""obs_mistake_mask=E"":1}"
   1980416,         0,         0,    61.3,decoder_by_matrix,36e3cd26fed5ec7649ec51fb08c1a5e7d7f30e615782d954fee045c18a4962ca,"{""distance"":3,""physical_error_rate"":5e-05}","{""detection_events"":14295,""detectors_checked"":106942464}"
   1967104,         0,         0,    62.1,decoder_by_matrix,36e3cd26fed5ec7649ec51fb08c1a5e7d7f30e615782d954fee045c18a4962ca,"{""distance"":3,""physical_error_rate"":5e-05}","{""detection_events"":15066,""detectors_checked"":106223616}"
   1652736,         1,         0,    61.7,decoder_by_matrix,beec9fd12293a9cfe53c9b61fb8ce2a525e4eed38fa75d132d6dc64699336876,"{""distance"":3,""physical_error_rate"":0.0001}","{""detection_events"":24303,""detectors_checked"":89247744,""obs_mistake_mask=E"":1}"
   1965056,         4,         0,    60.5,decoder_by_matrix,36e3cd26fed5ec7649ec51fb08c1a5e7d7f30e615782d954fee045c18a4962ca,"{""distance"":3,""physical_error_rate"":5e-05}","{""detection_events"":14499,""detectors_checked"":106113024,""obs_mistake_mask=E"":4}"
   1672192,         1,         0,    61.5,decoder_by_matrix,beec9fd12293a9cfe53c9b61fb8ce2a525e4eed38fa75d132d6dc64699336876,"{""distance"":3,""physical_error_rate"":0.0001}","{""detection_events"":23664,""detectors_checked"":90298368,""obs_mistake_mask=E"":1}"
   1684480,         5,         0,    61.0,decoder_by_matrix,beec9fd12293a9cfe53c9b61fb8ce2a525e4eed38fa75d132d6dc64699336876,"{""distance"":3,""physical_error_rate"":0.0001}","{""detection_events"":23691,""detectors_checked"":90961920,""obs_mistake_mask=E"":5}"
   1664000,         1,         0,    62.1,decoder_by_matrix,beec9fd12293a9cfe53c9b61fb8ce2a525e4eed38fa75d132d6dc64699336876,"{""distance"":3,""physical_error_rate"":0.0001}","{""detection_events"":24237,""detectors_checked"":89856000,""obs_mistake_mask=E"":1}"
   1976320,         0,         0,    62.2,decoder_by_matrix,36e3cd26fed5ec7649ec51fb08c1a5e7d7f30e615782d954fee045c18a4962ca,"{""distance"":3,""physical_error_rate"":5e-05}","{""detection_events"":15219,""detectors_checked"":106721280}"
   1993728,         0,         0,    62.1,decoder_by_matrix,36e3cd26fed5ec7649ec51fb08c1a5e7d7f30e615782d954fee045c18a4962ca,"{""distance"":3,""physical_error_rate"":5e-05}","{""detection_events"":15048,""detectors_checked"":107661312}"
   1666048,         0,         0,    61.9,decoder_by_matrix,beec9fd12293a9cfe53c9b61fb8ce2a525e4eed38fa75d132d6dc64699336876,"{""distance"":3,""physical_error_rate"":0.0001}","{""detection_events"":24183,""detectors_checked"":89966592}"
   3148800,         2,         0,   118.5,decoder_by_matrix,beec9fd12293a9cfe53c9b61fb8ce2a525e4eed38fa75d132d6dc64699336876,"{""distance"":3,""physical_error_rate"":0.0001}","{""detection_events"":46509,""detectors_checked"":170035200,""obs_mistake_mask=E"":2}"
   3137536,         5,         0,   117.4,decoder_by_matrix,beec9fd12293a9cfe53c9b61fb8ce2a525e4eed38fa75d132d6dc64699336876,"{""distance"":3,""physical_error_rate"":0.0001}","{""detection_events"":46827,""detectors_checked"":169426944,""obs_mistake_mask=E"":5}"
   3831808,         0,         0,   117.0,decoder_by_matrix,36e3cd26fed5ec7649ec51fb08c1a5e7d7f30e615782d954fee045c18a4962ca,"{""distance"":3,""physical_error_rate"":5e-05}","{""detection_events"":26751,""detectors_checked"":206917632}"
   3189760,         4,         0,   116.9,decoder_by_matrix,beec9fd12293a9cfe53c9b61fb8ce2a525e4eed38fa75d132d6dc64699336876,"{""distance"":3,""physical_error_rate"":0.0001}","{""detection_events"":46698,""detectors_checked"":172247040,""obs_mistake_mask=E"":4}"
   3828736,         1,         0,   114.8,decoder_by_matrix,36e3cd26fed5ec7649ec51fb08c1a5e7d7f30e615782d954fee045c18a4962ca,"{""distance"":3,""physical_error_rate"":5e-05}","{""detection_events"":27336,""detectors_checked"":206751744,""obs_mistake_mask=E"":1}"
   3113984,         0,         0,   117.8,decoder_by_matrix,beec9fd12293a9cfe53c9b61fb8ce2a525e4eed38fa75d132d6dc64699336876,"{""distance"":3,""physical_error_rate"":0.0001}","{""detection_events"":45444,""detectors_checked"":168155136}"
   3731456,         0,         0,   116.9,decoder_by_matrix,36e3cd26fed5ec7649ec51fb08c1a5e7d7f30e615782d954fee045c18a4962ca,"{""distance"":3,""physical_error_rate"":5e-05}","{""detection_events"":27876,""detectors_checked"":201498624}"
   3158016,         3,         0,   117.7,decoder_by_matrix,beec9fd12293a9cfe53c9b61fb8ce2a525e4eed38fa75d132d6dc64699336876,"{""distance"":3,""physical_error_rate"":0.0001}","{""detection_events"":46149,""detectors_checked"":170532864,""obs_mistake_mask=E"":3}"
   3766272,         3,         0,   117.6,decoder_by_matrix,36e3cd26fed5ec7649ec51fb08c1a5e7d7f30e615782d954fee045c18a4962ca,"{""distance"":3,""physical_error_rate"":5e-05}","{""detection_events"":27618,""detectors_checked"":203378688,""obs_mistake_mask=E"":3}"
   3138560,         4,         0,   116.7,decoder_by_matrix,beec9fd12293a9cfe53c9b61fb8ce2a525e4eed38fa75d132d6dc64699336876,"{""distance"":3,""physical_error_rate"":0.0001}","{""detection_events"":44565,""detectors_checked"":169482240,""obs_mistake_mask=E"":4}"
   3769344,         1,         0,   116.7,decoder_by_matrix,36e3cd26fed5ec7649ec51fb08c1a5e7d7f30e615782d954fee045c18a4962ca,"{""distance"":3,""physical_error_rate"":5e-05}","{""detection_events"":26289,""detectors_checked"":203544576,""obs_mistake_mask=E"":1}"
   3176448,         2,         0,   117.4,decoder_by_matrix,beec9fd12293a9cfe53c9b61fb8ce2a525e4eed38fa75d132d6dc64699336876,"{""distance"":3,""physical_error_rate"":0.0001}","{""detection_events"":46935,""detectors_checked"":171528192,""obs_mistake_mask=E"":2}"
   3175424,         5,         0,   117.4,decoder_by_matrix,beec9fd12293a9cfe53c9b61fb8ce2a525e4eed38fa75d132d6dc64699336876,"{""distance"":3,""physical_error_rate"":0.0001}","{""detection_events"":45963,""detectors_checked"":171472896,""obs_mistake_mask=E"":5}"
   3145728,         3,         0,   117.9,decoder_by_matrix,beec9fd12293a9cfe53c9b61fb8ce2a525e4eed38fa75d132d6dc64699336876,"{""distance"":3,""physical_error_rate"":0.0001}","{""detection_events"":45834,""detectors_checked"":169869312,""obs_mistake_mask=E"":3}"
   3762176,         2,         0,   116.6,decoder_by_matrix,36e3cd26fed5ec7649ec51fb08c1a5e7d7f30e615782d954fee045c18a4962ca,"{""distance"":3,""physical_error_rate"":5e-05}","{""detection_events"":27483,""detectors_checked"":203157504,""obs_mistake_mask=E"":2}"
   3760128,         1,         0,   115.9,decoder_by_matrix,36e3cd26fed5ec7649ec51fb08c1a5e7d7f30e615782d954fee045c18a4962ca,"{""distance"":3,""physical_error_rate"":5e-05}","{""detection_events"":28140,""detectors_checked"":203046912,""obs_mistake_mask=E"":1}"
   3156992,         4,         0,   116.6,decoder_by_matrix,beec9fd12293a9cfe53c9b61fb8ce2a525e4eed38fa75d132d6dc64699336876,"{""distance"":3,""physical_error_rate"":0.0001}","{""detection_events"":46230,""detectors_checked"":170477568,""obs_mistake_mask=E"":4}"
   3747840,         2,         0,   117.4,decoder_by_matrix,36e3cd26fed5ec7649ec51fb08c1a5e7d7f30e615782d954fee045c18a4962ca,"{""distance"":3,""physical_error_rate"":5e-05}","{""detection_events"":28242,""detectors_checked"":202383360,""obs_mistake_mask=E"":2}"
   3176448,         4,         0,   117.0,decoder_by_matrix,beec9fd12293a9cfe53c9b61fb8ce2a525e4eed38fa75d132d6dc64699336876,"{""distance"":3,""physical_error_rate"":0.0001}","{""detection_events"":45498,""detectors_checked"":171528192,""obs_mistake_mask=E"":4}"
   2766848,         0,         0,    86.4,decoder_by_matrix,36e3cd26fed5ec7649ec51fb08c1a5e7d7f30e615782d954fee045c18a4962ca,"{""distance"":3,""physical_error_rate"":5e-05}","{""detection_events"":20631,""detectors_checked"":149409792}"
   2782208,         2,         0,    85.3,decoder_by_matrix,36e3cd26fed5ec7649ec51fb08c1a5e7d7f30e615782d954fee045c18a4962ca,"{""distance"":3,""physical_error_rate"":5e-05}","{""detection_events"":20004,""detectors_checked"":150239232,""obs_mistake_mask=E"":2}"
   2319360,         0,         0,    86.2,decoder_by_matrix,beec9fd12293a9cfe53c9b61fb8ce2a525e4eed38fa75d132d6dc64699336876,"{""distance"":3,""physical_error_rate"":0.0001}","{""detection_events"":34764,""detectors_checked"":125245440}"
   2803712,         0,         0,    85.9,decoder_by_matrix,36e3cd26fed5ec7649ec51fb08c1a5e7d7f30e615782d954fee045c18a4962ca,"{""distance"":3,""physical_error_rate"":5e-05}","{""detection_events"":20415,""detectors_checked"":151400448}"
   2312192,         0,         0,    86.7,decoder_by_matrix,beec9fd12293a9cfe53c9b61fb8ce2a525e4eed38fa75d132d6dc64699336876,"{""distance"":3,""physical_error_rate"":0.0001}","{""detection_events"":33696,""detectors_checked"":124858368}"
   2753536,         3,         0,    85.3,decoder_by_matrix,36e3cd26fed5ec7649ec51fb08c1a5e7d7f30e615782d954fee045c18a4962ca,"{""distance"":3,""physical_error_rate"":5e-05}","{""detection_events"":20556,""detectors_checked"":148690944,""obs_mistake_mask=E"":3}"
   2350080,         2,         0,    86.4,decoder_by_matrix,beec9fd12293a9cfe53c9b61fb8ce2a525e4eed38fa75d132d6dc64699336876,"{""distance"":3,""physical_error_rate"":0.0001}","{""detection_events"":33933,""detectors_checked"":126904320,""obs_mistake_mask=E"":2}"
   2314240,         2,         0,    86.4,decoder_by_matrix,beec9fd12293a9cfe53c9b61fb8ce2a525e4eed38fa75d132d6dc64699336876,"{""distance"":3,""physical_error_rate"":0.0001}","{""detection_events"":34311,""detectors_checked"":124968960,""obs_mistake_mask=E"":2}"
   2781184,         0,         0,    86.7,decoder_by_matrix,36e3cd26fed5ec7649ec51fb08c1a5e7d7f30e615782d954fee045c18a4962ca,"{""distance"":3,""physical_error_rate"":5e-05}","{""detection_events"":20826,""detectors_checked"":150183936}"
   2345984,         3,         0,    86.2,decoder_by_matrix,beec9fd12293a9cfe53c9b61fb8ce2a525e4eed38fa75d132d6dc64699336876,"{""distance"":3,""physical_error_rate"":0.0001}","{""detection_events"":34002,""detectors_checked"":126683136,""obs_mistake_mask=E"":3}"
   3760128,         0,         0,   117.4,decoder_by_matrix,36e3cd26fed5ec7649ec51fb08c1a5e7d7f30e615782d954fee045c18a4962ca,"{""distance"":3,""physical_error_rate"":5e-05}","{""detection_events"":26883,""detectors_checked"":203046912}"
   3743744,         1,         0,   117.2,decoder_by_matrix,36e3cd26fed5ec7649ec51fb08c1a5e7d7f30e615782d954fee045c18a4962ca,"{""distance"":3,""physical_error_rate"":5e-05}","{""detection_events"":27930,""detectors_checked"":202162176,""obs_mistake_mask=E"":1}"
   3744768,         1,         0,   117.9,decoder_by_matrix,36e3cd26fed5ec7649ec51fb08c1a5e7d7f30e615782d954fee045c18a4962ca,"{""distance"":3,""physical_error_rate"":5e-05}","{""detection_events"":27771,""detectors_checked"":202217472,""obs_mistake_mask=E"":1}"
   2749754,         1,         0,    85.1,decoder_by_matrix,36e3cd26fed5ec7649ec51fb08c1a5e7d7f30e615782d954fee045c18a4962ca,"{""distance"":3,""physical_error_rate"":5e-05}","{""detection_events"":19167,""detectors_checked"":148486716,""obs_mistake_mask=E"":1}"
   3164160,         7,         0,   117.2,decoder_by_matrix,beec9fd12293a9cfe53c9b61fb8ce2a525e4eed38fa75d132d6dc64699336876,"{""distance"":3,""physical_error_rate"":0.0001}","{""detection_events"":46101,""detectors_checked"":170864640,""obs_mistake_mask=E"":7}"
   3145728,         2,         0,   117.6,decoder_by_matrix,beec9fd12293a9cfe53c9b61fb8ce2a525e4eed38fa75d132d6dc64699336876,"{""distance"":3,""physical_error_rate"":0.0001}","{""detection_events"":46194,""detectors_checked"":169869312,""obs_mistake_mask=E"":2}"
   3156881,         1,         0,    96.2,decoder_by_matrix,36e3cd26fed5ec7649ec51fb08c1a5e7d7f30e615782d954fee045c18a4962ca,"{""distance"":3,""physical_error_rate"":5e-05}","{""detection_events"":22905,""detectors_checked"":170471574,""obs_mistake_mask=E"":1}"
   3140608,         0,         0,    96.0,decoder_by_matrix,36e3cd26fed5ec7649ec51fb08c1a5e7d7f30e615782d954fee045c18a4962ca,"{""distance"":3,""physical_error_rate"":5e-05}","{""detection_events"":22785,""detectors_checked"":169592832}"
   3093504,         0,         0,    96.5,decoder_by_matrix,36e3cd26fed5ec7649ec51fb08c1a5e7d7f30e615782d954fee045c18a4962ca,"{""distance"":3,""physical_error_rate"":5e-05}","{""detection_events"":22788,""detectors_checked"":167049216}"
   2959576,         0,         0,    91.8,decoder_by_matrix,36e3cd26fed5ec7649ec51fb08c1a5e7d7f30e615782d954fee045c18a4962ca,"{""distance"":3,""physical_error_rate"":5e-05}","{""detection_events"":21336,""detectors_checked"":159817104}"
   2659328,         0,         0,    83.7,decoder_by_matrix,36e3cd26fed5ec7649ec51fb08c1a5e7d7f30e615782d954fee045c18a4962ca,"{""distance"":3,""physical_error_rate"":5e-05}","{""detection_events"":19797,""detectors_checked"":143603712}"
   2701312,         1,         0,    82.0,decoder_by_matrix,36e3cd26fed5ec7649ec51fb08c1a5e7d7f30e615782d954fee045c18a4962ca,"{""distance"":3,""physical_error_rate"":5e-05}","{""detection_events"":19545,""detectors_checked"":145870848,""obs_mistake_mask=E"":1}"
   2672640,         0,         0,    83.3,decoder_by_matrix,36e3cd26fed5ec7649ec51fb08c1a5e7d7f30e615782d954fee045c18a4962ca,"{""distance"":3,""physical_error_rate"":5e-05}","{""detection_events"":19524,""detectors_checked"":144322560}"
   2933760,         1,         0,    90.4,decoder_by_matrix,36e3cd26fed5ec7649ec51fb08c1a5e7d7f30e615782d954fee045c18a4962ca,"{""distance"":3,""physical_error_rate"":5e-05}","{""detection_events"":20913,""detectors_checked"":158423040,""obs_mistake_mask=E"":1}"
   2656256,         1,         0,    83.5,decoder_by_matrix,36e3cd26fed5ec7649ec51fb08c1a5e7d7f30e615782d954fee045c18a4962ca,"{""distance"":3,""physical_error_rate"":5e-05}","{""detection_events"":19755,""detectors_checked"":143437824,""obs_mistake_mask=E"":1}"
   2668544,         2,         0,    83.7,decoder_by_matrix,36e3cd26fed5ec7649ec51fb08c1a5e7d7f30e615782d954fee045c18a4962ca,"{""distance"":3,""physical_error_rate"":5e-05}","{""detection_events"":19644,""detectors_checked"":144101376,""obs_mistake_mask=E"":2}"
   2895872,         0,         0,    89.9,decoder_by_matrix,36e3cd26fed5ec7649ec51fb08c1a5e7d7f30e615782d954fee045c18a4962ca,"{""distance"":3,""physical_error_rate"":5e-05}","{""detection_events"":21474,""detectors_checked"":156377088}"
   2936832,         0,         0,    89.6,decoder_by_matrix,36e3cd26fed5ec7649ec51fb08c1a5e7d7f30e615782d954fee045c18a4962ca,"{""distance"":3,""physical_error_rate"":5e-05}","{""detection_events"":21402,""detectors_checked"":158588928}"
   2384971,         0,         0,    73.8,decoder_by_matrix,36e3cd26fed5ec7649ec51fb08c1a5e7d7f30e615782d954fee045c18a4962ca,"{""distance"":3,""physical_error_rate"":5e-05}","{""detection_events"":17490,""detectors_checked"":128788434}"
   2241536,         0,         0,    69.6,decoder_by_matrix,36e3cd26fed5ec7649ec51fb08c1a5e7d7f30e615782d954fee045c18a4962ca,"{""distance"":3,""physical_error_rate"":5e-05}","{""detection_events"":16896,""detectors_checked"":121042944}"
   2220032,         1,         0,    70.4,decoder_by_matrix,36e3cd26fed5ec7649ec51fb08c1a5e7d7f30e615782d954fee045c18a4962ca,"{""distance"":3,""physical_error_rate"":5e-05}","{""detection_events"":16137,""detectors_checked"":119881728,""obs_mistake_mask=E"":1}"
   1750016,         0,         0,    55.0,decoder_by_matrix,36e3cd26fed5ec7649ec51fb08c1a5e7d7f30e615782d954fee045c18a4962ca,"{""distance"":3,""physical_error_rate"":5e-05}","{""detection_events"":13482,""detectors_checked"":94500864}"
    164939,         0,         0,    4.66,decoder_by_matrix,36e3cd26fed5ec7649ec51fb08c1a5e7d7f30e615782d954fee045c18a4962ca,"{""distance"":3,""physical_error_rate"":5e-05}","{""detection_events"":1131,""detectors_checked"":8906706}"
    454593,         1,         0,    13.5,decoder_by_matrix,36e3cd26fed5ec7649ec51fb08c1a5e7d7f30e615782d954fee045c18a4962ca,"{""distance"":3,""physical_error_rate"":5e-05}","{""detection_events"":3066,""detectors_checked"":24548022,""obs_mistake_mask=E"":1}"
    450560,         0,         0,    14.0,decoder_by_matrix,36e3cd26fed5ec7649ec51fb08c1a5e7d7f30e615782d954fee045c18a4962ca,"{""distance"":3,""physical_error_rate"":5e-05}","{""detection_events"":3216,""detectors_checked"":24330240}"
    444416,         0,         0,    13.3,decoder_by_matrix,36e3cd26fed5ec7649ec51fb08c1a5e7d7f30e615782d954fee045c18a4962ca,"{""distance"":3,""physical_error_rate"":5e-05}","{""detection_events"":3366,""detectors_checked"":23998464}"
    117681,         0,         0,    3.65,decoder_by_matrix,36e3cd26fed5ec7649ec51fb08c1a5e7d7f30e615782d954fee045c18a4962ca,"{""distance"":3,""physical_error_rate"":5e-05}","{""detection_events"":891,""detectors_checked"":6354774}"
    362890,         0,         0,    10.7,decoder_by_matrix,36e3cd26fed5ec7649ec51fb08c1a5e7d7f30e615782d954fee045c18a4962ca,"{""distance"":3,""physical_error_rate"":5e-05}","{""detection_events"":2280,""detectors_checked"":19596060}"
    340992,         0,         0,    10.3,decoder_by_matrix,36e3cd26fed5ec7649ec51fb08c1a5e7d7f30e615782d954fee045c18a4962ca,"{""distance"":3,""physical_error_rate"":5e-05}","{""detection_events"":2541,""detectors_checked"":18413568}"
    342016,         0,         0,    10.6,decoder_by_matrix,36e3cd26fed5ec7649ec51fb08c1a5e7d7f30e615782d954fee045c18a4962ca,"{""distance"":3,""physical_error_rate"":5e-05}","{""detection_events"":2574,""detectors_checked"":18468864}"
    361472,         0,         0,    10.6,decoder_by_matrix,36e3cd26fed5ec7649ec51fb08c1a5e7d7f30e615782d954fee045c18a4962ca,"{""distance"":3,""physical_error_rate"":5e-05}","{""detection_events"":2298,""detectors_checked"":19519488}"
    340992,         0,         0,    10.9,decoder_by_matrix,36e3cd26fed5ec7649ec51fb08c1a5e7d7f30e615782d954fee045c18a4962ca,"{""distance"":3,""physical_error_rate"":5e-05}","{""detection_events"":2460,""detectors_checked"":18413568}"
    340209,         0,         0,    10.8,decoder_by_matrix,36e3cd26fed5ec7649ec51fb08c1a5e7d7f30e615782d954fee045c18a4962ca,"{""distance"":3,""physical_error_rate"":5e-05}","{""detection_events"":2562,""detectors_checked"":18371286}"
    340209,         0,         0,    10.1,decoder_by_matrix,36e3cd26fed5ec7649ec51fb08c1a5e7d7f30e615782d954fee045c18a4962ca,"{""distance"":3,""physical_error_rate"":5e-05}","{""detection_events"":2628,""detectors_checked"":18371286}"
    342016,         0,         0,    10.5,decoder_by_matrix,36e3cd26fed5ec7649ec51fb08c1a5e7d7f30e615782d954fee045c18a4962ca,"{""distance"":3,""physical_error_rate"":5e-05}","{""detection_events"":2625,""detectors_checked"":18468864}"
    347136,         0,         0,    10.3,decoder_by_matrix,36e3cd26fed5ec7649ec51fb08c1a5e7d7f30e615782d954fee045c18a4962ca,"{""distance"":3,""physical_error_rate"":5e-05}","{""detection_events"":2601,""detectors_checked"":18745344}"
    330752,         0,         0,    10.8,decoder_by_matrix,36e3cd26fed5ec7649ec51fb08c1a5e7d7f30e615782d954fee045c18a4962ca,"{""distance"":3,""physical_error_rate"":5e-05}","{""detection_events"":2709,""detectors_checked"":17860608}"
    340209,         0,         0,    10.6,decoder_by_matrix,36e3cd26fed5ec7649ec51fb08c1a5e7d7f30e615782d954fee045c18a4962ca,"{""distance"":3,""physical_error_rate"":5e-05}","{""detection_events"":2487,""detectors_checked"":18371286}"
    143360,         0,         0,    4.20,decoder_by_matrix,36e3cd26fed5ec7649ec51fb08c1a5e7d7f30e615782d954fee045c18a4962ca,"{""distance"":3,""physical_error_rate"":5e-05}","{""detection_events"":1125,""detectors_checked"":7741440}"
    145408,         0,         0,    4.61,decoder_by_matrix,36e3cd26fed5ec7649ec51fb08c1a5e7d7f30e615782d954fee045c18a4962ca,"{""distance"":3,""physical_error_rate"":5e-05}","{""detection_events"":1155,""detectors_checked"":7852032}"
    335872,         0,         0,    10.9,decoder_by_matrix,36e3cd26fed5ec7649ec51fb08c1a5e7d7f30e615782d954fee045c18a4962ca,"{""distance"":3,""physical_error_rate"":5e-05}","{""detection_events"":2886,""detectors_checked"":18137088}"
    192512,         0,         0,    6.04,decoder_by_matrix,36e3cd26fed5ec7649ec51fb08c1a5e7d7f30e615782d954fee045c18a4962ca,"{""distance"":3,""physical_error_rate"":5e-05}","{""detection_events"":1200,""detectors_checked"":10395648}"
     27321,         0,         0,   0.755,decoder_by_matrix,36e3cd26fed5ec7649ec51fb08c1a5e7d7f30e615782d954fee045c18a4962ca,"{""distance"":3,""physical_error_rate"":5e-05}","{""detection_events"":189,""detectors_checked"":1475334}"
     73305,         0,         0,    2.20,decoder_by_matrix,36e3cd26fed5ec7649ec51fb08c1a5e7d7f30e615782d954fee045c18a4962ca,"{""distance"":3,""physical_error_rate"":5e-05}","{""detection_events"":546,""detectors_checked"":3958470}"
   3173376,         4,         0,   117.9,decoder_by_matrix,beec9fd12293a9cfe53c9b61fb8ce2a525e4eed38fa75d132d6dc64699336876,"{""distance"":3,""physical_error_rate"":0.0001}","{""detection_events"":46968,""detectors_checked"":171362304,""obs_mistake_mask=E"":4}"
   3083264,         4,         0,   116.4,decoder_by_matrix,beec9fd12293a9cfe53c9b61fb8ce2a525e4eed38fa75d132d6dc64699336876,"{""distance"":3,""physical_error_rate"":0.0001}","{""detection_events"":45687,""detectors_checked"":166496256,""obs_mistake_mask=E"":4}"
     68723,         0,         0,    1.88,decoder_by_matrix,36e3cd26fed5ec7649ec51fb08c1a5e7d7f30e615782d954fee045c18a4962ca,"{""distance"":3,""physical_error_rate"":5e-05}","{""detection_events"":429,""detectors_checked"":3711042}"
     64428,         0,         0,    1.96,decoder_by_matrix,36e3cd26fed5ec7649ec51fb08c1a5e7d7f30e615782d954fee045c18a4962ca,"{""distance"":3,""physical_error_rate"":5e-05}","{""detection_events"":492,""detectors_checked"":3479112}"
     64428,         0,         0,    2.03,decoder_by_matrix,36e3cd26fed5ec7649ec51fb08c1a5e7d7f30e615782d954fee045c18a4962ca,"{""distance"":3,""physical_error_rate"":5e-05}","{""detection_events"":507,""detectors_checked"":3479112}"
     64512,         0,         0,    2.04,decoder_by_matrix,36e3cd26fed5ec7649ec51fb08c1a5e7d7f30e615782d954fee045c18a4962ca,"{""distance"":3,""physical_error_rate"":5e-05}","{""detection_events"":429,""detectors_checked"":3483648}"
     65536,         0,         0,    2.05,decoder_by_matrix,36e3cd26fed5ec7649ec51fb08c1a5e7d7f30e615782d954fee045c18a4962ca,"{""distance"":3,""physical_error_rate"":5e-05}","{""detection_events"":504,""detectors_checked"":3538944}"
     64428,         0,         0,    1.92,decoder_by_matrix,36e3cd26fed5ec7649ec51fb08c1a5e7d7f30e615782d954fee045c18a4962ca,"{""distance"":3,""physical_error_rate"":5e-05}","{""detection_events"":510,""detectors_checked"":3479112}"
     64512,         0,         0,    2.07,decoder_by_matrix,36e3cd26fed5ec7649ec51fb08c1a5e7d7f30e615782d954fee045c18a4962ca,"{""distance"":3,""physical_error_rate"":5e-05}","{""detection_events"":534,""detectors_checked"":3483648}"
     68608,         0,         0,    2.10,decoder_by_matrix,36e3cd26fed5ec7649ec51fb08c1a5e7d7f30e615782d954fee045c18a4962ca,"{""distance"":3,""physical_error_rate"":5e-05}","{""detection_events"":411,""detectors_checked"":3704832}"
       115,         0,         0,   0.000,decoder_by_matrix,36e3cd26fed5ec7649ec51fb08c1a5e7d7f30e615782d954fee045c18a4962ca,"{""distance"":3,""physical_error_rate"":5e-05}","{""detectors_checked"":6210}"
     60401,         0,         0,    1.83,decoder_by_matrix,36e3cd26fed5ec7649ec51fb08c1a5e7d7f30e615782d954fee045c18a4962ca,"{""distance"":3,""physical_error_rate"":5e-05}","{""detection_events"":339,""detectors_checked"":3261654}"
     58368,         0,         0,    1.84,decoder_by_matrix,36e3cd26fed5ec7649ec51fb08c1a5e7d7f30e615782d954fee045c18a4962ca,"{""distance"":3,""physical_error_rate"":5e-05}","{""detection_events"":516,""detectors_checked"":3151872}"
      8590,         0,         0,   0.132,decoder_by_matrix,36e3cd26fed5ec7649ec51fb08c1a5e7d7f30e615782d954fee045c18a4962ca,"{""distance"":3,""physical_error_rate"":5e-05}","{""detection_events"":45,""detectors_checked"":463860}"
     57344,         0,         0,    1.73,decoder_by_matrix,36e3cd26fed5ec7649ec51fb08c1a5e7d7f30e615782d954fee045c18a4962ca,"{""distance"":3,""physical_error_rate"":5e-05}","{""detection_events"":405,""detectors_checked"":3096576}"
     61440,         0,         0,    1.74,decoder_by_matrix,36e3cd26fed5ec7649ec51fb08c1a5e7d7f30e615782d954fee045c18a4962ca,"{""distance"":3,""physical_error_rate"":5e-05}","{""detection_events"":384,""detectors_checked"":3317760}"
     63488,         0,         0,    2.04,decoder_by_matrix,36e3cd26fed5ec7649ec51fb08c1a5e7d7f30e615782d954fee045c18a4962ca,"{""distance"":3,""physical_error_rate"":5e-05}","{""detection_events"":474,""detectors_checked"":3428352}"
       940,         0,         0,   0.001,decoder_by_matrix,36e3cd26fed5ec7649ec51fb08c1a5e7d7f30e615782d954fee045c18a4962ca,"{""distance"":3,""physical_error_rate"":5e-05}","{""detection_events"":15,""detectors_checked"":50760}"
      2988,         0,         0,   0.002,decoder_by_matrix,36e3cd26fed5ec7649ec51fb08c1a5e7d7f30e615782d954fee045c18a4962ca,"{""distance"":3,""physical_error_rate"":5e-05}","{""detection_events"":9,""detectors_checked"":161352}"
     44032,         0,         0,    1.31,decoder_by_matrix,36e3cd26fed5ec7649ec51fb08c1a5e7d7f30e615782d954fee045c18a4962ca,"{""distance"":3,""physical_error_rate"":5e-05}","{""detection_events"":384,""detectors_checked"":2377728}"
      8054,         0,         0,   0.126,decoder_by_matrix,36e3cd26fed5ec7649ec51fb08c1a5e7d7f30e615782d954fee045c18a4962ca,"{""distance"":3,""physical_error_rate"":5e-05}","{""detection_events"":36,""detectors_checked"":434916}"
     57344,         0,         0,    1.97,decoder_by_matrix,36e3cd26fed5ec7649ec51fb08c1a5e7d7f30e615782d954fee045c18a4962ca,"{""distance"":3,""physical_error_rate"":5e-05}","{""detection_events"":468,""detectors_checked"":3096576}"
   3158016,         3,         0,   118.0,decoder_by_matrix,beec9fd12293a9cfe53c9b61fb8ce2a525e4eed38fa75d132d6dc64699336876,"{""distance"":3,""physical_error_rate"":0.0001}","{""detection_events"":45924,""detectors_checked"":170532864,""obs_mistake_mask=E"":3}"
      6060,         0,         0,   0.060,decoder_by_matrix,36e3cd26fed5ec7649ec51fb08c1a5e7d7f30e615782d954fee045c18a4962ca,"{""distance"":3,""physical_error_rate"":5e-05}","{""detection_events"":30,""detectors_checked"":327240}"
      7482,         0,         0,   0.196,decoder_by_matrix,36e3cd26fed5ec7649ec51fb08c1a5e7d7f30e615782d954fee045c18a4962ca,"{""distance"":3,""physical_error_rate"":5e-05}","{""detection_events"":93,""detectors_checked"":404028}"
       847,         0,         0,   0.000,decoder_by_matrix,36e3cd26fed5ec7649ec51fb08c1a5e7d7f30e615782d954fee045c18a4962ca,"{""distance"":3,""physical_error_rate"":5e-05}","{""detectors_checked"":45738}"
        59,         0,         0,   0.000,decoder_by_matrix,36e3cd26fed5ec7649ec51fb08c1a5e7d7f30e615782d954fee045c18a4962ca,"{""distance"":3,""physical_error_rate"":5e-05}","{""detectors_checked"":3186}"
      8322,         0,         0,   0.208,decoder_by_matrix,36e3cd26fed5ec7649ec51fb08c1a5e7d7f30e615782d954fee045c18a4962ca,"{""distance"":3,""physical_error_rate"":5e-05}","{""detection_events"":99,""detectors_checked"":449388}"
      8192,         0,         0,   0.231,decoder_by_matrix,36e3cd26fed5ec7649ec51fb08c1a5e7d7f30e615782d954fee045c18a4962ca,"{""distance"":3,""physical_error_rate"":5e-05}","{""detection_events"":45,""detectors_checked"":442368}"
      8033,         0,         0,   0.237,decoder_by_matrix,36e3cd26fed5ec7649ec51fb08c1a5e7d7f30e615782d954fee045c18a4962ca,"{""distance"":3,""physical_error_rate"":5e-05}","{""detection_events"":69,""detectors_checked"":433782}"
     21504,         0,         0,   0.627,decoder_by_matrix,36e3cd26fed5ec7649ec51fb08c1a5e7d7f30e615782d954fee045c18a4962ca,"{""distance"":3,""physical_error_rate"":5e-05}","{""detection_events"":150,""detectors_checked"":1161216}"
      9456,         0,         0,   0.231,decoder_by_matrix,36e3cd26fed5ec7649ec51fb08c1a5e7d7f30e615782d954fee045c18a4962ca,"{""distance"":3,""physical_error_rate"":5e-05}","{""detection_events"":75,""detectors_checked"":510624}"
      7084,         0,         0,   0.075,decoder_by_matrix,36e3cd26fed5ec7649ec51fb08c1a5e7d7f30e615782d954fee045c18a4962ca,"{""distance"":3,""physical_error_rate"":5e-05}","{""detection_events"":27,""detectors_checked"":382536}"
      8556,         0,         0,   0.094,decoder_by_matrix,36e3cd26fed5ec7649ec51fb08c1a5e7d7f30e615782d954fee045c18a4962ca,"{""distance"":3,""physical_error_rate"":5e-05}","{""detection_events"":57,""detectors_checked"":462024}"
      8556,         0,         0,   0.244,decoder_by_matrix,36e3cd26fed5ec7649ec51fb08c1a5e7d7f30e615782d954fee045c18a4962ca,"{""distance"":3,""physical_error_rate"":5e-05}","{""detection_events"":93,""detectors_checked"":462024}"
      7084,         0,         0,   0.186,decoder_by_matrix,36e3cd26fed5ec7649ec51fb08c1a5e7d7f30e615782d954fee045c18a4962ca,"{""distance"":3,""physical_error_rate"":5e-05}","{""detection_events"":66,""detectors_checked"":382536}"
      8192,         0,         0,   0.188,decoder_by_matrix,36e3cd26fed5ec7649ec51fb08c1a5e7d7f30e615782d954fee045c18a4962ca,"{""distance"":3,""physical_error_rate"":5e-05}","{""detection_events"":36,""detectors_checked"":442368}"
      2539,         0,         0,   0.002,decoder_by_matrix,36e3cd26fed5ec7649ec51fb08c1a5e7d7f30e615782d954fee045c18a4962ca,"{""distance"":3,""physical_error_rate"":5e-05}","{""detection_events"":12,""detectors_checked"":137106}"
       473,         0,         0,   0.001,decoder_by_matrix,36e3cd26fed5ec7649ec51fb08c1a5e7d7f30e615782d954fee045c18a4962ca,"{""distance"":3,""physical_error_rate"":5e-05}","{""detection_events"":3,""detectors_checked"":25542}"
      5083,         0,         0,   0.004,decoder_by_matrix,36e3cd26fed5ec7649ec51fb08c1a5e7d7f30e615782d954fee045c18a4962ca,"{""distance"":3,""physical_error_rate"":5e-05}","{""detection_events"":24,""detectors_checked"":274482}"
       314,         0,         0,   0.000,decoder_by_matrix,36e3cd26fed5ec7649ec51fb08c1a5e7d7f30e615782d954fee045c18a4962ca,"{""distance"":3,""physical_error_rate"":5e-05}","{""detectors_checked"":16956}"
      2939,         0,         0,   0.002,decoder_by_matrix,36e3cd26fed5ec7649ec51fb08c1a5e7d7f30e615782d954fee045c18a4962ca,"{""distance"":3,""physical_error_rate"":5e-05}","{""detection_events"":9,""detectors_checked"":158706}"
      2616,         0,         0,   0.022,decoder_by_matrix,36e3cd26fed5ec7649ec51fb08c1a5e7d7f30e615782d954fee045c18a4962ca,"{""distance"":3,""physical_error_rate"":5e-05}","{""detection_events"":27,""detectors_checked"":141264}"
      1264,         0,         0,   0.001,decoder_by_matrix,36e3cd26fed5ec7649ec51fb08c1a5e7d7f30e615782d954fee045c18a4962ca,"{""distance"":3,""physical_error_rate"":5e-05}","{""detection_events"":15,""detectors_checked"":68256}"
      2886,         0,         0,   0.098,decoder_by_matrix,36e3cd26fed5ec7649ec51fb08c1a5e7d7f30e615782d954fee045c18a4962ca,"{""distance"":3,""physical_error_rate"":5e-05}","{""detection_events"":42,""detectors_checked"":155844}"
        53,         0,         0,   0.000,decoder_by_matrix,36e3cd26fed5ec7649ec51fb08c1a5e7d7f30e615782d954fee045c18a4962ca,"{""distance"":3,""physical_error_rate"":5e-05}","{""detectors_checked"":2862}"
      3128,         0,         0,   0.036,decoder_by_matrix,36e3cd26fed5ec7649ec51fb08c1a5e7d7f30e615782d954fee045c18a4962ca,"{""distance"":3,""physical_error_rate"":5e-05}","{""detection_events"":30,""detectors_checked"":168912}"
      8192,         0,         0,   0.216,decoder_by_matrix,36e3cd26fed5ec7649ec51fb08c1a5e7d7f30e615782d954fee045c18a4962ca,"{""distance"":3,""physical_error_rate"":5e-05}","{""detection_events"":54,""detectors_checked"":442368}"
      5674,         0,         0,   0.034,decoder_by_matrix,36e3cd26fed5ec7649ec51fb08c1a5e7d7f30e615782d954fee045c18a4962ca,"{""distance"":3,""physical_error_rate"":5e-05}","{""detection_events"":18,""detectors_checked"":306396}"
       419,         0,         0,   0.000,decoder_by_matrix,36e3cd26fed5ec7649ec51fb08c1a5e7d7f30e615782d954fee045c18a4962ca,"{""distance"":3,""physical_error_rate"":5e-05}","{""detectors_checked"":22626}"
       355,         0,         0,   0.000,decoder_by_matrix,36e3cd26fed5ec7649ec51fb08c1a5e7d7f30e615782d954fee045c18a4962ca,"{""distance"":3,""physical_error_rate"":5e-05}","{""detectors_checked"":19170}"
       301,         0,         0,   0.000,decoder_by_matrix,36e3cd26fed5ec7649ec51fb08c1a5e7d7f30e615782d954fee045c18a4962ca,"{""distance"":3,""physical_error_rate"":5e-05}","{""detectors_checked"":16254}"
       419,         0,         0,   0.000,decoder_by_matrix,36e3cd26fed5ec7649ec51fb08c1a5e7d7f30e615782d954fee045c18a4962ca,"{""distance"":3,""physical_error_rate"":5e-05}","{""detectors_checked"":22626}"
       419,         0,         0,   0.000,decoder_by_matrix,36e3cd26fed5ec7649ec51fb08c1a5e7d7f30e615782d954fee045c18a4962ca,"{""distance"":3,""physical_error_rate"":5e-05}","{""detectors_checked"":22626}"
       352,         0,         0,   0.002,decoder_by_matrix,36e3cd26fed5ec7649ec51fb08c1a5e7d7f30e615782d954fee045c18a4962ca,"{""distance"":3,""physical_error_rate"":5e-05}","{""detection_events"":3,""detectors_checked"":19008}"
       277,         0,         0,   0.000,decoder_by_matrix,36e3cd26fed5ec7649ec51fb08c1a5e7d7f30e615782d954fee045c18a4962ca,"{""distance"":3,""physical_error_rate"":5e-05}","{""detectors_checked"":14958}"
       260,         0,         0,   0.000,decoder_by_matrix,36e3cd26fed5ec7649ec51fb08c1a5e7d7f30e615782d954fee045c18a4962ca,"{""distance"":3,""physical_error_rate"":5e-05}","{""detectors_checked"":14040}"
       172,         0,         0,   0.000,decoder_by_matrix,36e3cd26fed5ec7649ec51fb08c1a5e7d7f30e615782d954fee045c18a4962ca,"{""distance"":3,""physical_error_rate"":5e-05}","{""detection_events"":3,""detectors_checked"":9288}"
       233,         0,         0,   0.000,decoder_by_matrix,36e3cd26fed5ec7649ec51fb08c1a5e7d7f30e615782d954fee045c18a4962ca,"{""distance"":3,""physical_error_rate"":5e-05}","{""detection_events"":9,""detectors_checked"":12582}"
        95,         0,         0,   0.000,decoder_by_matrix,36e3cd26fed5ec7649ec51fb08c1a5e7d7f30e615782d954fee045c18a4962ca,"{""distance"":3,""physical_error_rate"":5e-05}","{""detectors_checked"":5130}"
       213,         0,         0,   0.000,decoder_by_matrix,36e3cd26fed5ec7649ec51fb08c1a5e7d7f30e615782d954fee045c18a4962ca,"{""distance"":3,""physical_error_rate"":5e-05}","{""detectors_checked"":11502}"
       419,         0,         0,   0.001,decoder_by_matrix,36e3cd26fed5ec7649ec51fb08c1a5e7d7f30e615782d954fee045c18a4962ca,"{""distance"":3,""physical_error_rate"":5e-05}","{""detection_events"":3,""detectors_checked"":22626}"
       173,         0,         0,   0.000,decoder_by_matrix,36e3cd26fed5ec7649ec51fb08c1a5e7d7f30e615782d954fee045c18a4962ca,"{""distance"":3,""physical_error_rate"":5e-05}","{""detectors_checked"":9342}"
       326,         0,         0,   0.000,decoder_by_matrix,36e3cd26fed5ec7649ec51fb08c1a5e7d7f30e615782d954fee045c18a4962ca,"{""distance"":3,""physical_error_rate"":5e-05}","{""detectors_checked"":17604}"
       159,         0,         0,   0.000,decoder_by_matrix,36e3cd26fed5ec7649ec51fb08c1a5e7d7f30e615782d954fee045c18a4962ca,"{""distance"":3,""physical_error_rate"":5e-05}","{""detectors_checked"":8586}"
       135,         0,         0,   0.000,decoder_by_matrix,36e3cd26fed5ec7649ec51fb08c1a5e7d7f30e615782d954fee045c18a4962ca,"{""distance"":3,""physical_error_rate"":5e-05}","{""detectors_checked"":7290}"
         5,         0,         0,   0.000,decoder_by_matrix,36e3cd26fed5ec7649ec51fb08c1a5e7d7f30e615782d954fee045c18a4962ca,"{""distance"":3,""physical_error_rate"":5e-05}","{""detectors_checked"":270}"
       277,         0,         0,   0.000,decoder_by_matrix,36e3cd26fed5ec7649ec51fb08c1a5e7d7f30e615782d954fee045c18a4962ca,"{""distance"":3,""physical_error_rate"":5e-05}","{""detection_events"":15,""detectors_checked"":14958}"
       159,         0,         0,   0.000,decoder_by_matrix,36e3cd26fed5ec7649ec51fb08c1a5e7d7f30e615782d954fee045c18a4962ca,"{""distance"":3,""physical_error_rate"":5e-05}","{""detectors_checked"":8586}"
       218,         0,         0,   0.001,decoder_by_matrix,36e3cd26fed5ec7649ec51fb08c1a5e7d7f30e615782d954fee045c18a4962ca,"{""distance"":3,""physical_error_rate"":5e-05}","{""detection_events"":6,""detectors_checked"":11772}"
       244,         0,         0,   0.000,decoder_by_matrix,36e3cd26fed5ec7649ec51fb08c1a5e7d7f30e615782d954fee045c18a4962ca,"{""distance"":3,""physical_error_rate"":5e-05}","{""detectors_checked"":13176}"
        28,         0,         0,   0.000,decoder_by_matrix,36e3cd26fed5ec7649ec51fb08c1a5e7d7f30e615782d954fee045c18a4962ca,"{""distance"":3,""physical_error_rate"":5e-05}","{""detectors_checked"":1512}"
       218,         0,         0,   0.000,decoder_by_matrix,36e3cd26fed5ec7649ec51fb08c1a5e7d7f30e615782d954fee045c18a4962ca,"{""distance"":3,""physical_error_rate"":5e-05}","{""detection_events"":6,""detectors_checked"":11772}"
       122,         0,         0,   0.000,decoder_by_matrix,36e3cd26fed5ec7649ec51fb08c1a5e7d7f30e615782d954fee045c18a4962ca,"{""distance"":3,""physical_error_rate"":5e-05}","{""detectors_checked"":6588}"
        13,         0,         0,   0.000,decoder_by_matrix,36e3cd26fed5ec7649ec51fb08c1a5e7d7f30e615782d954fee045c18a4962ca,"{""distance"":3,""physical_error_rate"":5e-05}","{""detectors_checked"":702}"
       199,         0,         0,   0.000,decoder_by_matrix,36e3cd26fed5ec7649ec51fb08c1a5e7d7f30e615782d954fee045c18a4962ca,"{""distance"":3,""physical_error_rate"":5e-05}","{""detectors_checked"":10746}"
       199,         0,         0,   0.000,decoder_by_matrix,36e3cd26fed5ec7649ec51fb08c1a5e7d7f30e615782d954fee045c18a4962ca,"{""distance"":3,""physical_error_rate"":5e-05}","{""detectors_checked"":10746}"
       173,         0,         0,   0.000,decoder_by_matrix,36e3cd26fed5ec7649ec51fb08c1a5e7d7f30e615782d954fee045c18a4962ca,"{""distance"":3,""physical_error_rate"":5e-05}","{""detectors_checked"":9342}"
         2,         0,         0,   0.000,decoder_by_matrix,36e3cd26fed5ec7649ec51fb08c1a5e7d7f30e615782d954fee045c18a4962ca,"{""distance"":3,""physical_error_rate"":5e-05}","{""detectors_checked"":108}"
         7,         0,         0,   0.000,decoder_by_matrix,36e3cd26fed5ec7649ec51fb08c1a5e7d7f30e615782d954fee045c18a4962ca,"{""distance"":3,""physical_error_rate"":5e-05}","{""detectors_checked"":378}"
         7,         0,         0,   0.000,decoder_by_matrix,36e3cd26fed5ec7649ec51fb08c1a5e7d7f30e615782d954fee045c18a4962ca,"{""distance"":3,""physical_error_rate"":5e-05}","{""detectors_checked"":378}"
         7,         0,         0,   0.000,decoder_by_matrix,36e3cd26fed5ec7649ec51fb08c1a5e7d7f30e615782d954fee045c18a4962ca,"{""distance"":3,""physical_error_rate"":5e-05}","{""detectors_checked"":378}"
         4,         0,         0,   0.000,decoder_by_matrix,36e3cd26fed5ec7649ec51fb08c1a5e7d7f30e615782d954fee045c18a4962ca,"{""distance"":3,""physical_error_rate"":5e-05}","{""detectors_checked"":216}"
         6,         0,         0,   0.000,decoder_by_matrix,36e3cd26fed5ec7649ec51fb08c1a5e7d7f30e615782d954fee045c18a4962ca,"{""distance"":3,""physical_error_rate"":5e-05}","{""detectors_checked"":324}"
         5,         0,         0,   0.000,decoder_by_matrix,36e3cd26fed5ec7649ec51fb08c1a5e7d7f30e615782d954fee045c18a4962ca,"{""distance"":3,""physical_error_rate"":5e-05}","{""detectors_checked"":270}"
         8,         0,         0,   0.000,decoder_by_matrix,36e3cd26fed5ec7649ec51fb08c1a5e7d7f30e615782d954fee045c18a4962ca,"{""distance"":3,""physical_error_rate"":5e-05}","{""detectors_checked"":432}"
         7,         0,         0,   0.000,decoder_by_matrix,36e3cd26fed5ec7649ec51fb08c1a5e7d7f30e615782d954fee045c18a4962ca,"{""distance"":3,""physical_error_rate"":5e-05}","{""detectors_checked"":378}"
        14,         0,         0,   0.000,decoder_by_matrix,36e3cd26fed5ec7649ec51fb08c1a5e7d7f30e615782d954fee045c18a4962ca,"{""distance"":3,""physical_error_rate"":5e-05}","{""detectors_checked"":756}"
         2,         0,         0,   0.000,decoder_by_matrix,36e3cd26fed5ec7649ec51fb08c1a5e7d7f30e615782d954fee045c18a4962ca,"{""distance"":3,""physical_error_rate"":5e-05}","{""detectors_checked"":108}"
         7,         0,         0,   0.000,decoder_by_matrix,36e3cd26fed5ec7649ec51fb08c1a5e7d7f30e615782d954fee045c18a4962ca,"{""distance"":3,""physical_error_rate"":5e-05}","{""detectors_checked"":378}"
         1,         0,         0,   0.000,decoder_by_matrix,36e3cd26fed5ec7649ec51fb08c1a5e7d7f30e615782d954fee045c18a4962ca,"{""distance"":3,""physical_error_rate"":5e-05}","{""detectors_checked"":54}"
         1,         0,         0,   0.000,decoder_by_matrix,36e3cd26fed5ec7649ec51fb08c1a5e7d7f30e615782d954fee045c18a4962ca,"{""distance"":3,""physical_error_rate"":5e-05}","{""detectors_checked"":54}"
         1,         0,         0,   0.000,decoder_by_matrix,36e3cd26fed5ec7649ec51fb08c1a5e7d7f30e615782d954fee045c18a4962ca,"{""distance"":3,""physical_error_rate"":5e-05}","{""detectors_checked"":54}"
         2,         0,         0,   0.000,decoder_by_matrix,36e3cd26fed5ec7649ec51fb08c1a5e7d7f30e615782d954fee045c18a4962ca,"{""distance"":3,""physical_error_rate"":5e-05}","{""detectors_checked"":108}"
         2,         0,         0,   0.000,decoder_by_matrix,36e3cd26fed5ec7649ec51fb08c1a5e7d7f30e615782d954fee045c18a4962ca,"{""distance"":3,""physical_error_rate"":5e-05}","{""detectors_checked"":108}"
         3,         0,         0,   0.000,decoder_by_matrix,36e3cd26fed5ec7649ec51fb08c1a5e7d7f30e615782d954fee045c18a4962ca,"{""distance"":3,""physical_error_rate"":5e-05}","{""detectors_checked"":162}"
         6,         0,         0,   0.000,decoder_by_matrix,36e3cd26fed5ec7649ec51fb08c1a5e7d7f30e615782d954fee045c18a4962ca,"{""distance"":3,""physical_error_rate"":5e-05}","{""detectors_checked"":324}"
         2,         0,         0,   0.000,decoder_by_matrix,36e3cd26fed5ec7649ec51fb08c1a5e7d7f30e615782d954fee045c18a4962ca,"{""distance"":3,""physical_error_rate"":5e-05}","{""detectors_checked"":108}"
         5,         0,         0,   0.000,decoder_by_matrix,36e3cd26fed5ec7649ec51fb08c1a5e7d7f30e615782d954fee045c18a4962ca,"{""distance"":3,""physical_error_rate"":5e-05}","{""detectors_checked"":270}"
         4,         0,         0,   0.000,decoder_by_matrix,36e3cd26fed5ec7649ec51fb08c1a5e7d7f30e615782d954fee045c18a4962ca,"{""distance"":3,""physical_error_rate"":5e-05}","{""detectors_checked"":216}"
         4,         0,         0,   0.000,decoder_by_matrix,36e3cd26fed5ec7649ec51fb08c1a5e7d7f30e615782d954fee045c18a4962ca,"{""distance"":3,""physical_error_rate"":5e-05}","{""detectors_checked"":216}"
         1,         0,         0,   0.000,decoder_by_matrix,36e3cd26fed5ec7649ec51fb08c1a5e7d7f30e615782d954fee045c18a4962ca,"{""distance"":3,""physical_error_rate"":5e-05}","{""detectors_checked"":54}"
         1,         0,         0,   0.000,decoder_by_matrix,36e3cd26fed5ec7649ec51fb08c1a5e7d7f30e615782d954fee045c18a4962ca,"{""distance"":3,""physical_error_rate"":5e-05}","{""detectors_checked"":54}"
         1,         0,         0,   0.000,decoder_by_matrix,36e3cd26fed5ec7649ec51fb08c1a5e7d7f30e615782d954fee045c18a4962ca,"{""distance"":3,""physical_error_rate"":5e-05}","{""detectors_checked"":54}"
         1,         0,         0,   0.000,decoder_by_matrix,36e3cd26fed5ec7649ec51fb08c1a5e7d7f30e615782d954fee045c18a4962ca,"{""distance"":3,""physical_error_rate"":5e-05}","{""detectors_checked"":54}"
         1,         0,         0,   0.000,decoder_by_matrix,36e3cd26fed5ec7649ec51fb08c1a5e7d7f30e615782d954fee045c18a4962ca,"{""distance"":3,""physical_error_rate"":5e-05}","{""detectors_checked"":54}"
         1,         0,         0,   0.000,decoder_by_matrix,36e3cd26fed5ec7649ec51fb08c1a5e7d7f30e615782d954fee045c18a4962ca,"{""distance"":3,""physical_error_rate"":5e-05}","{""detectors_checked"":54}"
         1,         0,         0,   0.000,decoder_by_matrix,beec9fd12293a9cfe53c9b61fb8ce2a525e4eed38fa75d132d6dc64699336876,"{""distance"":3,""physical_error_rate"":0.0001}","{""detectors_checked"":54}"
         1,         0,         0,   0.000,decoder_by_matrix,beec9fd12293a9cfe53c9b61fb8ce2a525e4eed38fa75d132d6dc64699336876,"{""distance"":3,""physical_error_rate"":0.0001}","{""detectors_checked"":54}"
      9488,         0,         0,   0.086,decoder_by_matrix,beec9fd12293a9cfe53c9b61fb8ce2a525e4eed38fa75d132d6dc64699336876,"{""distance"":3,""physical_error_rate"":0.0001}","{""detection_events"":102,""detectors_checked"":512352}"
         1,         0,         0,   0.000,decoder_by_matrix,beec9fd12293a9cfe53c9b61fb8ce2a525e4eed38fa75d132d6dc64699336876,"{""distance"":3,""physical_error_rate"":0.0001}","{""detectors_checked"":54}"
         1,         0,         0,   0.000,decoder_by_matrix,beec9fd12293a9cfe53c9b61fb8ce2a525e4eed38fa75d132d6dc64699336876,"{""distance"":3,""physical_error_rate"":0.0001}","{""detectors_checked"":54}"
         1,         0,         0,   0.000,decoder_by_matrix,beec9fd12293a9cfe53c9b61fb8ce2a525e4eed38fa75d132d6dc64699336876,"{""distance"":3,""physical_error_rate"":0.0001}","{""detectors_checked"":54}"
         1,         0,         0,   0.000,decoder_by_matrix,beec9fd12293a9cfe53c9b61fb8ce2a525e4eed38fa75d132d6dc64699336876,"{""distance"":3,""physical_error_rate"":0.0001}","{""detectors_checked"":54}"
         1,         0,         0,   0.000,decoder_by_matrix,beec9fd12293a9cfe53c9b61fb8ce2a525e4eed38fa75d132d6dc64699336876,"{""distance"":3,""physical_error_rate"":0.0001}","{""detectors_checked"":54}"
         1,         0,         0,   0.000,decoder_by_matrix,beec9fd12293a9cfe53c9b61fb8ce2a525e4eed38fa75d132d6dc64699336876,"{""distance"":3,""physical_error_rate"":0.0001}","{""detectors_checked"":54}"
         1,         0,         0,   0.000,decoder_by_matrix,beec9fd12293a9cfe53c9b61fb8ce2a525e4eed38fa75d132d6dc64699336876,"{""distance"":3,""physical_error_rate"":0.0001}","{""detectors_checked"":54}"
         1,         0,         0,   0.000,decoder_by_matrix,beec9fd12293a9cfe53c9b61fb8ce2a525e4eed38fa75d132d6dc64699336876,"{""distance"":3,""physical_error_rate"":0.0001}","{""detectors_checked"":54}"
         1,         0,         0,   0.000,decoder_by_matrix,beec9fd12293a9cfe53c9b61fb8ce2a525e4eed38fa75d132d6dc64699336876,"{""distance"":3,""physical_error_rate"":0.0001}","{""detectors_checked"":54}"
      5392,         0,         0,   0.037,decoder_by_matrix,beec9fd12293a9cfe53c9b61fb8ce2a525e4eed38fa75d132d6dc64699336876,"{""distance"":3,""physical_error_rate"":0.0001}","{""detection_events"":72,""detectors_checked"":291168}"
         1,         0,         0,   0.000,decoder_by_matrix,beec9fd12293a9cfe53c9b61fb8ce2a525e4eed38fa75d132d6dc64699336876,"{""distance"":3,""physical_error_rate"":0.0001}","{""detectors_checked"":54}"
         1,         0,         0,   0.000,decoder_by_matrix,beec9fd12293a9cfe53c9b61fb8ce2a525e4eed38fa75d132d6dc64699336876,"{""distance"":3,""physical_error_rate"":0.0001}","{""detectors_checked"":54}"
      3344,         0,         0,   0.044,decoder_by_matrix,beec9fd12293a9cfe53c9b61fb8ce2a525e4eed38fa75d132d6dc64699336876,"{""distance"":3,""physical_error_rate"":0.0001}","{""detection_events"":51,""detectors_checked"":180576}"
      3344,         0,         0,   0.044,decoder_by_matrix,beec9fd12293a9cfe53c9b61fb8ce2a525e4eed38fa75d132d6dc64699336876,"{""distance"":3,""physical_error_rate"":0.0001}","{""detection_events"":45,""detectors_checked"":180576}"
      3344,         0,         0,   0.040,decoder_by_matrix,beec9fd12293a9cfe53c9b61fb8ce2a525e4eed38fa75d132d6dc64699336876,"{""distance"":3,""physical_error_rate"":0.0001}","{""detection_events"":66,""detectors_checked"":180576}"
      4368,         0,         0,   0.049,decoder_by_matrix,beec9fd12293a9cfe53c9b61fb8ce2a525e4eed38fa75d132d6dc64699336876,"{""distance"":3,""physical_error_rate"":0.0001}","{""detection_events"":48,""detectors_checked"":235872}"
         1,         0,         0,   0.000,decoder_by_matrix,beec9fd12293a9cfe53c9b61fb8ce2a525e4eed38fa75d132d6dc64699336876,"{""distance"":3,""physical_error_rate"":0.0001}","{""detectors_checked"":54}"
      3344,         0,         0,   0.048,decoder_by_matrix,beec9fd12293a9cfe53c9b61fb8ce2a525e4eed38fa75d132d6dc64699336876,"{""distance"":3,""physical_error_rate"":0.0001}","{""detection_events"":36,""detectors_checked"":180576}"
         1,         0,         0,   0.000,decoder_by_matrix,beec9fd12293a9cfe53c9b61fb8ce2a525e4eed38fa75d132d6dc64699336876,"{""distance"":3,""physical_error_rate"":0.0001}","{""detectors_checked"":54}"
         1,         0,         0,   0.000,decoder_by_matrix,beec9fd12293a9cfe53c9b61fb8ce2a525e4eed38fa75d132d6dc64699336876,"{""distance"":3,""physical_error_rate"":0.0001}","{""detectors_checked"":54}"
      3344,         0,         0,   0.056,decoder_by_matrix,beec9fd12293a9cfe53c9b61fb8ce2a525e4eed38fa75d132d6dc64699336876,"{""distance"":3,""physical_error_rate"":0.0001}","{""detection_events"":75,""detectors_checked"":180576}"
      4368,         0,         0,   0.056,decoder_by_matrix,beec9fd12293a9cfe53c9b61fb8ce2a525e4eed38fa75d132d6dc64699336876,"{""distance"":3,""physical_error_rate"":0.0001}","{""detection_events"":27,""detectors_checked"":235872}"
      3344,         0,         0,   0.056,decoder_by_matrix,beec9fd12293a9cfe53c9b61fb8ce2a525e4eed38fa75d132d6dc64699336876,"{""distance"":3,""physical_error_rate"":0.0001}","{""detection_events"":57,""detectors_checked"":180576}"
      3344,         0,         0,   0.052,decoder_by_matrix,beec9fd12293a9cfe53c9b61fb8ce2a525e4eed38fa75d132d6dc64699336876,"{""distance"":3,""physical_error_rate"":0.0001}","{""detection_events"":54,""detectors_checked"":180576}"
      3344,         0,         0,   0.052,decoder_by_matrix,beec9fd12293a9cfe53c9b61fb8ce2a525e4eed38fa75d132d6dc64699336876,"{""distance"":3,""physical_error_rate"":0.0001}","{""detection_events"":60,""detectors_checked"":180576}"
      3072,         0,         0,   0.052,decoder_by_matrix,beec9fd12293a9cfe53c9b61fb8ce2a525e4eed38fa75d132d6dc64699336876,"{""distance"":3,""physical_error_rate"":0.0001}","{""detection_events"":57,""detectors_checked"":165888}"
      3072,         0,         0,   0.052,decoder_by_matrix,beec9fd12293a9cfe53c9b61fb8ce2a525e4eed38fa75d132d6dc64699336876,"{""distance"":3,""physical_error_rate"":0.0001}","{""detection_events"":69,""detectors_checked"":165888}"
      3072,         0,         0,   0.052,decoder_by_matrix,beec9fd12293a9cfe53c9b61fb8ce2a525e4eed38fa75d132d6dc64699336876,"{""distance"":3,""physical_error_rate"":0.0001}","{""detection_events"":81,""detectors_checked"":165888}"
      3072,         0,         0,   0.052,decoder_by_matrix,beec9fd12293a9cfe53c9b61fb8ce2a525e4eed38fa75d132d6dc64699336876,"{""distance"":3,""physical_error_rate"":0.0001}","{""detection_events"":48,""detectors_checked"":165888}"
      4368,         0,         0,   0.053,decoder_by_matrix,beec9fd12293a9cfe53c9b61fb8ce2a525e4eed38fa75d132d6dc64699336876,"{""distance"":3,""physical_error_rate"":0.0001}","{""detection_events"":66,""detectors_checked"":235872}"
      4096,         0,         0,   0.052,decoder_by_matrix,beec9fd12293a9cfe53c9b61fb8ce2a525e4eed38fa75d132d6dc64699336876,"{""distance"":3,""physical_error_rate"":0.0001}","{""detection_events"":63,""detectors_checked"":221184}"
      4368,         0,         0,   0.053,decoder_by_matrix,beec9fd12293a9cfe53c9b61fb8ce2a525e4eed38fa75d132d6dc64699336876,"{""distance"":3,""physical_error_rate"":0.0001}","{""detection_events"":30,""detectors_checked"":235872}"
      4368,         0,         0,   0.053,decoder_by_matrix,beec9fd12293a9cfe53c9b61fb8ce2a525e4eed38fa75d132d6dc64699336876,"{""distance"":3,""physical_error_rate"":0.0001}","{""detection_events"":51,""detectors_checked"":235872}"
      3072,         0,         0,   0.052,decoder_by_matrix,beec9fd12293a9cfe53c9b61fb8ce2a525e4eed38fa75d132d6dc64699336876,"{""distance"":3,""physical_error_rate"":0.0001}","{""detection_events"":45,""detectors_checked"":165888}"
      3072,         0,         0,   0.052,decoder_by_matrix,beec9fd12293a9cfe53c9b61fb8ce2a525e4eed38fa75d132d6dc64699336876,"{""distance"":3,""physical_error_rate"":0.0001}","{""detection_events"":57,""detectors_checked"":165888}"
      4096,         0,         0,   0.051,decoder_by_matrix,beec9fd12293a9cfe53c9b61fb8ce2a525e4eed38fa75d132d6dc64699336876,"{""distance"":3,""physical_error_rate"":0.0001}","{""detection_events"":51,""detectors_checked"":221184}"
      3072,         0,         0,   0.052,decoder_by_matrix,beec9fd12293a9cfe53c9b61fb8ce2a525e4eed38fa75d132d6dc64699336876,"{""distance"":3,""physical_error_rate"":0.0001}","{""detection_events"":57,""detectors_checked"":165888}"
      3072,         0,         0,   0.112,decoder_by_matrix,beec9fd12293a9cfe53c9b61fb8ce2a525e4eed38fa75d132d6dc64699336876,"{""distance"":3,""physical_error_rate"":0.0001}","{""detection_events"":54,""detectors_checked"":165888}"
      3072,         0,         0,   0.056,decoder_by_matrix,beec9fd12293a9cfe53c9b61fb8ce2a525e4eed38fa75d132d6dc64699336876,"{""distance"":3,""physical_error_rate"":0.0001}","{""detection_events"":84,""detectors_checked"":165888}"
      3072,         0,         0,   0.056,decoder_by_matrix,beec9fd12293a9cfe53c9b61fb8ce2a525e4eed38fa75d132d6dc64699336876,"{""distance"":3,""physical_error_rate"":0.0001}","{""detection_events"":63,""detectors_checked"":165888}"
      4096,         0,         0,   0.056,decoder_by_matrix,beec9fd12293a9cfe53c9b61fb8ce2a525e4eed38fa75d132d6dc64699336876,"{""distance"":3,""physical_error_rate"":0.0001}","{""detection_events"":45,""detectors_checked"":221184}"
      3072,         0,         0,   0.052,decoder_by_matrix,beec9fd12293a9cfe53c9b61fb8ce2a525e4eed38fa75d132d6dc64699336876,"{""distance"":3,""physical_error_rate"":0.0001}","{""detection_events"":60,""detectors_checked"":165888}"
      4096,         0,         0,   0.060,decoder_by_matrix,beec9fd12293a9cfe53c9b61fb8ce2a525e4eed38fa75d132d6dc64699336876,"{""distance"":3,""physical_error_rate"":0.0001}","{""detection_events"":63,""detectors_checked"":221184}"
      3072,         0,         0,   0.055,decoder_by_matrix,beec9fd12293a9cfe53c9b61fb8ce2a525e4eed38fa75d132d6dc64699336876,"{""distance"":3,""physical_error_rate"":0.0001}","{""detection_events"":51,""detectors_checked"":165888}"
      8464,         0,         0,   0.281,decoder_by_matrix,beec9fd12293a9cfe53c9b61fb8ce2a525e4eed38fa75d132d6dc64699336876,"{""distance"":3,""physical_error_rate"":0.0001}","{""detection_events"":177,""detectors_checked"":457056}"
      4096,         0,         0,   0.064,decoder_by_matrix,beec9fd12293a9cfe53c9b61fb8ce2a525e4eed38fa75d132d6dc64699336876,"{""distance"":3,""physical_error_rate"":0.0001}","{""detection_events"":42,""detectors_checked"":221184}"
      3072,         0,         0,   0.064,decoder_by_matrix,beec9fd12293a9cfe53c9b61fb8ce2a525e4eed38fa75d132d6dc64699336876,"{""distance"":3,""physical_error_rate"":0.0001}","{""detection_events"":45,""detectors_checked"":165888}"
      3072,         0,         0,   0.064,decoder_by_matrix,beec9fd12293a9cfe53c9b61fb8ce2a525e4eed38fa75d132d6dc64699336876,"{""distance"":3,""physical_error_rate"":0.0001}","{""detection_events"":81,""detectors_checked"":165888}"
   3123200,         2,         0,   117.3,decoder_by_matrix,beec9fd12293a9cfe53c9b61fb8ce2a525e4eed38fa75d132d6dc64699336876,"{""distance"":3,""physical_error_rate"":0.0001}","{""detection_events"":45552,""detectors_checked"":168652800,""obs_mistake_mask=E"":2}"
      4096,         0,         0,   0.096,decoder_by_matrix,beec9fd12293a9cfe53c9b61fb8ce2a525e4eed38fa75d132d6dc64699336876,"{""distance"":3,""physical_error_rate"":0.0001}","{""detection_events"":45,""detectors_checked"":221184}"
      3072,         0,         0,   0.004,decoder_by_matrix,beec9fd12293a9cfe53c9b61fb8ce2a525e4eed38fa75d132d6dc64699336876,"{""distance"":3,""physical_error_rate"":0.0001}","{""detection_events"":42,""detectors_checked"":165888}"
      4096,         0,         0,   0.104,decoder_by_matrix,beec9fd12293a9cfe53c9b61fb8ce2a525e4eed38fa75d132d6dc64699336876,"{""distance"":3,""physical_error_rate"":0.0001}","{""detection_events"":72,""detectors_checked"":221184}"
      3072,         0,         0,   0.100,decoder_by_matrix,beec9fd12293a9cfe53c9b61fb8ce2a525e4eed38fa75d132d6dc64699336876,"{""distance"":3,""physical_error_rate"":0.0001}","{""detection_events"":36,""detectors_checked"":165888}"
      4096,         0,         0,   0.108,decoder_by_matrix,beec9fd12293a9cfe53c9b61fb8ce2a525e4eed38fa75d132d6dc64699336876,"{""distance"":3,""physical_error_rate"":0.0001}","{""detection_events"":24,""detectors_checked"":221184}"
      4096,         0,         0,   0.113,decoder_by_matrix,beec9fd12293a9cfe53c9b61fb8ce2a525e4eed38fa75d132d6dc64699336876,"{""distance"":3,""physical_error_rate"":0.0001}","{""detection_events"":36,""detectors_checked"":221184}"
      3072,         0,         0,   0.003,decoder_by_matrix,beec9fd12293a9cfe53c9b61fb8ce2a525e4eed38fa75d132d6dc64699336876,"{""distance"":3,""physical_error_rate"":0.0001}","{""detection_events"":48,""detectors_checked"":165888}"
      4096,         0,         0,   0.299,decoder_by_matrix,beec9fd12293a9cfe53c9b61fb8ce2a525e4eed38fa75d132d6dc64699336876,"{""distance"":3,""physical_error_rate"":0.0001}","{""detection_events"":66,""detectors_checked"":221184}"
      3072,         0,         0,   0.130,decoder_by_matrix,beec9fd12293a9cfe53c9b61fb8ce2a525e4eed38fa75d132d6dc64699336876,"{""distance"":3,""physical_error_rate"":0.0001}","{""detection_events"":72,""detectors_checked"":165888}"
      3072,         0,         0,   0.130,decoder_by_matrix,beec9fd12293a9cfe53c9b61fb8ce2a525e4eed38fa75d132d6dc64699336876,"{""distance"":3,""physical_error_rate"":0.0001}","{""detection_events"":60,""detectors_checked"":165888}"
      3072,         0,         0,   0.130,decoder_by_matrix,beec9fd12293a9cfe53c9b61fb8ce2a525e4eed38fa75d132d6dc64699336876,"{""distance"":3,""physical_error_rate"":0.0001}","{""detection_events"":51,""detectors_checked"":165888}"
      3072,         0,         0,   0.130,decoder_by_matrix,beec9fd12293a9cfe53c9b61fb8ce2a525e4eed38fa75d132d6dc64699336876,"{""distance"":3,""physical_error_rate"":0.0001}","{""detection_events"":30,""detectors_checked"":165888}"
      3072,         0,         0,   0.134,decoder_by_matrix,beec9fd12293a9cfe53c9b61fb8ce2a525e4eed38fa75d132d6dc64699336876,"{""distance"":3,""physical_error_rate"":0.0001}","{""detection_events"":21,""detectors_checked"":165888}"
      3072,         0,         0,   0.133,decoder_by_matrix,beec9fd12293a9cfe53c9b61fb8ce2a525e4eed38fa75d132d6dc64699336876,"{""distance"":3,""physical_error_rate"":0.0001}","{""detection_events"":30,""detectors_checked"":165888}"
      3072,         0,         0,   0.134,decoder_by_matrix,beec9fd12293a9cfe53c9b61fb8ce2a525e4eed38fa75d132d6dc64699336876,"{""distance"":3,""physical_error_rate"":0.0001}","{""detection_events"":81,""detectors_checked"":165888}"
      3072,         0,         0,   0.134,decoder_by_matrix,beec9fd12293a9cfe53c9b61fb8ce2a525e4eed38fa75d132d6dc64699336876,"{""distance"":3,""physical_error_rate"":0.0001}","{""detection_events"":45,""detectors_checked"":165888}"
      3072,         0,         0,   0.135,decoder_by_matrix,beec9fd12293a9cfe53c9b61fb8ce2a525e4eed38fa75d132d6dc64699336876,"{""distance"":3,""physical_error_rate"":0.0001}","{""detection_events"":21,""detectors_checked"":165888}"
      3072,         0,         0,   0.136,decoder_by_matrix,beec9fd12293a9cfe53c9b61fb8ce2a525e4eed38fa75d132d6dc64699336876,"{""distance"":3,""physical_error_rate"":0.0001}","{""detection_events"":48,""detectors_checked"":165888}"
      3072,         0,         0,   0.136,decoder_by_matrix,beec9fd12293a9cfe53c9b61fb8ce2a525e4eed38fa75d132d6dc64699336876,"{""distance"":3,""physical_error_rate"":0.0001}","{""detection_events"":39,""detectors_checked"":165888}"
      3072,         0,         0,   0.132,decoder_by_matrix,beec9fd12293a9cfe53c9b61fb8ce2a525e4eed38fa75d132d6dc64699336876,"{""distance"":3,""physical_error_rate"":0.0001}","{""detection_events"":42,""detectors_checked"":165888}"
      3072,         0,         0,   0.140,decoder_by_matrix,beec9fd12293a9cfe53c9b61fb8ce2a525e4eed38fa75d132d6dc64699336876,"{""distance"":3,""physical_error_rate"":0.0001}","{""detection_events"":36,""detectors_checked"":165888}"
      3072,         0,         0,   0.130,decoder_by_matrix,beec9fd12293a9cfe53c9b61fb8ce2a525e4eed38fa75d132d6dc64699336876,"{""distance"":3,""physical_error_rate"":0.0001}","{""detection_events"":60,""detectors_checked"":165888}"
      3072,         0,         0,   0.130,decoder_by_matrix,beec9fd12293a9cfe53c9b61fb8ce2a525e4eed38fa75d132d6dc64699336876,"{""distance"":3,""physical_error_rate"":0.0001}","{""detection_events"":72,""detectors_checked"":165888}"
      3072,         0,         0,   0.130,decoder_by_matrix,beec9fd12293a9cfe53c9b61fb8ce2a525e4eed38fa75d132d6dc64699336876,"{""distance"":3,""physical_error_rate"":0.0001}","{""detection_events"":45,""detectors_checked"":165888}"
      3072,         0,         0,   0.126,decoder_by_matrix,beec9fd12293a9cfe53c9b61fb8ce2a525e4eed38fa75d132d6dc64699336876,"{""distance"":3,""physical_error_rate"":0.0001}","{""detection_events"":45,""detectors_checked"":165888}"
      3072,         0,         0,   0.134,decoder_by_matrix,beec9fd12293a9cfe53c9b61fb8ce2a525e4eed38fa75d132d6dc64699336876,"{""distance"":3,""physical_error_rate"":0.0001}","{""detection_events"":60,""detectors_checked"":165888}"
      3072,         0,         0,   0.129,decoder_by_matrix,beec9fd12293a9cfe53c9b61fb8ce2a525e4eed38fa75d132d6dc64699336876,"{""distance"":3,""physical_error_rate"":0.0001}","{""detection_events"":21,""detectors_checked"":165888}"
      3072,         0,         0,   0.130,decoder_by_matrix,beec9fd12293a9cfe53c9b61fb8ce2a525e4eed38fa75d132d6dc64699336876,"{""distance"":3,""physical_error_rate"":0.0001}","{""detection_events"":54,""detectors_checked"":165888}"
      3072,         0,         0,   0.130,decoder_by_matrix,beec9fd12293a9cfe53c9b61fb8ce2a525e4eed38fa75d132d6dc64699336876,"{""distance"":3,""physical_error_rate"":0.0001}","{""detection_events"":69,""detectors_checked"":165888}"
      3072,         0,         0,   0.130,decoder_by_matrix,beec9fd12293a9cfe53c9b61fb8ce2a525e4eed38fa75d132d6dc64699336876,"{""distance"":3,""physical_error_rate"":0.0001}","{""detection_events"":96,""detectors_checked"":165888}"
      3072,         0,         0,   0.129,decoder_by_matrix,beec9fd12293a9cfe53c9b61fb8ce2a525e4eed38fa75d132d6dc64699336876,"{""distance"":3,""physical_error_rate"":0.0001}","{""detection_events"":39,""detectors_checked"":165888}"
      3072,         0,         0,   0.130,decoder_by_matrix,beec9fd12293a9cfe53c9b61fb8ce2a525e4eed38fa75d132d6dc64699336876,"{""distance"":3,""physical_error_rate"":0.0001}","{""detection_events"":39,""detectors_checked"":165888}"
      3072,         0,         0,   0.117,decoder_by_matrix,beec9fd12293a9cfe53c9b61fb8ce2a525e4eed38fa75d132d6dc64699336876,"{""distance"":3,""physical_error_rate"":0.0001}","{""detection_events"":48,""detectors_checked"":165888}"
      3072,         0,         0,   0.125,decoder_by_matrix,beec9fd12293a9cfe53c9b61fb8ce2a525e4eed38fa75d132d6dc64699336876,"{""distance"":3,""physical_error_rate"":0.0001}","{""detection_events"":72,""detectors_checked"":165888}"
      3072,         0,         0,   0.121,decoder_by_matrix,beec9fd12293a9cfe53c9b61fb8ce2a525e4eed38fa75d132d6dc64699336876,"{""distance"":3,""physical_error_rate"":0.0001}","{""detection_events"":39,""detectors_checked"":165888}"
      3072,         0,         0,   0.128,decoder_by_matrix,beec9fd12293a9cfe53c9b61fb8ce2a525e4eed38fa75d132d6dc64699336876,"{""distance"":3,""physical_error_rate"":0.0001}","{""detection_events"":18,""detectors_checked"":165888}"
      3072,         0,         0,   0.125,decoder_by_matrix,beec9fd12293a9cfe53c9b61fb8ce2a525e4eed38fa75d132d6dc64699336876,"{""distance"":3,""physical_error_rate"":0.0001}","{""detection_events"":78,""detectors_checked"":165888}"
      3072,         0,         0,   0.161,decoder_by_matrix,beec9fd12293a9cfe53c9b61fb8ce2a525e4eed38fa75d132d6dc64699336876,"{""distance"":3,""physical_error_rate"":0.0001}","{""detection_events"":48,""detectors_checked"":165888}"
      3072,         0,         0,   0.129,decoder_by_matrix,beec9fd12293a9cfe53c9b61fb8ce2a525e4eed38fa75d132d6dc64699336876,"{""distance"":3,""physical_error_rate"":0.0001}","{""detection_events"":48,""detectors_checked"":165888}"
      3072,         0,         0,   0.129,decoder_by_matrix,beec9fd12293a9cfe53c9b61fb8ce2a525e4eed38fa75d132d6dc64699336876,"{""distance"":3,""physical_error_rate"":0.0001}","{""detection_events"":42,""detectors_checked"":165888}"
      4096,         0,         0,   0.125,decoder_by_matrix,beec9fd12293a9cfe53c9b61fb8ce2a525e4eed38fa75d132d6dc64699336876,"{""distance"":3,""physical_error_rate"":0.0001}","{""detection_events"":39,""detectors_checked"":221184}"
      3072,         0,         0,   0.133,decoder_by_matrix,beec9fd12293a9cfe53c9b61fb8ce2a525e4eed38fa75d132d6dc64699336876,"{""distance"":3,""physical_error_rate"":0.0001}","{""detection_events"":48,""detectors_checked"":165888}"
      3072,         0,         0,   0.129,decoder_by_matrix,beec9fd12293a9cfe53c9b61fb8ce2a525e4eed38fa75d132d6dc64699336876,"{""distance"":3,""physical_error_rate"":0.0001}","{""detection_events"":81,""detectors_checked"":165888}"
      4096,         0,         0,   0.129,decoder_by_matrix,beec9fd12293a9cfe53c9b61fb8ce2a525e4eed38fa75d132d6dc64699336876,"{""distance"":3,""physical_error_rate"":0.0001}","{""detection_events"":27,""detectors_checked"":221184}"
      3072,         0,         0,   0.129,decoder_by_matrix,beec9fd12293a9cfe53c9b61fb8ce2a525e4eed38fa75d132d6dc64699336876,"{""distance"":3,""physical_error_rate"":0.0001}","{""detection_events"":111,""detectors_checked"":165888}"
      3072,         0,         0,   0.129,decoder_by_matrix,beec9fd12293a9cfe53c9b61fb8ce2a525e4eed38fa75d132d6dc64699336876,"{""distance"":3,""physical_error_rate"":0.0001}","{""detection_events"":24,""detectors_checked"":165888}"
      3072,         0,         0,   0.129,decoder_by_matrix,beec9fd12293a9cfe53c9b61fb8ce2a525e4eed38fa75d132d6dc64699336876,"{""distance"":3,""physical_error_rate"":0.0001}","{""detection_events"":60,""detectors_checked"":165888}"
      3072,         0,         0,   0.129,decoder_by_matrix,beec9fd12293a9cfe53c9b61fb8ce2a525e4eed38fa75d132d6dc64699336876,"{""distance"":3,""physical_error_rate"":0.0001}","{""detection_events"":87,""detectors_checked"":165888}"
      3072,         0,         0,   0.117,decoder_by_matrix,beec9fd12293a9cfe53c9b61fb8ce2a525e4eed38fa75d132d6dc64699336876,"{""distance"":3,""physical_error_rate"":0.0001}","{""detection_events"":39,""detectors_checked"":165888}"
      3072,         0,         0,   0.130,decoder_by_matrix,beec9fd12293a9cfe53c9b61fb8ce2a525e4eed38fa75d132d6dc64699336876,"{""distance"":3,""physical_error_rate"":0.0001}","{""detection_events"":51,""detectors_checked"":165888}"
      3072,         0,         0,   0.130,decoder_by_matrix,beec9fd12293a9cfe53c9b61fb8ce2a525e4eed38fa75d132d6dc64699336876,"{""distance"":3,""physical_error_rate"":0.0001}","{""detection_events"":39,""detectors_checked"":165888}"
      3072,         0,         0,   0.130,decoder_by_matrix,beec9fd12293a9cfe53c9b61fb8ce2a525e4eed38fa75d132d6dc64699336876,"{""distance"":3,""physical_error_rate"":0.0001}","{""detection_events"":33,""detectors_checked"":165888}"
      4096,         0,         0,   0.130,decoder_by_matrix,beec9fd12293a9cfe53c9b61fb8ce2a525e4eed38fa75d132d6dc64699336876,"{""distance"":3,""physical_error_rate"":0.0001}","{""detection_events"":75,""detectors_checked"":221184}"
      5120,         0,         0,   0.130,decoder_by_matrix,beec9fd12293a9cfe53c9b61fb8ce2a525e4eed38fa75d132d6dc64699336876,"{""distance"":3,""physical_error_rate"":0.0001}","{""detection_events"":27,""detectors_checked"":276480}"
      3072,         0,         0,   0.130,decoder_by_matrix,beec9fd12293a9cfe53c9b61fb8ce2a525e4eed38fa75d132d6dc64699336876,"{""distance"":3,""physical_error_rate"":0.0001}","{""detection_events"":39,""detectors_checked"":165888}"
      3072,         0,         0,   0.130,decoder_by_matrix,beec9fd12293a9cfe53c9b61fb8ce2a525e4eed38fa75d132d6dc64699336876,"{""distance"":3,""physical_error_rate"":0.0001}","{""detection_events"":75,""detectors_checked"":165888}"
      3072,         0,         0,   0.130,decoder_by_matrix,beec9fd12293a9cfe53c9b61fb8ce2a525e4eed38fa75d132d6dc64699336876,"{""distance"":3,""physical_error_rate"":0.0001}","{""detection_events"":75,""detectors_checked"":165888}"
      3072,         0,         0,   0.130,decoder_by_matrix,beec9fd12293a9cfe53c9b61fb8ce2a525e4eed38fa75d132d6dc64699336876,"{""distance"":3,""physical_error_rate"":0.0001}","{""detection_events"":54,""detectors_checked"":165888}"
      3072,         0,         0,   0.130,decoder_by_matrix,beec9fd12293a9cfe53c9b61fb8ce2a525e4eed38fa75d132d6dc64699336876,"{""distance"":3,""physical_error_rate"":0.0001}","{""detection_events"":39,""detectors_checked"":165888}"
      3072,         0,         0,   0.130,decoder_by_matrix,beec9fd12293a9cfe53c9b61fb8ce2a525e4eed38fa75d132d6dc64699336876,"{""distance"":3,""physical_error_rate"":0.0001}","{""detection_events"":51,""detectors_checked"":165888}"
      3072,         0,         0,   0.130,decoder_by_matrix,beec9fd12293a9cfe53c9b61fb8ce2a525e4eed38fa75d132d6dc64699336876,"{""distance"":3,""physical_error_rate"":0.0001}","{""detection_events"":39,""detectors_checked"":165888}"
      4096,         0,         0,   0.130,decoder_by_matrix,beec9fd12293a9cfe53c9b61fb8ce2a525e4eed38fa75d132d6dc64699336876,"{""distance"":3,""physical_error_rate"":0.0001}","{""detection_events"":33,""detectors_checked"":221184}"
      3072,         0,         0,   0.134,decoder_by_matrix,beec9fd12293a9cfe53c9b61fb8ce2a525e4eed38fa75d132d6dc64699336876,"{""distance"":3,""physical_error_rate"":0.0001}","{""detection_events"":63,""detectors_checked"":165888}"
      3072,         0,         0,   0.134,decoder_by_matrix,beec9fd12293a9cfe53c9b61fb8ce2a525e4eed38fa75d132d6dc64699336876,"{""distance"":3,""physical_error_rate"":0.0001}","{""detection_events"":33,""detectors_checked"":165888}"
      3072,         0,         0,   0.124,decoder_by_matrix,beec9fd12293a9cfe53c9b61fb8ce2a525e4eed38fa75d132d6dc64699336876,"{""distance"":3,""physical_error_rate"":0.0001}","{""detection_events"":27,""detectors_checked"":165888}"
      4096,         0,         0,   0.157,decoder_by_matrix,beec9fd12293a9cfe53c9b61fb8ce2a525e4eed38fa75d132d6dc64699336876,"{""distance"":3,""physical_error_rate"":0.0001}","{""detection_events"":57,""detectors_checked"":221184}"
      3072,         0,         0,   0.129,decoder_by_matrix,beec9fd12293a9cfe53c9b61fb8ce2a525e4eed38fa75d132d6dc64699336876,"{""distance"":3,""physical_error_rate"":0.0001}","{""detection_events"":54,""detectors_checked"":165888}"
      5120,         0,         0,   0.130,decoder_by_matrix,beec9fd12293a9cfe53c9b61fb8ce2a525e4eed38fa75d132d6dc64699336876,"{""distance"":3,""physical_error_rate"":0.0001}","{""detection_events"":51,""detectors_checked"":276480}"
      3072,         0,         0,   0.129,decoder_by_matrix,beec9fd12293a9cfe53c9b61fb8ce2a525e4eed38fa75d132d6dc64699336876,"{""distance"":3,""physical_error_rate"":0.0001}","{""detection_events"":69,""detectors_checked"":165888}"
      3072,         0,         0,   0.129,decoder_by_matrix,beec9fd12293a9cfe53c9b61fb8ce2a525e4eed38fa75d132d6dc64699336876,"{""distance"":3,""physical_error_rate"":0.0001}","{""detection_events"":30,""detectors_checked"":165888}"
      4096,         0,         0,   0.129,decoder_by_matrix,beec9fd12293a9cfe53c9b61fb8ce2a525e4eed38fa75d132d6dc64699336876,"{""distance"":3,""physical_error_rate"":0.0001}","{""detection_events"":93,""detectors_checked"":221184}"
      3072,         0,         0,   0.125,decoder_by_matrix,beec9fd12293a9cfe53c9b61fb8ce2a525e4eed38fa75d132d6dc64699336876,"{""distance"":3,""physical_error_rate"":0.0001}","{""detection_events"":54,""detectors_checked"":165888}"
      3072,         0,         0,   0.127,decoder_by_matrix,beec9fd12293a9cfe53c9b61fb8ce2a525e4eed38fa75d132d6dc64699336876,"{""distance"":3,""physical_error_rate"":0.0001}","{""detection_events"":54,""detectors_checked"":165888}"
      4096,         0,         0,   0.127,decoder_by_matrix,beec9fd12293a9cfe53c9b61fb8ce2a525e4eed38fa75d132d6dc64699336876,"{""distance"":3,""physical_error_rate"":0.0001}","{""detection_events"":66,""detectors_checked"":221184}"
      3072,         0,         0,   0.131,decoder_by_matrix,beec9fd12293a9cfe53c9b61fb8ce2a525e4eed38fa75d132d6dc64699336876,"{""distance"":3,""physical_error_rate"":0.0001}","{""detection_events"":51,""detectors_checked"":165888}"
      8192,         0,         0,   0.225,decoder_by_matrix,beec9fd12293a9cfe53c9b61fb8ce2a525e4eed38fa75d132d6dc64699336876,"{""distance"":3,""physical_error_rate"":0.0001}","{""detection_events"":147,""detectors_checked"":442368}"
      7168,         0,         0,   0.268,decoder_by_matrix,beec9fd12293a9cfe53c9b61fb8ce2a525e4eed38fa75d132d6dc64699336876,"{""distance"":3,""physical_error_rate"":0.0001}","{""detection_events"":132,""detectors_checked"":387072}"
      3072,         0,         0,   0.138,decoder_by_matrix,beec9fd12293a9cfe53c9b61fb8ce2a525e4eed38fa75d132d6dc64699336876,"{""distance"":3,""physical_error_rate"":0.0001}","{""detection_events"":51,""detectors_checked"":165888}"
      6144,         0,         0,   0.258,decoder_by_matrix,beec9fd12293a9cfe53c9b61fb8ce2a525e4eed38fa75d132d6dc64699336876,"{""distance"":3,""physical_error_rate"":0.0001}","{""detection_events"":48,""detectors_checked"":331776}"
      7168,         0,         0,   0.266,decoder_by_matrix,beec9fd12293a9cfe53c9b61fb8ce2a525e4eed38fa75d132d6dc64699336876,"{""distance"":3,""physical_error_rate"":0.0001}","{""detection_events"":69,""detectors_checked"":387072}"
      3072,         0,         0,   0.128,decoder_by_matrix,beec9fd12293a9cfe53c9b61fb8ce2a525e4eed38fa75d132d6dc64699336876,"{""distance"":3,""physical_error_rate"":0.0001}","{""detection_events"":33,""detectors_checked"":165888}"
      6144,         0,         0,   0.255,decoder_by_matrix,beec9fd12293a9cfe53c9b61fb8ce2a525e4eed38fa75d132d6dc64699336876,"{""distance"":3,""physical_error_rate"":0.0001}","{""detection_events"":105,""detectors_checked"":331776}"
      6144,         0,         0,   0.254,decoder_by_matrix,beec9fd12293a9cfe53c9b61fb8ce2a525e4eed38fa75d132d6dc64699336876,"{""distance"":3,""physical_error_rate"":0.0001}","{""detection_events"":81,""detectors_checked"":331776}"
      7168,         0,         0,   0.207,decoder_by_matrix,beec9fd12293a9cfe53c9b61fb8ce2a525e4eed38fa75d132d6dc64699336876,"{""distance"":3,""physical_error_rate"":0.0001}","{""detection_events"":75,""detectors_checked"":387072}"
      6144,         0,         0,   0.262,decoder_by_matrix,beec9fd12293a9cfe53c9b61fb8ce2a525e4eed38fa75d132d6dc64699336876,"{""distance"":3,""physical_error_rate"":0.0001}","{""detection_events"":153,""detectors_checked"":331776}"
      7168,         0,         0,   0.261,decoder_by_matrix,beec9fd12293a9cfe53c9b61fb8ce2a525e4eed38fa75d132d6dc64699336876,"{""distance"":3,""physical_error_rate"":0.0001}","{""detection_events"":141,""detectors_checked"":387072}"
      7168,         0,         0,   0.261,decoder_by_matrix,beec9fd12293a9cfe53c9b61fb8ce2a525e4eed38fa75d132d6dc64699336876,"{""distance"":3,""physical_error_rate"":0.0001}","{""detection_events"":81,""detectors_checked"":387072}"
      7168,         0,         0,   0.261,decoder_by_matrix,beec9fd12293a9cfe53c9b61fb8ce2a525e4eed38fa75d132d6dc64699336876,"{""distance"":3,""physical_error_rate"":0.0001}","{""detection_events"":90,""detectors_checked"":387072}"
      6144,         0,         0,   0.262,decoder_by_matrix,beec9fd12293a9cfe53c9b61fb8ce2a525e4eed38fa75d132d6dc64699336876,"{""distance"":3,""physical_error_rate"":0.0001}","{""detection_events"":93,""detectors_checked"":331776}"
      6144,         0,         0,   0.256,decoder_by_matrix,beec9fd12293a9cfe53c9b61fb8ce2a525e4eed38fa75d132d6dc64699336876,"{""distance"":3,""physical_error_rate"":0.0001}","{""detection_events"":108,""detectors_checked"":331776}"
      6144,         0,         0,   0.256,decoder_by_matrix,beec9fd12293a9cfe53c9b61fb8ce2a525e4eed38fa75d132d6dc64699336876,"{""distance"":3,""physical_error_rate"":0.0001}","{""detection_events"":60,""detectors_checked"":331776}"
      5120,         0,         0,   0.215,decoder_by_matrix,beec9fd12293a9cfe53c9b61fb8ce2a525e4eed38fa75d132d6dc64699336876,"{""distance"":3,""physical_error_rate"":0.0001}","{""detection_events"":69,""detectors_checked"":276480}"
      6144,         0,         0,   0.257,decoder_by_matrix,beec9fd12293a9cfe53c9b61fb8ce2a525e4eed38fa75d132d6dc64699336876,"{""distance"":3,""physical_error_rate"":0.0001}","{""detection_events"":123,""detectors_checked"":331776}"
      6144,         0,         0,   0.257,decoder_by_matrix,beec9fd12293a9cfe53c9b61fb8ce2a525e4eed38fa75d132d6dc64699336876,"{""distance"":3,""physical_error_rate"":0.0001}","{""detection_events"":114,""detectors_checked"":331776}"
      6144,         0,         0,   0.257,decoder_by_matrix,beec9fd12293a9cfe53c9b61fb8ce2a525e4eed38fa75d132d6dc64699336876,"{""distance"":3,""physical_error_rate"":0.0001}","{""detection_events"":87,""detectors_checked"":331776}"
      6144,         0,         0,   0.257,decoder_by_matrix,beec9fd12293a9cfe53c9b61fb8ce2a525e4eed38fa75d132d6dc64699336876,"{""distance"":3,""physical_error_rate"":0.0001}","{""detection_events"":90,""detectors_checked"":331776}"
      6144,         0,         0,   0.257,decoder_by_matrix,beec9fd12293a9cfe53c9b61fb8ce2a525e4eed38fa75d132d6dc64699336876,"{""distance"":3,""physical_error_rate"":0.0001}","{""detection_events"":75,""detectors_checked"":331776}"
      6144,         0,         0,   0.256,decoder_by_matrix,beec9fd12293a9cfe53c9b61fb8ce2a525e4eed38fa75d132d6dc64699336876,"{""distance"":3,""physical_error_rate"":0.0001}","{""detection_events"":84,""detectors_checked"":331776}"
      6144,         0,         0,   0.254,decoder_by_matrix,beec9fd12293a9cfe53c9b61fb8ce2a525e4eed38fa75d132d6dc64699336876,"{""distance"":3,""physical_error_rate"":0.0001}","{""detection_events"":144,""detectors_checked"":331776}"
      6144,         0,         0,   0.258,decoder_by_matrix,beec9fd12293a9cfe53c9b61fb8ce2a525e4eed38fa75d132d6dc64699336876,"{""distance"":3,""physical_error_rate"":0.0001}","{""detection_events"":54,""detectors_checked"":331776}"
      6144,         0,         0,   0.259,decoder_by_matrix,beec9fd12293a9cfe53c9b61fb8ce2a525e4eed38fa75d132d6dc64699336876,"{""distance"":3,""physical_error_rate"":0.0001}","{""detection_events"":141,""detectors_checked"":331776}"
      6144,         0,         0,   0.259,decoder_by_matrix,beec9fd12293a9cfe53c9b61fb8ce2a525e4eed38fa75d132d6dc64699336876,"{""distance"":3,""physical_error_rate"":0.0001}","{""detection_events"":96,""detectors_checked"":331776}"
      6144,         0,         0,   0.259,decoder_by_matrix,beec9fd12293a9cfe53c9b61fb8ce2a525e4eed38fa75d132d6dc64699336876,"{""distance"":3,""physical_error_rate"":0.0001}","{""detection_events"":156,""detectors_checked"":331776}"
      6144,         0,         0,   0.259,decoder_by_matrix,beec9fd12293a9cfe53c9b61fb8ce2a525e4eed38fa75d132d6dc64699336876,"{""distance"":3,""physical_error_rate"":0.0001}","{""detection_events"":117,""detectors_checked"":331776}"
      6144,         0,         0,   0.259,decoder_by_matrix,beec9fd12293a9cfe53c9b61fb8ce2a525e4eed38fa75d132d6dc64699336876,"{""distance"":3,""physical_error_rate"":0.0001}","{""detection_events"":63,""detectors_checked"":331776}"
      6144,         0,         0,   0.259,decoder_by_matrix,beec9fd12293a9cfe53c9b61fb8ce2a525e4eed38fa75d132d6dc64699336876,"{""distance"":3,""physical_error_rate"":0.0001}","{""detection_events"":69,""detectors_checked"":331776}"
      7168,         0,         0,   0.259,decoder_by_matrix,beec9fd12293a9cfe53c9b61fb8ce2a525e4eed38fa75d132d6dc64699336876,"{""distance"":3,""physical_error_rate"":0.0001}","{""detection_events"":78,""detectors_checked"":387072}"
      6144,         0,         0,   0.259,decoder_by_matrix,beec9fd12293a9cfe53c9b61fb8ce2a525e4eed38fa75d132d6dc64699336876,"{""distance"":3,""physical_error_rate"":0.0001}","{""detection_events"":135,""detectors_checked"":331776}"
      6144,         0,         0,   0.260,decoder_by_matrix,beec9fd12293a9cfe53c9b61fb8ce2a525e4eed38fa75d132d6dc64699336876,"{""distance"":3,""physical_error_rate"":0.0001}","{""detection_events"":87,""detectors_checked"":331776}"
     10240,         0,         0,   0.388,decoder_by_matrix,beec9fd12293a9cfe53c9b61fb8ce2a525e4eed38fa75d132d6dc64699336876,"{""distance"":3,""physical_error_rate"":0.0001}","{""detection_events"":174,""detectors_checked"":552960}"
      9216,         0,         0,   0.164,decoder_by_matrix,beec9fd12293a9cfe53c9b61fb8ce2a525e4eed38fa75d132d6dc64699336876,"{""distance"":3,""physical_error_rate"":0.0001}","{""detection_events"":156,""detectors_checked"":497664}"
      9216,         0,         0,   0.390,decoder_by_matrix,beec9fd12293a9cfe53c9b61fb8ce2a525e4eed38fa75d132d6dc64699336876,"{""distance"":3,""physical_error_rate"":0.0001}","{""detection_events"":159,""detectors_checked"":497664}"
      9216,         0,         0,   0.387,decoder_by_matrix,beec9fd12293a9cfe53c9b61fb8ce2a525e4eed38fa75d132d6dc64699336876,"{""distance"":3,""physical_error_rate"":0.0001}","{""detection_events"":144,""detectors_checked"":497664}"
     10240,         0,         0,   0.387,decoder_by_matrix,beec9fd12293a9cfe53c9b61fb8ce2a525e4eed38fa75d132d6dc64699336876,"{""distance"":3,""physical_error_rate"":0.0001}","{""detection_events"":189,""detectors_checked"":552960}"
     11264,         0,         0,   0.391,decoder_by_matrix,beec9fd12293a9cfe53c9b61fb8ce2a525e4eed38fa75d132d6dc64699336876,"{""distance"":3,""physical_error_rate"":0.0001}","{""detection_events"":96,""detectors_checked"":608256}"
      9216,         0,         0,   0.385,decoder_by_matrix,beec9fd12293a9cfe53c9b61fb8ce2a525e4eed38fa75d132d6dc64699336876,"{""distance"":3,""physical_error_rate"":0.0001}","{""detection_events"":141,""detectors_checked"":497664}"
     10240,         0,         0,   0.385,decoder_by_matrix,beec9fd12293a9cfe53c9b61fb8ce2a525e4eed38fa75d132d6dc64699336876,"{""distance"":3,""physical_error_rate"":0.0001}","{""detection_events"":141,""detectors_checked"":552960}"
      9216,         0,         0,   0.384,decoder_by_matrix,beec9fd12293a9cfe53c9b61fb8ce2a525e4eed38fa75d132d6dc64699336876,"{""distance"":3,""physical_error_rate"":0.0001}","{""detection_events"":153,""detectors_checked"":497664}"
     11264,         0,         0,   0.385,decoder_by_matrix,beec9fd12293a9cfe53c9b61fb8ce2a525e4eed38fa75d132d6dc64699336876,"{""distance"":3,""physical_error_rate"":0.0001}","{""detection_events"":192,""detectors_checked"":608256}"
     11264,         0,         0,   0.385,decoder_by_matrix,beec9fd12293a9cfe53c9b61fb8ce2a525e4eed38fa75d132d6dc64699336876,"{""distance"":3,""physical_error_rate"":0.0001}","{""detection_events"":111,""detectors_checked"":608256}"
     10240,         0,         0,   0.385,decoder_by_matrix,beec9fd12293a9cfe53c9b61fb8ce2a525e4eed38fa75d132d6dc64699336876,"{""distance"":3,""physical_error_rate"":0.0001}","{""detection_events"":114,""detectors_checked"":552960}"
      9216,         0,         0,   0.385,decoder_by_matrix,beec9fd12293a9cfe53c9b61fb8ce2a525e4eed38fa75d132d6dc64699336876,"{""distance"":3,""physical_error_rate"":0.0001}","{""detection_events"":111,""detectors_checked"":497664}"
     10240,         0,         0,   0.384,decoder_by_matrix,beec9fd12293a9cfe53c9b61fb8ce2a525e4eed38fa75d132d6dc64699336876,"{""distance"":3,""physical_error_rate"":0.0001}","{""detection_events"":102,""detectors_checked"":552960}"
     10240,         0,         0,   0.253,decoder_by_matrix,beec9fd12293a9cfe53c9b61fb8ce2a525e4eed38fa75d132d6dc64699336876,"{""distance"":3,""physical_error_rate"":0.0001}","{""detection_events"":159,""detectors_checked"":552960}"
     11264,         0,         0,   0.380,decoder_by_matrix,beec9fd12293a9cfe53c9b61fb8ce2a525e4eed38fa75d132d6dc64699336876,"{""distance"":3,""physical_error_rate"":0.0001}","{""detection_events"":126,""detectors_checked"":608256}"
     12288,         0,         0,   0.517,decoder_by_matrix,beec9fd12293a9cfe53c9b61fb8ce2a525e4eed38fa75d132d6dc64699336876,"{""distance"":3,""physical_error_rate"":0.0001}","{""detection_events"":186,""detectors_checked"":663552}"
     10240,         0,         0,   0.480,decoder_by_matrix,beec9fd12293a9cfe53c9b61fb8ce2a525e4eed38fa75d132d6dc64699336876,"{""distance"":3,""physical_error_rate"":0.0001}","{""detection_events"":108,""detectors_checked"":552960}"
     14336,         0,         0,   0.504,decoder_by_matrix,beec9fd12293a9cfe53c9b61fb8ce2a525e4eed38fa75d132d6dc64699336876,"{""distance"":3,""physical_error_rate"":0.0001}","{""detection_events"":180,""detectors_checked"":774144}"
     12288,         0,         0,   0.499,decoder_by_matrix,beec9fd12293a9cfe53c9b61fb8ce2a525e4eed38fa75d132d6dc64699336876,"{""distance"":3,""physical_error_rate"":0.0001}","{""detection_events"":147,""detectors_checked"":663552}"
     12288,         0,         0,   0.378,decoder_by_matrix,beec9fd12293a9cfe53c9b61fb8ce2a525e4eed38fa75d132d6dc64699336876,"{""distance"":3,""physical_error_rate"":0.0001}","{""detection_events"":201,""detectors_checked"":663552}"
     14336,         0,         0,   0.500,decoder_by_matrix,beec9fd12293a9cfe53c9b61fb8ce2a525e4eed38fa75d132d6dc64699336876,"{""distance"":3,""physical_error_rate"":0.0001}","{""detection_events"":303,""detectors_checked"":774144}"
     11264,         0,         0,   0.451,decoder_by_matrix,beec9fd12293a9cfe53c9b61fb8ce2a525e4eed38fa75d132d6dc64699336876,"{""distance"":3,""physical_error_rate"":0.0001}","{""detection_events"":213,""detectors_checked"":608256}"
     11264,         0,         0,   0.477,decoder_by_matrix,beec9fd12293a9cfe53c9b61fb8ce2a525e4eed38fa75d132d6dc64699336876,"{""distance"":3,""physical_error_rate"":0.0001}","{""detection_events"":240,""detectors_checked"":608256}"
     12288,         0,         0,   0.493,decoder_by_matrix,beec9fd12293a9cfe53c9b61fb8ce2a525e4eed38fa75d132d6dc64699336876,"{""distance"":3,""physical_error_rate"":0.0001}","{""detection_events"":165,""detectors_checked"":663552}"
     12288,         0,         0,   0.525,decoder_by_matrix,beec9fd12293a9cfe53c9b61fb8ce2a525e4eed38fa75d132d6dc64699336876,"{""distance"":3,""physical_error_rate"":0.0001}","{""detection_events"":201,""detectors_checked"":663552}"
     14336,         0,         0,   0.525,decoder_by_matrix,beec9fd12293a9cfe53c9b61fb8ce2a525e4eed38fa75d132d6dc64699336876,"{""distance"":3,""physical_error_rate"":0.0001}","{""detection_events"":129,""detectors_checked"":774144}"
     13312,         0,         0,   0.522,decoder_by_matrix,beec9fd12293a9cfe53c9b61fb8ce2a525e4eed38fa75d132d6dc64699336876,"{""distance"":3,""physical_error_rate"":0.0001}","{""detection_events"":216,""detectors_checked"":718848}"
     13312,         0,         0,   0.506,decoder_by_matrix,beec9fd12293a9cfe53c9b61fb8ce2a525e4eed38fa75d132d6dc64699336876,"{""distance"":3,""physical_error_rate"":0.0001}","{""detection_events"":186,""detectors_checked"":718848}"
     13312,         0,         0,   0.514,decoder_by_matrix,beec9fd12293a9cfe53c9b61fb8ce2a525e4eed38fa75d132d6dc64699336876,"{""distance"":3,""physical_error_rate"":0.0001}","{""detection_events"":195,""detectors_checked"":718848}"
      9216,         0,         0,   0.425,decoder_by_matrix,beec9fd12293a9cfe53c9b61fb8ce2a525e4eed38fa75d132d6dc64699336876,"{""distance"":3,""physical_error_rate"":0.0001}","{""detection_events"":189,""detectors_checked"":497664}"
     14336,         0,         0,   0.384,decoder_by_matrix,beec9fd12293a9cfe53c9b61fb8ce2a525e4eed38fa75d132d6dc64699336876,"{""distance"":3,""physical_error_rate"":0.0001}","{""detection_events"":180,""detectors_checked"":774144}"
     16384,         0,         0,   0.516,decoder_by_matrix,beec9fd12293a9cfe53c9b61fb8ce2a525e4eed38fa75d132d6dc64699336876,"{""distance"":3,""physical_error_rate"":0.0001}","{""detection_events"":189,""detectors_checked"":884736}"
     16384,         0,         0,   0.665,decoder_by_matrix,beec9fd12293a9cfe53c9b61fb8ce2a525e4eed38fa75d132d6dc64699336876,"{""distance"":3,""physical_error_rate"":0.0001}","{""detection_events"":279,""detectors_checked"":884736}"
     16384,         0,         0,   0.650,decoder_by_matrix,beec9fd12293a9cfe53c9b61fb8ce2a525e4eed38fa75d132d6dc64699336876,"{""distance"":3,""physical_error_rate"":0.0001}","{""detection_events"":231,""detectors_checked"":884736}"
     16384,         0,         0,   0.518,decoder_by_matrix,beec9fd12293a9cfe53c9b61fb8ce2a525e4eed38fa75d132d6dc64699336876,"{""distance"":3,""physical_error_rate"":0.0001}","{""detection_events"":297,""detectors_checked"":884736}"
     17408,         0,         0,   0.649,decoder_by_matrix,beec9fd12293a9cfe53c9b61fb8ce2a525e4eed38fa75d132d6dc64699336876,"{""distance"":3,""physical_error_rate"":0.0001}","{""detection_events"":228,""detectors_checked"":940032}"
     16384,         0,         0,   0.641,decoder_by_matrix,beec9fd12293a9cfe53c9b61fb8ce2a525e4eed38fa75d132d6dc64699336876,"{""distance"":3,""physical_error_rate"":0.0001}","{""detection_events"":204,""detectors_checked"":884736}"
     16384,         0,         0,   0.512,decoder_by_matrix,beec9fd12293a9cfe53c9b61fb8ce2a525e4eed38fa75d132d6dc64699336876,"{""distance"":3,""physical_error_rate"":0.0001}","{""detection_events"":237,""detectors_checked"":884736}"
     16384,         0,         0,   0.633,decoder_by_matrix,beec9fd12293a9cfe53c9b61fb8ce2a525e4eed38fa75d132d6dc64699336876,"{""distance"":3,""physical_error_rate"":0.0001}","{""detection_events"":252,""detectors_checked"":884736}"
     17408,         0,         0,   0.506,decoder_by_matrix,beec9fd12293a9cfe53c9b61fb8ce2a525e4eed38fa75d132d6dc64699336876,"{""distance"":3,""physical_error_rate"":0.0001}","{""detection_events"":318,""detectors_checked"":940032}"
     16384,         0,         0,   0.264,decoder_by_matrix,beec9fd12293a9cfe53c9b61fb8ce2a525e4eed38fa75d132d6dc64699336876,"{""distance"":3,""physical_error_rate"":0.0001}","{""detection_events"":237,""detectors_checked"":884736}"
     16384,         0,         0,   0.637,decoder_by_matrix,beec9fd12293a9cfe53c9b61fb8ce2a525e4eed38fa75d132d6dc64699336876,"{""distance"":3,""physical_error_rate"":0.0001}","{""detection_events"":315,""detectors_checked"":884736}"
     16384,         0,         0,   0.645,decoder_by_matrix,beec9fd12293a9cfe53c9b61fb8ce2a525e4eed38fa75d132d6dc64699336876,"{""distance"":3,""physical_error_rate"":0.0001}","{""detection_events"":228,""detectors_checked"":884736}"
     15360,         0,         0,   0.641,decoder_by_matrix,beec9fd12293a9cfe53c9b61fb8ce2a525e4eed38fa75d132d6dc64699336876,"{""distance"":3,""physical_error_rate"":0.0001}","{""detection_events"":273,""detectors_checked"":829440}"
     17408,         0,         0,   0.645,decoder_by_matrix,beec9fd12293a9cfe53c9b61fb8ce2a525e4eed38fa75d132d6dc64699336876,"{""distance"":3,""physical_error_rate"":0.0001}","{""detection_events"":198,""detectors_checked"":940032}"
     17408,         0,         0,   0.645,decoder_by_matrix,beec9fd12293a9cfe53c9b61fb8ce2a525e4eed38fa75d132d6dc64699336876,"{""distance"":3,""physical_error_rate"":0.0001}","{""detection_events"":246,""detectors_checked"":940032}"
     16384,         0,         0,   0.687,decoder_by_matrix,beec9fd12293a9cfe53c9b61fb8ce2a525e4eed38fa75d132d6dc64699336876,"{""distance"":3,""physical_error_rate"":0.0001}","{""detection_events"":252,""detectors_checked"":884736}"
     23552,         0,         0,   0.914,decoder_by_matrix,beec9fd12293a9cfe53c9b61fb8ce2a525e4eed38fa75d132d6dc64699336876,"{""distance"":3,""physical_error_rate"":0.0001}","{""detection_events"":348,""detectors_checked"":1271808}"
     20480,         0,         0,   0.804,decoder_by_matrix,beec9fd12293a9cfe53c9b61fb8ce2a525e4eed38fa75d132d6dc64699336876,"{""distance"":3,""physical_error_rate"":0.0001}","{""detection_events"":288,""detectors_checked"":1105920}"
     23552,         0,         0,   0.915,decoder_by_matrix,beec9fd12293a9cfe53c9b61fb8ce2a525e4eed38fa75d132d6dc64699336876,"{""distance"":3,""physical_error_rate"":0.0001}","{""detection_events"":366,""detectors_checked"":1271808}"
     25600,         0,         0,   0.894,decoder_by_matrix,beec9fd12293a9cfe53c9b61fb8ce2a525e4eed38fa75d132d6dc64699336876,"{""distance"":3,""physical_error_rate"":0.0001}","{""detection_events"":384,""detectors_checked"":1382400}"
     25600,         0,         0,   0.897,decoder_by_matrix,beec9fd12293a9cfe53c9b61fb8ce2a525e4eed38fa75d132d6dc64699336876,"{""distance"":3,""physical_error_rate"":0.0001}","{""detection_events"":327,""detectors_checked"":1382400}"
     23552,         0,         0,   0.899,decoder_by_matrix,beec9fd12293a9cfe53c9b61fb8ce2a525e4eed38fa75d132d6dc64699336876,"{""distance"":3,""physical_error_rate"":0.0001}","{""detection_events"":363,""detectors_checked"":1271808}"
     23552,         0,         0,   0.902,decoder_by_matrix,beec9fd12293a9cfe53c9b61fb8ce2a525e4eed38fa75d132d6dc64699336876,"{""distance"":3,""physical_error_rate"":0.0001}","{""detection_events"":270,""detectors_checked"":1271808}"
     23552,         0,         0,   0.901,decoder_by_matrix,beec9fd12293a9cfe53c9b61fb8ce2a525e4eed38fa75d132d6dc64699336876,"{""distance"":3,""physical_error_rate"":0.0001}","{""detection_events"":258,""detectors_checked"":1271808}"
     24576,         0,         0,   0.852,decoder_by_matrix,beec9fd12293a9cfe53c9b61fb8ce2a525e4eed38fa75d132d6dc64699336876,"{""distance"":3,""physical_error_rate"":0.0001}","{""detection_events"":342,""detectors_checked"":1327104}"
     23552,         0,         0,   0.900,decoder_by_matrix,beec9fd12293a9cfe53c9b61fb8ce2a525e4eed38fa75d132d6dc64699336876,"{""distance"":3,""physical_error_rate"":0.0001}","{""detection_events"":429,""detectors_checked"":1271808}"
     24576,         0,         0,   0.775,decoder_by_matrix,beec9fd12293a9cfe53c9b61fb8ce2a525e4eed38fa75d132d6dc64699336876,"{""distance"":3,""physical_error_rate"":0.0001}","{""detection_events"":348,""detectors_checked"":1327104}"
     24576,         0,         0,   0.889,decoder_by_matrix,beec9fd12293a9cfe53c9b61fb8ce2a525e4eed38fa75d132d6dc64699336876,"{""distance"":3,""physical_error_rate"":0.0001}","{""detection_events"":438,""detectors_checked"":1327104}"
     24576,         0,         0,   0.854,decoder_by_matrix,beec9fd12293a9cfe53c9b61fb8ce2a525e4eed38fa75d132d6dc64699336876,"{""distance"":3,""physical_error_rate"":0.0001}","{""detection_events"":243,""detectors_checked"":1327104}"
     24576,         0,         0,   0.901,decoder_by_matrix,beec9fd12293a9cfe53c9b61fb8ce2a525e4eed38fa75d132d6dc64699336876,"{""distance"":3,""physical_error_rate"":0.0001}","{""detection_events"":321,""detectors_checked"":1327104}"
     23552,         0,         0,   0.769,decoder_by_matrix,beec9fd12293a9cfe53c9b61fb8ce2a525e4eed38fa75d132d6dc64699336876,"{""distance"":3,""physical_error_rate"":0.0001}","{""detection_events"":369,""detectors_checked"":1271808}"
     24576,         1,         0,   0.784,decoder_by_matrix,beec9fd12293a9cfe53c9b61fb8ce2a525e4eed38fa75d132d6dc64699336876,"{""distance"":3,""physical_error_rate"":0.0001}","{""detection_events"":366,""detectors_checked"":1327104,""obs_mistake_mask=E"":1}"
     30720,         0,         0,    1.02,decoder_by_matrix,beec9fd12293a9cfe53c9b61fb8ce2a525e4eed38fa75d132d6dc64699336876,"{""distance"":3,""physical_error_rate"":0.0001}","{""detection_events"":441,""detectors_checked"":1658880}"
     30720,         0,         0,    1.15,decoder_by_matrix,beec9fd12293a9cfe53c9b61fb8ce2a525e4eed38fa75d132d6dc64699336876,"{""distance"":3,""physical_error_rate"":0.0001}","{""detection_events"":390,""detectors_checked"":1658880}"
     30720,         0,         0,    1.15,decoder_by_matrix,beec9fd12293a9cfe53c9b61fb8ce2a525e4eed38fa75d132d6dc64699336876,"{""distance"":3,""physical_error_rate"":0.0001}","{""detection_events"":486,""detectors_checked"":1658880}"
     30720,         0,         0,    1.17,decoder_by_matrix,beec9fd12293a9cfe53c9b61fb8ce2a525e4eed38fa75d132d6dc64699336876,"{""distance"":3,""physical_error_rate"":0.0001}","{""detection_events"":396,""detectors_checked"":1658880}"
     28672,         0,         0,    1.16,decoder_by_matrix,beec9fd12293a9cfe53c9b61fb8ce2a525e4eed38fa75d132d6dc64699336876,"{""distance"":3,""physical_error_rate"":0.0001}","{""detection_events"":369,""detectors_checked"":1548288}"
     31744,         0,         0,    1.16,decoder_by_matrix,beec9fd12293a9cfe53c9b61fb8ce2a525e4eed38fa75d132d6dc64699336876,"{""distance"":3,""physical_error_rate"":0.0001}","{""detection_events"":459,""detectors_checked"":1714176}"
     29696,         0,         0,    1.16,decoder_by_matrix,beec9fd12293a9cfe53c9b61fb8ce2a525e4eed38fa75d132d6dc64699336876,"{""distance"":3,""physical_error_rate"":0.0001}","{""detection_events"":588,""detectors_checked"":1603584}"
     30720,         0,         0,    1.03,decoder_by_matrix,beec9fd12293a9cfe53c9b61fb8ce2a525e4eed38fa75d132d6dc64699336876,"{""distance"":3,""physical_error_rate"":0.0001}","{""detection_events"":504,""detectors_checked"":1658880}"
     30720,         0,         0,    1.15,decoder_by_matrix,beec9fd12293a9cfe53c9b61fb8ce2a525e4eed38fa75d132d6dc64699336876,"{""distance"":3,""physical_error_rate"":0.0001}","{""detection_events"":408,""detectors_checked"":1658880}"
     30720,         0,         0,    1.14,decoder_by_matrix,beec9fd12293a9cfe53c9b61fb8ce2a525e4eed38fa75d132d6dc64699336876,"{""distance"":3,""physical_error_rate"":0.0001}","{""detection_events"":438,""detectors_checked"":1658880}"
     28672,         0,         0,    1.02,decoder_by_matrix,beec9fd12293a9cfe53c9b61fb8ce2a525e4eed38fa75d132d6dc64699336876,"{""distance"":3,""physical_error_rate"":0.0001}","{""detection_events"":426,""detectors_checked"":1548288}"
     29696,         0,         0,    1.15,decoder_by_matrix,beec9fd12293a9cfe53c9b61fb8ce2a525e4eed38fa75d132d6dc64699336876,"{""distance"":3,""physical_error_rate"":0.0001}","{""detection_events"":459,""detectors_checked"":1603584}"
     28672,         0,         0,    1.03,decoder_by_matrix,beec9fd12293a9cfe53c9b61fb8ce2a525e4eed38fa75d132d6dc64699336876,"{""distance"":3,""physical_error_rate"":0.0001}","{""detection_events"":405,""detectors_checked"":1548288}"
     29696,         0,         0,    1.16,decoder_by_matrix,beec9fd12293a9cfe53c9b61fb8ce2a525e4eed38fa75d132d6dc64699336876,"{""distance"":3,""physical_error_rate"":0.0001}","{""detection_events"":492,""detectors_checked"":1603584}"
     29696,         0,         0,    1.15,decoder_by_matrix,beec9fd12293a9cfe53c9b61fb8ce2a525e4eed38fa75d132d6dc64699336876,"{""distance"":3,""physical_error_rate"":0.0001}","{""detection_events"":459,""detectors_checked"":1603584}"
     30720,         0,         0,    1.16,decoder_by_matrix,beec9fd12293a9cfe53c9b61fb8ce2a525e4eed38fa75d132d6dc64699336876,"{""distance"":3,""physical_error_rate"":0.0001}","{""detection_events"":414,""detectors_checked"":1658880}"
     39936,         0,         0,    1.55,decoder_by_matrix,beec9fd12293a9cfe53c9b61fb8ce2a525e4eed38fa75d132d6dc64699336876,"{""distance"":3,""physical_error_rate"":0.0001}","{""detection_events"":603,""detectors_checked"":2156544}"
     41984,         0,         0,    1.55,decoder_by_matrix,beec9fd12293a9cfe53c9b61fb8ce2a525e4eed38fa75d132d6dc64699336876,"{""distance"":3,""physical_error_rate"":0.0001}","{""detection_events"":633,""detectors_checked"":2267136}"
     44032,         0,         0,    1.52,decoder_by_matrix,beec9fd12293a9cfe53c9b61fb8ce2a525e4eed38fa75d132d6dc64699336876,"{""distance"":3,""physical_error_rate"":0.0001}","{""detection_events"":588,""detectors_checked"":2377728}"
     39936,         0,         0,    1.47,decoder_by_matrix,beec9fd12293a9cfe53c9b61fb8ce2a525e4eed38fa75d132d6dc64699336876,"{""distance"":3,""physical_error_rate"":0.0001}","{""detection_events"":681,""detectors_checked"":2156544}"
     44032,         0,         0,    1.66,decoder_by_matrix,beec9fd12293a9cfe53c9b61fb8ce2a525e4eed38fa75d132d6dc64699336876,"{""distance"":3,""physical_error_rate"":0.0001}","{""detection_events"":732,""detectors_checked"":2377728}"
     46080,         0,         0,    1.66,decoder_by_matrix,beec9fd12293a9cfe53c9b61fb8ce2a525e4eed38fa75d132d6dc64699336876,"{""distance"":3,""physical_error_rate"":0.0001}","{""detection_events"":567,""detectors_checked"":2488320}"
     39936,         0,         0,    1.56,decoder_by_matrix,beec9fd12293a9cfe53c9b61fb8ce2a525e4eed38fa75d132d6dc64699336876,"{""distance"":3,""physical_error_rate"":0.0001}","{""detection_events"":609,""detectors_checked"":2156544}"
     41984,         0,         0,    1.64,decoder_by_matrix,beec9fd12293a9cfe53c9b61fb8ce2a525e4eed38fa75d132d6dc64699336876,"{""distance"":3,""physical_error_rate"":0.0001}","{""detection_events"":708,""detectors_checked"":2267136}"
     43008,         0,         0,    1.53,decoder_by_matrix,beec9fd12293a9cfe53c9b61fb8ce2a525e4eed38fa75d132d6dc64699336876,"{""distance"":3,""physical_error_rate"":0.0001}","{""detection_events"":654,""detectors_checked"":2322432}"
     46080,         0,         0,    1.65,decoder_by_matrix,beec9fd12293a9cfe53c9b61fb8ce2a525e4eed38fa75d132d6dc64699336876,"{""distance"":3,""physical_error_rate"":0.0001}","{""detection_events"":633,""detectors_checked"":2488320}"
     44032,         0,         0,    1.66,decoder_by_matrix,beec9fd12293a9cfe53c9b61fb8ce2a525e4eed38fa75d132d6dc64699336876,"{""distance"":3,""physical_error_rate"":0.0001}","{""detection_events"":645,""detectors_checked"":2377728}"
     43008,         0,         0,    1.67,decoder_by_matrix,beec9fd12293a9cfe53c9b61fb8ce2a525e4eed38fa75d132d6dc64699336876,"{""distance"":3,""physical_error_rate"":0.0001}","{""detection_events"":840,""detectors_checked"":2322432}"
     44032,         0,         0,    1.67,decoder_by_matrix,beec9fd12293a9cfe53c9b61fb8ce2a525e4eed38fa75d132d6dc64699336876,"{""distance"":3,""physical_error_rate"":0.0001}","{""detection_events"":588,""detectors_checked"":2377728}"
     43008,         0,         0,    1.66,decoder_by_matrix,beec9fd12293a9cfe53c9b61fb8ce2a525e4eed38fa75d132d6dc64699336876,"{""distance"":3,""physical_error_rate"":0.0001}","{""detection_events"":723,""detectors_checked"":2322432}"
     41984,         0,         0,    1.65,decoder_by_matrix,beec9fd12293a9cfe53c9b61fb8ce2a525e4eed38fa75d132d6dc64699336876,"{""distance"":3,""physical_error_rate"":0.0001}","{""detection_events"":606,""detectors_checked"":2267136}"
     39936,         0,         0,    1.56,decoder_by_matrix,beec9fd12293a9cfe53c9b61fb8ce2a525e4eed38fa75d132d6dc64699336876,"{""distance"":3,""physical_error_rate"":0.0001}","{""detection_events"":591,""detectors_checked"":2156544}"
     57344,         0,         0,    2.07,decoder_by_matrix,beec9fd12293a9cfe53c9b61fb8ce2a525e4eed38fa75d132d6dc64699336876,"{""distance"":3,""physical_error_rate"":0.0001}","{""detection_events"":831,""detectors_checked"":3096576}"
     58368,         0,         0,    2.22,decoder_by_matrix,beec9fd12293a9cfe53c9b61fb8ce2a525e4eed38fa75d132d6dc64699336876,"{""distance"":3,""physical_error_rate"":0.0001}","{""detection_events"":840,""detectors_checked"":3151872}"
     58368,         0,         0,    2.18,decoder_by_matrix,beec9fd12293a9cfe53c9b61fb8ce2a525e4eed38fa75d132d6dc64699336876,"{""distance"":3,""physical_error_rate"":0.0001}","{""detection_events"":924,""detectors_checked"":3151872}"
     60416,         0,         0,    1.93,decoder_by_matrix,beec9fd12293a9cfe53c9b61fb8ce2a525e4eed38fa75d132d6dc64699336876,"{""distance"":3,""physical_error_rate"":0.0001}","{""detection_events"":867,""detectors_checked"":3262464}"
     58368,         0,         0,    2.26,decoder_by_matrix,beec9fd12293a9cfe53c9b61fb8ce2a525e4eed38fa75d132d6dc64699336876,"{""distance"":3,""physical_error_rate"":0.0001}","{""detection_events"":795,""detectors_checked"":3151872}"
     58368,         0,         0,    2.18,decoder_by_matrix,beec9fd12293a9cfe53c9b61fb8ce2a525e4eed38fa75d132d6dc64699336876,"{""distance"":3,""physical_error_rate"":0.0001}","{""detection_events"":924,""detectors_checked"":3151872}"
     55296,         0,         0,    2.18,decoder_by_matrix,beec9fd12293a9cfe53c9b61fb8ce2a525e4eed38fa75d132d6dc64699336876,"{""distance"":3,""physical_error_rate"":0.0001}","{""detection_events"":795,""detectors_checked"":2985984}"
     62464,         0,         0,    2.05,decoder_by_matrix,beec9fd12293a9cfe53c9b61fb8ce2a525e4eed38fa75d132d6dc64699336876,"{""distance"":3,""physical_error_rate"":0.0001}","{""detection_events"":930,""detectors_checked"":3373056}"
     60416,         0,         0,    2.05,decoder_by_matrix,beec9fd12293a9cfe53c9b61fb8ce2a525e4eed38fa75d132d6dc64699336876,"{""distance"":3,""physical_error_rate"":0.0001}","{""detection_events"":945,""detectors_checked"":3262464}"
     62464,         0,         0,    2.30,decoder_by_matrix,beec9fd12293a9cfe53c9b61fb8ce2a525e4eed38fa75d132d6dc64699336876,"{""distance"":3,""physical_error_rate"":0.0001}","{""detection_events"":816,""detectors_checked"":3373056}"
     59392,         0,         0,    2.30,decoder_by_matrix,beec9fd12293a9cfe53c9b61fb8ce2a525e4eed38fa75d132d6dc64699336876,"{""distance"":3,""physical_error_rate"":0.0001}","{""detection_events"":828,""detectors_checked"":3207168}"
     57344,         0,         0,    2.30,decoder_by_matrix,beec9fd12293a9cfe53c9b61fb8ce2a525e4eed38fa75d132d6dc64699336876,"{""distance"":3,""physical_error_rate"":0.0001}","{""detection_events"":957,""detectors_checked"":3096576}"
     62464,         0,         0,    2.29,decoder_by_matrix,beec9fd12293a9cfe53c9b61fb8ce2a525e4eed38fa75d132d6dc64699336876,"{""distance"":3,""physical_error_rate"":0.0001}","{""detection_events"":906,""detectors_checked"":3373056}"
     59392,         0,         0,    2.27,decoder_by_matrix,beec9fd12293a9cfe53c9b61fb8ce2a525e4eed38fa75d132d6dc64699336876,"{""distance"":3,""physical_error_rate"":0.0001}","{""detection_events"":909,""detectors_checked"":3207168}"
     61440,         0,         0,    2.30,decoder_by_matrix,beec9fd12293a9cfe53c9b61fb8ce2a525e4eed38fa75d132d6dc64699336876,"{""distance"":3,""physical_error_rate"":0.0001}","{""detection_events"":960,""detectors_checked"":3317760}"
     58368,         0,         0,    2.26,decoder_by_matrix,beec9fd12293a9cfe53c9b61fb8ce2a525e4eed38fa75d132d6dc64699336876,"{""distance"":3,""physical_error_rate"":0.0001}","{""detection_events"":861,""detectors_checked"":3151872}"
     79872,         0,         0,    3.05,decoder_by_matrix,beec9fd12293a9cfe53c9b61fb8ce2a525e4eed38fa75d132d6dc64699336876,"{""distance"":3,""physical_error_rate"":0.0001}","{""detection_events"":1218,""detectors_checked"":4313088}"
     82944,         0,         0,    3.09,decoder_by_matrix,beec9fd12293a9cfe53c9b61fb8ce2a525e4eed38fa75d132d6dc64699336876,"{""distance"":3,""physical_error_rate"":0.0001}","{""detection_events"":1299,""detectors_checked"":4478976}"
     78848,         0,         0,    3.08,decoder_by_matrix,beec9fd12293a9cfe53c9b61fb8ce2a525e4eed38fa75d132d6dc64699336876,"{""distance"":3,""physical_error_rate"":0.0001}","{""detection_events"":1122,""detectors_checked"":4257792}"
     82944,         0,         0,    3.05,decoder_by_matrix,beec9fd12293a9cfe53c9b61fb8ce2a525e4eed38fa75d132d6dc64699336876,"{""distance"":3,""physical_error_rate"":0.0001}","{""detection_events"":1203,""detectors_checked"":4478976}"
     78848,         0,         0,    3.11,decoder_by_matrix,beec9fd12293a9cfe53c9b61fb8ce2a525e4eed38fa75d132d6dc64699336876,"{""distance"":3,""physical_error_rate"":0.0001}","{""detection_events"":1263,""detectors_checked"":4257792}"
     79872,         0,         0,    3.10,decoder_by_matrix,beec9fd12293a9cfe53c9b61fb8ce2a525e4eed38fa75d132d6dc64699336876,"{""distance"":3,""physical_error_rate"":0.0001}","{""detection_events"":1251,""detectors_checked"":4313088}"
     78848,         0,         0,    2.95,decoder_by_matrix,beec9fd12293a9cfe53c9b61fb8ce2a525e4eed38fa75d132d6dc64699336876,"{""distance"":3,""physical_error_rate"":0.0001}","{""detection_events"":1095,""detectors_checked"":4257792}"
     79872,         0,         0,    3.08,decoder_by_matrix,beec9fd12293a9cfe53c9b61fb8ce2a525e4eed38fa75d132d6dc64699336876,"{""distance"":3,""physical_error_rate"":0.0001}","{""detection_events"":1167,""detectors_checked"":4313088}"
     82944,         0,         0,    2.98,decoder_by_matrix,beec9fd12293a9cfe53c9b61fb8ce2a525e4eed38fa75d132d6dc64699336876,"{""distance"":3,""physical_error_rate"":0.0001}","{""detection_events"":1023,""detectors_checked"":4478976}"
     81920,         0,         0,    3.08,decoder_by_matrix,beec9fd12293a9cfe53c9b61fb8ce2a525e4eed38fa75d132d6dc64699336876,"{""distance"":3,""physical_error_rate"":0.0001}","{""detection_events"":1284,""detectors_checked"":4423680}"
     86016,         0,         0,    3.17,decoder_by_matrix,beec9fd12293a9cfe53c9b61fb8ce2a525e4eed38fa75d132d6dc64699336876,"{""distance"":3,""physical_error_rate"":0.0001}","{""detection_events"":1233,""detectors_checked"":4644864}"
     83968,         0,         0,    3.09,decoder_by_matrix,beec9fd12293a9cfe53c9b61fb8ce2a525e4eed38fa75d132d6dc64699336876,"{""distance"":3,""physical_error_rate"":0.0001}","{""detection_events"":1218,""detectors_checked"":4534272}"
     80896,         0,         0,    3.05,decoder_by_matrix,beec9fd12293a9cfe53c9b61fb8ce2a525e4eed38fa75d132d6dc64699336876,"{""distance"":3,""physical_error_rate"":0.0001}","{""detection_events"":1314,""detectors_checked"":4368384}"
     78848,         0,         0,    3.05,decoder_by_matrix,beec9fd12293a9cfe53c9b61fb8ce2a525e4eed38fa75d132d6dc64699336876,"{""distance"":3,""physical_error_rate"":0.0001}","{""detection_events"":1224,""detectors_checked"":4257792}"
     79872,         0,         0,    2.86,decoder_by_matrix,beec9fd12293a9cfe53c9b61fb8ce2a525e4eed38fa75d132d6dc64699336876,"{""distance"":3,""physical_error_rate"":0.0001}","{""detection_events"":1149,""detectors_checked"":4313088}"
     86016,         0,         0,    3.08,decoder_by_matrix,beec9fd12293a9cfe53c9b61fb8ce2a525e4eed38fa75d132d6dc64699336876,"{""distance"":3,""physical_error_rate"":0.0001}","{""detection_events"":927,""detectors_checked"":4644864}"
   3182592,         1,         0,   117.8,decoder_by_matrix,beec9fd12293a9cfe53c9b61fb8ce2a525e4eed38fa75d132d6dc64699336876,"{""distance"":3,""physical_error_rate"":0.0001}","{""detection_events"":46038,""detectors_checked"":171859968,""obs_mistake_mask=E"":1}"
   3154944,         3,         0,   118.0,decoder_by_matrix,beec9fd12293a9cfe53c9b61fb8ce2a525e4eed38fa75d132d6dc64699336876,"{""distance"":3,""physical_error_rate"":0.0001}","{""detection_events"":44274,""detectors_checked"":170366976,""obs_mistake_mask=E"":3}"
   3176448,         4,         0,   116.8,decoder_by_matrix,beec9fd12293a9cfe53c9b61fb8ce2a525e4eed38fa75d132d6dc64699336876,"{""distance"":3,""physical_error_rate"":0.0001}","{""detection_events"":45693,""detectors_checked"":171528192,""obs_mistake_mask=E"":4}"
   3145728,         0,         0,   117.5,decoder_by_matrix,beec9fd12293a9cfe53c9b61fb8ce2a525e4eed38fa75d132d6dc64699336876,"{""distance"":3,""physical_error_rate"":0.0001}","{""detection_events"":46173,""detectors_checked"":169869312}"
   3194880,         3,         0,   117.9,decoder_by_matrix,beec9fd12293a9cfe53c9b61fb8ce2a525e4eed38fa75d132d6dc64699336876,"{""distance"":3,""physical_error_rate"":0.0001}","{""detection_events"":46470,""detectors_checked"":172523520,""obs_mistake_mask=E"":3}"
    109568,         0,         0,    4.27,decoder_by_matrix,beec9fd12293a9cfe53c9b61fb8ce2a525e4eed38fa75d132d6dc64699336876,"{""distance"":3,""physical_error_rate"":0.0001}","{""detection_events"":1803,""detectors_checked"":5916672}"
    117760,         0,         0,    4.18,decoder_by_matrix,beec9fd12293a9cfe53c9b61fb8ce2a525e4eed38fa75d132d6dc64699336876,"{""distance"":3,""physical_error_rate"":0.0001}","{""detection_events"":1758,""detectors_checked"":6359040}"
    113664,         0,         0,    4.38,decoder_by_matrix,beec9fd12293a9cfe53c9b61fb8ce2a525e4eed38fa75d132d6dc64699336876,"{""distance"":3,""physical_error_rate"":0.0001}","{""detection_events"":1680,""detectors_checked"":6137856}"
    111616,         0,         0,    4.33,decoder_by_matrix,beec9fd12293a9cfe53c9b61fb8ce2a525e4eed38fa75d132d6dc64699336876,"{""distance"":3,""physical_error_rate"":0.0001}","{""detection_events"":1581,""detectors_checked"":6027264}"
    111616,         0,         0,    4.35,decoder_by_matrix,beec9fd12293a9cfe53c9b61fb8ce2a525e4eed38fa75d132d6dc64699336876,"{""distance"":3,""physical_error_rate"":0.0001}","{""detection_events"":1821,""detectors_checked"":6027264}"
    113664,         0,         0,    4.21,decoder_by_matrix,beec9fd12293a9cfe53c9b61fb8ce2a525e4eed38fa75d132d6dc64699336876,"{""distance"":3,""physical_error_rate"":0.0001}","{""detection_events"":1764,""detectors_checked"":6137856}"
    110592,         0,         0,    4.31,decoder_by_matrix,beec9fd12293a9cfe53c9b61fb8ce2a525e4eed38fa75d132d6dc64699336876,"{""distance"":3,""physical_error_rate"":0.0001}","{""detection_events"":1722,""detectors_checked"":5971968}"
    113664,         0,         0,    4.37,decoder_by_matrix,beec9fd12293a9cfe53c9b61fb8ce2a525e4eed38fa75d132d6dc64699336876,"{""distance"":3,""physical_error_rate"":0.0001}","{""detection_events"":1608,""detectors_checked"":6137856}"
    114688,         0,         0,    4.10,decoder_by_matrix,beec9fd12293a9cfe53c9b61fb8ce2a525e4eed38fa75d132d6dc64699336876,"{""distance"":3,""physical_error_rate"":0.0001}","{""detection_events"":1875,""detectors_checked"":6193152}"
    110592,         1,         0,    4.32,decoder_by_matrix,beec9fd12293a9cfe53c9b61fb8ce2a525e4eed38fa75d132d6dc64699336876,"{""distance"":3,""physical_error_rate"":0.0001}","{""detection_events"":1806,""detectors_checked"":5971968,""obs_mistake_mask=E"":1}"
    112640,         0,         0,    4.28,decoder_by_matrix,beec9fd12293a9cfe53c9b61fb8ce2a525e4eed38fa75d132d6dc64699336876,"{""distance"":3,""physical_error_rate"":0.0001}","{""detection_events"":1899,""detectors_checked"":6082560}"
    116736,         0,         0,    4.28,decoder_by_matrix,beec9fd12293a9cfe53c9b61fb8ce2a525e4eed38fa75d132d6dc64699336876,"{""distance"":3,""physical_error_rate"":0.0001}","{""detection_events"":1497,""detectors_checked"":6303744}"
    113664,         0,         0,    4.29,decoder_by_matrix,beec9fd12293a9cfe53c9b61fb8ce2a525e4eed38fa75d132d6dc64699336876,"{""distance"":3,""physical_error_rate"":0.0001}","{""detection_events"":1641,""detectors_checked"":6137856}"
    111616,         0,         0,    4.35,decoder_by_matrix,beec9fd12293a9cfe53c9b61fb8ce2a525e4eed38fa75d132d6dc64699336876,"{""distance"":3,""physical_error_rate"":0.0001}","{""detection_events"":1674,""detectors_checked"":6027264}"
    111616,         0,         0,    4.36,decoder_by_matrix,beec9fd12293a9cfe53c9b61fb8ce2a525e4eed38fa75d132d6dc64699336876,"{""distance"":3,""physical_error_rate"":0.0001}","{""detection_events"":1842,""detectors_checked"":6027264}"
    114688,         0,         0,    4.37,decoder_by_matrix,beec9fd12293a9cfe53c9b61fb8ce2a525e4eed38fa75d132d6dc64699336876,"{""distance"":3,""physical_error_rate"":0.0001}","{""detection_events"":1794,""detectors_checked"":6193152}"
   3124224,         4,         0,   117.7,decoder_by_matrix,beec9fd12293a9cfe53c9b61fb8ce2a525e4eed38fa75d132d6dc64699336876,"{""distance"":3,""physical_error_rate"":0.0001}","{""detection_events"":47337,""detectors_checked"":168708096,""obs_mistake_mask=E"":4}"
   3158016,         1,         0,   117.8,decoder_by_matrix,beec9fd12293a9cfe53c9b61fb8ce2a525e4eed38fa75d132d6dc64699336876,"{""distance"":3,""physical_error_rate"":0.0001}","{""detection_events"":46785,""detectors_checked"":170532864,""obs_mistake_mask=E"":1}"
   3170304,         1,         0,   117.3,decoder_by_matrix,beec9fd12293a9cfe53c9b61fb8ce2a525e4eed38fa75d132d6dc64699336876,"{""distance"":3,""physical_error_rate"":0.0001}","{""detection_events"":46749,""detectors_checked"":171196416,""obs_mistake_mask=E"":1}"
   3168256,         3,         0,   117.7,decoder_by_matrix,beec9fd12293a9cfe53c9b61fb8ce2a525e4eed38fa75d132d6dc64699336876,"{""distance"":3,""physical_error_rate"":0.0001}","{""detection_events"":47280,""detectors_checked"":171085824,""obs_mistake_mask=E"":3}"
   3173376,         1,         0,   118.8,decoder_by_matrix,beec9fd12293a9cfe53c9b61fb8ce2a525e4eed38fa75d132d6dc64699336876,"{""distance"":3,""physical_error_rate"":0.0001}","{""detection_events"":46842,""detectors_checked"":171362304,""obs_mistake_mask=E"":1}"
    155648,         0,         0,    5.74,decoder_by_matrix,beec9fd12293a9cfe53c9b61fb8ce2a525e4eed38fa75d132d6dc64699336876,"{""distance"":3,""physical_error_rate"":0.0001}","{""detection_events"":2304,""detectors_checked"":8404992}"
    157696,         1,         0,    6.01,decoder_by_matrix,beec9fd12293a9cfe53c9b61fb8ce2a525e4eed38fa75d132d6dc64699336876,"{""distance"":3,""physical_error_rate"":0.0001}","{""detection_events"":2202,""detectors_checked"":8515584,""obs_mistake_mask=E"":1}"
    156672,         0,         0,    5.89,decoder_by_matrix,beec9fd12293a9cfe53c9b61fb8ce2a525e4eed38fa75d132d6dc64699336876,"{""distance"":3,""physical_error_rate"":0.0001}","{""detection_events"":2391,""detectors_checked"":8460288}"
    155648,         0,         0,    5.85,decoder_by_matrix,beec9fd12293a9cfe53c9b61fb8ce2a525e4eed38fa75d132d6dc64699336876,"{""distance"":3,""physical_error_rate"":0.0001}","{""detection_events"":2283,""detectors_checked"":8404992}"
    156672,         0,         0,    5.88,decoder_by_matrix,beec9fd12293a9cfe53c9b61fb8ce2a525e4eed38fa75d132d6dc64699336876,"{""distance"":3,""physical_error_rate"":0.0001}","{""detection_events"":2313,""detectors_checked"":8460288}"
    163840,         0,         0,    6.05,decoder_by_matrix,beec9fd12293a9cfe53c9b61fb8ce2a525e4eed38fa75d132d6dc64699336876,"{""distance"":3,""physical_error_rate"":0.0001}","{""detection_events"":2346,""detectors_checked"":8847360}"
    155648,         0,         0,    5.74,decoder_by_matrix,beec9fd12293a9cfe53c9b61fb8ce2a525e4eed38fa75d132d6dc64699336876,"{""distance"":3,""physical_error_rate"":0.0001}","{""detection_events"":2178,""detectors_checked"":8404992}"
    159744,         0,         0,    5.52,decoder_by_matrix,beec9fd12293a9cfe53c9b61fb8ce2a525e4eed38fa75d132d6dc64699336876,"{""distance"":3,""physical_error_rate"":0.0001}","{""detection_events"":2322,""detectors_checked"":8626176}"
    162816,         0,         0,    5.90,decoder_by_matrix,beec9fd12293a9cfe53c9b61fb8ce2a525e4eed38fa75d132d6dc64699336876,"{""distance"":3,""physical_error_rate"":0.0001}","{""detection_events"":2184,""detectors_checked"":8792064}"
    161792,         0,         0,    5.99,decoder_by_matrix,beec9fd12293a9cfe53c9b61fb8ce2a525e4eed38fa75d132d6dc64699336876,"{""distance"":3,""physical_error_rate"":0.0001}","{""detection_events"":2127,""detectors_checked"":8736768}"
    156672,         0,         0,    6.08,decoder_by_matrix,beec9fd12293a9cfe53c9b61fb8ce2a525e4eed38fa75d132d6dc64699336876,"{""distance"":3,""physical_error_rate"":0.0001}","{""detection_events"":2583,""detectors_checked"":8460288}"
    163840,         0,         0,    5.87,decoder_by_matrix,beec9fd12293a9cfe53c9b61fb8ce2a525e4eed38fa75d132d6dc64699336876,"{""distance"":3,""physical_error_rate"":0.0001}","{""detection_events"":2247,""detectors_checked"":8847360}"
    160768,         0,         0,    5.81,decoder_by_matrix,beec9fd12293a9cfe53c9b61fb8ce2a525e4eed38fa75d132d6dc64699336876,"{""distance"":3,""physical_error_rate"":0.0001}","{""detection_events"":2454,""detectors_checked"":8681472}"
    157696,         0,         0,    5.80,decoder_by_matrix,beec9fd12293a9cfe53c9b61fb8ce2a525e4eed38fa75d132d6dc64699336876,"{""distance"":3,""physical_error_rate"":0.0001}","{""detection_events"":2505,""detectors_checked"":8515584}"
    158720,         0,         0,    6.00,decoder_by_matrix,beec9fd12293a9cfe53c9b61fb8ce2a525e4eed38fa75d132d6dc64699336876,"{""distance"":3,""physical_error_rate"":0.0001}","{""detection_events"":2535,""detectors_checked"":8570880}"
    161792,         0,         0,    5.80,decoder_by_matrix,beec9fd12293a9cfe53c9b61fb8ce2a525e4eed38fa75d132d6dc64699336876,"{""distance"":3,""physical_error_rate"":0.0001}","{""detection_events"":2457,""detectors_checked"":8736768}"
    220160,         0,         0,    8.35,decoder_by_matrix,beec9fd12293a9cfe53c9b61fb8ce2a525e4eed38fa75d132d6dc64699336876,"{""distance"":3,""physical_error_rate"":0.0001}","{""detection_events"":3291,""detectors_checked"":11888640}"
    222208,         0,         0,    8.29,decoder_by_matrix,beec9fd12293a9cfe53c9b61fb8ce2a525e4eed38fa75d132d6dc64699336876,"{""distance"":3,""physical_error_rate"":0.0001}","{""detection_events"":3348,""detectors_checked"":11999232}"
    228352,         0,         0,    8.12,decoder_by_matrix,beec9fd12293a9cfe53c9b61fb8ce2a525e4eed38fa75d132d6dc64699336876,"{""distance"":3,""physical_error_rate"":0.0001}","{""detection_events"":2994,""detectors_checked"":12331008}"
    228352,         0,         0,    8.38,decoder_by_matrix,beec9fd12293a9cfe53c9b61fb8ce2a525e4eed38fa75d132d6dc64699336876,"{""distance"":3,""physical_error_rate"":0.0001}","{""detection_events"":3102,""detectors_checked"":12331008}"
    226304,         0,         0,    8.34,decoder_by_matrix,beec9fd12293a9cfe53c9b61fb8ce2a525e4eed38fa75d132d6dc64699336876,"{""distance"":3,""physical_error_rate"":0.0001}","{""detection_events"":3237,""detectors_checked"":12220416}"
    217088,         0,         0,    8.27,decoder_by_matrix,beec9fd12293a9cfe53c9b61fb8ce2a525e4eed38fa75d132d6dc64699336876,"{""distance"":3,""physical_error_rate"":0.0001}","{""detection_events"":3651,""detectors_checked"":11722752}"
    227328,         0,         0,    8.33,decoder_by_matrix,beec9fd12293a9cfe53c9b61fb8ce2a525e4eed38fa75d132d6dc64699336876,"{""distance"":3,""physical_error_rate"":0.0001}","{""detection_events"":3207,""detectors_checked"":12275712}"
    221184,         0,         0,    8.24,decoder_by_matrix,beec9fd12293a9cfe53c9b61fb8ce2a525e4eed38fa75d132d6dc64699336876,"{""distance"":3,""physical_error_rate"":0.0001}","{""detection_events"":3120,""detectors_checked"":11943936}"
    219136,         0,         0,    8.39,decoder_by_matrix,beec9fd12293a9cfe53c9b61fb8ce2a525e4eed38fa75d132d6dc64699336876,"{""distance"":3,""physical_error_rate"":0.0001}","{""detection_events"":3144,""detectors_checked"":11833344}"
    226304,         0,         0,    8.23,decoder_by_matrix,beec9fd12293a9cfe53c9b61fb8ce2a525e4eed38fa75d132d6dc64699336876,"{""distance"":3,""physical_error_rate"":0.0001}","{""detection_events"":3270,""detectors_checked"":12220416}"
    225280,         0,         0,    8.15,decoder_by_matrix,beec9fd12293a9cfe53c9b61fb8ce2a525e4eed38fa75d132d6dc64699336876,"{""distance"":3,""physical_error_rate"":0.0001}","{""detection_events"":3135,""detectors_checked"":12165120}"
    218112,         1,         0,    8.28,decoder_by_matrix,beec9fd12293a9cfe53c9b61fb8ce2a525e4eed38fa75d132d6dc64699336876,"{""distance"":3,""physical_error_rate"":0.0001}","{""detection_events"":3537,""detectors_checked"":11778048,""obs_mistake_mask=E"":1}"
    225280,         1,         0,    8.32,decoder_by_matrix,beec9fd12293a9cfe53c9b61fb8ce2a525e4eed38fa75d132d6dc64699336876,"{""distance"":3,""physical_error_rate"":0.0001}","{""detection_events"":3090,""detectors_checked"":12165120,""obs_mistake_mask=E"":1}"
    222208,         0,         0,    8.32,decoder_by_matrix,beec9fd12293a9cfe53c9b61fb8ce2a525e4eed38fa75d132d6dc64699336876,"{""distance"":3,""physical_error_rate"":0.0001}","{""detection_events"":3237,""detectors_checked"":11999232}"
    223232,         1,         0,    8.32,decoder_by_matrix,beec9fd12293a9cfe53c9b61fb8ce2a525e4eed38fa75d132d6dc64699336876,"{""distance"":3,""physical_error_rate"":0.0001}","{""detection_events"":3465,""detectors_checked"":12054528,""obs_mistake_mask=E"":1}"
    226304,         2,         0,    8.34,decoder_by_matrix,beec9fd12293a9cfe53c9b61fb8ce2a525e4eed38fa75d132d6dc64699336876,"{""distance"":3,""physical_error_rate"":0.0001}","{""detection_events"":3090,""detectors_checked"":12220416,""obs_mistake_mask=E"":2}"
    311296,         0,         0,    11.5,decoder_by_matrix,beec9fd12293a9cfe53c9b61fb8ce2a525e4eed38fa75d132d6dc64699336876,"{""distance"":3,""physical_error_rate"":0.0001}","{""detection_events"":4170,""detectors_checked"":16809984}"
    309248,         0,         0,    11.7,decoder_by_matrix,beec9fd12293a9cfe53c9b61fb8ce2a525e4eed38fa75d132d6dc64699336876,"{""distance"":3,""physical_error_rate"":0.0001}","{""detection_events"":4488,""detectors_checked"":16699392}"
    313344,         0,         0,    11.7,decoder_by_matrix,beec9fd12293a9cfe53c9b61fb8ce2a525e4eed38fa75d132d6dc64699336876,"{""distance"":3,""physical_error_rate"":0.0001}","{""detection_events"":4629,""detectors_checked"":16920576}"
    314368,         0,         0,    11.7,decoder_by_matrix,beec9fd12293a9cfe53c9b61fb8ce2a525e4eed38fa75d132d6dc64699336876,"{""distance"":3,""physical_error_rate"":0.0001}","{""detection_events"":4437,""detectors_checked"":16975872}"
    304128,         0,         0,    11.7,decoder_by_matrix,beec9fd12293a9cfe53c9b61fb8ce2a525e4eed38fa75d132d6dc64699336876,"{""distance"":3,""physical_error_rate"":0.0001}","{""detection_events"":4539,""detectors_checked"":16422912}"
    306176,         0,         0,    11.6,decoder_by_matrix,beec9fd12293a9cfe53c9b61fb8ce2a525e4eed38fa75d132d6dc64699336876,"{""distance"":3,""physical_error_rate"":0.0001}","{""detection_events"":4353,""detectors_checked"":16533504}"
    311296,         0,         0,    11.3,decoder_by_matrix,beec9fd12293a9cfe53c9b61fb8ce2a525e4eed38fa75d132d6dc64699336876,"{""distance"":3,""physical_error_rate"":0.0001}","{""detection_events"":4332,""detectors_checked"":16809984}"
    307200,         2,         0,    11.7,decoder_by_matrix,beec9fd12293a9cfe53c9b61fb8ce2a525e4eed38fa75d132d6dc64699336876,"{""distance"":3,""physical_error_rate"":0.0001}","{""detection_events"":4341,""detectors_checked"":16588800,""obs_mistake_mask=E"":2}"
    310272,         0,         0,    11.5,decoder_by_matrix,beec9fd12293a9cfe53c9b61fb8ce2a525e4eed38fa75d132d6dc64699336876,"{""distance"":3,""physical_error_rate"":0.0001}","{""detection_events"":4272,""detectors_checked"":16754688}"
    318464,         0,         0,    11.6,decoder_by_matrix,beec9fd12293a9cfe53c9b61fb8ce2a525e4eed38fa75d132d6dc64699336876,"{""distance"":3,""physical_error_rate"":0.0001}","{""detection_events"":4524,""detectors_checked"":17197056}"
    311296,         1,         0,    11.6,decoder_by_matrix,beec9fd12293a9cfe53c9b61fb8ce2a525e4eed38fa75d132d6dc64699336876,"{""distance"":3,""physical_error_rate"":0.0001}","{""detection_events"":4539,""detectors_checked"":16809984,""obs_mistake_mask=E"":1}"
    317440,         1,         0,    11.5,decoder_by_matrix,beec9fd12293a9cfe53c9b61fb8ce2a525e4eed38fa75d132d6dc64699336876,"{""distance"":3,""physical_error_rate"":0.0001}","{""detection_events"":4401,""detectors_checked"":17141760,""obs_mistake_mask=E"":1}"
    311296,         0,         0,    11.5,decoder_by_matrix,beec9fd12293a9cfe53c9b61fb8ce2a525e4eed38fa75d132d6dc64699336876,"{""distance"":3,""physical_error_rate"":0.0001}","{""detection_events"":4491,""detectors_checked"":16809984}"
    312320,         0,         0,    11.7,decoder_by_matrix,beec9fd12293a9cfe53c9b61fb8ce2a525e4eed38fa75d132d6dc64699336876,"{""distance"":3,""physical_error_rate"":0.0001}","{""detection_events"":4638,""detectors_checked"":16865280}"
    318464,         0,         0,    11.5,decoder_by_matrix,beec9fd12293a9cfe53c9b61fb8ce2a525e4eed38fa75d132d6dc64699336876,"{""distance"":3,""physical_error_rate"":0.0001}","{""detection_events"":4632,""detectors_checked"":17197056}"
    313344,         0,         0,    11.3,decoder_by_matrix,beec9fd12293a9cfe53c9b61fb8ce2a525e4eed38fa75d132d6dc64699336876,"{""distance"":3,""physical_error_rate"":0.0001}","{""detection_events"":4689,""detectors_checked"":16920576}"
    431104,         0,         0,    15.8,decoder_by_matrix,beec9fd12293a9cfe53c9b61fb8ce2a525e4eed38fa75d132d6dc64699336876,"{""distance"":3,""physical_error_rate"":0.0001}","{""detection_events"":6537,""detectors_checked"":23279616}"
    437248,         0,         0,    16.2,decoder_by_matrix,beec9fd12293a9cfe53c9b61fb8ce2a525e4eed38fa75d132d6dc64699336876,"{""distance"":3,""physical_error_rate"":0.0001}","{""detection_events"":6546,""detectors_checked"":23611392}"
    435200,         0,         0,    16.1,decoder_by_matrix,beec9fd12293a9cfe53c9b61fb8ce2a525e4eed38fa75d132d6dc64699336876,"{""distance"":3,""physical_error_rate"":0.0001}","{""detection_events"":6741,""detectors_checked"":23500800}"
    430080,         0,         0,    16.5,decoder_by_matrix,beec9fd12293a9cfe53c9b61fb8ce2a525e4eed38fa75d132d6dc64699336876,"{""distance"":3,""physical_error_rate"":0.0001}","{""detection_events"":6510,""detectors_checked"":23224320}"
    438272,         0,         0,    16.5,decoder_by_matrix,beec9fd12293a9cfe53c9b61fb8ce2a525e4eed38fa75d132d6dc64699336876,"{""distance"":3,""physical_error_rate"":0.0001}","{""detection_events"":6348,""detectors_checked"":23666688}"
    428032,         1,         0,    16.3,decoder_by_matrix,beec9fd12293a9cfe53c9b61fb8ce2a525e4eed38fa75d132d6dc64699336876,"{""distance"":3,""physical_error_rate"":0.0001}","{""detection_events"":6609,""detectors_checked"":23113728,""obs_mistake_mask=E"":1}"
    436224,         0,         0,    16.2,decoder_by_matrix,beec9fd12293a9cfe53c9b61fb8ce2a525e4eed38fa75d132d6dc64699336876,"{""distance"":3,""physical_error_rate"":0.0001}","{""detection_events"":6456,""detectors_checked"":23556096}"
    433152,         0,         0,    16.0,decoder_by_matrix,beec9fd12293a9cfe53c9b61fb8ce2a525e4eed38fa75d132d6dc64699336876,"{""distance"":3,""physical_error_rate"":0.0001}","{""detection_events"":6186,""detectors_checked"":23390208}"
    437248,         1,         0,    16.0,decoder_by_matrix,beec9fd12293a9cfe53c9b61fb8ce2a525e4eed38fa75d132d6dc64699336876,"{""distance"":3,""physical_error_rate"":0.0001}","{""detection_events"":6573,""detectors_checked"":23611392,""obs_mistake_mask=E"":1}"
    430080,         0,         0,    16.2,decoder_by_matrix,beec9fd12293a9cfe53c9b61fb8ce2a525e4eed38fa75d132d6dc64699336876,"{""distance"":3,""physical_error_rate"":0.0001}","{""detection_events"":6273,""detectors_checked"":23224320}"
    432128,         0,         0,    16.5,decoder_by_matrix,beec9fd12293a9cfe53c9b61fb8ce2a525e4eed38fa75d132d6dc64699336876,"{""distance"":3,""physical_error_rate"":0.0001}","{""detection_events"":6165,""detectors_checked"":23334912}"
    440320,         0,         0,    16.2,decoder_by_matrix,beec9fd12293a9cfe53c9b61fb8ce2a525e4eed38fa75d132d6dc64699336876,"{""distance"":3,""physical_error_rate"":0.0001}","{""detection_events"":6303,""detectors_checked"":23777280}"
    433152,         2,         0,    15.6,decoder_by_matrix,beec9fd12293a9cfe53c9b61fb8ce2a525e4eed38fa75d132d6dc64699336876,"{""distance"":3,""physical_error_rate"":0.0001}","{""detection_events"":6870,""detectors_checked"":23390208,""obs_mistake_mask=E"":2}"
    434176,         0,         0,    16.5,decoder_by_matrix,beec9fd12293a9cfe53c9b61fb8ce2a525e4eed38fa75d132d6dc64699336876,"{""distance"":3,""physical_error_rate"":0.0001}","{""detection_events"":6531,""detectors_checked"":23445504}"
    439296,         0,         0,    16.1,decoder_by_matrix,beec9fd12293a9cfe53c9b61fb8ce2a525e4eed38fa75d132d6dc64699336876,"{""distance"":3,""physical_error_rate"":0.0001}","{""detection_events"":6210,""detectors_checked"":23721984}"
    434176,         0,         0,    16.1,decoder_by_matrix,beec9fd12293a9cfe53c9b61fb8ce2a525e4eed38fa75d132d6dc64699336876,"{""distance"":3,""physical_error_rate"":0.0001}","{""detection_events"":6453,""detectors_checked"":23445504}"
   3143680,         2,         0,   117.5,decoder_by_matrix,beec9fd12293a9cfe53c9b61fb8ce2a525e4eed38fa75d132d6dc64699336876,"{""distance"":3,""physical_error_rate"":0.0001}","{""detection_events"":45660,""detectors_checked"":169758720,""obs_mistake_mask=E"":2}"
   3180544,         3,         0,   118.1,decoder_by_matrix,beec9fd12293a9cfe53c9b61fb8ce2a525e4eed38fa75d132d6dc64699336876,"{""distance"":3,""physical_error_rate"":0.0001}","{""detection_events"":45582,""detectors_checked"":171749376,""obs_mistake_mask=E"":3}"
    607232,         0,         0,    22.6,decoder_by_matrix,beec9fd12293a9cfe53c9b61fb8ce2a525e4eed38fa75d132d6dc64699336876,"{""distance"":3,""physical_error_rate"":0.0001}","{""detection_events"":8481,""detectors_checked"":32790528}"
    608256,         0,         0,    22.4,decoder_by_matrix,beec9fd12293a9cfe53c9b61fb8ce2a525e4eed38fa75d132d6dc64699336876,"{""distance"":3,""physical_error_rate"":0.0001}","{""detection_events"":8739,""detectors_checked"":32845824}"
    610304,         0,         0,    22.7,decoder_by_matrix,beec9fd12293a9cfe53c9b61fb8ce2a525e4eed38fa75d132d6dc64699336876,"{""distance"":3,""physical_error_rate"":0.0001}","{""detection_events"":8511,""detectors_checked"":32956416}"
    603136,         0,         0,    22.6,decoder_by_matrix,beec9fd12293a9cfe53c9b61fb8ce2a525e4eed38fa75d132d6dc64699336876,"{""distance"":3,""physical_error_rate"":0.0001}","{""detection_events"":8847,""detectors_checked"":32569344}"
    609280,         1,         0,    22.8,decoder_by_matrix,beec9fd12293a9cfe53c9b61fb8ce2a525e4eed38fa75d132d6dc64699336876,"{""distance"":3,""physical_error_rate"":0.0001}","{""detection_events"":8997,""detectors_checked"":32901120,""obs_mistake_mask=E"":1}"
    605184,         0,         0,    22.5,decoder_by_matrix,beec9fd12293a9cfe53c9b61fb8ce2a525e4eed38fa75d132d6dc64699336876,"{""distance"":3,""physical_error_rate"":0.0001}","{""detection_events"":9165,""detectors_checked"":32679936}"
    609280,         0,         0,    22.2,decoder_by_matrix,beec9fd12293a9cfe53c9b61fb8ce2a525e4eed38fa75d132d6dc64699336876,"{""distance"":3,""physical_error_rate"":0.0001}","{""detection_events"":8685,""detectors_checked"":32901120}"
    599040,         0,         0,    22.1,decoder_by_matrix,beec9fd12293a9cfe53c9b61fb8ce2a525e4eed38fa75d132d6dc64699336876,"{""distance"":3,""physical_error_rate"":0.0001}","{""detection_events"":8796,""detectors_checked"":32348160}"
    604160,         0,         0,    22.8,decoder_by_matrix,beec9fd12293a9cfe53c9b61fb8ce2a525e4eed38fa75d132d6dc64699336876,"{""distance"":3,""physical_error_rate"":0.0001}","{""detection_events"":9045,""detectors_checked"":32624640}"
    600064,         0,         0,    22.5,decoder_by_matrix,beec9fd12293a9cfe53c9b61fb8ce2a525e4eed38fa75d132d6dc64699336876,"{""distance"":3,""physical_error_rate"":0.0001}","{""detection_events"":8553,""detectors_checked"":32403456}"
    604160,         0,         0,    22.3,decoder_by_matrix,beec9fd12293a9cfe53c9b61fb8ce2a525e4eed38fa75d132d6dc64699336876,"{""distance"":3,""physical_error_rate"":0.0001}","{""detection_events"":8487,""detectors_checked"":32624640}"
    610304,         0,         0,    22.2,decoder_by_matrix,beec9fd12293a9cfe53c9b61fb8ce2a525e4eed38fa75d132d6dc64699336876,"{""distance"":3,""physical_error_rate"":0.0001}","{""detection_events"":8289,""detectors_checked"":32956416}"
    602112,         0,         0,    22.3,decoder_by_matrix,beec9fd12293a9cfe53c9b61fb8ce2a525e4eed38fa75d132d6dc64699336876,"{""distance"":3,""physical_error_rate"":0.0001}","{""detection_events"":8562,""detectors_checked"":32514048}"
    610304,         1,         0,    22.3,decoder_by_matrix,beec9fd12293a9cfe53c9b61fb8ce2a525e4eed38fa75d132d6dc64699336876,"{""distance"":3,""physical_error_rate"":0.0001}","{""detection_events"":9135,""detectors_checked"":32956416,""obs_mistake_mask=E"":1}"
    612352,         0,         0,    22.6,decoder_by_matrix,beec9fd12293a9cfe53c9b61fb8ce2a525e4eed38fa75d132d6dc64699336876,"{""distance"":3,""physical_error_rate"":0.0001}","{""detection_events"":9273,""detectors_checked"":33067008}"
    606208,         0,         0,    22.5,decoder_by_matrix,beec9fd12293a9cfe53c9b61fb8ce2a525e4eed38fa75d132d6dc64699336876,"{""distance"":3,""physical_error_rate"":0.0001}","{""detection_events"":8964,""detectors_checked"":32735232}"
    844800,         3,         0,    31.4,decoder_by_matrix,beec9fd12293a9cfe53c9b61fb8ce2a525e4eed38fa75d132d6dc64699336876,"{""distance"":3,""physical_error_rate"":0.0001}","{""detection_events"":12318,""detectors_checked"":45619200,""obs_mistake_mask=E"":3}"
    852992,         1,         0,    31.5,decoder_by_matrix,beec9fd12293a9cfe53c9b61fb8ce2a525e4eed38fa75d132d6dc64699336876,"{""distance"":3,""physical_error_rate"":0.0001}","{""detection_events"":12744,""detectors_checked"":46061568,""obs_mistake_mask=E"":1}"
    855040,         1,         0,    31.5,decoder_by_matrix,beec9fd12293a9cfe53c9b61fb8ce2a525e4eed38fa75d132d6dc64699336876,"{""distance"":3,""physical_error_rate"":0.0001}","{""detection_events"":12672,""detectors_checked"":46172160,""obs_mistake_mask=E"":1}"
    850944,         3,         0,    31.7,decoder_by_matrix,beec9fd12293a9cfe53c9b61fb8ce2a525e4eed38fa75d132d6dc64699336876,"{""distance"":3,""physical_error_rate"":0.0001}","{""detection_events"":12801,""detectors_checked"":45950976,""obs_mistake_mask=E"":3}"
    858112,         0,         0,    31.8,decoder_by_matrix,beec9fd12293a9cfe53c9b61fb8ce2a525e4eed38fa75d132d6dc64699336876,"{""distance"":3,""physical_error_rate"":0.0001}","{""detection_events"":12549,""detectors_checked"":46338048}"
    843776,         0,         0,    31.1,decoder_by_matrix,beec9fd12293a9cfe53c9b61fb8ce2a525e4eed38fa75d132d6dc64699336876,"{""distance"":3,""physical_error_rate"":0.0001}","{""detection_events"":12606,""detectors_checked"":45563904}"
    843776,         1,         0,    31.6,decoder_by_matrix,beec9fd12293a9cfe53c9b61fb8ce2a525e4eed38fa75d132d6dc64699336876,"{""distance"":3,""physical_error_rate"":0.0001}","{""detection_events"":12657,""detectors_checked"":45563904,""obs_mistake_mask=E"":1}"
    854016,         3,         0,    30.4,decoder_by_matrix,beec9fd12293a9cfe53c9b61fb8ce2a525e4eed38fa75d132d6dc64699336876,"{""distance"":3,""physical_error_rate"":0.0001}","{""detection_events"":12204,""detectors_checked"":46116864,""obs_mistake_mask=E"":3}"
    844800,         1,         0,    31.6,decoder_by_matrix,beec9fd12293a9cfe53c9b61fb8ce2a525e4eed38fa75d132d6dc64699336876,"{""distance"":3,""physical_error_rate"":0.0001}","{""detection_events"":12471,""detectors_checked"":45619200,""obs_mistake_mask=E"":1}"
    852992,         0,         0,    31.7,decoder_by_matrix,beec9fd12293a9cfe53c9b61fb8ce2a525e4eed38fa75d132d6dc64699336876,"{""distance"":3,""physical_error_rate"":0.0001}","{""detection_events"":12867,""detectors_checked"":46061568}"
    843776,         0,         0,    31.4,decoder_by_matrix,beec9fd12293a9cfe53c9b61fb8ce2a525e4eed38fa75d132d6dc64699336876,"{""distance"":3,""physical_error_rate"":0.0001}","{""detection_events"":12156,""detectors_checked"":45563904}"
    845824,         1,         0,    31.5,decoder_by_matrix,beec9fd12293a9cfe53c9b61fb8ce2a525e4eed38fa75d132d6dc64699336876,"{""distance"":3,""physical_error_rate"":0.0001}","{""detection_events"":12858,""detectors_checked"":45674496,""obs_mistake_mask=E"":1}"
    841728,         0,         0,    31.7,decoder_by_matrix,beec9fd12293a9cfe53c9b61fb8ce2a525e4eed38fa75d132d6dc64699336876,"{""distance"":3,""physical_error_rate"":0.0001}","{""detection_events"":12462,""detectors_checked"":45453312}"
    859136,         0,         0,    31.6,decoder_by_matrix,beec9fd12293a9cfe53c9b61fb8ce2a525e4eed38fa75d132d6dc64699336876,"{""distance"":3,""physical_error_rate"":0.0001}","{""detection_events"":12234,""detectors_checked"":46393344}"
    847872,         0,         0,    31.5,decoder_by_matrix,beec9fd12293a9cfe53c9b61fb8ce2a525e4eed38fa75d132d6dc64699336876,"{""distance"":3,""physical_error_rate"":0.0001}","{""detection_events"":11913,""detectors_checked"":45785088}"
    832512,         0,         0,    31.6,decoder_by_matrix,beec9fd12293a9cfe53c9b61fb8ce2a525e4eed38fa75d132d6dc64699336876,"{""distance"":3,""physical_error_rate"":0.0001}","{""detection_events"":12687,""detectors_checked"":44955648}"
   3184640,         1,         0,   117.9,decoder_by_matrix,beec9fd12293a9cfe53c9b61fb8ce2a525e4eed38fa75d132d6dc64699336876,"{""distance"":3,""physical_error_rate"":0.0001}","{""detection_events"":46371,""detectors_checked"":171970560,""obs_mistake_mask=E"":1}"
   3084288,         1,         0,   116.8,decoder_by_matrix,beec9fd12293a9cfe53c9b61fb8ce2a525e4eed38fa75d132d6dc64699336876,"{""distance"":3,""physical_error_rate"":0.0001}","{""detection_events"":45117,""detectors_checked"":166551552,""obs_mistake_mask=E"":1}"
   3166208,         4,         0,   117.3,decoder_by_matrix,beec9fd12293a9cfe53c9b61fb8ce2a525e4eed38fa75d132d6dc64699336876,"{""distance"":3,""physical_error_rate"":0.0001}","{""detection_events"":45537,""detectors_checked"":170975232,""obs_mistake_mask=E"":4}"
   3119104,         1,         0,   117.2,decoder_by_matrix,beec9fd12293a9cfe53c9b61fb8ce2a525e4eed38fa75d132d6dc64699336876,"{""distance"":3,""physical_error_rate"":0.0001}","{""detection_events"":44427,""detectors_checked"":168431616,""obs_mistake_mask=E"":1}"
    202909,         0,         0,    7.89,decoder_by_matrix,beec9fd12293a9cfe53c9b61fb8ce2a525e4eed38fa75d132d6dc64699336876,"{""distance"":3,""physical_error_rate"":0.0001}","{""detection_events"":2928,""detectors_checked"":10957086}"
   3186688,         2,         0,   116.4,decoder_by_matrix,beec9fd12293a9cfe53c9b61fb8ce2a525e4eed38fa75d132d6dc64699336876,"{""distance"":3,""physical_error_rate"":0.0001}","{""detection_events"":46176,""detectors_checked"":172081152,""obs_mistake_mask=E"":2}"
   3154944,         3,         0,   118.2,decoder_by_matrix,beec9fd12293a9cfe53c9b61fb8ce2a525e4eed38fa75d132d6dc64699336876,"{""distance"":3,""physical_error_rate"":0.0001}","{""detection_events"":46137,""detectors_checked"":170366976,""obs_mistake_mask=E"":3}"
   3154944,         2,         0,   117.9,decoder_by_matrix,beec9fd12293a9cfe53c9b61fb8ce2a525e4eed38fa75d132d6dc64699336876,"{""distance"":3,""physical_error_rate"":0.0001}","{""detection_events"":46044,""detectors_checked"":170366976,""obs_mistake_mask=E"":2}"
   3178496,         0,         0,   117.7,decoder_by_matrix,beec9fd12293a9cfe53c9b61fb8ce2a525e4eed38fa75d132d6dc64699336876,"{""distance"":3,""physical_error_rate"":0.0001}","{""detection_events"":44736,""detectors_checked"":171638784}"
   3187712,         3,         0,   116.9,decoder_by_matrix,beec9fd12293a9cfe53c9b61fb8ce2a525e4eed38fa75d132d6dc64699336876,"{""distance"":3,""physical_error_rate"":0.0001}","{""detection_events"":45654,""detectors_checked"":172136448,""obs_mistake_mask=E"":3}"
     70384,         0,         0,    2.58,decoder_by_matrix,beec9fd12293a9cfe53c9b61fb8ce2a525e4eed38fa75d132d6dc64699336876,"{""distance"":3,""physical_error_rate"":0.0001}","{""detection_events"":1002,""detectors_checked"":3800736}"
   3025920,         2,         0,   112.6,decoder_by_matrix,beec9fd12293a9cfe53c9b61fb8ce2a525e4eed38fa75d132d6dc64699336876,"{""distance"":3,""physical_error_rate"":0.0001}","{""detection_events"":43629,""detectors_checked"":163399680,""obs_mistake_mask=E"":2}"
   3005440,         2,         0,   111.7,decoder_by_matrix,beec9fd12293a9cfe53c9b61fb8ce2a525e4eed38fa75d132d6dc64699336876,"{""distance"":3,""physical_error_rate"":0.0001}","{""detection_events"":44430,""detectors_checked"":162293760,""obs_mistake_mask=E"":2}"
   3052544,         2,         0,   112.8,decoder_by_matrix,beec9fd12293a9cfe53c9b61fb8ce2a525e4eed38fa75d132d6dc64699336876,"{""distance"":3,""physical_error_rate"":0.0001}","{""detection_events"":44025,""detectors_checked"":164837376,""obs_mistake_mask=E"":2}"
   3017728,         3,         0,   111.3,decoder_by_matrix,beec9fd12293a9cfe53c9b61fb8ce2a525e4eed38fa75d132d6dc64699336876,"{""distance"":3,""physical_error_rate"":0.0001}","{""detection_events"":43806,""detectors_checked"":162957312,""obs_mistake_mask=E"":3}"
   3037184,         3,         0,   112.5,decoder_by_matrix,beec9fd12293a9cfe53c9b61fb8ce2a525e4eed38fa75d132d6dc64699336876,"{""distance"":3,""physical_error_rate"":0.0001}","{""detection_events"":44691,""detectors_checked"":164007936,""obs_mistake_mask=E"":3}"
   1181696,         3,         0,    44.0,decoder_by_matrix,beec9fd12293a9cfe53c9b61fb8ce2a525e4eed38fa75d132d6dc64699336876,"{""distance"":3,""physical_error_rate"":0.0001}","{""detection_events"":17421,""detectors_checked"":63811584,""obs_mistake_mask=E"":3}"
   1182720,         0,         0,    44.0,decoder_by_matrix,beec9fd12293a9cfe53c9b61fb8ce2a525e4eed38fa75d132d6dc64699336876,"{""distance"":3,""physical_error_rate"":0.0001}","{""detection_events"":17946,""detectors_checked"":63866880}"
   1193984,         0,         0,    43.4,decoder_by_matrix,beec9fd12293a9cfe53c9b61fb8ce2a525e4eed38fa75d132d6dc64699336876,"{""distance"":3,""physical_error_rate"":0.0001}","{""detection_events"":17121,""detectors_checked"":64475136}"
   1180672,         0,         0,    44.5,decoder_by_matrix,beec9fd12293a9cfe53c9b61fb8ce2a525e4eed38fa75d132d6dc64699336876,"{""distance"":3,""physical_error_rate"":0.0001}","{""detection_events"":17553,""detectors_checked"":63756288}"
   1193984,         1,         0,    44.0,decoder_by_matrix,beec9fd12293a9cfe53c9b61fb8ce2a525e4eed38fa75d132d6dc64699336876,"{""distance"":3,""physical_error_rate"":0.0001}","{""detection_events"":17784,""detectors_checked"":64475136,""obs_mistake_mask=E"":1}"
   1199104,         0,         0,    44.3,decoder_by_matrix,beec9fd12293a9cfe53c9b61fb8ce2a525e4eed38fa75d132d6dc64699336876,"{""distance"":3,""physical_error_rate"":0.0001}","{""detection_events"":17217,""detectors_checked"":64751616}"
   1202176,         2,         0,    43.7,decoder_by_matrix,beec9fd12293a9cfe53c9b61fb8ce2a525e4eed38fa75d132d6dc64699336876,"{""distance"":3,""physical_error_rate"":0.0001}","{""detection_events"":16884,""detectors_checked"":64917504,""obs_mistake_mask=E"":2}"
   1176576,         0,         0,    44.3,decoder_by_matrix,beec9fd12293a9cfe53c9b61fb8ce2a525e4eed38fa75d132d6dc64699336876,"{""distance"":3,""physical_error_rate"":0.0001}","{""detection_events"":18147,""detectors_checked"":63535104}"
   1189888,         1,         0,    44.1,decoder_by_matrix,beec9fd12293a9cfe53c9b61fb8ce2a525e4eed38fa75d132d6dc64699336876,"{""distance"":3,""physical_error_rate"":0.0001}","{""detection_events"":17301,""detectors_checked"":64253952,""obs_mistake_mask=E"":1}"
   1208320,         1,         0,    44.1,decoder_by_matrix,beec9fd12293a9cfe53c9b61fb8ce2a525e4eed38fa75d132d6dc64699336876,"{""distance"":3,""physical_error_rate"":0.0001}","{""detection_events"":17496,""detectors_checked"":65249280,""obs_mistake_mask=E"":1}"
   1187840,         2,         0,    43.4,decoder_by_matrix,beec9fd12293a9cfe53c9b61fb8ce2a525e4eed38fa75d132d6dc64699336876,"{""distance"":3,""physical_error_rate"":0.0001}","{""detection_events"":17625,""detectors_checked"":64143360,""obs_mistake_mask=E"":2}"
   1175552,         2,         0,    44.7,decoder_by_matrix,beec9fd12293a9cfe53c9b61fb8ce2a525e4eed38fa75d132d6dc64699336876,"{""distance"":3,""physical_error_rate"":0.0001}","{""detection_events"":17619,""detectors_checked"":63479808,""obs_mistake_mask=E"":2}"
   1175552,         2,         0,    44.1,decoder_by_matrix,beec9fd12293a9cfe53c9b61fb8ce2a525e4eed38fa75d132d6dc64699336876,"{""distance"":3,""physical_error_rate"":0.0001}","{""detection_events"":17424,""detectors_checked"":63479808,""obs_mistake_mask=E"":2}"
   1204224,         3,         0,    44.2,decoder_by_matrix,beec9fd12293a9cfe53c9b61fb8ce2a525e4eed38fa75d132d6dc64699336876,"{""distance"":3,""physical_error_rate"":0.0001}","{""detection_events"":17499,""detectors_checked"":65028096,""obs_mistake_mask=E"":3}"
   1177600,         3,         0,    43.9,decoder_by_matrix,beec9fd12293a9cfe53c9b61fb8ce2a525e4eed38fa75d132d6dc64699336876,"{""distance"":3,""physical_error_rate"":0.0001}","{""detection_events"":17094,""detectors_checked"":63590400,""obs_mistake_mask=E"":3}"
   1185792,         1,         0,    44.3,decoder_by_matrix,beec9fd12293a9cfe53c9b61fb8ce2a525e4eed38fa75d132d6dc64699336876,"{""distance"":3,""physical_error_rate"":0.0001}","{""detection_events"":17367,""detectors_checked"":64032768,""obs_mistake_mask=E"":1}"
    737256,         1,         0,    27.2,decoder_by_matrix,beec9fd12293a9cfe53c9b61fb8ce2a525e4eed38fa75d132d6dc64699336876,"{""distance"":3,""physical_error_rate"":0.0001}","{""detection_events"":10590,""detectors_checked"":39811824,""obs_mistake_mask=E"":1}"
   2454528,         0,         0,    90.9,decoder_by_matrix,beec9fd12293a9cfe53c9b61fb8ce2a525e4eed38fa75d132d6dc64699336876,"{""distance"":3,""physical_error_rate"":0.0001}","{""detection_events"":36354,""detectors_checked"":132544512}"
   2446336,         1,         0,    91.2,decoder_by_matrix,beec9fd12293a9cfe53c9b61fb8ce2a525e4eed38fa75d132d6dc64699336876,"{""distance"":3,""physical_error_rate"":0.0001}","{""detection_events"":35487,""detectors_checked"":132102144,""obs_mistake_mask=E"":1}"
   1097952,         1,         0,    40.6,decoder_by_matrix,beec9fd12293a9cfe53c9b61fb8ce2a525e4eed38fa75d132d6dc64699336876,"{""distance"":3,""physical_error_rate"":0.0001}","{""detection_events"":16296,""detectors_checked"":59289408,""obs_mistake_mask=E"":1}"
   1504256,         1,         0,    55.6,decoder_by_matrix,beec9fd12293a9cfe53c9b61fb8ce2a525e4eed38fa75d132d6dc64699336876,"{""distance"":3,""physical_error_rate"":0.0001}","{""detection_events"":22536,""detectors_checked"":81229824,""obs_mistake_mask=E"":1}"
   1481330,         2,         0,    55.1,decoder_by_matrix,beec9fd12293a9cfe53c9b61fb8ce2a525e4eed38fa75d132d6dc64699336876,"{""distance"":3,""physical_error_rate"":0.0001}","{""detection_events"":22059,""detectors_checked"":79991820,""obs_mistake_mask=E"":2}"
   1466368,         3,         0,    56.5,decoder_by_matrix,beec9fd12293a9cfe53c9b61fb8ce2a525e4eed38fa75d132d6dc64699336876,"{""distance"":3,""physical_error_rate"":0.0001}","{""detection_events"":21177,""detectors_checked"":79183872,""obs_mistake_mask=E"":3}"
   1388031,         0,         0,    52.4,decoder_by_matrix,beec9fd12293a9cfe53c9b61fb8ce2a525e4eed38fa75d132d6dc64699336876,"{""distance"":3,""physical_error_rate"":0.0001}","{""detection_events"":20718,""detectors_checked"":74953674}"
   1298831,         1,         0,    48.6,decoder_by_matrix,beec9fd12293a9cfe53c9b61fb8ce2a525e4eed38fa75d132d6dc64699336876,"{""distance"":3,""physical_error_rate"":0.0001}","{""detection_events"":18699,""detectors_checked"":70136874,""obs_mistake_mask=E"":1}"
   1258496,         1,         0,    47.0,decoder_by_matrix,beec9fd12293a9cfe53c9b61fb8ce2a525e4eed38fa75d132d6dc64699336876,"{""distance"":3,""physical_error_rate"":0.0001}","{""detection_events"":17940,""detectors_checked"":67958784,""obs_mistake_mask=E"":1}"
   1258496,         0,         0,    47.4,decoder_by_matrix,beec9fd12293a9cfe53c9b61fb8ce2a525e4eed38fa75d132d6dc64699336876,"{""distance"":3,""physical_error_rate"":0.0001}","{""detection_events"":18375,""detectors_checked"":67958784}"
   1258242,         3,         0,    45.7,decoder_by_matrix,beec9fd12293a9cfe53c9b61fb8ce2a525e4eed38fa75d132d6dc64699336876,"{""distance"":3,""physical_error_rate"":0.0001}","{""detection_events"":18258,""detectors_checked"":67945068,""obs_mistake_mask=E"":3}"
   1243136,         0,         0,    45.0,decoder_by_matrix,beec9fd12293a9cfe53c9b61fb8ce2a525e4eed38fa75d132d6dc64699336876,"{""distance"":3,""physical_error_rate"":0.0001}","{""detection_events"":18315,""detectors_checked"":67129344}"
   1218560,         1,         0,    45.7,decoder_by_matrix,beec9fd12293a9cfe53c9b61fb8ce2a525e4eed38fa75d132d6dc64699336876,"{""distance"":3,""physical_error_rate"":0.0001}","{""detection_events"":18375,""detectors_checked"":65802240,""obs_mistake_mask=E"":1}"
   1238016,         1,         0,    45.8,decoder_by_matrix,beec9fd12293a9cfe53c9b61fb8ce2a525e4eed38fa75d132d6dc64699336876,"{""distance"":3,""physical_error_rate"":0.0001}","{""detection_events"":17700,""detectors_checked"":66852864,""obs_mistake_mask=E"":1}"
   1253376,         1,         0,    46.2,decoder_by_matrix,beec9fd12293a9cfe53c9b61fb8ce2a525e4eed38fa75d132d6dc64699336876,"{""distance"":3,""physical_error_rate"":0.0001}","{""detection_events"":17772,""detectors_checked"":67682304,""obs_mistake_mask=E"":1}"
      4866,         0,         0,   0.131,decoder_by_matrix,beec9fd12293a9cfe53c9b61fb8ce2a525e4eed38fa75d132d6dc64699336876,"{""distance"":3,""physical_error_rate"":0.0001}","{""detection_events"":69,""detectors_checked"":262764}"
    985330,         1,         0,    35.8,decoder_by_matrix,beec9fd12293a9cfe53c9b61fb8ce2a525e4eed38fa75d132d6dc64699336876,"{""distance"":3,""physical_error_rate"":0.0001}","{""detection_events"":14130,""detectors_checked"":53207820,""obs_mistake_mask=E"":1}"
    976896,         1,         0,    35.5,decoder_by_matrix,beec9fd12293a9cfe53c9b61fb8ce2a525e4eed38fa75d132d6dc64699336876,"{""distance"":3,""physical_error_rate"":0.0001}","{""detection_events"":14055,""detectors_checked"":52752384,""obs_mistake_mask=E"":1}"
    963584,         0,         0,    35.5,decoder_by_matrix,beec9fd12293a9cfe53c9b61fb8ce2a525e4eed38fa75d132d6dc64699336876,"{""distance"":3,""physical_error_rate"":0.0001}","{""detection_events"":13962,""detectors_checked"":52033536}"
    963584,         2,         0,    35.5,decoder_by_matrix,beec9fd12293a9cfe53c9b61fb8ce2a525e4eed38fa75d132d6dc64699336876,"{""distance"":3,""physical_error_rate"":0.0001}","{""detection_events"":13536,""detectors_checked"":52033536,""obs_mistake_mask=E"":2}"
    964608,         0,         0,    35.9,decoder_by_matrix,beec9fd12293a9cfe53c9b61fb8ce2a525e4eed38fa75d132d6dc64699336876,"{""distance"":3,""physical_error_rate"":0.0001}","{""detection_events"":14076,""detectors_checked"":52088832}"
    956416,         1,         0,    35.6,decoder_by_matrix,beec9fd12293a9cfe53c9b61fb8ce2a525e4eed38fa75d132d6dc64699336876,"{""distance"":3,""physical_error_rate"":0.0001}","{""detection_events"":13698,""detectors_checked"":51646464,""obs_mistake_mask=E"":1}"
    957440,         1,         0,    35.7,decoder_by_matrix,beec9fd12293a9cfe53c9b61fb8ce2a525e4eed38fa75d132d6dc64699336876,"{""distance"":3,""physical_error_rate"":0.0001}","{""detection_events"":14076,""detectors_checked"":51701760,""obs_mistake_mask=E"":1}"
    967680,         1,         0,    36.0,decoder_by_matrix,beec9fd12293a9cfe53c9b61fb8ce2a525e4eed38fa75d132d6dc64699336876,"{""distance"":3,""physical_error_rate"":0.0001}","{""detection_events"":13935,""detectors_checked"":52254720,""obs_mistake_mask=E"":1}"
    954538,         2,         0,    36.0,decoder_by_matrix,beec9fd12293a9cfe53c9b61fb8ce2a525e4eed38fa75d132d6dc64699336876,"{""distance"":3,""physical_error_rate"":0.0001}","{""detection_events"":14544,""detectors_checked"":51545052,""obs_mistake_mask=E"":2}"
    971776,         0,         0,    35.0,decoder_by_matrix,beec9fd12293a9cfe53c9b61fb8ce2a525e4eed38fa75d132d6dc64699336876,"{""distance"":3,""physical_error_rate"":0.0001}","{""detection_events"":13797,""detectors_checked"":52475904}"
    955392,         0,         0,    36.0,decoder_by_matrix,beec9fd12293a9cfe53c9b61fb8ce2a525e4eed38fa75d132d6dc64699336876,"{""distance"":3,""physical_error_rate"":0.0001}","{""detection_events"":14244,""detectors_checked"":51591168}"
    957440,         0,         0,    35.1,decoder_by_matrix,beec9fd12293a9cfe53c9b61fb8ce2a525e4eed38fa75d132d6dc64699336876,"{""distance"":3,""physical_error_rate"":0.0001}","{""detection_events"":14346,""detectors_checked"":51701760}"
    958464,         1,         0,    36.0,decoder_by_matrix,beec9fd12293a9cfe53c9b61fb8ce2a525e4eed38fa75d132d6dc64699336876,"{""distance"":3,""physical_error_rate"":0.0001}","{""detection_events"":13779,""detectors_checked"":51757056,""obs_mistake_mask=E"":1}"
    866304,         0,         0,    31.6,decoder_by_matrix,beec9fd12293a9cfe53c9b61fb8ce2a525e4eed38fa75d132d6dc64699336876,"{""distance"":3,""physical_error_rate"":0.0001}","{""detection_events"":12924,""detectors_checked"":46780416}"
    947200,         0,         0,    35.3,decoder_by_matrix,beec9fd12293a9cfe53c9b61fb8ce2a525e4eed38fa75d132d6dc64699336876,"{""distance"":3,""physical_error_rate"":0.0001}","{""detection_events"":13959,""detectors_checked"":51148800}"
    843776,         1,         0,    32.0,decoder_by_matrix,beec9fd12293a9cfe53c9b61fb8ce2a525e4eed38fa75d132d6dc64699336876,"{""distance"":3,""physical_error_rate"":0.0001}","{""detection_events"":12729,""detectors_checked"":45563904,""obs_mistake_mask=E"":1}"
    952320,         0,         0,    35.8,decoder_by_matrix,beec9fd12293a9cfe53c9b61fb8ce2a525e4eed38fa75d132d6dc64699336876,"{""distance"":3,""physical_error_rate"":0.0001}","{""detection_events"":13965,""detectors_checked"":51425280}"
    954538,         2,         0,    36.5,decoder_by_matrix,beec9fd12293a9cfe53c9b61fb8ce2a525e4eed38fa75d132d6dc64699336876,"{""distance"":3,""physical_error_rate"":0.0001}","{""detection_events"":14952,""detectors_checked"":51545052,""obs_mistake_mask=E"":2}"
    523264,         0,         0,    19.7,decoder_by_matrix,beec9fd12293a9cfe53c9b61fb8ce2a525e4eed38fa75d132d6dc64699336876,"{""distance"":3,""physical_error_rate"":0.0001}","{""detection_events"":8019,""detectors_checked"":28256256}"
    549888,         0,         0,    19.9,decoder_by_matrix,beec9fd12293a9cfe53c9b61fb8ce2a525e4eed38fa75d132d6dc64699336876,"{""distance"":3,""physical_error_rate"":0.0001}","{""detection_events"":7734,""detectors_checked"":29693952}"
    545792,         0,         0,    20.0,decoder_by_matrix,beec9fd12293a9cfe53c9b61fb8ce2a525e4eed38fa75d132d6dc64699336876,"{""distance"":3,""physical_error_rate"":0.0001}","{""detection_events"":7902,""detectors_checked"":29472768}"
    516096,         0,         0,    19.9,decoder_by_matrix,beec9fd12293a9cfe53c9b61fb8ce2a525e4eed38fa75d132d6dc64699336876,"{""distance"":3,""physical_error_rate"":0.0001}","{""detection_events"":7284,""detectors_checked"":27869184}"
    874496,         1,         0,    32.2,decoder_by_matrix,beec9fd12293a9cfe53c9b61fb8ce2a525e4eed38fa75d132d6dc64699336876,"{""distance"":3,""physical_error_rate"":0.0001}","{""detection_events"":12672,""detectors_checked"":47222784,""obs_mistake_mask=E"":1}"
    451040,         1,         0,    16.2,decoder_by_matrix,beec9fd12293a9cfe53c9b61fb8ce2a525e4eed38fa75d132d6dc64699336876,"{""distance"":3,""physical_error_rate"":0.0001}","{""detection_events"":6753,""detectors_checked"":24356160,""obs_mistake_mask=E"":1}"
    447488,         0,         0,    15.6,decoder_by_matrix,beec9fd12293a9cfe53c9b61fb8ce2a525e4eed38fa75d132d6dc64699336876,"{""distance"":3,""physical_error_rate"":0.0001}","{""detection_events"":6030,""detectors_checked"":24164352}"
    443392,         1,         0,    15.7,decoder_by_matrix,beec9fd12293a9cfe53c9b61fb8ce2a525e4eed38fa75d132d6dc64699336876,"{""distance"":3,""physical_error_rate"":0.0001}","{""detection_events"":6312,""detectors_checked"":23943168,""obs_mistake_mask=E"":1}"
    424960,         0,         0,    16.2,decoder_by_matrix,beec9fd12293a9cfe53c9b61fb8ce2a525e4eed38fa75d132d6dc64699336876,"{""distance"":3,""physical_error_rate"":0.0001}","{""detection_events"":6336,""detectors_checked"":22947840}"
    435200,         0,         0,    15.4,decoder_by_matrix,beec9fd12293a9cfe53c9b61fb8ce2a525e4eed38fa75d132d6dc64699336876,"{""distance"":3,""physical_error_rate"":0.0001}","{""detection_events"":6315,""detectors_checked"":23500800}"
    441344,         1,         0,    16.4,decoder_by_matrix,beec9fd12293a9cfe53c9b61fb8ce2a525e4eed38fa75d132d6dc64699336876,"{""distance"":3,""physical_error_rate"":0.0001}","{""detection_events"":6480,""detectors_checked"":23832576,""obs_mistake_mask=E"":1}"
    431104,         1,         0,    16.2,decoder_by_matrix,beec9fd12293a9cfe53c9b61fb8ce2a525e4eed38fa75d132d6dc64699336876,"{""distance"":3,""physical_error_rate"":0.0001}","{""detection_events"":6174,""detectors_checked"":23279616,""obs_mistake_mask=E"":1}"
    429056,         1,         0,    15.5,decoder_by_matrix,beec9fd12293a9cfe53c9b61fb8ce2a525e4eed38fa75d132d6dc64699336876,"{""distance"":3,""physical_error_rate"":0.0001}","{""detection_events"":6411,""detectors_checked"":23169024,""obs_mistake_mask=E"":1}"
    438272,         1,         0,    16.2,decoder_by_matrix,beec9fd12293a9cfe53c9b61fb8ce2a525e4eed38fa75d132d6dc64699336876,"{""distance"":3,""physical_error_rate"":0.0001}","{""detection_events"":6333,""detectors_checked"":23666688,""obs_mistake_mask=E"":1}"
     80042,         0,         0,    2.83,decoder_by_matrix,beec9fd12293a9cfe53c9b61fb8ce2a525e4eed38fa75d132d6dc64699336876,"{""distance"":3,""physical_error_rate"":0.0001}","{""detection_events"":1011,""detectors_checked"":4322268}"
    231307,         0,         0,    8.14,decoder_by_matrix,beec9fd12293a9cfe53c9b61fb8ce2a525e4eed38fa75d132d6dc64699336876,"{""distance"":3,""physical_error_rate"":0.0001}","{""detection_events"":3219,""detectors_checked"":12490578}"
    224079,         2,         0,    7.98,decoder_by_matrix,beec9fd12293a9cfe53c9b61fb8ce2a525e4eed38fa75d132d6dc64699336876,"{""distance"":3,""physical_error_rate"":0.0001}","{""detection_events"":3315,""detectors_checked"":12100266,""obs_mistake_mask=E"":2}"
    228352,         1,         0,    8.25,decoder_by_matrix,beec9fd12293a9cfe53c9b61fb8ce2a525e4eed38fa75d132d6dc64699336876,"{""distance"":3,""physical_error_rate"":0.0001}","{""detection_events"":3150,""detectors_checked"":12331008,""obs_mistake_mask=E"":1}"
    224079,         0,         0,    8.46,decoder_by_matrix,beec9fd12293a9cfe53c9b61fb8ce2a525e4eed38fa75d132d6dc64699336876,"{""distance"":3,""physical_error_rate"":0.0001}","{""detection_events"":3387,""detectors_checked"":12100266}"
    224256,         0,         0,    8.04,decoder_by_matrix,beec9fd12293a9cfe53c9b61fb8ce2a525e4eed38fa75d132d6dc64699336876,"{""distance"":3,""physical_error_rate"":0.0001}","{""detection_events"":3225,""detectors_checked"":12109824}"
    226304,         0,         0,    8.28,decoder_by_matrix,beec9fd12293a9cfe53c9b61fb8ce2a525e4eed38fa75d132d6dc64699336876,"{""distance"":3,""physical_error_rate"":0.0001}","{""detection_events"":3159,""detectors_checked"":12220416}"
    224079,         0,         0,    8.32,decoder_by_matrix,beec9fd12293a9cfe53c9b61fb8ce2a525e4eed38fa75d132d6dc64699336876,"{""distance"":3,""physical_error_rate"":0.0001}","{""detection_events"":3588,""detectors_checked"":12100266}"
    229376,         0,         0,    8.29,decoder_by_matrix,beec9fd12293a9cfe53c9b61fb8ce2a525e4eed38fa75d132d6dc64699336876,"{""distance"":3,""physical_error_rate"":0.0001}","{""detection_events"":3306,""detectors_checked"":12386304}"
    224079,         0,         0,    8.17,decoder_by_matrix,beec9fd12293a9cfe53c9b61fb8ce2a525e4eed38fa75d132d6dc64699336876,"{""distance"":3,""physical_error_rate"":0.0001}","{""detection_events"":3096,""detectors_checked"":12100266}"
    224256,         0,         0,    8.20,decoder_by_matrix,beec9fd12293a9cfe53c9b61fb8ce2a525e4eed38fa75d132d6dc64699336876,"{""distance"":3,""physical_error_rate"":0.0001}","{""detection_events"":3348,""detectors_checked"":12109824}"
    224256,         0,         0,    8.16,decoder_by_matrix,beec9fd12293a9cfe53c9b61fb8ce2a525e4eed38fa75d132d6dc64699336876,"{""distance"":3,""physical_error_rate"":0.0001}","{""detection_events"":3213,""detectors_checked"":12109824}"
    227328,         0,         0,    8.34,decoder_by_matrix,beec9fd12293a9cfe53c9b61fb8ce2a525e4eed38fa75d132d6dc64699336876,"{""distance"":3,""physical_error_rate"":0.0001}","{""detection_events"":3450,""detectors_checked"":12275712}"
    224079,         0,         0,    8.26,decoder_by_matrix,beec9fd12293a9cfe53c9b61fb8ce2a525e4eed38fa75d132d6dc64699336876,"{""distance"":3,""physical_error_rate"":0.0001}","{""detection_events"":3180,""detectors_checked"":12100266}"
    224256,         0,         0,    8.37,decoder_by_matrix,beec9fd12293a9cfe53c9b61fb8ce2a525e4eed38fa75d132d6dc64699336876,"{""distance"":3,""physical_error_rate"":0.0001}","{""detection_events"":3147,""detectors_checked"":12109824}"
    224079,         0,         0,    8.15,decoder_by_matrix,beec9fd12293a9cfe53c9b61fb8ce2a525e4eed38fa75d132d6dc64699336876,"{""distance"":3,""physical_error_rate"":0.0001}","{""detection_events"":3324,""detectors_checked"":12100266}"
    209920,         0,         0,    7.74,decoder_by_matrix,beec9fd12293a9cfe53c9b61fb8ce2a525e4eed38fa75d132d6dc64699336876,"{""distance"":3,""physical_error_rate"":0.0001}","{""detection_events"":3144,""detectors_checked"":11335680}"
    204800,         0,         0,    7.79,decoder_by_matrix,beec9fd12293a9cfe53c9b61fb8ce2a525e4eed38fa75d132d6dc64699336876,"{""distance"":3,""physical_error_rate"":0.0001}","{""detection_events"":3168,""detectors_checked"":11059200}"
    223232,         0,         0,    8.18,decoder_by_matrix,beec9fd12293a9cfe53c9b61fb8ce2a525e4eed38fa75d132d6dc64699336876,"{""distance"":3,""physical_error_rate"":0.0001}","{""detection_events"":3396,""detectors_checked"":12054528}"
    218112,         0,         0,    7.76,decoder_by_matrix,beec9fd12293a9cfe53c9b61fb8ce2a525e4eed38fa75d132d6dc64699336876,"{""distance"":3,""physical_error_rate"":0.0001}","{""detection_events"":3072,""detectors_checked"":11778048}"
    203776,         0,         0,    7.66,decoder_by_matrix,beec9fd12293a9cfe53c9b61fb8ce2a525e4eed38fa75d132d6dc64699336876,"{""distance"":3,""physical_error_rate"":0.0001}","{""detection_events"":3294,""detectors_checked"":11003904}"
       847,         0,         0,   0.001,decoder_by_matrix,beec9fd12293a9cfe53c9b61fb8ce2a525e4eed38fa75d132d6dc64699336876,"{""distance"":3,""physical_error_rate"":0.0001}","{""detection_events"":24,""detectors_checked"":45738}"
    144384,         0,         0,    5.29,decoder_by_matrix,beec9fd12293a9cfe53c9b61fb8ce2a525e4eed38fa75d132d6dc64699336876,"{""distance"":3,""physical_error_rate"":0.0001}","{""detection_events"":2130,""detectors_checked"":7796736}"
    147456,         1,         0,    5.39,decoder_by_matrix,beec9fd12293a9cfe53c9b61fb8ce2a525e4eed38fa75d132d6dc64699336876,"{""distance"":3,""physical_error_rate"":0.0001}","{""detection_events"":1971,""detectors_checked"":7962624,""obs_mistake_mask=E"":1}"
    145408,         1,         0,    5.50,decoder_by_matrix,beec9fd12293a9cfe53c9b61fb8ce2a525e4eed38fa75d132d6dc64699336876,"{""distance"":3,""physical_error_rate"":0.0001}","{""detection_events"":2160,""detectors_checked"":7852032,""obs_mistake_mask=E"":1}"
    143360,         0,         0,    5.31,decoder_by_matrix,beec9fd12293a9cfe53c9b61fb8ce2a525e4eed38fa75d132d6dc64699336876,"{""distance"":3,""physical_error_rate"":0.0001}","{""detection_events"":2166,""detectors_checked"":7741440}"
    149504,         0,         0,    5.54,decoder_by_matrix,beec9fd12293a9cfe53c9b61fb8ce2a525e4eed38fa75d132d6dc64699336876,"{""distance"":3,""physical_error_rate"":0.0001}","{""detection_events"":2370,""detectors_checked"":8073216}"
    223232,         0,         0,    8.38,decoder_by_matrix,beec9fd12293a9cfe53c9b61fb8ce2a525e4eed38fa75d132d6dc64699336876,"{""distance"":3,""physical_error_rate"":0.0001}","{""detection_events"":3417,""detectors_checked"":12054528}"
    149504,         0,         0,    5.43,decoder_by_matrix,beec9fd12293a9cfe53c9b61fb8ce2a525e4eed38fa75d132d6dc64699336876,"{""distance"":3,""physical_error_rate"":0.0001}","{""detection_events"":2379,""detectors_checked"":8073216}"
    138240,         0,         0,    5.00,decoder_by_matrix,beec9fd12293a9cfe53c9b61fb8ce2a525e4eed38fa75d132d6dc64699336876,"{""distance"":3,""physical_error_rate"":0.0001}","{""detection_events"":1689,""detectors_checked"":7464960}"
    147456,         0,         0,    5.18,decoder_by_matrix,beec9fd12293a9cfe53c9b61fb8ce2a525e4eed38fa75d132d6dc64699336876,"{""distance"":3,""physical_error_rate"":0.0001}","{""detection_events"":2220,""detectors_checked"":7962624}"
    151552,         0,         0,    5.56,decoder_by_matrix,beec9fd12293a9cfe53c9b61fb8ce2a525e4eed38fa75d132d6dc64699336876,"{""distance"":3,""physical_error_rate"":0.0001}","{""detection_events"":2280,""detectors_checked"":8183808}"
    151552,         0,         0,    5.37,decoder_by_matrix,beec9fd12293a9cfe53c9b61fb8ce2a525e4eed38fa75d132d6dc64699336876,"{""distance"":3,""physical_error_rate"":0.0001}","{""detection_events"":1815,""detectors_checked"":8183808}"
    211968,         0,         0,    7.91,decoder_by_matrix,beec9fd12293a9cfe53c9b61fb8ce2a525e4eed38fa75d132d6dc64699336876,"{""distance"":3,""physical_error_rate"":0.0001}","{""detection_events"":3147,""detectors_checked"":11446272}"
     14456,         0,         0,   0.386,decoder_by_matrix,beec9fd12293a9cfe53c9b61fb8ce2a525e4eed38fa75d132d6dc64699336876,"{""distance"":3,""physical_error_rate"":0.0001}","{""detection_events"":135,""detectors_checked"":780624}"
     32466,         0,         0,    1.09,decoder_by_matrix,beec9fd12293a9cfe53c9b61fb8ce2a525e4eed38fa75d132d6dc64699336876,"{""distance"":3,""physical_error_rate"":0.0001}","{""detection_events"":405,""detectors_checked"":1753164}"
     31452,         0,         0,   0.973,decoder_by_matrix,beec9fd12293a9cfe53c9b61fb8ce2a525e4eed38fa75d132d6dc64699336876,"{""distance"":3,""physical_error_rate"":0.0001}","{""detection_events"":504,""detectors_checked"":1698408}"
     31452,         0,         0,    1.14,decoder_by_matrix,beec9fd12293a9cfe53c9b61fb8ce2a525e4eed38fa75d132d6dc64699336876,"{""distance"":3,""physical_error_rate"":0.0001}","{""detection_events"":522,""detectors_checked"":1698408}"
     31744,         1,         0,    1.17,decoder_by_matrix,beec9fd12293a9cfe53c9b61fb8ce2a525e4eed38fa75d132d6dc64699336876,"{""distance"":3,""physical_error_rate"":0.0001}","{""detection_events"":405,""detectors_checked"":1714176,""obs_mistake_mask=E"":1}"
     31452,         0,         0,    1.13,decoder_by_matrix,beec9fd12293a9cfe53c9b61fb8ce2a525e4eed38fa75d132d6dc64699336876,"{""distance"":3,""physical_error_rate"":0.0001}","{""detection_events"":513,""detectors_checked"":1698408}"
     31452,         0,         0,    1.06,decoder_by_matrix,beec9fd12293a9cfe53c9b61fb8ce2a525e4eed38fa75d132d6dc64699336876,"{""distance"":3,""physical_error_rate"":0.0001}","{""detection_events"":354,""detectors_checked"":1698408}"
     31744,         0,         0,    1.13,decoder_by_matrix,beec9fd12293a9cfe53c9b61fb8ce2a525e4eed38fa75d132d6dc64699336876,"{""distance"":3,""physical_error_rate"":0.0001}","{""detection_events"":366,""detectors_checked"":1714176}"
     31452,         0,         0,    1.06,decoder_by_matrix,beec9fd12293a9cfe53c9b61fb8ce2a525e4eed38fa75d132d6dc64699336876,"{""distance"":3,""physical_error_rate"":0.0001}","{""detection_events"":549,""detectors_checked"":1698408}"
     31452,         0,         0,   0.850,decoder_by_matrix,beec9fd12293a9cfe53c9b61fb8ce2a525e4eed38fa75d132d6dc64699336876,"{""distance"":3,""physical_error_rate"":0.0001}","{""detection_events"":447,""detectors_checked"":1698408}"
     31452,         0,         0,   0.998,decoder_by_matrix,beec9fd12293a9cfe53c9b61fb8ce2a525e4eed38fa75d132d6dc64699336876,"{""distance"":3,""physical_error_rate"":0.0001}","{""detection_events"":462,""detectors_checked"":1698408}"
      1736,         0,         0,   0.002,decoder_by_matrix,beec9fd12293a9cfe53c9b61fb8ce2a525e4eed38fa75d132d6dc64699336876,"{""distance"":3,""physical_error_rate"":0.0001}","{""detection_events"":57,""detectors_checked"":93744}"
     31452,         0,         0,    1.00,decoder_by_matrix,beec9fd12293a9cfe53c9b61fb8ce2a525e4eed38fa75d132d6dc64699336876,"{""distance"":3,""physical_error_rate"":0.0001}","{""detection_events"":543,""detectors_checked"":1698408}"
      2028,         0,         0,   0.003,decoder_by_matrix,beec9fd12293a9cfe53c9b61fb8ce2a525e4eed38fa75d132d6dc64699336876,"{""distance"":3,""physical_error_rate"":0.0001}","{""detection_events"":39,""detectors_checked"":109512}"
     31452,         0,         0,   0.873,decoder_by_matrix,beec9fd12293a9cfe53c9b61fb8ce2a525e4eed38fa75d132d6dc64699336876,"{""distance"":3,""physical_error_rate"":0.0001}","{""detection_events"":450,""detectors_checked"":1698408}"
     32466,         0,         0,    1.18,decoder_by_matrix,beec9fd12293a9cfe53c9b61fb8ce2a525e4eed38fa75d132d6dc64699336876,"{""distance"":3,""physical_error_rate"":0.0001}","{""detection_events"":504,""detectors_checked"":1753164}"
     30469,         0,         0,    1.01,decoder_by_matrix,beec9fd12293a9cfe53c9b61fb8ce2a525e4eed38fa75d132d6dc64699336876,"{""distance"":3,""physical_error_rate"":0.0001}","{""detection_events"":435,""detectors_checked"":1645326}"
      2028,         0,         0,   0.003,decoder_by_matrix,beec9fd12293a9cfe53c9b61fb8ce2a525e4eed38fa75d132d6dc64699336876,"{""distance"":3,""physical_error_rate"":0.0001}","{""detection_events"":30,""detectors_checked"":109512}"
     30469,         0,         0,    1.13,decoder_by_matrix,beec9fd12293a9cfe53c9b61fb8ce2a525e4eed38fa75d132d6dc64699336876,"{""distance"":3,""physical_error_rate"":0.0001}","{""detection_events"":492,""detectors_checked"":1645326}"
      1014,         0,         0,   0.001,decoder_by_matrix,beec9fd12293a9cfe53c9b61fb8ce2a525e4eed38fa75d132d6dc64699336876,"{""distance"":3,""physical_error_rate"":0.0001}","{""detection_events"":12,""detectors_checked"":54756}"
     30720,         0,         0,    1.13,decoder_by_matrix,beec9fd12293a9cfe53c9b61fb8ce2a525e4eed38fa75d132d6dc64699336876,"{""distance"":3,""physical_error_rate"":0.0001}","{""detection_events"":471,""detectors_checked"":1658880}"
      2028,         0,         0,   0.003,decoder_by_matrix,beec9fd12293a9cfe53c9b61fb8ce2a525e4eed38fa75d132d6dc64699336876,"{""distance"":3,""physical_error_rate"":0.0001}","{""detection_events"":27,""detectors_checked"":109512}"
     29486,         0,         0,    1.01,decoder_by_matrix,beec9fd12293a9cfe53c9b61fb8ce2a525e4eed38fa75d132d6dc64699336876,"{""distance"":3,""physical_error_rate"":0.0001}","{""detection_events"":489,""detectors_checked"":1592244}"
      1014,         0,         0,   0.001,decoder_by_matrix,beec9fd12293a9cfe53c9b61fb8ce2a525e4eed38fa75d132d6dc64699336876,"{""distance"":3,""physical_error_rate"":0.0001}","{""detection_events"":24,""detectors_checked"":54756}"
     30720,         0,         0,    1.16,decoder_by_matrix,beec9fd12293a9cfe53c9b61fb8ce2a525e4eed38fa75d132d6dc64699336876,"{""distance"":3,""physical_error_rate"":0.0001}","{""detection_events"":483,""detectors_checked"":1658880}"
     29696,         0,         0,    1.01,decoder_by_matrix,beec9fd12293a9cfe53c9b61fb8ce2a525e4eed38fa75d132d6dc64699336876,"{""distance"":3,""physical_error_rate"":0.0001}","{""detection_events"":552,""detectors_checked"":1603584}"
     30469,         0,         0,    1.15,decoder_by_matrix,beec9fd12293a9cfe53c9b61fb8ce2a525e4eed38fa75d132d6dc64699336876,"{""distance"":3,""physical_error_rate"":0.0001}","{""detection_events"":447,""detectors_checked"":1645326}"
     29696,         0,         0,   0.934,decoder_by_matrix,beec9fd12293a9cfe53c9b61fb8ce2a525e4eed38fa75d132d6dc64699336876,"{""distance"":3,""physical_error_rate"":0.0001}","{""detection_events"":408,""detectors_checked"":1603584}"
     28672,         0,         0,    1.13,decoder_by_matrix,beec9fd12293a9cfe53c9b61fb8ce2a525e4eed38fa75d132d6dc64699336876,"{""distance"":3,""physical_error_rate"":0.0001}","{""detection_events"":405,""detectors_checked"":1548288}"
     29486,         0,         0,    1.12,decoder_by_matrix,beec9fd12293a9cfe53c9b61fb8ce2a525e4eed38fa75d132d6dc64699336876,"{""distance"":3,""physical_error_rate"":0.0001}","{""detection_events"":435,""detectors_checked"":1592244}"
      7098,         0,         0,   0.102,decoder_by_matrix,beec9fd12293a9cfe53c9b61fb8ce2a525e4eed38fa75d132d6dc64699336876,"{""distance"":3,""physical_error_rate"":0.0001}","{""detection_events"":48,""detectors_checked"":383292}"
     28672,         0,         0,    1.06,decoder_by_matrix,beec9fd12293a9cfe53c9b61fb8ce2a525e4eed38fa75d132d6dc64699336876,"{""distance"":3,""physical_error_rate"":0.0001}","{""detection_events"":447,""detectors_checked"":1548288}"
      1736,         0,         0,   0.001,decoder_by_matrix,beec9fd12293a9cfe53c9b61fb8ce2a525e4eed38fa75d132d6dc64699336876,"{""distance"":3,""physical_error_rate"":0.0001}","{""detection_events"":12,""detectors_checked"":93744}"
     30720,         0,         0,    1.12,decoder_by_matrix,beec9fd12293a9cfe53c9b61fb8ce2a525e4eed38fa75d132d6dc64699336876,"{""distance"":3,""physical_error_rate"":0.0001}","{""detection_events"":456,""detectors_checked"":1658880}"
     28672,         0,         0,    1.05,decoder_by_matrix,beec9fd12293a9cfe53c9b61fb8ce2a525e4eed38fa75d132d6dc64699336876,"{""distance"":3,""physical_error_rate"":0.0001}","{""detection_events"":402,""detectors_checked"":1548288}"
      1966,         0,         0,   0.003,decoder_by_matrix,beec9fd12293a9cfe53c9b61fb8ce2a525e4eed38fa75d132d6dc64699336876,"{""distance"":3,""physical_error_rate"":0.0001}","{""detection_events"":60,""detectors_checked"":106164}"
      1966,         0,         0,   0.002,decoder_by_matrix,beec9fd12293a9cfe53c9b61fb8ce2a525e4eed38fa75d132d6dc64699336876,"{""distance"":3,""physical_error_rate"":0.0001}","{""detection_events"":12,""detectors_checked"":106164}"
      1014,         0,         0,   0.001,decoder_by_matrix,beec9fd12293a9cfe53c9b61fb8ce2a525e4eed38fa75d132d6dc64699336876,"{""distance"":3,""physical_error_rate"":0.0001}","{""detection_events"":3,""detectors_checked"":54756}"
      1756,         0,         0,   0.002,decoder_by_matrix,beec9fd12293a9cfe53c9b61fb8ce2a525e4eed38fa75d132d6dc64699336876,"{""distance"":3,""physical_error_rate"":0.0001}","{""detection_events"":24,""detectors_checked"":94824}"
      2780,         0,         0,   0.003,decoder_by_matrix,beec9fd12293a9cfe53c9b61fb8ce2a525e4eed38fa75d132d6dc64699336876,"{""distance"":3,""physical_error_rate"":0.0001}","{""detection_events"":54,""detectors_checked"":150120}"
      1966,         0,         0,   0.002,decoder_by_matrix,beec9fd12293a9cfe53c9b61fb8ce2a525e4eed38fa75d132d6dc64699336876,"{""distance"":3,""physical_error_rate"":0.0001}","{""detection_events"":21,""detectors_checked"":106164}"
      1966,         0,         0,   0.003,decoder_by_matrix,beec9fd12293a9cfe53c9b61fb8ce2a525e4eed38fa75d132d6dc64699336876,"{""distance"":3,""physical_error_rate"":0.0001}","{""detection_events"":45,""detectors_checked"":106164}"
       983,         0,         0,   0.001,decoder_by_matrix,beec9fd12293a9cfe53c9b61fb8ce2a525e4eed38fa75d132d6dc64699336876,"{""distance"":3,""physical_error_rate"":0.0001}","{""detection_events"":12,""detectors_checked"":53082}"
       983,         0,         0,   0.001,decoder_by_matrix,beec9fd12293a9cfe53c9b61fb8ce2a525e4eed38fa75d132d6dc64699336876,"{""distance"":3,""physical_error_rate"":0.0001}","{""detection_events"":3,""detectors_checked"":53082}"
      1756,         0,         0,   0.001,decoder_by_matrix,beec9fd12293a9cfe53c9b61fb8ce2a525e4eed38fa75d132d6dc64699336876,"{""distance"":3,""physical_error_rate"":0.0001}","{""detection_events"":24,""detectors_checked"":94824}"
       732,         0,         0,   0.001,decoder_by_matrix,beec9fd12293a9cfe53c9b61fb8ce2a525e4eed38fa75d132d6dc64699336876,"{""distance"":3,""physical_error_rate"":0.0001}","{""detection_events"":12,""detectors_checked"":39528}"
      2780,         0,         0,   0.003,decoder_by_matrix,beec9fd12293a9cfe53c9b61fb8ce2a525e4eed38fa75d132d6dc64699336876,"{""distance"":3,""physical_error_rate"":0.0001}","{""detection_events"":18,""detectors_checked"":150120}"
      2780,         0,         0,   0.004,decoder_by_matrix,beec9fd12293a9cfe53c9b61fb8ce2a525e4eed38fa75d132d6dc64699336876,"{""distance"":3,""physical_error_rate"":0.0001}","{""detection_events"":33,""detectors_checked"":150120}"
       983,         0,         0,   0.001,decoder_by_matrix,beec9fd12293a9cfe53c9b61fb8ce2a525e4eed38fa75d132d6dc64699336876,"{""distance"":3,""physical_error_rate"":0.0001}","{""detection_events"":27,""detectors_checked"":53082}"
      2028,         0,         0,   0.002,decoder_by_matrix,beec9fd12293a9cfe53c9b61fb8ce2a525e4eed38fa75d132d6dc64699336876,"{""distance"":3,""physical_error_rate"":0.0001}","{""detection_events"":21,""detectors_checked"":109512}"
      1014,         0,         0,   0.001,decoder_by_matrix,beec9fd12293a9cfe53c9b61fb8ce2a525e4eed38fa75d132d6dc64699336876,"{""distance"":3,""physical_error_rate"":0.0001}","{""detection_events"":12,""detectors_checked"":54756}"
     19456,         0,         0,   0.626,decoder_by_matrix,beec9fd12293a9cfe53c9b61fb8ce2a525e4eed38fa75d132d6dc64699336876,"{""distance"":3,""physical_error_rate"":0.0001}","{""detection_events"":243,""detectors_checked"":1050624}"
     29486,         0,         0,   0.940,decoder_by_matrix,beec9fd12293a9cfe53c9b61fb8ce2a525e4eed38fa75d132d6dc64699336876,"{""distance"":3,""physical_error_rate"":0.0001}","{""detection_events"":495,""detectors_checked"":1592244}"
       732,         0,         0,   0.000,decoder_by_matrix,beec9fd12293a9cfe53c9b61fb8ce2a525e4eed38fa75d132d6dc64699336876,"{""distance"":3,""physical_error_rate"":0.0001}","{""detectors_checked"":39528}"
      1966,         0,         0,   0.003,decoder_by_matrix,beec9fd12293a9cfe53c9b61fb8ce2a525e4eed38fa75d132d6dc64699336876,"{""distance"":3,""physical_error_rate"":0.0001}","{""detection_events"":36,""detectors_checked"":106164}"
     29696,         0,         0,   0.960,decoder_by_matrix,beec9fd12293a9cfe53c9b61fb8ce2a525e4eed38fa75d132d6dc64699336876,"{""distance"":3,""physical_error_rate"":0.0001}","{""detection_events"":411,""detectors_checked"":1603584}"
     29696,         0,         0,    1.09,decoder_by_matrix,beec9fd12293a9cfe53c9b61fb8ce2a525e4eed38fa75d132d6dc64699336876,"{""distance"":3,""physical_error_rate"":0.0001}","{""detection_events"":525,""detectors_checked"":1603584}"
       732,         0,         0,   0.001,decoder_by_matrix,beec9fd12293a9cfe53c9b61fb8ce2a525e4eed38fa75d132d6dc64699336876,"{""distance"":3,""physical_error_rate"":0.0001}","{""detection_events"":9,""detectors_checked"":39528}"
       857,         0,         0,   0.001,decoder_by_matrix,beec9fd12293a9cfe53c9b61fb8ce2a525e4eed38fa75d132d6dc64699336876,"{""distance"":3,""physical_error_rate"":0.0001}","{""detection_events"":3,""detectors_checked"":46278}"
     29486,         0,         0,   0.925,decoder_by_matrix,beec9fd12293a9cfe53c9b61fb8ce2a525e4eed38fa75d132d6dc64699336876,"{""distance"":3,""physical_error_rate"":0.0001}","{""detection_events"":456,""detectors_checked"":1592244}"
     29486,         0,         0,    1.07,decoder_by_matrix,beec9fd12293a9cfe53c9b61fb8ce2a525e4eed38fa75d132d6dc64699336876,"{""distance"":3,""physical_error_rate"":0.0001}","{""detection_events"":447,""detectors_checked"":1592244}"
       983,         0,         0,   0.001,decoder_by_matrix,beec9fd12293a9cfe53c9b61fb8ce2a525e4eed38fa75d132d6dc64699336876,"{""distance"":3,""physical_error_rate"":0.0001}","{""detection_events"":12,""detectors_checked"":53082}"
      6900,         0,         0,   0.109,decoder_by_matrix,beec9fd12293a9cfe53c9b61fb8ce2a525e4eed38fa75d132d6dc64699336876,"{""distance"":3,""physical_error_rate"":0.0001}","{""detection_events"":105,""detectors_checked"":372600}"
       433,         0,         0,   0.000,decoder_by_matrix,beec9fd12293a9cfe53c9b61fb8ce2a525e4eed38fa75d132d6dc64699336876,"{""distance"":3,""physical_error_rate"":0.0001}","{""detectors_checked"":23382}"
       185,         0,         0,   0.000,decoder_by_matrix,beec9fd12293a9cfe53c9b61fb8ce2a525e4eed38fa75d132d6dc64699336876,"{""distance"":3,""physical_error_rate"":0.0001}","{""detectors_checked"":9990}"
      4096,         0,         0,   0.011,decoder_by_matrix,beec9fd12293a9cfe53c9b61fb8ce2a525e4eed38fa75d132d6dc64699336876,"{""distance"":3,""physical_error_rate"":0.0001}","{""detection_events"":63,""detectors_checked"":221184}"
       286,         0,         0,   0.000,decoder_by_matrix,beec9fd12293a9cfe53c9b61fb8ce2a525e4eed38fa75d132d6dc64699336876,"{""distance"":3,""physical_error_rate"":0.0001}","{""detectors_checked"":15444}"
       277,         0,         0,   0.000,decoder_by_matrix,beec9fd12293a9cfe53c9b61fb8ce2a525e4eed38fa75d132d6dc64699336876,"{""distance"":3,""physical_error_rate"":0.0001}","{""detectors_checked"":14958}"
       268,         0,         0,   0.000,decoder_by_matrix,beec9fd12293a9cfe53c9b61fb8ce2a525e4eed38fa75d132d6dc64699336876,"{""distance"":3,""physical_error_rate"":0.0001}","{""detectors_checked"":14472}"
       268,         0,         0,   0.000,decoder_by_matrix,beec9fd12293a9cfe53c9b61fb8ce2a525e4eed38fa75d132d6dc64699336876,"{""distance"":3,""physical_error_rate"":0.0001}","{""detectors_checked"":14472}"
       260,         0,         0,   0.000,decoder_by_matrix,beec9fd12293a9cfe53c9b61fb8ce2a525e4eed38fa75d132d6dc64699336876,"{""distance"":3,""physical_error_rate"":0.0001}","{""detection_events"":3,""detectors_checked"":14040}"
       144,         0,         0,   0.000,decoder_by_matrix,beec9fd12293a9cfe53c9b61fb8ce2a525e4eed38fa75d132d6dc64699336876,"{""distance"":3,""physical_error_rate"":0.0001}","{""detectors_checked"":7776}"
       268,         0,         0,   0.000,decoder_by_matrix,beec9fd12293a9cfe53c9b61fb8ce2a525e4eed38fa75d132d6dc64699336876,"{""distance"":3,""physical_error_rate"":0.0001}","{""detection_events"":6,""detectors_checked"":14472}"
        30,         0,         0,   0.000,decoder_by_matrix,beec9fd12293a9cfe53c9b61fb8ce2a525e4eed38fa75d132d6dc64699336876,"{""distance"":3,""physical_error_rate"":0.0001}","{""detectors_checked"":1620}"
      1601,         0,         0,   0.001,decoder_by_matrix,beec9fd12293a9cfe53c9b61fb8ce2a525e4eed38fa75d132d6dc64699336876,"{""distance"":3,""physical_error_rate"":0.0001}","{""detection_events"":18,""detectors_checked"":86454}"
       268,         0,         0,   0.000,decoder_by_matrix,beec9fd12293a9cfe53c9b61fb8ce2a525e4eed38fa75d132d6dc64699336876,"{""distance"":3,""physical_error_rate"":0.0001}","{""detectors_checked"":14472}"
       268,         0,         0,   0.000,decoder_by_matrix,beec9fd12293a9cfe53c9b61fb8ce2a525e4eed38fa75d132d6dc64699336876,"{""distance"":3,""physical_error_rate"":0.0001}","{""detectors_checked"":14472}"
       171,         0,         0,   0.000,decoder_by_matrix,beec9fd12293a9cfe53c9b61fb8ce2a525e4eed38fa75d132d6dc64699336876,"{""distance"":3,""physical_error_rate"":0.0001}","{""detection_events"":9,""detectors_checked"":9234}"
       268,         0,         0,   0.000,decoder_by_matrix,beec9fd12293a9cfe53c9b61fb8ce2a525e4eed38fa75d132d6dc64699336876,"{""distance"":3,""physical_error_rate"":0.0001}","{""detectors_checked"":14472}"
       268,         0,         0,   0.000,decoder_by_matrix,beec9fd12293a9cfe53c9b61fb8ce2a525e4eed38fa75d132d6dc64699336876,"{""distance"":3,""physical_error_rate"":0.0001}","{""detectors_checked"":14472}"
        81,         0,         0,   0.000,decoder_by_matrix,beec9fd12293a9cfe53c9b61fb8ce2a525e4eed38fa75d132d6dc64699336876,"{""distance"":3,""physical_error_rate"":0.0001}","{""detectors_checked"":4374}"
       268,         0,         0,   0.000,decoder_by_matrix,beec9fd12293a9cfe53c9b61fb8ce2a525e4eed38fa75d132d6dc64699336876,"{""distance"":3,""physical_error_rate"":0.0001}","{""detectors_checked"":14472}"
       268,         0,         0,   0.000,decoder_by_matrix,beec9fd12293a9cfe53c9b61fb8ce2a525e4eed38fa75d132d6dc64699336876,"{""distance"":3,""physical_error_rate"":0.0001}","{""detectors_checked"":14472}"
        93,         0,         0,   0.000,decoder_by_matrix,beec9fd12293a9cfe53c9b61fb8ce2a525e4eed38fa75d132d6dc64699336876,"{""distance"":3,""physical_error_rate"":0.0001}","{""detectors_checked"":5022}"
         9,         0,         0,   0.000,decoder_by_matrix,beec9fd12293a9cfe53c9b61fb8ce2a525e4eed38fa75d132d6dc64699336876,"{""distance"":3,""physical_error_rate"":0.0001}","{""detectors_checked"":486}"
         8,         0,         0,   0.000,decoder_by_matrix,beec9fd12293a9cfe53c9b61fb8ce2a525e4eed38fa75d132d6dc64699336876,"{""distance"":3,""physical_error_rate"":0.0001}","{""detectors_checked"":432}"
       268,         0,         0,   0.000,decoder_by_matrix,beec9fd12293a9cfe53c9b61fb8ce2a525e4eed38fa75d132d6dc64699336876,"{""distance"":3,""physical_error_rate"":0.0001}","{""detectors_checked"":14472}"
         9,         0,         0,   0.000,decoder_by_matrix,beec9fd12293a9cfe53c9b61fb8ce2a525e4eed38fa75d132d6dc64699336876,"{""distance"":3,""physical_error_rate"":0.0001}","{""detectors_checked"":486}"
       268,         0,         0,   0.000,decoder_by_matrix,beec9fd12293a9cfe53c9b61fb8ce2a525e4eed38fa75d132d6dc64699336876,"{""distance"":3,""physical_error_rate"":0.0001}","{""detectors_checked"":14472}"
         9,         0,         0,   0.000,decoder_by_matrix,beec9fd12293a9cfe53c9b61fb8ce2a525e4eed38fa75d132d6dc64699336876,"{""distance"":3,""physical_error_rate"":0.0001}","{""detectors_checked"":486}"
       149,         0,         0,   0.000,decoder_by_matrix,beec9fd12293a9cfe53c9b61fb8ce2a525e4eed38fa75d132d6dc64699336876,"{""distance"":3,""physical_error_rate"":0.0001}","{""detectors_checked"":8046}"
       277,         0,         0,   0.000,decoder_by_matrix,beec9fd12293a9cfe53c9b61fb8ce2a525e4eed38fa75d132d6dc64699336876,"{""distance"":3,""physical_error_rate"":0.0001}","{""detectors_checked"":14958}"
       180,         0,         0,   0.000,decoder_by_matrix,beec9fd12293a9cfe53c9b61fb8ce2a525e4eed38fa75d132d6dc64699336876,"{""distance"":3,""physical_error_rate"":0.0001}","{""detectors_checked"":9720}"
       277,         0,         0,   0.000,decoder_by_matrix,beec9fd12293a9cfe53c9b61fb8ce2a525e4eed38fa75d132d6dc64699336876,"{""distance"":3,""physical_error_rate"":0.0001}","{""detection_events"":6,""detectors_checked"":14958}"
         9,         0,         0,   0.000,decoder_by_matrix,beec9fd12293a9cfe53c9b61fb8ce2a525e4eed38fa75d132d6dc64699336876,"{""distance"":3,""physical_error_rate"":0.0001}","{""detectors_checked"":486}"
         4,         0,         0,   0.000,decoder_by_matrix,beec9fd12293a9cfe53c9b61fb8ce2a525e4eed38fa75d132d6dc64699336876,"{""distance"":3,""physical_error_rate"":0.0001}","{""detectors_checked"":216}"
       268,         0,         0,   0.000,decoder_by_matrix,beec9fd12293a9cfe53c9b61fb8ce2a525e4eed38fa75d132d6dc64699336876,"{""distance"":3,""physical_error_rate"":0.0001}","{""detectors_checked"":14472}"
         9,         0,         0,   0.000,decoder_by_matrix,beec9fd12293a9cfe53c9b61fb8ce2a525e4eed38fa75d132d6dc64699336876,"{""distance"":3,""physical_error_rate"":0.0001}","{""detectors_checked"":486}"
         9,         0,         0,   0.000,decoder_by_matrix,beec9fd12293a9cfe53c9b61fb8ce2a525e4eed38fa75d132d6dc64699336876,"{""distance"":3,""physical_error_rate"":0.0001}","{""detectors_checked"":486}"
         9,         0,         0,   0.000,decoder_by_matrix,beec9fd12293a9cfe53c9b61fb8ce2a525e4eed38fa75d132d6dc64699336876,"{""distance"":3,""physical_error_rate"":0.0001}","{""detectors_checked"":486}"
       277,         0,         0,   0.000,decoder_by_matrix,beec9fd12293a9cfe53c9b61fb8ce2a525e4eed38fa75d132d6dc64699336876,"{""distance"":3,""physical_error_rate"":0.0001}","{""detection_events"":9,""detectors_checked"":14958}"
       277,         0,         0,   0.000,decoder_by_matrix,beec9fd12293a9cfe53c9b61fb8ce2a525e4eed38fa75d132d6dc64699336876,"{""distance"":3,""physical_error_rate"":0.0001}","{""detection_events"":9,""detectors_checked"":14958}"
         9,         0,         0,   0.000,decoder_by_matrix,beec9fd12293a9cfe53c9b61fb8ce2a525e4eed38fa75d132d6dc64699336876,"{""distance"":3,""physical_error_rate"":0.0001}","{""detectors_checked"":486}"
         9,         0,         0,   0.000,decoder_by_matrix,beec9fd12293a9cfe53c9b61fb8ce2a525e4eed38fa75d132d6dc64699336876,"{""distance"":3,""physical_error_rate"":0.0001}","{""detectors_checked"":486}"
         9,         0,         0,   0.000,decoder_by_matrix,beec9fd12293a9cfe53c9b61fb8ce2a525e4eed38fa75d132d6dc64699336876,"{""distance"":3,""physical_error_rate"":0.0001}","{""detectors_checked"":486}"
       268,         0,         0,   0.000,decoder_by_matrix,beec9fd12293a9cfe53c9b61fb8ce2a525e4eed38fa75d132d6dc64699336876,"{""distance"":3,""physical_error_rate"":0.0001}","{""detectors_checked"":14472}"
       268,         0,         0,   0.000,decoder_by_matrix,beec9fd12293a9cfe53c9b61fb8ce2a525e4eed38fa75d132d6dc64699336876,"{""distance"":3,""physical_error_rate"":0.0001}","{""detectors_checked"":14472}"
         6,         0,         0,   0.000,decoder_by_matrix,beec9fd12293a9cfe53c9b61fb8ce2a525e4eed38fa75d132d6dc64699336876,"{""distance"":3,""physical_error_rate"":0.0001}","{""detectors_checked"":324}"
       268,         0,         0,   0.000,decoder_by_matrix,beec9fd12293a9cfe53c9b61fb8ce2a525e4eed38fa75d132d6dc64699336876,"{""distance"":3,""physical_error_rate"":0.0001}","{""detectors_checked"":14472}"
       268,         0,         0,   0.000,decoder_by_matrix,beec9fd12293a9cfe53c9b61fb8ce2a525e4eed38fa75d132d6dc64699336876,"{""distance"":3,""physical_error_rate"":0.0001}","{""detectors_checked"":14472}"
        14,         0,         0,   0.000,decoder_by_matrix,beec9fd12293a9cfe53c9b61fb8ce2a525e4eed38fa75d132d6dc64699336876,"{""distance"":3,""physical_error_rate"":0.0001}","{""detectors_checked"":756}"
         9,         0,         0,   0.000,decoder_by_matrix,beec9fd12293a9cfe53c9b61fb8ce2a525e4eed38fa75d132d6dc64699336876,"{""distance"":3,""physical_error_rate"":0.0001}","{""detectors_checked"":486}"
         9,         0,         0,   0.000,decoder_by_matrix,beec9fd12293a9cfe53c9b61fb8ce2a525e4eed38fa75d132d6dc64699336876,"{""distance"":3,""physical_error_rate"":0.0001}","{""detectors_checked"":486}"
       268,         0,         0,   0.000,decoder_by_matrix,beec9fd12293a9cfe53c9b61fb8ce2a525e4eed38fa75d132d6dc64699336876,"{""distance"":3,""physical_error_rate"":0.0001}","{""detectors_checked"":14472}"
         2,         0,         0,   0.000,decoder_by_matrix,beec9fd12293a9cfe53c9b61fb8ce2a525e4eed38fa75d132d6dc64699336876,"{""distance"":3,""physical_error_rate"":0.0001}","{""detectors_checked"":108}"
         9,         0,         0,   0.000,decoder_by_matrix,beec9fd12293a9cfe53c9b61fb8ce2a525e4eed38fa75d132d6dc64699336876,"{""distance"":3,""physical_error_rate"":0.0001}","{""detectors_checked"":486}"
         9,         0,         0,   0.000,decoder_by_matrix,beec9fd12293a9cfe53c9b61fb8ce2a525e4eed38fa75d132d6dc64699336876,"{""distance"":3,""physical_error_rate"":0.0001}","{""detectors_checked"":486}"
         2,         0,         0,   0.000,decoder_by_matrix,beec9fd12293a9cfe53c9b61fb8ce2a525e4eed38fa75d132d6dc64699336876,"{""distance"":3,""physical_error_rate"":0.0001}","{""detectors_checked"":108}"
         2,         0,         0,   0.000,decoder_by_matrix,beec9fd12293a9cfe53c9b61fb8ce2a525e4eed38fa75d132d6dc64699336876,"{""distance"":3,""physical_error_rate"":0.0001}","{""detectors_checked"":108}"
         2,         0,         0,   0.000,decoder_by_matrix,beec9fd12293a9cfe53c9b61fb8ce2a525e4eed38fa75d132d6dc64699336876,"{""distance"":3,""physical_error_rate"":0.0001}","{""detectors_checked"":108}"
         2,         0,         0,   0.000,decoder_by_matrix,beec9fd12293a9cfe53c9b61fb8ce2a525e4eed38fa75d132d6dc64699336876,"{""distance"":3,""physical_error_rate"":0.0001}","{""detectors_checked"":108}"
         2,         0,         0,   0.000,decoder_by_matrix,beec9fd12293a9cfe53c9b61fb8ce2a525e4eed38fa75d132d6dc64699336876,"{""distance"":3,""physical_error_rate"":0.0001}","{""detectors_checked"":108}"
         2,         0,         0,   0.000,decoder_by_matrix,beec9fd12293a9cfe53c9b61fb8ce2a525e4eed38fa75d132d6dc64699336876,"{""distance"":3,""physical_error_rate"":0.0001}","{""detectors_checked"":108}"
         1,         0,         0,   0.000,decoder_by_matrix,beec9fd12293a9cfe53c9b61fb8ce2a525e4eed38fa75d132d6dc64699336876,"{""distance"":3,""physical_error_rate"":0.0001}","{""detectors_checked"":54}"
         2,         0,         0,   0.000,decoder_by_matrix,beec9fd12293a9cfe53c9b61fb8ce2a525e4eed38fa75d132d6dc64699336876,"{""distance"":3,""physical_error_rate"":0.0001}","{""detectors_checked"":108}"
         2,         0,         0,   0.000,decoder_by_matrix,beec9fd12293a9cfe53c9b61fb8ce2a525e4eed38fa75d132d6dc64699336876,"{""distance"":3,""physical_error_rate"":0.0001}","{""detectors_checked"":108}"
         1,         0,         0,   0.000,decoder_by_matrix,beec9fd12293a9cfe53c9b61fb8ce2a525e4eed38fa75d132d6dc64699336876,"{""distance"":3,""physical_error_rate"":0.0001}","{""detectors_checked"":54}"
         1,         0,         0,   0.000,decoder_by_matrix,beec9fd12293a9cfe53c9b61fb8ce2a525e4eed38fa75d132d6dc64699336876,"{""distance"":3,""physical_error_rate"":0.0001}","{""detectors_checked"":54}"
         2,         0,         0,   0.000,decoder_by_matrix,beec9fd12293a9cfe53c9b61fb8ce2a525e4eed38fa75d132d6dc64699336876,"{""distance"":3,""physical_error_rate"":0.0001}","{""detectors_checked"":108}"
         1,         0,         0,   0.000,decoder_by_matrix,beec9fd12293a9cfe53c9b61fb8ce2a525e4eed38fa75d132d6dc64699336876,"{""distance"":3,""physical_error_rate"":0.0001}","{""detectors_checked"":54}"
         2,         0,         0,   0.000,decoder_by_matrix,beec9fd12293a9cfe53c9b61fb8ce2a525e4eed38fa75d132d6dc64699336876,"{""distance"":3,""physical_error_rate"":0.0001}","{""detectors_checked"":108}"
         1,         0,         0,   0.000,decoder_by_matrix,beec9fd12293a9cfe53c9b61fb8ce2a525e4eed38fa75d132d6dc64699336876,"{""distance"":3,""physical_error_rate"":0.0001}","{""detectors_checked"":54}"
         2,         0,         0,   0.000,decoder_by_matrix,beec9fd12293a9cfe53c9b61fb8ce2a525e4eed38fa75d132d6dc64699336876,"{""distance"":3,""physical_error_rate"":0.0001}","{""detectors_checked"":108}"
         2,         0,         0,   0.000,decoder_by_matrix,beec9fd12293a9cfe53c9b61fb8ce2a525e4eed38fa75d132d6dc64699336876,"{""distance"":3,""physical_error_rate"":0.0001}","{""detectors_checked"":108}"
         1,         0,         0,   0.000,decoder_by_matrix,beec9fd12293a9cfe53c9b61fb8ce2a525e4eed38fa75d132d6dc64699336876,"{""distance"":3,""physical_error_rate"":0.0001}","{""detectors_checked"":54}"
         1,         0,         0,   0.000,decoder_by_matrix,beec9fd12293a9cfe53c9b61fb8ce2a525e4eed38fa75d132d6dc64699336876,"{""distance"":3,""physical_error_rate"":0.0001}","{""detectors_checked"":54}"
         1,         0,         0,   0.000,decoder_by_matrix,beec9fd12293a9cfe53c9b61fb8ce2a525e4eed38fa75d132d6dc64699336876,"{""distance"":3,""physical_error_rate"":0.0001}","{""detectors_checked"":54}"
         1,         0,         0,   0.000,decoder_by_matrix,beec9fd12293a9cfe53c9b61fb8ce2a525e4eed38fa75d132d6dc64699336876,"{""distance"":3,""physical_error_rate"":0.0001}","{""detectors_checked"":54}"
         1,         0,         0,   0.000,decoder_by_matrix,beec9fd12293a9cfe53c9b61fb8ce2a525e4eed38fa75d132d6dc64699336876,"{""distance"":3,""physical_error_rate"":0.0001}","{""detectors_checked"":54}"
         1,         0,         0,   0.000,decoder_by_matrix,beec9fd12293a9cfe53c9b61fb8ce2a525e4eed38fa75d132d6dc64699336876,"{""distance"":3,""physical_error_rate"":0.0001}","{""detectors_checked"":54}"
         1,         0,         0,   0.000,decoder_by_matrix,beec9fd12293a9cfe53c9b61fb8ce2a525e4eed38fa75d132d6dc64699336876,"{""distance"":3,""physical_error_rate"":0.0001}","{""detectors_checked"":54}"
         1,         0,         0,   0.000,decoder_by_matrix,beec9fd12293a9cfe53c9b61fb8ce2a525e4eed38fa75d132d6dc64699336876,"{""distance"":3,""physical_error_rate"":0.0001}","{""detectors_checked"":54}"
         1,         0,         0,   0.000,decoder_by_matrix,beec9fd12293a9cfe53c9b61fb8ce2a525e4eed38fa75d132d6dc64699336876,"{""distance"":3,""physical_error_rate"":0.0001}","{""detectors_checked"":54}"
         1,         0,         0,   0.000,decoder_by_matrix,beec9fd12293a9cfe53c9b61fb8ce2a525e4eed38fa75d132d6dc64699336876,"{""distance"":3,""physical_error_rate"":0.0001}","{""detectors_checked"":54}"
         1,         0,         0,   0.000,decoder_by_matrix,beec9fd12293a9cfe53c9b61fb8ce2a525e4eed38fa75d132d6dc64699336876,"{""distance"":3,""physical_error_rate"":0.0001}","{""detectors_checked"":54}"
         1,         0,         0,   0.000,decoder_by_matrix,beec9fd12293a9cfe53c9b61fb8ce2a525e4eed38fa75d132d6dc64699336876,"{""distance"":3,""physical_error_rate"":0.0001}","{""detectors_checked"":54}"
         1,         0,         0,   0.000,decoder_by_matrix,beec9fd12293a9cfe53c9b61fb8ce2a525e4eed38fa75d132d6dc64699336876,"{""distance"":3,""physical_error_rate"":0.0001}","{""detectors_checked"":54}"
         1,         0,         0,   0.000,decoder_by_matrix,beec9fd12293a9cfe53c9b61fb8ce2a525e4eed38fa75d132d6dc64699336876,"{""distance"":3,""physical_error_rate"":0.0001}","{""detectors_checked"":54}"
